model_id,original_style,style_target,retrieval_method,alpha,original_message,paraphrased_message,is_human_eval,sample_index,sample_seed,run_seed,retrieved_exemplars,retrieval_fallback,n_exemplars,prompt_chars,output_tokens,eos_reached,output_chars,style_strength_calibrated,style_predicted,style_accuracy,content_preservation,content_preservation_LaBSE,fluency_ppl,ppl_degenerate,replication_rate_8
google/gemma-3-4b-it,formal,informal,hybrid_early,0.7,"halo , selamat malam . mau konfirmasi bisa tidak kita melakukan pembatalan pesanan tanpa power merchant - nya harus dicabut . karena ini kebetulan saya ( konsumen ) yang membatalkan .","kak, mau cancel pesanan nih. bisa gak ya cancel tanpa power merchant dicabut? soalnya ini kebetulan aku yang cancel.",False,0,4200000,42,"[""kalau ajukan pembatalan dimana pesanan barang yg dibeli sudah dibayar dan bayarnya pakai kartu kredit . mekanisme pengembalian dananya bagaimana ya ?"", ""malam , mau komplain . paket statusnya sudah sampai . tapi saya belum terima paket . mohon bantuannya . terima kasih ."", ""malam , saya mau mengembalikan barang krn salah kirim . diinfo harus upload bukti pengirimannya . uploadnya dimana ya ? makasih"", ""kak , tadi coba mau beli pulsa telkomsel xxxnumberxxx xxxnumberxxx xxxnumberxxx k , tapi koq dibatalkan mulu ya ? apa stok nya lagi kosong ?"", ""dear indosat , sy mau isi paketan , tetapi kenapa tidak bisa ya , sudah sejak jam xxxnumberxxx tadi , pulsa sdh masuk tapi tdk bisa aktip"", ""pengembalian saldo karena gagal penarikan membutuhkan waktu berapa lama ya ? saya sudah laporan xxxnumberxxx hari kerja sampai skr masih proses ditindak lanjuti terus"", ""selamat malam , mau tanya kalo proses pengembalian dana ( selisih ongkir ) biasanya berapa lama ya min ?"", ""malam , mohon info paket saya sejak tanggal xxxnumberxxx tertahan dgn status itu . blm terkirim sampai sekarang , ada apa ya ?"", "". ada apa dengan kurir pos . sampai saat ini belum juga update ongkir nya . padahal sudah dari tgl . xxxdatexxx sudah berlaku tarif baru ."", ""no . transaksi xxxnumberxxx barang belum dikirim melebihi batas kirim , dana belum masuk ke saldo bl saya .""]",False,10,2487,29,True,116,0.99362034,informal,1,0.7861486673355103,0.727074384689331,121.56735177914885,False,0.0
google/gemma-3-4b-it,formal,informal,hybrid_early,0.7,"admin , tolong agar di menu favorite barang bisa difilter seperti pada menu pencarian barang lainnya , bisa diurutkan berdasarkan harga , jasa pengiriman , dan lain - lain .","min, bisa minta tolong di cek dong, menu favorite barangnya gak bisa difilter kayak menu pencarian barang lain, bisa diurutin gak tuh berdasarkan harga, jasa kirim, gitu loh?",False,2,4200001,42,"[""admin , ketika mau cek tagihan listrik , kenapa tidak bisa ? muncul pesan dibawah"", ""selamat malam , tolong cek dm ya min , kiriman paket saya blm di kirim ."", ""selamat malam ingin bertanya cara mengenai pendaftaran produk di gojek gmn ya ?"", ""malam , saya mau mengembalikan barang krn salah kirim . diinfo harus upload bukti pengirimannya . uploadnya dimana ya ? makasih"", ""min , kalau sudah melewati estimasi pengiriman , tapi barang blum smpe gimana ya . ."", ""min , ini kenapa saya gak bisa sms ya ? saya mau konfirmasi pembelian paket gagal mulu sms nya drtd ."", ""min , udh xxxnumberxxx hari ini saya mau gofood kok gak dapet driver terus ? apa aplikasi gojek lagi error ?"", ""kalau gitu juga saya juga tau . saya kan nanya apa ada kemungkinan menghubungi kurir . alamat tujuan pengiriman jelas . status diantar kurir . masa sehari . yaudalah ."", ""ini min minta tolong di cek sudah sampe mana . masa sudah xxxnumberxxx minggu blm sampe . tolong banget min di update smp mana"", ""bang mau daftarin paket dr semalem ko gabisa ya ?""]",False,10,2159,40,True,174,0.996345,informal,1,0.8095184564590454,0.8513013124465942,91.12935560629828,False,0.0
google/gemma-3-4b-it,formal,informal,hybrid_early,0.7,"mengapa pembelian paket internet malam tidak bisa ya , admin ?","min, paket internet malem gak bisa ya? admin?",False,4,4200002,42,"[""lagi gangguan ya tidak bisa telp , sms dan internetan"", ""ini masih gangguan sinyal xxxnumberxxx g ga bisa aktif datanya ?"", ""dear indosat , sy mau isi paketan , tetapi kenapa tidak bisa ya , sudah sejak jam xxxnumberxxx tadi , pulsa sdh masuk tapi tdk bisa aktip"", ""maaf min no saya tidak bisa dipakai internet , nelpon dll . mohon ditanggapi dm saya"", ""kak gimana nih saya daftar paket yellow gak bisa bisa"", ""ini kenapa abis bayar pascabayar jadi gaada kuotanya ya ?"", ""saya beli voucher fisik indosat xxxnumberxxx gb unlimited , tapi gagal terus kenapa ya ?"", ""min , cara menambah masa aktif kartu loop gmna ?"", ""halo min , cara cek riwayat pengisian pulsa gimana ya ?"", ""ini kenapa lagi ya mau perpanjang internet ga bisa ? xxxnumberxxx juga ga bisa ?""]",False,10,1773,13,True,45,0.9968285,informal,1,0.8540017604827881,0.8062288761138916,1097.480608714852,True,0.0
google/gemma-3-4b-it,formal,informal,hybrid_early,0.7,transaksi xxxnumberxxx . pembeli meminta kami untuk membatalkan transaksi ini . mohon bantuannya .,"min , transaksi xxxnumberxxx pembeli minta batalin dong . tolong bantu cek ya tks b4",False,6,4200003,42,"[""min , jaringan xxxnumberxxx g dilokasi ini error . tolong dibantu cek dong . tks before"", ""sudah xxxnumberxxx x24 jam transaksi pengisian pulsa pd tgl xxxnumberxxx agustus xxxnumberxxx pkl xxxnumberxxx ko blm masuk jg ya min ?"", ""no transaksi saya xxxnumberxxx . saya udah nunggu xxxnumberxxx hr dana ga balik2 . duit nya ga sedikit . tanggung jawab dong dana org kok di tahan2 !"", ""min tolong di bantu cek resi xxxnumberxxx , sudah xxxnumberxxx hari ndak ada pergerakan ."", ""transaksi xxxnumberxxx sudah diterima tgl xxxnumberxxx jam xxxnumberxxx siang harap segera diremit dananya"", ""halo . paket saya dengan no resi xxxnumberxxx tidak ada pergerakan dari kemarin . tolong konfirmasi nya"", ""tolong hentikan sms xxxnumberxxx ke nomor saya . xxxnumberxxx . mengurangi pulsa saya ."", ""ini xxxuserxxx kenapa ya udah xxxnumberxxx x top up ga masuk2 saldonya ?"", ""admin , kok dm saya belum di respon - respon ya ? sudah xxxnumberxxx hari nih min"", ""permisi admin bukalapak mohon konfirmasi top up dana saya sebesar rp xxxnumberxxx . xxxnumberxxx berikut bukti pembayaran terimakasih""]",False,10,2132,22,False,84,0.9982887,informal,1,0.7519731521606445,0.7433786392211914,1105.4412958668265,True,0.0
google/gemma-3-4b-it,formal,informal,hybrid_early,0.7,"enak saja , itu subscription aku . bayar bulanan , masalahnya yang tidak ada nasi . bagaimana cara makannya ? kalau sayur asem yang ada tidak apa - apa ikhlas","min , aku kan gak punya nasi , gimana caranya makan sih? sayur asem aja deh ya, ikhlas🙏",False,8,4200004,42,"[""read dong , aku lapar nih mau go - food . belum ada makan dari pagi . tolong"", ""min , minggu ini kok promo grab kaga ada sih . gw kaga bisa makan enak harga murah dong min . min , bantu dong wkwkwk ."", ""min nenek saya naik grab udh saya bayar pake ovo eh pas turun nenek saya bayar cash lagi , cara ovonya biar balik gimana ya ?"", ""min , udh xxxnumberxxx hari ini saya mau gofood kok gak dapet driver terus ? apa aplikasi gojek lagi error ?"", ""kemana - mana pake grab dan pas lagi ada promo lebih cepet dari"", ""ini kenapa abis bayar pascabayar jadi gaada kuotanya ya ?"", ""baiklah , terimakasih . tapi saya kan tidak sedang berlangganan apa - apa tapi kenapa pulsa saya kesedot ya min ? kira - kira bagaimana ya mengeceknya ? sebelumnya tidak pernah"", ""bang mau daftarin paket dr semalem ko gabisa ya ?"", ""kalau ajukan pembatalan dimana pesanan barang yg dibeli sudah dibayar dan bayarnya pakai kartu kredit . mekanisme pengembalian dananya bagaimana ya ?"", ""saya salah pilihan isi resi , harusnya otomatis dari sicepat tapi saya malah terlanjur bayar cash , nomor resinya bisa diedit nggak ya ?""]",False,10,2208,25,False,87,0.99812156,informal,1,0.8156678676605225,0.6331643462181091,191.92696081630572,False,0.0
google/gemma-3-4b-it,formal,informal,hybrid_early,0.7,penerima tidak di rumah saat paket tiba . sprinter tersebut tidak ada konfirmasi ke penerima sama sekali . tidak ada telepon . padahal sopnya begitu bukan ?,"""ane nunggu paket, gak ada kabar sama sekali. gak ada telepon, gak ada dm, beneran gak dianter ke siapa-siapa sih?""",False,10,4200005,42,"[""cek dm coba xxxuserxxx dari tadi komplen ngga ada respon , pulsa udah kepotong kena tarif per kb"", ""tolong bantu , kenapa nomor simpati saya tidak bisa menerima sms dari nomor tri , padahal ditelpon bisa ."", ""lagi gangguan ya tidak bisa telp , sms dan internetan"", ""jb xxxphonexxx , sudah seminggu paket ngga nyampe , padahal masih dalam jakarta , ini malah dikirm ke surabaya buat apa coba ? jnt sistemnya gimana sih ?"", ""lha gimana bos . urgen . telopon ke xxxnumberxxx nunggu lama bgt , giliran udh nyambung cs nanyanya panjang x lebar keburu habis pulsa masalah gak kelar ."", ""malam , mohon info paket saya sejak tanggal xxxnumberxxx tertahan dgn status itu . blm terkirim sampai sekarang , ada apa ya ?"", ""dear indosat , sy mau isi paketan , tetapi kenapa tidak bisa ya , sudah sejak jam xxxnumberxxx tadi , pulsa sdh masuk tapi tdk bisa aktip"", ""maaf min no saya tidak bisa dipakai internet , nelpon dll . mohon ditanggapi dm saya"", ""nomer saya aja udah di dm dari tadi ga ditangani . gimana min ?"", ""oh ya mandiri online , tolong min knp saat proses masuk baru tak dpt sms""]",False,10,2191,34,True,115,0.99555004,informal,1,0.6641260385513306,0.6611599922180176,38.36689969594052,False,0.0
google/gemma-3-4b-it,formal,informal,hybrid_early,0.7,"halo indosat , apakah lagi gangguan didaerah cileungsi ? dari kemarin susah sinyal .","min, di cileungsi sinyalnya susah banget dari kemarin, mohon di bantu.",True,12,4200006,42,"[""apakah indosat daerah medan mengalami gangguan min ?"", ""tolong dong xxxuserxxx dari kmaren sore jaringan nya full tapi nggak nyambung ke internet padahal kuota dah lumayan banyak"", ""dear indosat , sy mau isi paketan , tetapi kenapa tidak bisa ya , sudah sejak jam xxxnumberxxx tadi , pulsa sdh masuk tapi tdk bisa aktip"", ""min di daerah kab . bandung sinyal xxxnumberxxx g hilang walaupun saya restart tetap hilang , mohon pengertiannya min"", ""mohon dibantu sinyal indosatnya koq lemot bgt . baru daftar pket internet padahal ."", ""maaf min no saya tidak bisa dipakai internet , nelpon dll . mohon ditanggapi dm saya"", ""min maaf lagi gangguan apa gimana ? dari tadi ga konek internet terus"", ""tolong bantu , kenapa nomor simpati saya tidak bisa menerima sms dari nomor tri , padahal ditelpon bisa ."", ""ini masih gangguan sinyal xxxnumberxxx g ga bisa aktif datanya ?"", ""lagi gangguan ya tidak bisa telp , sms dan internetan""]",False,10,1962,20,True,70,0.99592775,informal,1,0.8017010688781738,0.5250726938247681,155.3542789625982,False,0.0
google/gemma-3-4b-it,formal,informal,hybrid_early,0.7,"halo admin , mau bertanya , mengapa setiap jam sekitar ini internet xxxnumberxxx g aku tidak bisa digunakan ? padahal jaringannya bagus . bolehkah saya minta tolong bantuannya ?","min, kok tiap jam sekitar ini internet xxxnumberxxx g bisa ya? padahal jaringannya bagus, tolong bantu dong",True,14,4200007,42,"[""udah xxxnumberxxx menit stuck gini terus , padahal koneksi internet saya normal . tolong di bantu"", ""sore min , ini ada keluhan nomer saya pulsa kesedot terus , padahal tidak berlangganan paket apapun . tolong di cek min + xxxnumberxxx xxxnumberxxx - xxxnumberxxx - xxxnumberxxx"", ""dear indosat , sy mau isi paketan , tetapi kenapa tidak bisa ya , sudah sejak jam xxxnumberxxx tadi , pulsa sdh masuk tapi tdk bisa aktip"", ""min di daerah kab . bandung sinyal xxxnumberxxx g hilang walaupun saya restart tetap hilang , mohon pengertiannya min"", ""ini kenapa lagi ya mau perpanjang internet ga bisa ? xxxnumberxxx juga ga bisa ?"", ""saya mau tanya , ini saya mau beli paket yellow kenapa sama xxxnumberxxx tidak direspon / tidak dibalas"", ""min kalau mau buat nomer kartu halo baru yang xxxnumberxxx itu bagaimana prosedur dan biayanya ?"", ""tolong dong xxxuserxxx dari kmaren sore jaringan nya full tapi nggak nyambung ke internet padahal kuota dah lumayan banyak"", ""selamat malam xxxuserxxx mau tanya , kenapa bonus kuota aplikasi nya gak bisa di pake ? malah kesedot terus kuota utama nya . terimakasih"", ""ini masih gangguan sinyal xxxnumberxxx g ga bisa aktif datanya ?""]",False,10,2299,27,False,107,0.9965329,informal,1,0.8976385593414307,0.8417115211486816,342.5779469593346,False,0.0
google/gemma-3-4b-it,formal,informal,hybrid_early,0.7,aku sudah jelaskan panjang lebar di dmnya dia .,"udah aku dm ya , udah aku jelaskan panjang lebar di dmnya dia.",True,16,4200008,42,"[""mon maap yaa itu dm aku yg belum di bales"", ""sudah saya dm . mohon di balas"", ""udah aku dm ya min , tolong responnya ."", ""yah min para si reply yg lain terus tp dm gua ga direspon"", ""sudah saya dm tapi kok blm dijawab ya ?"", ""sudah saya dm min , mohon di cek"", ""iya mbak ini belum terupdate , udah dm adminnua"", ""dm terooss . gak ada respon lain yang bisa anda sampaikan ? selesaikan disini , penyelesaiannya mau seperti apa ?"", ""min cek dm saya lagi yaa"", ""sudah ada di dm semua . lokasi dan nomor""]",False,10,1501,17,True,62,0.99745435,informal,1,0.8194618225097656,0.8611204624176025,339.8056746254057,False,0.0
google/gemma-3-4b-it,formal,informal,hybrid_early,0.7,percuma ! itu - itu saja jawabannya . tidak membantu sama sekali !,"""garaaa gimana sih , jawabannya cuma gitu doang ! nggak ada solusinya sama sekali!""",False,18,4200009,42,"[""baiklah , terimakasih . tapi saya kan tidak sedang berlangganan apa - apa tapi kenapa pulsa saya kesedot ya min ? kira - kira bagaimana ya mengeceknya ? sebelumnya tidak pernah"", ""lama sekali responnya , untuk masalah seperti ini saja ?"", ""sudah min . tolong dong . beli token listrik mah lancar"", ""normal apanya min , udah beberapa hari mati nyala terus . hari ini ga tau udah berapa kali , ga ngitung saking seringnya"", ""iya kak terimakasih . tapi tadi sudah datang ke galeri indosatnya langsung . sudah normal lagi"", ""saya sudah coba beberapa kali hasilnya kayak gtu , apa yang salah ya"", ""min maaf lagi gangguan apa gimana ? dari tadi ga konek internet terus"", ""admin , ketika mau cek tagihan listrik , kenapa tidak bisa ? muncul pesan dibawah"", ""sama kayak saya pak paket saya gak saya terima claim gak jelas kapan hasilnya , jangan tunggu ini menyebar ya !"", ""sudah saya dm tapi kok blm dijawab ya ?""]",False,10,1927,22,True,83,0.9974662,informal,1,0.5833296179771423,0.6481298208236694,79.32431427989759,False,0.0
google/gemma-3-4b-it,formal,informal,hybrid_early,0.7,"udah di dm , boleh dicek saja .","udah di dm, min, tolong cek ya.",False,20,4200010,42,"[""udah min , tolong cek dm ya"", ""sudah saya dm min , mohon di cek"", ""min cek dm saya lagi yaa"", ""udah aku dm ya min , tolong responnya ."", ""min mohon cek dm , ditunggu responnya , makasih"", ""sudah saya dm tapi kok blm dijawab ya ?"", ""udah di coba tapi masih ngga bisa . cek dm"", ""sudah saya dm . mohon di balas"", ""iya mbak ini belum terupdate , udah dm adminnua"", ""selamat malam , tolong cek dm ya min , kiriman paket saya blm di kirim .""]",False,10,1422,12,True,31,0.9931712,informal,1,0.8534444570541382,0.7459964156150818,585.8434460927159,False,0.0
google/gemma-3-4b-it,formal,informal,hybrid_early,0.7,ketika ibu menyuruh beli belanjaan ke warung .,“pas ibu ngasih tau mau beli belanjaan ke warung.”,False,22,4200011,42,"[""mau makan malah kasih duit xxxuserxxx 🤣 🤣 🤣"", ""tadi ke bank xxxuserxxx trus gak ada apa2 dong di malah dipaksa buka tabungan buat anak sekolah"", ""kemana - mana pake grab dan pas lagi ada promo lebih cepet dari"", ""kalau kerja cuma jadi buzzer kayak gini , maunya murah malu sama daerah yang gak ada internetnya ."", ""min ini gak bisa beli paketan ayo xxxnumberxxx menit lagi paketanku entek"", ""ke grapari niat mau tuker sim ke xxxnumberxxx g . eh antriannya abis , pas pulang ditawarin nomor sama kang parkir . kumaha eta"", ""saldo kepotong tapi uang nggak keluar . ini udah kali kedua saya melakukan penarikan tunai di atm ."", ""tolong hentikan sms xxxnumberxxx ke nomor saya . xxxnumberxxx . mengurangi pulsa saya ."", ""min saran shopeepay later bisa juga dong buat beli pulsa , paket data , dan listrik wkwk"", ""loh itu kan kode promonya ada di tv . di rumah seleb""]",False,10,1863,14,True,50,0.7762933,informal,1,0.8382135629653931,0.8380136489868164,176.79546775669613,False,0.0
google/gemma-3-4b-it,formal,informal,hybrid_early,0.7,kenapa tahu ? kamu memata - matai saya ?,"min, kenapa tuh? lo ngedoain gue gitu?",False,24,4200012,42,"[""follow up dong tuh . bayar kemana nih ? cc :"", ""pulsa hilang terus , lalu jaringan cenat cenut kaya bisul mau pecah . lagi neken biaya produksi ya ? saya bayar loh , tapi setiap hari dikerjain ."", ""cara aktifkan paylaternya bagaimana ya min ? saya mau pake di tokopedia"", ""min maaf mau tanya lg . kl mbca yg ke blokir , atm nya ga ikutan ke blokir jg kan ya ?"", ""min saya mau bayar transaksi bukalapak ko gagal mulu ya"", ""ini kenapa daritadi mau pake voucher gabisa terus yaa ? udah di update juga padahal"", ""yang dinilai apaan tuh ? kecepatan ngunyah ? 🤔"", ""saya pernah kaya gini untung sadar"", ""udah masuk email pemberitahuannya suruh cek lagi tetep saldo ga berubah , tapi yasudahlah tak mengapa"", ""ternuata memang sinyal anda ga bisa masuk kamar kos saya""]",False,10,1754,13,True,38,0.99695146,informal,1,0.2755802273750305,0.6138805150985718,776.2289812155248,False,0.0
google/gemma-3-4b-it,formal,informal,hybrid_early,0.7,hai indosat . mengapa pulsa saya tersedot ?,“kok pulsa aku ilang tiba-tiba ya Indosat?”,False,26,4200013,42,"[""saya beli voucher fisik indosat xxxnumberxxx gb unlimited , tapi gagal terus kenapa ya ?"", ""waduhh emg indosat bermasalah mulu nih , mana pulsa suka kesedot tbtb . ingin rasanya ganti provider sj"", ""min ini kenapa y , pulsa tiba2 ilang . paketan internet masih byk tp pulsa kesedot trs . mohon follow up nya !"", ""kenapa pulsa saya yang dipotong internetnya bukan quota saya ? dua kali lagi duh"", ""mohon dibantu sinyal indosatnya koq lemot bgt . baru daftar pket internet padahal ."", ""di my telkomsel muncul sperti itu kak"", ""sore min , ini ada keluhan nomer saya pulsa kesedot terus , padahal tidak berlangganan paket apapun . tolong di cek min + xxxnumberxxx xxxnumberxxx - xxxnumberxxx - xxxnumberxxx"", ""kartu sim card xl saya sudah hilang dan saya ingin mengaktifasi nomor xl saya apakah bisa ? caranya bagaimana ?"", ""tolong bantu , kenapa nomor simpati saya tidak bisa menerima sms dari nomor tri , padahal ditelpon bisa ."", ""aku pelanggan yg pulsanya suka tiba tiba ilang""]",False,10,1975,14,True,43,0.99422544,informal,1,0.7797440886497498,0.6932594776153564,121.10189393736145,False,0.0
google/gemma-3-4b-it,formal,informal,hybrid_early,0.7,transfer ke rekening rdn dari jumat siang sampai sekarang belum masuk juga . tolong .,"min, transfer ke rekening rdn dari jumat siang sampai sekarang belum masuk juga . tolong banget .",False,28,4200014,42,"[""tolong pulsa belum masuk . udah transfer juga . makasih ."", ""halo . paket saya dengan no resi xxxnumberxxx tidak ada pergerakan dari kemarin . tolong konfirmasi nya"", ""malam , mau komplain . paket statusnya sudah sampai . tapi saya belum terima paket . mohon bantuannya . terima kasih ."", ""ini min minta tolong di cek sudah sampe mana . masa sudah xxxnumberxxx minggu blm sampe . tolong banget min di update smp mana"", ""min tolong di bantu cek resi xxxnumberxxx , sudah xxxnumberxxx hari ndak ada pergerakan ."", ""malam , mohon info paket saya sejak tanggal xxxnumberxxx tertahan dgn status itu . blm terkirim sampai sekarang , ada apa ya ?"", ""bos hari keberapa ini ga masuk2 kuota saya , sudah cukup sabar ya bos !"", ""admin , kok dm saya belum di respon - respon ya ? sudah xxxnumberxxx hari nih min"", "". ada apa dengan kurir pos . sampai saat ini belum juga update ongkir nya . padahal sudah dari tgl . xxxdatexxx sudah berlaku tarif baru ."", ""min bales dong . udh xxxnumberxxx x24 jam cb ga masuk2 .""]",False,10,2042,22,True,97,0.98973817,informal,1,0.9562537670135498,0.9328871965408325,282.5630820500613,False,0.0
google/gemma-3-4b-it,formal,informal,hybrid_early,0.7,"oh iya , pak eko , kalau xxxuserxxx , saya pakai modem andromaxnya . lumayan cepat internetan dan jaringan sudah xxxnumberxxx g lte juga .","""oi pak eko , modem andromax ku nih , lumayan cepet internetnya sama jaringan udah xxxnumberxxx g lte juga""",False,30,4200015,42,"[""ini masih gangguan sinyal xxxnumberxxx g ga bisa aktif datanya ?"", ""tolong dong xxxuserxxx dari kmaren sore jaringan nya full tapi nggak nyambung ke internet padahal kuota dah lumayan banyak"", ""dear indosat , sy mau isi paketan , tetapi kenapa tidak bisa ya , sudah sejak jam xxxnumberxxx tadi , pulsa sdh masuk tapi tdk bisa aktip"", ""oo xxxuserxxx lagi eror . pntesan g bisa2 , dan aku harus ambil hotspot dr hp xxxnumberxxx nya yg pake xxxuserxxx lancar jaya , trimakasii"", ""saya beli voucher fisik indosat xxxnumberxxx gb unlimited , tapi gagal terus kenapa ya ?"", ""min di daerah kab . bandung sinyal xxxnumberxxx g hilang walaupun saya restart tetap hilang , mohon pengertiannya min"", ""min , jaringan xxxnumberxxx g dilokasi ini error . tolong dibantu cek dong . tks before"", ""sinyal ku xxxnumberxxx g full tp knp buka google aja lemot apalagi yg lain ha || terpaksa ganti provid , tolong dong"", ""sore min , ini ada keluhan nomer saya pulsa kesedot terus , padahal tidak berlangganan paket apapun . tolong di cek min + xxxnumberxxx xxxnumberxxx - xxxnumberxxx - xxxnumberxxx"", ""min , yg paket internet malam hingga pukul xxxnumberxxx pagi itu yg jadi patokan xxxnumberxxx pagi wib atau xxxnumberxxx pagi waktu lokal user ?""]",False,10,2320,28,True,107,0.9986118,informal,1,0.8802717924118042,0.8300024271011353,434.9010533786267,False,0.0
google/gemma-3-4b-it,formal,informal,hybrid_early,0.7,"gojek sepersepuluh hidupku , terima kasih gojek telah membawaku keluar dari zona nyaman .","“gojek udah jadi sebagian hidupku , makasih gojek udah bantu aku keluar dr zona nyaman hehe”",False,32,4200016,42,"[""selamat siang xxxuserxxx saya ingin menghapus akun gojek saya , mohon bantuannya . terimakasih"", ""untungnya aku download aplikasi gojek hihiiw terimakasih"", ""wahai admin gojek tersayang , tolong gk - xxxnumberxxx drivernya dimana"", ""min , udh xxxnumberxxx hari ini saya mau gofood kok gak dapet driver terus ? apa aplikasi gojek lagi error ?"", ""hi , admin . mohon bantuan untuk hapus akun gojek saya yg lama ? terimakasih ."", ""halo gojek tolong masalah di selesai kan . dan xxxuserxxx sy udah follow up lg ya ini ."", ""min , tolong bantuannya . gojek instant nelponin saya terus nanya supaya diselesaikan transaksinya . biasanya otomatis kan ?"", ""min , minggu ini kok promo grab kaga ada sih . gw kaga bisa makan enak harga murah dong min . min , bantu dong wkwkwk ."", ""maaf min mau nanya apakah bener ini nomor dari gojek ? + xxxnumberxxx"", ""problem solved ! thanks gojek . thanks jg udah di folback ! gercep abiss""]",False,10,1959,23,True,92,0.9982101,informal,1,0.7517424821853638,0.7367114424705505,44.45800053161643,False,0.0
google/gemma-3-4b-it,formal,informal,hybrid_early,0.7,"tolong ! sudah seperti ini , kenapa ?","udah, kenapa ya?",False,34,4200017,42,"[""lama sekali responnya , untuk masalah seperti ini saja ?"", ""udah min , tolong cek dm ya"", ""selamat sore , sudah sy dm ya min . jadi bagaimana ya ?"", ""min , udh xxxnumberxxx hari ini saya mau gofood kok gak dapet driver terus ? apa aplikasi gojek lagi error ?"", ""admin , ketika mau cek tagihan listrik , kenapa tidak bisa ? muncul pesan dibawah"", ""oh begitu , tadi aku coba regristrasi ke xxxnumberxxx smsnya gagal terus kak , gimana yaa ?"", ""pagi min , ini saya top up pulsa ko gagal terus ya . itu kenapa ya min ?"", ""dari tadi begini terus . . ini kenapa ya min . . aku dm mimin juga gk bs"", ""udah aku dm ya min , tolong responnya ."", ""begitu kak , apakah bisa diberi tau""]",False,10,1665,6,True,16,0.9715611,informal,1,0.7347800731658936,0.773667573928833,18867.331005234813,True,0.0
google/gemma-3-4b-it,formal,informal,hybrid_early,0.7,ada di nomor xxxnumberxxx . ayo kawan ikutan : xxxuserxxx xxxuserxxx xxxuserxxx . selesai mengikuti media sosial xxxuserxxx . semoga beruntung .,"xxxuserxxx , min kenapa paket di mytelkomsel muncul xxxnumberxxx ? ( cuma heavy ) . ayo kawan ikutan : xxxuserxxx xxxuserxxx xxxuserxxx .",False,36,4200018,42,"[""gimana cara pengambilan paket datanya min xxxuserxxx ? sudah cek my telkomsel dan * xxxnumberxxx gak tersediaa ."", ""pulsa saya terakhir xxxnumberxxx xxxnumberxxx xxxnumberxxx xxxnumberxxx xxxnumberxxx an , terus isi ulang xxxnumberxxx . kenapa skrg jumlahnya hanya xxxnumberxxx ya ? nomer xxxnumberxxx"", ""ini xxxuserxxx kenapa ya udah xxxnumberxxx x top up ga masuk2 saldonya ?"", ""mau tanya nih xxxuserxxx , apa benar ovo sedang mengalami trouble ? saya top up via xxxuserxxx sore tadi sampai sekarang xxxnumberxxx belum masuk juga ."", ""keluar update versi xxxnumberxxx . xxxnumberxxx kapan min ?"", ""nih xxxuserxxx lemot banget xxxnumberxxx g nya"", ""jam xxxnumberxxx atau jam xxxnumberxxx masih ada gak tuh min ?"", ""min infonya klo upgrade simcard ke xxxnumberxxx g dapet bonus xxxnumberxxx . xxxnumberxxx gg selama xxxnumberxxx bulan . yaa"", ""gak ada balasan sampai sekarang . apa karena cuma terpotong xxxnumberxxx xxxnumberxxx ribu aja ?"", ""xxxuserxxx , min kenapa paket tau di mytelkomsel saya cuma muncul xxxnumberxxx ? ( cuma heavy )""]",False,10,2139,40,True,137,0.25670722,formal,0,0.8006857633590698,0.5457535982131958,374.9826967150006,False,0.0
google/gemma-3-4b-it,formal,informal,hybrid_early,0.7,"admin xxxuserxxx ini kenapa sinyalku daritadi g terus ? tolong admin , hanya bisa bergantung pada wifi .","min, sinyalnya knp ya dari tadi? g bisa2, cuma bisa wifi doang. tolong dong.",False,38,4200019,42,"[""tolong dong xxxuserxxx dari kmaren sore jaringan nya full tapi nggak nyambung ke internet padahal kuota dah lumayan banyak"", ""oo xxxuserxxx lagi eror . pntesan g bisa2 , dan aku harus ambil hotspot dr hp xxxnumberxxx nya yg pake xxxuserxxx lancar jaya , trimakasii"", ""ini masih gangguan sinyal xxxnumberxxx g ga bisa aktif datanya ?"", ""please xxxuserxxx jaringan , kenapa ngilang gak jelas mulu ."", ""min di daerah kab . bandung sinyal xxxnumberxxx g hilang walaupun saya restart tetap hilang , mohon pengertiannya min"", ""selamat malam xxxuserxxx mau tanya , kenapa bonus kuota aplikasi nya gak bisa di pake ? malah kesedot terus kuota utama nya . terimakasih"", ""cek dm coba xxxuserxxx dari tadi komplen ngga ada respon , pulsa udah kepotong kena tarif per kb"", ""ini kenapa lagi ya mau perpanjang internet ga bisa ? xxxnumberxxx juga ga bisa ?"", ""ini sinyalnya knp ya skrg xxxuserxxx jelek bgtt"", ""sinyal ku xxxnumberxxx g full tp knp buka google aja lemot apalagi yg lain ha || terpaksa ganti provid , tolong dong""]",False,10,2073,25,True,76,0.99740845,informal,1,0.6137958765029907,0.6115069389343262,163.3346031211444,False,0.0
google/gemma-3-4b-it,formal,informal,hybrid_early,0.7,dicoba nugget dan sosisnya ! siapa tahu mau endorse .,“nyoba nugget sama sosis nih! siapa tau mau promosi yak wkwkwk”,False,40,4200020,42,"[""btw , saya tadi habis makan es krim mochi rasa durian . dan itu enaak banget . klo es krim rasa buah cempedak belum ada kan ya ?"", ""read dong , aku lapar nih mau go - food . belum ada makan dari pagi . tolong"", ""min , minggu ini kok promo grab kaga ada sih . gw kaga bisa makan enak harga murah dong min . min , bantu dong wkwkwk ."", "": seberapa kamu ? 🧑 : aku gak suka buang makanan : terus ? 🧑 : jadi kalo makan kuaci aku makan sama kulitnya"", ""whats wrong with grabfood ? di semarang dari pagi order gaada yg nyantol loh , semua busy , ganti resto pun sama"", ""segera kirim pesanan saya sudah lewat dari batas waktu"", ""bang mau daftarin paket dr semalem ko gabisa ya ?"", ""grabfood error , apakah saya harus beralih ke gofood ?"", ""nyerbu tempat makan kalo lagi laper"", ""mau makan malah kasih duit xxxuserxxx 🤣 🤣 🤣""]",False,10,1823,19,True,63,0.9980094,informal,1,0.7154299020767212,0.7648261785507202,130.13969816204204,False,0.0
google/gemma-3-4b-it,formal,informal,hybrid_early,0.7,"kalau mau meminta insta cash , telepon ke halo bca ya ? ada syaratnya kah ?","“kalau mau minta insta cash, telepon ke halo bca ya? syaratnya apa aja nih?”",False,42,4200021,42,"[""saya mau tanya , apa nomor rekening yan sudah tidak di tambah saldo selama xxxnumberxxx tahun masih aktif / di gunakan"", ""halo saya top up grab ovo lewat atm barusan tapi kok belum masuk ya ?"", ""halo selamat pagi , kalo atm mandiri terblokir krn salah pswrd , mandiri online ikut keblokir tdk ? tks"", ""min kalau mau buat nomer kartu halo baru yang xxxnumberxxx itu bagaimana prosedur dan biayanya ?"", ""pengembalian saldo karena gagal penarikan membutuhkan waktu berapa lama ya ? saya sudah laporan xxxnumberxxx hari kerja sampai skr masih proses ditindak lanjuti terus"", ""saya melakukan pembukaan tabungan lewat bca mobile namun saat tahap untuk video call dengan customer service , selalu tidak bisa"", ""sudah saya coba telpon ke mandiri nya . dan bener saldo saya kedebit xxxnumberxxx x . mohon bantuannya . nomor pelaporan mandiri : c190909991030424630"", ""barusan ada yg telfon saya dengan nomor ini . apakah ini benar dari halo bca ?"", ""saya salah pilihan isi resi , harusnya otomatis dari sicepat tapi saya malah terlanjur bayar cash , nomor resinya bisa diedit nggak ya ?"", ""halo min ini knpa ya vouchernya g bsa di gunaiin padahal udah blnja xxxnumberxxx xxxnumberxxx k lebih ,""]",False,10,2214,22,True,76,0.9886807,informal,1,0.8997111916542053,0.9025096297264099,136.94625722371325,False,0.0
google/gemma-3-4b-it,formal,informal,hybrid_early,0.7,bakar terus sampai habis itu uang .,"“udah, lanjut bakar! habis tuh duit.”",True,44,4200022,42,"["": seberapa kamu ! : tahun depan beli rumah : terus ! : ngumpulin duitnya mulai sekarang"", ""kemana - mana pake grab dan pas lagi ada promo lebih cepet dari"", ""saldo kepotong tapi uang nggak keluar . ini udah kali kedua saya melakukan penarikan tunai di atm ."", ""follow up dong tuh . bayar kemana nih ? cc :"", ""pulsa hilang terus , lalu jaringan cenat cenut kaya bisul mau pecah . lagi neken biaya produksi ya ? saya bayar loh , tapi setiap hari dikerjain ."", ""pagi min , ini saya top up pulsa ko gagal terus ya . itu kenapa ya min ?"", ""hanya alamat yang berubah . jadi harus ke cabang bca terdekat untuk ganti kartu atm ya . apakah ada biaya tambahan ?"", ""ini kenapa ya ? xxxuserxxx orang mau beli pulsa gara2 ini jadi batal . ini sampe berapa lama ?"", ""ini kenapa daritadi mau pake voucher gabisa terus yaa ? udah di update juga padahal"", ""tetap tidak bisa min , nomor kartu kredit yg saya masukan sdh benar . tetapi tetap tidak bisa klik tombol continue . saya udah ulang berkali2 .""]",False,10,1974,12,True,37,0.73022264,informal,1,0.7533446550369263,0.6004405617713928,692.5622466493138,False,0.0
google/gemma-3-4b-it,formal,informal,hybrid_early,0.7,"iya sudah . tolong periksa dm saya , admin .","min , tolong cek dm saya , admin.",True,46,4200023,42,"[""udah min , tolong cek dm ya"", ""sudah saya dm min , mohon di cek"", ""min cek dm saya lagi yaa"", ""mohon cek dm saya , terima kasih"", ""sudah saya dm . mohon di balas"", ""halo kak admin , saya dm , mohon dicek makasi"", ""min tolong cek dm ya . makasiih"", ""min tolong cek dm ya . terima kasih"", ""min mohon cek dm , ditunggu responnya , makasih"", ""nomer saya aja udah di dm dari tadi ga ditangani . gimana min ?""]",False,10,1402,11,True,33,0.9916475,informal,1,0.837482750415802,0.8965365886688232,878.6478649167851,False,0.0
google/gemma-3-4b-it,formal,informal,hybrid_early,0.7,"admin , paket aku tidak bisa terus . mau sampai kapan ini ? mau mengerjakan tugas jadi tidak bisa .","min , paket saya kok gak bisa ya? mau selesai tugas jadi lama banget gak bisa. tolong di cek smpai kapan ya?",False,48,4200024,42,"[""min , tolong bantuannya . gojek instant nelponin saya terus nanya supaya diselesaikan transaksinya . biasanya otomatis kan ?"", ""malam , mau komplain . paket statusnya sudah sampai . tapi saya belum terima paket . mohon bantuannya . terima kasih ."", ""min , ini kenapa saya gak bisa sms ya ? saya mau konfirmasi pembelian paket gagal mulu sms nya drtd ."", ""admin , ketika mau cek tagihan listrik , kenapa tidak bisa ? muncul pesan dibawah"", "". ada apa dengan kurir pos . sampai saat ini belum juga update ongkir nya . padahal sudah dari tgl . xxxdatexxx sudah berlaku tarif baru ."", ""ini min minta tolong di cek sudah sampe mana . masa sudah xxxnumberxxx minggu blm sampe . tolong banget min di update smp mana"", ""pagi min , ini saya top up pulsa ko gagal terus ya . itu kenapa ya min ?"", ""tetap tidak bisa min , nomor kartu kredit yg saya masukan sdh benar . tetapi tetap tidak bisa klik tombol continue . saya udah ulang berkali2 ."", ""normal apanya min , udah beberapa hari mati nyala terus . hari ini ga tau udah berapa kali , ga ngitung saking seringnya"", ""baiklah , terimakasih . tapi saya kan tidak sedang berlangganan apa - apa tapi kenapa pulsa saya kesedot ya min ? kira - kira bagaimana ya mengeceknya ? sebelumnya tidak pernah""]",False,10,2290,28,True,108,0.99818075,informal,1,0.7900880575180054,0.7835105061531067,126.41673546114966,False,0.0
google/gemma-3-4b-it,formal,informal,hybrid_early,0.7,bukan saya mbak . saya pengguna setia telkomsel . coba mbak cek tweet teman saya .,"“kok gak di bales ya min? soal tweet temen saya nih, pengguna telkomsel juga”",False,50,4200025,42,"[""maaf min no saya tidak bisa dipakai internet , nelpon dll . mohon ditanggapi dm saya"", ""tolong bantu , kenapa nomor simpati saya tidak bisa menerima sms dari nomor tri , padahal ditelpon bisa ."", ""yuk pantau timeline smartfren terus ya jangan lupa follow xxxuserxxx juga yah kak . terima kasih sobat setia smartfren . via"", ""sy pindah kartu simpati lama ke xxxnumberxxx g . katanya ada bonus kuota internet , tp kok sy ga dapet . mhon penjelasannya !"", ""wah capek bener saya harus cerita lagi . udah saya telepon saya imel . seharusnya dari capture saya udah bisa terbaca . driver tidak memiliki jiwa sosial"", ""malam , koneksi telkomsel semakin lama semakin buruk bukan membaik , sudah seminggu lebih seperti ini , jadi gmn solusi terbaik ?"", ""kartu sim card xl saya sudah hilang dan saya ingin mengaktifasi nomor xl saya apakah bisa ? caranya bagaimana ?"", ""cek dm coba xxxuserxxx dari tadi komplen ngga ada respon , pulsa udah kepotong kena tarif per kb"", ""baiklah , terimakasih . tapi saya kan tidak sedang berlangganan apa - apa tapi kenapa pulsa saya kesedot ya min ? kira - kira bagaimana ya mengeceknya ? sebelumnya tidak pernah"", ""halo min , saya mau mengnonaktifkan akun gojek saya mohon dicek dmnya . sedih nih udah dari kemarin nge - mention ga di respon""]",False,10,2303,21,True,77,0.99753904,informal,1,0.6534061431884766,0.5756252408027649,119.02954486038968,False,0.0
google/gemma-3-4b-it,formal,informal,hybrid_early,0.7,kirim pesan saja ul . pilih di menu pusat bantuan .,"""kirim aja ul, min. cek menu bantuan ya.""",True,52,4200026,42,"[""baik min , sebentar lagi saya kirim lewat dm . terimakasih ."", ""selamat malam , tolong cek dm ya min , kiriman paket saya blm di kirim ."", ""min tolong cek dm ya . terima kasih"", ""malam , mau komplain . paket statusnya sudah sampai . tapi saya belum terima paket . mohon bantuannya . terima kasih ."", ""selamat siang min , saya minta bantuan untuk tracking paket . detail telah saya kirim via dm . terimakasih"", ""ni paket napa gagal kirim min ?"", ""tolong pulsa belum masuk . udah transfer juga . makasih ."", ""ini min minta tolong di cek sudah sampe mana . masa sudah xxxnumberxxx minggu blm sampe . tolong banget min di update smp mana"", ""segera kirim pesanan saya sudah lewat dari batas waktu"", ""paket saya sampai mana ya ? resi xxxnumberxxx . thx""]",False,10,1753,14,True,41,0.9937331,informal,1,0.7925277352333069,0.6490449905395508,582.8291980482499,False,0.0
google/gemma-3-4b-it,formal,informal,hybrid_early,0.7,sedang error bukan ? kenapa mau mencari barang tidak bisa terus ?,kenapa sih gak bisa nyari barang terus ya?,False,54,4200027,42,"[""ini kenapa daritadi mau pake voucher gabisa terus yaa ? udah di update juga padahal"", ""ni paket napa gagal kirim min ?"", ""min , udh xxxnumberxxx hari ini saya mau gofood kok gak dapet driver terus ? apa aplikasi gojek lagi error ?"", ""ini kenapa lagi ya mau perpanjang internet ga bisa ? xxxnumberxxx juga ga bisa ?"", ""kemana - mana pake grab dan pas lagi ada promo lebih cepet dari"", ""masalahnya akun driver bisa bisanya kena bajak . tidak ada pilihan cancel , karena itu yang buat mbak ini ketipu , bang jek ! xxxnumberxxx ! xxxnumberxxx ! xxxnumberxxx ! xxxnumberxxx ! xxxnumberxxx !"", ""normal apanya min , udah beberapa hari mati nyala terus . hari ini ga tau udah berapa kali , ga ngitung saking seringnya"", ""pagi min , ini saya top up pulsa ko gagal terus ya . itu kenapa ya min ?"", ""udah di coba tapi masih ngga bisa . cek dm"", ""udah masuk email pemberitahuannya suruh cek lagi tetep saldo ga berubah , tapi yasudahlah tak mengapa""]",False,10,1957,12,True,42,0.9978308,informal,1,0.7755907773971558,0.7847280502319336,504.28023404690043,False,0.0
google/gemma-3-4b-it,formal,informal,hybrid_early,0.7,fitur asuransi linkaja ada di nomor xxxnumberxxx . ayo ramaikan .,fitur asuransi linkaja ada di no . xxxnumberxxx . yuk ramaikan .,True,56,4200028,42,"[""ikon fitur asuransi linkaja di nomor xxxnumberxxx"", ""ikon fitur asuransi linkaja di nomor xxxnumberxxx"", ""ikon fitur asuransi link aja di nomor xxxnumberxxx"", ""fitur asuransi linkaja ada di no . xxxnumberxxx"", ""min ini gimana ya ? saya abis beli voucher xxxnumberxxx xxxnumberxxx k pake go points . pas dipake cuma dapet potongan xxxnumberxxx xxxnumberxxx k ?"", ""halo mas / mba xxxuserxxx ini nomor halo saya udah xxxnumberxxx hari gak bisa dipake . rugi dong bayar tagihan doang tapi gak kepake ~"", ""halo . dari xxxnumberxxx hari lalu saya mau bayar cc via mbanking tapi selalu keluar popup seperti ini kenapa ya ?"", ""asuransi link tersebut berada di posisi no xxxnumberxxx xxxuserxxx xxxuserxxx xxxuserxxx * xxxnumberxxx"", ""gimana cara pengambilan paket datanya min xxxuserxxx ? sudah cek my telkomsel dan * xxxnumberxxx gak tersediaa ."", ""keuntungan xxxnumberxxx nya kok ga bisa ya min ?""]",False,10,1911,19,True,64,0.035986003,formal,0,0.9633937478065491,0.9838608503341675,3128.942822120825,True,0.0
google/gemma-3-4b-it,formal,informal,hybrid_early,0.7,"kontak saja ke adminnya xxxuserxxx om , mungkin bisa dibantu .","min , coba kontak admin ya xxxuserxxx , mungkin bisa dibantu .",False,58,4200029,42,"[""hai , xxxuserxxx tolong cek dm saya ya , thanks !"", ""halo xxxuserxxx sudah dibales kembali ya dmnya isi penjelasan saya . mohon dicek kembali . trims"", ""maaf min mau nanya apakah bener ini nomor dari gojek ? + xxxnumberxxx"", ""min , boleh minta info no puk untuk no xxxnumberxxx"", ""halo xxxuserxxx gimana ya caranya kontak driver utk kirim paket same day xxxnumberxxx hours ? sama sekali gabisa ngirim nih . makasih"", ""admin , kok dm saya belum di respon - respon ya ? sudah xxxnumberxxx hari nih min"", ""waduh jadi gimana nih xxxuserxxx tolong di tindak lanjuti ya !"", ""sudah kak , sudah saya ganti ke xxxnumberxxx g tp ttp susah"", ""halo admin xxxuserxxx cek dm dong"", ""hai jnt xxxuserxxx mau tanya dong kenapa paket yg saya kirim masih gini aja ya mohon pencerahannya""]",False,10,1785,16,True,62,0.97682595,informal,1,0.9073249697685242,0.9096173644065857,585.4840304626102,False,0.0
google/gemma-3-4b-it,formal,informal,hybrid_early,0.7,"yang terhormat indosat , ini mengapa periksa paket isi voucher paket tidak bisa . tolong jawab . jangan jawab hanya hai hai hai kak terus .","min, kenapa sih cek paket voucher gak bisa ya? tolong jawab dong.",False,60,4200030,42,"[""saya mau tanya , ini saya mau beli paket yellow kenapa sama xxxnumberxxx tidak direspon / tidak dibalas"", ""eyy min , ini kenapa sih indosat kok gabisa dipasang paket"", ""kak gimana nih saya daftar paket yellow gak bisa bisa"", ""saya beli voucher fisik indosat xxxnumberxxx gb unlimited , tapi gagal terus kenapa ya ?"", ""iya kak terimakasih . tapi tadi sudah datang ke galeri indosatnya langsung . sudah normal lagi"", ""min kalau mau buat nomer kartu halo baru yang xxxnumberxxx itu bagaimana prosedur dan biayanya ?"", ""halo . paket saya dengan no resi xxxnumberxxx tidak ada pergerakan dari kemarin . tolong konfirmasi nya"", ""baiklah , terimakasih . tapi saya kan tidak sedang berlangganan apa - apa tapi kenapa pulsa saya kesedot ya min ? kira - kira bagaimana ya mengeceknya ? sebelumnya tidak pernah"", ""mohon dibantu sinyal indosatnya koq lemot bgt . baru daftar pket internet padahal ."", ""halo min , cara cek riwayat pengisian pulsa gimana ya ?""]",False,10,2040,17,True,65,0.9965209,informal,1,0.648735523223877,0.7978105545043945,288.471300869023,False,0.0
google/gemma-3-4b-it,formal,informal,hybrid_early,0.7,"baik , kak dewa . silahkan periksa dm kembali .","baik min , sebentar lagi saya kirim lewat dm . terimakasih",False,62,4200031,42,"[""selamat siang kak , mohon dicek saya mengirimkan dm . terimakasih"", ""udah min , tolong cek dm ya"", ""halo kak admin , saya dm , mohon dicek makasi"", ""sudah saya dm min , mohon di cek"", ""min mohon cek dm , ditunggu responnya , makasih"", ""min cek dm saya lagi yaa"", ""mohon cek dm saya , terima kasih"", ""min tolong cek dm ya . terima kasih"", ""baik min , sebentar lagi saya kirim lewat dm . terimakasih ."", ""iya mbak ini belum terupdate , udah dm adminnua""]",False,10,1453,14,False,58,0.98221326,informal,1,0.5407644510269165,0.5637059807777405,766.9727604393337,False,1.0
google/gemma-3-4b-it,formal,informal,hybrid_early,0.7,coba saja pakai xxxuserxxx di mbd wan .,coba pake xxxuserxxx di mbd wan dong,False,64,4200032,42,"[""oo xxxuserxxx lagi eror . pntesan g bisa2 , dan aku harus ambil hotspot dr hp xxxnumberxxx nya yg pake xxxuserxxx lancar jaya , trimakasii"", ""ini sinyalnya knp ya skrg xxxuserxxx jelek bgtt"", ""nih xxxuserxxx lemot banget xxxnumberxxx g nya"", ""tolong dong xxxuserxxx dari kmaren sore jaringan nya full tapi nggak nyambung ke internet padahal kuota dah lumayan banyak"", ""tolong cek jb xxxphonexxx dr tgl xxxnumberxxx kok ga ada status lagi"", ""weey xxxuserxxx ini koneksinya dari semalem apa banget dah ."", ""sudah kak , sudah saya ganti ke xxxnumberxxx g tp ttp susah"", ""ini masih gangguan sinyal xxxnumberxxx g ga bisa aktif datanya ?"", ""hai , xxxuserxxx tolong cek dm saya ya , thanks !"", ""please xxxuserxxx jaringan , kenapa ngilang gak jelas mulu .""]",False,10,1744,11,False,36,0.99872583,informal,1,0.9493142366409302,0.9030741453170776,36267.53282153671,True,0.0
google/gemma-3-4b-it,formal,informal,hybrid_early,0.7,"mohon maaf atas kesalahan penyebutan nama ibu novi . untuk email ibu , akan kami tindaklanjuti . mohon kesediaannya menunggu . terima kasih . - toby","baik , nanti saya tindaklanjuti emailnya . mohon kesedianya menunggu , terimakasih . - toby",False,66,4200033,42,"[""min tolong cek dm ya . terima kasih"", ""selamat malam , tolong cek dm ya min , kiriman paket saya blm di kirim ."", ""min tolong cek dm ya . makasiih"", ""baik min , sebentar lagi saya kirim lewat dm . terimakasih ."", ""sudah saya dm . mohon di balas"", ""selamat siang kak , mohon dicek saya mengirimkan dm . terimakasih"", ""selamat siang min , saya minta bantuan untuk tracking paket . detail telah saya kirim via dm . terimakasih"", ""mohon cek dm saya , terima kasih"", ""hai , selamat sore . saya baru saja membeli kartu sim simpati . dan udah coba registrasi , tapi ga ada respon . tolong bantuannya ."", ""baik kak , ditunggu ya pick upnya . terima kasih atas perhatiannya .""]",False,10,1770,26,False,91,0.35390007,formal,0,0.7206052541732788,0.6272040605545044,174.9943895822147,False,0.0
google/gemma-3-4b-it,formal,informal,hybrid_early,0.7,opini yang mana ? memang rokok itu mengerikan dan membunuh . titik .,"“rokok tuh emang parah dah , bunuh banget . bener aja dah .”",False,68,4200034,42,"[""saya belipaket rp . xxxnumberxxx rb tapi kok tidak masuk ya ? padahal pulsanya udh kepotong"", ""min , minggu ini kok promo grab kaga ada sih . gw kaga bisa makan enak harga murah dong min . min , bantu dong wkwkwk ."", ""baiklah , terimakasih . tapi saya kan tidak sedang berlangganan apa - apa tapi kenapa pulsa saya kesedot ya min ? kira - kira bagaimana ya mengeceknya ? sebelumnya tidak pernah"", ""kalau kerja cuma jadi buzzer kayak gini , maunya murah malu sama daerah yang gak ada internetnya ."", ""pagi min , ini saya top up pulsa ko gagal terus ya . itu kenapa ya min ?"", ""kenapa sih potong pulsa terus ? gakenapa2 tiba2 pulsa habis . tau2 dapet sms pulsa sos , kacau"", ""kenapa pulsa saya yang dipotong internetnya bukan quota saya ? dua kali lagi duh"", ""masalahnya ngarak cuman ke gedung sebelah ya nggak kerasa lah el wkwkwkwk kecuali araknya dari gor unair ke pens , baru kerasa"", ""berulah lagi ? saya gk pernah klik macem² ini , pulsa tersedot banyak banget , hpnya cuma dipake buat nelp & sms"", ""lha perasaan saya ga pernah registrasi ke layanan / fitur tsb . kok bisa tiba2 ada sms begitu .""]",False,10,2123,19,True,60,0.99660933,informal,1,0.6704892516136169,0.6455997228622437,231.76280900923845,False,0.0
google/gemma-3-4b-it,formal,informal,hybrid_early,0.7,mau pesan goclean mengapa tidak ada ?,"min, goclean gak ada kenapa sih?",True,70,4200035,42,"[""grabfood error , apakah saya harus beralih ke gofood ?"", ""min , udh xxxnumberxxx hari ini saya mau gofood kok gak dapet driver terus ? apa aplikasi gojek lagi error ?"", ""min ada promo engga untuk pertama order go massage ?"", ""kalo beli ginian masa aktif ikut nambah gak bossku ? tks"", ""kemana - mana pake grab dan pas lagi ada promo lebih cepet dari"", ""halo saya top up grab ovo lewat atm barusan tapi kok belum masuk ya ?"", ""min , kmaren sy naik grab tp kok nda bisa bayar pake saldo gopay"", ""grab ada kode promo utk grab send terbaru ga ? kok yg antarjkt eired ya"", ""ini kenapa daritadi mau pake voucher gabisa terus yaa ? udah di update juga padahal"", ""masalahnya akun driver bisa bisanya kena bajak . tidak ada pilihan cancel , karena itu yang buat mbak ini ketipu , bang jek ! xxxnumberxxx ! xxxnumberxxx ! xxxnumberxxx ! xxxnumberxxx ! xxxnumberxxx !""]",False,10,1849,10,True,32,0.9972995,informal,1,0.8356251120567322,0.6565976738929749,3283.970322496039,True,0.0
google/gemma-3-4b-it,formal,informal,hybrid_early,0.7,dari tadi susah tidak dapat pengemudi . mengapa ? membuat susah saja . ada respons pula ditanya .,"min, kok lama banget nggak dapet pengemudi sih? giliran ditanya-tanya susah juga responnya.",False,72,4200036,42,"[""mas , mbak , respon mention saya dong . lambat banget deh pelayanannya ."", ""min , tolong bantuannya . gojek instant nelponin saya terus nanya supaya diselesaikan transaksinya . biasanya otomatis kan ?"", ""kemana - mana pake grab dan pas lagi ada promo lebih cepet dari"", ""ini ngapa min kok gini dari sore tadi , dah ku setting lokasi masih sama aja , tolong dibantu dari sore lum makan"", ""jp xxxphonexxx . paket gua kemana ! ni ngak ada tanggapan sekali setan . kurirnya tolol cs budeg"", ""min , udh xxxnumberxxx hari ini saya mau gofood kok gak dapet driver terus ? apa aplikasi gojek lagi error ?"", ""min tadi pesen grabfood , dan ga sengaja kepencet rating xxxnumberxxx cara baikinnya gimana ya ? kasian sama bapaknya ga tegaa"", ""udah masuk email pemberitahuannya suruh cek lagi tetep saldo ga berubah , tapi yasudahlah tak mengapa"", ""halo xxxuserxxx , aplikasi grab di iphone se saya kok jadi berat banget ya apalagi kalau pesan grabfood suka ngehang ."", ""admin grab yang baik hati , saya minta tolong cek dm ya . terima kasih .""]",False,10,2082,25,True,91,0.9967989,informal,1,0.6326364278793335,0.6704412698745728,179.31262360722653,False,0.0
google/gemma-3-4b-it,formal,informal,hybrid_early,0.7,selamat malam . mohon infonya . apakah sedang ada gangguan di aplikasi mobile banking bni ?,"halo min, aplikasi bni mobile lagi gangguan apa ya?",False,74,4200037,42,"[""hai admin , sy baru saja update apl bri mobile . saat may login internet banking knp muncul aktivasi ya ? bisa dibantu ?"", ""oh ya mandiri online , tolong min knp saat proses masuk baru tak dpt sms"", ""maaf min no saya tidak bisa dipakai internet , nelpon dll . mohon ditanggapi dm saya"", ""min maaf lagi gangguan apa gimana ? dari tadi ga konek internet terus"", ""halo min saldo ovo ga muncul di grab , padahal nomor hp sudah sama . tolong cek dm ya min"", ""halo min , cara cek riwayat pengisian pulsa gimana ya ?"", ""barusan ada yg telfon saya dengan nomor ini . apakah ini benar dari halo bca ?"", ""iya kak terimakasih . tapi tadi sudah datang ke galeri indosatnya langsung . sudah normal lagi"", ""bca mobile udah berjalan dengan baik di android xxxnumberxxx per update hari ini . thanks"", ""saya melakukan pembukaan tabungan lewat bca mobile namun saat tahap untuk video call dengan customer service , selalu tidak bisa""]",False,10,1961,13,True,51,0.9903377,informal,1,0.8431727886199951,0.7229679226875305,655.7385248335951,False,0.0
google/gemma-3-4b-it,formal,informal,hybrid_early,0.7,"admin , mohon bantuannya . tolong periksa dm saya . terima kasih .","min, tolong cek dm ya. terima kasih.",False,76,4200038,42,"[""min tolong cek dm ya . terima kasih"", ""selamat malam , tolong cek dm ya min , kiriman paket saya blm di kirim ."", ""min tolong cek dm ya . makasiih"", ""selamat siang min , saya minta bantuan untuk tracking paket . detail telah saya kirim via dm . terimakasih"", ""hai , selamat sore . saya baru saja membeli kartu sim simpati . dan udah coba registrasi , tapi ga ada respon . tolong bantuannya ."", ""selamat siang , mohon bantuannya untuk di follow up admin , karena saya butuh untuk segera dikirimkan , terima kasih"", ""admin grab yang baik hati , saya minta tolong cek dm ya . terima kasih ."", ""malam , mau komplain . paket statusnya sudah sampai . tapi saya belum terima paket . mohon bantuannya . terima kasih ."", ""baik min , sebentar lagi saya kirim lewat dm . terimakasih ."", ""mohon cek dm saya , terima kasih""]",False,10,1831,12,True,36,0.99233127,informal,1,0.8253952264785767,0.7854098081588745,197.60510469142554,False,0.0
google/gemma-3-4b-it,formal,informal,hybrid_early,0.7,"berkat dana xxxuserxxx , beli pulsa total xxxnumberxxx bayarnya cukup xxxnumberxxx . pulsa xxxnumberxxx langsung saya pakai untuk membeli paket data telkomsel xxxnumberxxx xxxnumberxxx gb .","""thanks bgt buat dana xxxuserxxx , beli pulsa total xxxnumberxxx bayarnya cukup xxxnumberxxx . pulsa xxxnumberxxx langsung gue pake buat beli paket data telkomsel xxxnumberxxx xxxnumberxxx gb.""",False,78,4200039,42,"[""pulsa saya terakhir xxxnumberxxx xxxnumberxxx xxxnumberxxx xxxnumberxxx xxxnumberxxx an , terus isi ulang xxxnumberxxx . kenapa skrg jumlahnya hanya xxxnumberxxx ya ? nomer xxxnumberxxx"", ""tolong hentikan sms xxxnumberxxx ke nomor saya . xxxnumberxxx . mengurangi pulsa saya ."", ""ini xxxuserxxx kenapa ya udah xxxnumberxxx x top up ga masuk2 saldonya ?"", ""min ini gimana ya ? saya abis beli voucher xxxnumberxxx xxxnumberxxx k pake go points . pas dipake cuma dapet potongan xxxnumberxxx xxxnumberxxx k ?"", ""kak , tadi coba mau beli pulsa telkomsel xxxnumberxxx xxxnumberxxx xxxnumberxxx k , tapi koq dibatalkan mulu ya ? apa stok nya lagi kosong ?"", ""gak ada balasan sampai sekarang . apa karena cuma terpotong xxxnumberxxx xxxnumberxxx ribu aja ?"", ""min infonya klo upgrade simcard ke xxxnumberxxx g dapet bonus xxxnumberxxx . xxxnumberxxx gg selama xxxnumberxxx bulan . yaa"", ""halo mas / mba xxxuserxxx ini nomor halo saya udah xxxnumberxxx hari gak bisa dipake . rugi dong bayar tagihan doang tapi gak kepake ~"", ""gimana cara pengambilan paket datanya min xxxuserxxx ? sudah cek my telkomsel dan * xxxnumberxxx gak tersediaa ."", ""no transaksi saya xxxnumberxxx . saya udah nunggu xxxnumberxxx hr dana ga balik2 . duit nya ga sedikit . tanggung jawab dong dana org kok di tahan2 !""]",False,10,2428,46,True,193,0.9966432,informal,1,0.9371140599250793,0.912392258644104,67.41933039787597,False,0.0
google/gemma-3-4b-it,formal,informal,hybrid_early,0.7,apakah paket bhyplastic saya akan dilanjut otomatis apabila telah isi pulsa ?,"min, paket bhyplastic kalo pulsa udah diisi, otomatis lanjut gak ya?",False,80,4200040,42,"[""halo min saldo ovo ga muncul di grab , padahal nomor hp sudah sama . tolong cek dm ya min"", ""min kalau mau buat nomer kartu halo baru yang xxxnumberxxx itu bagaimana prosedur dan biayanya ?"", ""satu lagi min , saya aktifin paket ig loop xxxnumberxxx gb xxxnumberxxx kali tp knp malah ga diakumulasi jumlahnya , pulsa udh kesedot xxxnumberxxx xxxnumberxxx rb"", ""dear indosat , sy mau isi paketan , tetapi kenapa tidak bisa ya , sudah sejak jam xxxnumberxxx tadi , pulsa sdh masuk tapi tdk bisa aktip"", ""kartu sim card xl saya sudah hilang dan saya ingin mengaktifasi nomor xl saya apakah bisa ? caranya bagaimana ?"", ""malam , mohon info paket saya sejak tanggal xxxnumberxxx tertahan dgn status itu . blm terkirim sampai sekarang , ada apa ya ?"", ""ka paket no resi ini xxxnumberxxx udah sampai dimana ya ?"", ""halo min , cara cek riwayat pengisian pulsa gimana ya ?"", ""min , cara menambah masa aktif kartu loop gmna ?"", ""min top up di aplikasi ovo kok gabisa nyambung di ovonya grab si . padahal nomornya udah samaa )""]",False,10,2047,17,True,68,0.99699926,informal,1,0.7457223534584045,0.8398057222366333,3277.9470645622177,True,0.0
google/gemma-3-4b-it,formal,informal,hybrid_early,0.7,"kalau chips - nya rusak , memang masih bisa diisi saldo ? masih bisa terdeteksi ketika memeriksa sisa saldo ?","chipnya rusak, bs diisi saldo gak ya? sisa saldo masih terdeteksi pas cek gak tuh?",False,82,4200041,42,"[""saya kirim uang , kenapa tidak masuk ? padahal status berhasil dan saldo sya terpotong"", ""virtual acc bca lagi eror min ?"", ""akun sy disuspend gara2 saya cancel terus . padahal saya buru2 dan dapatnya driver ganjil terus di hari yang genap . mohon dm saya ya"", ""pengembalian saldo karena gagal penarikan membutuhkan waktu berapa lama ya ? saya sudah laporan xxxnumberxxx hari kerja sampai skr masih proses ditindak lanjuti terus"", ""saya barusan isi saldo gopay tapi ga masuk ?"", ""saya udh topup gopay , kenapaa saldo saya tidak bertambah ?"", ""udah di coba tapi masih ngga bisa . cek dm"", ""saya mau tanya , apa nomor rekening yan sudah tidak di tambah saldo selama xxxnumberxxx tahun masih aktif / di gunakan"", ""sama kayak saya pak paket saya gak saya terima claim gak jelas kapan hasilnya , jangan tunggu ini menyebar ya !"", ""bang xxxuserxxx , \"" gagal memuat saldo \"" ini gimana yak mksdnya ? jadinya gk bisa dipake transaksi soalnya ,""]",False,10,1999,22,True,82,0.9957896,informal,1,0.8036199808120728,0.9075055122375488,555.0625608357628,False,0.0
google/gemma-3-4b-it,formal,informal,hybrid_early,0.7,hi . mohon maaf atas ketidaknyamanannya . kamu bisa mengirim pesan nomor dan pertanyaan terkait melalui twitter xxxuserxxx agar dapat dibantu ditindaklanjuti . semoga cukup membantu . terima kasih .,"halo xxxuserxxx mohon bantu tindaklanjuti lewat dm ya , utk masalahnya . semoga cukup membantu , trims",False,84,4200042,42,"[""halo xxxuserxxx sudah dibales kembali ya dmnya isi penjelasan saya . mohon dicek kembali . trims"", ""hallo min selamat pagi , no resi jp xxxphonexxx diperkiran bakal diterima hari ini . tapi malah di disimpan kalau ada alamat yang salah tolong diinfo kan ."", ""maaf min mau nanya apakah bener ini nomor dari gojek ? + xxxnumberxxx"", ""baik min , sebentar lagi saya kirim lewat dm . terimakasih ."", ""halo xxxuserxxx gimana ya caranya kontak driver utk kirim paket same day xxxnumberxxx hours ? sama sekali gabisa ngirim nih . makasih"", ""selamat siang , mohon bantuannya untuk di follow up admin , karena saya butuh untuk segera dikirimkan , terima kasih"", ""malam , mohon info paket saya sejak tanggal xxxnumberxxx tertahan dgn status itu . blm terkirim sampai sekarang , ada apa ya ?"", ""maaf min no saya tidak bisa dipakai internet , nelpon dll . mohon ditanggapi dm saya"", ""halo gojek tolong masalah di selesai kan . dan xxxuserxxx sy udah follow up lg ya ini ."", ""selamat siang xxxuserxxx saya ingin menghapus akun gojek saya , mohon bantuannya . terimakasih""]",False,10,2210,25,False,102,0.9969386,informal,1,0.8066458106040955,0.7594218254089355,568.3403849876514,False,0.0
google/gemma-3-4b-it,formal,informal,hybrid_early,0.7,bagaimana cara menghapus akun gojek ? terima kasih .,"halo admin , mau tanya gimana cara hapus akun gojek dong? makasih.",False,86,4200043,42,"[""hi , admin . mohon bantuan untuk hapus akun gojek saya yg lama ? terimakasih ."", ""selamat siang xxxuserxxx saya ingin menghapus akun gojek saya , mohon bantuannya . terimakasih"", ""halo min , saya mau mengnonaktifkan akun gojek saya mohon dicek dmnya . sedih nih udah dari kemarin nge - mention ga di respon"", ""selamat malam ingin bertanya cara mengenai pendaftaran produk di gojek gmn ya ?"", ""min , udh xxxnumberxxx hari ini saya mau gofood kok gak dapet driver terus ? apa aplikasi gojek lagi error ?"", ""untungnya aku download aplikasi gojek hihiiw terimakasih"", ""halo gojek tolong masalah di selesai kan . dan xxxuserxxx sy udah follow up lg ya ini ."", ""maaf min mau nanya apakah bener ini nomor dari gojek ? + xxxnumberxxx"", ""min , tolong bantuannya . gojek instant nelponin saya terus nanya supaya diselesaikan transaksinya . biasanya otomatis kan ?"", ""bisa jadi admin grabnya salah ketik .""]",False,10,1902,18,True,66,0.99762267,informal,1,0.8377156853675842,0.8050137758255005,192.006964136416,False,0.0
google/gemma-3-4b-it,formal,informal,hybrid_early,0.7,jaringan di kota malang hari ini melambat .,“kok sinyal malang hari ini lemot ya min?”,False,88,4200044,42,"[""min ini kenapa jaringan di karawaci gangguan terus ?"", ""tolong dong xxxuserxxx dari kmaren sore jaringan nya full tapi nggak nyambung ke internet padahal kuota dah lumayan banyak"", ""malam , koneksi telkomsel semakin lama semakin buruk bukan membaik , sudah seminggu lebih seperti ini , jadi gmn solusi terbaik ?"", ""kenapa ya ko sinyalnya jelek bgt ini"", ""sama masih jg jaringan naik turun"", ""parah app grab lemot abis sekarang"", ""ini masih gangguan sinyal xxxnumberxxx g ga bisa aktif datanya ?"", ""kenapa sinyalnya kalau malam jelek mulu sihh"", ""tolong diperbaikan jaringan internet di cilacap yang sangat lemot"", ""apakah indosat daerah medan mengalami gangguan min ?""]",False,10,1666,12,True,42,0.99625117,informal,1,0.704970121383667,0.5102589726448059,267.6770681421143,False,0.0
google/gemma-3-4b-it,formal,informal,hybrid_early,0.7,"admin , koneksi internet indosat setiap malam akhir - akhir ini jeleknya keterlaluan . mohon untuk segera ditindaklanjuti permasalahan ini , karena sangat merugikan kami sebagai pengguna .","admin, koneksi indosat tiap malem makin parah banget, bener-bener udah nggak sabar lagi nih. mohon bantu tindaklanjuti ya, krn ini udah sangat merugikan banget buat kita pengguna.",False,90,4200045,42,"[""malam , koneksi telkomsel semakin lama semakin buruk bukan membaik , sudah seminggu lebih seperti ini , jadi gmn solusi terbaik ?"", ""minn ini kepadah lemot bgt indosat ngeload video twitter lama betul"", ""tolong dong xxxuserxxx dari kmaren sore jaringan nya full tapi nggak nyambung ke internet padahal kuota dah lumayan banyak"", ""maaf min no saya tidak bisa dipakai internet , nelpon dll . mohon ditanggapi dm saya"", ""min maaf lagi gangguan apa gimana ? dari tadi ga konek internet terus"", ""iya kak terimakasih . tapi tadi sudah datang ke galeri indosatnya langsung . sudah normal lagi"", ""dear indosat , sy mau isi paketan , tetapi kenapa tidak bisa ya , sudah sejak jam xxxnumberxxx tadi , pulsa sdh masuk tapi tdk bisa aktip"", ""mohon dibantu sinyal indosatnya koq lemot bgt . baru daftar pket internet padahal ."", ""min di daerah kab . bandung sinyal xxxnumberxxx g hilang walaupun saya restart tetap hilang , mohon pengertiannya min"", ""baiklah , terimakasih . tapi saya kan tidak sedang berlangganan apa - apa tapi kenapa pulsa saya kesedot ya min ? kira - kira bagaimana ya mengeceknya ? sebelumnya tidak pernah""]",False,10,2258,47,True,179,0.99632406,informal,1,0.6455550789833069,0.871711254119873,34.29171448284937,False,0.0
google/gemma-3-4b-it,formal,informal,hybrid_early,0.7,"admin , boleh tau detail dan harga paket yang xxxnumberxxx bulan ?","min , boleh minta detail harga paket xxxnumberxxx bulan?",False,92,4200046,42,"[""min , boleh minta info no puk untuk no xxxnumberxxx"", ""malam , mohon info paket saya sejak tanggal xxxnumberxxx tertahan dgn status itu . blm terkirim sampai sekarang , ada apa ya ?"", ""ka paket no resi ini xxxnumberxxx udah sampai dimana ya ?"", ""min kalo mau transfer pulsa ke telkomsel bisa ga cuma xxxnumberxxx ribu gitu"", ""paket saya sampai mana ya ? resi xxxnumberxxx . thx"", ""jp xxxphonexxx min tolong dong ini paket saya ga nyampe nyampe , padahal ngirim sesama jakarta bisa xxxnumberxxx harian ."", ""mohon info status delivery no resi jd xxxphonexxx tujuan medan , ya min . karena masih belum diterima . paket dikirim dari bandung , tanggal xxxdatexxx . thx"", ""min , jaringan xxxnumberxxx g dilokasi ini error . tolong dibantu cek dong . tks before"", ""halo . paket saya dengan no resi xxxnumberxxx tidak ada pergerakan dari kemarin . tolong konfirmasi nya"", "". ada apa dengan kurir pos . sampai saat ini belum juga update ongkir nya . padahal sudah dari tgl . xxxdatexxx sudah berlaku tarif baru .""]",False,10,2025,13,True,56,0.9964824,informal,1,0.9085299372673035,0.8697460889816284,2780.6512056024203,True,0.0
google/gemma-3-4b-it,formal,informal,hybrid_early,0.7,kembalikan pulsa saya . terpakai terus .,"“min, kenapa pulsa saya terus dipotong ya? tolong di cek dong.”",False,94,4200047,42,"[""saya beli voucher fisik indosat xxxnumberxxx gb unlimited , tapi gagal terus kenapa ya ?"", ""min ini kenapa y , pulsa tiba2 ilang . paketan internet masih byk tp pulsa kesedot trs . mohon follow up nya !"", ""sore min , ini ada keluhan nomer saya pulsa kesedot terus , padahal tidak berlangganan paket apapun . tolong di cek min + xxxnumberxxx xxxnumberxxx - xxxnumberxxx - xxxnumberxxx"", ""selamat malam xxxuserxxx mau tanya , kenapa bonus kuota aplikasi nya gak bisa di pake ? malah kesedot terus kuota utama nya . terimakasih"", ""sudah min . tolong dong . beli token listrik mah lancar"", ""kenapa pulsa saya yang dipotong internetnya bukan quota saya ? dua kali lagi duh"", ""saya kirim uang , kenapa tidak masuk ? padahal status berhasil dan saldo sya terpotong"", ""pagi min , ini saya top up pulsa ko gagal terus ya . itu kenapa ya min ?"", ""telat bayar wifi pas mau bayar jadi xxxnumberxxx ribu"", ""kenapa ya kode promo saya grabwae tidak bisa digunakan ? padahal sejak tgl xxxdatexxx ini saya belum pernah sekalipun pakai kode promo tersebut""]",False,10,2033,19,True,63,0.9681087,informal,1,0.559668242931366,0.5765347480773926,49.37353437997395,False,0.0
google/gemma-3-4b-it,formal,informal,hybrid_early,0.7,"tidak sampai , admin . saya tahu mbaknya penipu .","""mbak, gak sampai tuh , saya tau kok si mbaknya penipu.""",False,96,4200048,42,"[""mas , mbak , respon mention saya dong . lambat banget deh pelayanannya ."", ""sama kayak saya pak paket saya gak saya terima claim gak jelas kapan hasilnya , jangan tunggu ini menyebar ya !"", ""pengembalian saldo karena gagal penarikan membutuhkan waktu berapa lama ya ? saya sudah laporan xxxnumberxxx hari kerja sampai skr masih proses ditindak lanjuti terus"", ""udah xxxnumberxxx hari say . template csnya sih suruh nunggu terus xxxnumberxxx x24 jam . tp ga pernah dibalik2in uangnya ."", ""masalahnya akun driver bisa bisanya kena bajak . tidak ada pilihan cancel , karena itu yang buat mbak ini ketipu , bang jek ! xxxnumberxxx ! xxxnumberxxx ! xxxnumberxxx ! xxxnumberxxx ! xxxnumberxxx !"", ""oh ya mandiri online , tolong min knp saat proses masuk baru tak dpt sms"", ""bos hari keberapa ini ga masuk2 kuota saya , sudah cukup sabar ya bos !"", ""selamat malam , admin . saya ingin melaporkan penipuan online yang terjadi pada saya kemarin , bisa di proses tidak ya ? terima kasih atas perhatiannya ."", ""tolong xxxuserxxx ini di proses , modus penipuan"", ""malam , saya mau mengembalikan barang krn salah kirim . diinfo harus upload bukti pengirimannya . uploadnya dimana ya ? makasih""]",False,10,2184,18,True,56,0.99262017,informal,1,0.8528258204460144,0.6158459186553955,225.01515062610477,False,0.0
google/gemma-3-4b-it,formal,informal,hybrid_early,0.7,"selamat malam , admin . saya memasang paket malam dan paketnya aktif ketika saya menghidupkan data . mengapa pulsa saya hilang ?","min , paket malam saya kok pulsa ilang ya? pas aktifin data sih udah aktif, kenapa gitu?",False,98,4200049,42,"[""kartu sim card xl saya sudah hilang dan saya ingin mengaktifasi nomor xl saya apakah bisa ? caranya bagaimana ?"", ""maaf min no saya tidak bisa dipakai internet , nelpon dll . mohon ditanggapi dm saya"", ""dear indosat , sy mau isi paketan , tetapi kenapa tidak bisa ya , sudah sejak jam xxxnumberxxx tadi , pulsa sdh masuk tapi tdk bisa aktip"", ""mohon dibantu sinyal indosatnya koq lemot bgt . baru daftar pket internet padahal ."", ""min maaf lagi gangguan apa gimana ? dari tadi ga konek internet terus"", ""sore min , ini ada keluhan nomer saya pulsa kesedot terus , padahal tidak berlangganan paket apapun . tolong di cek min + xxxnumberxxx xxxnumberxxx - xxxnumberxxx - xxxnumberxxx"", ""halo min , cara cek riwayat pengisian pulsa gimana ya ?"", ""saya beli voucher fisik indosat xxxnumberxxx gb unlimited , tapi gagal terus kenapa ya ?"", ""baiklah , terimakasih . tapi saya kan tidak sedang berlangganan apa - apa tapi kenapa pulsa saya kesedot ya min ? kira - kira bagaimana ya mengeceknya ? sebelumnya tidak pernah"", ""iya kak terimakasih . tapi tadi sudah datang ke galeri indosatnya langsung . sudah normal lagi""]",False,10,2194,22,True,88,0.99760383,informal,1,0.8273532390594482,0.8072476983070374,329.4250875295314,False,0.0
google/gemma-3-4b-it,formal,informal,hybrid_early,0.7,mengapa malah tambah lambat jaringan saya ?,"min , kenapa jaringan lemot gt ya ?",False,100,4200050,42,"[""mohon dibantu sinyal indosatnya koq lemot bgt . baru daftar pket internet padahal ."", ""min maaf lagi gangguan apa gimana ? dari tadi ga konek internet terus"", ""min , kenapa jaringan idup mati terus ya ? kudu pindah2 apn baru konek ."", ""kenapa pulsa saya yang dipotong internetnya bukan quota saya ? dua kali lagi duh"", ""di kebo sirih sinyal bolak balik e terus nih berhari2 . lagi ga stabil apa gimana sih ?"", ""saya pakai xl prioritas kok lemotnya minta ampun ya ? padahal dulu kenceng bangett , apa lagi ada maintenance ?"", ""internet saya lemot sekali , apa ada yg salah dgn jaringan dsni ? atau karna paket data saya yg truble ?"", ""baiklah , terimakasih . tapi saya kan tidak sedang berlangganan apa - apa tapi kenapa pulsa saya kesedot ya min ? kira - kira bagaimana ya mengeceknya ? sebelumnya tidak pernah"", ""malam , koneksi telkomsel semakin lama semakin buruk bukan membaik , sudah seminggu lebih seperti ini , jadi gmn solusi terbaik ?"", ""kak indosat baru troble ato gmn ya ? kok kartu saya gk ada sinyal""]",False,10,2011,10,True,35,0.9982615,informal,1,0.7863298654556274,0.6973922252655029,2529.3995673402956,True,0.0
google/gemma-3-4b-it,formal,informal,hybrid_early,0.7,"admin , pembelian token pln apa ada kendala ? ini belum masuk sudah xxxnumberxxx jam lebih .","admin , pembelian token pln kok lama banget ya? udah xxxnumberxxx jam lebih nih belum masuk.",False,102,4200051,42,"[""malam , mohon info paket saya sejak tanggal xxxnumberxxx tertahan dgn status itu . blm terkirim sampai sekarang , ada apa ya ?"", ""admin , ketika mau cek tagihan listrik , kenapa tidak bisa ? muncul pesan dibawah"", ""admin , kok dm saya belum di respon - respon ya ? sudah xxxnumberxxx hari nih min"", ""tadi saya topup ke shopee pay , sudah berhasil tapi kok di aplikasi tetep xxxnumberxxx ya ? tolong baca dm saya ya . terimakasih"", ""isi pulsa jam xxxnumberxxx siang saldo dana udah kepotong tapi pulsa belum masuk ?"", ""paket saya sampai mana ya ? resi xxxnumberxxx . thx"", ""sore min , ini ada keluhan nomer saya pulsa kesedot terus , padahal tidak berlangganan paket apapun . tolong di cek min + xxxnumberxxx xxxnumberxxx - xxxnumberxxx - xxxnumberxxx"", ""ka paket no resi ini xxxnumberxxx udah sampai dimana ya ?"", ""grab paket hemat saya billingnya itu tgl xxxnumberxxx juli xxxnumberxxx sekarang aja udh agustus kok subscribe nya masih aktif ya ?"", ""dear indosat , sy mau isi paketan , tetapi kenapa tidak bisa ya , sudah sejak jam xxxnumberxxx tadi , pulsa sdh masuk tapi tdk bisa aktip""]",False,10,2135,22,True,92,0.9975552,informal,1,0.9026197791099548,0.8700515031814575,640.6824592584678,False,0.0
google/gemma-3-4b-it,formal,informal,hybrid_early,0.7,sudah sudah sampai mana ? masa ke bintara saja tidak sampai - sampai ? tolong follow up .,“udah sampai mana nih? paket ke bintara kok gak sampe-sampe ya? tolong di follow up dong.”,False,104,4200052,42,"[""ini min minta tolong di cek sudah sampe mana . masa sudah xxxnumberxxx minggu blm sampe . tolong banget min di update smp mana"", ""malam , mau komplain . paket statusnya sudah sampai . tapi saya belum terima paket . mohon bantuannya . terima kasih ."", "". ada apa dengan kurir pos . sampai saat ini belum juga update ongkir nya . padahal sudah dari tgl . xxxdatexxx sudah berlaku tarif baru ."", ""baiklah , terimakasih . tapi saya kan tidak sedang berlangganan apa - apa tapi kenapa pulsa saya kesedot ya min ? kira - kira bagaimana ya mengeceknya ? sebelumnya tidak pernah"", ""hallo min selamat pagi , no resi jp xxxphonexxx diperkiran bakal diterima hari ini . tapi malah di disimpan kalau ada alamat yang salah tolong diinfo kan ."", ""sama kayak saya pak paket saya gak saya terima claim gak jelas kapan hasilnya , jangan tunggu ini menyebar ya !"", ""paket saya sampai mana ya ? resi xxxnumberxxx . thx"", ""pengembalian saldo karena gagal penarikan membutuhkan waktu berapa lama ya ? saya sudah laporan xxxnumberxxx hari kerja sampai skr masih proses ditindak lanjuti terus"", ""tetap tidak bisa min , nomor kartu kredit yg saya masukan sdh benar . tetapi tetap tidak bisa klik tombol continue . saya udah ulang berkali2 ."", ""halo gojek tolong masalah di selesai kan . dan xxxuserxxx sy udah follow up lg ya ini .""]",False,10,2352,27,True,90,0.99823534,informal,1,0.8333574533462524,0.6715700626373291,38.399020443979545,False,0.0
google/gemma-3-4b-it,formal,informal,hybrid_early,0.7,jaringan xxxuserxxx tertutup kabut . tidak bisa terhubung .,"“jaringan xxxuserxxx lemot banget , gak bisa terhubung.”",False,106,4200053,42,"[""ini masih gangguan sinyal xxxnumberxxx g ga bisa aktif datanya ?"", ""gimana cara pengambilan paket datanya min xxxuserxxx ? sudah cek my telkomsel dan * xxxnumberxxx gak tersediaa ."", ""oo xxxuserxxx lagi eror . pntesan g bisa2 , dan aku harus ambil hotspot dr hp xxxnumberxxx nya yg pake xxxuserxxx lancar jaya , trimakasii"", ""nih xxxuserxxx lemot banget xxxnumberxxx g nya"", ""tolong dong xxxuserxxx dari kmaren sore jaringan nya full tapi nggak nyambung ke internet padahal kuota dah lumayan banyak"", ""pake wipi ( vsat . seluler mati udah mau xxxnumberxxx minggu"", ""xxxuserxxx , min kenapa paket tau di mytelkomsel saya cuma muncul xxxnumberxxx ? ( cuma heavy )"", ""min di daerah kab . bandung sinyal xxxnumberxxx g hilang walaupun saya restart tetap hilang , mohon pengertiannya min"", ""iya . pdhl sisa kuota masih cukuplah . xxxnumberxxx g + padahal"", ""min , jaringan xxxnumberxxx g dilokasi ini error . tolong dibantu cek dong . tks before""]",False,10,1955,16,True,56,0.9918085,informal,1,0.695955753326416,0.795009970664978,304.33647847168834,False,0.0
google/gemma-3-4b-it,formal,informal,hybrid_early,0.7,admin xxxuserxxx perlu dicontoh anak baik yang bekelnya selalu habis !,"min, xxxuserxxx , akunnya hrsnya hati2 bgt , selalu habis duitnya kayak gini!",False,108,4200054,42,"[""nih xxxuserxxx lemot banget xxxnumberxxx g nya"", ""ini sinyalnya knp ya skrg xxxuserxxx jelek bgtt"", ""bang xxxuserxxx , \"" gagal memuat saldo \"" ini gimana yak mksdnya ? jadinya gk bisa dipake transaksi soalnya ,"", ""tolong ditindak lanjuti penipuan baru min xxxuserxxx nomor tidak dikenal , sangat berbahaya , org yg gk tau pasti lgsg menurut apalagi fitur baru"", ""min xxxuserxxx utk memberantas ini bagaimana ?"", ""min tadi pesen grabfood , dan ga sengaja kepencet rating xxxnumberxxx cara baikinnya gimana ya ? kasian sama bapaknya ga tegaa"", ""ujan , ilang sinyalnya xxxuserxxx . ujan , mati lah dia xxxuserxxx kompak ya"", ""ah parah bgt xxxuserxxx tapi baik kok selalu kasih diskon )"", ""masalahnya akun driver bisa bisanya kena bajak . tidak ada pilihan cancel , karena itu yang buat mbak ini ketipu , bang jek ! xxxnumberxxx ! xxxnumberxxx ! xxxnumberxxx ! xxxnumberxxx ! xxxnumberxxx !"", ""cek dm coba xxxuserxxx dari tadi komplen ngga ada respon , pulsa udah kepotong kena tarif per kb""]",False,10,2011,25,True,77,0.99741876,informal,1,0.5251377820968628,0.6469327211380005,547.6497438849166,False,0.0
google/gemma-3-4b-it,formal,informal,hybrid_early,0.7,tolong cek dm dari saya . terima kasih .,min tolong cek dm ya . terima kasih,True,110,4200055,42,"[""mohon cek dm saya , terima kasih"", ""min tolong cek dm ya . terima kasih"", ""min tolong cek dm ya . makasiih"", ""sudah saya dm min , mohon di cek"", ""baik min , sebentar lagi saya kirim lewat dm . terimakasih ."", ""sudah saya dm . mohon di balas"", ""selamat siang kak , mohon dicek saya mengirimkan dm . terimakasih"", ""selamat malam , tolong cek dm ya min , kiriman paket saya blm di kirim ."", ""selamat siang min , saya minta bantuan untuk tracking paket . detail telah saya kirim via dm . terimakasih"", ""min mohon cek dm , ditunggu responnya , makasih""]",False,10,1542,10,False,35,0.9975114,informal,1,0.884738564491272,0.8558493852615356,1101.737675190128,True,0.0
google/gemma-3-4b-it,formal,informal,hybrid_early,0.7,"admin , tolong . mengapa paket xxxnumberxxx xxxnumberxxx gb yang xxxnumberxxx ribunya hilang ?","admin, kok paket xxxnumberxxx xxxnumberxxx gbnya hilang ya, yang xxxnumberxxx ribu nih?",False,112,4200056,42,"[""saya beli voucher fisik indosat xxxnumberxxx gb unlimited , tapi gagal terus kenapa ya ?"", ""gimana cara pengambilan paket datanya min xxxuserxxx ? sudah cek my telkomsel dan * xxxnumberxxx gak tersediaa ."", ""gak ada balasan sampai sekarang . apa karena cuma terpotong xxxnumberxxx xxxnumberxxx ribu aja ?"", ""kak , tadi coba mau beli pulsa telkomsel xxxnumberxxx xxxnumberxxx xxxnumberxxx k , tapi koq dibatalkan mulu ya ? apa stok nya lagi kosong ?"", ""jp xxxphonexxx min tolong dong ini paket saya ga nyampe nyampe , padahal ngirim sesama jakarta bisa xxxnumberxxx harian ."", ""pulsa saya terakhir xxxnumberxxx xxxnumberxxx xxxnumberxxx xxxnumberxxx xxxnumberxxx an , terus isi ulang xxxnumberxxx . kenapa skrg jumlahnya hanya xxxnumberxxx ya ? nomer xxxnumberxxx"", ""telat bayar wifi pas mau bayar jadi xxxnumberxxx ribu"", ""besok ada surprise deal xxxnumberxxx xxxnumberxxx gb lagi gak ? saya mau beli"", ""min , jaringan xxxnumberxxx g dilokasi ini error . tolong dibantu cek dong . tks before"", ""sore min , ini ada keluhan nomer saya pulsa kesedot terus , padahal tidak berlangganan paket apapun . tolong di cek min + xxxnumberxxx xxxnumberxxx - xxxnumberxxx - xxxnumberxxx""]",False,10,2222,23,True,87,0.9740592,informal,1,0.9158095121383667,0.9466109275817871,424.04253753154245,False,0.0
google/gemma-3-4b-it,formal,informal,hybrid_early,0.7,lama sekali ini ! barang belum sampai ! resi : xxxnumberxxx .,"""lama banget sih ini! barangnya kok belum sampai ya? resi: xxxnumberxxx.""",True,114,4200057,42,"[""paket saya sampai mana ya ? resi xxxnumberxxx . thx"", ""malam , mohon info paket saya sejak tanggal xxxnumberxxx tertahan dgn status itu . blm terkirim sampai sekarang , ada apa ya ?"", ""ka paket no resi ini xxxnumberxxx udah sampai dimana ya ?"", ""malam , mau komplain . paket statusnya sudah sampai . tapi saya belum terima paket . mohon bantuannya . terima kasih ."", "". ada apa dengan kurir pos . sampai saat ini belum juga update ongkir nya . padahal sudah dari tgl . xxxdatexxx sudah berlaku tarif baru ."", ""no . transaksi xxxnumberxxx barang belum dikirim melebihi batas kirim , dana belum masuk ke saldo bl saya ."", ""selamat malam , tolong cek dm ya min , kiriman paket saya blm di kirim ."", ""halo . paket saya dengan no resi xxxnumberxxx tidak ada pergerakan dari kemarin . tolong konfirmasi nya"", ""ini min minta tolong di cek sudah sampe mana . masa sudah xxxnumberxxx minggu blm sampe . tolong banget min di update smp mana"", ""mau tanya no pesanan xxxnumberxxx kapan dikirimnya ya ? dari kemarin masih pengemasan blm berubah""]",False,10,2048,20,True,73,0.99369603,informal,1,0.9186119437217712,0.8180633187294006,165.39316892675538,False,0.0
google/gemma-3-4b-it,formal,informal,hybrid_early,0.7,"admin . resi xxxnumberxxx , posisinya sudah di mana ?","admin, paket resi xxxnumberxxx udah di mana nih?",False,116,4200058,42,"[""ka paket no resi ini xxxnumberxxx udah sampai dimana ya ?"", ""paket saya sampai mana ya ? resi xxxnumberxxx . thx"", ""halo . paket saya dengan no resi xxxnumberxxx tidak ada pergerakan dari kemarin . tolong konfirmasi nya"", ""maaf min mau nanya apakah bener ini nomor dari gojek ? + xxxnumberxxx"", ""admin , kok dm saya belum di respon - respon ya ? sudah xxxnumberxxx hari nih min"", ""malam , mohon info paket saya sejak tanggal xxxnumberxxx tertahan dgn status itu . blm terkirim sampai sekarang , ada apa ya ?"", ""min tolong di bantu cek resi xxxnumberxxx , sudah xxxnumberxxx hari ndak ada pergerakan ."", ""paket dengan resi xxxnumberxxx bagaimana ya kabarnya ? kok statusnya ga berubah ya ? kan yes"", ""halo admin , mohon dicek untuk paket dengan nomor resi dibawah ini . sudah xxxnumberxxx hari masih disitu2 aja . urgent soalnya . thank you ."", ""paket saya dgn resi xxxnumberxxx knp stuck dan belum dikirimkan dr tgl xxxnumberxxx ?""]",False,10,1939,13,True,48,0.99391645,informal,1,0.922512412071228,0.8320531845092773,2553.6140560646213,True,0.0
google/gemma-3-4b-it,formal,informal,hybrid_early,0.7,pastinya masih ditunggu nih kejutannya selalu on . pokoknya lihat timelinenya .,"min, udah di tunggu nih kejutan selalu on. pokoknya liat timeline ya!",True,118,4200059,42,"[""min mohon cek dm , ditunggu responnya , makasih"", ""halo ini gimana gak bisa di dm . udah follow akunnya juga"", ""yuk pantau timeline smartfren terus ya jangan lupa follow xxxuserxxx juga yah kak . terima kasih sobat setia smartfren . via"", ""haloo min tolong cek dm yaa makasih ^ ^"", ""mas , mbak , respon mention saya dong . lambat banget deh pelayanannya ."", ""iya mbak ini belum terupdate , udah dm adminnua"", ""grab paket hemat saya billingnya itu tgl xxxnumberxxx juli xxxnumberxxx sekarang aja udh agustus kok subscribe nya masih aktif ya ?"", ""bos hari keberapa ini ga masuk2 kuota saya , sudah cukup sabar ya bos !"", ""ditunggu loh penyelesaian kasusnya . cek dm . trims"", ""udah min , tolong cek dm ya""]",False,10,1737,19,True,69,0.9974572,informal,1,0.8620694875717163,0.8107390403747559,926.2974046978594,False,0.0
google/gemma-3-4b-it,formal,informal,hybrid_early,0.7,mengapa nomor saya tidak bisa didaftarkan paket data ? nomor + xxxnumberxxx .,"min, kenapa nomor saya gak bisa daftar paket data ya + xxxnumberxxx .",False,120,4200060,42,"[""sore min , ini ada keluhan nomer saya pulsa kesedot terus , padahal tidak berlangganan paket apapun . tolong di cek min + xxxnumberxxx xxxnumberxxx - xxxnumberxxx - xxxnumberxxx"", ""saya mau tanya , ini saya mau beli paket yellow kenapa sama xxxnumberxxx tidak direspon / tidak dibalas"", ""min kalau mau buat nomer kartu halo baru yang xxxnumberxxx itu bagaimana prosedur dan biayanya ?"", ""dear indosat , sy mau isi paketan , tetapi kenapa tidak bisa ya , sudah sejak jam xxxnumberxxx tadi , pulsa sdh masuk tapi tdk bisa aktip"", ""min kalo mau transfer pulsa ke telkomsel bisa ga cuma xxxnumberxxx ribu gitu"", ""maaf min mau nanya apakah bener ini nomor dari gojek ? + xxxnumberxxx"", ""paket saya sampai mana ya ? resi xxxnumberxxx . thx"", ""xxxuserxxx , min kenapa paket tau di mytelkomsel saya cuma muncul xxxnumberxxx ? ( cuma heavy )"", ""ini kenapa lagi ya mau perpanjang internet ga bisa ? xxxnumberxxx juga ga bisa ?"", ""sy pindah kartu simpati lama ke xxxnumberxxx g . katanya ada bonus kuota internet , tp kok sy ga dapet . mhon penjelasannya !""]",False,10,2078,17,True,69,0.99534816,informal,1,0.8776208162307739,0.9208840727806091,1405.9679453658048,True,0.0
google/gemma-3-4b-it,formal,informal,hybrid_early,0.7,sudah saya dm min . tolong direspon .,min tolong respon dm ya . makasih,False,122,4200061,42,"[""sdh dibalas dm . nya bos . makasih sdh direspon"", ""sudah saya dm min , mohon di cek"", ""sudah saya dm . mohon di balas"", ""udah aku dm ya min , tolong responnya ."", ""min tolong cek dm ya . makasiih"", ""min tolong cek dm ya . terima kasih"", ""selamat malam , tolong cek dm ya min , kiriman paket saya blm di kirim ."", ""baik min , sebentar lagi saya kirim lewat dm . terimakasih ."", ""min tolong respon kelanjutan keluhan saya"", ""paket saya sampai mana ya ? resi xxxnumberxxx . thx""]",False,10,1467,10,False,33,0.9984352,informal,1,0.7819377779960632,0.7207756042480469,1988.8656855171278,True,0.0
google/gemma-3-4b-it,formal,informal,hybrid_early,0.7,admin . pesanan saya mengapa tidak sampai - sampai ? resinya tidak dapat dicek juga . bagaimana ini ? tolong dibantu periksa .,"min , pesen saya kok gak smpai2 ya ? resi gak bisa di cek juga . gmna ini ? tolong di cek ya min bantuannya . makasih",True,124,4200062,42,"[""malam , saya mau mengembalikan barang krn salah kirim . diinfo harus upload bukti pengirimannya . uploadnya dimana ya ? makasih"", ""malam , mau komplain . paket statusnya sudah sampai . tapi saya belum terima paket . mohon bantuannya . terima kasih ."", ""ini min minta tolong di cek sudah sampe mana . masa sudah xxxnumberxxx minggu blm sampe . tolong banget min di update smp mana"", ""mau tanya no pesanan xxxnumberxxx kapan dikirimnya ya ? dari kemarin masih pengemasan blm berubah"", ""min , ini kenapa saya gak bisa sms ya ? saya mau konfirmasi pembelian paket gagal mulu sms nya drtd ."", ""tolong paket saya blm saya terima tapi pas di check tracking ko udh delivered ?"", ""malam , mohon info paket saya sejak tanggal xxxnumberxxx tertahan dgn status itu . blm terkirim sampai sekarang , ada apa ya ?"", "". ada apa dengan kurir pos . sampai saat ini belum juga update ongkir nya . padahal sudah dari tgl . xxxdatexxx sudah berlaku tarif baru ."", ""halo barang sy dari tanggal xxxdatexxx sdh dijakarta , tp kenapa gak sampai2 min . tlg dicek min ."", ""selamat malam , tolong cek dm ya min , kiriman paket saya blm di kirim .""]",False,10,2200,35,False,117,0.9983285,informal,1,0.6789313554763794,0.7898308038711548,43.73908566673478,False,0.0
google/gemma-3-4b-it,formal,informal,hybrid_early,0.7,"tangal berapa ini ? mas xxxuserxxx , menggunakan kartu apa ? apakah kartu halo juga ?","“tanggal berapa nih? mas xxxuserxxx, pakai kartu apa? kartu halo juga yak?”",False,126,4200063,42,"[""haloo xxxuserxxx ini paket saya malah bolak balik gini"", ""min kalau mau buat nomer kartu halo baru yang xxxnumberxxx itu bagaimana prosedur dan biayanya ?"", ""halo mas / mba xxxuserxxx ini nomor halo saya udah xxxnumberxxx hari gak bisa dipake . rugi dong bayar tagihan doang tapi gak kepake ~"", ""gimana cara dm nya kak ? nomor saya xxxnumberxxx"", ""halo . dari xxxnumberxxx hari lalu saya mau bayar cc via mbanking tapi selalu keluar popup seperti ini kenapa ya ?"", ""barusan ada yg telfon saya dengan nomor ini . apakah ini benar dari halo bca ?"", ""gimana cara pengambilan paket datanya min xxxuserxxx ? sudah cek my telkomsel dan * xxxnumberxxx gak tersediaa ."", ""dear xxxuserxxx : paket yellow kok nggak bisa dipaketin yaa ?"", ""halo xxxuserxxx gimana ya caranya kontak driver utk kirim paket same day xxxnumberxxx hours ? sama sekali gabisa ngirim nih . makasih"", ""selamat malam xxxuserxxx mau tanya , kenapa bonus kuota aplikasi nya gak bisa di pake ? malah kesedot terus kuota utama nya . terimakasih""]",False,10,2044,20,True,75,0.9839442,informal,1,0.8923940658569336,0.8291000127792358,451.0570026933253,False,0.0
google/gemma-3-4b-it,formal,informal,hybrid_early,0.7,amin . semoga juga sinyal internet indosat tidak hilang - hilangan terus . karena aku belum berniat mengganti provider .,"amin , semoga juga sinyal internet indosat gak hilang - hilang terus . soalnya aku belum mau ganti provider",False,128,4200064,42,"[""iya kak terimakasih . tapi tadi sudah datang ke galeri indosatnya langsung . sudah normal lagi"", ""kartu sim card xl saya sudah hilang dan saya ingin mengaktifasi nomor xl saya apakah bisa ? caranya bagaimana ?"", ""saya beli voucher fisik indosat xxxnumberxxx gb unlimited , tapi gagal terus kenapa ya ?"", ""kak gimana nih saya daftar paket yellow gak bisa bisa"", ""mohon dibantu sinyal indosatnya koq lemot bgt . baru daftar pket internet padahal ."", ""di kebo sirih sinyal bolak balik e terus nih berhari2 . lagi ga stabil apa gimana sih ?"", ""hai , selamat sore . saya baru saja membeli kartu sim simpati . dan udah coba registrasi , tapi ga ada respon . tolong bantuannya ."", ""baiklah , terimakasih . tapi saya kan tidak sedang berlangganan apa - apa tapi kenapa pulsa saya kesedot ya min ? kira - kira bagaimana ya mengeceknya ? sebelumnya tidak pernah"", ""min maaf lagi gangguan apa gimana ? dari tadi ga konek internet terus"", ""sore min , ini ada keluhan nomer saya pulsa kesedot terus , padahal tidak berlangganan paket apapun . tolong di cek min + xxxnumberxxx xxxnumberxxx - xxxnumberxxx - xxxnumberxxx""]",False,10,2181,23,False,107,0.9974367,informal,1,0.9449337124824524,0.9608221054077148,276.5050539992614,False,0.0
google/gemma-3-4b-it,formal,informal,hybrid_early,0.7,coba periksa dm - nya yaya . kamu seperti sepupu saya bernama yaya .,"yaya dong, cek dm nya yaa . kayak sepupu kamu gitu.",False,130,4200065,42,"[""halo . dari xxxnumberxxx hari lalu saya mau bayar cc via mbanking tapi selalu keluar popup seperti ini kenapa ya ?"", ""gimana cara dm nya kak ? nomor saya xxxnumberxxx"", ""di my telkomsel muncul sperti itu kak"", ""dear xxxuserxxx , please check my dm ."", ""eyy min , ini kenapa sih indosat kok gabisa dipasang paket"", ""nomer saya aja udah di dm dari tadi ga ditangani . gimana min ?"", ""tolong cek jb xxxphonexxx dr tgl xxxnumberxxx kok ga ada status lagi"", ""lah kok nomer saya tiba2 terdaftar sih ?"", ""paket dengan resi xxxnumberxxx bagaimana ya kabarnya ? kok statusnya ga berubah ya ? kan yes"", ""halo . paket saya dengan no resi xxxnumberxxx tidak ada pergerakan dari kemarin . tolong konfirmasi nya""]",False,10,1721,16,True,51,0.99733895,informal,1,0.7888150215148926,0.7969946265220642,694.7545359973205,False,0.0
google/gemma-3-4b-it,formal,informal,hybrid_early,0.7,halo xxxuserxxx . mengapa grabfood kamu tidak bisa digunakan sejak kemarin ?,"“halo xxxuserxxx , grabfood aku kok gak bisa dipakai sejak kemarin ya ?”",False,132,4200066,42,"[""halo xxxuserxxx , aplikasi grab di iphone se saya kok jadi berat banget ya apalagi kalau pesan grabfood suka ngehang ."", ""min , udh xxxnumberxxx hari ini saya mau gofood kok gak dapet driver terus ? apa aplikasi gojek lagi error ?"", ""kenapa ya kode promo saya grabwae tidak bisa digunakan ? padahal sejak tgl xxxdatexxx ini saya belum pernah sekalipun pakai kode promo tersebut"", ""grabfood error , apakah saya harus beralih ke gofood ?"", ""promo grab food semuanya mental ga bisa dipake . sedih akutu , xxxuserxxx . huhuhu"", ""halo saya top up grab ovo lewat atm barusan tapi kok belum masuk ya ?"", ""kenapa aplikasi xxxuserxxx jadi lemot semenjak update ios ? huftt tapi gojek nggak"", ""min tadi pesen grabfood , dan ga sengaja kepencet rating xxxnumberxxx cara baikinnya gimana ya ? kasian sama bapaknya ga tegaa"", ""kaa kok udh order xxxnumberxxx x gofood pake gopay kok ga dapet cashback gopay yaa ?"", ""halo grab mo tanya dong , apakah bs driver dapet xxxnumberxxx order dr org berbeda dlm xxxnumberxxx waktu ?""]",False,10,2041,18,True,72,0.9951001,informal,1,0.9092873334884644,0.8756252527236938,466.9279241198039,False,0.0
google/gemma-3-4b-it,formal,informal,hybrid_early,0.7,"halo xxxuserxxx , teman saya transfer melalui gopay kenapa belum masuk ?","halo xxxuserxxx, kok dana gopay transfer teman gak masuk ya?",False,134,4200067,42,"[""halo mas / mba xxxuserxxx ini nomor halo saya udah xxxnumberxxx hari gak bisa dipake . rugi dong bayar tagihan doang tapi gak kepake ~"", ""maaf min mau nanya apakah bener ini nomor dari gojek ? + xxxnumberxxx"", ""halo xxxuserxxx gimana ya caranya kontak driver utk kirim paket same day xxxnumberxxx hours ? sama sekali gabisa ngirim nih . makasih"", ""kak , tadi coba mau beli pulsa telkomsel xxxnumberxxx xxxnumberxxx xxxnumberxxx k , tapi koq dibatalkan mulu ya ? apa stok nya lagi kosong ?"", ""admin , kok dm saya belum di respon - respon ya ? sudah xxxnumberxxx hari nih min"", ""halo . paket saya dengan no resi xxxnumberxxx tidak ada pergerakan dari kemarin . tolong konfirmasi nya"", ""hai , xxxuserxxx tolong cek dm saya ya , thanks !"", ""halo . dari xxxnumberxxx hari lalu saya mau bayar cc via mbanking tapi selalu keluar popup seperti ini kenapa ya ?"", ""halo gojek tolong masalah di selesai kan . dan xxxuserxxx sy udah follow up lg ya ini ."", ""halo saya top up grab ovo lewat atm barusan tapi kok belum masuk ya ?""]",False,10,2043,16,True,60,0.9956245,informal,1,0.8886443376541138,0.9254090785980225,1077.198623842436,True,0.0
google/gemma-3-4b-it,formal,informal,hybrid_early,0.7,yang dihina pun ulama . otaknya tidak ada isi yang begitu bang .,"""udah di dm dibaca aja nggak""",False,136,4200068,42,"[""hahaha sejak malika di besarkan , pengertian dong makanya , biar ia tidak diam diam saja"", ""skrg dm mereka yg bilang pulsa udh dibalikin dihapus sama mereka . oh gt ya cara nyari uang skrg ?"", ""min maaf mau tanya lg . kl mbca yg ke blokir , atm nya ga ikutan ke blokir jg kan ya ?"", ""aduuw aku ngakak . tapi bener juga si wkwk"", ""ada apa denganmu . xxxnumberxxx g loh itu"", ""jgn di protect twitter lu , mereka gabisa baca mban"", ""yang dinilai apaan tuh ? kecepatan ngunyah ? 🤔"", ""ini provider isiny cm bangsat yg cm menipu konsumen2nya dgn alsan dm agar konsumen lain tdk tau . knp hrs dm tolol xl ?"", ""ngak bisa bedain pertanyaan dgn komplain tolol . org idiot kok bisa di pake ama ini provider bangsat xl"", ""udah di dm dibaca aja nggak""]",False,10,1757,10,True,29,0.9983542,informal,1,0.26943111419677734,0.16916829347610474,668.9827570109582,False,0.0
google/gemma-3-4b-it,formal,informal,hybrid_early,0.7,"halo , selamat malam . saya ingin bertanya , apakah program kkb dapat dipergunakan untuk mobil bekas ? terima kasih .","halo min , kkb bisa buat mobil bekas gak ya ? thanks",False,138,4200069,42,"[""hai , selamat sore . saya baru saja membeli kartu sim simpati . dan udah coba registrasi , tapi ga ada respon . tolong bantuannya ."", ""min kalau mau buat nomer kartu halo baru yang xxxnumberxxx itu bagaimana prosedur dan biayanya ?"", ""malam , mau komplain . paket statusnya sudah sampai . tapi saya belum terima paket . mohon bantuannya . terima kasih ."", ""halo min , cara cek riwayat pengisian pulsa gimana ya ?"", ""saya mau tanya , ini saya mau beli paket yellow kenapa sama xxxnumberxxx tidak direspon / tidak dibalas"", ""malam , mohon info paket saya sejak tanggal xxxnumberxxx tertahan dgn status itu . blm terkirim sampai sekarang , ada apa ya ?"", ""halo min saldo ovo ga muncul di grab , padahal nomor hp sudah sama . tolong cek dm ya min"", ""halo min tolong di bantu no resi jp xxxphonexxx dan jp xxxphonexxx status sudah diterima . tapi saya dan orang rumah belum terima paketnya . tolong dibantu ."", ""min tolong cek dm ya . terima kasih"", ""selamat malam ingin bertanya cara mengenai pendaftaran produk di gojek gmn ya ?""]",False,10,2098,14,False,52,0.9983917,informal,1,0.8473497629165649,0.7101673483848572,1285.7024198442775,True,0.0
google/gemma-3-4b-it,formal,informal,hybrid_early,0.7,"halo , bagaimana dengan paket saya yang tidak dikirim - kirim . statusnya masih disimpan .","halo , paket saya masih disimpan , gimana ya?",True,140,4200070,42,"[""malam , mau komplain . paket statusnya sudah sampai . tapi saya belum terima paket . mohon bantuannya . terima kasih ."", ""malam , mohon info paket saya sejak tanggal xxxnumberxxx tertahan dgn status itu . blm terkirim sampai sekarang , ada apa ya ?"", ""halo . paket saya dengan no resi xxxnumberxxx tidak ada pergerakan dari kemarin . tolong konfirmasi nya"", ""halo min tolong di bantu no resi jp xxxphonexxx dan jp xxxphonexxx status sudah diterima . tapi saya dan orang rumah belum terima paketnya . tolong dibantu ."", ""saya mau tanya , ini saya mau beli paket yellow kenapa sama xxxnumberxxx tidak direspon / tidak dibalas"", ""malam , saya mau mengembalikan barang krn salah kirim . diinfo harus upload bukti pengirimannya . uploadnya dimana ya ? makasih"", ""selamat malam , tolong cek dm ya min , kiriman paket saya blm di kirim ."", ""paket saya sampai mana ya ? resi xxxnumberxxx . thx"", ""min kalau mau buat nomer kartu halo baru yang xxxnumberxxx itu bagaimana prosedur dan biayanya ?"", ""min , ini kenapa saya gak bisa sms ya ? saya mau konfirmasi pembelian paket gagal mulu sms nya drtd .""]",False,10,2136,11,True,45,0.9856618,informal,1,0.8130708336830139,0.8707708716392517,3522.8196435430955,True,0.0
google/gemma-3-4b-it,formal,informal,hybrid_early,0.7,tolong diperluas lagi ya admin jangkauan jaringannya . aku tunggu kabar baiknya admin .,"“min, tolong diperluas jangkauan jaringan ya. aku tunggu kabarnya.”",False,142,4200071,42,"[""selamat siang , mohon bantuannya untuk di follow up admin , karena saya butuh untuk segera dikirimkan , terima kasih"", ""udah aku dm ya min , tolong responnya ."", ""min tolong cek dm ya . terima kasih"", ""baik min , sebentar lagi saya kirim lewat dm . terimakasih ."", ""mohon bantuan segera ya min , saya tunggu"", ""mas , mbak , respon mention saya dong . lambat banget deh pelayanannya ."", ""min tolong cek dm ya . makasiih"", ""sudah saya proses lewat email juga , tolong di percepat saja melalui emailnya . thx ."", ""maaf min no saya tidak bisa dipakai internet , nelpon dll . mohon ditanggapi dm saya"", ""selamat malam , tolong cek dm ya min , kiriman paket saya blm di kirim .""]",False,10,1714,19,True,67,0.8505508,informal,1,0.7964755892753601,0.7243101000785828,76.74571035335941,False,0.0
google/gemma-3-4b-it,formal,informal,hybrid_early,0.7,"admin . tolong ini , ada apa dengan toko saya ?","admin , ada apa dengan toko saya ya? tolong infoo.",False,144,4200072,42,"[""mohon info kenapa dengan koneksi bukalapak ?"", ""halo admin , ini kenapa saya selalu di telpon oleh cs ? dan disaat jam kerja ."", ""gangguan ya ? kok sya transaksi gaga terus"", ""halo pengaduan saya pengembalian dana ke kartu kredit belum di tangani . tolonglah jangan diam"", ""mas , mbak , respon mention saya dong . lambat banget deh pelayanannya ."", ""selamat malam , admin . saya ingin melaporkan penipuan online yang terjadi pada saya kemarin , bisa di proses tidak ya ? terima kasih atas perhatiannya ."", ""min , jaringan xxxnumberxxx g dilokasi ini error . tolong dibantu cek dong . tks before"", ""oh ya mandiri online , tolong min knp saat proses masuk baru tak dpt sms"", ""paket saya resi xxxnumberxxx dilaporkan oleh pihak jtr bandung klo barangnya hilang krn kapal terbakar . ini gimana ?"", ""malam . ini kenapa yaa ? mohon infoo . thank you""]",False,10,1846,15,True,50,0.71484,informal,1,0.7533520460128784,0.9583389759063721,322.52779779678536,False,0.0
google/gemma-3-4b-it,formal,informal,hybrid_early,0.7,"halo admin , saya mengapa beli fore cofee tidak dapat cashback ? mengapa admin ? bisa di refund tidak ?","halo admin , kenapa beli fore cofee gak dapat cashback ya ? bisa di refund gak nih?",False,146,4200073,42,"[""tadi saya topup ke shopee pay , sudah berhasil tapi kok di aplikasi tetep xxxnumberxxx ya ? tolong baca dm saya ya . terimakasih"", ""sama kayak saya pak paket saya gak saya terima claim gak jelas kapan hasilnya , jangan tunggu ini menyebar ya !"", ""kak , tadi coba mau beli pulsa telkomsel xxxnumberxxx xxxnumberxxx xxxnumberxxx k , tapi koq dibatalkan mulu ya ? apa stok nya lagi kosong ?"", ""saya mau tanya , ini saya mau beli paket yellow kenapa sama xxxnumberxxx tidak direspon / tidak dibalas"", ""pengembalian saldo karena gagal penarikan membutuhkan waktu berapa lama ya ? saya sudah laporan xxxnumberxxx hari kerja sampai skr masih proses ditindak lanjuti terus"", ""apa ini kerjaan bukalapak resi udah benar kenapa dana saya dibalikin ke pembeli ?"", ""grab paket hemat saya billingnya itu tgl xxxnumberxxx juli xxxnumberxxx sekarang aja udh agustus kok subscribe nya masih aktif ya ?"", ""min ini gimana ya ? saya abis beli voucher xxxnumberxxx xxxnumberxxx k pake go points . pas dipake cuma dapet potongan xxxnumberxxx xxxnumberxxx k ?"", ""halo . dari xxxnumberxxx hari lalu saya mau bayar cc via mbanking tapi selalu keluar popup seperti ini kenapa ya ?"", ""halo . paket saya dengan no resi xxxnumberxxx tidak ada pergerakan dari kemarin . tolong konfirmasi nya""]",False,10,2320,20,True,83,0.99822813,informal,1,0.9200839996337891,0.9848008155822754,714.9694938169131,False,0.0
google/gemma-3-4b-it,formal,informal,hybrid_early,0.7,bagaimana mau terbantu ? dm saja tidak respons lambat . sudah xxxnumberxxx hari dm saya tidak respons .,“kok dm gue blm di respon - respon ya? udah xxxnumberxxx hari nih min”,False,148,4200074,42,"[""admin , kok dm saya belum di respon - respon ya ? sudah xxxnumberxxx hari nih min"", ""saya mau tanya , ini saya mau beli paket yellow kenapa sama xxxnumberxxx tidak direspon / tidak dibalas"", ""udah xxxnumberxxx menit stuck gini terus , padahal koneksi internet saya normal . tolong di bantu"", ""sudah hampir xxxnumberxxx hari paket belum rilis ? ada apa ?"", ""grab paket hemat saya billingnya itu tgl xxxnumberxxx juli xxxnumberxxx sekarang aja udh agustus kok subscribe nya masih aktif ya ?"", ""malam , mohon info paket saya sejak tanggal xxxnumberxxx tertahan dgn status itu . blm terkirim sampai sekarang , ada apa ya ?"", ""halo . paket saya dengan no resi xxxnumberxxx tidak ada pergerakan dari kemarin . tolong konfirmasi nya"", ""minta pencerahan nya hu . kok saldo ga msk ya , xxxnumberxxx trip xxxnumberxxx . ada apa kah ini"", ""min , jaringan xxxnumberxxx g dilokasi ini error . tolong dibantu cek dong . tks before"", ""hai jnt xxxuserxxx mau tanya dong kenapa paket yg saya kirim masih gini aja ya mohon pencerahannya""]",False,10,2077,21,True,70,0.998444,informal,1,0.7477718591690063,0.6286792755126953,584.3151531597427,False,0.0
google/gemma-3-4b-it,formal,informal,hybrid_early,0.7,"frustasi dengan atm mandiri , hampir setiap hari bermasalah di seputar tanggerang selatan . kenapa bank lain seperti b * * jarang sekali bermasalah ? segera berbenah , menyebalkan .","“ane kesel banget sama atm mandiri, tiap hari berantem di tangerang selatan. kenapa bank lain kayak b*njar jarang macet? buruan diperbaiki, bikin kesel.”",False,150,4200075,42,"[""halo pengaduan saya pengembalian dana ke kartu kredit belum di tangani . tolonglah jangan diam"", ""halo selamat pagi , kalo atm mandiri terblokir krn salah pswrd , mandiri online ikut keblokir tdk ? tks"", ""hai admin , sy baru saja update apl bri mobile . saat may login internet banking knp muncul aktivasi ya ? bisa dibantu ?"", ""min ini kenapa jaringan di karawaci gangguan terus ?"", ""pengembalian saldo karena gagal penarikan membutuhkan waktu berapa lama ya ? saya sudah laporan xxxnumberxxx hari kerja sampai skr masih proses ditindak lanjuti terus"", ""oh ya mandiri online , tolong min knp saat proses masuk baru tak dpt sms"", ""ke grapari niat mau tuker sim ke xxxnumberxxx g . eh antriannya abis , pas pulang ditawarin nomor sama kang parkir . kumaha eta"", ""di kebo sirih sinyal bolak balik e terus nih berhari2 . lagi ga stabil apa gimana sih ?"", ""malam , koneksi telkomsel semakin lama semakin buruk bukan membaik , sudah seminggu lebih seperti ini , jadi gmn solusi terbaik ?"", ""kenapa nih ? banyak yang complaint voucher tidak bisa di akses termasuk saya juga gak bisa akses voucher""]",False,10,2227,38,True,153,0.9823492,informal,1,0.7292985916137695,0.8198873996734619,94.87781380892277,False,0.0
google/gemma-3-4b-it,formal,informal,hybrid_early,0.7,apakah akun grab - nya digunakan untuk memesan kimcil ? oleh sebab itu akunnya ditangguhkan .,“kok akun grabnya ditangguhkan sih? padahal buat pesen kimcil aja kayaknya…”,False,152,4200076,42,"[""bisa jadi admin grabnya salah ketik ."", ""halo xxxuserxxx , aplikasi grab di iphone se saya kok jadi berat banget ya apalagi kalau pesan grabfood suka ngehang ."", ""masalahnya akun driver bisa bisanya kena bajak . tidak ada pilihan cancel , karena itu yang buat mbak ini ketipu , bang jek ! xxxnumberxxx ! xxxnumberxxx ! xxxnumberxxx ! xxxnumberxxx ! xxxnumberxxx !"", ""halo min , saya mau mengnonaktifkan akun gojek saya mohon dicek dmnya . sedih nih udah dari kemarin nge - mention ga di respon"", ""min , kmaren sy naik grab tp kok nda bisa bayar pake saldo gopay"", ""grab paket hemat saya billingnya itu tgl xxxnumberxxx juli xxxnumberxxx sekarang aja udh agustus kok subscribe nya masih aktif ya ?"", ""jika pesanan tidak diproses penjual batal otomatis setelah brp hari ? di bukalapak tidak info spt itu ."", ""cek dm coba xxxuserxxx dari tadi komplen ngga ada respon , pulsa udah kepotong kena tarif per kb"", ""akun sy disuspend gara2 saya cancel terus . padahal saya buru2 dan dapatnya driver ganjil terus di hari yang genap . mohon dm saya ya"", ""driver grab di jogja lg pada gereja berjamaah apa kopdar si anjir masa xxxnumberxxx menit nyoba grabfood berkali kali gaada yg ambil pesenan""]",False,10,2233,23,True,76,0.99799263,informal,1,0.7208791375160217,0.7209030389785767,122.76667077375127,False,0.0
google/gemma-3-4b-it,formal,informal,hybrid_early,0.7,jika saya tutup akun tanpa ke kantor cabang dengan cara mengosongkan saldo rekening apakah bisa ?,"“kalau tutup akun, saldo di kosongin dulu bisa nggak ya?”",False,154,4200077,42,"[""saya kirim uang , kenapa tidak masuk ? padahal status berhasil dan saldo sya terpotong"", ""saya mau tanya , apa nomor rekening yan sudah tidak di tambah saldo selama xxxnumberxxx tahun masih aktif / di gunakan"", ""limit transfer dr bca ke bank lain per hari brp ya via klikbca ?"", ""pengembalian saldo karena gagal penarikan membutuhkan waktu berapa lama ya ? saya sudah laporan xxxnumberxxx hari kerja sampai skr masih proses ditindak lanjuti terus"", ""hanya alamat yang berubah . jadi harus ke cabang bca terdekat untuk ganti kartu atm ya . apakah ada biaya tambahan ?"", ""saya salah pilihan isi resi , harusnya otomatis dari sicepat tapi saya malah terlanjur bayar cash , nomor resinya bisa diedit nggak ya ?"", ""kalau ajukan pembatalan dimana pesanan barang yg dibeli sudah dibayar dan bayarnya pakai kartu kredit . mekanisme pengembalian dananya bagaimana ya ?"", ""untuk pengiriman uang via dbs singapura ke bri indonesia proses uang masuk brp hari ya , soalnya semalam suami tranfer , tp smpe ckrg uang blm kak"", ""kantor post pulo gadung buka sampai jam berapa ya ? saya pengen melakukan pembayaran"", ""withdraw saldo gak masuk2 ke bri saya .""]",False,10,2193,17,True,57,0.98509973,informal,1,0.6763916015625,0.7343226671218872,85.46025829647532,False,0.0
google/gemma-3-4b-it,formal,informal,hybrid_early,0.7,maksudnya sales counter / agen yang online bagaimana kak ?,"min, cara nyari sales counter/agen online dong ya?",False,156,4200078,42,"[""kalo beli ginian masa aktif ikut nambah gak bossku ? tks"", ""paket dengan resi xxxnumberxxx bagaimana ya kabarnya ? kok statusnya ga berubah ya ? kan yes"", ""halo min , cara cek riwayat pengisian pulsa gimana ya ?"", ""saya mau tanya , ini saya mau beli paket yellow kenapa sama xxxnumberxxx tidak direspon / tidak dibalas"", ""min agen mapan terpilih ada dimana aja ya ? saya mau beli paket voucher gojek nih"", ""oh ya mandiri online , tolong min knp saat proses masuk baru tak dpt sms"", ""min klo lupa akun shopee gimana aku daftar lg tp gak bisa shopepay soalnya udh terdaftar jdi gimn ?"", ""gangguan ya ? kok sya transaksi gaga terus"", ""kantor post pulo gadung buka sampai jam berapa ya ? saya pengen melakukan pembayaran"", ""sama kayak saya pak paket saya gak saya terima claim gak jelas kapan hasilnya , jangan tunggu ini menyebar ya !""]",False,10,1845,14,True,50,0.99650395,informal,1,0.8488668203353882,0.8278471231460571,1397.6966219933229,True,0.0
google/gemma-3-4b-it,formal,informal,hybrid_early,0.7,"halo , bisa balas tweet saya dan dm ?","halo min , kalo tweet saya bisa dm juga ya?",False,158,4200079,42,"[""halo kak admin , saya dm , mohon dicek makasi"", ""haloo tolong respon dm saya ya"", ""haloo min tolong cek dm yaa makasih ^ ^"", ""mohon cek dm saya , terima kasih"", ""min mohon cek dm , ditunggu responnya , makasih"", ""sudah saya dm . mohon di balas"", ""sudah saya dm min , mohon di cek"", ""selamat siang kak , mohon dicek saya mengirimkan dm . terimakasih"", ""halo min , kalo paket saya misroute gimana ya ?"", ""halo min saldo ovo ga muncul di grab , padahal nomor hp sudah sama . tolong cek dm ya min""]",False,10,1485,12,True,43,0.998111,informal,1,0.8736615180969238,0.8408322334289551,3546.3006840666953,True,0.0
google/gemma-3-4b-it,formal,informal,hybrid_early,0.7,"halo kak , untuk kendala pada nomor prabayar telkomselnya dapat langsung menghubungi rekan kami di xxxuserxxx . terima kasih - mina .","halo xxxuserxxx , untuk kendala nomor prabayar telkomsel bisa hubungin rekan kami di xxxuserxxx . trims - mina",False,160,4200080,42,"[""min , jaringan xxxnumberxxx g dilokasi ini error . tolong dibantu cek dong . tks before"", ""sore min , ini ada keluhan nomer saya pulsa kesedot terus , padahal tidak berlangganan paket apapun . tolong di cek min + xxxnumberxxx xxxnumberxxx - xxxnumberxxx - xxxnumberxxx"", ""min , boleh minta info no puk untuk no xxxnumberxxx"", ""halo . paket saya dengan no resi xxxnumberxxx tidak ada pergerakan dari kemarin . tolong konfirmasi nya"", ""halo xxxuserxxx sudah dibales kembali ya dmnya isi penjelasan saya . mohon dicek kembali . trims"", ""min di daerah kab . bandung sinyal xxxnumberxxx g hilang walaupun saya restart tetap hilang , mohon pengertiannya min"", ""halo admin , mohon dicek untuk paket dengan nomor resi dibawah ini . sudah xxxnumberxxx hari masih disitu2 aja . urgent soalnya . thank you ."", ""halo xxxuserxxx gimana ya caranya kontak driver utk kirim paket same day xxxnumberxxx hours ? sama sekali gabisa ngirim nih . makasih"", ""gimana cara pengambilan paket datanya min xxxuserxxx ? sudah cek my telkomsel dan * xxxnumberxxx gak tersediaa ."", ""halo mas / mba xxxuserxxx ini nomor halo saya udah xxxnumberxxx hari gak bisa dipake . rugi dong bayar tagihan doang tapi gak kepake ~""]",False,10,2276,29,False,110,0.99088776,informal,1,0.9040955305099487,0.9291017055511475,420.52478920558696,False,0.0
google/gemma-3-4b-it,formal,informal,hybrid_early,0.7,"hmm , sebentar . aku akan bikin videonya .","“siap min, sebentar lg ya buat videonya.”",False,162,4200081,42,"[""selamat sore , sudah sy dm ya min . jadi bagaimana ya ?"", ""udah aku dm ya min , tolong responnya ."", ""iya kak terimakasih . tapi tadi sudah datang ke galeri indosatnya langsung . sudah normal lagi"", ""baik min , sebentar lagi saya kirim lewat dm . terimakasih ."", ""iya mbak ini belum terupdate , udah dm adminnua"", ""cara pakainya gmn min , saya klik gunakan sekarang masuk ke web sampai situ aja"", ""ooh gitu oke makasi ya kak"", ""tolong pulsa belum masuk . udah transfer juga . makasih ."", ""baiklah , terimakasih . tapi saya kan tidak sedang berlangganan apa - apa tapi kenapa pulsa saya kesedot ya min ? kira - kira bagaimana ya mengeceknya ? sebelumnya tidak pernah"", ""dari tadi begini terus . . ini kenapa ya min . . aku dm mimin juga gk bs""]",False,10,1739,14,True,41,0.99247783,informal,1,0.7085710763931274,0.7114928960800171,99.06598018559109,False,0.0
google/gemma-3-4b-it,formal,informal,hybrid_early,0.7,"selamat siang . ingin bertanya , kenapa saya sulit untuk menerima dan melakukan panggilan setelah penggantian kartu . mohon bantuannya . terima kasih .","selamat siang , mohon bantuannya buat saya susah buat telpo dan panggil setelah ganti kartu nih . terima kasih",False,164,4200082,42,"[""hai , selamat sore . saya baru saja membeli kartu sim simpati . dan udah coba registrasi , tapi ga ada respon . tolong bantuannya ."", ""malam , mau komplain . paket statusnya sudah sampai . tapi saya belum terima paket . mohon bantuannya . terima kasih ."", ""halo min tolong di bantu no resi jp xxxphonexxx dan jp xxxphonexxx status sudah diterima . tapi saya dan orang rumah belum terima paketnya . tolong dibantu ."", ""min kalau mau buat nomer kartu halo baru yang xxxnumberxxx itu bagaimana prosedur dan biayanya ?"", ""selamat siang , mohon bantuannya untuk di follow up admin , karena saya butuh untuk segera dikirimkan , terima kasih"", ""malam , mohon info paket saya sejak tanggal xxxnumberxxx tertahan dgn status itu . blm terkirim sampai sekarang , ada apa ya ?"", ""hallo min selamat pagi , no resi jp xxxphonexxx diperkiran bakal diterima hari ini . tapi malah di disimpan kalau ada alamat yang salah tolong diinfo kan ."", ""ini min minta tolong di cek sudah sampe mana . masa sudah xxxnumberxxx minggu blm sampe . tolong banget min di update smp mana"", ""sore min , ini ada keluhan nomer saya pulsa kesedot terus , padahal tidak berlangganan paket apapun . tolong di cek min + xxxnumberxxx xxxnumberxxx - xxxnumberxxx - xxxnumberxxx"", ""min tolong cek dm ya . terima kasih""]",False,10,2380,25,False,110,0.9962682,informal,1,0.86601722240448,0.8844272494316101,295.4002236384057,False,0.0
google/gemma-3-4b-it,formal,informal,hybrid_early,0.7,"halo , apa ini memang sedang gangguan top up via m - banking ? kenapa saldo saya tidak bertambah ?","“halo, kok saldo saya nggak naik ya setelah top up lewat m-banking?”",False,166,4200083,42,"[""baiklah , terimakasih . tapi saya kan tidak sedang berlangganan apa - apa tapi kenapa pulsa saya kesedot ya min ? kira - kira bagaimana ya mengeceknya ? sebelumnya tidak pernah"", ""halo saya top up grab ovo lewat atm barusan tapi kok belum masuk ya ?"", ""saya mau tanya , apa nomor rekening yan sudah tidak di tambah saldo selama xxxnumberxxx tahun masih aktif / di gunakan"", ""halo min , cara cek riwayat pengisian pulsa gimana ya ?"", ""barusan ada yg telfon saya dengan nomor ini . apakah ini benar dari halo bca ?"", ""saya kirim uang , kenapa tidak masuk ? padahal status berhasil dan saldo sya terpotong"", ""iya kak terimakasih . tapi tadi sudah datang ke galeri indosatnya langsung . sudah normal lagi"", ""min maaf lagi gangguan apa gimana ? dari tadi ga konek internet terus"", ""hai admin , sy baru saja update apl bri mobile . saat may login internet banking knp muncul aktivasi ya ? bisa dibantu ?"", ""halo min saldo ovo ga muncul di grab , padahal nomor hp sudah sama . tolong cek dm ya min""]",False,10,2044,18,True,68,0.9775389,informal,1,0.8379265069961548,0.8360555768013,50.91665531129154,False,0.0
google/gemma-3-4b-it,formal,informal,hybrid_early,0.7,iya om . rawan sekali bagi driver maupun konsumen .,"min, rawan banget buat driver sama konsumen tuh.",False,168,4200084,42,"[""udah mendingan mb sekarang . udah banyak driver"", ""masalahnya akun driver bisa bisanya kena bajak . tidak ada pilihan cancel , karena itu yang buat mbak ini ketipu , bang jek ! xxxnumberxxx ! xxxnumberxxx ! xxxnumberxxx ! xxxnumberxxx ! xxxnumberxxx !"", ""wah capek bener saya harus cerita lagi . udah saya telepon saya imel . seharusnya dari capture saya udah bisa terbaca . driver tidak memiliki jiwa sosial"", ""min , udh xxxnumberxxx hari ini saya mau gofood kok gak dapet driver terus ? apa aplikasi gojek lagi error ?"", ""maaf min mau nanya apakah bener ini nomor dari gojek ? + xxxnumberxxx"", ""min tadi pesen grabfood , dan ga sengaja kepencet rating xxxnumberxxx cara baikinnya gimana ya ? kasian sama bapaknya ga tegaa"", ""driver ybs gak ditelusuri pihak gojek mba ?"", ""tolong diajarin pengemudinya di jalan . ga ada bedanya sama angkot . cuk"", ""jd xxxphonexxx paket tolong ditegur . jnt cikupa sangat lama . pengalaman orang2"", ""min , jaringan xxxnumberxxx g dilokasi ini error . tolong dibantu cek dong . tks before""]",False,10,2028,12,True,48,0.9970432,informal,1,0.7983885407447815,0.8349255323410034,1023.2595646740208,True,0.0
google/gemma-3-4b-it,formal,informal,hybrid_early,0.7,"barang dengan nomor id1913953782285 , sudah lebih satu minggu tidak datang .","halo , barang id1913953782285 udah lebih seminggu gak dateng nih min .",False,170,4200085,42,"[""pembeli sudah konfirmasi dan pesanan selesai kenapa dana tgl xxxdatexxx baru dilepas uii"", ""halo barang sy dari tanggal xxxdatexxx sdh dijakarta , tp kenapa gak sampai2 min . tlg dicek min ."", ""no . transaksi xxxnumberxxx barang belum dikirim melebihi batas kirim , dana belum masuk ke saldo bl saya ."", ""halo xxxuserxxx mohon input resi sicepat xxxnumberxxx dari no trans xxxnumberxxx , produk dropship ke alamat sesuai apk buka lapak . thax u"", ""bl1913pytauginv transaksi batal tapi saldo bl dan dana saya blm kembali tolong diproses thank you"", ""haloo xxxuserxxx kalo paket salah tulis nomor rumah bisa di ganti nggak ya ? udah terlanjur di kirim baru tau kalo no rumahnya salah"", ""mau tanya no pesanan xxxnumberxxx kapan dikirimnya ya ? dari kemarin masih pengemasan blm berubah"", ""min xxxuserxxx saya mau komplain terkait dengan no resi jp xxxphonexxx barang diterima dalam keadaan plastik terbuka sehingga barang ada yg jatuh dan hilang"", ""malam , saya mau mengembalikan barang krn salah kirim . diinfo harus upload bukti pengirimannya . uploadnya dimana ya ? makasih"", ""bang xxxuserxxx , \"" gagal memuat saldo \"" ini gimana yak mksdnya ? jadinya gk bisa dipake transaksi soalnya ,""]",False,10,2217,29,True,70,0.99829143,informal,1,0.8398821353912354,0.8961764574050903,153.65992456371973,False,0.0
google/gemma-3-4b-it,formal,informal,hybrid_early,0.7,"saya juga curiga karena uang yang diambil dalam jumlah yang sama besar , saya sangat kecewa , mohon kejelasannya .","“kok gak masuk ya? padahal udah diambil, sama saldo sya juga terpotong, mohon dijelasin dong”",False,172,4200086,42,"[""malam , saya mau mengembalikan barang krn salah kirim . diinfo harus upload bukti pengirimannya . uploadnya dimana ya ? makasih"", ""pengembalian saldo karena gagal penarikan membutuhkan waktu berapa lama ya ? saya sudah laporan xxxnumberxxx hari kerja sampai skr masih proses ditindak lanjuti terus"", ""saya kirim uang , kenapa tidak masuk ? padahal status berhasil dan saldo sya terpotong"", ""halo pengaduan saya pengembalian dana ke kartu kredit belum di tangani . tolonglah jangan diam"", ""sama kayak saya pak paket saya gak saya terima claim gak jelas kapan hasilnya , jangan tunggu ini menyebar ya !"", ""malam , mohon info paket saya sejak tanggal xxxnumberxxx tertahan dgn status itu . blm terkirim sampai sekarang , ada apa ya ?"", ""selamat malam , mau tanya kalo proses pengembalian dana ( selisih ongkir ) biasanya berapa lama ya min ?"", ""paket saya resi xxxnumberxxx dilaporkan oleh pihak jtr bandung klo barangnya hilang krn kapal terbakar . ini gimana ?"", ""akun sy disuspend gara2 saya cancel terus . padahal saya buru2 dan dapatnya driver ganjil terus di hari yang genap . mohon dm saya ya"", ""min xxxuserxxx saya mau komplain terkait dengan no resi jp xxxphonexxx barang diterima dalam keadaan plastik terbuka sehingga barang ada yg jatuh dan hilang""]",False,10,2326,27,True,93,0.9969825,informal,1,0.6040482521057129,0.5048968195915222,44.20841507691951,False,0.0
google/gemma-3-4b-it,formal,informal,hybrid_early,0.7,"pesanan tidak sampai , uang hilang . benar - benar pengemudi xxxuserxxx membuat kecewa . makin banyak saja orang jahat .","“pesen gak dateng, duit juga hilang. driver xxxuserxxx emang bikin kesel. banyak bgt orang jahat.”",False,174,4200087,42,"[""jp xxxphonexxx . paket gua kemana ! ni ngak ada tanggapan sekali setan . kurirnya tolol cs budeg"", ""tolong xxxuserxxx ini di proses , modus penipuan"", ""ini kenapa ya ? xxxuserxxx orang mau beli pulsa gara2 ini jadi batal . ini sampe berapa lama ?"", ""tolong dong di proses . udah xxxnumberxxx hari gak ada perkembangan . duit gopay gue bln masuk masuk jg ."", ""gak ada balasan sampai sekarang . apa karena cuma terpotong xxxnumberxxx xxxnumberxxx ribu aja ?"", ""jp xxxphonexxx min tolong dong ini paket saya ga nyampe nyampe , padahal ngirim sesama jakarta bisa xxxnumberxxx harian ."", ""ah parah bgt xxxuserxxx tapi baik kok selalu kasih diskon )"", "". ada apa dengan kurir pos . sampai saat ini belum juga update ongkir nya . padahal sudah dari tgl . xxxdatexxx sudah berlaku tarif baru ."", ""hallo urgent nomor cust service berapa ya ? ini whatsapp ayah saya di hack di nomor + xxxnumberxxx xxxnumberxxx xxxnumberxxx"", ""halo min xxxuserxxx apakah masih diperlukan surat kehilangan dari polsek / polres untuk mengurus kartu atm yang hilang ?""]",False,10,2113,29,True,98,0.99599457,informal,1,0.7051541805267334,0.826708197593689,156.87742133439716,False,0.0
google/gemma-3-4b-it,formal,informal,hybrid_early,0.7,"baik , ditunggu perkembangannya ya . terima kasih .","baik min, ditunggu ya perkembangannya. terima kasih.",False,176,4200088,42,"[""baik min , sebentar lagi saya kirim lewat dm . terimakasih ."", ""min mohon cek dm , ditunggu responnya , makasih"", ""baik kak , ditunggu ya pick upnya . terima kasih atas perhatiannya ."", ""min tolong cek dm ya . terima kasih"", ""selamat siang kak , mohon dicek saya mengirimkan dm . terimakasih"", ""udah aku dm ya min , tolong responnya ."", ""mohon cek dm saya , terima kasih"", ""selamat sore , sudah sy dm ya min . jadi bagaimana ya ?"", ""min tolong cek dm ya . makasiih"", ""sudah saya dm min , mohon di cek""]",False,10,1507,13,True,52,0.98337215,informal,1,0.966659426689148,0.9472431540489197,481.55229204929407,False,0.0
google/gemma-3-4b-it,formal,informal,hybrid_early,0.7,saya tidak bisa mengirim dm ke akun ini .,udah coba tapi masih ngga bisa . cek dm,False,178,4200089,42,"[""sudah saya dm . mohon di balas"", ""min cek dm saya lagi yaa"", ""sudah saya dm min , mohon di cek"", ""maaf min no saya tidak bisa dipakai internet , nelpon dll . mohon ditanggapi dm saya"", ""mana dm nya admin ? belum masuk k dm saya"", ""sudah ada di dm semua . lokasi dan nomor"", ""halo min , saya mau mengnonaktifkan akun gojek saya mohon dicek dmnya . sedih nih udah dari kemarin nge - mention ga di respon"", ""mohon cek dm saya , terima kasih"", ""sudah saya dm tapi kok blm dijawab ya ?"", ""udah di coba tapi masih ngga bisa . cek dm""]",False,10,1523,11,False,39,0.9974146,informal,1,0.5460308790206909,0.5111491680145264,2476.799639870772,True,0.0
google/gemma-3-4b-it,formal,informal,hybrid_early,0.7,"sudah aku dm dari tadi pagi , kak , sebagai informasi saja .","sudah aku dm dari tadi pagi kak , min .",False,180,4200090,42,"[""selamat sore , sudah sy dm ya min . jadi bagaimana ya ?"", ""udah aku dm ya min , tolong responnya ."", ""min tolong cek dm ya . terima kasih"", ""selamat malam , tolong cek dm ya min , kiriman paket saya blm di kirim ."", ""sudah saya dm min , mohon di cek"", ""min tolong cek dm ya . makasiih"", ""selamat siang kak , mohon dicek saya mengirimkan dm . terimakasih"", ""sudah saya dm . mohon di balas"", ""dari tadi begini terus . . ini kenapa ya min . . aku dm mimin juga gk bs"", ""baik min , sebentar lagi saya kirim lewat dm . terimakasih .""]",False,10,1543,12,True,39,0.40577477,formal,0,0.8538272380828857,0.7709794044494629,8981.074023399304,True,0.0
google/gemma-3-4b-it,formal,informal,hybrid_early,0.7,dari tadi mention terus tidak dibalas . tolong dibalas . dm saya juga tolong dibalas .,"min, udah dari tadi mention gak di bales, tolong bales dm aku juga dong.",False,182,4200091,42,"[""halo min , saya mau mengnonaktifkan akun gojek saya mohon dicek dmnya . sedih nih udah dari kemarin nge - mention ga di respon"", ""sudah saya dm . mohon di balas"", ""admin grab yang baik hati , saya minta tolong cek dm ya . terima kasih ."", ""min tolong cek dm ya . terima kasih"", ""min tolong cek dm ya . makasiih"", ""sudah saya dm min , mohon di cek"", ""baik min , sebentar lagi saya kirim lewat dm . terimakasih ."", ""selamat malam , tolong cek dm ya min , kiriman paket saya blm di kirim ."", ""nomer saya aja udah di dm dari tadi ga ditangani . gimana min ?"", ""dari tadi begini terus . . ini kenapa ya min . . aku dm mimin juga gk bs""]",False,10,1671,19,True,72,0.9974847,informal,1,0.7770258188247681,0.7201476693153381,187.19173052452444,False,0.0
google/gemma-3-4b-it,formal,informal,hybrid_early,0.7,"kalau saya setuju dan kemudian saya menolak , apakah tidak bisa disetujui ? jadi gimana solusi buat saya ?","""kalau saya setuju terus nolak, bisa nggak disetujui? gimana solusinya buat saya?""",False,184,4200092,42,"[""sama kayak saya pak paket saya gak saya terima claim gak jelas kapan hasilnya , jangan tunggu ini menyebar ya !"", ""iya saya sudah menyetujui karena saya buru buru dan kurang paham . apakah bisa saya batalkan ?"", ""kalau ajukan pembatalan dimana pesanan barang yg dibeli sudah dibayar dan bayarnya pakai kartu kredit . mekanisme pengembalian dananya bagaimana ya ?"", ""saya salah pilihan isi resi , harusnya otomatis dari sicepat tapi saya malah terlanjur bayar cash , nomor resinya bisa diedit nggak ya ?"", ""min , ini kenapa saya gak bisa sms ya ? saya mau konfirmasi pembelian paket gagal mulu sms nya drtd ."", ""hai jnt xxxuserxxx mau tanya dong kenapa paket yg saya kirim masih gini aja ya mohon pencerahannya"", ""baiklah , terimakasih . tapi saya kan tidak sedang berlangganan apa - apa tapi kenapa pulsa saya kesedot ya min ? kira - kira bagaimana ya mengeceknya ? sebelumnya tidak pernah"", ""halo min tolong di bantu no resi jp xxxphonexxx dan jp xxxphonexxx status sudah diterima . tapi saya dan orang rumah belum terima paketnya . tolong dibantu ."", ""sudah saya dm tapi kok blm dijawab ya ?"", ""dear indosat , sy mau isi paketan , tetapi kenapa tidak bisa ya , sudah sejak jam xxxnumberxxx tadi , pulsa sdh masuk tapi tdk bisa aktip""]",False,10,2296,23,True,82,0.9694922,informal,1,0.841447114944458,0.8928090333938599,54.662440820627886,False,0.0
google/gemma-3-4b-it,formal,informal,hybrid_early,0.7,"maaf , mengapa saya tidak bisa mengirim dm ya ? nomor saya xxxnumberxxx , ingin mendaftar paket freedom yang xxxnumberxxx ribu dapat xxxnumberxxx giga kak .","min, kenapa ya gak bisa dm nih? nomorku xxxnumberxxx, pengen daftar paket freedom yang xxxnumberxxx ribu dapet xxxnumberxxx giga kak.",False,186,4200093,42,"[""min kalo mau transfer pulsa ke telkomsel bisa ga cuma xxxnumberxxx ribu gitu"", ""dear indosat , sy mau isi paketan , tetapi kenapa tidak bisa ya , sudah sejak jam xxxnumberxxx tadi , pulsa sdh masuk tapi tdk bisa aktip"", ""sore min , ini ada keluhan nomer saya pulsa kesedot terus , padahal tidak berlangganan paket apapun . tolong di cek min + xxxnumberxxx xxxnumberxxx - xxxnumberxxx - xxxnumberxxx"", ""min , boleh minta info no puk untuk no xxxnumberxxx"", ""min infonya klo upgrade simcard ke xxxnumberxxx g dapet bonus xxxnumberxxx . xxxnumberxxx gg selama xxxnumberxxx bulan . yaa"", ""minta pencerahan nya hu . kok saldo ga msk ya , xxxnumberxxx trip xxxnumberxxx . ada apa kah ini"", ""saya beli voucher fisik indosat xxxnumberxxx gb unlimited , tapi gagal terus kenapa ya ?"", ""tolong hentikan sms xxxnumberxxx ke nomor saya . xxxnumberxxx . mengurangi pulsa saya ."", ""saya mau tanya , ini saya mau beli paket yellow kenapa sama xxxnumberxxx tidak direspon / tidak dibalas"", ""jp xxxphonexxx min tolong dong ini paket saya ga nyampe nyampe , padahal ngirim sesama jakarta bisa xxxnumberxxx harian .""]",False,10,2208,35,True,133,0.9972886,informal,1,0.9096643924713135,0.8637120723724365,250.59403229610405,False,0.0
google/gemma-3-4b-it,formal,informal,hybrid_early,0.7,"admin , jne trucking dari medan ke pinang ranti berat sekitar xxxnumberxxx - xxxnumberxxx kilo berapa admin ? saya cek malah tambah mahal admin .",jne trucking dari medan ke pinang ranti berat sekitar xxxnumberxxx - xxxnumberxxx kilo berapa admin ya? saya cek malah tambah mahal admin.,False,188,4200094,42,"[""jp xxxphonexxx min tolong dong ini paket saya ga nyampe nyampe , padahal ngirim sesama jakarta bisa xxxnumberxxx harian ."", ""min ini gimana ya ? saya abis beli voucher xxxnumberxxx xxxnumberxxx k pake go points . pas dipake cuma dapet potongan xxxnumberxxx xxxnumberxxx k ?"", ""xxxnumberxxx transaksi tersebut knp batal ? itu kan udh dikirim . kurir udh pickup"", ""paket saya resi xxxnumberxxx dilaporkan oleh pihak jtr bandung klo barangnya hilang krn kapal terbakar . ini gimana ?"", ""cek resi ini min , delivery kurir dari jam xxxnumberxxx td belum dateng2 xxxnumberxxx xxxnumberxxx"", ""kak , tadi coba mau beli pulsa telkomsel xxxnumberxxx xxxnumberxxx xxxnumberxxx k , tapi koq dibatalkan mulu ya ? apa stok nya lagi kosong ?"", ""ka paket no resi ini xxxnumberxxx udah sampai dimana ya ?"", ""no . transaksi xxxnumberxxx barang belum dikirim melebihi batas kirim , dana belum masuk ke saldo bl saya ."", ""paket saya sampai mana ya ? resi xxxnumberxxx . thx"", "". ada apa dengan kurir pos . sampai saat ini belum juga update ongkir nya . padahal sudah dari tgl . xxxdatexxx sudah berlaku tarif baru .""]",False,10,2196,31,True,138,0.9716609,informal,1,0.9662662744522095,0.9564611315727234,617.8004944039336,False,0.0
google/gemma-3-4b-it,formal,informal,hybrid_early,0.7,"admin , m - banking saya terblokir karena lupa password . boleh dibantu cara aktivasi kembali m - banking saya ?","halo admin , m - banking sy blkird krn lupa password . bs bantu aktivasi lg m - banking sya ?",False,190,4200095,42,"[""hai admin , sy baru saja update apl bri mobile . saat may login internet banking knp muncul aktivasi ya ? bisa dibantu ?"", ""oh ya mandiri online , tolong min knp saat proses masuk baru tak dpt sms"", ""dear indosat , sy mau isi paketan , tetapi kenapa tidak bisa ya , sudah sejak jam xxxnumberxxx tadi , pulsa sdh masuk tapi tdk bisa aktip"", ""halo selamat pagi , kalo atm mandiri terblokir krn salah pswrd , mandiri online ikut keblokir tdk ? tks"", ""maaf min no saya tidak bisa dipakai internet , nelpon dll . mohon ditanggapi dm saya"", ""kartu sim card xl saya sudah hilang dan saya ingin mengaktifasi nomor xl saya apakah bisa ? caranya bagaimana ?"", ""saya kirim uang , kenapa tidak masuk ? padahal status berhasil dan saldo sya terpotong"", ""halo min saldo ovo ga muncul di grab , padahal nomor hp sudah sama . tolong cek dm ya min"", ""saya mau tanya , apa nomor rekening yan sudah tidak di tambah saldo selama xxxnumberxxx tahun masih aktif / di gunakan"", ""halo min , cara cek riwayat pengisian pulsa gimana ya ?""]",False,10,2079,25,True,93,0.99801326,informal,1,0.7762554883956909,0.883741021156311,493.02674930017565,False,0.0
google/gemma-3-4b-it,formal,informal,hybrid_early,0.7,sudah dua hari macet begitu dari tanggal xxxnumberxxx tidak diantarkan . padahal sudah di kota saya ini kurirnya . mengapa ya tolong follow up jp xxxphonexxx .,"“udah lama banget macet dari tgl xxxnumberxxx , gak dianter sama kurir . kenapa ya tolong di follow up jp xxxphonexxx .”",False,192,4200096,42,"["". ada apa dengan kurir pos . sampai saat ini belum juga update ongkir nya . padahal sudah dari tgl . xxxdatexxx sudah berlaku tarif baru ."", ""jp xxxphonexxx min tolong dong ini paket saya ga nyampe nyampe , padahal ngirim sesama jakarta bisa xxxnumberxxx harian ."", ""halo barang sy dari tanggal xxxdatexxx sdh dijakarta , tp kenapa gak sampai2 min . tlg dicek min ."", ""kenapa ya kode promo saya grabwae tidak bisa digunakan ? padahal sejak tgl xxxdatexxx ini saya belum pernah sekalipun pakai kode promo tersebut"", ""sore min , ini ada keluhan nomer saya pulsa kesedot terus , padahal tidak berlangganan paket apapun . tolong di cek min + xxxnumberxxx xxxnumberxxx - xxxnumberxxx - xxxnumberxxx"", ""ke grapari niat mau tuker sim ke xxxnumberxxx g . eh antriannya abis , pas pulang ditawarin nomor sama kang parkir . kumaha eta"", ""halo min tolong di bantu no resi jp xxxphonexxx dan jp xxxphonexxx status sudah diterima . tapi saya dan orang rumah belum terima paketnya . tolong dibantu ."", ""hallo min selamat pagi , no resi jp xxxphonexxx diperkiran bakal diterima hari ini . tapi malah di disimpan kalau ada alamat yang salah tolong diinfo kan ."", ""pengembalian saldo karena gagal penarikan membutuhkan waktu berapa lama ya ? saya sudah laporan xxxnumberxxx hari kerja sampai skr masih proses ditindak lanjuti terus"", ""halo mas / mba xxxuserxxx ini nomor halo saya udah xxxnumberxxx hari gak bisa dipake . rugi dong bayar tagihan doang tapi gak kepake ~""]",False,10,2567,34,True,120,0.9834268,informal,1,0.8382102251052856,0.719240665435791,271.0507002377877,False,0.0
google/gemma-3-4b-it,formal,informal,hybrid_early,0.7,"jaringan internet xxxnumberxxx g saya error , hanya bisa h + . itu saja lambat sekali .","min, jaringan xxxnumberxxx g gue error, cuma bisa h + . lama banget sih ini.",False,194,4200097,42,"[""udah xxxnumberxxx menit stuck gini terus , padahal koneksi internet saya normal . tolong di bantu"", ""min di daerah kab . bandung sinyal xxxnumberxxx g hilang walaupun saya restart tetap hilang , mohon pengertiannya min"", ""sore min , ini ada keluhan nomer saya pulsa kesedot terus , padahal tidak berlangganan paket apapun . tolong di cek min + xxxnumberxxx xxxnumberxxx - xxxnumberxxx - xxxnumberxxx"", ""minta pencerahan nya hu . kok saldo ga msk ya , xxxnumberxxx trip xxxnumberxxx . ada apa kah ini"", ""ini kenapa lagi ya mau perpanjang internet ga bisa ? xxxnumberxxx juga ga bisa ?"", ""dear indosat , sy mau isi paketan , tetapi kenapa tidak bisa ya , sudah sejak jam xxxnumberxxx tadi , pulsa sdh masuk tapi tdk bisa aktip"", ""ini masih gangguan sinyal xxxnumberxxx g ga bisa aktif datanya ?"", ""min , jaringan xxxnumberxxx g dilokasi ini error . tolong dibantu cek dong . tks before"", ""sudah off , jaringannya jga udh xxxnumberxxx g / xxxnumberxxx g . tetep ga bisa"", ""tolong hentikan sms xxxnumberxxx ke nomor saya . xxxnumberxxx . mengurangi pulsa saya .""]",False,10,2100,21,True,76,0.99730825,informal,1,0.889609694480896,0.890168309211731,2102.5728768050985,True,0.0
google/gemma-3-4b-it,formal,informal,hybrid_early,0.7,gimana ? j & t sudah xxxnumberxxx hari paket saya tidak ada perkembangan .,“gimana kak? j & t udah xxxnumberxxx hari paket saya nggak ada perkembangannya.”,False,196,4200098,42,"[""malam , mohon info paket saya sejak tanggal xxxnumberxxx tertahan dgn status itu . blm terkirim sampai sekarang , ada apa ya ?"", ""sudah hampir xxxnumberxxx hari paket belum rilis ? ada apa ?"", ""sudah kak , sudah saya ganti ke xxxnumberxxx g tp ttp susah"", ""ka paket no resi ini xxxnumberxxx udah sampai dimana ya ?"", ""saya mau tanya , ini saya mau beli paket yellow kenapa sama xxxnumberxxx tidak direspon / tidak dibalas"", ""sudah off , jaringannya jga udh xxxnumberxxx g / xxxnumberxxx g . tetep ga bisa"", ""malam kak . paketan saya resi xxxnumberxxx sdh xxxnumberxxx hr kok ga berubah ubah statusnya kak ?"", ""kak , tadi coba mau beli pulsa telkomsel xxxnumberxxx xxxnumberxxx xxxnumberxxx k , tapi koq dibatalkan mulu ya ? apa stok nya lagi kosong ?"", ""paket dengan resi xxxnumberxxx bagaimana ya kabarnya ? kok statusnya ga berubah ya ? kan yes"", ""hai jnt xxxuserxxx mau tanya dong kenapa paket yg saya kirim masih gini aja ya mohon pencerahannya""]",False,10,1978,21,True,80,0.9973832,informal,1,0.8616544008255005,0.8677295446395874,417.0519333260482,False,0.0
google/gemma-3-4b-it,formal,informal,hybrid_early,0.7,tidak ada bermain ps bersama sinb ?,ngga ada ps bareng sinb ya?,False,198,4200099,42,"[""ngga ada kerjaan ya ? dimana2 ada"", ""maaf ka email ny tidk dpt di cari"", ""tolong diperbaikan jaringan internet di cilacap yang sangat lemot"", ""pls ka nas kasian ga ada yang chat ni min"", ""kouta internetan langsung habis klu buka youtube sma streaming seharian"", ""kotak masuk tidak penuh dan jaringan cukup stabil ."", ""pake wipi ( vsat . seluler mati udah mau xxxnumberxxx minggu"", ""berulah lagi ? saya gk pernah klik macem² ini , pulsa tersedot banyak banget , hpnya cuma dipake buat nelp & sms"", ""xtra kuota kok ga ada di aplikasi ?"", ""sampe kapan ini ? butuh internet banget""]",False,10,1567,11,True,27,0.99803454,informal,1,0.6818760633468628,0.8818570971488953,3037.0804731674048,True,0.0
google/gemma-3-4b-it,formal,informal,hybrid_early,0.7,"xxxuserxxx mantap , sebanyak ini + sup krim hanya xxxnumberxxx .","xxxuserxxx mantap , sebanyak ini + sup krim xxxnumberxxx .",False,200,4200100,42,"[""nih xxxuserxxx lemot banget xxxnumberxxx g nya"", ""sudah hampir xxxnumberxxx hari paket belum rilis ? ada apa ?"", ""gimana cara pengambilan paket datanya min xxxuserxxx ? sudah cek my telkomsel dan * xxxnumberxxx gak tersediaa ."", ""keuntungan xxxnumberxxx nya kok ga bisa ya min ?"", ""sudah diturunkan ke xxxnumberxxx g / xxxnumberxxx g tp gagal terus | cc"", ""tolong cek jb xxxphonexxx dr tgl xxxnumberxxx kok ga ada status lagi"", ""jam xxxnumberxxx atau jam xxxnumberxxx masih ada gak tuh min ?"", ""dear xxxuserxxx : paket yellow kok nggak bisa dipaketin yaa ?"", ""xxxdatexxx kan xxxnumberxxx hari kedepan , ga lebih dari xxxnumberxxx hari , gimana ?"", ""ini xxxuserxxx kenapa ya udah xxxnumberxxx x top up ga masuk2 saldonya ?""]",False,10,1741,16,True,58,0.060466923,formal,0,0.9593672156333923,0.9595866203308105,4588.593244954719,True,0.0
google/gemma-3-4b-it,formal,informal,hybrid_early,0.7,"mas , mbak . seventeen ingin upload teaser nanti malam jam xxxnumberxxx . tolong aplikasinya jangan gangguan terus . saya ingin membeli paket . terima kasih . jangan lupa stan seventeen .","min , udah xxxnumberxxx hari nih aku mau gofood kok gak dapet driver terus ? apa aplikasi gojek lagi error?",False,202,4200101,42,"[""hai jnt xxxuserxxx mau tanya dong kenapa paket yg saya kirim masih gini aja ya mohon pencerahannya"", ""dear indosat , sy mau isi paketan , tetapi kenapa tidak bisa ya , sudah sejak jam xxxnumberxxx tadi , pulsa sdh masuk tapi tdk bisa aktip"", ""lha gimana bos . urgen . telopon ke xxxnumberxxx nunggu lama bgt , giliran udh nyambung cs nanyanya panjang x lebar keburu habis pulsa masalah gak kelar ."", ""saya mau tanya , ini saya mau beli paket yellow kenapa sama xxxnumberxxx tidak direspon / tidak dibalas"", ""sore min , ini ada keluhan nomer saya pulsa kesedot terus , padahal tidak berlangganan paket apapun . tolong di cek min + xxxnumberxxx xxxnumberxxx - xxxnumberxxx - xxxnumberxxx"", ""jam xxxnumberxxx lama bangett ! mau ngabisin kuota malem xxxuserxxx neh ! gabisa apa kuota malemnya di ganti jadi kuota siang"", ""selamat malam xxxuserxxx mau tanya , kenapa bonus kuota aplikasi nya gak bisa di pake ? malah kesedot terus kuota utama nya . terimakasih"", ""halo xxxuserxxx gimana ya caranya kontak driver utk kirim paket same day xxxnumberxxx hours ? sama sekali gabisa ngirim nih . makasih"", ""min , udh xxxnumberxxx hari ini saya mau gofood kok gak dapet driver terus ? apa aplikasi gojek lagi error ?"", ""sudah xxxnumberxxx hari , status belum juga berubah nih min . tadi udah telfon qc katanya cuma suruh nunggu""]",False,10,2458,27,True,107,0.9986129,informal,1,0.5712586641311646,0.5096867084503174,232.43038375068647,False,0.45454545454545453
google/gemma-3-4b-it,formal,informal,hybrid_early,0.7,"lagi pada beli motor , gan . masih inden xxxnumberxxx tahun .","min, lagi pada beli motor, gan. udah inden xxxnumberxxx tahun nih.",False,204,4200102,42,"[""jam xxxnumberxxx atau jam xxxnumberxxx masih ada gak tuh min ?"", ""mohon di fu jt xxxphonexxx udah xxxnumberxxx hari gk gerak gerak"", ""kak , tadi coba mau beli pulsa telkomsel xxxnumberxxx xxxnumberxxx xxxnumberxxx k , tapi koq dibatalkan mulu ya ? apa stok nya lagi kosong ?"", ""tolong dong di proses . udah xxxnumberxxx hari gak ada perkembangan . duit gopay gue bln masuk masuk jg ."", ""lha gimana bos . urgen . telopon ke xxxnumberxxx nunggu lama bgt , giliran udh nyambung cs nanyanya panjang x lebar keburu habis pulsa masalah gak kelar ."", ""min bales dong . udh xxxnumberxxx x24 jam cb ga masuk2 ."", ""min tolong di bantu cek resi xxxnumberxxx , sudah xxxnumberxxx hari ndak ada pergerakan ."", ""keluar update versi xxxnumberxxx . xxxnumberxxx kapan min ?"", ""min ini gimana ya ? saya abis beli voucher xxxnumberxxx xxxnumberxxx k pake go points . pas dipake cuma dapet potongan xxxnumberxxx xxxnumberxxx k ?"", ""sudah xxxnumberxxx hari , status belum juga berubah nih min . tadi udah telfon qc katanya cuma suruh nunggu""]",False,10,2037,18,True,66,0.9972543,informal,1,0.9253460764884949,0.9025779962539673,1745.2939750171824,True,0.0
google/gemma-3-4b-it,formal,informal,hybrid_early,0.7,"kak . kenapa saya tidak bisa membeli paket ? saya mau membeli yang xxxnumberxxx , pulsa saya juga tepat xxxnumberxxx . tetapi disini tulisannya adalah pulsa tidak cukup ?","kak, kenapa nih gak bisa beli paket ya? mau beli yang xxxnumberxxx, pulsa juga udah pas xxxnumberxxx, tapi tulisannya kok tulisannya pulsa gak cukup ya?",False,206,4200103,42,"[""saya mau tanya , ini saya mau beli paket yellow kenapa sama xxxnumberxxx tidak direspon / tidak dibalas"", ""sore min , ini ada keluhan nomer saya pulsa kesedot terus , padahal tidak berlangganan paket apapun . tolong di cek min + xxxnumberxxx xxxnumberxxx - xxxnumberxxx - xxxnumberxxx"", ""dear indosat , sy mau isi paketan , tetapi kenapa tidak bisa ya , sudah sejak jam xxxnumberxxx tadi , pulsa sdh masuk tapi tdk bisa aktip"", ""kak , tadi coba mau beli pulsa telkomsel xxxnumberxxx xxxnumberxxx xxxnumberxxx k , tapi koq dibatalkan mulu ya ? apa stok nya lagi kosong ?"", ""saya belipaket rp . xxxnumberxxx rb tapi kok tidak masuk ya ? padahal pulsanya udh kepotong"", ""ini kenapa lagi ya mau perpanjang internet ga bisa ? xxxnumberxxx juga ga bisa ?"", ""minta pencerahan nya hu . kok saldo ga msk ya , xxxnumberxxx trip xxxnumberxxx . ada apa kah ini"", ""min kalo mau transfer pulsa ke telkomsel bisa ga cuma xxxnumberxxx ribu gitu"", ""malam , mohon info paket saya sejak tanggal xxxnumberxxx tertahan dgn status itu . blm terkirim sampai sekarang , ada apa ya ?"", ""halo . paket saya dengan no resi xxxnumberxxx tidak ada pergerakan dari kemarin . tolong konfirmasi nya""]",False,10,2291,37,True,152,0.9959489,informal,1,0.8726596832275391,0.9455139636993408,105.73610020770808,False,0.0
google/gemma-3-4b-it,formal,informal,hybrid_early,0.7,"kak xxxuserxxx , cek dm ya , terima kasih .","halo xxxuserxxx , cek dm ya , thanks!",False,208,4200104,42,"[""hai , xxxuserxxx tolong cek dm saya ya , thanks !"", ""halo admin xxxuserxxx cek dm dong"", ""gimana cara dm nya kak ? nomor saya xxxnumberxxx"", ""dear xxxuserxxx , please check my dm ."", ""halo xxxuserxxx sudah dibales kembali ya dmnya isi penjelasan saya . mohon dicek kembali . trims"", ""min , jaringan xxxnumberxxx g dilokasi ini error . tolong dibantu cek dong . tks before"", ""ohh gitu ya xxxuserxxx pilih kasih yaa"", ""tolong cek jb xxxphonexxx dr tgl xxxnumberxxx kok ga ada status lagi"", ""admin , kok dm saya belum di respon - respon ya ? sudah xxxnumberxxx hari nih min"", ""keuntungan xxxnumberxxx nya kok ga bisa ya min ?""]",False,10,1621,12,True,37,0.9932307,informal,1,0.8893263936042786,0.8748273849487305,2635.9084536222545,True,0.0
google/gemma-3-4b-it,formal,informal,hybrid_early,0.7,halo xxxuserxxx apa three sedang gangguan ? kenapa lambat sekali internet saya .,"min, internet three kok lama banget ya? kok lemot banget sih?",False,210,4200105,42,"[""tolong dong xxxuserxxx dari kmaren sore jaringan nya full tapi nggak nyambung ke internet padahal kuota dah lumayan banyak"", ""dear indosat , sy mau isi paketan , tetapi kenapa tidak bisa ya , sudah sejak jam xxxnumberxxx tadi , pulsa sdh masuk tapi tdk bisa aktip"", ""udah xxxnumberxxx menit stuck gini terus , padahal koneksi internet saya normal . tolong di bantu"", ""min di daerah kab . bandung sinyal xxxnumberxxx g hilang walaupun saya restart tetap hilang , mohon pengertiannya min"", ""ini masih gangguan sinyal xxxnumberxxx g ga bisa aktif datanya ?"", ""sore min , ini ada keluhan nomer saya pulsa kesedot terus , padahal tidak berlangganan paket apapun . tolong di cek min + xxxnumberxxx xxxnumberxxx - xxxnumberxxx - xxxnumberxxx"", ""tolong bantu , kenapa nomor simpati saya tidak bisa menerima sms dari nomor tri , padahal ditelpon bisa ."", ""saya beli voucher fisik indosat xxxnumberxxx gb unlimited , tapi gagal terus kenapa ya ?"", ""halo mas / mba xxxuserxxx ini nomor halo saya udah xxxnumberxxx hari gak bisa dipake . rugi dong bayar tagihan doang tapi gak kepake ~"", ""ini kenapa lagi ya mau perpanjang internet ga bisa ? xxxnumberxxx juga ga bisa ?""]",False,10,2193,16,True,61,0.9968912,informal,1,0.7996028065681458,0.6544167995452881,271.22614523501034,False,0.0
google/gemma-3-4b-it,formal,informal,hybrid_early,0.7,"saya sudah kirim , admin . mohon dicek .","sudah saya dm min , mohon di cek .",False,212,4200106,42,"[""selamat malam , tolong cek dm ya min , kiriman paket saya blm di kirim ."", ""baik min , sebentar lagi saya kirim lewat dm . terimakasih ."", ""sudah saya dm min , mohon di cek"", ""selamat siang kak , mohon dicek saya mengirimkan dm . terimakasih"", ""malam , saya mau mengembalikan barang krn salah kirim . diinfo harus upload bukti pengirimannya . uploadnya dimana ya ? makasih"", ""selamat siang min , saya minta bantuan untuk tracking paket . detail telah saya kirim via dm . terimakasih"", ""min tolong cek dm ya . terima kasih"", ""sudah saya dm . mohon di balas"", ""mohon cek dm saya , terima kasih"", ""min tolong cek dm ya . makasiih""]",False,10,1622,12,True,34,0.647742,informal,1,0.84791100025177,0.7106666564941406,1528.1503101702965,True,0.0
google/gemma-3-4b-it,formal,informal,hybrid_early,0.7,typo membuat salah paham .,"""typo bikin salah paham aja nih.""",False,214,4200107,42,"[""respon nya awalnya katanya masukin paswod salah pdhl dah benar . dan yg ke xxxnumberxxx stlh terblokir ga bs masukan kode otp ke apl ."", ""sudah xxxnumberxxx hari , status belum juga berubah nih min . tadi udah telfon qc katanya cuma suruh nunggu"", ""hallo min selamat pagi , no resi jp xxxphonexxx diperkiran bakal diterima hari ini . tapi malah di disimpan kalau ada alamat yang salah tolong diinfo kan ."", ""bisa jadi admin grabnya salah ketik ."", ""akun sy disuspend gara2 saya cancel terus . padahal saya buru2 dan dapatnya driver ganjil terus di hari yang genap . mohon dm saya ya"", ""hallo urgent nomor cust service berapa ya ? ini whatsapp ayah saya di hack di nomor + xxxnumberxxx xxxnumberxxx xxxnumberxxx"", ""wuah dm saya ga di - waro , bad service"", ""di kebo sirih sinyal bolak balik e terus nih berhari2 . lagi ga stabil apa gimana sih ?"", ""min , jaringan xxxnumberxxx g dilokasi ini error . tolong dibantu cek dong . tks before"", ""lha gimana bos . urgen . telopon ke xxxnumberxxx nunggu lama bgt , giliran udh nyambung cs nanyanya panjang x lebar keburu habis pulsa masalah gak kelar .""]",False,10,2075,9,True,33,0.9970446,informal,1,0.7575077414512634,0.7698246240615845,571.0430275025295,False,0.0
google/gemma-3-4b-it,formal,informal,hybrid_early,0.7,sinyal xxxnumberxxx g full tapi tidak bisa dipakai . daerah jogja ini kenapa sudah hampir seminggu .,"min, sinyal xxxnumberxxx g full tapi gak bisa dipake nih, daerah jogja udah nyampe hampir seminggu ke gitu.",True,216,4200108,42,"[""ini masih gangguan sinyal xxxnumberxxx g ga bisa aktif datanya ?"", ""jp xxxphonexxx min tolong dong ini paket saya ga nyampe nyampe , padahal ngirim sesama jakarta bisa xxxnumberxxx harian ."", ""sore min , ini ada keluhan nomer saya pulsa kesedot terus , padahal tidak berlangganan paket apapun . tolong di cek min + xxxnumberxxx xxxnumberxxx - xxxnumberxxx - xxxnumberxxx"", ""min di daerah kab . bandung sinyal xxxnumberxxx g hilang walaupun saya restart tetap hilang , mohon pengertiannya min"", ""tolong dong xxxuserxxx dari kmaren sore jaringan nya full tapi nggak nyambung ke internet padahal kuota dah lumayan banyak"", ""dear indosat , sy mau isi paketan , tetapi kenapa tidak bisa ya , sudah sejak jam xxxnumberxxx tadi , pulsa sdh masuk tapi tdk bisa aktip"", ""ini kenapa lagi ya mau perpanjang internet ga bisa ? xxxnumberxxx juga ga bisa ?"", ""sudah hampir xxxnumberxxx hari paket belum rilis ? ada apa ?"", ""min , jaringan xxxnumberxxx g dilokasi ini error . tolong dibantu cek dong . tks before"", ""telat bayar wifi pas mau bayar jadi xxxnumberxxx ribu""]",False,10,2110,28,True,107,0.9976561,informal,1,0.8850831985473633,0.9117416143417358,487.795424915085,False,0.0
google/gemma-3-4b-it,formal,informal,hybrid_early,0.7,"halo admin , saya mau melaporkan sebuah toko . jadi penjualnya itu bersikap tidak sopan ke saya ( selaku pembeli ) dan saya merasa tersinggung dengan perkataan penjualnya .","“admin, ini knp penjualnya kasar ke aku (pelanggan)? kesel banget sumpah!”",False,218,4200109,42,"[""selamat malam , admin . saya ingin melaporkan penipuan online yang terjadi pada saya kemarin , bisa di proses tidak ya ? terima kasih atas perhatiannya ."", ""pagi juga min . thanks sdh respon , dirumah cm ada istri aja min . ga ada yg terima . tetangga juga ga ada yg namanya sandi ."", ""hey lazada ini knp dr kmrin sy buat laporan kok ga ada penanganan , lambat !"", ""tolong ditindak lanjuti penipuan baru min xxxuserxxx nomor tidak dikenal , sangat berbahaya , org yg gk tau pasti lgsg menurut apalagi fitur baru"", ""admin grab yang baik hati , saya minta tolong cek dm ya . terima kasih ."", ""halo pengaduan saya pengembalian dana ke kartu kredit belum di tangani . tolonglah jangan diam"", ""mas , mbak , respon mention saya dong . lambat banget deh pelayanannya ."", ""min xxxuserxxx saya mau komplain terkait dengan no resi jp xxxphonexxx barang diterima dalam keadaan plastik terbuka sehingga barang ada yg jatuh dan hilang"", ""halo admin , ini kenapa saya selalu di telpon oleh cs ? dan disaat jam kerja ."", ""woi penipu sampe kpn ga mau merespon keluhan gw ? xxxuserxxx liat aja bakal gw ramein trs cc :""]",False,10,2229,21,True,74,0.98335385,informal,1,0.576034426689148,0.7185083031654358,146.44214558229547,False,0.0
google/gemma-3-4b-it,formal,informal,hybrid_early,0.7,"apakah harus memiliki pulsa yang banyak untuk menghubungi nomor itu ? memangnya , tidak ada twitter brilink ya ?",“kok pulsa saya yang dipotong pas mau telepon nomor itu ? ada twitter brilink nggak sih min ?”,False,220,4200110,42,"[""kenapa pulsa saya yang dipotong internetnya bukan quota saya ? dua kali lagi duh"", ""kantor post pulo gadung buka sampai jam berapa ya ? saya pengen melakukan pembayaran"", ""hanya alamat yang berubah . jadi harus ke cabang bca terdekat untuk ganti kartu atm ya . apakah ada biaya tambahan ?"", ""saya mau tanya , apa nomor rekening yan sudah tidak di tambah saldo selama xxxnumberxxx tahun masih aktif / di gunakan"", ""saya melakukan pembukaan tabungan lewat bca mobile namun saat tahap untuk video call dengan customer service , selalu tidak bisa"", ""min kalo mau transfer pulsa ke telkomsel bisa ga cuma xxxnumberxxx ribu gitu"", ""ini kenapa abis bayar pascabayar jadi gaada kuotanya ya ?"", ""min kalau mau buat nomer kartu halo baru yang xxxnumberxxx itu bagaimana prosedur dan biayanya ?"", ""baiklah , terimakasih . tapi saya kan tidak sedang berlangganan apa - apa tapi kenapa pulsa saya kesedot ya min ? kira - kira bagaimana ya mengeceknya ? sebelumnya tidak pernah"", ""ini kenapa lagi ya mau perpanjang internet ga bisa ? xxxnumberxxx juga ga bisa ?""]",False,10,2115,23,True,94,0.99005276,informal,1,0.7849996089935303,0.672256350517273,287.5928467959544,False,0.0
google/gemma-3-4b-it,formal,informal,hybrid_early,0.7,"tiga hari ini jaringan xxxnumberxxx g terhambat , xxxnumberxxx g terengah - engah . sedekar buka web saja lambat . tolong ditindaklanjuti .","tiga hari ini jaringan xxxnumberxxx g lama terhambat, xxxnumberxxx g susah banget. coba buka web aja lama. tolong di tindau dong.",False,222,4200111,42,"[""ini kenapa lagi ya mau perpanjang internet ga bisa ? xxxnumberxxx juga ga bisa ?"", ""langganan pencet * xxxnumberxxx ga bisa , pake apps ga bisa masuk juga !"", ""ini masih gangguan sinyal xxxnumberxxx g ga bisa aktif datanya ?"", ""sudah off , jaringannya jga udh xxxnumberxxx g / xxxnumberxxx g . tetep ga bisa"", ""saya beli voucher fisik indosat xxxnumberxxx gb unlimited , tapi gagal terus kenapa ya ?"", ""udah xxxnumberxxx menit stuck gini terus , padahal koneksi internet saya normal . tolong di bantu"", ""gak ada balasan sampai sekarang . apa karena cuma terpotong xxxnumberxxx xxxnumberxxx ribu aja ?"", ""minta pencerahan nya hu . kok saldo ga msk ya , xxxnumberxxx trip xxxnumberxxx . ada apa kah ini"", ""telat bayar wifi pas mau bayar jadi xxxnumberxxx ribu"", ""min di daerah kab . bandung sinyal xxxnumberxxx g hilang walaupun saya restart tetap hilang , mohon pengertiannya min""]",False,10,1973,34,True,129,0.9955895,informal,1,0.6564193964004517,0.936103105545044,371.39613039253214,False,0.0
google/gemma-3-4b-it,formal,informal,hybrid_early,0.7,saya sudah menyelesaikan misi jugglenaut saat masih ada xxxnumberxxx + sisa hadiahnya . sampai sekarang belum dikirim hadiahnya .,“udah xxxnumberxxx hari hadiahnya blom dateng . masih ada xxxnumberxxx + sisa hadiahnya kan?”,False,224,4200112,42,"[""sudah hampir xxxnumberxxx hari paket belum rilis ? ada apa ?"", ""gak ada balasan sampai sekarang . apa karena cuma terpotong xxxnumberxxx xxxnumberxxx ribu aja ?"", ""kecewa sama xxxuserxxx yakin banget milih voucher cash back makanya tetap bayar ongkir , tp pas barang sampai coin cash back pun ga dapet !"", ""udah xxxnumberxxx hari say . template csnya sih suruh nunggu terus xxxnumberxxx x24 jam . tp ga pernah dibalik2in uangnya ."", ""besok ada surprise deal xxxnumberxxx xxxnumberxxx gb lagi gak ? saya mau beli"", ""admin , kok dm saya belum di respon - respon ya ? sudah xxxnumberxxx hari nih min"", ""ini xxxuserxxx kenapa ya udah xxxnumberxxx x top up ga masuk2 saldonya ?"", ""percuma , pulsa ku aja sisa xxxnumberxxx dan dikit lg berakhir"", ""kak , tadi coba mau beli pulsa telkomsel xxxnumberxxx xxxnumberxxx xxxnumberxxx k , tapi koq dibatalkan mulu ya ? apa stok nya lagi kosong ?"", ""keuntungan xxxnumberxxx nya kok ga bisa ya min ?""]",False,10,2019,24,True,93,0.99392104,informal,1,0.6592333316802979,0.6780144572257996,376.9861834321792,False,0.0
google/gemma-3-4b-it,formal,informal,hybrid_early,0.7,tolong xxxuserxxx ditindaklanjuti yang seperti ini .,min xxxuserxxx tolong ditindaklanjuti ya!,False,226,4200113,42,"[""tolong xxxuserxxx ini di proses , modus penipuan"", ""nih xxxuserxxx lemot banget xxxnumberxxx g nya"", ""ohh gitu ya xxxuserxxx pilih kasih yaa"", ""ini sinyalnya knp ya skrg xxxuserxxx jelek bgtt"", ""waduh jadi gimana nih xxxuserxxx tolong di tindak lanjuti ya !"", ""min xxxuserxxx utk memberantas ini bagaimana ?"", ""hai , xxxuserxxx tolong cek dm saya ya , thanks !"", ""sering² gini ya xxxuserxxx biar makin sayang aku nya"", ""halo admin xxxuserxxx cek dm dong"", ""haloo xxxuserxxx tolong baless dm sayaa""]",False,10,1504,14,True,41,0.99703753,informal,1,0.8359231948852539,0.801044225692749,439.81587042722515,False,0.0
google/gemma-3-4b-it,formal,informal,hybrid_early,0.7,"kalau paket cod gagal dikirim , bagaimana kelanjutannya ? pembeli susah dihubungi .","“kalau paket cod gagal kirim, gimana kelanjutannya? pembeli susah dihubungi, min.”",False,228,4200114,42,"[""min , ini kenapa saya gak bisa sms ya ? saya mau konfirmasi pembelian paket gagal mulu sms nya drtd ."", ""paket saya sampai mana ya ? resi xxxnumberxxx . thx"", ""malam , mau komplain . paket statusnya sudah sampai . tapi saya belum terima paket . mohon bantuannya . terima kasih ."", ""jb xxxphonexxx , sudah seminggu paket ngga nyampe , padahal masih dalam jakarta , ini malah dikirm ke surabaya buat apa coba ? jnt sistemnya gimana sih ?"", ""tolong paket saya blm saya terima tapi pas di check tracking ko udh delivered ?"", ""malam , saya mau mengembalikan barang krn salah kirim . diinfo harus upload bukti pengirimannya . uploadnya dimana ya ? makasih"", ""selamat malam , tolong cek dm ya min , kiriman paket saya blm di kirim ."", ""ni paket napa gagal kirim min ?"", ""oh ya mandiri online , tolong min knp saat proses masuk baru tak dpt sms"", ""malam , mohon info paket saya sejak tanggal xxxnumberxxx tertahan dgn status itu . blm terkirim sampai sekarang , ada apa ya ?""]",False,10,2005,22,True,82,0.95687735,informal,1,0.9497036933898926,0.9299132823944092,108.12073505515245,False,0.0
google/gemma-3-4b-it,formal,informal,hybrid_early,0.7,"bingung dengan xxxuserxxx sinyal tidak pernah stabil , sebanyak apapun isi kuota sepertinya tidak berpengaruh . sudah ubah xxxnumberxxx g pun tetap saja .","“kok sinyalnya gak stabil ya, xxxuserxxx? kuota udah banyak, tapi kok gak ngefek gituuu? udah ganti-ganti xxxnumberxxx juga sama aja.”",False,230,4200115,42,"[""selamat malam xxxuserxxx mau tanya , kenapa bonus kuota aplikasi nya gak bisa di pake ? malah kesedot terus kuota utama nya . terimakasih"", ""tolong dong xxxuserxxx dari kmaren sore jaringan nya full tapi nggak nyambung ke internet padahal kuota dah lumayan banyak"", ""ini kenapa lagi ya mau perpanjang internet ga bisa ? xxxnumberxxx juga ga bisa ?"", ""ini masih gangguan sinyal xxxnumberxxx g ga bisa aktif datanya ?"", ""cek dm coba xxxuserxxx dari tadi komplen ngga ada respon , pulsa udah kepotong kena tarif per kb"", ""min di daerah kab . bandung sinyal xxxnumberxxx g hilang walaupun saya restart tetap hilang , mohon pengertiannya min"", ""oo xxxuserxxx lagi eror . pntesan g bisa2 , dan aku harus ambil hotspot dr hp xxxnumberxxx nya yg pake xxxuserxxx lancar jaya , trimakasii"", ""sore min , ini ada keluhan nomer saya pulsa kesedot terus , padahal tidak berlangganan paket apapun . tolong di cek min + xxxnumberxxx xxxnumberxxx - xxxnumberxxx - xxxnumberxxx"", ""telat bayar wifi pas mau bayar jadi xxxnumberxxx ribu"", ""gimana cara pengambilan paket datanya min xxxuserxxx ? sudah cek my telkomsel dan * xxxnumberxxx gak tersediaa .""]",False,10,2242,38,True,134,0.9945945,informal,1,0.7155818939208984,0.6939307451248169,87.62621036187187,False,0.0
google/gemma-3-4b-it,formal,informal,hybrid_early,0.7,kenapa internet jadi lambat ? padahal sudah di pengaturan terus pilih jaringan manual tetap saja lambat .,"min, internetnya lama banget sih? udah di setting manual juga tetep aja lemot.",False,232,4200116,42,"[""min maaf lagi gangguan apa gimana ? dari tadi ga konek internet terus"", ""min , kenapa jaringan idup mati terus ya ? kudu pindah2 apn baru konek ."", ""normal apanya min , udah beberapa hari mati nyala terus . hari ini ga tau udah berapa kali , ga ngitung saking seringnya"", ""mohon dibantu sinyal indosatnya koq lemot bgt . baru daftar pket internet padahal ."", ""internet saya lemot sekali , apa ada yg salah dgn jaringan dsni ? atau karna paket data saya yg truble ?"", ""admin , ketika mau cek tagihan listrik , kenapa tidak bisa ? muncul pesan dibawah"", ""udah xxxnumberxxx menit stuck gini terus , padahal koneksi internet saya normal . tolong di bantu"", ""udah di coba sama semua . sinyal full tapi lemote ora omom"", ""di kebo sirih sinyal bolak balik e terus nih berhari2 . lagi ga stabil apa gimana sih ?"", ""iya kak terimakasih . tapi tadi sudah datang ke galeri indosatnya langsung . sudah normal lagi""]",False,10,1962,20,True,78,0.997677,informal,1,0.8489388823509216,0.6374557018280029,93.5510673019246,False,0.0
google/gemma-3-4b-it,formal,informal,hybrid_early,0.7,"ya dikasih kopi , kopi sudah mendarah daging .","""udah , dkasih kopi , kopi udh mendarah daging 🤤""",False,234,4200117,42,"[""kok aku ada disana si minum kopi"", ""mau makan malah kasih duit xxxuserxxx 🤣 🤣 🤣"", ""promo grab food semuanya mental ga bisa dipake . sedih akutu , xxxuserxxx . huhuhu"", ""min , udh xxxnumberxxx hari ini saya mau gofood kok gak dapet driver terus ? apa aplikasi gojek lagi error ?"", ""read dong , aku lapar nih mau go - food . belum ada makan dari pagi . tolong"", ""grabfood error , apakah saya harus beralih ke gofood ?"", ""nyerbu tempat makan kalo lagi laper"", ""kasian temenku ini , lagi kelaperan malah dijahatin mamang grab"", ""min tadi pesen grabfood , dan ga sengaja kepencet rating xxxnumberxxx cara baikinnya gimana ya ? kasian sama bapaknya ga tegaa"", ""iya . pdhl sisa kuota masih cukuplah . xxxnumberxxx g + padahal""]",False,10,1720,18,True,49,0.9983309,informal,1,0.788583517074585,0.6834806203842163,383.45803715057065,False,0.0
google/gemma-3-4b-it,formal,informal,hybrid_early,0.7,"masih error , saya beralih saja ke kartu yang lain .","udah, min. gak bisa sih, beralih aja ke kartu lain deh.",False,236,4200118,42,"[""iya kak terimakasih . tapi tadi sudah datang ke galeri indosatnya langsung . sudah normal lagi"", ""sudah kak , sudah saya ganti ke xxxnumberxxx g tp ttp susah"", ""udah di coba tapi masih ngga bisa . cek dm"", ""ini masih gangguan sinyal xxxnumberxxx g ga bisa aktif datanya ?"", ""min , kenapa jaringan idup mati terus ya ? kudu pindah2 apn baru konek ."", ""kak gimana nih saya daftar paket yellow gak bisa bisa"", ""kartu sim card xl saya sudah hilang dan saya ingin mengaktifasi nomor xl saya apakah bisa ? caranya bagaimana ?"", ""tetap tidak bisa min , nomor kartu kredit yg saya masukan sdh benar . tetapi tetap tidak bisa klik tombol continue . saya udah ulang berkali2 ."", ""min maaf lagi gangguan apa gimana ? dari tadi ga konek internet terus"", ""min di daerah kab . bandung sinyal xxxnumberxxx g hilang walaupun saya restart tetap hilang , mohon pengertiannya min""]",False,10,1868,17,True,55,0.99712497,informal,1,0.7087752819061279,0.6847583055496216,391.8866100986794,False,0.0
google/gemma-3-4b-it,formal,informal,hybrid_early,0.7,"selamat malam admin xxxuserxxx . saya baru isi pulsa xxxnumberxxx xxxnumberxxx k , tiba - tiba pulsa hilang entah kenapa . padahal belum saya lakukan apa - apa . sebel saya .","“malam min , pulsa saya kok tiba2 hilang setelah isi pulsa xxxnumberxxx xxxnumberxxx k , sebel banget”",False,238,4200119,42,"[""sore min , ini ada keluhan nomer saya pulsa kesedot terus , padahal tidak berlangganan paket apapun . tolong di cek min + xxxnumberxxx xxxnumberxxx - xxxnumberxxx - xxxnumberxxx"", ""pulsa saya terakhir xxxnumberxxx xxxnumberxxx xxxnumberxxx xxxnumberxxx xxxnumberxxx an , terus isi ulang xxxnumberxxx . kenapa skrg jumlahnya hanya xxxnumberxxx ya ? nomer xxxnumberxxx"", ""tolong hentikan sms xxxnumberxxx ke nomor saya . xxxnumberxxx . mengurangi pulsa saya ."", ""udah xxxnumberxxx menit stuck gini terus , padahal koneksi internet saya normal . tolong di bantu"", ""kak , tadi coba mau beli pulsa telkomsel xxxnumberxxx xxxnumberxxx xxxnumberxxx k , tapi koq dibatalkan mulu ya ? apa stok nya lagi kosong ?"", ""min di daerah kab . bandung sinyal xxxnumberxxx g hilang walaupun saya restart tetap hilang , mohon pengertiannya min"", ""dear indosat , sy mau isi paketan , tetapi kenapa tidak bisa ya , sudah sejak jam xxxnumberxxx tadi , pulsa sdh masuk tapi tdk bisa aktip"", ""ini xxxuserxxx kenapa ya udah xxxnumberxxx x top up ga masuk2 saldonya ?"", ""halo mas / mba xxxuserxxx ini nomor halo saya udah xxxnumberxxx hari gak bisa dipake . rugi dong bayar tagihan doang tapi gak kepake ~"", ""minta pencerahan nya hu . kok saldo ga msk ya , xxxnumberxxx trip xxxnumberxxx . ada apa kah ini""]",False,10,2408,26,True,102,0.998343,informal,1,0.8641335964202881,0.7307811379432678,393.38664482815983,False,0.0
google/gemma-3-4b-it,formal,informal,hybrid_early,0.7,"kencan bahagia itu makan malam bersama kekasih di kfc bayarnya , kenyangnya dapat , romantisnya dapat , plus dapat cashback xxxpercentxxx dari xxxuserxxx . mantap betul , mantap betul , mantap betul .","""kencan bahagia itu makan malem sama pacar di kfc bayarnya , kenyangnya dapet , romantisnya dapet , plus dapet cashback xxxpercentxxx dari xxxuserxxx . mantap betul , mantap betul , mantap betul.""",False,240,4200120,42,"[""makasih syg bonus kuota xxxnumberxxx gb nya , lumayan lah sehari juga buat streaming wkwk"", ""selamat malam xxxuserxxx mau tanya , kenapa bonus kuota aplikasi nya gak bisa di pake ? malah kesedot terus kuota utama nya . terimakasih"", ""cek dm coba xxxuserxxx dari tadi komplen ngga ada respon , pulsa udah kepotong kena tarif per kb"", ""belinya pake xxxuserxxx dapet cashback xxxpercentxxx lumayan dapat kopi gratisan"", ""halo xxxuserxxx , aplikasi grab di iphone se saya kok jadi berat banget ya apalagi kalau pesan grabfood suka ngehang ."", ""jam xxxnumberxxx lama bangett ! mau ngabisin kuota malem xxxuserxxx neh ! gabisa apa kuota malemnya di ganti jadi kuota siang"", ""kalau aku ketika melihat diskon xxxpercentxxx grab langsung cuepeett"", ""promo grab food semuanya mental ga bisa dipake . sedih akutu , xxxuserxxx . huhuhu"", ""jp xxxphonexxx min tolong dong ini paket saya ga nyampe nyampe , padahal ngirim sesama jakarta bisa xxxnumberxxx harian ."", ""sekencang - kencangnya mantan gebet cewek baru abis putus , lebih kencang lagi admin twitter xxxuserxxx dan tim kreatifnya memanfaatkan konten viral dengan menjadikannya konten marketing .""]",False,10,2296,52,True,196,0.9900927,informal,1,0.9076837301254272,0.9133216142654419,73.40071843018194,False,0.0
google/gemma-3-4b-it,formal,informal,hybrid_early,0.7,admin . transaksi xxxnumberxxx belum di pick up kurir terus - menerus sudah xxxnumberxxx hari . bisa bantu percepat ?,"admin , kok transaksi xxxnumberxxx blom di pickup kurir terus - menerus udah xxxnumberxxx hari nih min . bs bantu percepat dong?",False,242,4200121,42,"[""gak ada balasan sampai sekarang . apa karena cuma terpotong xxxnumberxxx xxxnumberxxx ribu aja ?"", ""malam kak . paketan saya resi xxxnumberxxx sdh xxxnumberxxx hr kok ga berubah ubah statusnya kak ?"", ""min , jaringan xxxnumberxxx g dilokasi ini error . tolong dibantu cek dong . tks before"", ""no transaksi saya xxxnumberxxx . saya udah nunggu xxxnumberxxx hr dana ga balik2 . duit nya ga sedikit . tanggung jawab dong dana org kok di tahan2 !"", ""transaksi xxxnumberxxx sudah diterima tgl xxxnumberxxx jam xxxnumberxxx siang harap segera diremit dananya"", ""udah xxxnumberxxx hari say . template csnya sih suruh nunggu terus xxxnumberxxx x24 jam . tp ga pernah dibalik2in uangnya ."", ""sudah xxxnumberxxx hari , status belum juga berubah nih min . tadi udah telfon qc katanya cuma suruh nunggu"", ""admin , kok dm saya belum di respon - respon ya ? sudah xxxnumberxxx hari nih min"", ""cek resi ini min , delivery kurir dari jam xxxnumberxxx td belum dateng2 xxxnumberxxx xxxnumberxxx"", ""xxxnumberxxx transaksi tersebut knp batal ? itu kan udh dikirim . kurir udh pickup""]",False,10,2136,31,True,128,0.9982576,informal,1,0.8887167572975159,0.8552941083908081,646.6129385452022,False,0.0
google/gemma-3-4b-it,formal,informal,hybrid_early,0.7,saya tarik saldo dari aplikasi linkaja ke rekening bank bri saya kenapa sampai sekarang masih pending ?,"saya tarik saldo dari linkaja ke bri , kok masih pending ya sampai skrg?",False,244,4200122,42,"[""saya kirim uang , kenapa tidak masuk ? padahal status berhasil dan saldo sya terpotong"", ""withdraw saldo gak masuk2 ke bri saya ."", ""tadi saya topup ke shopee pay , sudah berhasil tapi kok di aplikasi tetep xxxnumberxxx ya ? tolong baca dm saya ya . terimakasih"", ""saldo kepotong tapi uang nggak keluar . ini udah kali kedua saya melakukan penarikan tunai di atm ."", ""saya mau tanya , apa nomor rekening yan sudah tidak di tambah saldo selama xxxnumberxxx tahun masih aktif / di gunakan"", ""saya melakukan pembukaan tabungan lewat bca mobile namun saat tahap untuk video call dengan customer service , selalu tidak bisa"", ""pengembalian saldo karena gagal penarikan membutuhkan waktu berapa lama ya ? saya sudah laporan xxxnumberxxx hari kerja sampai skr masih proses ditindak lanjuti terus"", ""saya salah pilihan isi resi , harusnya otomatis dari sicepat tapi saya malah terlanjur bayar cash , nomor resinya bisa diedit nggak ya ?"", ""sudah saya coba telpon ke mandiri nya . dan bener saldo saya kedebit xxxnumberxxx x . mohon bantuannya . nomor pelaporan mandiri : c190909991030424630"", ""saya belipaket rp . xxxnumberxxx rb tapi kok tidak masuk ya ? padahal pulsanya udh kepotong""]",False,10,2236,18,True,72,0.99794096,informal,1,0.9028552174568176,0.8760866522789001,264.39748961422094,False,0.0
google/gemma-3-4b-it,formal,informal,hybrid_early,0.7,jawabannya a . asuransi . ikutan ayo xxxuserxxx xxxuserxxx xxxuserxxx selesai follow semua media sosial .,jawabannya a . asuransi . ayo xxxuserxxx xxxuserxxx xxxuserxxx udah selesai follow semua media sosial,False,246,4200123,42,"[""asuransi link tersebut berada di posisi no xxxnumberxxx xxxuserxxx xxxuserxxx xxxuserxxx * xxxnumberxxx"", ""bismillah jawaban : a yuk ikutan gaes xxxuserxxx xxxuserxxx xxxuserxxx 🤲"", ""ini xxxuserxxx kenapa ya udah xxxnumberxxx x top up ga masuk2 saldonya ?"", ""yaang xxxuserxxx aku ikutan ini yaa"", ""ini kenapa ya ? xxxuserxxx orang mau beli pulsa gara2 ini jadi batal . ini sampe berapa lama ?"", ""ikon fitur asuransi link aja di nomor xxxnumberxxx"", ""tolong xxxuserxxx ini di proses , modus penipuan"", ""belinya pake xxxuserxxx dapet cashback xxxpercentxxx lumayan dapat kopi gratisan"", ""mau tanya nih xxxuserxxx , apa benar ovo sedang mengalami trouble ? saya top up via xxxuserxxx sore tadi sampai sekarang xxxnumberxxx belum masuk juga ."", ""gimana cara pengambilan paket datanya min xxxuserxxx ? sudah cek my telkomsel dan * xxxnumberxxx gak tersediaa .""]",False,10,1915,26,False,101,0.9375624,informal,1,0.9650489091873169,0.9646269679069519,546.3411716389433,False,0.0
google/gemma-3-4b-it,formal,informal,hybrid_early,0.7,berarti kalau tidak di on / off kan dulu airplane modenya tetap pakai kuota regular ?,"""terus kalau gak dinyalain/dimatikan dulu, pakai kuota reguler aja ya?""",False,248,4200124,42,"[""sudah off , jaringannya jga udh xxxnumberxxx g / xxxnumberxxx g . tetep ga bisa"", ""tolong dong xxxuserxxx dari kmaren sore jaringan nya full tapi nggak nyambung ke internet padahal kuota dah lumayan banyak"", ""ini kenapa abis bayar pascabayar jadi gaada kuotanya ya ?"", ""sudah kak , sudah saya ganti ke xxxnumberxxx g tp ttp susah"", ""sama masih jg jaringan naik turun"", ""grab paket hemat saya billingnya itu tgl xxxnumberxxx juli xxxnumberxxx sekarang aja udh agustus kok subscribe nya masih aktif ya ?"", ""jb xxxphonexxx , sudah seminggu paket ngga nyampe , padahal masih dalam jakarta , ini malah dikirm ke surabaya buat apa coba ? jnt sistemnya gimana sih ?"", ""ini masih gangguan sinyal xxxnumberxxx g ga bisa aktif datanya ?"", ""udah di coba tapi masih ngga bisa . cek dm"", ""ini kenapa lagi ya mau perpanjang internet ga bisa ? xxxnumberxxx juga ga bisa ?""]",False,10,1897,21,True,71,0.9944988,informal,1,0.68094801902771,0.7274300456047058,86.58638100487046,False,0.0
google/gemma-3-4b-it,formal,informal,hybrid_early,0.7,"saya tunggu respon disini , segera ! sebelum dapat jawaban saya retweet simultan supaya ingat !","“min, segera balas ya di dm! aku tunggu banget, biar aku retweet dulu buat diinget!”",False,250,4200125,42,"[""min mohon cek dm , ditunggu responnya , makasih"", ""selamat siang , mohon bantuannya untuk di follow up admin , karena saya butuh untuk segera dikirimkan , terima kasih"", ""baik min , sebentar lagi saya kirim lewat dm . terimakasih ."", ""mohon cek dm saya , terima kasih"", ""selamat siang kak , mohon dicek saya mengirimkan dm . terimakasih"", ""mas , mbak , respon mention saya dong . lambat banget deh pelayanannya ."", ""halo min , saya mau mengnonaktifkan akun gojek saya mohon dicek dmnya . sedih nih udah dari kemarin nge - mention ga di respon"", ""sudah saya dm min , mohon di cek"", ""selamat malam , tolong cek dm ya min , kiriman paket saya blm di kirim ."", ""malam , saya mau mengembalikan barang krn salah kirim . diinfo harus upload bukti pengirimannya . uploadnya dimana ya ? makasih""]",False,10,1836,23,True,84,0.9880756,informal,1,0.7337228655815125,0.7463638186454773,239.38853515601937,False,0.0
google/gemma-3-4b-it,formal,informal,hybrid_early,0.7,"maaf , apakah memang lagi gangguan ? mulai tadi tidak bisa cek dan beli kuota .","min maaf, lagi gangguan apa ya? dari tadi nggak bisa cek kuota nih.",False,252,4200126,42,"[""ini masih gangguan sinyal xxxnumberxxx g ga bisa aktif datanya ?"", ""iya kak terimakasih . tapi tadi sudah datang ke galeri indosatnya langsung . sudah normal lagi"", ""lagi gangguan ya tidak bisa telp , sms dan internetan"", ""min maaf lagi gangguan apa gimana ? dari tadi ga konek internet terus"", ""tolong dong xxxuserxxx dari kmaren sore jaringan nya full tapi nggak nyambung ke internet padahal kuota dah lumayan banyak"", ""baiklah , terimakasih . tapi saya kan tidak sedang berlangganan apa - apa tapi kenapa pulsa saya kesedot ya min ? kira - kira bagaimana ya mengeceknya ? sebelumnya tidak pernah"", ""malam , mohon info paket saya sejak tanggal xxxnumberxxx tertahan dgn status itu . blm terkirim sampai sekarang , ada apa ya ?"", ""ini kenapa abis bayar pascabayar jadi gaada kuotanya ya ?"", ""dear indosat , sy mau isi paketan , tetapi kenapa tidak bisa ya , sudah sejak jam xxxnumberxxx tadi , pulsa sdh masuk tapi tdk bisa aktip"", ""cek dm coba xxxuserxxx dari tadi komplen ngga ada respon , pulsa udah kepotong kena tarif per kb""]",False,10,2065,18,True,67,0.99693835,informal,1,0.8949468731880188,0.8045564293861389,188.3585882451385,False,0.0
google/gemma-3-4b-it,formal,informal,hybrid_early,0.7,"beli token listrik admin , karena sudah mau habis .","""admin, tolong beli token listrik dong, udah mau abis nih.""",False,254,4200127,42,"[""sudah min . tolong dong . beli token listrik mah lancar"", ""min saran shopeepay later bisa juga dong buat beli pulsa , paket data , dan listrik wkwk"", ""ini kenapa abis bayar pascabayar jadi gaada kuotanya ya ?"", ""admin , ketika mau cek tagihan listrik , kenapa tidak bisa ? muncul pesan dibawah"", ""grab paket hemat saya billingnya itu tgl xxxnumberxxx juli xxxnumberxxx sekarang aja udh agustus kok subscribe nya masih aktif ya ?"", ""saya salah pilihan isi resi , harusnya otomatis dari sicepat tapi saya malah terlanjur bayar cash , nomor resinya bisa diedit nggak ya ?"", ""kalo beli ginian masa aktif ikut nambah gak bossku ? tks"", ""saya kirim uang , kenapa tidak masuk ? padahal status berhasil dan saldo sya terpotong"", ""malam , mau komplain . paket statusnya sudah sampai . tapi saya belum terima paket . mohon bantuannya . terima kasih ."", ""toped sudah tidak bisa cicilan lagi ?""]",False,10,1888,17,True,59,0.98314625,informal,1,0.7677993178367615,0.7876405715942383,72.4595592368098,False,0.0
google/gemma-3-4b-it,formal,informal,hybrid_early,0.7,saldo grab dan ovo kan sudah menyatu sekarang .,"“Saldo Grab sama Ovo udah gabung sekarang tuh, ya?”",False,256,4200128,42,"[""halo saya top up grab ovo lewat atm barusan tapi kok belum masuk ya ?"", ""min top up di aplikasi ovo kok gabisa nyambung di ovonya grab si . padahal nomornya udah samaa )"", ""halo min saldo ovo ga muncul di grab , padahal nomor hp sudah sama . tolong cek dm ya min"", ""min , kmaren sy naik grab tp kok nda bisa bayar pake saldo gopay"", ""min nenek saya naik grab udh saya bayar pake ovo eh pas turun nenek saya bayar cash lagi , cara ovonya biar balik gimana ya ?"", ""ini kenapa abis bayar pascabayar jadi gaada kuotanya ya ?"", ""di busway dan tol bisa normal digunakan , atau buat naik commuter agak berbeda ? mohon info , sayang2 saldo flazz saya kalau dianggap kadaluarsa"", ""grab ada kode promo utk grab send terbaru ga ? kok yg antarjkt eired ya"", ""saya udh topup gopay , kenapaa saldo saya tidak bertambah ?"", ""grabfood error , apakah saya harus beralih ke gofood ?""]",False,10,1867,15,True,51,0.993899,informal,1,0.7662599086761475,0.7343284487724304,266.1959807293606,False,0.0
google/gemma-3-4b-it,formal,informal,hybrid_early,0.7,tolong admin dikasih bonus untuk masnya .,"min , minta bonus buat abangnya dong !",True,258,4200129,42,"[""min , tolong bantuannya . gojek instant nelponin saya terus nanya supaya diselesaikan transaksinya . biasanya otomatis kan ?"", ""pelayanan untuk customer sangat ramah tapi saya mau nanya , potongan kuota xxxnumberxxx xxxnumberxxx mb itu untuk donasi apa ya ?"", ""min , minta naik gaji min , ganti hp"", ""bos hari keberapa ini ga masuk2 kuota saya , sudah cukup sabar ya bos !"", ""min , biaya transfer ke bank free terus apa ada jatah maksimal tiap bulannya ?"", ""selamat siang , mohon bantuannya untuk di follow up admin , karena saya butuh untuk segera dikirimkan , terima kasih"", ""aku salut sekali sama abangnya , niat banget ! boleh kali abangnya nih dikasi bonus"", ""min agen mapan terpilih ada dimana aja ya ? saya mau beli paket voucher gojek nih"", ""malam , saya mau mengembalikan barang krn salah kirim . diinfo harus upload bukti pengirimannya . uploadnya dimana ya ? makasih"", ""mohon bantuan segera ya min , saya tunggu""]",False,10,1919,10,True,38,0.9929946,informal,1,0.7139294147491455,0.6423817276954651,4348.8613639787545,True,0.0
google/gemma-3-4b-it,formal,informal,hybrid_early,0.7,halo xl . saya mau lapor untuk tujuan pemblokiran nomor handphone yang dipakai untuk menipu . bagaimana caranya ? surat polisi sudah siap .,"“halo xl , saya mau laporan soal pemblokiran nomor hp yang dipakai buat nipu . caranya gimana ya ? surat polisi udah siap.”",False,260,4200130,42,"[""kartu sim card xl saya sudah hilang dan saya ingin mengaktifasi nomor xl saya apakah bisa ? caranya bagaimana ?"", ""dear indosat , sy mau isi paketan , tetapi kenapa tidak bisa ya , sudah sejak jam xxxnumberxxx tadi , pulsa sdh masuk tapi tdk bisa aktip"", ""maaf min no saya tidak bisa dipakai internet , nelpon dll . mohon ditanggapi dm saya"", ""halo mas / mba xxxuserxxx ini nomor halo saya udah xxxnumberxxx hari gak bisa dipake . rugi dong bayar tagihan doang tapi gak kepake ~"", ""min kalau mau buat nomer kartu halo baru yang xxxnumberxxx itu bagaimana prosedur dan biayanya ?"", ""saya mau tanya , ini saya mau beli paket yellow kenapa sama xxxnumberxxx tidak direspon / tidak dibalas"", ""sore min , ini ada keluhan nomer saya pulsa kesedot terus , padahal tidak berlangganan paket apapun . tolong di cek min + xxxnumberxxx xxxnumberxxx - xxxnumberxxx - xxxnumberxxx"", ""hai , selamat sore . saya baru saja membeli kartu sim simpati . dan udah coba registrasi , tapi ga ada respon . tolong bantuannya ."", ""sy pindah kartu simpati lama ke xxxnumberxxx g . katanya ada bonus kuota internet , tp kok sy ga dapet . mhon penjelasannya !"", ""hallo urgent nomor cust service berapa ya ? ini whatsapp ayah saya di hack di nomor + xxxnumberxxx xxxnumberxxx xxxnumberxxx""]",False,10,2353,30,True,123,0.9799479,informal,1,0.8624924421310425,0.8613653182983398,78.19474024137628,False,0.0
google/gemma-3-4b-it,formal,informal,hybrid_early,0.7,admin . proses pengembalian pulsanya berapa lama ?,"admin, proses pengembalian pulsa berapa lama ya? udah lapor xxxnumberxxx hari kerja nih, masih diproses terus.",False,262,4200131,42,"[""pengembalian saldo karena gagal penarikan membutuhkan waktu berapa lama ya ? saya sudah laporan xxxnumberxxx hari kerja sampai skr masih proses ditindak lanjuti terus"", ""selamat malam , mau tanya kalo proses pengembalian dana ( selisih ongkir ) biasanya berapa lama ya min ?"", ""saya kirim uang , kenapa tidak masuk ? padahal status berhasil dan saldo sya terpotong"", ""malam , saya mau mengembalikan barang krn salah kirim . diinfo harus upload bukti pengirimannya . uploadnya dimana ya ? makasih"", ""kalau ajukan pembatalan dimana pesanan barang yg dibeli sudah dibayar dan bayarnya pakai kartu kredit . mekanisme pengembalian dananya bagaimana ya ?"", ""halo pengaduan saya pengembalian dana ke kartu kredit belum di tangani . tolonglah jangan diam"", ""kantor post pulo gadung buka sampai jam berapa ya ? saya pengen melakukan pembayaran"", ""malam , mau komplain . paket statusnya sudah sampai . tapi saya belum terima paket . mohon bantuannya . terima kasih ."", ""admin , ketika mau cek tagihan listrik , kenapa tidak bisa ? muncul pesan dibawah"", ""sama kayak saya pak paket saya gak saya terima claim gak jelas kapan hasilnya , jangan tunggu ini menyebar ya !""]",False,10,2162,27,True,110,0.9932989,informal,1,0.7690367698669434,0.8436817526817322,158.0630498791685,False,0.0
google/gemma-3-4b-it,formal,informal,hybrid_early,0.7,untuk grapari jogja dimana ya admin ?,"min, grapari jogja di mana ya?",False,264,4200132,42,"[""min agen mapan terpilih ada dimana aja ya ? saya mau beli paket voucher gojek nih"", ""apakah di bca kc purwokerto ada weekend banking ? tq"", ""sudah ada di dm semua . lokasi dan nomor"", ""halo admin , ini kenapa saya selalu di telpon oleh cs ? dan disaat jam kerja ."", ""min , ada kontak tlpn yang bisa dihubungi ?"", ""jb xxxphonexxx , sudah seminggu paket ngga nyampe , padahal masih dalam jakarta , ini malah dikirm ke surabaya buat apa coba ? jnt sistemnya gimana sih ?"", ""halo min , kalo paket saya misroute gimana ya ?"", ""saat ini sudah di jogja blm ?"", ""min untuk resi jp xxxphonexxx estimasi berapa hari nyampe nya ?"", ""maaf min mau nanya apakah bener ini nomor dari gojek ? + xxxnumberxxx""]",False,10,1684,10,True,30,0.99429697,informal,1,0.8996535539627075,0.739300549030304,1096.9406758153923,True,0.0
google/gemma-3-4b-it,formal,informal,hybrid_early,0.7,supaya dapat main bareng di sela - sela penyusunan laporan magang dan skripsi .,"min , pengen main bareng deh di sela - sela ngerjain laporan magang sama skripsi .",False,266,4200133,42,"[""driver di jogja pada ngapain ea kok sibuk semuaa hh laper neh"", ""driver xxxuserxxx di jogja malam ini sibuk semua . warbiasakk . sejam klak klik klak klik busy mulu ."", ""min , tolong bantuannya . gojek instant nelponin saya terus nanya supaya diselesaikan transaksinya . biasanya otomatis kan ?"", ""tolong dong jaringan , kerjaan jadi gabener gara gara jaringan dari semalem lemot"", ""lha gimana bos . urgen . telopon ke xxxnumberxxx nunggu lama bgt , giliran udh nyambung cs nanyanya panjang x lebar keburu habis pulsa masalah gak kelar ."", ""ya ampun semoga cepet masuk ya ka saldonya . xxxuserxxx min cepet ditindaklanjutin dong masalahnya"", ""iyaa mas ndang dibenerin yaa . apalagi buat airlangga kampus c lemott telkomsel"", ""hi , admin . mohon bantuan untuk hapus akun gojek saya yg lama ? terimakasih ."", ""min tolong cek dm yaa ! urgent banget , thankyou"", ""ini ngapa min kok gini dari sore tadi , dah ku setting lokasi masih sama aja , tolong dibantu dari sore lum makan""]",False,10,2008,25,True,82,0.99578613,informal,1,0.796176552772522,0.773408830165863,74.64016849217073,False,0.0
google/gemma-3-4b-it,formal,informal,hybrid_early,0.7,nilai pelanggaran rp xxxnumberxxx ribu . dikurangi biaya ojek ( standar harga xxxuserxxx : rp xxxnumberxxx ribu . total bayar : rp xxxnumberxxx ribu .,"“nilai pelanggaran rp xxxnumberxxx ribu , kurang biaya ojek ( standar harga xxxuserxxx : rp xxxnumberxxx ribu . total bayar : rp xxxnumberxxx ribu .”",False,268,4200134,42,"[""pulsa saya terakhir xxxnumberxxx xxxnumberxxx xxxnumberxxx xxxnumberxxx xxxnumberxxx an , terus isi ulang xxxnumberxxx . kenapa skrg jumlahnya hanya xxxnumberxxx ya ? nomer xxxnumberxxx"", ""tolong hentikan sms xxxnumberxxx ke nomor saya . xxxnumberxxx . mengurangi pulsa saya ."", ""gak ada balasan sampai sekarang . apa karena cuma terpotong xxxnumberxxx xxxnumberxxx ribu aja ?"", ""gimana cara pengambilan paket datanya min xxxuserxxx ? sudah cek my telkomsel dan * xxxnumberxxx gak tersediaa ."", ""asuransi link tersebut berada di posisi no xxxnumberxxx xxxuserxxx xxxuserxxx xxxuserxxx * xxxnumberxxx"", ""min infonya klo upgrade simcard ke xxxnumberxxx g dapet bonus xxxnumberxxx . xxxnumberxxx gg selama xxxnumberxxx bulan . yaa"", ""ini xxxuserxxx kenapa ya udah xxxnumberxxx x top up ga masuk2 saldonya ?"", "". ada apa dengan kurir pos . sampai saat ini belum juga update ongkir nya . padahal sudah dari tgl . xxxdatexxx sudah berlaku tarif baru ."", ""min ini gimana ya ? saya abis beli voucher xxxnumberxxx xxxnumberxxx k pake go points . pas dipake cuma dapet potongan xxxnumberxxx xxxnumberxxx k ?"", ""jp xxxphonexxx min tolong dong ini paket saya ga nyampe nyampe , padahal ngirim sesama jakarta bisa xxxnumberxxx harian .""]",False,10,2328,37,True,149,0.07171065,formal,0,0.9720598459243774,0.8849117755889893,125.97775536957118,False,0.0
google/gemma-3-4b-it,formal,informal,hybrid_early,0.7,sudah mulai goyah sama indosat hahaha .,"waduuuuh, Indosat mulai nggak stabil deh hahaha.",False,270,4200135,42,"[""waduhh emg indosat bermasalah mulu nih , mana pulsa suka kesedot tbtb . ingin rasanya ganti provider sj"", ""di kebo sirih sinyal bolak balik e terus nih berhari2 . lagi ga stabil apa gimana sih ?"", ""mau nangis kesel banget paket yellow susah banget diaktifin tolong min gabisa bljr w"", ""saya pakai xl prioritas kok lemotnya minta ampun ya ? padahal dulu kenceng bangett , apa lagi ada maintenance ?"", ""iya kak terimakasih . tapi tadi sudah datang ke galeri indosatnya langsung . sudah normal lagi"", ""telkomsel kenapa nih kok sinyalnya ilangg"", ""eyy min , ini kenapa sih indosat kok gabisa dipasang paket"", ""belom ada promo lagi woy bisa bisa ganti operator ini mah"", ""ini kenapa abis bayar pascabayar jadi gaada kuotanya ya ?"", ""kak indosat baru troble ato gmn ya ? kok kartu saya gk ada sinyal""]",False,10,1788,14,True,48,0.99546874,informal,1,0.6047734022140503,0.5918697118759155,1044.5790764341782,True,0.0
google/gemma-3-4b-it,formal,informal,hybrid_early,0.7,shopee terbaik karena bisa memakai dua voucher dalam sekali checkout !,"""shopee mantep banget bisa pake dua voucher pas checkout!""",False,272,4200136,42,"[""shopee gabisa bayar tagihan indosat pascabayar ya min ?"", ""selamat siang , voucher shopee senilai xxxnumberxxx xxxnumberxxx xxxnumberxxx ribu apakah ketika melakukan pembelian melebihi nominal tsb dapat dibayar dengan cash ? mohon infonya . trims ."", ""min saran shopeepay later bisa juga dong buat beli pulsa , paket data , dan listrik wkwk"", ""ini di umumin yg dapet vouchernya kapan ya ?"", ""tadi saya topup ke shopee pay , sudah berhasil tapi kok di aplikasi tetep xxxnumberxxx ya ? tolong baca dm saya ya . terimakasih"", ""kecewa sama xxxuserxxx yakin banget milih voucher cash back makanya tetap bayar ongkir , tp pas barang sampai coin cash back pun ga dapet !"", ""min ini gimana ya ? saya abis beli voucher xxxnumberxxx xxxnumberxxx k pake go points . pas dipake cuma dapet potongan xxxnumberxxx xxxnumberxxx k ?"", ""min saya mau bayar transaksi bukalapak ko gagal mulu ya"", ""kemana - mana pake grab dan pas lagi ada promo lebih cepet dari"", ""ini kenapa daritadi mau pake voucher gabisa terus yaa ? udah di update juga padahal""]",False,10,2054,14,True,58,0.99711263,informal,1,0.7420529127120972,0.8697634935379028,458.9387415219978,False,0.0
google/gemma-3-4b-it,formal,informal,hybrid_early,0.7,"hi admin . saya sudah memesan barang . sudah ditransfer juga . tapi mengapa setelah melakukan pembayaran , tulisannya pemesanan tidak sah ?","min , kenapa pemesanan saya gak sah setelah transfer ya ? makasih .",False,274,4200137,42,"[""malam , saya mau mengembalikan barang krn salah kirim . diinfo harus upload bukti pengirimannya . uploadnya dimana ya ? makasih"", ""malam , mohon info paket saya sejak tanggal xxxnumberxxx tertahan dgn status itu . blm terkirim sampai sekarang , ada apa ya ?"", ""malam , mau komplain . paket statusnya sudah sampai . tapi saya belum terima paket . mohon bantuannya . terima kasih ."", ""selamat malam , tolong cek dm ya min , kiriman paket saya blm di kirim ."", ""no . transaksi xxxnumberxxx barang belum dikirim melebihi batas kirim , dana belum masuk ke saldo bl saya ."", ""selamat malam , mau tanya kalo proses pengembalian dana ( selisih ongkir ) biasanya berapa lama ya min ?"", ""tolong pulsa belum masuk . udah transfer juga . makasih ."", ""min , ini kenapa saya gak bisa sms ya ? saya mau konfirmasi pembelian paket gagal mulu sms nya drtd ."", ""min , kalau sudah melewati estimasi pengiriman , tapi barang blum smpe gimana ya . ."", "". ada apa dengan kurir pos . sampai saat ini belum juga update ongkir nya . padahal sudah dari tgl . xxxdatexxx sudah berlaku tarif baru .""]",False,10,2165,16,True,67,0.997797,informal,1,0.8685728311538696,0.7404181957244873,739.6484056810057,False,0.0
google/gemma-3-4b-it,formal,informal,hybrid_early,0.7,"admin . mengapa saya topup ovo dari alfamart , kata mbaknya sudah terkirim dan sudah ada bukti transaksinya namun saldo saya belum bertambah ?","“admin, kok topup ovo dari alfamartnya, kata mbaknya udah terkirim sama ada bukti transaksinya, tapi saldo saya kok belum naik ya?”",False,276,4200138,42,"[""halo saya top up grab ovo lewat atm barusan tapi kok belum masuk ya ?"", ""saya kirim uang , kenapa tidak masuk ? padahal status berhasil dan saldo sya terpotong"", ""halo min saldo ovo ga muncul di grab , padahal nomor hp sudah sama . tolong cek dm ya min"", ""baiklah , terimakasih . tapi saya kan tidak sedang berlangganan apa - apa tapi kenapa pulsa saya kesedot ya min ? kira - kira bagaimana ya mengeceknya ? sebelumnya tidak pernah"", ""tadi saya topup ke shopee pay , sudah berhasil tapi kok di aplikasi tetep xxxnumberxxx ya ? tolong baca dm saya ya . terimakasih"", ""saya salah pilihan isi resi , harusnya otomatis dari sicepat tapi saya malah terlanjur bayar cash , nomor resinya bisa diedit nggak ya ?"", ""grab paket hemat saya billingnya itu tgl xxxnumberxxx juli xxxnumberxxx sekarang aja udh agustus kok subscribe nya masih aktif ya ?"", ""malam , mohon info paket saya sejak tanggal xxxnumberxxx tertahan dgn status itu . blm terkirim sampai sekarang , ada apa ya ?"", ""no . transaksi xxxnumberxxx barang belum dikirim melebihi batas kirim , dana belum masuk ke saldo bl saya ."", ""pengembalian saldo karena gagal penarikan membutuhkan waktu berapa lama ya ? saya sudah laporan xxxnumberxxx hari kerja sampai skr masih proses ditindak lanjuti terus""]",False,10,2348,36,True,131,0.9745861,informal,1,0.9175080060958862,0.9261182546615601,51.87938172812217,False,0.0
google/gemma-3-4b-it,formal,informal,hybrid_early,0.7,"sini sini , tetapi jauh dari tempatmu dik .","“sini sini, tapi agak jauh dari kamu tau :”",True,278,4200139,42,"["": mas , agak cpt ya udh laper nih : oke mba , ditunggu : sama nnti temenin saya ya mas rumah lagi sepi nih : ."", ""ini kapan dikirimnya dah kebanyakan transit dr cilandak kedepok padahal deket"", ""ga ada yang mau ngambil karena destinasinya jauh ?"", ""maksudnya lewat laptop via website ?"", ""sudah kak budi , tolong ditindak lanjuti yah . makasih"", ""baik , sy masih di depan mesin atm"", ""engga . gangguan beneran kayanya . makanya wa dia susah masuk wkwkwk"", ""sudah saya dm tapi kok blm dijawab ya ?"", ""hey lazada ini knp dr kmrin sy buat laporan kok ga ada penanganan , lambat !"", ""aku pernah gt kepotong tp dia nnti balik lg klo keadaannya masih proses""]",False,10,1650,14,True,43,0.4883999,formal,0,0.6748807430267334,0.7842597961425781,274.80707798169885,False,0.0
google/gemma-3-4b-it,formal,informal,hybrid_early,0.7,"admin , mengapa hari ini loading - nya sangat lambat ? saya buka apa pun lambat sekali .","admin, kenapa hari ini loadingnya lama banget sih? buka apa aja lama parah banget.",False,280,4200140,42,"[""min maaf lagi gangguan apa gimana ? dari tadi ga konek internet terus"", ""mas , mbak , respon mention saya dong . lambat banget deh pelayanannya ."", ""admin , ketika mau cek tagihan listrik , kenapa tidak bisa ? muncul pesan dibawah"", ""naahh udah saya unreg malah gitu responnya . bikin bingung ."", ""min , ini kenapa saya gak bisa sms ya ? saya mau konfirmasi pembelian paket gagal mulu sms nya drtd ."", ""normal apanya min , udah beberapa hari mati nyala terus . hari ini ga tau udah berapa kali , ga ngitung saking seringnya"", ""udah xxxnumberxxx menit stuck gini terus , padahal koneksi internet saya normal . tolong di bantu"", ""masalahnya email saya pada akun tsb lupa password , saya sudah mengikuti cara mengganti email hanya saja tidak bisa terganti email tsb"", ""tolong dong jaringan , kerjaan jadi gabener gara gara jaringan dari semalem lemot"", ""baiklah , terimakasih . tapi saya kan tidak sedang berlangganan apa - apa tapi kenapa pulsa saya kesedot ya min ? kira - kira bagaimana ya mengeceknya ? sebelumnya tidak pernah""]",False,10,2071,19,True,82,0.98726636,informal,1,0.8082800507545471,0.9040089249610901,73.15211403650368,False,0.0
google/gemma-3-4b-it,formal,informal,hybrid_early,0.7,"sudah bisa admin , saya coba di atm lokasi lain . terima kasih .","min, udah bisa kok admin, saya coba di atm lokasi lain. terima kasih.",False,282,4200141,42,"[""hanya alamat yang berubah . jadi harus ke cabang bca terdekat untuk ganti kartu atm ya . apakah ada biaya tambahan ?"", ""hai , selamat sore . saya baru saja membeli kartu sim simpati . dan udah coba registrasi , tapi ga ada respon . tolong bantuannya ."", ""malam , mau komplain . paket statusnya sudah sampai . tapi saya belum terima paket . mohon bantuannya . terima kasih ."", ""tetap tidak bisa min , nomor kartu kredit yg saya masukan sdh benar . tetapi tetap tidak bisa klik tombol continue . saya udah ulang berkali2 ."", ""min tolong cek dm ya . terima kasih"", ""ke grapari niat mau tuker sim ke xxxnumberxxx g . eh antriannya abis , pas pulang ditawarin nomor sama kang parkir . kumaha eta"", ""halo min , cara cek riwayat pengisian pulsa gimana ya ?"", ""oh ya mandiri online , tolong min knp saat proses masuk baru tak dpt sms"", ""pagi min , ini saya top up pulsa ko gagal terus ya . itu kenapa ya min ?"", ""admin , ketika mau cek tagihan listrik , kenapa tidak bisa ? muncul pesan dibawah""]",False,10,2006,18,True,69,0.9957996,informal,1,0.9542269706726074,0.9610642194747925,420.06965057324487,False,0.0
google/gemma-3-4b-it,formal,informal,hybrid_early,0.7,"halo , mohon dibantu dipercepat dan diinfokan perkiraan barang tiba ke alamat penerima : jp xxxphonexxx tujuan ntb . saya pengirim . terima kasih bantuannya !","halo min , no resi jp xxxphonexxx tujuan ntb , tolong di info perkiraan barangnya kapan nyampe ya , terima kasih bantuannya!",False,284,4200142,42,"[""hallo min selamat pagi , no resi jp xxxphonexxx diperkiran bakal diterima hari ini . tapi malah di disimpan kalau ada alamat yang salah tolong diinfo kan ."", ""jp xxxphonexxx min tolong dong ini paket saya ga nyampe nyampe , padahal ngirim sesama jakarta bisa xxxnumberxxx harian ."", ""halo min tolong di bantu no resi jp xxxphonexxx dan jp xxxphonexxx status sudah diterima . tapi saya dan orang rumah belum terima paketnya . tolong dibantu ."", ""mohon info status delivery no resi jd xxxphonexxx tujuan medan , ya min . karena masih belum diterima . paket dikirim dari bandung , tanggal xxxdatexxx . thx"", ""malam , mohon info paket saya sejak tanggal xxxnumberxxx tertahan dgn status itu . blm terkirim sampai sekarang , ada apa ya ?"", ""min untuk resi jp xxxphonexxx estimasi berapa hari nyampe nya ?"", ""malam , saya mau mengembalikan barang krn salah kirim . diinfo harus upload bukti pengirimannya . uploadnya dimana ya ? makasih"", ""halo . paket saya dengan no resi xxxnumberxxx tidak ada pergerakan dari kemarin . tolong konfirmasi nya"", ""halo barang sy dari tanggal xxxdatexxx sdh dijakarta , tp kenapa gak sampai2 min . tlg dicek min ."", ""selamat siang min , saya minta bantuan untuk tracking paket . detail telah saya kirim via dm . terimakasih""]",False,10,2363,34,True,124,0.99838495,informal,1,0.911198616027832,0.8473902940750122,278.0335566164911,False,0.0
google/gemma-3-4b-it,formal,informal,hybrid_early,0.7,"admin , mau tanya . kalau driver performa bintang pengaruhnya bagaimana ? apa berpengaruh ke pendapatan pesanan juga ?","min , mau tanya dong , performa bintang driver tuh pengaruhnya ke orderan gak ya ? masukin duit gak tuh ?",False,286,4200143,42,"[""min , udh xxxnumberxxx hari ini saya mau gofood kok gak dapet driver terus ? apa aplikasi gojek lagi error ?"", ""masalahnya akun driver bisa bisanya kena bajak . tidak ada pilihan cancel , karena itu yang buat mbak ini ketipu , bang jek ! xxxnumberxxx ! xxxnumberxxx ! xxxnumberxxx ! xxxnumberxxx ! xxxnumberxxx !"", ""min , tolong bantuannya . gojek instant nelponin saya terus nanya supaya diselesaikan transaksinya . biasanya otomatis kan ?"", ""min agen mapan terpilih ada dimana aja ya ? saya mau beli paket voucher gojek nih"", ""malam , mau komplain . paket statusnya sudah sampai . tapi saya belum terima paket . mohon bantuannya . terima kasih ."", ""halo min , saya mau mengnonaktifkan akun gojek saya mohon dicek dmnya . sedih nih udah dari kemarin nge - mention ga di respon"", ""akun sy disuspend gara2 saya cancel terus . padahal saya buru2 dan dapatnya driver ganjil terus di hari yang genap . mohon dm saya ya"", ""halo grab mo tanya dong , apakah bs driver dapet xxxnumberxxx order dr org berbeda dlm xxxnumberxxx waktu ?"", ""maaf min mau nanya apakah bener ini nomor dari gojek ? + xxxnumberxxx"", ""mas , mbak , respon mention saya dong . lambat banget deh pelayanannya .""]",False,10,2248,27,True,105,0.9983563,informal,1,0.8131555914878845,0.8542443513870239,191.98892844067672,False,0.0
google/gemma-3-4b-it,formal,informal,hybrid_early,0.7,mengapa dari tadi pagi server penuh terus ?,"min, kok dari tadi pagi servernya rame banget terus ya?",False,288,4200144,42,"[""normal apanya min , udah beberapa hari mati nyala terus . hari ini ga tau udah berapa kali , ga ngitung saking seringnya"", ""min maaf lagi gangguan apa gimana ? dari tadi ga konek internet terus"", ""min ini kenapa jaringan di karawaci gangguan terus ?"", ""pagi min , ini saya top up pulsa ko gagal terus ya . itu kenapa ya min ?"", ""tolong dong xxxuserxxx dari kmaren sore jaringan nya full tapi nggak nyambung ke internet padahal kuota dah lumayan banyak"", ""kenapa ya ko sinyalnya jelek bgt ini"", ""kenapa sinyalnya kalau malam jelek mulu sihh"", ""admin , ketika mau cek tagihan listrik , kenapa tidak bisa ? muncul pesan dibawah"", ""grab paket hemat saya billingnya itu tgl xxxnumberxxx juli xxxnumberxxx sekarang aja udh agustus kok subscribe nya masih aktif ya ?"", ""min , ini kenapa saya gak bisa sms ya ? saya mau konfirmasi pembelian paket gagal mulu sms nya drtd .""]",False,10,1863,14,True,55,0.9966833,informal,1,0.8122990727424622,0.8383779525756836,348.3873294721971,False,0.0
google/gemma-3-4b-it,formal,informal,hybrid_early,0.7,ini admin . biasanya combo terbaik untukmu ada yang xxxnumberxxx gb xxxnumberxxx ribu dan xxxnumberxxx gb xxxnumberxxx ribu . ini dia hilang tidak ada lagi .,xxxnumberxxx gb xxxnumberxxx ribu udah gak ada lagi tuh min? hmm,False,290,4200145,42,"[""gaada lagi best deal yg xxxnumberxxx xxxnumberxxx gb / xxxnumberxxx hari yg harga nya xxxnumberxxx xxxnumberxxx rb kaya kmaren gitu ? hmm"", ""pulsa saya terakhir xxxnumberxxx xxxnumberxxx xxxnumberxxx xxxnumberxxx xxxnumberxxx an , terus isi ulang xxxnumberxxx . kenapa skrg jumlahnya hanya xxxnumberxxx ya ? nomer xxxnumberxxx"", ""xxxnumberxxx hari xxxnumberxxx gb yutup , cuma berkurang xxxnumberxxx xxxnumberxxx mb , krn emang ga jalan , loading aja terus . emosi djiwa"", ""besok ada surprise deal xxxnumberxxx xxxnumberxxx gb lagi gak ? saya mau beli"", ""jam xxxnumberxxx atau jam xxxnumberxxx masih ada gak tuh min ?"", ""min ini gimana ya ? saya abis beli voucher xxxnumberxxx xxxnumberxxx k pake go points . pas dipake cuma dapet potongan xxxnumberxxx xxxnumberxxx k ?"", ""min infonya klo upgrade simcard ke xxxnumberxxx g dapet bonus xxxnumberxxx . xxxnumberxxx gg selama xxxnumberxxx bulan . yaa"", ""keuntungan xxxnumberxxx nya kok ga bisa ya min ?"", ""pagi admin , paket saya dari shopee dengan kode xxxnumberxxx xxxnumberxxx xxxnumberxxx xxxnumberxxx xxxnumberxxx xxxnumberxxx xxxnumberxxx xxxnumberxxx xxxnumberxxx xxxnumberxxx xxxnumberxxx r04b tidak kebaca nomor resinya , mohon dibantu ya . dari hari jumat masih ngendep di jne malang"", ""xxxdatexxx kan xxxnumberxxx hari kedepan , ga lebih dari xxxnumberxxx hari , gimana ?""]",False,10,2442,17,False,64,0.99845135,informal,1,0.7324906587600708,0.5638302564620972,2242.1946906003773,True,0.0
google/gemma-3-4b-it,formal,informal,hybrid_early,0.7,"hai , tolong bantuannya . saya baru top up ovo tapi tulisan di ovo selalu gagal tidak bisa menampilkan saldo . bagaimana ?","halo , tolong bantuannya . baru top up ovo , tulisan di ovo kok selalu gagal gak bisa nunjukkin saldo . gimana dong min?",False,292,4200146,42,"[""pagi min , ini saya top up pulsa ko gagal terus ya . itu kenapa ya min ?"", ""halo min saldo ovo ga muncul di grab , padahal nomor hp sudah sama . tolong cek dm ya min"", ""halo saya top up grab ovo lewat atm barusan tapi kok belum masuk ya ?"", ""baiklah , terimakasih . tapi saya kan tidak sedang berlangganan apa - apa tapi kenapa pulsa saya kesedot ya min ? kira - kira bagaimana ya mengeceknya ? sebelumnya tidak pernah"", ""min top up di aplikasi ovo kok gabisa nyambung di ovonya grab si . padahal nomornya udah samaa )"", ""saya kirim uang , kenapa tidak masuk ? padahal status berhasil dan saldo sya terpotong"", ""akun sy disuspend gara2 saya cancel terus . padahal saya buru2 dan dapatnya driver ganjil terus di hari yang genap . mohon dm saya ya"", ""malam , mohon info paket saya sejak tanggal xxxnumberxxx tertahan dgn status itu . blm terkirim sampai sekarang , ada apa ya ?"", ""di kebo sirih sinyal bolak balik e terus nih berhari2 . lagi ga stabil apa gimana sih ?"", ""tetap tidak bisa min , nomor kartu kredit yg saya masukan sdh benar . tetapi tetap tidak bisa klik tombol continue . saya udah ulang berkali2 .""]",False,10,2191,30,True,120,0.9969784,informal,1,0.8998570442199707,0.9498416185379028,185.27820409887144,False,0.0
google/gemma-3-4b-it,formal,informal,hybrid_early,0.7,"ini ngobrol dengan triva , cepat sekali responnya . jadi tidak lama menunggu pesan dari dia .","""halo triva , responnya cepet banget ya , jadi ngga lama nunggu pesannya.""",False,294,4200147,42,"[""iya kak terimakasih . tapi tadi sudah datang ke galeri indosatnya langsung . sudah normal lagi"", ""mas , mbak , respon mention saya dong . lambat banget deh pelayanannya ."", ""barusan ada yg telfon saya dengan nomor ini . apakah ini benar dari halo bca ?"", ""halo admin , ini kenapa saya selalu di telpon oleh cs ? dan disaat jam kerja ."", ""tolong bantu , kenapa nomor simpati saya tidak bisa menerima sms dari nomor tri , padahal ditelpon bisa ."", ""cek dm coba xxxuserxxx dari tadi komplen ngga ada respon , pulsa udah kepotong kena tarif per kb"", ""maaf min no saya tidak bisa dipakai internet , nelpon dll . mohon ditanggapi dm saya"", ""lagi gangguan ya tidak bisa telp , sms dan internetan"", ""sudah xxxnumberxxx hari , status belum juga berubah nih min . tadi udah telfon qc katanya cuma suruh nunggu"", ""jb xxxphonexxx , sudah seminggu paket ngga nyampe , padahal masih dalam jakarta , ini malah dikirm ke surabaya buat apa coba ? jnt sistemnya gimana sih ?""]",False,10,2005,22,True,74,0.9975477,informal,1,0.6881016492843628,0.7736296653747559,87.36536933890027,False,0.0
google/gemma-3-4b-it,formal,informal,hybrid_early,0.7,mengapa muncul seperti ini terus min ? bisa xxxnumberxxx - xxxnumberxxx kali semenit . bagaimana cara menghilangkannya ?,"“kok min, kenapa terus muncul kayak gini sih? bisa - - - kali semenit. gimana cara ngilang ya?”",False,296,4200148,42,"[""minta pencerahan nya hu . kok saldo ga msk ya , xxxnumberxxx trip xxxnumberxxx . ada apa kah ini"", ""udah xxxnumberxxx menit stuck gini terus , padahal koneksi internet saya normal . tolong di bantu"", ""halo . dari xxxnumberxxx hari lalu saya mau bayar cc via mbanking tapi selalu keluar popup seperti ini kenapa ya ?"", ""sudah kak , sudah saya ganti ke xxxnumberxxx g tp ttp susah"", ""gak ada balasan sampai sekarang . apa karena cuma terpotong xxxnumberxxx xxxnumberxxx ribu aja ?"", ""please xxxuserxxx jaringan , kenapa ngilang gak jelas mulu ."", ""sore min , ini ada keluhan nomer saya pulsa kesedot terus , padahal tidak berlangganan paket apapun . tolong di cek min + xxxnumberxxx xxxnumberxxx - xxxnumberxxx - xxxnumberxxx"", ""keluar update versi xxxnumberxxx . xxxnumberxxx kapan min ?"", ""keuntungan xxxnumberxxx nya kok ga bisa ya min ?"", ""tadi saya topup ke shopee pay , sudah berhasil tapi kok di aplikasi tetep xxxnumberxxx ya ? tolong baca dm saya ya . terimakasih""]",False,10,2046,27,True,95,0.99179053,informal,1,0.6946481466293335,0.7833936214447021,152.29541625431037,False,0.0
google/gemma-3-4b-it,formal,informal,hybrid_early,0.7,halo jenius . untuk pengiriman kartu ke domisili biasanya dibutuhkan waktu berapa lama ? terima kasih .,"halo jenius , estimasi pengiriman kartu ke rumah berapa lama ya? terima kasih.",False,298,4200149,42,"[""min kalau mau buat nomer kartu halo baru yang xxxnumberxxx itu bagaimana prosedur dan biayanya ?"", ""min untuk resi jp xxxphonexxx estimasi berapa hari nyampe nya ?"", ""halo min tolong di bantu no resi jp xxxphonexxx dan jp xxxphonexxx status sudah diterima . tapi saya dan orang rumah belum terima paketnya . tolong dibantu ."", ""halo min , cara cek riwayat pengisian pulsa gimana ya ?"", ""halo barang sy dari tanggal xxxdatexxx sdh dijakarta , tp kenapa gak sampai2 min . tlg dicek min ."", ""malam , mau komplain . paket statusnya sudah sampai . tapi saya belum terima paket . mohon bantuannya . terima kasih ."", "". ada apa dengan kurir pos . sampai saat ini belum juga update ongkir nya . padahal sudah dari tgl . xxxdatexxx sudah berlaku tarif baru ."", ""halo . paket saya dengan no resi xxxnumberxxx tidak ada pergerakan dari kemarin . tolong konfirmasi nya"", ""hai , selamat sore . saya baru saja membeli kartu sim simpati . dan udah coba registrasi , tapi ga ada respon . tolong bantuannya ."", ""kalian pengiriman dari jakarta ke jakarta butuh waktu berapa lama ?""]",False,10,2121,18,True,78,0.9716584,informal,1,0.8966259360313416,0.9103036522865295,318.11653988642695,False,0.0
google/gemma-3-4b-it,formal,informal,hybrid_early,0.7,"admin , kenapa pulsa saya selalu tersedot terus ? padahal data selalu saya matikan .","“min, pulsa gue lama lama ilang juga sih padahal data udah mati.”",False,300,4200150,42,"[""min ini kenapa y , pulsa tiba2 ilang . paketan internet masih byk tp pulsa kesedot trs . mohon follow up nya !"", ""berulah lagi ? saya gk pernah klik macem² ini , pulsa tersedot banyak banget , hpnya cuma dipake buat nelp & sms"", ""kenapa pulsa saya yang dipotong internetnya bukan quota saya ? dua kali lagi duh"", ""sore min , ini ada keluhan nomer saya pulsa kesedot terus , padahal tidak berlangganan paket apapun . tolong di cek min + xxxnumberxxx xxxnumberxxx - xxxnumberxxx - xxxnumberxxx"", ""lagi gangguan ya tidak bisa telp , sms dan internetan"", ""ini kenapa abis bayar pascabayar jadi gaada kuotanya ya ?"", ""saya beli voucher fisik indosat xxxnumberxxx gb unlimited , tapi gagal terus kenapa ya ?"", ""aku pelanggan yg pulsanya suka tiba tiba ilang"", ""ini masih gangguan sinyal xxxnumberxxx g ga bisa aktif datanya ?"", ""ini kenapa lagi ya mau perpanjang internet ga bisa ? xxxnumberxxx juga ga bisa ?""]",False,10,1943,17,True,65,0.99618226,informal,1,0.6956011056900024,0.6279746294021606,209.4348690945622,False,0.0
google/gemma-3-4b-it,formal,informal,hybrid_early,0.7,"halo , mau bertanya . mengapa untuk transaksi ini nomor resinya tidak terbaharui ? padahal status di jne sudah diproses . xxxnumberxxx . terima kasih .","“Halo, kok nomor resi transaksi ini belum diperbarui ya? Padahal di JNE udah diproses, xxxnumberxxx. Makasih.”",True,302,4200151,42,"[""malam , mohon info paket saya sejak tanggal xxxnumberxxx tertahan dgn status itu . blm terkirim sampai sekarang , ada apa ya ?"", ""paket saya sampai mana ya ? resi xxxnumberxxx . thx"", ""saya mau tanya , ini saya mau beli paket yellow kenapa sama xxxnumberxxx tidak direspon / tidak dibalas"", ""ka paket no resi ini xxxnumberxxx udah sampai dimana ya ?"", ""maaf min mau nanya apakah bener ini nomor dari gojek ? + xxxnumberxxx"", ""min , ini kenapa saya gak bisa sms ya ? saya mau konfirmasi pembelian paket gagal mulu sms nya drtd ."", ""halo min saldo ovo ga muncul di grab , padahal nomor hp sudah sama . tolong cek dm ya min"", ""tolong di cek untuk , awb : xxxnumberxxx . statusya misroute itu artinya apa ? lalu untuk paket saya kapan sampainya ? terima kasih"", ""no . transaksi xxxnumberxxx barang belum dikirim melebihi batas kirim , dana belum masuk ke saldo bl saya ."", ""dear indosat , sy mau isi paketan , tetapi kenapa tidak bisa ya , sudah sejak jam xxxnumberxxx tadi , pulsa sdh masuk tapi tdk bisa aktip""]",False,10,2114,30,True,110,0.9882265,informal,1,0.7693650722503662,0.8383432626724243,137.08574598664592,False,0.0
google/gemma-3-4b-it,formal,informal,hybrid_early,0.7,saya lupa dulu waktu aktivasi di - checklist atau tidak .,“saya lupa waktu aktivasi di checklist.”,False,304,4200152,42,"[""akun sy disuspend gara2 saya cancel terus . padahal saya buru2 dan dapatnya driver ganjil terus di hari yang genap . mohon dm saya ya"", ""saya kirim uang , kenapa tidak masuk ? padahal status berhasil dan saldo sya terpotong"", ""halo min saldo ovo ga muncul di grab , padahal nomor hp sudah sama . tolong cek dm ya min"", ""malam , mohon info paket saya sejak tanggal xxxnumberxxx tertahan dgn status itu . blm terkirim sampai sekarang , ada apa ya ?"", ""baiklah , terimakasih . tapi saya kan tidak sedang berlangganan apa - apa tapi kenapa pulsa saya kesedot ya min ? kira - kira bagaimana ya mengeceknya ? sebelumnya tidak pernah"", ""admin , ketika mau cek tagihan listrik , kenapa tidak bisa ? muncul pesan dibawah"", ""udah masuk email pemberitahuannya suruh cek lagi tetep saldo ga berubah , tapi yasudahlah tak mengapa"", ""saya salah pilihan isi resi , harusnya otomatis dari sicepat tapi saya malah terlanjur bayar cash , nomor resinya bisa diedit nggak ya ?"", ""min , ini kenapa saya gak bisa sms ya ? saya mau konfirmasi pembelian paket gagal mulu sms nya drtd ."", ""normal apanya min , udah beberapa hari mati nyala terus . hari ini ga tau udah berapa kali , ga ngitung saking seringnya""]",False,10,2198,10,True,40,0.2894542,formal,0,0.7866109609603882,0.8185582756996155,2151.027275306853,True,0.0
google/gemma-3-4b-it,formal,informal,hybrid_early,0.7,halo kak . tolong di cek jp xxxphonexxx . saya belum menerima barangnya .,"min, paket saya resi jp xxxphonexxx kok belum sampai ya?",False,306,4200153,42,"[""halo min tolong di bantu no resi jp xxxphonexxx dan jp xxxphonexxx status sudah diterima . tapi saya dan orang rumah belum terima paketnya . tolong dibantu ."", ""halo . paket saya dengan no resi xxxnumberxxx tidak ada pergerakan dari kemarin . tolong konfirmasi nya"", ""jp xxxphonexxx min tolong dong ini paket saya ga nyampe nyampe , padahal ngirim sesama jakarta bisa xxxnumberxxx harian ."", ""min untuk resi jp xxxphonexxx estimasi berapa hari nyampe nya ?"", ""malam , mohon info paket saya sejak tanggal xxxnumberxxx tertahan dgn status itu . blm terkirim sampai sekarang , ada apa ya ?"", ""saya mau tanya , ini saya mau beli paket yellow kenapa sama xxxnumberxxx tidak direspon / tidak dibalas"", ""min no resi jp xxxphonexxx kok belum dikirim2 dr hari sabtu"", ""paket saya sampai mana ya ? resi xxxnumberxxx . thx"", ""hallo min selamat pagi , no resi jp xxxphonexxx diperkiran bakal diterima hari ini . tapi malah di disimpan kalau ada alamat yang salah tolong diinfo kan ."", ""ka paket no resi ini xxxnumberxxx udah sampai dimana ya ?""]",False,10,2060,16,True,56,0.9957086,informal,1,0.8625491857528687,0.692394495010376,1352.993604938874,True,0.0
google/gemma-3-4b-it,formal,informal,hybrid_early,0.7,"milenial bang , sibung di kantor . banyak penjual online juga , ada ojek online juga . berarti tidak ada manfaatnya penjual online dan ojek online .","min , jual online tuh gak guna banget di kantor . banyak penjual kayaknya , ada juga ojol . jadi males deh buat jual online . wkwkwk",True,308,4200154,42,"[""min , minggu ini kok promo grab kaga ada sih . gw kaga bisa makan enak harga murah dong min . min , bantu dong wkwkwk ."", ""min , udh xxxnumberxxx hari ini saya mau gofood kok gak dapet driver terus ? apa aplikasi gojek lagi error ?"", ""kemana - mana pake grab dan pas lagi ada promo lebih cepet dari"", ""begee wkwkwk . gua cek gojek lebih murahh kita coba liat besok pagi dehh wkwk"", ""min , tolong bantuannya . gojek instant nelponin saya terus nanya supaya diselesaikan transaksinya . biasanya otomatis kan ?"", ""min agen mapan terpilih ada dimana aja ya ? saya mau beli paket voucher gojek nih"", ""kantor post pulo gadung buka sampai jam berapa ya ? saya pengen melakukan pembayaran"", ""mas , mbak , respon mention saya dong . lambat banget deh pelayanannya ."", ""masalahnya akun driver bisa bisanya kena bajak . tidak ada pilihan cancel , karena itu yang buat mbak ini ketipu , bang jek ! xxxnumberxxx ! xxxnumberxxx ! xxxnumberxxx ! xxxnumberxxx ! xxxnumberxxx !"", ""grab paket hemat saya billingnya itu tgl xxxnumberxxx juli xxxnumberxxx sekarang aja udh agustus kok subscribe nya masih aktif ya ?""]",False,10,2199,33,False,132,0.99828607,informal,1,0.6465269327163696,0.7619085311889648,174.6855864304995,False,0.0
google/gemma-3-4b-it,formal,informal,hybrid_early,0.7,keasikan seperti operator punya bapak kamu sendiri . hahaha .,"wah, kayaknya operatornya punya bapak sendiri ya? hahaha.",False,310,4200155,42,"[""malam , koneksi telkomsel semakin lama semakin buruk bukan membaik , sudah seminggu lebih seperti ini , jadi gmn solusi terbaik ?"", ""di kebo sirih sinyal bolak balik e terus nih berhari2 . lagi ga stabil apa gimana sih ?"", ""iya kak terimakasih . tapi tadi sudah datang ke galeri indosatnya langsung . sudah normal lagi"", ""makasih syg bonus kuota xxxnumberxxx gb nya , lumayan lah sehari juga buat streaming wkwk"", ""wah capek bener saya harus cerita lagi . udah saya telepon saya imel . seharusnya dari capture saya udah bisa terbaca . driver tidak memiliki jiwa sosial"", ""saya pakai xl prioritas kok lemotnya minta ampun ya ? padahal dulu kenceng bangett , apa lagi ada maintenance ?"", ""min paketanku dimana aku udah ngubungin cs pulsaku abis jadi terputus padahal di track udah nyampe tujuan tapi nggk nerima jp xxxphonexxx ️"", ""kalau kerja cuma jadi buzzer kayak gini , maunya murah malu sama daerah yang gak ada internetnya ."", ""tolong dong xxxuserxxx dari kmaren sore jaringan nya full tapi nggak nyambung ke internet padahal kuota dah lumayan banyak"", ""saya beli voucher fisik indosat xxxnumberxxx gb unlimited , tapi gagal terus kenapa ya ?""]",False,10,2163,14,True,57,0.98849267,informal,1,0.5838549137115479,0.7493425607681274,684.6744971382465,False,0.0
google/gemma-3-4b-it,formal,informal,hybrid_early,0.7,"jam xxxnumberxxx tadi ditelpon kurir . aku ketiduran , admin . bisakah diambil sendiri ke gudang ? sampai pukul berapa ? terima kasih .","min, td kurir telpon aku ketidurrn , admin . bbm ambil sendiri ke gudang gak ya ? sampe jam berapa ? makasih.",False,312,4200156,42,"[""cek resi ini min , delivery kurir dari jam xxxnumberxxx td belum dateng2 xxxnumberxxx xxxnumberxxx"", ""malam , mohon info paket saya sejak tanggal xxxnumberxxx tertahan dgn status itu . blm terkirim sampai sekarang , ada apa ya ?"", ""paket saya sampai mana ya ? resi xxxnumberxxx . thx"", ""ka paket no resi ini xxxnumberxxx udah sampai dimana ya ?"", ""maaf min mau nanya apakah bener ini nomor dari gojek ? + xxxnumberxxx"", ""ini min minta tolong di cek sudah sampe mana . masa sudah xxxnumberxxx minggu blm sampe . tolong banget min di update smp mana"", "". ada apa dengan kurir pos . sampai saat ini belum juga update ongkir nya . padahal sudah dari tgl . xxxdatexxx sudah berlaku tarif baru ."", ""jp xxxphonexxx min tolong dong ini paket saya ga nyampe nyampe , padahal ngirim sesama jakarta bisa xxxnumberxxx harian ."", ""hallo min selamat pagi , no resi jp xxxphonexxx diperkiran bakal diterima hari ini . tapi malah di disimpan kalau ada alamat yang salah tolong diinfo kan ."", ""halo barang sy dari tanggal xxxdatexxx sdh dijakarta , tp kenapa gak sampai2 min . tlg dicek min .""]",False,10,2166,33,True,109,0.997336,informal,1,0.8236154317855835,0.8163341283798218,399.53052286255615,False,0.0
google/gemma-3-4b-it,formal,informal,hybrid_early,0.7,mengapa sekarang foto driver tidak bisa dipencet untuk memperbesar / memperjelas ? bagaimana penumpang mau merasa aman kalau foto driver terlalu kecil untuk dilihat ?,“foto driver kok gak bisa diperbesar sih min? gimana penumpang bisa aman kalau fotonya kecil banget buat diliat? kasian banget”,False,314,4200157,42,"[""masalahnya akun driver bisa bisanya kena bajak . tidak ada pilihan cancel , karena itu yang buat mbak ini ketipu , bang jek ! xxxnumberxxx ! xxxnumberxxx ! xxxnumberxxx ! xxxnumberxxx ! xxxnumberxxx !"", ""min , udh xxxnumberxxx hari ini saya mau gofood kok gak dapet driver terus ? apa aplikasi gojek lagi error ?"", ""akun sy disuspend gara2 saya cancel terus . padahal saya buru2 dan dapatnya driver ganjil terus di hari yang genap . mohon dm saya ya"", ""min tadi pesen grabfood , dan ga sengaja kepencet rating xxxnumberxxx cara baikinnya gimana ya ? kasian sama bapaknya ga tegaa"", ""wah capek bener saya harus cerita lagi . udah saya telepon saya imel . seharusnya dari capture saya udah bisa terbaca . driver tidak memiliki jiwa sosial"", ""semakin buruk , langganan paket aja gak berguna , karena sinyalnya yang makin hari makin parah buruknya"", ""di busway dan tol bisa normal digunakan , atau buat naik commuter agak berbeda ? mohon info , sayang2 saldo flazz saya kalau dianggap kadaluarsa"", ""saya udh topup gopay , kenapaa saldo saya tidak bertambah ?"", ""setelah baca kasus ini , mari kita biasakan tidak isi gopay terlalu banyak biar kalo ada ancaman disedot kita bisa mikir tenang dengan kemungkinan terburuknya ."", ""min gimana nih ? kita warga twitter yang hobi rebahan menjadi badmood gara2 sinya susah . sinyal xxxnumberxxx g berasa xxxnumberxxx g malah e""]",False,10,2485,29,True,127,0.99846005,informal,1,0.7885025143623352,0.8292040824890137,108.37293126581427,False,0.0
google/gemma-3-4b-it,formal,informal,hybrid_early,0.7,ini toko online tapi tidak mau merespons chatnya . kalau memang tidak mau dagang tidak usah dagang lebih baik .,"“ini toko online, gak nengok chatnya sih. kalo gak mau bales, mendingan stop jualan aja, gak usah ribet.”",False,316,4200158,42,"[""biasanya cepet kok ini lama ya mas , apa lagi trouble sistemnya ?"", ""jika pesanan tidak diproses penjual batal otomatis setelah brp hari ? di bukalapak tidak info spt itu ."", ""sama kayak saya pak paket saya gak saya terima claim gak jelas kapan hasilnya , jangan tunggu ini menyebar ya !"", ""aneh bukalapak dari kemaren kemaren balas cuma bisa itu itu saja , niat bantu apa tidak"", ""udah masuk email pemberitahuannya suruh cek lagi tetep saldo ga berubah , tapi yasudahlah tak mengapa"", ""permisi mimin , maap malem minggu malah nanya hehe kalo mau ganti nomer rekening ponsel akun gojekdriver gimana ya ? soalnya kartunya is missing"", ""min , ini kenapa saya gak bisa sms ya ? saya mau konfirmasi pembelian paket gagal mulu sms nya drtd ."", ""halo ini gimana gak bisa di dm . udah follow akunnya juga"", ""mas , mbak , respon mention saya dong . lambat banget deh pelayanannya ."", ""ini lg bercanda ya , sampe hr ini masih kaya gini status pesanannya , jangan kaya gini ya""]",False,10,2033,31,True,105,0.99216896,informal,1,0.5765590071678162,0.796078085899353,51.579831391932245,False,0.0
google/gemma-3-4b-it,formal,informal,hybrid_early,0.7,"nomor barcode rv417785365gb , hampir xxxnumberxxx hari tidak ada pergerakan mengenai barang saya .","min xxxnumberxxx , nomor barcode rv417785365gb , hampir xxxnumberxxx hari gak ada pergerakan soal barang saya .",False,318,4200159,42,"[""kak , tadi coba mau beli pulsa telkomsel xxxnumberxxx xxxnumberxxx xxxnumberxxx k , tapi koq dibatalkan mulu ya ? apa stok nya lagi kosong ?"", ""halo xxxuserxxx mohon input resi sicepat xxxnumberxxx dari no trans xxxnumberxxx , produk dropship ke alamat sesuai apk buka lapak . thax u"", ""mau tanya nih xxxuserxxx , apa benar ovo sedang mengalami trouble ? saya top up via xxxuserxxx sore tadi sampai sekarang xxxnumberxxx belum masuk juga ."", ""ini xxxuserxxx kenapa ya udah xxxnumberxxx x top up ga masuk2 saldonya ?"", ""min xxxuserxxx saya mau komplain terkait dengan no resi jp xxxphonexxx barang diterima dalam keadaan plastik terbuka sehingga barang ada yg jatuh dan hilang"", ""xxxnumberxxx , xxxemailxxx , dan karena lupa password"", ""pulsa sya brkurang xxxnumberxxx pdhl ga di pake , mau beli paket jdi kurang gmn ini xxxnumberxxx"", ""no . transaksi xxxnumberxxx barang belum dikirim melebihi batas kirim , dana belum masuk ke saldo bl saya ."", ""transaksi xxxnumberxxx sudah diterima tgl xxxnumberxxx jam xxxnumberxxx siang harap segera diremit dananya"", ""sudah xxxnumberxxx x24 jam transaksi pengisian pulsa pd tgl xxxnumberxxx agustus xxxnumberxxx pkl xxxnumberxxx ko blm masuk jg ya min ?""]",False,10,2246,33,True,111,0.99679047,informal,1,0.89950031042099,0.9710568189620972,332.6504336431293,False,0.0
google/gemma-3-4b-it,formal,informal,hybrid_early,0.7,coba juga di jam tengah malam . biasanya jam² im3 lancar .,"“coba deh tengah malem, biasanya Im3nya lancar bgt”",False,320,4200160,42,"[""kenapa sinyalnya kalau malam jelek mulu sihh"", ""mohon dibantu sinyal indosatnya koq lemot bgt . baru daftar pket internet padahal ."", ""iya kak terimakasih . tapi tadi sudah datang ke galeri indosatnya langsung . sudah normal lagi"", ""tolong dong xxxuserxxx dari kmaren sore jaringan nya full tapi nggak nyambung ke internet padahal kuota dah lumayan banyak"", ""pake wipi ( vsat . seluler mati udah mau xxxnumberxxx minggu"", ""ini masih gangguan sinyal xxxnumberxxx g ga bisa aktif datanya ?"", ""min , yg paket internet malam hingga pukul xxxnumberxxx pagi itu yg jadi patokan xxxnumberxxx pagi wib atau xxxnumberxxx pagi waktu lokal user ?"", ""min di daerah kab . bandung sinyal xxxnumberxxx g hilang walaupun saya restart tetap hilang , mohon pengertiannya min"", ""lagi gangguan ya tidak bisa telp , sms dan internetan"", ""min maaf lagi gangguan apa gimana ? dari tadi ga konek internet terus""]",False,10,1900,16,True,51,0.99746776,informal,1,0.8307503461837769,0.7309946417808533,366.10938946039136,False,0.0
google/gemma-3-4b-it,formal,informal,hybrid_early,0.7,"baik . intinya , kuota transfer gratis ke rekening bank itu maksimal xxxnumberxxx kali ya .","min, quota transfer gratis ke bank itu maksimal xxxnumberxxx kali ya?",False,322,4200161,42,"[""min kalo mau transfer pulsa ke telkomsel bisa ga cuma xxxnumberxxx ribu gitu"", ""sore min , ini ada keluhan nomer saya pulsa kesedot terus , padahal tidak berlangganan paket apapun . tolong di cek min + xxxnumberxxx xxxnumberxxx - xxxnumberxxx - xxxnumberxxx"", ""tolong hentikan sms xxxnumberxxx ke nomor saya . xxxnumberxxx . mengurangi pulsa saya ."", ""gak ada balasan sampai sekarang . apa karena cuma terpotong xxxnumberxxx xxxnumberxxx ribu aja ?"", ""dear indosat , sy mau isi paketan , tetapi kenapa tidak bisa ya , sudah sejak jam xxxnumberxxx tadi , pulsa sdh masuk tapi tdk bisa aktip"", ""ini kenapa lagi ya mau perpanjang internet ga bisa ? xxxnumberxxx juga ga bisa ?"", ""min ini gimana ya ? saya abis beli voucher xxxnumberxxx xxxnumberxxx k pake go points . pas dipake cuma dapet potongan xxxnumberxxx xxxnumberxxx k ?"", ""saya beli voucher fisik indosat xxxnumberxxx gb unlimited , tapi gagal terus kenapa ya ?"", ""ka paket no resi ini xxxnumberxxx udah sampai dimana ya ?"", ""udah xxxnumberxxx menit stuck gini terus , padahal koneksi internet saya normal . tolong di bantu""]",False,10,2126,16,True,69,0.9949674,informal,1,0.8949070572853088,0.8698602914810181,3744.222145670057,True,0.0
google/gemma-3-4b-it,formal,informal,hybrid_early,0.7,"selamat pagi admin xxxuserxxx , tolong tiket bermasalah id ttb000003452245 di follow up . terima kasih .","halo xxxuserxxx , tolong tiket masalah id ttb000003452245 di follow up ya . makasih!",False,324,4200162,42,"[""maaf min mau nanya apakah bener ini nomor dari gojek ? + xxxnumberxxx"", ""hai jnt xxxuserxxx mau tanya dong kenapa paket yg saya kirim masih gini aja ya mohon pencerahannya"", ""halo gojek tolong masalah di selesai kan . dan xxxuserxxx sy udah follow up lg ya ini ."", ""halo xxxuserxxx gimana ya caranya kontak driver utk kirim paket same day xxxnumberxxx hours ? sama sekali gabisa ngirim nih . makasih"", ""malam , mohon info paket saya sejak tanggal xxxnumberxxx tertahan dgn status itu . blm terkirim sampai sekarang , ada apa ya ?"", ""admin , kok dm saya belum di respon - respon ya ? sudah xxxnumberxxx hari nih min"", ""halo barang sy dari tanggal xxxdatexxx sdh dijakarta , tp kenapa gak sampai2 min . tlg dicek min ."", ""hai , xxxuserxxx tolong cek dm saya ya , thanks !"", ""hallo min selamat pagi , no resi jp xxxphonexxx diperkiran bakal diterima hari ini . tapi malah di disimpan kalau ada alamat yang salah tolong diinfo kan ."", ""haloo xxxuserxxx kalo paket salah tulis nomor rumah bisa di ganti nggak ya ? udah terlanjur di kirim baru tau kalo no rumahnya salah""]",False,10,2124,33,True,84,0.9868896,informal,1,0.940727710723877,0.9098596572875977,231.5001577524575,False,0.0
google/gemma-3-4b-it,formal,informal,hybrid_early,0.7,"jaringan bermasalah tidak ada ? kemarin baru mengisi , sore ini sudah lambat parah . belum fup ! sinyal perbaiki daerah neglasari , tangerang .","“min, jaringan lagi lemot banget nih dari kemarin. udah diisiin pulsa tadi siang, sekarang sore udah gak stabil sama sekali. belum fup! tolong di perbaiki ya di neglasari, tangerang.”",True,326,4200163,42,"[""malam , mau komplain . paket statusnya sudah sampai . tapi saya belum terima paket . mohon bantuannya . terima kasih ."", ""min , udh xxxnumberxxx hari ini saya mau gofood kok gak dapet driver terus ? apa aplikasi gojek lagi error ?"", ""hallo min selamat pagi , no resi jp xxxphonexxx diperkiran bakal diterima hari ini . tapi malah di disimpan kalau ada alamat yang salah tolong diinfo kan ."", ""ini min minta tolong di cek sudah sampe mana . masa sudah xxxnumberxxx minggu blm sampe . tolong banget min di update smp mana"", ""jb xxxphonexxx , sudah seminggu paket ngga nyampe , padahal masih dalam jakarta , ini malah dikirm ke surabaya buat apa coba ? jnt sistemnya gimana sih ?"", ""malam , mohon info paket saya sejak tanggal xxxnumberxxx tertahan dgn status itu . blm terkirim sampai sekarang , ada apa ya ?"", ""saya mau tanya , ini saya mau beli paket yellow kenapa sama xxxnumberxxx tidak direspon / tidak dibalas"", ""halo min , saya mau mengnonaktifkan akun gojek saya mohon dicek dmnya . sedih nih udah dari kemarin nge - mention ga di respon"", ""grab paket hemat saya billingnya itu tgl xxxnumberxxx juli xxxnumberxxx sekarang aja udh agustus kok subscribe nya masih aktif ya ?"", ""di kebo sirih sinyal bolak balik e terus nih berhari2 . lagi ga stabil apa gimana sih ?""]",False,10,2368,44,True,183,0.98939383,informal,1,0.6609198451042175,0.6941301226615906,130.5646013195707,False,0.0
google/gemma-3-4b-it,formal,informal,hybrid_early,0.7,pesta kuota apa admin ?,"halo min, paket kuota apa ya?",False,328,4200164,42,"[""selamat malam xxxuserxxx mau tanya , kenapa bonus kuota aplikasi nya gak bisa di pake ? malah kesedot terus kuota utama nya . terimakasih"", ""min kalo unlimited indosat xxxnumberxxx gb itu ig termasuk unlimited juga ngga ?"", ""sudah hampir xxxnumberxxx hari paket belum rilis ? ada apa ?"", ""chanel pengisian kuota ? maksdnyah gimana ya"", ""saya beli voucher fisik indosat xxxnumberxxx gb unlimited , tapi gagal terus kenapa ya ?"", ""dear xxxuserxxx : paket yellow kok nggak bisa dipaketin yaa ?"", ""xtra kuota kok ga ada di aplikasi ?"", ""halo min , cara cek riwayat pengisian pulsa gimana ya ?"", ""satu lagi min , saya aktifin paket ig loop xxxnumberxxx gb xxxnumberxxx kali tp knp malah ga diakumulasi jumlahnya , pulsa udh kesedot xxxnumberxxx xxxnumberxxx rb"", ""halo min , kalo paket saya misroute gimana ya ?""]",False,10,1785,10,True,29,0.98659027,informal,1,0.6308538913726807,0.6336331367492676,5097.501002724759,True,0.0
google/gemma-3-4b-it,formal,informal,hybrid_early,0.7,"tidak seperti itu admin , di sini pada demo - demo tidak jelas , kasihan para driver yang uangnya di gopay seperti saya admin .","“min, gak jelas banget nih admin. driver gopay juga pada demo gak jelas, kasihan mereka.”",False,330,4200165,42,"[""masalahnya akun driver bisa bisanya kena bajak . tidak ada pilihan cancel , karena itu yang buat mbak ini ketipu , bang jek ! xxxnumberxxx ! xxxnumberxxx ! xxxnumberxxx ! xxxnumberxxx ! xxxnumberxxx !"", ""tolong dong di proses . udah xxxnumberxxx hari gak ada perkembangan . duit gopay gue bln masuk masuk jg ."", ""pengembalian saldo karena gagal penarikan membutuhkan waktu berapa lama ya ? saya sudah laporan xxxnumberxxx hari kerja sampai skr masih proses ditindak lanjuti terus"", ""min , udh xxxnumberxxx hari ini saya mau gofood kok gak dapet driver terus ? apa aplikasi gojek lagi error ?"", ""min tadi pesen grabfood , dan ga sengaja kepencet rating xxxnumberxxx cara baikinnya gimana ya ? kasian sama bapaknya ga tegaa"", ""akun sy disuspend gara2 saya cancel terus . padahal saya buru2 dan dapatnya driver ganjil terus di hari yang genap . mohon dm saya ya"", ""aneh bukalapak dari kemaren kemaren balas cuma bisa itu itu saja , niat bantu apa tidak"", ""klarifikasi gojeknya ga salah kalau mitranya sedang sibuk , sibuk demo dadakne"", ""halo min , saya mau mengnonaktifkan akun gojek saya mohon dicek dmnya . sedih nih udah dari kemarin nge - mention ga di respon"", ""bang xxxuserxxx , \"" gagal memuat saldo \"" ini gimana yak mksdnya ? jadinya gk bisa dipake transaksi soalnya ,""]",False,10,2356,23,True,89,0.9878868,informal,1,0.7674045562744141,0.7291133403778076,200.0816643607223,False,0.0
google/gemma-3-4b-it,formal,informal,hybrid_early,0.7,"karena saya tidak pernah seperti ini , hahaha .","""kok bisa gini sih, hahaha.""",False,332,4200166,42,"[""besok dipanggil lagi ke bpsk ? tidak ada malu itu memang nggak ada batasnya ."", ""saya pernah kaya gini untung sadar"", ""halo . dari xxxnumberxxx hari lalu saya mau bayar cc via mbanking tapi selalu keluar popup seperti ini kenapa ya ?"", ""sama kayak saya pak paket saya gak saya terima claim gak jelas kapan hasilnya , jangan tunggu ini menyebar ya !"", ""kenapa ya kode promo saya grabwae tidak bisa digunakan ? padahal sejak tgl xxxdatexxx ini saya belum pernah sekalipun pakai kode promo tersebut"", ""ini kenapa ya ? xxxuserxxx orang mau beli pulsa gara2 ini jadi batal . ini sampe berapa lama ?"", ""bos hari keberapa ini ga masuk2 kuota saya , sudah cukup sabar ya bos !"", ""seyakin apa mimin sama aku ? )"", ""pulsa hilang terus , lalu jaringan cenat cenut kaya bisul mau pecah . lagi neken biaya produksi ya ? saya bayar loh , tapi setiap hari dikerjain ."", ""masalahnya akun driver bisa bisanya kena bajak . tidak ada pilihan cancel , karena itu yang buat mbak ini ketipu , bang jek ! xxxnumberxxx ! xxxnumberxxx ! xxxnumberxxx ! xxxnumberxxx ! xxxnumberxxx !""]",False,10,2059,10,True,28,0.93045557,informal,1,0.5656856298446655,0.6835312843322754,113.9251146700154,False,0.0
google/gemma-3-4b-it,formal,informal,hybrid_early,0.7,admin tolong periksa riwayat pulsa transfer yang masuk ke nomor xxxnumberxxx pada tanggal xxxnumberxxx agustus xxxnumberxxx .,"“admin, tolong cek riwayat pulsa transfer masuk ke nomor xxxnumberxxx tanggal xxxnumberxxx agustus xxxnumberxxx ya.”",False,334,4200167,42,"[""pulsa saya terakhir xxxnumberxxx xxxnumberxxx xxxnumberxxx xxxnumberxxx xxxnumberxxx an , terus isi ulang xxxnumberxxx . kenapa skrg jumlahnya hanya xxxnumberxxx ya ? nomer xxxnumberxxx"", ""sudah xxxnumberxxx x24 jam transaksi pengisian pulsa pd tgl xxxnumberxxx agustus xxxnumberxxx pkl xxxnumberxxx ko blm masuk jg ya min ?"", ""tolong hentikan sms xxxnumberxxx ke nomor saya . xxxnumberxxx . mengurangi pulsa saya ."", ""transaksi xxxnumberxxx sudah diterima tgl xxxnumberxxx jam xxxnumberxxx siang harap segera diremit dananya"", ""sore min , ini ada keluhan nomer saya pulsa kesedot terus , padahal tidak berlangganan paket apapun . tolong di cek min + xxxnumberxxx xxxnumberxxx - xxxnumberxxx - xxxnumberxxx"", ""pagi admin , paket saya dari shopee dengan kode xxxnumberxxx xxxnumberxxx xxxnumberxxx xxxnumberxxx xxxnumberxxx xxxnumberxxx xxxnumberxxx xxxnumberxxx xxxnumberxxx xxxnumberxxx xxxnumberxxx r04b tidak kebaca nomor resinya , mohon dibantu ya . dari hari jumat masih ngendep di jne malang"", ""keluar update versi xxxnumberxxx . xxxnumberxxx kapan min ?"", ""min , jaringan xxxnumberxxx g dilokasi ini error . tolong dibantu cek dong . tks before"", ""gak ada balasan sampai sekarang . apa karena cuma terpotong xxxnumberxxx xxxnumberxxx ribu aja ?"", ""no transaksi saya xxxnumberxxx . saya udah nunggu xxxnumberxxx hr dana ga balik2 . duit nya ga sedikit . tanggung jawab dong dana org kok di tahan2 !""]",False,10,2485,28,True,116,0.4290084,formal,0,0.9569683074951172,0.9066251516342163,84.04073264741798,False,0.0
google/gemma-3-4b-it,formal,informal,hybrid_early,0.7,sudah . masih tetap tidak bisa dari tadi .,“udah ngga bisa juga dari tadi nih…”,False,336,4200168,42,"[""udah di coba tapi masih ngga bisa . cek dm"", ""udah masuk email pemberitahuannya suruh cek lagi tetep saldo ga berubah , tapi yasudahlah tak mengapa"", ""tetap tidak bisa min , nomor kartu kredit yg saya masukan sdh benar . tetapi tetap tidak bisa klik tombol continue . saya udah ulang berkali2 ."", ""normal apanya min , udah beberapa hari mati nyala terus . hari ini ga tau udah berapa kali , ga ngitung saking seringnya"", ""masalahnya akun driver bisa bisanya kena bajak . tidak ada pilihan cancel , karena itu yang buat mbak ini ketipu , bang jek ! xxxnumberxxx ! xxxnumberxxx ! xxxnumberxxx ! xxxnumberxxx ! xxxnumberxxx !"", ""toped sudah tidak bisa cicilan lagi ?"", ""aneh bukalapak dari kemaren kemaren balas cuma bisa itu itu saja , niat bantu apa tidak"", ""bos hari keberapa ini ga masuk2 kuota saya , sudah cukup sabar ya bos !"", ""masih gak bisa ilangan terus jaringan nya dari tadi"", ""ini kenapa daritadi mau pake voucher gabisa terus yaa ? udah di update juga padahal""]",False,10,1969,11,True,36,0.99707437,informal,1,0.5491476655006409,0.6059532165527344,596.1171011226272,False,0.0
google/gemma-3-4b-it,formal,informal,hybrid_early,0.7,bener ini dipesan itu grabfoodnya dan jangan lupa apapun makanannya minumannya teh botol sosro ( endorse dong xxxuserxxx ),"min, grabfoodnya bener gak sih? jangan lupa makan minum teh botol sosro dong ( endorse 🙏 )",False,338,4200169,42,"[""min tadi pesen grabfood , dan ga sengaja kepencet rating xxxnumberxxx cara baikinnya gimana ya ? kasian sama bapaknya ga tegaa"", ""mau makan malah kasih duit xxxuserxxx 🤣 🤣 🤣"", ""promo grab food semuanya mental ga bisa dipake . sedih akutu , xxxuserxxx . huhuhu"", ""driver grab di jogja lg pada gereja berjamaah apa kopdar si anjir masa xxxnumberxxx menit nyoba grabfood berkali kali gaada yg ambil pesenan"", ""kaa kok udh order xxxnumberxxx x gofood pake gopay kok ga dapet cashback gopay yaa ?"", ""min , udh xxxnumberxxx hari ini saya mau gofood kok gak dapet driver terus ? apa aplikasi gojek lagi error ?"", ""grabfood error , apakah saya harus beralih ke gofood ?"", ""halo grab mo tanya dong , apakah bs driver dapet xxxnumberxxx order dr org berbeda dlm xxxnumberxxx waktu ?"", ""halo xxxuserxxx , aplikasi grab di iphone se saya kok jadi berat banget ya apalagi kalau pesan grabfood suka ngehang ."", ""cek resi ini min , delivery kurir dari jam xxxnumberxxx td belum dateng2 xxxnumberxxx xxxnumberxxx""]",False,10,2074,24,False,90,0.99741036,informal,1,0.7783862352371216,0.689953625202179,345.95302022594257,False,0.0
google/gemma-3-4b-it,formal,informal,hybrid_early,0.7,"tidak , karena banyak mitra berkerumun di depan saya .","“enggak, soalnya banyak driver yang ngumpul depan aku.”",False,340,4200170,42,"[""baik , sy masih di depan mesin atm"", ""masalahnya akun driver bisa bisanya kena bajak . tidak ada pilihan cancel , karena itu yang buat mbak ini ketipu , bang jek ! xxxnumberxxx ! xxxnumberxxx ! xxxnumberxxx ! xxxnumberxxx ! xxxnumberxxx !"", ""langganan pencet * xxxnumberxxx ga bisa , pake apps ga bisa masuk juga !"", ""bisa jadi admin grabnya salah ketik ."", ""disuruh dm soal keluhan , tapi enggak di respon"", ""klarifikasi gojeknya ga salah kalau mitranya sedang sibuk , sibuk demo dadakne"", ""driver grab di jogja lg pada gereja berjamaah apa kopdar si anjir masa xxxnumberxxx menit nyoba grabfood berkali kali gaada yg ambil pesenan"", ""min , jaringan xxxnumberxxx g dilokasi ini error . tolong dibantu cek dong . tks before"", ""min gimana nih ? kita warga twitter yang hobi rebahan menjadi badmood gara2 sinya susah . sinyal xxxnumberxxx g berasa xxxnumberxxx g malah e"", ""mas , mbak , respon mention saya dong . lambat banget deh pelayanannya .""]",False,10,1954,15,True,55,0.6117017,informal,1,0.49893030524253845,0.816675066947937,212.86053541698143,False,0.0
google/gemma-3-4b-it,formal,informal,hybrid_early,0.7,"admin , saya coba buat transfer ke bank lain pakai m - banking pagi ini gagal terus ya ? tapi untuk transfer ke virtual account lancar . ada solusi kah ?","“admin, pagi ini pas coba transfer ke bank lain lewat m-banking kok gak bisa terus ya? tapi transfer ke virtual account lancar. ada solusinya gak?”",False,342,4200171,42,"[""tetap tidak bisa min , nomor kartu kredit yg saya masukan sdh benar . tetapi tetap tidak bisa klik tombol continue . saya udah ulang berkali2 ."", ""udah xxxnumberxxx menit stuck gini terus , padahal koneksi internet saya normal . tolong di bantu"", ""pagi min , ini saya top up pulsa ko gagal terus ya . itu kenapa ya min ?"", ""tadi saya topup ke shopee pay , sudah berhasil tapi kok di aplikasi tetep xxxnumberxxx ya ? tolong baca dm saya ya . terimakasih"", ""saya mau tanya , apa nomor rekening yan sudah tidak di tambah saldo selama xxxnumberxxx tahun masih aktif / di gunakan"", ""pengembalian saldo karena gagal penarikan membutuhkan waktu berapa lama ya ? saya sudah laporan xxxnumberxxx hari kerja sampai skr masih proses ditindak lanjuti terus"", ""dear indosat , sy mau isi paketan , tetapi kenapa tidak bisa ya , sudah sejak jam xxxnumberxxx tadi , pulsa sdh masuk tapi tdk bisa aktip"", ""saya kirim uang , kenapa tidak masuk ? padahal status berhasil dan saldo sya terpotong"", ""hai admin , sy baru saja update apl bri mobile . saat may login internet banking knp muncul aktivasi ya ? bisa dibantu ?"", ""admin , ketika mau cek tagihan listrik , kenapa tidak bisa ? muncul pesan dibawah""]",False,10,2293,35,True,147,0.98463386,informal,1,0.922777533531189,0.9198082685470581,25.89949179530808,False,0.0
google/gemma-3-4b-it,formal,informal,hybrid_early,0.7,"ingin liat admin , tapi bagaimana ?","min, gimana caranya liat adminnya?",False,344,4200172,42,"[""udah min , tolong cek dm ya"", ""bos hari keberapa ini ga masuk2 kuota saya , sudah cukup sabar ya bos !"", ""min cek dm saya lagi yaa"", ""sama kayak saya pak paket saya gak saya terima claim gak jelas kapan hasilnya , jangan tunggu ini menyebar ya !"", ""dari tadi begini terus . . ini kenapa ya min . . aku dm mimin juga gk bs"", ""sudah kak , sudah saya ganti ke xxxnumberxxx g tp ttp susah"", ""mana dm nya admin ? belum masuk k dm saya"", ""sudah saya dm tapi kok blm dijawab ya ?"", ""iya mbak ini belum terupdate , udah dm adminnua"", ""nomer saya aja udah di dm dari tadi ga ditangani . gimana min ?""]",False,10,1581,11,True,34,0.99572384,informal,1,0.7793413400650024,0.7655103206634521,586.9868304257012,False,0.0
google/gemma-3-4b-it,formal,informal,hybrid_early,0.7,halo admin xxxuserxxx . tolong cek dm .,"halo xxxuserxxx , tolong cek dm ya!",True,346,4200173,42,"[""halo admin xxxuserxxx cek dm dong"", ""hai , xxxuserxxx tolong cek dm saya ya , thanks !"", ""haloo xxxuserxxx tolong baless dm sayaa"", ""dear xxxuserxxx , please check my dm ."", ""halo xxxuserxxx gimana ya caranya kontak driver utk kirim paket same day xxxnumberxxx hours ? sama sekali gabisa ngirim nih . makasih"", ""tolong cek jb xxxphonexxx dr tgl xxxnumberxxx kok ga ada status lagi"", ""halo xxxuserxxx sudah dibales kembali ya dmnya isi penjelasan saya . mohon dicek kembali . trims"", ""gimana cara dm nya kak ? nomor saya xxxnumberxxx"", ""admin , kok dm saya belum di respon - respon ya ? sudah xxxnumberxxx hari nih min"", ""maaf min mau nanya apakah bener ini nomor dari gojek ? + xxxnumberxxx""]",False,10,1685,12,True,35,0.93509465,informal,1,0.9136556386947632,0.8600376844406128,2167.2086001674347,True,0.0
google/gemma-3-4b-it,formal,informal,hybrid_early,0.7,"pak dokter tidak usah ikut , traktir saya minum kopi saja .","“dok, gak usah ikut, traktir kopi aja min.”",False,348,4200174,42,"[""kok aku ada disana si minum kopi"", ""read dong , aku lapar nih mau go - food . belum ada makan dari pagi . tolong"", ""min , udh xxxnumberxxx hari ini saya mau gofood kok gak dapet driver terus ? apa aplikasi gojek lagi error ?"", ""min nenek saya naik grab udh saya bayar pake ovo eh pas turun nenek saya bayar cash lagi , cara ovonya biar balik gimana ya ?"", ""min , minggu ini kok promo grab kaga ada sih . gw kaga bisa makan enak harga murah dong min . min , bantu dong wkwkwk ."", ""bos hari keberapa ini ga masuk2 kuota saya , sudah cukup sabar ya bos !"", ""grabfood error , apakah saya harus beralih ke gofood ?"", ""kalo beli ginian masa aktif ikut nambah gak bossku ? tks"", ""min , minta naik gaji min , ganti hp"", ""sore min , ini ada keluhan nomer saya pulsa kesedot terus , padahal tidak berlangganan paket apapun . tolong di cek min + xxxnumberxxx xxxnumberxxx - xxxnumberxxx - xxxnumberxxx""]",False,10,1905,14,True,43,0.9846355,informal,1,0.8175294399261475,0.7377157211303711,251.1603489560818,False,0.0
google/gemma-3-4b-it,formal,informal,hybrid_early,0.7,"kencan bahagia versi saya itu yang tidak pakai rumit , sederhana , saling mengerti , tidak harus menuntut dan paling penting dia senang ketika ketemu saya .","udah lah , kencan idaman gw tuh yg gampang aja , ngertiin masing2 , gak usah ngadat , yg penting dia seneng pas ketemu gw sih .",False,350,4200175,42,"[""malam , koneksi telkomsel semakin lama semakin buruk bukan membaik , sudah seminggu lebih seperti ini , jadi gmn solusi terbaik ?"", ""ka monmaap , sebelum baper beneran mending cek dm dari aku dulu ."", ""ni twitter yg eror apa sinyal gw yg eror sih ? gw ig , yt , wa bisa , tp buat twitter , ama ml gak bisa ."", ""ooh gitu oke makasi ya kak"", ""aku kasih nomorku tp jangan whatsapp aneh aneh ya min aku baperan soalnya"", ""nah kan bener kan , aov juga sama begini . ga ada solusinya emang ini kartu . cape gua ngasih data mulu via dm . solusinya kaya template"", ""tolong bantu , kenapa nomor simpati saya tidak bisa menerima sms dari nomor tri , padahal ditelpon bisa ."", ""dm terooss . gak ada respon lain yang bisa anda sampaikan ? selesaikan disini , penyelesaiannya mau seperti apa ?"", ""gebetan , udah bikin sayang eh ngilangnya cepet"", ""halo ini gimana gak bisa di dm . udah follow akunnya juga""]",False,10,2004,37,True,127,0.99845064,informal,1,0.6122690439224243,0.7651318311691284,108.22534116104642,False,0.0
google/gemma-3-4b-it,formal,informal,hybrid_early,0.7,kalau lokasi bank terdekat dimana ?,"""lokasi bank terdekat di mana sih?""",False,352,4200176,42,"[""apakah di bca kc purwokerto ada weekend banking ? tq"", ""hanya alamat yang berubah . jadi harus ke cabang bca terdekat untuk ganti kartu atm ya . apakah ada biaya tambahan ?"", ""kantor post pulo gadung buka sampai jam berapa ya ? saya pengen melakukan pembayaran"", ""limit transfer dr bca ke bank lain per hari brp ya via klikbca ?"", ""barusan ada yg telfon saya dengan nomor ini . apakah ini benar dari halo bca ?"", ""iya besok rencana mau ke bank . nelpon call center ga guna anjir"", ""ini kapan dikirimnya dah kebanyakan transit dr cilandak kedepok padahal deket"", ""kalian pengiriman dari jakarta ke jakarta butuh waktu berapa lama ?"", ""oh ya mandiri online , tolong min knp saat proses masuk baru tak dpt sms"", ""min , ada kontak tlpn yang bisa dihubungi ?""]",False,10,1744,9,True,35,0.96663487,informal,1,0.9042890071868896,0.897664487361908,747.5607456275553,False,0.0
google/gemma-3-4b-it,formal,informal,hybrid_early,0.7,bisa tolong cek dm dari saya ?,"min, tolong cek dm saya ya",False,354,4200177,42,"[""sudah saya dm min , mohon di cek"", ""mohon cek dm saya , terima kasih"", ""udah min , tolong cek dm ya"", ""min cek dm saya lagi yaa"", ""min mohon cek dm , ditunggu responnya , makasih"", ""min tolong cek dm ya . terima kasih"", ""sudah saya dm . mohon di balas"", ""min tolong cek dm ya . makasiih"", ""selamat siang kak , mohon dicek saya mengirimkan dm . terimakasih"", ""udah aku dm ya min , tolong responnya .""]",False,10,1384,9,False,26,0.9963378,informal,1,0.8773117065429688,0.7986196279525757,747.3718431856116,False,0.0
google/gemma-3-4b-it,formal,informal,hybrid_early,0.7,itu seller kurang saja . iklan palsu dan aku sudah tertipu .,"“si seller tuh knp ya min, iklan palsu, udah aku tertipu bgt”",False,356,4200178,42,"[""tolong xxxuserxxx ini di proses , modus penipuan"", ""keuntungan xxxnumberxxx nya kok ga bisa ya min ?"", ""min saya mau bayar transaksi bukalapak ko gagal mulu ya"", ""min ini gak bisa beli paketan ayo xxxnumberxxx menit lagi paketanku entek"", ""apa ini kerjaan bukalapak resi udah benar kenapa dana saya dibalikin ke pembeli ?"", ""kecewa sama xxxuserxxx yakin banget milih voucher cash back makanya tetap bayar ongkir , tp pas barang sampai coin cash back pun ga dapet !"", ""udah xxxnumberxxx hari say . template csnya sih suruh nunggu terus xxxnumberxxx x24 jam . tp ga pernah dibalik2in uangnya ."", ""permisi admin bukalapak mohon konfirmasi top up dana saya sebesar rp xxxnumberxxx . xxxnumberxxx berikut bukti pembayaran terimakasih"", ""ah parah bgt xxxuserxxx tapi baik kok selalu kasih diskon )"", ""min tolong di bantu cek resi xxxnumberxxx , sudah xxxnumberxxx hari ndak ada pergerakan .""]",False,10,1900,21,True,61,0.99779403,informal,1,0.6593421697616577,0.7529265880584717,242.96468587870777,False,0.0
google/gemma-3-4b-it,formal,informal,hybrid_early,0.7,"besok - besok setelah sudah ketemu tanya , kemarin kamu isi gopay siapa saja .","min, besok² setelah ketemu tanya, kemarin kamu isi gopay siapa aja?",False,358,4200179,42,"[""min saya isi gopay td pagi ko ga masuk ya ? pdhl udh dapet sms konfirm dr bca nya . zz"", ""saya barusan isi saldo gopay tapi ga masuk ?"", ""halo min saldo ovo ga muncul di grab , padahal nomor hp sudah sama . tolong cek dm ya min"", ""min , kmaren sy naik grab tp kok nda bisa bayar pake saldo gopay"", ""selamat sore , sudah sy dm ya min . jadi bagaimana ya ?"", ""udah min , tolong cek dm ya"", ""min , udh xxxnumberxxx hari ini saya mau gofood kok gak dapet driver terus ? apa aplikasi gojek lagi error ?"", ""ini min minta tolong di cek sudah sampe mana . masa sudah xxxnumberxxx minggu blm sampe . tolong banget min di update smp mana"", ""tolong di cek untuk , awb : xxxnumberxxx . statusya misroute itu artinya apa ? lalu untuk paket saya kapan sampainya ? terima kasih"", ""halo min , cara cek riwayat pengisian pulsa gimana ya ?""]",False,10,1855,19,True,67,0.99624145,informal,1,0.8821598291397095,0.8746684789657593,473.5874075582876,False,0.0
google/gemma-3-4b-it,formal,informal,hybrid_early,0.7,"periksa apa , sok tahu kamu .","min , cek dl , sok tau lu .",False,360,4200180,42,"[""min , udh xxxnumberxxx hari ini saya mau gofood kok gak dapet driver terus ? apa aplikasi gojek lagi error ?"", ""halo saya top up grab ovo lewat atm barusan tapi kok belum masuk ya ?"", ""tolong dong di proses . udah xxxnumberxxx hari gak ada perkembangan . duit gopay gue bln masuk masuk jg ."", ""baik , sy masih di depan mesin atm"", ""mas , mbak , respon mention saya dong . lambat banget deh pelayanannya ."", ""udah masuk email pemberitahuannya suruh cek lagi tetep saldo ga berubah , tapi yasudahlah tak mengapa"", ""kemana - mana pake grab dan pas lagi ada promo lebih cepet dari"", ""masalahnya akun driver bisa bisanya kena bajak . tidak ada pilihan cancel , karena itu yang buat mbak ini ketipu , bang jek ! xxxnumberxxx ! xxxnumberxxx ! xxxnumberxxx ! xxxnumberxxx ! xxxnumberxxx !"", ""min , kmaren sy naik grab tp kok nda bisa bayar pake saldo gopay"", ""begitu kak , apakah bisa diberi tau""]",False,10,1872,10,True,27,0.9879479,informal,1,0.5536235570907593,0.6235445737838745,3101.1901759164543,True,0.0
google/gemma-3-4b-it,formal,informal,hybrid_early,0.7,sampai jam ini masih belum bisa mendaftarkan paket loh .,udah di coba tapi masih ngga bisa . cek dm,False,362,4200181,42,"[""udah di coba tapi masih ngga bisa . cek dm"", ""malam , mau komplain . paket statusnya sudah sampai . tapi saya belum terima paket . mohon bantuannya . terima kasih ."", ""kak gimana nih saya daftar paket yellow gak bisa bisa"", ""halo min saldo ovo ga muncul di grab , padahal nomor hp sudah sama . tolong cek dm ya min"", ""iya kak terimakasih . tapi tadi sudah datang ke galeri indosatnya langsung . sudah normal lagi"", ""belum ada konfirmasi lagi kah min ?"", "". ada apa dengan kurir pos . sampai saat ini belum juga update ongkir nya . padahal sudah dari tgl . xxxdatexxx sudah berlaku tarif baru ."", ""selamat malam , tolong cek dm ya min , kiriman paket saya blm di kirim ."", ""ni paket napa gagal kirim min ?"", ""ini masih gangguan sinyal xxxnumberxxx g ga bisa aktif datanya ?""]",False,10,1784,12,False,42,0.9974583,informal,1,0.6133644580841064,0.44919413328170776,756.740724584309,False,1.0
google/gemma-3-4b-it,formal,informal,hybrid_early,0.7,"kota malang admin , biasanya cepat dapat driver . hari ini yang parah .","kota malang admin , biasanya cepet dapet driver . hari ini yang parah banget sih .",False,364,4200182,42,"[""min , udh xxxnumberxxx hari ini saya mau gofood kok gak dapet driver terus ? apa aplikasi gojek lagi error ?"", ""driver xxxuserxxx di jogja malam ini sibuk semua . warbiasakk . sejam klak klik klak klik busy mulu ."", ""akun sy disuspend gara2 saya cancel terus . padahal saya buru2 dan dapatnya driver ganjil terus di hari yang genap . mohon dm saya ya"", ""jb xxxphonexxx , sudah seminggu paket ngga nyampe , padahal masih dalam jakarta , ini malah dikirm ke surabaya buat apa coba ? jnt sistemnya gimana sih ?"", ""bisa jadi admin grabnya salah ketik ."", ""kenapa aplikasi xxxuserxxx jadi lemot semenjak update ios ? huftt tapi gojek nggak"", ""hallo min selamat pagi , no resi jp xxxphonexxx diperkiran bakal diterima hari ini . tapi malah di disimpan kalau ada alamat yang salah tolong diinfo kan ."", ""wah capek bener saya harus cerita lagi . udah saya telepon saya imel . seharusnya dari capture saya udah bisa terbaca . driver tidak memiliki jiwa sosial"", ""masalahnya akun driver bisa bisanya kena bajak . tidak ada pilihan cancel , karena itu yang buat mbak ini ketipu , bang jek ! xxxnumberxxx ! xxxnumberxxx ! xxxnumberxxx ! xxxnumberxxx ! xxxnumberxxx !"", ""driver di jogja pada ngapain ea kok sibuk semuaa hh laper neh""]",False,10,2246,19,True,82,0.8715607,informal,1,0.9278010129928589,0.9773680567741394,1703.3983657004392,True,0.0
google/gemma-3-4b-it,formal,informal,hybrid_early,0.7,menu pembaruan password itu seperti ini . kenapa sangat susah mengambil dana yang ada di akun sendiri ke rekening sendiri ?,“cara ganti passwordnya gimana ya min? kok susah banget ngambil duit di saldo sendiri ke rekening sendiri sih?”,False,366,4200183,42,"[""withdraw saldo gak masuk2 ke bri saya ."", ""saya kirim uang , kenapa tidak masuk ? padahal status berhasil dan saldo sya terpotong"", ""saya mau tanya , apa nomor rekening yan sudah tidak di tambah saldo selama xxxnumberxxx tahun masih aktif / di gunakan"", ""pengembalian saldo karena gagal penarikan membutuhkan waktu berapa lama ya ? saya sudah laporan xxxnumberxxx hari kerja sampai skr masih proses ditindak lanjuti terus"", ""saldo kepotong tapi uang nggak keluar . ini udah kali kedua saya melakukan penarikan tunai di atm ."", ""masalahnya email saya pada akun tsb lupa password , saya sudah mengikuti cara mengganti email hanya saja tidak bisa terganti email tsb"", ""hai admin , sy baru saja update apl bri mobile . saat may login internet banking knp muncul aktivasi ya ? bisa dibantu ?"", ""cara aktifkan paylaternya bagaimana ya min ? saya mau pake di tokopedia"", ""hanya alamat yang berubah . jadi harus ke cabang bca terdekat untuk ganti kartu atm ya . apakah ada biaya tambahan ?"", ""apa ini kerjaan bukalapak resi udah benar kenapa dana saya dibalikin ke pembeli ?""]",False,10,2145,25,True,111,0.99816173,informal,1,0.7303063273429871,0.768012285232544,73.67004780942494,False,0.0
google/gemma-3-4b-it,formal,informal,hybrid_early,0.7,ini sudah terkirim tapi pesanan belum selesai di sistem karena saya menggunakan kurir berbeda .,udah terkirim tp pesen blum kelar di sistem krn pake kurir beda.,False,368,4200184,42,"[""jika pesanan tidak diproses penjual batal otomatis setelah brp hari ? di bukalapak tidak info spt itu ."", ""malam , saya mau mengembalikan barang krn salah kirim . diinfo harus upload bukti pengirimannya . uploadnya dimana ya ? makasih"", ""segera kirim pesanan saya sudah lewat dari batas waktu"", ""no . transaksi xxxnumberxxx barang belum dikirim melebihi batas kirim , dana belum masuk ke saldo bl saya ."", ""tolong paket saya blm saya terima tapi pas di check tracking ko udh delivered ?"", ""saya kirim uang , kenapa tidak masuk ? padahal status berhasil dan saldo sya terpotong"", ""malam , mau komplain . paket statusnya sudah sampai . tapi saya belum terima paket . mohon bantuannya . terima kasih ."", ""kak tolong ini halodoc orderan saya ngga terkirim tapi di status tertulis terkirim"", ""min , ini kenapa saya gak bisa sms ya ? saya mau konfirmasi pembelian paket gagal mulu sms nya drtd ."", ""selamat malam , tolong cek dm ya min , kiriman paket saya blm di kirim .""]",False,10,2016,21,True,64,0.99824584,informal,1,0.7965128421783447,0.7919672727584839,261.53768609674523,False,0.0
google/gemma-3-4b-it,formal,informal,hybrid_early,0.7,"sejak kemarin kenapa xl tidak ada servis , ada penjelasan ?","min, xl kok udah lama nggak ada servis ya? ada penjelasan dong?",False,370,4200185,42,"[""saya pakai xl prioritas kok lemotnya minta ampun ya ? padahal dulu kenceng bangett , apa lagi ada maintenance ?"", ""malam , koneksi telkomsel semakin lama semakin buruk bukan membaik , sudah seminggu lebih seperti ini , jadi gmn solusi terbaik ?"", ""min ini kenapa jaringan di karawaci gangguan terus ?"", ""iya kak terimakasih . tapi tadi sudah datang ke galeri indosatnya langsung . sudah normal lagi"", ""jb xxxphonexxx , sudah seminggu paket ngga nyampe , padahal masih dalam jakarta , ini malah dikirm ke surabaya buat apa coba ? jnt sistemnya gimana sih ?"", ""kenapa ya kode promo saya grabwae tidak bisa digunakan ? padahal sejak tgl xxxdatexxx ini saya belum pernah sekalipun pakai kode promo tersebut"", ""maaf min no saya tidak bisa dipakai internet , nelpon dll . mohon ditanggapi dm saya"", ""halo admin , ini kenapa saya selalu di telpon oleh cs ? dan disaat jam kerja ."", ""lagi gangguan ya tidak bisa telp , sms dan internetan"", ""min , udh xxxnumberxxx hari ini saya mau gofood kok gak dapet driver terus ? apa aplikasi gojek lagi error ?""]",False,10,2056,16,True,63,0.9974331,informal,1,0.8356075882911682,0.8234453201293945,1328.3955789657984,True,0.0
google/gemma-3-4b-it,formal,informal,hybrid_early,0.7,apakah tanpa buku tabungan bisa untuk upgradenya . sama mau setor tunai soalnya pecahan xxxnumberxxx ribu . terima kasih .,"""tanpa buku tabungan bisa buat upgrade gak ya? terus mau setor tunai nih, pecahan xxxnumberxxx ribu. makasih.""",False,372,4200186,42,"[""min ini gimana ya ? saya abis beli voucher xxxnumberxxx xxxnumberxxx k pake go points . pas dipake cuma dapet potongan xxxnumberxxx xxxnumberxxx k ?"", ""no transaksi saya xxxnumberxxx . saya udah nunggu xxxnumberxxx hr dana ga balik2 . duit nya ga sedikit . tanggung jawab dong dana org kok di tahan2 !"", ""permisi admin bukalapak mohon konfirmasi top up dana saya sebesar rp xxxnumberxxx . xxxnumberxxx berikut bukti pembayaran terimakasih"", ""halo . dari xxxnumberxxx hari lalu saya mau bayar cc via mbanking tapi selalu keluar popup seperti ini kenapa ya ?"", ""gak ada balasan sampai sekarang . apa karena cuma terpotong xxxnumberxxx xxxnumberxxx ribu aja ?"", ""min kalo mau transfer pulsa ke telkomsel bisa ga cuma xxxnumberxxx ribu gitu"", ""saya beli tiket lokal penataran , tapi e tiket tidak muncul , dan saldo xxxuserxxx udah berkurang . mohon solusinya"", ""besok ada surprise deal xxxnumberxxx xxxnumberxxx gb lagi gak ? saya mau beli"", ""sudah saya coba telpon ke mandiri nya . dan bener saldo saya kedebit xxxnumberxxx x . mohon bantuannya . nomor pelaporan mandiri : c190909991030424630"", ""halo mas / mba xxxuserxxx ini nomor halo saya udah xxxnumberxxx hari gak bisa dipake . rugi dong bayar tagihan doang tapi gak kepake ~""]",False,10,2306,30,True,110,0.9955764,informal,1,0.9007281064987183,0.8621872663497925,216.65503514946218,False,0.0
google/gemma-3-4b-it,formal,informal,hybrid_early,0.7,"saya mau bertanya , saya sudah beli paket mengapa tidak masuk - masuk ? bagaimana ini ?","""kok gak masuk ya min? udah beli paket, kok gak kebagian sih?""",False,374,4200187,42,"[""min , ini kenapa saya gak bisa sms ya ? saya mau konfirmasi pembelian paket gagal mulu sms nya drtd ."", ""admin , ketika mau cek tagihan listrik , kenapa tidak bisa ? muncul pesan dibawah"", ""saya mau tanya , ini saya mau beli paket yellow kenapa sama xxxnumberxxx tidak direspon / tidak dibalas"", ""oh begitu , tadi aku coba regristrasi ke xxxnumberxxx smsnya gagal terus kak , gimana yaa ?"", ""saya kirim uang , kenapa tidak masuk ? padahal status berhasil dan saldo sya terpotong"", ""malam , mohon info paket saya sejak tanggal xxxnumberxxx tertahan dgn status itu . blm terkirim sampai sekarang , ada apa ya ?"", ""malam , mau komplain . paket statusnya sudah sampai . tapi saya belum terima paket . mohon bantuannya . terima kasih ."", ""tolong di cek untuk , awb : xxxnumberxxx . statusya misroute itu artinya apa ? lalu untuk paket saya kapan sampainya ? terima kasih"", ""cara pakainya gmn min , saya klik gunakan sekarang masuk ke web sampai situ aja"", ""tetap tidak bisa min , nomor kartu kredit yg saya masukan sdh benar . tetapi tetap tidak bisa klik tombol continue . saya udah ulang berkali2 .""]",False,10,2138,18,True,62,0.9979158,informal,1,0.7186495661735535,0.7330547571182251,59.27372933332873,False,0.0
google/gemma-3-4b-it,formal,informal,hybrid_early,0.7,"hahaha . yang terakhir , saat ciuman , ekspresinya sangat lucu . ada xxxnumberxxx wink , sepertinya .","hahaha . xxxnumberxxx wink , kayaknya lucu banget pas ciuman gitu .",True,376,4200188,42,"[""sudah xxxnumberxxx hari , status belum juga berubah nih min . tadi udah telfon qc katanya cuma suruh nunggu"", ""dm ku juga diliat dong min udh xxxnumberxxx jam yg lalu"", ""admin , kok dm saya belum di respon - respon ya ? sudah xxxnumberxxx hari nih min"", ""min , jaringan xxxnumberxxx g dilokasi ini error . tolong dibantu cek dong . tks before"", ""malam , mohon info paket saya sejak tanggal xxxnumberxxx tertahan dgn status itu . blm terkirim sampai sekarang , ada apa ya ?"", ""sudah off , jaringannya jga udh xxxnumberxxx g / xxxnumberxxx g . tetep ga bisa"", ""superlmot . xxxnumberxxx g rasa xxxnumberxxx g . mohon d perbaiki jaringannya , ngadu ke cs cuma kasih saran yg itu2 aja ."", ""minta pencerahan nya hu . kok saldo ga msk ya , xxxnumberxxx trip xxxnumberxxx . ada apa kah ini"", ""please xxxuserxxx jaringan , kenapa ngilang gak jelas mulu ."", ""xxxnumberxxx g + nya kayak mantan , pas lagi sayang2nya malah ilang ngk jelas . ngk enak bnget pake xxxnumberxxx g , kirim email aja loadingnya xxxnumberxxx xxxnumberxxx menit""]",False,10,2081,17,True,67,0.9548089,informal,1,0.8365693092346191,0.8232702016830444,3474.1090547809267,True,0.0
google/gemma-3-4b-it,formal,informal,hybrid_early,0.7,"selamat siang . dua hari ini orderan grabfood di denpasar , kenapa drivernya jauh - jauh dari restoran ? kebetulan atau memang ada error ? terima kasih .","“Halo min, grabfood di denpasar kok drivernya jauh banget dari restoran? kebetulan apa ya? makasih.”",True,378,4200189,42,"[""min , udh xxxnumberxxx hari ini saya mau gofood kok gak dapet driver terus ? apa aplikasi gojek lagi error ?"", ""halo min , saya mau mengnonaktifkan akun gojek saya mohon dicek dmnya . sedih nih udah dari kemarin nge - mention ga di respon"", ""halo grab mo tanya dong , apakah bs driver dapet xxxnumberxxx order dr org berbeda dlm xxxnumberxxx waktu ?"", ""whats wrong with grabfood ? di semarang dari pagi order gaada yg nyantol loh , semua busy , ganti resto pun sama"", ""maaf min mau nanya apakah bener ini nomor dari gojek ? + xxxnumberxxx"", ""bisa jadi admin grabnya salah ketik ."", ""mas , mbak , respon mention saya dong . lambat banget deh pelayanannya ."", ""akun sy disuspend gara2 saya cancel terus . padahal saya buru2 dan dapatnya driver ganjil terus di hari yang genap . mohon dm saya ya"", ""halo min saldo ovo ga muncul di grab , padahal nomor hp sudah sama . tolong cek dm ya min"", ""kak tolong ini halodoc orderan saya ngga terkirim tapi di status tertulis terkirim""]",False,10,2080,27,True,100,0.988477,informal,1,0.8338927626609802,0.8077833652496338,119.45171777044361,False,0.0
google/gemma-3-4b-it,formal,informal,hybrid_early,0.7,halo . mengapa saya tidak bisa login dari tadi ? kodenya tidak terkirim - kirim di nomor saya . soalnya mau ganti nomor . tolong .,"“min, kok saya gak bisa login ya? kodenya gak masuk ke nomor saya. pengen ganti nomor nih, tolong.”",False,380,4200190,42,"[""hai , selamat sore . saya baru saja membeli kartu sim simpati . dan udah coba registrasi , tapi ga ada respon . tolong bantuannya ."", ""min , ini kenapa saya gak bisa sms ya ? saya mau konfirmasi pembelian paket gagal mulu sms nya drtd ."", ""malam , mohon info paket saya sejak tanggal xxxnumberxxx tertahan dgn status itu . blm terkirim sampai sekarang , ada apa ya ?"", ""malam , mau komplain . paket statusnya sudah sampai . tapi saya belum terima paket . mohon bantuannya . terima kasih ."", ""saya mau tanya , ini saya mau beli paket yellow kenapa sama xxxnumberxxx tidak direspon / tidak dibalas"", ""tolong di cek untuk , awb : xxxnumberxxx . statusya misroute itu artinya apa ? lalu untuk paket saya kapan sampainya ? terima kasih"", ""admin , ketika mau cek tagihan listrik , kenapa tidak bisa ? muncul pesan dibawah"", ""min kalau mau buat nomer kartu halo baru yang xxxnumberxxx itu bagaimana prosedur dan biayanya ?"", ""selamat malam , tolong cek dm ya min , kiriman paket saya blm di kirim ."", ""pagi min , ini saya top up pulsa ko gagal terus ya . itu kenapa ya min ?""]",False,10,2153,29,True,99,0.99498487,informal,1,0.8917799592018127,0.813766360282898,35.76017761189197,False,0.0
google/gemma-3-4b-it,formal,informal,hybrid_early,0.7,apakah bandwidth xxxnumberxxx xxxnumberxxx xxxnumberxxx kbps untuk buka youtube menggunakan indosat buffering terus - menerus ?,"min , bandwidth xxxnumberxxx xxxnumberxxx xxxnumberxxx kbps buat buka youtube di indosat buffering terus , ya?",False,382,4200191,42,"[""min , yg paket internet malam hingga pukul xxxnumberxxx pagi itu yg jadi patokan xxxnumberxxx pagi wib atau xxxnumberxxx pagi waktu lokal user ?"", ""ini kenapa lagi ya mau perpanjang internet ga bisa ? xxxnumberxxx juga ga bisa ?"", ""udah xxxnumberxxx menit stuck gini terus , padahal koneksi internet saya normal . tolong di bantu"", ""tolong dong xxxuserxxx dari kmaren sore jaringan nya full tapi nggak nyambung ke internet padahal kuota dah lumayan banyak"", ""saya beli voucher fisik indosat xxxnumberxxx gb unlimited , tapi gagal terus kenapa ya ?"", ""sore min , ini ada keluhan nomer saya pulsa kesedot terus , padahal tidak berlangganan paket apapun . tolong di cek min + xxxnumberxxx xxxnumberxxx - xxxnumberxxx - xxxnumberxxx"", ""oo xxxuserxxx lagi eror . pntesan g bisa2 , dan aku harus ambil hotspot dr hp xxxnumberxxx nya yg pake xxxuserxxx lancar jaya , trimakasii"", ""telat bayar wifi pas mau bayar jadi xxxnumberxxx ribu"", ""dear indosat , sy mau isi paketan , tetapi kenapa tidak bisa ya , sudah sejak jam xxxnumberxxx tadi , pulsa sdh masuk tapi tdk bisa aktip"", ""pulsa saya terakhir xxxnumberxxx xxxnumberxxx xxxnumberxxx xxxnumberxxx xxxnumberxxx an , terus isi ulang xxxnumberxxx . kenapa skrg jumlahnya hanya xxxnumberxxx ya ? nomer xxxnumberxxx""]",False,10,2340,27,True,110,0.99821645,informal,1,0.9498515725135803,0.8709943294525146,478.08878925792936,False,0.0
google/gemma-3-4b-it,formal,informal,hybrid_early,0.7,"cek dm , admin . di sana ada nomor - nomor kartu yang baru dibeli dan tidak bisa dipakai internet . dipersilahkan solusinya .","min , ada nomor kartu baru yg dibeli gak bisa internet , tolong di cek dm ya",False,384,4200192,42,"[""halo min saldo ovo ga muncul di grab , padahal nomor hp sudah sama . tolong cek dm ya min"", ""halo min , cara cek riwayat pengisian pulsa gimana ya ?"", ""min kalau mau buat nomer kartu halo baru yang xxxnumberxxx itu bagaimana prosedur dan biayanya ?"", ""dear indosat , sy mau isi paketan , tetapi kenapa tidak bisa ya , sudah sejak jam xxxnumberxxx tadi , pulsa sdh masuk tapi tdk bisa aktip"", ""maaf min no saya tidak bisa dipakai internet , nelpon dll . mohon ditanggapi dm saya"", ""cek dm coba xxxuserxxx dari tadi komplen ngga ada respon , pulsa udah kepotong kena tarif per kb"", ""tolong bantu , kenapa nomor simpati saya tidak bisa menerima sms dari nomor tri , padahal ditelpon bisa ."", ""iya kak terimakasih . tapi tadi sudah datang ke galeri indosatnya langsung . sudah normal lagi"", ""ini masih gangguan sinyal xxxnumberxxx g ga bisa aktif datanya ?"", ""malam , mohon info paket saya sejak tanggal xxxnumberxxx tertahan dgn status itu . blm terkirim sampai sekarang , ada apa ya ?""]",False,10,2063,20,False,76,0.9973189,informal,1,0.838388204574585,0.8257436752319336,349.8474545283301,False,0.0
google/gemma-3-4b-it,formal,informal,hybrid_early,0.7,"pengemudi online yang tengil , pasti kesel lalu menyindir melihat yang seperti ini . ngomong blabla . bukannya istigfar sambil bilang , saya juga ingin yang seperti ini .","""driver grab tuh emang sinis banget , pasti kesel ngeliat kayak gini . ngomong ngomong doang . bukannya istighfar , mikirin pengennya juga kayak gini.""",False,386,4200193,42,"[""min tadi pesen grabfood , dan ga sengaja kepencet rating xxxnumberxxx cara baikinnya gimana ya ? kasian sama bapaknya ga tegaa"", ""masalahnya akun driver bisa bisanya kena bajak . tidak ada pilihan cancel , karena itu yang buat mbak ini ketipu , bang jek ! xxxnumberxxx ! xxxnumberxxx ! xxxnumberxxx ! xxxnumberxxx ! xxxnumberxxx !"", ""kasian temenku ini , lagi kelaperan malah dijahatin mamang grab"", ""driver grab di jogja lg pada gereja berjamaah apa kopdar si anjir masa xxxnumberxxx menit nyoba grabfood berkali kali gaada yg ambil pesenan"", ""akun sy disuspend gara2 saya cancel terus . padahal saya buru2 dan dapatnya driver ganjil terus di hari yang genap . mohon dm saya ya"", ""min gimana nih ? kita warga twitter yang hobi rebahan menjadi badmood gara2 sinya susah . sinyal xxxnumberxxx g berasa xxxnumberxxx g malah e"", ""halo min , saya mau mengnonaktifkan akun gojek saya mohon dicek dmnya . sedih nih udah dari kemarin nge - mention ga di respon"", ""kirain yang lebih cepat dari gundala itu menembus kemacetan pakai grabbike . ternyata iya , bener . putra nyetir"", ""pulsa hilang terus , lalu jaringan cenat cenut kaya bisul mau pecah . lagi neken biaya produksi ya ? saya bayar loh , tapi setiap hari dikerjain ."", ""bisa jadi admin grabnya salah ketik .""]",False,10,2386,45,True,151,0.99812895,informal,1,0.7217767238616943,0.6764055490493774,76.45886559221252,False,0.0
google/gemma-3-4b-it,formal,informal,hybrid_early,0.7,kurang adil kayaknya . di tokopedia penjual bisa memberi reputasi ke akun pembeli .,"""kayak gak adil tuh, di tokped penjual bisa kasih reputasi ke akun pembeli gitu aja?""",False,388,4200194,42,"[""min saya mau bayar transaksi bukalapak ko gagal mulu ya"", ""apa ini kerjaan bukalapak resi udah benar kenapa dana saya dibalikin ke pembeli ?"", ""aneh bukalapak dari kemaren kemaren balas cuma bisa itu itu saja , niat bantu apa tidak"", ""jika pesanan tidak diproses penjual batal otomatis setelah brp hari ? di bukalapak tidak info spt itu ."", ""mohon info kenapa dengan koneksi bukalapak ?"", ""min tadi pesen grabfood , dan ga sengaja kepencet rating xxxnumberxxx cara baikinnya gimana ya ? kasian sama bapaknya ga tegaa"", ""blacklist aja nih toko kalo kaya gini wkwkwk"", ""min nanya , ini kalau nabung emas di tokopedia nantinya bisa minta barang fisiknya nggak ?"", ""cara aktifkan paylaternya bagaimana ya min ? saya mau pake di tokopedia"", ""cb cek ke website jnt langsung , kadang suka beda track di shopee dan di website""]",False,10,1856,22,True,85,0.99648464,informal,1,0.6322814226150513,0.751273512840271,127.15278134534738,False,0.0
google/gemma-3-4b-it,formal,informal,hybrid_early,0.7,"kak , mengapa tidak bisa balas sms ke xxxnumberxxx ?","kak, kok nggak ada balasan sms ke xxxnumberxxx sih?",False,390,4200195,42,"[""malam , mohon info paket saya sejak tanggal xxxnumberxxx tertahan dgn status itu . blm terkirim sampai sekarang , ada apa ya ?"", ""saya mau tanya , ini saya mau beli paket yellow kenapa sama xxxnumberxxx tidak direspon / tidak dibalas"", ""maaf min mau nanya apakah bener ini nomor dari gojek ? + xxxnumberxxx"", ""minta pencerahan nya hu . kok saldo ga msk ya , xxxnumberxxx trip xxxnumberxxx . ada apa kah ini"", ""sudah kak , sudah saya ganti ke xxxnumberxxx g tp ttp susah"", ""oh begitu , tadi aku coba regristrasi ke xxxnumberxxx smsnya gagal terus kak , gimana yaa ?"", ""min , boleh minta info no puk untuk no xxxnumberxxx"", ""paket saya sampai mana ya ? resi xxxnumberxxx . thx"", ""min kalo mau transfer pulsa ke telkomsel bisa ga cuma xxxnumberxxx ribu gitu"", ""ka paket no resi ini xxxnumberxxx udah sampai dimana ya ?""]",False,10,1823,15,True,51,0.99145937,informal,1,0.894496738910675,0.9469561576843262,1581.223071219066,True,0.0
google/gemma-3-4b-it,formal,informal,hybrid_early,0.7,"iya , paham . yang saya protes kan kenapa sms - nya bilang bakal diantar hari ini ? kalo .","iya , ngerti . yang mau nanya itu kenapa sms-nya bilang bakal diantar hari ini ? kalo…",False,392,4200196,42,"[""min , tolong bantuannya . gojek instant nelponin saya terus nanya supaya diselesaikan transaksinya . biasanya otomatis kan ?"", ""jb xxxphonexxx , sudah seminggu paket ngga nyampe , padahal masih dalam jakarta , ini malah dikirm ke surabaya buat apa coba ? jnt sistemnya gimana sih ?"", ""kalau gitu juga saya juga tau . saya kan nanya apa ada kemungkinan menghubungi kurir . alamat tujuan pengiriman jelas . status diantar kurir . masa sehari . yaudalah ."", ""malam , mohon info paket saya sejak tanggal xxxnumberxxx tertahan dgn status itu . blm terkirim sampai sekarang , ada apa ya ?"", ""malam , mau komplain . paket statusnya sudah sampai . tapi saya belum terima paket . mohon bantuannya . terima kasih ."", ""malam , saya mau mengembalikan barang krn salah kirim . diinfo harus upload bukti pengirimannya . uploadnya dimana ya ? makasih"", ""hallo min selamat pagi , no resi jp xxxphonexxx diperkiran bakal diterima hari ini . tapi malah di disimpan kalau ada alamat yang salah tolong diinfo kan ."", ""haloo xxxuserxxx kalo paket salah tulis nomor rumah bisa di ganti nggak ya ? udah terlanjur di kirim baru tau kalo no rumahnya salah"", ""selamat malam , tolong cek dm ya min , kiriman paket saya blm di kirim ."", ""xxxnumberxxx transaksi tersebut knp batal ? itu kan udh dikirim . kurir udh pickup""]",False,10,2338,24,False,86,0.9806563,informal,1,0.845306396484375,0.8679541349411011,295.45967161236143,False,0.0
google/gemma-3-4b-it,formal,informal,hybrid_early,0.7,"admin , saya mau hapus akun gojek customer . bagaimana caranya ? karena kena bajak orang .","min, tolong bantu. akun customer mau dihapus nih, kena bajak orang. sedih banget.",False,394,4200197,42,"[""hi , admin . mohon bantuan untuk hapus akun gojek saya yg lama ? terimakasih ."", ""halo min , saya mau mengnonaktifkan akun gojek saya mohon dicek dmnya . sedih nih udah dari kemarin nge - mention ga di respon"", ""min , tolong bantuannya . gojek instant nelponin saya terus nanya supaya diselesaikan transaksinya . biasanya otomatis kan ?"", ""masalahnya akun driver bisa bisanya kena bajak . tidak ada pilihan cancel , karena itu yang buat mbak ini ketipu , bang jek ! xxxnumberxxx ! xxxnumberxxx ! xxxnumberxxx ! xxxnumberxxx ! xxxnumberxxx !"", ""selamat siang xxxuserxxx saya ingin menghapus akun gojek saya , mohon bantuannya . terimakasih"", ""min , udh xxxnumberxxx hari ini saya mau gofood kok gak dapet driver terus ? apa aplikasi gojek lagi error ?"", ""bisa jadi admin grabnya salah ketik ."", ""akun sy disuspend gara2 saya cancel terus . padahal saya buru2 dan dapatnya driver ganjil terus di hari yang genap . mohon dm saya ya"", ""halo gojek tolong masalah di selesai kan . dan xxxuserxxx sy udah follow up lg ya ini ."", ""wah capek bener saya harus cerita lagi . udah saya telepon saya imel . seharusnya dari capture saya udah bisa terbaca . driver tidak memiliki jiwa sosial""]",False,10,2222,22,True,81,0.9954763,informal,1,0.7423899173736572,0.6908557415008545,205.57352518082416,False,0.0
google/gemma-3-4b-it,formal,informal,hybrid_early,0.7,maksudnya bagaimana admin ? dibuka dimanakah itu ?,"min, maksudnya gimana ya admin? dibuka di mana tuh?",False,396,4200198,42,"[""mana dm nya admin ? belum masuk k dm saya"", ""ini kok mbalik lg knp ya min"", ""sudah saya dm tapi kok blm dijawab ya ?"", ""min maaf mau tanya lg . kl mbca yg ke blokir , atm nya ga ikutan ke blokir jg kan ya ?"", ""oh ya mandiri online , tolong min knp saat proses masuk baru tak dpt sms"", ""min , kenapa jaringan idup mati terus ya ? kudu pindah2 apn baru konek ."", ""iya mbak ini belum terupdate , udah dm adminnua"", ""dari tadi begini terus . . ini kenapa ya min . . aku dm mimin juga gk bs"", ""lah kok nomer saya tiba2 terdaftar sih ?"", ""gangguan ya ? kok sya transaksi gaga terus""]",False,10,1581,14,True,51,0.9963917,informal,1,0.8387502431869507,0.9096274375915527,482.62766282801573,False,0.0
google/gemma-3-4b-it,formal,informal,hybrid_early,0.7,cc xxxuserxxx seperti ini dulu sudah digilas sama xxxuserxxx . menkominfo xxxuserxxx sekarang mana berani .,"“ini cc xxxuserxxx kok lama banget yaaaa xxxuserxxx , menkominfo kapan sih nyelesainnyaaaa ?”",False,398,4200199,42,"[""sudah diturunkan ke xxxnumberxxx g / xxxnumberxxx g tp gagal terus | cc"", ""ini xxxuserxxx kenapa ya udah xxxnumberxxx x top up ga masuk2 saldonya ?"", ""mau tanya nih xxxuserxxx , apa benar ovo sedang mengalami trouble ? saya top up via xxxuserxxx sore tadi sampai sekarang xxxnumberxxx belum masuk juga ."", ""nih xxxuserxxx lemot banget xxxnumberxxx g nya"", ""yaang xxxuserxxx aku ikutan ini yaa"", ""sering² gini ya xxxuserxxx biar makin sayang aku nya"", ""keuntungan xxxnumberxxx nya kok ga bisa ya min ?"", ""halo . dari xxxnumberxxx hari lalu saya mau bayar cc via mbanking tapi selalu keluar popup seperti ini kenapa ya ?"", ""ohh gitu ya xxxuserxxx pilih kasih yaa"", ""gimana cara pengambilan paket datanya min xxxuserxxx ? sudah cek my telkomsel dan * xxxnumberxxx gak tersediaa .""]",False,10,1839,27,True,93,0.9981054,informal,1,0.7419143915176392,0.6348546743392944,234.88632575936927,False,0.0
google/gemma-3-4b-it,formal,informal,hybrid_early,0.7,"sudah sedang menjaga jodoh , diganggu juga oleh sinyal .","“hadeee, sinyal juga ganggu duluan padahal lagi nyari jodoh…”",False,400,4200200,42,"[""malam , koneksi telkomsel semakin lama semakin buruk bukan membaik , sudah seminggu lebih seperti ini , jadi gmn solusi terbaik ?"", ""engga . gangguan beneran kayanya . makanya wa dia susah masuk wkwkwk"", ""alhamdulillah , rezeki anak shalih ya kak . 🤲 * siap2 diajak ketemuan 🤭"", ""ternuata memang sinyal anda ga bisa masuk kamar kos saya"", ""kenapa sinyalnya kalau malam jelek mulu sihh"", "": mas , agak cpt ya udh laper nih : oke mba , ditunggu : sama nnti temenin saya ya mas rumah lagi sepi nih : ."", ""siang min , email saya belom ada balesan juga"", ""lagi gangguan ya tidak bisa telp , sms dan internetan"", ""semakin buruk , langganan paket aja gak berguna , karena sinyalnya yang makin hari makin parah buruknya"", ""iya sama , udeh gw dm dari tadi mba yg cantik , ini signal woi""]",False,10,1789,19,True,61,0.9796544,informal,1,0.46990257501602173,0.475599080324173,142.5625275159327,False,0.0
google/gemma-3-4b-it,formal,informal,hybrid_early,0.7,"halo admin , saya tidak bisa mendaftar nomor , kenapa ?","halo admin , kenapa gak bisa daftar nomor ya?",False,402,4200201,42,"[""halo min , cara cek riwayat pengisian pulsa gimana ya ?"", ""min kalau mau buat nomer kartu halo baru yang xxxnumberxxx itu bagaimana prosedur dan biayanya ?"", ""halo min , kalo paket saya misroute gimana ya ?"", ""maaf min no saya tidak bisa dipakai internet , nelpon dll . mohon ditanggapi dm saya"", ""oh ya mandiri online , tolong min knp saat proses masuk baru tak dpt sms"", ""iya kak terimakasih . tapi tadi sudah datang ke galeri indosatnya langsung . sudah normal lagi"", ""dear indosat , sy mau isi paketan , tetapi kenapa tidak bisa ya , sudah sejak jam xxxnumberxxx tadi , pulsa sdh masuk tapi tdk bisa aktip"", ""kak gimana nih saya daftar paket yellow gak bisa bisa"", ""malam , mohon info paket saya sejak tanggal xxxnumberxxx tertahan dgn status itu . blm terkirim sampai sekarang , ada apa ya ?"", ""halo min saldo ovo ga muncul di grab , padahal nomor hp sudah sama . tolong cek dm ya min""]",False,10,1900,11,True,45,0.99690884,informal,1,0.8959555625915527,0.9590993523597717,3247.7544841900353,True,0.0
google/gemma-3-4b-it,formal,informal,hybrid_early,0.7,"halo . apakah sistem lazada sedang error ? saya tidak bisa checkout dan bayar . sudah dicoba via app , browser hp , & pc . sudah restart hp juga .","halo , kok lazada nya error ya? gak bisa checkout sama bayar . udah coba lewat app , hp , sama pc juga . restart hp udah.",False,404,4200202,42,"[""iya kak terimakasih . tapi tadi sudah datang ke galeri indosatnya langsung . sudah normal lagi"", ""hai , selamat sore . saya baru saja membeli kartu sim simpati . dan udah coba registrasi , tapi ga ada respon . tolong bantuannya ."", ""min , ini kenapa saya gak bisa sms ya ? saya mau konfirmasi pembelian paket gagal mulu sms nya drtd ."", ""halo . paket saya dengan no resi xxxnumberxxx tidak ada pergerakan dari kemarin . tolong konfirmasi nya"", ""admin , ketika mau cek tagihan listrik , kenapa tidak bisa ? muncul pesan dibawah"", ""halo min , cara cek riwayat pengisian pulsa gimana ya ?"", ""malam , mau komplain . paket statusnya sudah sampai . tapi saya belum terima paket . mohon bantuannya . terima kasih ."", ""min saya mau bayar transaksi bukalapak ko gagal mulu ya"", ""tadi saya topup ke shopee pay , sudah berhasil tapi kok di aplikasi tetep xxxnumberxxx ya ? tolong baca dm saya ya . terimakasih"", ""hai admin , sy baru saja update apl bri mobile . saat may login internet banking knp muncul aktivasi ya ? bisa dibantu ?""]",False,10,2124,31,True,121,0.9983368,informal,1,0.9199881553649902,0.9026109576225281,114.21061706343336,False,0.0
google/gemma-3-4b-it,formal,informal,hybrid_early,0.7,"admin . saya sudah mengisi pulsa xxxnumberxxx ribu . tapi mengapa tidak masuk juga ya ? padahal , nomor sudah benar min .","min, kok saldo gak masuk ya, xxxnumberxxx ribu. udah diisi tapi gak ada apa-apa min.",False,406,4200203,42,"[""saya belipaket rp . xxxnumberxxx rb tapi kok tidak masuk ya ? padahal pulsanya udh kepotong"", ""sore min , ini ada keluhan nomer saya pulsa kesedot terus , padahal tidak berlangganan paket apapun . tolong di cek min + xxxnumberxxx xxxnumberxxx - xxxnumberxxx - xxxnumberxxx"", ""malam , mohon info paket saya sejak tanggal xxxnumberxxx tertahan dgn status itu . blm terkirim sampai sekarang , ada apa ya ?"", ""pagi min , ini saya top up pulsa ko gagal terus ya . itu kenapa ya min ?"", ""ini min minta tolong di cek sudah sampe mana . masa sudah xxxnumberxxx minggu blm sampe . tolong banget min di update smp mana"", ""minta pencerahan nya hu . kok saldo ga msk ya , xxxnumberxxx trip xxxnumberxxx . ada apa kah ini"", ""maaf min mau nanya apakah bener ini nomor dari gojek ? + xxxnumberxxx"", ""saya mau tanya , ini saya mau beli paket yellow kenapa sama xxxnumberxxx tidak direspon / tidak dibalas"", ""oh begitu , tadi aku coba regristrasi ke xxxnumberxxx smsnya gagal terus kak , gimana yaa ?"", ""udah xxxnumberxxx menit stuck gini terus , padahal koneksi internet saya normal . tolong di bantu""]",False,10,2161,24,True,84,0.99705505,informal,1,0.7914299368858337,0.7717168927192688,530.6856882972182,False,0.0
google/gemma-3-4b-it,formal,informal,hybrid_early,0.7,"inv / xxxnumberxxx / xix / ix / xxxnumberxxx , tolong perpanjang masa ired order sampai xxxdatexxx . terima kasih moderator .","""inv / xxxnumberxxx / xix / ix / xxxnumberxxx, tolong perpanjang masa ired order sampe xxxdatexxx ya. makasih min.""",False,408,4200204,42,"[""baru saja saya membeli barang di tokopedia dan tidak bisa dibatalkan , bisa tolong dibatalkan pesanan saya inv / xxxnumberxxx / xix / ix / xxxnumberxxx"", ""pulsa saya terakhir xxxnumberxxx xxxnumberxxx xxxnumberxxx xxxnumberxxx xxxnumberxxx an , terus isi ulang xxxnumberxxx . kenapa skrg jumlahnya hanya xxxnumberxxx ya ? nomer xxxnumberxxx"", ""sudah xxxnumberxxx x24 jam transaksi pengisian pulsa pd tgl xxxnumberxxx agustus xxxnumberxxx pkl xxxnumberxxx ko blm masuk jg ya min ?"", ""cek resi ini min , delivery kurir dari jam xxxnumberxxx td belum dateng2 xxxnumberxxx xxxnumberxxx"", ""keluar update versi xxxnumberxxx . xxxnumberxxx kapan min ?"", ""jp xxxphonexxx min tolong dong ini paket saya ga nyampe nyampe , padahal ngirim sesama jakarta bisa xxxnumberxxx harian ."", ""pagi admin , paket saya dari shopee dengan kode xxxnumberxxx xxxnumberxxx xxxnumberxxx xxxnumberxxx xxxnumberxxx xxxnumberxxx xxxnumberxxx xxxnumberxxx xxxnumberxxx xxxnumberxxx xxxnumberxxx r04b tidak kebaca nomor resinya , mohon dibantu ya . dari hari jumat masih ngendep di jne malang"", ""min . saya sebagai seller , mohon dibantu untuk penyelesaiian komplain inv / xxxnumberxxx / xix / vii / xxxnumberxxx"", ""min , boleh minta info no puk untuk no xxxnumberxxx"", ""gaada lagi best deal yg xxxnumberxxx xxxnumberxxx gb / xxxnumberxxx hari yg harga nya xxxnumberxxx xxxnumberxxx rb kaya kmaren gitu ? hmm""]",False,10,2457,35,True,115,0.9936016,informal,1,0.9780938625335693,0.881787121295929,176.09764241052764,False,0.0
google/gemma-3-4b-it,formal,informal,hybrid_early,0.7,admin tolong respons komplain nomor transaksi xxxnumberxxx secepatnya . terima kasih banyak .,"min, tolong di bantu cek transaksi xxxnumberxxx secepatnya. thanks banyak.",False,410,4200205,42,"[""halo . paket saya dengan no resi xxxnumberxxx tidak ada pergerakan dari kemarin . tolong konfirmasi nya"", ""minta pencerahan nya hu . kok saldo ga msk ya , xxxnumberxxx trip xxxnumberxxx . ada apa kah ini"", ""min , jaringan xxxnumberxxx g dilokasi ini error . tolong dibantu cek dong . tks before"", ""admin , kok dm saya belum di respon - respon ya ? sudah xxxnumberxxx hari nih min"", ""min tolong di bantu cek resi xxxnumberxxx , sudah xxxnumberxxx hari ndak ada pergerakan ."", ""malam , mau komplain . paket statusnya sudah sampai . tapi saya belum terima paket . mohon bantuannya . terima kasih ."", ""min bales dong . udh xxxnumberxxx x24 jam cb ga masuk2 ."", ""min , boleh minta info no puk untuk no xxxnumberxxx"", ""saya mau tanya , ini saya mau beli paket yellow kenapa sama xxxnumberxxx tidak direspon / tidak dibalas"", ""paket saya sampai mana ya ? resi xxxnumberxxx . thx""]",False,10,1920,19,True,74,0.9931224,informal,1,0.8841161727905273,0.7808864712715149,533.5806106150739,False,0.0
google/gemma-3-4b-it,formal,informal,hybrid_early,0.7,"admin , sampai kapan kuota ini berlaku ? terima kasih .","min, mau tanya kapan ya kuota ini berlaku? terimakasih.",False,412,4200206,42,"[""malam , mohon info paket saya sejak tanggal xxxnumberxxx tertahan dgn status itu . blm terkirim sampai sekarang , ada apa ya ?"", ""selamat malam , tolong cek dm ya min , kiriman paket saya blm di kirim ."", "". ada apa dengan kurir pos . sampai saat ini belum juga update ongkir nya . padahal sudah dari tgl . xxxdatexxx sudah berlaku tarif baru ."", ""min tolong cek dm ya . terima kasih"", ""baik min , sebentar lagi saya kirim lewat dm . terimakasih ."", ""malam , mau komplain . paket statusnya sudah sampai . tapi saya belum terima paket . mohon bantuannya . terima kasih ."", ""baiklah , terimakasih . tapi saya kan tidak sedang berlangganan apa - apa tapi kenapa pulsa saya kesedot ya min ? kira - kira bagaimana ya mengeceknya ? sebelumnya tidak pernah"", ""halo min , cara cek riwayat pengisian pulsa gimana ya ?"", ""ini min minta tolong di cek sudah sampe mana . masa sudah xxxnumberxxx minggu blm sampe . tolong banget min di update smp mana"", ""selamat malam xxxuserxxx mau tanya , kenapa bonus kuota aplikasi nya gak bisa di pake ? malah kesedot terus kuota utama nya . terimakasih""]",False,10,2090,15,True,55,0.99443793,informal,1,0.8866516351699829,0.7562273740768433,221.8881706479054,False,0.0
google/gemma-3-4b-it,formal,informal,hybrid_early,0.7,"mohon dibantu , saya sudah lakukan pembayaran tagihan xxxdatexxx bulanan tapi kenapa nomor hp masih belum bisa aktif , nomor hp matrik xxxnumberxxx .","min , saya sudah bayar tagihan xxxdatexxx , tapi kenapa nomor hp masih belum aktif , nomor hp matrik xxxnumberxxx . tolong di bantu min",False,414,4200207,42,"[""sore min , ini ada keluhan nomer saya pulsa kesedot terus , padahal tidak berlangganan paket apapun . tolong di cek min + xxxnumberxxx xxxnumberxxx - xxxnumberxxx - xxxnumberxxx"", ""dear indosat , sy mau isi paketan , tetapi kenapa tidak bisa ya , sudah sejak jam xxxnumberxxx tadi , pulsa sdh masuk tapi tdk bisa aktip"", ""min kalau mau buat nomer kartu halo baru yang xxxnumberxxx itu bagaimana prosedur dan biayanya ?"", ""malam , mohon info paket saya sejak tanggal xxxnumberxxx tertahan dgn status itu . blm terkirim sampai sekarang , ada apa ya ?"", ""saya mau tanya , ini saya mau beli paket yellow kenapa sama xxxnumberxxx tidak direspon / tidak dibalas"", ""halo min tolong di bantu no resi jp xxxphonexxx dan jp xxxphonexxx status sudah diterima . tapi saya dan orang rumah belum terima paketnya . tolong dibantu ."", ""halo . paket saya dengan no resi xxxnumberxxx tidak ada pergerakan dari kemarin . tolong konfirmasi nya"", ""halo min saldo ovo ga muncul di grab , padahal nomor hp sudah sama . tolong cek dm ya min"", ""saya mau tanya , apa nomor rekening yan sudah tidak di tambah saldo selama xxxnumberxxx tahun masih aktif / di gunakan"", ""maaf min no saya tidak bisa dipakai internet , nelpon dll . mohon ditanggapi dm saya""]",False,10,2331,34,False,135,0.99619305,informal,1,0.9687308073043823,0.9229549169540405,92.69557315102604,False,0.0
google/gemma-3-4b-it,formal,informal,hybrid_early,0.7,"eh ada yang punya cerita , permisi mbak .","“eh, ada kabar gak? permisi, mbak.”",False,416,4200208,42,"[""mas , mbak , respon mention saya dong . lambat banget deh pelayanannya ."", ""sudah xxxnumberxxx hari , status belum juga berubah nih min . tadi udah telfon qc katanya cuma suruh nunggu"", "": mas , agak cpt ya udh laper nih : oke mba , ditunggu : sama nnti temenin saya ya mas rumah lagi sepi nih : ."", ""siang min , email saya belom ada balesan juga"", ""masalahnya akun driver bisa bisanya kena bajak . tidak ada pilihan cancel , karena itu yang buat mbak ini ketipu , bang jek ! xxxnumberxxx ! xxxnumberxxx ! xxxnumberxxx ! xxxnumberxxx ! xxxnumberxxx !"", ""malam , saya mau mengembalikan barang krn salah kirim . diinfo harus upload bukti pengirimannya . uploadnya dimana ya ? makasih"", ""baik min , sebentar lagi saya kirim lewat dm . terimakasih ."", ""hallo min selamat pagi , no resi jp xxxphonexxx diperkiran bakal diterima hari ini . tapi malah di disimpan kalau ada alamat yang salah tolong diinfo kan ."", ""giliran ntar bikin baru , tetep ga dapet voucher"", ""malam . ini kenapa yaa ? mohon infoo . thank you""]",False,10,2005,14,True,35,0.9354684,informal,1,0.7257240414619446,0.6170949935913086,70.50501901073018,False,0.0
google/gemma-3-4b-it,formal,informal,hybrid_early,0.7,alasannya tidak masuk akal . kadang perintah operator telkomsel bila lambat matikan tombol pesawat atau sebut data diri tapi tetap lambat .,"""gara2nya gak jelas sih , kadang pas nyuruh operator telkomsel lama banget , restart hp juga gak ngilang""",False,418,4200209,42,"[""lagi gangguan ya tidak bisa telp , sms dan internetan"", ""telat bayar wifi pas mau bayar jadi xxxnumberxxx ribu"", ""di kebo sirih sinyal bolak balik e terus nih berhari2 . lagi ga stabil apa gimana sih ?"", ""kenapa pulsa saya yang dipotong internetnya bukan quota saya ? dua kali lagi duh"", ""saya pakai xl prioritas kok lemotnya minta ampun ya ? padahal dulu kenceng bangett , apa lagi ada maintenance ?"", ""ini kenapa lagi ya mau perpanjang internet ga bisa ? xxxnumberxxx juga ga bisa ?"", ""ini kenapa abis bayar pascabayar jadi gaada kuotanya ya ?"", ""berulah lagi ? saya gk pernah klik macem² ini , pulsa tersedot banyak banget , hpnya cuma dipake buat nelp & sms"", ""dear indosat , sy mau isi paketan , tetapi kenapa tidak bisa ya , sudah sejak jam xxxnumberxxx tadi , pulsa sdh masuk tapi tdk bisa aktip"", ""iya besok rencana mau ke bank . nelpon call center ga guna anjir""]",False,10,1965,27,True,105,0.99856466,informal,1,0.636628270149231,0.6526416540145874,141.07150797110836,False,0.0
google/gemma-3-4b-it,formal,informal,hybrid_early,0.7,tolong cek dm . saya kirim screenshot sejarah top up tapi tidak masuk saldonya .,"tolong baca dm ya . saya kirim screenshot sejarah top up , saldo sya gak masuk .",False,420,4200210,42,"[""saya kirim uang , kenapa tidak masuk ? padahal status berhasil dan saldo sya terpotong"", ""tadi saya topup ke shopee pay , sudah berhasil tapi kok di aplikasi tetep xxxnumberxxx ya ? tolong baca dm saya ya . terimakasih"", ""pagi min , ini saya top up pulsa ko gagal terus ya . itu kenapa ya min ?"", ""pengembalian saldo karena gagal penarikan membutuhkan waktu berapa lama ya ? saya sudah laporan xxxnumberxxx hari kerja sampai skr masih proses ditindak lanjuti terus"", ""sama kayak saya pak paket saya gak saya terima claim gak jelas kapan hasilnya , jangan tunggu ini menyebar ya !"", ""sudah saya dm min , mohon di cek"", ""halo saya top up grab ovo lewat atm barusan tapi kok belum masuk ya ?"", ""baiklah , terimakasih . tapi saya kan tidak sedang berlangganan apa - apa tapi kenapa pulsa saya kesedot ya min ? kira - kira bagaimana ya mengeceknya ? sebelumnya tidak pernah"", ""tetap tidak bisa min , nomor kartu kredit yg saya masukan sdh benar . tetapi tetap tidak bisa klik tombol continue . saya udah ulang berkali2 ."", ""akun sy disuspend gara2 saya cancel terus . padahal saya buru2 dan dapatnya driver ganjil terus di hari yang genap . mohon dm saya ya""]",False,10,2188,19,True,80,0.9924936,informal,1,0.9247260093688965,0.8781942129135132,590.7401643380497,False,0.0
google/gemma-3-4b-it,formal,informal,hybrid_early,0.7,panggil xxxuserxxx dan xxxuserxxx . mohon diperhitungkan biaya parkirnya .,"“panggil xxxuserxxx dan xxxuserxxx , mohon diperhitungkan biaya parkirnya ya”",False,422,4200211,42,"[""ini xxxuserxxx kenapa ya udah xxxnumberxxx x top up ga masuk2 saldonya ?"", ""hai , xxxuserxxx tolong cek dm saya ya , thanks !"", ""gimana cara pengambilan paket datanya min xxxuserxxx ? sudah cek my telkomsel dan * xxxnumberxxx gak tersediaa ."", ""saya beli tiket lokal penataran , tapi e tiket tidak muncul , dan saldo xxxuserxxx udah berkurang . mohon solusinya"", ""selamat pagi xxxuserxxx saya kan punya m - card dan xxxnumberxxx x - card , untuk free transactionnya apakah tiap kartu mendapat kuota masing - masing atau diakumulasikan dikedua kartu ?"", ""maaf min mau nanya apakah bener ini nomor dari gojek ? + xxxnumberxxx"", ""dibulan september ini semoga xxxuserxxx dan xxxuserxxx sparing promo ya"", ""xxxnumberxxx , xxxemailxxx , dan karena lupa password"", ""oo xxxuserxxx lagi eror . pntesan g bisa2 , dan aku harus ambil hotspot dr hp xxxnumberxxx nya yg pake xxxuserxxx lancar jaya , trimakasii"", ""min , jaringan xxxnumberxxx g dilokasi ini error . tolong dibantu cek dong . tks before""]",False,10,2018,22,True,77,0.9603538,informal,1,0.9076223373413086,0.8816273212432861,93.28077339418707,False,0.0
google/gemma-3-4b-it,formal,informal,hybrid_early,0.7,sudah saya dm infonya . mohon dicek . terima kasih .,udah saya dm infonya . mohon dicek ya . terima kasih,False,424,4200212,42,"[""min tolong cek dm ya . terima kasih"", ""min tolong cek dm ya . makasiih"", ""sudah saya dm min , mohon di cek"", ""selamat malam , tolong cek dm ya min , kiriman paket saya blm di kirim ."", ""selamat siang kak , mohon dicek saya mengirimkan dm . terimakasih"", ""sudah saya dm . mohon di balas"", ""baik min , sebentar lagi saya kirim lewat dm . terimakasih ."", ""mohon cek dm saya , terima kasih"", ""selamat siang min , saya minta bantuan untuk tracking paket . detail telah saya kirim via dm . terimakasih"", ""udah aku dm ya min , tolong responnya .""]",False,10,1546,15,False,52,0.99535453,informal,1,0.9552102088928223,0.9552193880081177,365.11775474661147,False,0.0
google/gemma-3-4b-it,formal,informal,hybrid_early,0.7,"iya , jadi kurang tingkat kepercayaannya . tidak terbayang flexi cashnya .","""hade , jadi kurang afdal gitu ya . gak ngefek buat flexi cash .""",False,426,4200213,42,"[""halo pengaduan saya pengembalian dana ke kartu kredit belum di tangani . tolonglah jangan diam"", ""mohon dicek . kok sering limited access , terhubung tapi tidak ada internet , dan tidak ada pemberitahuan fup harian ."", ""halo mas / mba xxxuserxxx ini nomor halo saya udah xxxnumberxxx hari gak bisa dipake . rugi dong bayar tagihan doang tapi gak kepake ~"", ""saya salah pilihan isi resi , harusnya otomatis dari sicepat tapi saya malah terlanjur bayar cash , nomor resinya bisa diedit nggak ya ?"", ""kecewa sama xxxuserxxx yakin banget milih voucher cash back makanya tetap bayar ongkir , tp pas barang sampai coin cash back pun ga dapet !"", ""withdraw saldo gak masuk2 ke bri saya ."", ""barusan ada yg telfon saya dengan nomor ini . apakah ini benar dari halo bca ?"", ""selamat pagi , nanya dong ada nggak tabungan di bank mandiri yg buat milenial ?"", ""kalo beli ginian masa aktif ikut nambah gak bossku ? tks"", ""min saran shopeepay later bisa juga dong buat beli pulsa , paket data , dan listrik wkwk""]",False,10,2027,20,True,65,0.99741,informal,1,0.6472964286804199,0.6362184882164001,464.4790000812323,False,0.0
google/gemma-3-4b-it,formal,informal,hybrid_early,0.7,"selamat siang . saya dapat sms dari xxxnumberxxx , mengatasnamakan telkomsel , memberikan penawaran cc bank mega . apakah ini benar ?","min , sms dari xxxnumberxxx bilang ada penawaran cc bank mega , ini bener gak ya?",False,428,4200214,42,"[""sore min , ini ada keluhan nomer saya pulsa kesedot terus , padahal tidak berlangganan paket apapun . tolong di cek min + xxxnumberxxx xxxnumberxxx - xxxnumberxxx - xxxnumberxxx"", ""min , jaringan xxxnumberxxx g dilokasi ini error . tolong dibantu cek dong . tks before"", ""halo . dari xxxnumberxxx hari lalu saya mau bayar cc via mbanking tapi selalu keluar popup seperti ini kenapa ya ?"", ""mengapa saya gagal beli paket flash sale ? maaf , kamu belum dapat melakukan registrasi paket ini . dapatkan penawaran terbaik di * xxxnumberxxx atau akses myim3"", ""halo . paket saya dengan no resi xxxnumberxxx tidak ada pergerakan dari kemarin . tolong konfirmasi nya"", ""min kalo mau transfer pulsa ke telkomsel bisa ga cuma xxxnumberxxx ribu gitu"", ""tolong hentikan sms xxxnumberxxx ke nomor saya . xxxnumberxxx . mengurangi pulsa saya ."", ""saya mau tanya , ini saya mau beli paket yellow kenapa sama xxxnumberxxx tidak direspon / tidak dibalas"", ""dear indosat , sy mau isi paketan , tetapi kenapa tidak bisa ya , sudah sejak jam xxxnumberxxx tadi , pulsa sdh masuk tapi tdk bisa aktip"", ""jp xxxphonexxx min tolong dong ini paket saya ga nyampe nyampe , padahal ngirim sesama jakarta bisa xxxnumberxxx harian .""]",False,10,2291,22,True,81,0.9984823,informal,1,0.8646978139877319,0.8257108926773071,468.34321528389614,False,0.0
google/gemma-3-4b-it,formal,informal,hybrid_early,0.7,admin ini kenapa lagi admin . sudah dari tadi pagi ini saya tidak bisa dm anda .,"min, kok dm saya gak bs di respon ya dari tadi pagi?",False,430,4200215,42,"[""dari tadi begini terus . . ini kenapa ya min . . aku dm mimin juga gk bs"", ""halo min , saya mau mengnonaktifkan akun gojek saya mohon dicek dmnya . sedih nih udah dari kemarin nge - mention ga di respon"", ""nomer saya aja udah di dm dari tadi ga ditangani . gimana min ?"", ""halo admin , ini kenapa saya selalu di telpon oleh cs ? dan disaat jam kerja ."", ""sudah saya dm . mohon di balas"", ""min cek dm saya lagi yaa"", ""iya kak terimakasih . tapi tadi sudah datang ke galeri indosatnya langsung . sudah normal lagi"", ""admin , kok dm saya belum di respon - respon ya ? sudah xxxnumberxxx hari nih min"", ""sudah saya dm min , mohon di cek"", ""bos hari keberapa ini ga masuk2 kuota saya , sudah cukup sabar ya bos !""]",False,10,1743,15,True,52,0.99723804,informal,1,0.6623831391334534,0.6270219087600708,379.30103351712955,False,0.0
google/gemma-3-4b-it,formal,informal,hybrid_early,0.7,apakah jaringan lagi jelek ? sudah xxxnumberxxx hari lambat .,"udah xxxnumberxxx hari lambat banget nih , kira2 apa ya?",False,432,4200216,42,"[""udah xxxnumberxxx menit stuck gini terus , padahal koneksi internet saya normal . tolong di bantu"", ""saya mau tanya , ini saya mau beli paket yellow kenapa sama xxxnumberxxx tidak direspon / tidak dibalas"", ""sudah hampir xxxnumberxxx hari paket belum rilis ? ada apa ?"", ""ini masih gangguan sinyal xxxnumberxxx g ga bisa aktif datanya ?"", ""admin , kok dm saya belum di respon - respon ya ? sudah xxxnumberxxx hari nih min"", ""sudah kak , sudah saya ganti ke xxxnumberxxx g tp ttp susah"", ""malam , mohon info paket saya sejak tanggal xxxnumberxxx tertahan dgn status itu . blm terkirim sampai sekarang , ada apa ya ?"", ""sore min , ini ada keluhan nomer saya pulsa kesedot terus , padahal tidak berlangganan paket apapun . tolong di cek min + xxxnumberxxx xxxnumberxxx - xxxnumberxxx - xxxnumberxxx"", ""min di daerah kab . bandung sinyal xxxnumberxxx g hilang walaupun saya restart tetap hilang , mohon pengertiannya min"", ""sudah off , jaringannya jga udh xxxnumberxxx g / xxxnumberxxx g . tetep ga bisa""]",False,10,2016,15,True,56,0.9985525,informal,1,0.8215757012367249,0.6080724000930786,2329.868759970662,True,0.0
google/gemma-3-4b-it,formal,informal,hybrid_early,0.7,"admin , kalau key bca saat baru dinyalakan muncul tulisan "" batt xxxnumberxxx , artinya apa ?","min, kalau key bca pas baru dinyalakan muncul tulisan "" batt xxxnumberxxx , artinya apa ya?""",False,434,4200217,42,"[""udah xxxnumberxxx menit stuck gini terus , padahal koneksi internet saya normal . tolong di bantu"", ""dear indosat , sy mau isi paketan , tetapi kenapa tidak bisa ya , sudah sejak jam xxxnumberxxx tadi , pulsa sdh masuk tapi tdk bisa aktip"", ""saya mau tanya , ini saya mau beli paket yellow kenapa sama xxxnumberxxx tidak direspon / tidak dibalas"", ""min kalau mau buat nomer kartu halo baru yang xxxnumberxxx itu bagaimana prosedur dan biayanya ?"", ""maaf min mau nanya apakah bener ini nomor dari gojek ? + xxxnumberxxx"", ""min di daerah kab . bandung sinyal xxxnumberxxx g hilang walaupun saya restart tetap hilang , mohon pengertiannya min"", ""admin , ketika mau cek tagihan listrik , kenapa tidak bisa ? muncul pesan dibawah"", ""sore min , ini ada keluhan nomer saya pulsa kesedot terus , padahal tidak berlangganan paket apapun . tolong di cek min + xxxnumberxxx xxxnumberxxx - xxxnumberxxx - xxxnumberxxx"", ""tolong di cek untuk , awb : xxxnumberxxx . statusya misroute itu artinya apa ? lalu untuk paket saya kapan sampainya ? terima kasih"", ""sudah kak , sudah saya ganti ke xxxnumberxxx g tp ttp susah""]",False,10,2152,24,True,92,0.9956565,informal,1,0.9707349538803101,0.9239219427108765,1392.4739191718418,True,0.0
google/gemma-3-4b-it,formal,informal,hybrid_early,0.7,apakah ini member seventeen baru ya xxxuserxxx ? hahaha .,apa ini seventeen baru ya xxxuserxxx ? hahaha,False,436,4200218,42,"[""sering² gini ya xxxuserxxx biar makin sayang aku nya"", ""ini sinyalnya knp ya skrg xxxuserxxx jelek bgtt"", ""halo admin xxxuserxxx cek dm dong"", ""cek dm coba xxxuserxxx dari tadi komplen ngga ada respon , pulsa udah kepotong kena tarif per kb"", ""mau tanya nih xxxuserxxx , apa benar ovo sedang mengalami trouble ? saya top up via xxxuserxxx sore tadi sampai sekarang xxxnumberxxx belum masuk juga ."", ""halo xxxuserxxx gimana ya caranya kontak driver utk kirim paket same day xxxnumberxxx hours ? sama sekali gabisa ngirim nih . makasih"", ""tolong cek jb xxxphonexxx dr tgl xxxnumberxxx kok ga ada status lagi"", ""nih xxxuserxxx lemot banget xxxnumberxxx g nya"", ""dear xxxuserxxx , please check my dm ."", ""halo sat xxxuserxxx lagi ada troble apani . mau paketin yellow kok daritadi gabisa ?""]",False,10,1798,11,False,45,0.9971073,informal,1,0.8986344933509827,0.9094549417495728,43887.56790811012,True,0.0
google/gemma-3-4b-it,formal,informal,hybrid_early,0.7,"hari minggu di kantor cabang pembantu , apakah buka untuk pembelian kartu flazz ?","min, kantor cabang pembantu minggu buka gak ya buat beli kartu flazz? tq",False,438,4200219,42,"[""di busway dan tol bisa normal digunakan , atau buat naik commuter agak berbeda ? mohon info , sayang2 saldo flazz saya kalau dianggap kadaluarsa"", ""hanya alamat yang berubah . jadi harus ke cabang bca terdekat untuk ganti kartu atm ya . apakah ada biaya tambahan ?"", ""apakah di bca kc purwokerto ada weekend banking ? tq"", ""min tolong di bantu cek resi xxxnumberxxx , sudah xxxnumberxxx hari ndak ada pergerakan ."", ""kalo beli ginian masa aktif ikut nambah gak bossku ? tks"", ""saya beli voucher fisik indosat xxxnumberxxx gb unlimited , tapi gagal terus kenapa ya ?"", ""min no resi jp xxxphonexxx kok belum dikirim2 dr hari sabtu"", ""min , biaya transfer ke bank free terus apa ada jatah maksimal tiap bulannya ?"", ""sore min , ini ada keluhan nomer saya pulsa kesedot terus , padahal tidak berlangganan paket apapun . tolong di cek min + xxxnumberxxx xxxnumberxxx - xxxnumberxxx - xxxnumberxxx"", ""kantor post pulo gadung buka sampai jam berapa ya ? saya pengen melakukan pembayaran""]",False,10,2016,18,False,72,0.9963587,informal,1,0.8719573020935059,0.7988747358322144,755.5681754420916,False,0.0
google/gemma-3-4b-it,formal,informal,hybrid_early,0.7,saya lupa nomor resinya . tolong periksa berdasarkan nama saya saja .,"min, tolong cek berdasarkan nama saya aja ya.",False,440,4200220,42,"[""min , ini kenapa saya gak bisa sms ya ? saya mau konfirmasi pembelian paket gagal mulu sms nya drtd ."", ""tolong di cek untuk , awb : xxxnumberxxx . statusya misroute itu artinya apa ? lalu untuk paket saya kapan sampainya ? terima kasih"", ""kira2 berapa lama ya prosesnyaa . saya pengajuannya kemarin . kira2 kapan saya bisa dapet notifny"", ""cara pakainya gmn min , saya klik gunakan sekarang masuk ke web sampai situ aja"", ""admin , ketika mau cek tagihan listrik , kenapa tidak bisa ? muncul pesan dibawah"", ""min tolong cek dm ya . terima kasih"", ""selamat malam , tolong cek dm ya min , kiriman paket saya blm di kirim ."", ""ini min minta tolong di cek sudah sampe mana . masa sudah xxxnumberxxx minggu blm sampe . tolong banget min di update smp mana"", ""hai , selamat sore . saya baru saja membeli kartu sim simpati . dan udah coba registrasi , tapi ga ada respon . tolong bantuannya ."", ""selamat malam ingin bertanya cara mengenai pendaftaran produk di gojek gmn ya ?""]",False,10,1993,12,True,45,0.9960288,informal,1,0.7425159811973572,0.64127516746521,575.0581733164483,False,0.0
google/gemma-3-4b-it,formal,informal,hybrid_early,0.7,"oke , saya sudah kirim via dm .","udah aku dm ya min,",False,442,4200221,42,"[""selamat malam , tolong cek dm ya min , kiriman paket saya blm di kirim ."", ""baik min , sebentar lagi saya kirim lewat dm . terimakasih ."", ""sudah saya dm min , mohon di cek"", ""sudah saya dm . mohon di balas"", ""udah aku dm ya min , tolong responnya ."", ""mohon cek dm saya , terima kasih"", ""selamat sore , sudah sy dm ya min . jadi bagaimana ya ?"", ""selamat siang kak , mohon dicek saya mengirimkan dm . terimakasih"", ""min tolong cek dm ya . terima kasih"", ""min tolong cek dm ya . makasiih""]",False,10,1474,7,False,19,0.9975465,informal,1,0.7885087132453918,0.5688878297805786,20666.115107278943,True,0.0
google/gemma-3-4b-it,formal,informal,hybrid_early,0.7,dapat xxxnumberxxx gb hanya rp xxxnumberxxx dari .,"xxxnumberxxx gb dr rp xxxnumberxxx , lumayan lah.",False,444,4200222,42,"[""lumayan buat nonton youtube . terimakasih xxxuserxxx rp xxxnumberxxx dapat xxxnumberxxx gb ."", ""xxxnumberxxx hari xxxnumberxxx gb yutup , cuma berkurang xxxnumberxxx xxxnumberxxx mb , krn emang ga jalan , loading aja terus . emosi djiwa"", ""gaada lagi best deal yg xxxnumberxxx xxxnumberxxx gb / xxxnumberxxx hari yg harga nya xxxnumberxxx xxxnumberxxx rb kaya kmaren gitu ? hmm"", ""keluar update versi xxxnumberxxx . xxxnumberxxx kapan min ?"", ""min infonya klo upgrade simcard ke xxxnumberxxx g dapet bonus xxxnumberxxx . xxxnumberxxx gg selama xxxnumberxxx bulan . yaa"", ""besok ada surprise deal xxxnumberxxx xxxnumberxxx gb lagi gak ? saya mau beli"", ""pulsa saya terakhir xxxnumberxxx xxxnumberxxx xxxnumberxxx xxxnumberxxx xxxnumberxxx an , terus isi ulang xxxnumberxxx . kenapa skrg jumlahnya hanya xxxnumberxxx ya ? nomer xxxnumberxxx"", ""jam xxxnumberxxx atau jam xxxnumberxxx masih ada gak tuh min ?"", ""keuntungan xxxnumberxxx nya kok ga bisa ya min ?"", ""gak ada balasan sampai sekarang . apa karena cuma terpotong xxxnumberxxx xxxnumberxxx ribu aja ?""]",False,10,2062,15,True,49,0.9766639,informal,1,0.9048730731010437,0.745928943157196,2800.8035798621027,True,0.0
google/gemma-3-4b-it,formal,informal,hybrid_early,0.7,daftarkan paket yellow lambat sekali sampai xxxnumberxxx kali daftar . biasanya bisa . tapi ini terdaftar dua kali . bagaimana ini ?,"udah xxxnumberxxx hari , paket yellownya lama banget sampai daftar dua kali ini . gimana ya ini ?",False,446,4200223,42,"[""halo . dari xxxnumberxxx hari lalu saya mau bayar cc via mbanking tapi selalu keluar popup seperti ini kenapa ya ?"", ""saya mau tanya , ini saya mau beli paket yellow kenapa sama xxxnumberxxx tidak direspon / tidak dibalas"", ""ini kenapa lagi ya mau perpanjang internet ga bisa ? xxxnumberxxx juga ga bisa ?"", ""sudah xxxnumberxxx hari , status belum juga berubah nih min . tadi udah telfon qc katanya cuma suruh nunggu"", ""sore min , ini ada keluhan nomer saya pulsa kesedot terus , padahal tidak berlangganan paket apapun . tolong di cek min + xxxnumberxxx xxxnumberxxx - xxxnumberxxx - xxxnumberxxx"", ""sudah hampir xxxnumberxxx hari paket belum rilis ? ada apa ?"", ""mengapa saya gagal beli paket flash sale ? maaf , kamu belum dapat melakukan registrasi paket ini . dapatkan penawaran terbaik di * xxxnumberxxx atau akses myim3"", ""saya beli voucher fisik indosat xxxnumberxxx gb unlimited , tapi gagal terus kenapa ya ?"", ""gimana cara pengambilan paket datanya min xxxuserxxx ? sudah cek my telkomsel dan * xxxnumberxxx gak tersediaa ."", ""halo . paket saya dengan no resi xxxnumberxxx tidak ada pergerakan dari kemarin . tolong konfirmasi nya""]",False,10,2229,22,True,97,0.997157,informal,1,0.8635695576667786,0.7552646994590759,2151.843879300733,True,0.0
google/gemma-3-4b-it,formal,informal,hybrid_early,0.7,"apakah kecepatannya hanya seperti ini di jaringan penuh xxxnumberxxx g , wahai penyedia layanan terbesar di indonesia ? mohon penjelasan logisnya .","min, jaringan xxxnumberxxx g di sini ngecepetan banget, wahai provider tergede di indo, tolong jelasin dong logikanya?",False,448,4200224,42,"[""ini masih gangguan sinyal xxxnumberxxx g ga bisa aktif datanya ?"", ""ini kenapa lagi ya mau perpanjang internet ga bisa ? xxxnumberxxx juga ga bisa ?"", ""sinyal ku xxxnumberxxx g full tp knp buka google aja lemot apalagi yg lain ha || terpaksa ganti provid , tolong dong"", ""tolong dong xxxuserxxx dari kmaren sore jaringan nya full tapi nggak nyambung ke internet padahal kuota dah lumayan banyak"", ""sudah off , jaringannya jga udh xxxnumberxxx g / xxxnumberxxx g . tetep ga bisa"", ""udah xxxnumberxxx menit stuck gini terus , padahal koneksi internet saya normal . tolong di bantu"", ""min di daerah kab . bandung sinyal xxxnumberxxx g hilang walaupun saya restart tetap hilang , mohon pengertiannya min"", ""min , jaringan xxxnumberxxx g dilokasi ini error . tolong dibantu cek dong . tks before"", ""saya mau tanya , apa nomor rekening yan sudah tidak di tambah saldo selama xxxnumberxxx tahun masih aktif / di gunakan"", ""min , yg paket internet malam hingga pukul xxxnumberxxx pagi itu yg jadi patokan xxxnumberxxx pagi wib atau xxxnumberxxx pagi waktu lokal user ?""]",False,10,2163,33,True,118,0.9965077,informal,1,0.7048771977424622,0.7460748553276062,303.0478011145914,False,0.0
google/gemma-3-4b-it,formal,informal,hybrid_early,0.7,seberapa kamu ? besok aku mau nembak kamu . terus ? aku nangisnya sekarang .,"""seberapa kamu ? besok gue mau nikah : terus ? gue nangisnya sekarang.""",False,450,4200225,42,"["": seberapa kamu ? 🧑 : besok dia mau nembak gue : terus ? 🧑 : gue terima cintanya sekarang"", "": seberapa kamu ? : gw besok mau nikah : terus ? : malam pertama nya sekarang"", ""mau nangis kesel banget paket yellow susah banget diaktifin tolong min gabisa bljr w"", ""ini apa mksdnya statusnya d hold ? goblok banget sih dtgguin dari pagi"", ""pulsa hilang terus , lalu jaringan cenat cenut kaya bisul mau pecah . lagi neken biaya produksi ya ? saya bayar loh , tapi setiap hari dikerjain ."", ""ka monmaap , sebelum baper beneran mending cek dm dari aku dulu ."", ""nomer saya aja udah di dm dari tadi ga ditangani . gimana min ?"", ""ini kenapa daritadi mau pake voucher gabisa terus yaa ? udah di update juga padahal"", ""ada yg pernah dpt gk sih ikutan ini , perasaan gw cepet bgt tapi udh abis aja smua"", ""cek dm , kalo gak kita putus""]",False,10,1855,20,True,71,0.9778025,informal,1,0.8295005559921265,0.7711696028709412,307.01519445004294,False,0.0
google/gemma-3-4b-it,formal,informal,hybrid_early,0.7,"benar banget promonya sangat terasa , top grab !",grab promo nya beneran nendang banget dah!,False,452,4200226,42,"[""kenapa ya kode promo saya grabwae tidak bisa digunakan ? padahal sejak tgl xxxdatexxx ini saya belum pernah sekalipun pakai kode promo tersebut"", ""kemana - mana pake grab dan pas lagi ada promo lebih cepet dari"", ""halo saya top up grab ovo lewat atm barusan tapi kok belum masuk ya ?"", ""min ada promo engga untuk pertama order go massage ?"", ""min , minggu ini kok promo grab kaga ada sih . gw kaga bisa makan enak harga murah dong min . min , bantu dong wkwkwk ."", ""kalau aku ketika melihat diskon xxxpercentxxx grab langsung cuepeett"", ""grab ada kode promo utk grab send terbaru ga ? kok yg antarjkt eired ya"", ""min , udh xxxnumberxxx hari ini saya mau gofood kok gak dapet driver terus ? apa aplikasi gojek lagi error ?"", ""halo xxxuserxxx , aplikasi grab di iphone se saya kok jadi berat banget ya apalagi kalau pesan grabfood suka ngehang ."", ""grab paket hemat saya billingnya itu tgl xxxnumberxxx juli xxxnumberxxx sekarang aja udh agustus kok subscribe nya masih aktif ya ?""]",False,10,1982,13,True,42,0.9982838,informal,1,0.774224042892456,0.8464711904525757,842.6701526902086,False,0.0
google/gemma-3-4b-it,formal,informal,hybrid_early,0.7,sudah habis vouchernya bagaimana dong ?,“udah habis vouchernya gimana dong?”,False,454,4200227,42,"[""ini kenapa abis bayar pascabayar jadi gaada kuotanya ya ?"", ""halo min , cara cek riwayat pengisian pulsa gimana ya ?"", ""ini kenapa daritadi mau pake voucher gabisa terus yaa ? udah di update juga padahal"", ""ini di umumin yg dapet vouchernya kapan ya ?"", ""baiklah , terimakasih . tapi saya kan tidak sedang berlangganan apa - apa tapi kenapa pulsa saya kesedot ya min ? kira - kira bagaimana ya mengeceknya ? sebelumnya tidak pernah"", ""kak gimana nih saya daftar paket yellow gak bisa bisa"", ""min saran shopeepay later bisa juga dong buat beli pulsa , paket data , dan listrik wkwk"", ""saya beli voucher fisik indosat xxxnumberxxx gb unlimited , tapi gagal terus kenapa ya ?"", ""iya kak terimakasih . tapi tadi sudah datang ke galeri indosatnya langsung . sudah normal lagi"", ""halo saya top up grab ovo lewat atm barusan tapi kok belum masuk ya ?""]",False,10,1838,9,True,36,0.9970805,informal,1,0.8718127608299255,0.8276021480560303,365.377606925577,False,0.0
google/gemma-3-4b-it,formal,informal,hybrid_early,0.7,saya lupa id klik bca saya . bagaimana cara mengetahuinya ? untuk pin saya masih ingat .,"“min, saya lupa id klik bca saya. bagaimana cara mengetahuinya? untuk pin saya masih ingat.”",True,456,4200228,42,"[""kartu sim card xl saya sudah hilang dan saya ingin mengaktifasi nomor xl saya apakah bisa ? caranya bagaimana ?"", ""hanya alamat yang berubah . jadi harus ke cabang bca terdekat untuk ganti kartu atm ya . apakah ada biaya tambahan ?"", ""tetap tidak bisa min , nomor kartu kredit yg saya masukan sdh benar . tetapi tetap tidak bisa klik tombol continue . saya udah ulang berkali2 ."", ""hai admin , sy baru saja update apl bri mobile . saat may login internet banking knp muncul aktivasi ya ? bisa dibantu ?"", ""halo min , cara cek riwayat pengisian pulsa gimana ya ?"", ""lupa pin gimana resetnya ? telpon cs ?"", ""min kalau mau buat nomer kartu halo baru yang xxxnumberxxx itu bagaimana prosedur dan biayanya ?"", ""saya mau tanya , apa nomor rekening yan sudah tidak di tambah saldo selama xxxnumberxxx tahun masih aktif / di gunakan"", ""oh ya mandiri online , tolong min knp saat proses masuk baru tak dpt sms"", ""dear indosat , sy mau isi paketan , tetapi kenapa tidak bisa ya , sudah sejak jam xxxnumberxxx tadi , pulsa sdh masuk tapi tdk bisa aktip""]",False,10,2086,24,True,92,0.6478216,informal,1,0.9321107268333435,0.8952805995941162,48.43405815144532,False,0.0
google/gemma-3-4b-it,formal,informal,hybrid_early,0.7,jangan berikan kode ini kepada siapapun .,“jangan kasih ke org laen ya”,False,458,4200229,42,"[""lu gamau bagi bagi kode promo apa"", ""gue gapernah sms kenomor ini ya . kenapa terus terusan kepotong pulsa kaya gini !"", ""boikot aja indosat jika masih suka ngambil pulsa pelanggan"", ""ngak bisa bedain pertanyaan dgn komplain tolol . org idiot kok bisa di pake ama ini provider bangsat xl"", ""kenapa ya kode promo saya grabwae tidak bisa digunakan ? padahal sejak tgl xxxdatexxx ini saya belum pernah sekalipun pakai kode promo tersebut"", ""halo admin , ini kenapa saya selalu di telpon oleh cs ? dan disaat jam kerja ."", ""sampe kapan ini ? butuh internet banget"", ""aku terlihat happy sekali . makaci choro"", ""berulah lagi ? saya gk pernah klik macem² ini , pulsa tersedot banyak banget , hpnya cuma dipake buat nelp & sms"", ""sering² gini ya xxxuserxxx biar makin sayang aku nya""]",False,10,1772,10,True,29,0.99720424,informal,1,0.4242294430732727,0.6490653157234192,269.59233658969094,False,0.0
google/gemma-3-4b-it,formal,informal,hybrid_early,0.7,"sm20 . xxxnumberxxx sukses . sn / ref : xxxnumberxxx . saldo xxxnumberxxx , xxxnumberxxx - xxxnumberxxx = xxxnumberxxx , xxxnumberxxx . xxxuserxxx / xxxnumberxxx xxxtimexxx . bantu cek bos , belum masuk menurut customer .","sm20 . saldo saya xxxnumberxxx , xxxnumberxxx - xxxnumberxxx = xxxnumberxxx , xxxnumberxxx . xxxuserxxx / xxxnumberxxx xxxtimexxx . bantu cek bos , belum masuk menurut customer.",False,460,4200230,42,"[""pulsa saya terakhir xxxnumberxxx xxxnumberxxx xxxnumberxxx xxxnumberxxx xxxnumberxxx an , terus isi ulang xxxnumberxxx . kenapa skrg jumlahnya hanya xxxnumberxxx ya ? nomer xxxnumberxxx"", ""sudah xxxnumberxxx x24 jam transaksi pengisian pulsa pd tgl xxxnumberxxx agustus xxxnumberxxx pkl xxxnumberxxx ko blm masuk jg ya min ?"", ""pulsa sya brkurang xxxnumberxxx pdhl ga di pake , mau beli paket jdi kurang gmn ini xxxnumberxxx"", ""min , yg paket internet malam hingga pukul xxxnumberxxx pagi itu yg jadi patokan xxxnumberxxx pagi wib atau xxxnumberxxx pagi waktu lokal user ?"", ""sudah off , jaringannya jga udh xxxnumberxxx g / xxxnumberxxx g . tetep ga bisa"", ""ini xxxuserxxx kenapa ya udah xxxnumberxxx x top up ga masuk2 saldonya ?"", ""gak ada balasan sampai sekarang . apa karena cuma terpotong xxxnumberxxx xxxnumberxxx ribu aja ?"", ""min kalo mau transfer pulsa ke telkomsel bisa ga cuma xxxnumberxxx ribu gitu"", ""xxxnumberxxx , xxxemailxxx , dan karena lupa password"", ""pagi admin , paket saya dari shopee dengan kode xxxnumberxxx xxxnumberxxx xxxnumberxxx xxxnumberxxx xxxnumberxxx xxxnumberxxx xxxnumberxxx xxxnumberxxx xxxnumberxxx xxxnumberxxx xxxnumberxxx r04b tidak kebaca nomor resinya , mohon dibantu ya . dari hari jumat masih ngendep di jne malang""]",False,10,2436,47,True,177,0.14151095,formal,0,0.920163631439209,0.8647246360778809,76.97579928272434,False,0.0
google/gemma-3-4b-it,formal,informal,hybrid_early,0.7,sudah beberapa bulan masih saja xxxuserxxx belum bisa aktivasi imessage .,“udah lama banget nih xxxuserxxx belum bisa aktif imessage.”,False,462,4200231,42,"[""ini masih gangguan sinyal xxxnumberxxx g ga bisa aktif datanya ?"", ""cek dm coba xxxuserxxx dari tadi komplen ngga ada respon , pulsa udah kepotong kena tarif per kb"", ""tolong dong xxxuserxxx dari kmaren sore jaringan nya full tapi nggak nyambung ke internet padahal kuota dah lumayan banyak"", ""dear indosat , sy mau isi paketan , tetapi kenapa tidak bisa ya , sudah sejak jam xxxnumberxxx tadi , pulsa sdh masuk tapi tdk bisa aktip"", ""saya beli voucher fisik indosat xxxnumberxxx gb unlimited , tapi gagal terus kenapa ya ?"", ""dear xxxuserxxx : paket yellow kok nggak bisa dipaketin yaa ?"", ""sudah hampir xxxnumberxxx hari paket belum rilis ? ada apa ?"", ""maaf min no saya tidak bisa dipakai internet , nelpon dll . mohon ditanggapi dm saya"", ""ini kenapa lagi ya mau perpanjang internet ga bisa ? xxxnumberxxx juga ga bisa ?"", ""satu lagi min , saya aktifin paket ig loop xxxnumberxxx gb xxxnumberxxx kali tp knp malah ga diakumulasi jumlahnya , pulsa udh kesedot xxxnumberxxx xxxnumberxxx rb""]",False,10,2020,15,True,60,0.98102367,informal,1,0.8822374939918518,0.7774588465690613,874.820119630661,False,0.0
google/gemma-3-4b-it,formal,informal,hybrid_early,0.7,"sama - sama , bapak rudi . semoga berkenan dengan informasi yang kami sampaikan . terima kasih . ~ toby .","baik bapak rudi , semoga berkenan ya sama infonya . makasih . ~ toby",False,464,4200232,42,"[""oh okey terimakasih banyak info nya"", ""baik min , sebentar lagi saya kirim lewat dm . terimakasih ."", ""hai , selamat sore . saya baru saja membeli kartu sim simpati . dan udah coba registrasi , tapi ga ada respon . tolong bantuannya ."", ""min tolong cek dm ya . terima kasih"", ""baik kak , ditunggu ya pick upnya . terima kasih atas perhatiannya ."", ""selamat sore , sudah sy dm ya min . jadi bagaimana ya ?"", ""baik , informasi apa saja yang harus saya berikan untuk konfirmasi"", ""selamat siang , mohon bantuannya untuk di follow up admin , karena saya butuh untuk segera dikirimkan , terima kasih"", ""min tolong cek dm ya . makasiih"", ""selamat malam , tolong cek dm ya min , kiriman paket saya blm di kirim .""]",False,10,1766,19,False,68,0.96680576,informal,1,0.8536720275878906,0.8505331873893738,1934.3752631757754,True,0.0
google/gemma-3-4b-it,formal,informal,hybrid_early,0.7,"hi admin . ingin bertanya , paket aku statusnya sedang dikirim . namun anehnya , di resi nama penerimanya tidak sesuai dengan yang aku tulis .","halo admin , paket aku statusnya di kirim , tapi di resi nama penerima gak sesuai , tolong di cek ya 🙏",False,466,4200233,42,"[""selamat malam , tolong cek dm ya min , kiriman paket saya blm di kirim ."", ""malam , mohon info paket saya sejak tanggal xxxnumberxxx tertahan dgn status itu . blm terkirim sampai sekarang , ada apa ya ?"", ""min , ini kenapa saya gak bisa sms ya ? saya mau konfirmasi pembelian paket gagal mulu sms nya drtd ."", ""malam , mau komplain . paket statusnya sudah sampai . tapi saya belum terima paket . mohon bantuannya . terima kasih ."", ""paket saya sampai mana ya ? resi xxxnumberxxx . thx"", ""malam , saya mau mengembalikan barang krn salah kirim . diinfo harus upload bukti pengirimannya . uploadnya dimana ya ? makasih"", ""saya mau tanya , ini saya mau beli paket yellow kenapa sama xxxnumberxxx tidak direspon / tidak dibalas"", ""hallo min selamat pagi , no resi jp xxxphonexxx diperkiran bakal diterima hari ini . tapi malah di disimpan kalau ada alamat yang salah tolong diinfo kan ."", ""halo . paket saya dengan no resi xxxnumberxxx tidak ada pergerakan dari kemarin . tolong konfirmasi nya"", ""oh begitu , tadi aku coba regristrasi ke xxxnumberxxx smsnya gagal terus kak , gimana yaa ?""]",False,10,2181,25,False,102,0.9973705,informal,1,0.8553868532180786,0.8637032508850098,142.16459039014794,False,0.0
google/gemma-3-4b-it,formal,informal,hybrid_early,0.7,"admin , mengapa saya tidak dapat daftar paket ?","min, kenapa saya gak bisa daftar paket sih?",False,468,4200234,42,"[""admin , ketika mau cek tagihan listrik , kenapa tidak bisa ? muncul pesan dibawah"", ""kak gimana nih saya daftar paket yellow gak bisa bisa"", ""ni paket napa gagal kirim min ?"", ""malam , mohon info paket saya sejak tanggal xxxnumberxxx tertahan dgn status itu . blm terkirim sampai sekarang , ada apa ya ?"", ""malam , mau komplain . paket statusnya sudah sampai . tapi saya belum terima paket . mohon bantuannya . terima kasih ."", ""min , ini kenapa saya gak bisa sms ya ? saya mau konfirmasi pembelian paket gagal mulu sms nya drtd ."", ""kenapa ya kode promo saya grabwae tidak bisa digunakan ? padahal sejak tgl xxxdatexxx ini saya belum pernah sekalipun pakai kode promo tersebut"", ""saya kirim uang , kenapa tidak masuk ? padahal status berhasil dan saldo sya terpotong"", ""pagi min , ini saya top up pulsa ko gagal terus ya . itu kenapa ya min ?"", ""jb xxxphonexxx , sudah seminggu paket ngga nyampe , padahal masih dalam jakarta , ini malah dikirm ke surabaya buat apa coba ? jnt sistemnya gimana sih ?""]",False,10,2003,11,True,43,0.99659914,informal,1,0.8539801836013794,0.9097015857696533,1076.3268019684706,True,0.0
google/gemma-3-4b-it,formal,informal,hybrid_early,0.7,"masukan dari saya . kalau bisa , perusahaan kurir diberi penilaian juga di aplikasi . jadi bisa terlihat performa perusahaan kurir tersebut .","""min , tolong dong . pengennya ada penilaian buat kurir di aplikasi . biar keliatan performanya tuh . makasih.""",False,470,4200235,42,"[""mas , mbak , respon mention saya dong . lambat banget deh pelayanannya ."", ""admin grab yang baik hati , saya minta tolong cek dm ya . terima kasih ."", ""kalau gitu juga saya juga tau . saya kan nanya apa ada kemungkinan menghubungi kurir . alamat tujuan pengiriman jelas . status diantar kurir . masa sehari . yaudalah ."", ""min , tolong bantuannya . gojek instant nelponin saya terus nanya supaya diselesaikan transaksinya . biasanya otomatis kan ?"", ""halo min , saya mau mengnonaktifkan akun gojek saya mohon dicek dmnya . sedih nih udah dari kemarin nge - mention ga di respon"", ""sudah saya proses lewat email juga , tolong di percepat saja melalui emailnya . thx ."", ""malam , mau komplain . paket statusnya sudah sampai . tapi saya belum terima paket . mohon bantuannya . terima kasih ."", ""ini min minta tolong di cek sudah sampe mana . masa sudah xxxnumberxxx minggu blm sampe . tolong banget min di update smp mana"", ""min tolong cek dm ya . terima kasih"", ""selamat siang min , saya minta bantuan untuk tracking paket . detail telah saya kirim via dm . terimakasih""]",False,10,2164,29,True,111,0.9972511,informal,1,0.7486943006515503,0.6572153568267822,99.65622685704011,False,0.0
google/gemma-3-4b-it,formal,informal,hybrid_early,0.7,itu kelamaan tidak diantar . tidak di update juga sudah datang . disimpan dalam gudang jne hingga dimakan tikus xxxnumberxxx bungkus . bagaimana itu ?,itu lama banget gak dianter. gak ada update juga udah datengnya. udah nyimpen di gudang jne sampe jadi dimakan tikus xxxnumberxxx bungkus. gimana tuh?,False,472,4200236,42,"["". ada apa dengan kurir pos . sampai saat ini belum juga update ongkir nya . padahal sudah dari tgl . xxxdatexxx sudah berlaku tarif baru ."", ""cek resi ini min , delivery kurir dari jam xxxnumberxxx td belum dateng2 xxxnumberxxx xxxnumberxxx"", ""min , udh xxxnumberxxx hari ini saya mau gofood kok gak dapet driver terus ? apa aplikasi gojek lagi error ?"", ""ini min minta tolong di cek sudah sampe mana . masa sudah xxxnumberxxx minggu blm sampe . tolong banget min di update smp mana"", ""jp xxxphonexxx min tolong dong ini paket saya ga nyampe nyampe , padahal ngirim sesama jakarta bisa xxxnumberxxx harian ."", ""no . transaksi xxxnumberxxx barang belum dikirim melebihi batas kirim , dana belum masuk ke saldo bl saya ."", ""gak ada balasan sampai sekarang . apa karena cuma terpotong xxxnumberxxx xxxnumberxxx ribu aja ?"", ""tolong dong di proses . udah xxxnumberxxx hari gak ada perkembangan . duit gopay gue bln masuk masuk jg ."", ""lha gimana bos . urgen . telopon ke xxxnumberxxx nunggu lama bgt , giliran udh nyambung cs nanyanya panjang x lebar keburu habis pulsa masalah gak kelar ."", ""sore min , ini ada keluhan nomer saya pulsa kesedot terus , padahal tidak berlangganan paket apapun . tolong di cek min + xxxnumberxxx xxxnumberxxx - xxxnumberxxx - xxxnumberxxx""]",False,10,2372,41,True,150,0.99819845,informal,1,0.7782422304153442,0.9283703565597534,109.06386541654058,False,0.0
google/gemma-3-4b-it,formal,informal,hybrid_early,0.7,mohon respons dm dari saya . terima kasih .,"min mohon cek dm saya , ditunggu responnya , makasih",False,474,4200237,42,"[""mohon cek dm saya , terima kasih"", ""min tolong cek dm ya . terima kasih"", ""sudah saya dm . mohon di balas"", ""selamat siang kak , mohon dicek saya mengirimkan dm . terimakasih"", ""baik min , sebentar lagi saya kirim lewat dm . terimakasih ."", ""min mohon cek dm , ditunggu responnya , makasih"", ""min tolong cek dm ya . makasiih"", ""sudah saya dm min , mohon di cek"", ""udah aku dm ya min , tolong responnya ."", ""selamat siang min , saya minta bantuan untuk tracking paket . detail telah saya kirim via dm . terimakasih""]",False,10,1512,15,False,52,0.9984699,informal,1,0.8311704993247986,0.7262025475502014,246.1897455404812,False,0.0
google/gemma-3-4b-it,formal,informal,hybrid_early,0.7,"oleh sebab itu , kalau kartunya telkomsel jangan beli pulsa xl , jadi tidak masuk , kak .","""jadi kenapa ya, beli kartu telkomsel terus beli pulsa xl, jadi nggak masuk, kak?""",False,476,4200238,42,"[""saya beli voucher fisik indosat xxxnumberxxx gb unlimited , tapi gagal terus kenapa ya ?"", ""ini kenapa abis bayar pascabayar jadi gaada kuotanya ya ?"", ""dear indosat , sy mau isi paketan , tetapi kenapa tidak bisa ya , sudah sejak jam xxxnumberxxx tadi , pulsa sdh masuk tapi tdk bisa aktip"", ""ini kenapa lagi ya mau perpanjang internet ga bisa ? xxxnumberxxx juga ga bisa ?"", ""sy pindah kartu simpati lama ke xxxnumberxxx g . katanya ada bonus kuota internet , tp kok sy ga dapet . mhon penjelasannya !"", ""telat bayar wifi pas mau bayar jadi xxxnumberxxx ribu"", ""min kalo mau transfer pulsa ke telkomsel bisa ga cuma xxxnumberxxx ribu gitu"", ""tolong bantu , kenapa nomor simpati saya tidak bisa menerima sms dari nomor tri , padahal ditelpon bisa ."", ""sore min , ini ada keluhan nomer saya pulsa kesedot terus , padahal tidak berlangganan paket apapun . tolong di cek min + xxxnumberxxx xxxnumberxxx - xxxnumberxxx - xxxnumberxxx"", ""selamat malam xxxuserxxx mau tanya , kenapa bonus kuota aplikasi nya gak bisa di pake ? malah kesedot terus kuota utama nya . terimakasih""]",False,10,2116,22,True,82,0.96327466,informal,1,0.8416674137115479,0.8555163145065308,128.81189191875168,False,0.0
google/gemma-3-4b-it,formal,informal,hybrid_early,0.7,"mana dana , balasan email dan dm - nya .","mana dana , balasan email sama dm nya dong",False,478,4200239,42,"[""saya kirim uang , kenapa tidak masuk ? padahal status berhasil dan saldo sya terpotong"", ""sudah saya dm min , mohon di cek"", ""mohon cek dm saya , terima kasih"", ""untuk no rek ponsel minimal nominal brp ya"", ""sudah saya dm . mohon di balas"", ""malam , saya mau mengembalikan barang krn salah kirim . diinfo harus upload bukti pengirimannya . uploadnya dimana ya ? makasih"", ""selamat malam , tolong cek dm ya min , kiriman paket saya blm di kirim ."", ""pengembalian saldo karena gagal penarikan membutuhkan waktu berapa lama ya ? saya sudah laporan xxxnumberxxx hari kerja sampai skr masih proses ditindak lanjuti terus"", ""saya mau tanya , apa nomor rekening yan sudah tidak di tambah saldo selama xxxnumberxxx tahun masih aktif / di gunakan"", ""udah min , tolong cek dm ya""]",False,10,1764,11,False,42,0.99832803,informal,1,0.8966269493103027,0.8419567346572876,8897.171473467002,True,0.0
google/gemma-3-4b-it,formal,informal,hybrid_early,0.7,sekelas jenius bisa terkena seperti ini juga .,"""kok bisa gini juga ke gopay jenius ya?""",False,480,4200240,42,"[""topup gopay ga masuk2 dari jenius , ini gimana ?"", ""biasanya cepet kok ini lama ya mas , apa lagi trouble sistemnya ?"", ""mohon info kenapa dengan koneksi bukalapak ?"", ""masih aktif min . ini dbs ya ."", ""lama sekali responnya , untuk masalah seperti ini saja ?"", ""iya kak terimakasih . tapi tadi sudah datang ke galeri indosatnya langsung . sudah normal lagi"", ""aneh bukalapak dari kemaren kemaren balas cuma bisa itu itu saja , niat bantu apa tidak"", ""ko ga ada sinyal ini yak"", ""kak indosat baru troble ato gmn ya ? kok kartu saya gk ada sinyal"", ""halo ini gimana gak bisa di dm . udah follow akunnya juga""]",False,10,1608,14,True,40,0.99804556,informal,1,0.5199892520904541,0.55951327085495,290.743791047563,False,0.0
google/gemma-3-4b-it,formal,informal,hybrid_early,0.7,"admin , kalau saya punya dua akun ovo karena ada dua nomor smartphone , bisakah memeriksa saldo ovo cukup di satu smartphone saja ?","“admin, kok bisa punya dua akun ovo ya, soalnya ada dua nomor hp. mohon dicek saldo ovo cuma di satu hp aja dong.”",False,482,4200241,42,"[""halo min saldo ovo ga muncul di grab , padahal nomor hp sudah sama . tolong cek dm ya min"", ""min top up di aplikasi ovo kok gabisa nyambung di ovonya grab si . padahal nomornya udah samaa )"", ""saya melakukan pembukaan tabungan lewat bca mobile namun saat tahap untuk video call dengan customer service , selalu tidak bisa"", ""kenapa pulsa saya yang dipotong internetnya bukan quota saya ? dua kali lagi duh"", ""saya kirim uang , kenapa tidak masuk ? padahal status berhasil dan saldo sya terpotong"", ""baiklah , terimakasih . tapi saya kan tidak sedang berlangganan apa - apa tapi kenapa pulsa saya kesedot ya min ? kira - kira bagaimana ya mengeceknya ? sebelumnya tidak pernah"", ""saya udh topup gopay , kenapaa saldo saya tidak bertambah ?"", ""untuk no rek ponsel minimal nominal brp ya"", ""saya mau ganti device bca mobile dari android ke ios gmn cara ?"", ""saya salah pilihan isi resi , harusnya otomatis dari sicepat tapi saya malah terlanjur bayar cash , nomor resinya bisa diedit nggak ya ?""]",False,10,2078,32,True,114,0.9736675,informal,1,0.8193227052688599,0.8660378456115723,99.44252221757958,False,0.0
google/gemma-3-4b-it,formal,informal,hybrid_early,0.7,"admin , tolong dm saya ditindaklanjuti .",min tolong dm saya ditindaklanjuti,False,484,4200242,42,"[""halo kak admin , saya dm , mohon dicek makasi"", ""mohon cek dm saya , terima kasih"", ""sudah saya dm . mohon di balas"", ""sudah saya dm min , mohon di cek"", ""min mohon cek dm , ditunggu responnya , makasih"", ""iya , admin tolong dibaca dm nya , makasih ^ ^"", ""selamat siang kak , mohon dicek saya mengirimkan dm . terimakasih"", ""haloo tolong respon dm saya ya"", ""min cek dm saya lagi yaa"", ""min tolong respon kelanjutan keluhan saya""]",False,10,1424,11,False,34,0.998211,informal,1,0.891889750957489,0.7317423820495605,665.3072133871915,False,0.0
google/gemma-3-4b-it,formal,informal,hybrid_early,0.7,saya juga begitu sudah di dm di tweet juga tapi tidak direspons .,"udah saya dm di tweet juga, belum direspon sih.",False,486,4200243,42,"[""halo min , saya mau mengnonaktifkan akun gojek saya mohon dicek dmnya . sedih nih udah dari kemarin nge - mention ga di respon"", ""yah min para si reply yg lain terus tp dm gua ga direspon"", ""sudah saya dm . mohon di balas"", ""nomer saya aja udah di dm dari tadi ga ditangani . gimana min ?"", ""sudah saya dm tapi kok blm dijawab ya ?"", ""disuruh dm soal keluhan , tapi enggak di respon"", ""sudah saya dm min , mohon di cek"", ""udah di coba tapi masih ngga bisa . cek dm"", ""min cek dm saya lagi yaa"", ""mana dm nya admin ? belum masuk k dm saya""]",False,10,1558,13,True,47,0.99704117,informal,1,0.8466751575469971,0.9252070188522339,1407.7933360319594,True,0.0
google/gemma-3-4b-it,formal,informal,hybrid_early,0.7,saya penumpang terpilih daerah semarang ? hehehe .,"min, saya penumpang semarang nih ya? hehehe.",False,488,4200244,42,"[""min agen mapan terpilih ada dimana aja ya ? saya mau beli paket voucher gojek nih"", ""maaf min mau nanya apakah bener ini nomor dari gojek ? + xxxnumberxxx"", ""min , udh xxxnumberxxx hari ini saya mau gofood kok gak dapet driver terus ? apa aplikasi gojek lagi error ?"", ""grab ada kode promo utk grab send terbaru ga ? kok yg antarjkt eired ya"", ""jp xxxphonexxx min tolong dong ini paket saya ga nyampe nyampe , padahal ngirim sesama jakarta bisa xxxnumberxxx harian ."", ""halo grab mo tanya dong , apakah bs driver dapet xxxnumberxxx order dr org berbeda dlm xxxnumberxxx waktu ?"", ""jb xxxphonexxx , sudah seminggu paket ngga nyampe , padahal masih dalam jakarta , ini malah dikirm ke surabaya buat apa coba ? jnt sistemnya gimana sih ?"", ""mohon info status delivery no resi jd xxxphonexxx tujuan medan , ya min . karena masih belum diterima . paket dikirim dari bandung , tanggal xxxdatexxx . thx"", ""ke grapari niat mau tuker sim ke xxxnumberxxx g . eh antriannya abis , pas pulang ditawarin nomor sama kang parkir . kumaha eta"", ""selamat hari minggu min kalo mau bayar tiket kereta dr go mobile , gimana ya ?""]",False,10,2114,12,True,44,0.9955029,informal,1,0.8205397129058838,0.7122483253479004,4198.964360592902,True,0.0
google/gemma-3-4b-it,formal,informal,hybrid_early,0.7,dimana jawaban dari dm picture bukti yang sudah saya kirim ?,"min , di mana jawaban dari dm picture bukti yg udah saya kirim?",False,490,4200245,42,"[""sudah saya dm min , mohon di cek"", ""malam , saya mau mengembalikan barang krn salah kirim . diinfo harus upload bukti pengirimannya . uploadnya dimana ya ? makasih"", ""selamat malam , tolong cek dm ya min , kiriman paket saya blm di kirim ."", ""baik , informasi apa saja yang harus saya berikan untuk konfirmasi"", ""udah min , tolong cek dm ya"", ""mohon cek dm saya , terima kasih"", ""sudah saya dm . mohon di balas"", ""min mohon cek dm , ditunggu responnya , makasih"", ""min cek dm saya lagi yaa"", ""halo min saldo ovo ga muncul di grab , padahal nomor hp sudah sama . tolong cek dm ya min""]",False,10,1598,15,True,63,0.99648994,informal,1,0.920107364654541,0.9551277756690979,2676.3227937999427,True,0.0
google/gemma-3-4b-it,formal,informal,hybrid_early,0.7,"oi , tidak ada tanggapan apa ini ?","""eh, gak ada balasan apa iniii?""",True,492,4200246,42,"[""dm terooss . gak ada respon lain yang bisa anda sampaikan ? selesaikan disini , penyelesaiannya mau seperti apa ?"", ""lama sekali responnya , untuk masalah seperti ini saja ?"", ""aneh bukalapak dari kemaren kemaren balas cuma bisa itu itu saja , niat bantu apa tidak"", ""disuruh dm soal keluhan , tapi enggak di respon"", ""ko ga ada sinyal ini yak"", ""halo ini gimana gak bisa di dm . udah follow akunnya juga"", ""kak tolong ini halodoc orderan saya ngga terkirim tapi di status tertulis terkirim"", ""sudah saya dm tapi kok blm dijawab ya ?"", ""haloo tolong respon dm saya ya"", ""min mohon cek dm , ditunggu responnya , makasih""]",False,10,1608,12,True,32,0.9898992,informal,1,0.5356020927429199,0.8100196123123169,206.98214668691244,False,0.0
google/gemma-3-4b-it,formal,informal,hybrid_early,0.7,saya lagi pesan grabfood terus aplikasinya sangat lambat dan saya tidak bisa menghubungi drivernya . bagaimana ini ?,"min , grabfoodnya lama banget terus drivernya gak bisa dihubungi . gimana ini ya?",True,494,4200247,42,"[""min , udh xxxnumberxxx hari ini saya mau gofood kok gak dapet driver terus ? apa aplikasi gojek lagi error ?"", ""min , tolong bantuannya . gojek instant nelponin saya terus nanya supaya diselesaikan transaksinya . biasanya otomatis kan ?"", ""halo xxxuserxxx , aplikasi grab di iphone se saya kok jadi berat banget ya apalagi kalau pesan grabfood suka ngehang ."", ""bisa jadi admin grabnya salah ketik ."", ""halo min , saya mau mengnonaktifkan akun gojek saya mohon dicek dmnya . sedih nih udah dari kemarin nge - mention ga di respon"", ""halo min saldo ovo ga muncul di grab , padahal nomor hp sudah sama . tolong cek dm ya min"", ""min maaf lagi gangguan apa gimana ? dari tadi ga konek internet terus"", ""akun sy disuspend gara2 saya cancel terus . padahal saya buru2 dan dapatnya driver ganjil terus di hari yang genap . mohon dm saya ya"", ""halo saya top up grab ovo lewat atm barusan tapi kok belum masuk ya ?"", ""grab paket hemat saya billingnya itu tgl xxxnumberxxx juli xxxnumberxxx sekarang aja udh agustus kok subscribe nya masih aktif ya ?""]",False,10,2112,21,True,81,0.9983127,informal,1,0.8598446846008301,0.7362008094787598,106.84855605930622,False,0.0
google/gemma-3-4b-it,formal,informal,hybrid_early,0.7,"admin , ini saat mau bayar mengapa tidak bisa ? tulisannya "" web temporary down . kembali juga tidak bisa . harus restart hp .","min, kenapa pas mau bayar gak bisa sih? tulisannya ""web sementara down"" juga gak bisa balik. harus restart hp.",False,496,4200248,42,"[""admin , ketika mau cek tagihan listrik , kenapa tidak bisa ? muncul pesan dibawah"", ""tetap tidak bisa min , nomor kartu kredit yg saya masukan sdh benar . tetapi tetap tidak bisa klik tombol continue . saya udah ulang berkali2 ."", ""min , ini kenapa saya gak bisa sms ya ? saya mau konfirmasi pembelian paket gagal mulu sms nya drtd ."", ""ini kenapa lagi ya mau perpanjang internet ga bisa ? xxxnumberxxx juga ga bisa ?"", ""normal apanya min , udah beberapa hari mati nyala terus . hari ini ga tau udah berapa kali , ga ngitung saking seringnya"", ""pagi min , ini saya top up pulsa ko gagal terus ya . itu kenapa ya min ?"", ""iya kak terimakasih . tapi tadi sudah datang ke galeri indosatnya langsung . sudah normal lagi"", ""min maaf lagi gangguan apa gimana ? dari tadi ga konek internet terus"", ""grab paket hemat saya billingnya itu tgl xxxnumberxxx juli xxxnumberxxx sekarang aja udh agustus kok subscribe nya masih aktif ya ?"", ""saya kirim uang , kenapa tidak masuk ? padahal status berhasil dan saldo sya terpotong""]",False,10,2095,27,True,110,0.9968631,informal,1,0.8737512826919556,0.8436922430992126,188.54873560441533,False,0.0
google/gemma-3-4b-it,formal,informal,hybrid_early,0.7,terima kasih sudah menindaklanjuti . saya sudah sering mengobrol tidak ada balasan .,"admin, tolong balas mention saya dong. udah beberapa kali ngobrol gak ada balasan. makasih.",False,498,4200249,42,"[""selamat malam , admin . saya ingin melaporkan penipuan online yang terjadi pada saya kemarin , bisa di proses tidak ya ? terima kasih atas perhatiannya ."", ""malam , mau komplain . paket statusnya sudah sampai . tapi saya belum terima paket . mohon bantuannya . terima kasih ."", ""admin grab yang baik hati , saya minta tolong cek dm ya . terima kasih ."", ""pagi juga min . thanks sdh respon , dirumah cm ada istri aja min . ga ada yg terima . tetangga juga ga ada yg namanya sandi ."", ""mas , mbak , respon mention saya dong . lambat banget deh pelayanannya ."", ""hai , selamat sore . saya baru saja membeli kartu sim simpati . dan udah coba registrasi , tapi ga ada respon . tolong bantuannya ."", ""min tolong cek dm ya . terima kasih"", ""selamat siang , mohon bantuannya untuk di follow up admin , karena saya butuh untuk segera dikirimkan , terima kasih"", ""baik min , sebentar lagi saya kirim lewat dm . terimakasih ."", ""tolong pulsa belum masuk . udah transfer juga . makasih .""]",False,10,2015,24,True,91,0.99615747,informal,1,0.7947530150413513,0.6298032999038696,61.187219230375185,False,0.0
