model_id,original_style,style_target,retrieval_method,alpha,original_message,paraphrased_message,is_human_eval,sample_index,sample_seed,run_seed,retrieved_exemplars,retrieval_fallback,n_exemplars,prompt_chars,output_tokens,eos_reached,output_chars,style_strength_calibrated,style_predicted,style_accuracy,content_preservation,content_preservation_LaBSE,fluency_ppl,ppl_degenerate,replication_rate_8
google/gemma-3-4b-it,informal,formal,hybrid_early,0.9,halo selamat malam mau konfirmasi bisa gak kita melakukan pembatalan pesanan tanpa power merchantnya harus dicabut . karena ini kebetulan saya ( konsumen ) yang mau membatalkan,"“halo , mau tanya bisa gak batalin pesanan tanpa power merchantnya dicabut ya admin? karena ini kebetulan saya yang mau batalin.”",False,1,4200000,42,"[""admin , kenapa saya tidak bisa sms ? saya mau konfirmasi pembelian paket selalu gagal smsnya dari tadi ."", ""selamat malam , mau tanya kalau proses pengembalian dana ( selisih ongkos kirim ) biasanya berapa lama ya admin ?"", ""kalau ajukan pembatalan dimana pesanan barang yang dibeli sudah dibayar dan bayarnya pakai kartu kredit , mekanisme pengembalian dananya bagaimana ?"", ""malam , saya mau komplain . paket statusnya sudah sampai , tetapi saya belum menerimanya . mohon bantuannya . terima kasih ."", ""tadi saya top up ke shopeepay , sudah berhasil , tapi kenapa di aplikasi tetap xxxnumberxxx ? tolong baca pesan saya . terimakasih ."", ""saya salah pilihan isi resi . harusnya otomatis dari si cepat , tapi saya sudah terlanjut bayar tunai . nomor resinya , apakah bisa dirubah ?"", ""malam , saya ingin mengembalikan barang karena salah kirim . saya diberi info kalau saya harus meng - upload bukti pengirimannya . upload - nya di mana ? terima kasih ."", ""kak , tadi coba mau beli pulsa telkomsel xxxnumberxxx xxxnumberxxx xxxnumberxxx k , tapi kenapa dibatalkan terus ? apa stoknya lagi kosong ?"", ""pengembalian saldo karena gagal penarikan membutuhkan waktu berapa lama ? saya sudah melaporkan xxxnumberxxx hari kerja sampai sekarang masih proses ditindaklanjuti terus ."", ""admin . kalau lupa akun shopee bagaimana ? aku daftar lagi tetapi tidak bisa shopeepay karena sudah terdaftar . jadi bagaimana ?""]",False,10,2538,32,True,129,0.05305538,informal,0,0.8653305768966675,0.7503098249435425,84.50727904413844,False,0.0
google/gemma-3-4b-it,informal,formal,hybrid_early,0.9,"min , tolong di menu favorite , agar barang bisa di filter seperti pada menu pencarian barang lainnya , bisa disortir harga , jasa pengiriman dll","admin , kalau mau di favorit , biar barangnya bisa di filter kayak di pencarian barang lain , bisa diurutin harga , jasa kirim gitu.",False,3,4200001,42,"[""kak , bagaimana cara upload produk unggulan . menunya di mana ? dari list produk , terus pilih menu apa ?"", ""kalau begitu juga saya juga tahu . saya tanya apa ada kemungkinan menghubungi kurir . alamat tujuan pengiriman jelas . status diantar kurir . masa sehari . ya sudah ."", ""selamat malam . tolong cek pesan admin , kirim paket saya belum dikirim ."", ""admin , kalau sudah melewati estimasi pengiriman , tapi barang belum sampai bagaimana ?"", ""admin , kenapa saya tidak bisa sms ? saya mau konfirmasi pembelian paket selalu gagal smsnya dari tadi ."", ""malam , saya ingin mengembalikan barang karena salah kirim . saya diberi info kalau saya harus meng - upload bukti pengirimannya . upload - nya di mana ? terima kasih ."", ""admin . ketika ingin mengecek tagihan listrik , mengapa tidak bisa ? muncul pesan di bawah ."", ""selamat malam , ingin bertanya , cara mengenai pendaftaran produk di gojek bagaimana ?"", ""tolong , pulsa belum masuk , padahal saya sudah transfer juga . terima kasih ."", ""saya salah pilihan isi resi . harusnya otomatis dari si cepat , tapi saya sudah terlanjut bayar tunai . nomor resinya , apakah bisa dirubah ?""]",False,10,2237,30,True,132,0.05571632,informal,0,0.8456220626831055,0.8191366195678711,143.88730373871235,False,0.0
google/gemma-3-4b-it,informal,formal,hybrid_early,0.9,pembelian paket internet malam kok ga bisa ya min ?,"min , paket internet malem kok gak bisa ya ?",False,5,4200002,42,"[""kak , bagaimana ini saya daftar paket yellow tidak bisa ."", ""mohon dibantu sinyal indosatnya , mengapa sangat lambat ? padahal baru daftar paket internet ."", ""kawan , bagaimana cara mengaktifkan paket internet ?"", ""kenapa setelah membayar pascabayar menjadi tidak ada kuotanya ?"", ""ini masih gangguan sinyal xxxnumberxxx g . tidak bisa aktif datanya ?"", ""kartu sim xl saya sudah hilang dan saya ingin mengaktifkan nomor xl saya . apakah bisa ? caranya bagaimana ?"", ""admin , mengapa indosat tidak bisa dipasang paket ?"", ""paket internet lokal , bagaimana kelanjutan jalan keluarnya ?"", ""telkomsel , mengapa sinyalnya hilang ?"", ""dear indosat , saya mau isi paket , tetapi mengapa tidak bisa ya ? sudah sejak jam xxxtimexxx tadi pulsa sudah masuk tetapi tidak bisa aktif .""]",False,10,1778,12,True,44,0.0015311365,informal,0,0.9234226942062378,0.8556391000747681,586.0714416162415,False,0.0
google/gemma-3-4b-it,informal,formal,hybrid_early,0.9,transaksi xxxnumberxxx . pembeli meminta kami untuk membatalkan transaksi ini . mohon bantuannya,"“Transaksi xxxnumberxxx. Pembeli sudah minta pembatalan, mohon bantuannya ya admin.”",False,7,4200003,42,"[""saya sangat kecewa dengan kejadian seperti ini . saya mohon tindak lanjutnya , karena saya sudah bayar dari jam xxxnumberxxx pagi tadi ."", ""admin , tolong dibantu periksa resi xxxnumberxxx , sudah xxxnumberxxx hari tidak ada pergerakan ."", ""nomor transaksi saya xxxnumberxxx . saya sudah tunggu xxxnumberxxx hari tapi dana tidak balik - balik . duitnya tidak sedikit . tanggung jawab . mengapa dana orang ditahan - tahan ?"", ""sudah xxxnumberxxx x24 jam transaksi pengisian pulsa pada tanggal xxxnumberxxx agustus xxxnumberxxx pukul xxxnumberxxx tetapi belum masuk juga ya admin ?"", ""minta pencerahannya . mengapa saldo tidak masuk ? xxxnumberxxx trip xxxnumberxxx . ada apakah ini ?"", ""cek resi ini admin . delivery kurir dari jam xxxnumberxxx tadi belum datang - datang . xxxnumberxxx xxxnumberxxx ."", ""transaksi xxxnumberxxx sudah diterima tanggal xxxnumberxxx jam xxxnumberxxx siang . harap segera diremit dananya ."", ""permisi admin bukalapak , mohon konfirmasi top up dana saya sebesar rp xxxnumberxxx . xxxnumberxxx . berikut bukti pembayaran . terima kasih ."", ""halo , pakey saya dengan nomor resi xxxnumberxxx tidak ada pergerakan dari kemarin . tolong konfirmasinya ."", ""admin , mohon dibalas . sudah xxxnumberxxx x24 jam mencoba , tidak masuk - masuk .""]",False,10,2313,23,True,84,0.6655016,formal,1,0.8696930408477783,0.801041305065155,157.37799035128006,False,0.0
google/gemma-3-4b-it,informal,formal,hybrid_early,0.9,enak ae . iku subscription ku yo . bayar bulanan . masalahnya yg gaada nasi . gimana cara makannya we . kalo sayur asem yg ada gpp ikhlas -_-,"“wah, subscribe aku tuh. bayar bulanan. tapi nggak ada nasi, gimana cara makannya sih. kalau sayur asem yang ada ya udah, iklan-_-”",False,9,4200004,42,"[""baca . aku lapar mau gofood . belum makan dari pagi . tolong ."", ""ada masalah apa dengan grabfood ? di semarang , dari pagi pesanan tidak ada yang menempel . semua sibuk . ganti restoran pun sama ."", ""barusan bu , di rumah . aku tidak enak badan , jadi menggunakan go - food ."", ""menyerbu tempat makan kalau sedang lapar ."", "": seberapa kamu ? 🧑 : saya tidak suka membuang makanan : terus ? 🧑 : jadi kalau makan kuaci , saya makan sama kulitnya ."", ""biasanya ada penyesuaian harga dari warungnya , karena warungya tidak mau dipotong komisi grabfood ."", ""admin , mengapa minggu ini tidak ada promo grab ? saya tidak bisa makan enak harga murah , admin . admin , bantu , hahaha ."", ""mau makan , malah dikasih uang xxxuserxxx ."", ""bego hahaha . saya cek gojek lebih murah . kita coba lihat besok pagi . hahaha ."", ""sekarang mainnya begitukah ? pesimis dapat promonya lagi , kalau modelnya seperti itu . paling baru pakai ketika malam , karena untuk makan malam .""]",False,10,2056,35,True,131,0.014837664,informal,0,0.7879798412322998,0.720633327960968,160.79313389229833,False,0.0
google/gemma-3-4b-it,informal,formal,hybrid_early,0.9,"receiver tidak di rumah saat paket tiba , sprinter tsb ga ada konfirmasi ke receiver sama sekali . ga ada telepon . padahal sopnya begitu kan ? ( xxxnumberxxx )","admin , paketnya gak sampai di rumah , sprinter gak telepon juga , padahal seharusnya begitu kan ? ( xxxnumberxxx )",False,11,4200005,42,"[""jb xxxphonexxx , sudah seminggu paket tidak sampai , padahal masih dalam jakarta . malah dikirim ke surabaya untuk apa ? jnt sistemnya seperti apa ?"", ""mengapa paket saya tiba - tiba ada notifikasi paket sudah diterima a . n . yahya ? saya sendiri penerima bel terima paketnya dari tadi menunggu ."", ""admin , kenapa saya tidak bisa sms ? saya mau konfirmasi pembelian paket selalu gagal smsnya dari tadi ."", ""admin paketku di mana ? aku sudah menghubungi customer service bahwa pulsaku habis , jadi terputus . padahal , di track sudah sampai tujuan , tapi tidak saya terima jp xxxphonexxx"", ""tolong paket saya belum saya terima tapi pas dicek tracking kenapa sudah delivered ?"", ""tolong di cek untuk , awb : xxxnumberxxx . statusnya misroute itu artinya apa ? lalu untuk paket saya kapan sampainya ? terima kasih ."", ""nomor transaksi xxxnumberxxx . barang belum dikirim melebihi batas kirim , dana belum masuk ke saldo bl saya ."", ""iya . mau ditelepon juga tidak akan bisa . auto - cancel . tetapi kalau tembakan , saya agak ragu , karena jarak pengantarannya xxxnumberxxx ."", ""admin , saya isi gopay tadi pagi kenapa tidak masuk ? padahal sudah dapat sms konfirmasi dari bca ."", ""maaf admin , nomor saya tidak bisa dipakai internet , nelpon , dll . mohon ditanggapi dm saya .""]",False,10,2392,26,False,115,0.009090126,informal,0,0.7576701641082764,0.7555958032608032,489.7034346825923,False,0.0
google/gemma-3-4b-it,informal,formal,hybrid_early,0.9,"halo indosat lagi gangguan kah didaerah cileungsi , dari kemaren susah sinyal","Halo Indosat, kenapa ya sinyal di Cileungsi susah, dari kemarin?",True,13,4200006,42,"[""apakah indosat daerah medan mengalami gangguan admin ?"", ""kak , indosat baru saja trouble atau bagaimana ya ? mengapa kartu saya tidak ada sinyal ?"", ""dear indosat , saya mau isi paket , tetapi mengapa tidak bisa ya ? sudah sejak jam xxxtimexxx tadi pulsa sudah masuk tetapi tidak bisa aktif ."", ""tolong bantu , kenapa nomor simpati saya tidak bisa menerima sms dari nomor tri , padahal ditelepon bisa ."", ""halo xxxuserxxx . sedang ada masalah apakah ? mau membeli paket yellow kenapa dari tadi tidak bisa ?"", ""halo mas / mbak xxxuserxxx . ini nomor halo saya sudah xxxnumberxxx hari tidak bisa dipakai . rugi hanya bayar tagihan saja tapi tidak terpakai ."", ""barusan ada yang telepon saya dengan nomor ini . apakah ini benar dari halo bca ?"", ""malam , koneksi telkomsel semakin lama semakin buruk bukan membaik , sudah seminggu lebih seperti ini , jadi bagaimana solusi terbaik ?"", ""telkomsel , mengapa sinyalnya hilang ?"", ""mohon dibantu sinyal indosatnya , mengapa sangat lambat ? padahal baru daftar paket internet .""]",False,10,2053,19,True,64,0.07706086,informal,0,0.8928835391998291,0.713593602180481,78.99648535294897,False,0.0
google/gemma-3-4b-it,informal,formal,hybrid_early,0.9,"haloo , min mau tanya dong kenapa yaa setiap jam segini internet xxxnumberxxx g aku gabisa internetan padahal jaringanya bagus . boleh tolong bantuanya ?","“halo , admin . kenapa yaa setiap jam ini internet xxxnumberxxx aku susah , padahal jaringannya bagus . tolong bantuannya .”",True,15,4200007,42,"[""sore admin . ini ada keluhan nomor saya , pulsa terpotong terus . padahal tidak berlangganan paket apapun . tolong diperiksa min + xxxnumberxxx xxxnumberxxx - xxxnumberxxx - xxxnumberxxx ."", ""sudah xxxnumberxxx hari , status belum juga berubah admin . tadi sudah telepon qc katanya cuma disuruh menunggu ."", ""admin kalau mau membuat nomor kartu halo baru yang xxxnumberxxx itu bagaimana prosedur dan biayanya ?"", ""hi . selamat sore . saya baru saja membeli kartu sim simpati . sudah coba registrasi , tetapi tidak ada respon . tolong bantuannya ."", ""sinyal aku xxxnumberxxx g penuh tetapi mengapa buka google saja lambat , apalagi yang lain . terpaksa ganti operator seluler . tolong ."", ""mohon dibantu sinyal indosatnya , mengapa sangat lambat ? padahal baru daftar paket internet ."", ""sudah xxxnumberxxx menit tertahan bergini terus , padahal koneksi internet saya normal . tolong dibantu ."", ""telat bayar wifi saat mau bayar jadi xxxnumberxxx ribu ."", ""iya kak terima kasih . tetapi tadi sudah datang ke galeri indosatnya langsung . sudah normal kembali ."", ""dear indosat , saya mau isi paket , tetapi mengapa tidak bisa ya ? sudah sejak jam xxxtimexxx tadi pulsa sudah masuk tetapi tidak bisa aktif .""]",False,10,2313,30,True,124,0.88732696,formal,1,0.815874457359314,0.8288673162460327,143.30952883162027,False,0.0
google/gemma-3-4b-it,informal,formal,hybrid_early,0.9,aku udah jelaskan panjang lebar di dmnya doi,aku udah jelasin panjang bgt di dm doi,True,17,4200008,42,"[""mohon maaf . itu dm aku yang belum dibalas ."", ""sudah saya dm . mohon dibalas ."", ""balas chatnya mas crush . padahal dia balas berjam - jam kemudian ."", ""sudah aku dm ya min . tolong responnya ."", ""mana dm - nya admin ? belum masuk ke dm saya ."", ""bales dm kawan , dari pagi di - dm ."", ""cek dm dari saya admin ."", ""sudah jelas kak . terimakasih responsnya ."", ""halo , ini bagaimana tidak bisa di dm . sudah follow akunnya juga ."", ""iya mbak ini belum terupdate , sudah dm adminnya .""]",False,10,1483,11,False,38,0.001452883,informal,0,0.865024745464325,0.9060426354408264,2988.8288762822685,True,0.0
google/gemma-3-4b-it,informal,formal,hybrid_early,0.9,percuma ! itu² saja jawabannya . tidak membantu sama sekali !,"""gara-gara itu doang? nggak ada gunanya sama sekali!""",False,19,4200009,42,"[""iya , besok rencananya mau ke bank . menelepon pusat bantuan , tidak berguna . parah !"", ""semakin buruk . langganan paket saja tidak berguna , karena sinyalnya semakin hari semakin buruk ."", ""min , tolong bantuannya . go - jek instant menelepon saya , lalu bertanya agar diselesaikan transaksinya . bukannya biasanya otomatis ?"", ""normal apanya admin ? sudah beberapa hari mati nyala terus . hari ini tidak tahu sudah berapa kali , tidak menghitung saking seringnya ."", ""lama sekali responsnya untuk masalah seperti ini saja ."", ""sama seperti saya , pak . paket saya tidak saya terima . klaimnya tidak jelas kapan hasilnya . jangan tunggu ini menyebar !"", ""aneh , bukalapak dari kemarin - kemmarin balas cuma bisa itu - itu saja . niat membantu atau tidak ?"", ""sudah admin , tolong , beli token listrik lancar ."", ""oh , oke , terima kasih banyak infonya ."", ""begitu kak . apakah bisa diberi tahu ?""]",False,10,1914,16,True,53,0.014027626,informal,0,0.3474694490432739,0.6036831140518188,49.887072730124686,False,0.0
google/gemma-3-4b-it,informal,formal,hybrid_early,0.9,udah tak dm ya boleh di cek aja,udah aku dm ya min . tolong responnya .,False,21,4200010,42,"[""sudah admin , tolong cek dm ."", ""sudah saya dm . mohon dibalas ."", ""sudah saya dm admin , mohon dicek ."", ""sudah di dm dibaca saja tidak ."", ""admin , tolong cek dm ya . terima kasih ."", ""cek dm dari saya admin ."", ""sudah di coba tapi masih tidak bisa . cek dm ."", ""sudah saya dm tetapi kenapa belum dijawab ?"", ""mana dm - nya admin ? belum masuk ke dm saya ."", ""sudah aku dm ya min . tolong responnya .""]",False,10,1389,12,True,39,0.029569888,informal,0,0.5949325561523438,0.36647528409957886,1446.5490803079333,True,0.0
google/gemma-3-4b-it,informal,formal,hybrid_early,0.9,ketika ema nyuru beli belanjaan ke warung,"“pas ema nyuruh beli belanjaan ke warung, padahal udah jauh.”",False,23,4200011,42,"[""tadi ke bank xxxuserxxx . terus , tidak ada apa - apa . justru dipaksa buka tabungan anak sekolah ."", ""kemana - mana pakai grab dan saat sedang ada promo lebih cepat dari"", ""mau makan , malah dikasih uang xxxuserxxx ."", ""kalau aku : lagi otw pulang tapi ibu menelpon menyuruh pulang . padahal posisi masih jauh dari rumah ."", ""yang benar ? aku sudah ganti ponsel mahal untuk menuruti sinyal xl ini padahal ."", ""saya beli paket rp . xxxnumberxxx ribu tapi mengapa tidak masuk ? padahal pulsanya sudah terpotong ."", ""aku pelanggan yang pulsanya suka tiba - tiba hilang ."", ""berulah lagi ? saya tidak pernah klik macam - macam ini . pulsa tersedot banyak banget . hp - nya cuma dipake buat nelpon & sms ."", ""kalau kerja hanya menjadi buzzer seperti ini yang mau murah , malu dengan daerah yang tidak ada internetnya ."", ""promo grabfood semuanya terpental tidak bisa dipakai . sedih aku itu , xxxuserxxx . huhuhu .""]",False,10,1907,17,True,61,0.008082204,informal,0,0.8308929204940796,0.6979197859764099,258.4383004348633,False,0.0
google/gemma-3-4b-it,informal,formal,hybrid_early,0.9,kok tau ! kamu mata - matai aku ya !,apaan kamu tau?! mata - matai aku gituh?!,False,25,4200012,42,"[""kan akun kamu private , jadi mereka tidak bisa lihat ."", ""untuk apa nomorku , kutu busuk ! kamu tidak lihat konsumen - konsumen lain ada masalah yang sama . kontol jangan berlaga congek dan tuli , kamu goblok ."", ""hati - hati bang , di depan ada jurang . nanti jatuh kita terjun . sakit neng ."", ""mau kasih bapaknya bintang xxxnumberxxx tapi halaman ratingnya malah ke - close . gimana ?"", ""hati - hati yang cuka colok - colok atm ."", ""begitu kak . apakah bisa diberi tahu ?"", ""geser ke kiri ? kita di twitter kak , bukan instagram ."", ""pulpen ditaruh meja depan mata hilang diambil teman ."", ""apa yang dinilai ? kecepatan ngunyah ?"", ""apaan malah minta kamu yang dibalas .""]",False,10,1665,14,True,41,0.008199505,informal,0,0.8465746641159058,0.8129055500030518,1512.203167781144,True,0.0
google/gemma-3-4b-it,informal,formal,hybrid_early,0.9,hai indosat kenapa pulsa saya kesedot,"“indosat, pulsa saya habis mentok mendadak. tolong bantu!”",False,27,4200013,42,"[""telkomsel , mengapa sinyalnya hilang ?"", ""admin , mengapa indosat tidak bisa dipasang paket ?"", ""mohon dibantu sinyal indosatnya , mengapa sangat lambat ? padahal baru daftar paket internet ."", ""saya beli voucher fisik indosat xxxnumberxxx gb unlimited , tetapi kenapa selalu gagal ?"", ""kak , indosat baru saja trouble atau bagaimana ya ? mengapa kartu saya tidak ada sinyal ?"", ""kenapa setelah membayar pascabayar menjadi tidak ada kuotanya ?"", ""kartu sim xl saya sudah hilang dan saya ingin mengaktifkan nomor xl saya . apakah bisa ? caranya bagaimana ?"", ""aduh memang indosat bermasalah terus ini . mana pulsa terpakai tiba - tiba . ingin rasanya ganti provider saja ."", ""tolong bantu , kenapa nomor simpati saya tidak bisa menerima sms dari nomor tri , padahal ditelepon bisa ."", ""dear indosat , saya mau isi paket , tetapi mengapa tidak bisa ya ? sudah sejak jam xxxtimexxx tadi pulsa sudah masuk tetapi tidak bisa aktif .""]",False,10,1920,18,True,58,0.68465835,formal,1,0.6915283799171448,0.6120594143867493,69.78772439729609,False,0.0
google/gemma-3-4b-it,informal,formal,hybrid_early,0.9,tfr ke rek rdn dari jum ' at siang sampe sekarang belum masuk juga help,"admin, tfr ke rdn dari jumat siang sampe sekarang belum masuk juga ya bantu dong.",False,29,4200014,42,"[""siang admin , email saya belum ada balasan juga ."", ""bos , hari keberapa ini tidak kunjung masuk kuota saya ? saya sudah cukup sabar ya bos !"", ""mau bertanya nomor pesanan xxxnumberxxx kapan dikirimnya ? dari kemarin masih pengemasan belum berubah ."", ""admin , kalau sudah melewati estimasi pengiriman , tapi barang belum sampai bagaimana ?"", ""admin , saya isi gopay tadi pagi kenapa tidak masuk ? padahal sudah dapat sms konfirmasi dari bca ."", ""sudah admin , tolong cek dm ."", ""malam , saya ingin mengembalikan barang karena salah kirim . saya diberi info kalau saya harus meng - upload bukti pengirimannya . upload - nya di mana ? terima kasih ."", ""iya mbak ini belum terupdate , sudah dm adminnya ."", ""pembeli sudah konfirmasi dan pesanan selesai . kenapa dana tanggal xxxdatexxx baru dilepas ?"", ""admin , tolong cek dm ya . terima kasih .""]",False,10,1870,22,True,81,0.0035287347,informal,0,0.8515068292617798,0.8067964315414429,261.065085214399,False,0.0
google/gemma-3-4b-it,informal,formal,hybrid_early,0.9,"oh iyaa . pak eko , kalo xxxuserxxx gue pake modem andromax nya , lumayan kenceng internetan dan jaringan uda xxxnumberxxx g lte pula","""wah, pak eko, modem andromax gue lumayan kenceng internetan, jaringan juga udah xxxnumberxxx g lte pula.""",False,31,4200015,42,"[""ini masih gangguan sinyal xxxnumberxxx g . tidak bisa aktif datanya ?"", ""ini sinyalnya kenapa ya sekarang xxxuserxxx jelek sekali ."", ""xxxuserxxx sedang bermasalah . pantas tidak bisa - bisa dan saya harus ambil hotspot dari telepon genggam satunya yang pakai xxxuserxxx lancar jaya . terima kasih ."", ""sinyal aku xxxnumberxxx g penuh tetapi mengapa buka google saja lambat , apalagi yang lain . terpaksa ganti operator seluler . tolong ."", ""sudah non aktif , jaringannya juga sudah xxxnumberxxx g atau xxxnumberxxx g . tetap tidak bisa ."", ""kecepatannya saja menurun , sangat tidak stabil padahal tersambung xxxnumberxxx g + ."", ""ayo pantau timeline smartfren terus ya . jangan lupa follow xxxuserxxx juga kak . terima kasih sobat setia smartfren . via"", ""xxxuserxxx , koneksinya dari semalam sangat jelek !"", ""saya beli voucher fisik indosat xxxnumberxxx gb unlimited , tetapi kenapa selalu gagal ?"", ""dear indosat , saya mau isi paket , tetapi mengapa tidak bisa ya ? sudah sejak jam xxxtimexxx tadi pulsa sudah masuk tetapi tidak bisa aktif .""]",False,10,2135,29,True,106,0.014901562,informal,0,0.900090754032135,0.8584989309310913,392.6538849754555,False,0.0
google/gemma-3-4b-it,informal,formal,hybrid_early,0.9,"gojek sepersepuluh hidupku , makasih gojek telah membawaku keluar dari zona nyaman","“gojek udah jadi bagian hidupku , makasih gojek udah bawa aku keluar dari zona nyaman hahaha.”",False,33,4200016,42,"[""untungnya aku download aplikasi gojek hahaha , terima kasih ."", ""admin . sudah xxxnumberxxx hari saya mau gofood , kenapa tidak mendapat driver terus - menerus ? apakah aplikasi gojek sedang error ?"", ""admin gojek tersayang , tolong pengemudi gk - xxxnumberxxx ada di mana ?"", ""hai admin . mohon bantu untuk hapus akun gojek saya yang lama . terima kasih ."", ""masalah terselesaikan ! terima kasih gojek . terima kasih juga sudah di follow kembali ! gerak cepat sekali ."", ""halo grab , mau tanya . apakah bisa driver dapat xxxnumberxxx order dari orang berbeda dalam xxxnumberxxx waktu ?"", ""maaf admin , ingin bertanya apakah benar ini nomor dari gojek ? + xxxnumberxxx ."", ""sudah mendingan mbak sekarang . sudah banyak pengemudi ."", ""admin , mengapa minggu ini tidak ada promo grab ? saya tidak bisa makan enak harga murah , admin . admin , bantu , hahaha ."", ""menerobos macetnya ibu kota lebih cepat menggunakan grabbike .""]",False,10,1961,23,True,94,0.004168191,informal,0,0.8281656503677368,0.7438337802886963,38.60235937707431,False,0.0
google/gemma-3-4b-it,informal,formal,hybrid_early,0.9,tolong dong udah xxxnumberxxx xxxnumberxxx x kayagini . kenapa ya ?,"xxxnumberxxx , kok gini sih ?",False,35,4200017,42,"[""keluar update versi xxxnumberxxx . xxxnumberxxx kapan admin ?"", ""tolong hentikan sms xxxnumberxxx ke nomor saya xxxnumberxxx . mengurangi pulsa saya ."", ""pulsa saya terakhir , sekitar xxxnumberxxx . lalu isi ulang xxxnumberxxx . mengapa sekarang jumlahnya hanya xxxnumberxxx ? nomornya xxxnumberxxx ."", ""xxxnumberxxx , xxxemailxxx , dan karena lupa password ."", ""sangat tidak rela sekali xxxnumberxxx xxxnumberxxx xxxnumberxxx k saya tersedot begitu saja , tapi kuota tidak masuk - masuk oi ."", ""jam xxxnumberxxx atau jam xxxnumberxxx masih ada tidak admin ?"", ""hahaha , benar juga . xxxnumberxxx lebih banyak pilihannya ."", ""sudah xxxnumberxxx x24 jam transaksi pengisian pulsa pada tanggal xxxnumberxxx agustus xxxnumberxxx pukul xxxnumberxxx tetapi belum masuk juga ya admin ?"", ""transaksi xxxnumberxxx sudah diterima tanggal xxxnumberxxx jam xxxnumberxxx siang . harap segera diremit dananya ."", ""ada apa denganmu ? xxxnumberxxx g itu .""]",False,10,1963,10,True,29,0.007240725,informal,0,0.7860187292098999,0.6712648868560791,3169.1637477261534,True,0.0
google/gemma-3-4b-it,informal,formal,hybrid_early,0.9,ada di nomor xxxnumberxxx yuk kawan ikutan : xxxuserxxx xxxuserxxx xxxuserxxx done follow sosial media xxxuserxxx semoga beruntung,"halo xxxuserxxx , yuk ikutan di nomor xxxnumberxxx , semoga sukses xxxuserxxx xxxuserxxx xxxuserxxx !",False,37,4200018,42,"[""bismillah . jawaban : a . ayo ikutan xxxuserxxx xxxuserxxx xxxuserxxx ."", ""di bulan september ini semoga xxxuserxxx dan xxxuserxxx memberikan promo ."", ""satu lagi , admin . saya aktifkan paket ig loop xxxnumberxxx xxxnumberxxx gb xxxnumberxxx kali tapi kenapa malah tidak diakumulasi jumlahnya ? pulsa sudah terpakai xxxnumberxxx ribu ."", ""mau tanya xxxuserxxx , apa benar ovo sedang mengalami masalah ? saya top up via xxxuserxxx sore tadi sampai sekarang xxxnumberxxx belum masuk juga ."", ""pulsa saya terakhir , sekitar xxxnumberxxx . lalu isi ulang xxxnumberxxx . mengapa sekarang jumlahnya hanya xxxnumberxxx ? nomornya xxxnumberxxx ."", ""halo admin xxxuserxxx minta tolong cek pesan ."", ""keluar update versi xxxnumberxxx . xxxnumberxxx kapan admin ?"", ""jam xxxnumberxxx atau jam xxxnumberxxx masih ada tidak admin ?"", ""transaksi xxxnumberxxx sudah diterima tanggal xxxnumberxxx jam xxxnumberxxx siang . harap segera diremit dananya ."", ""halo xxxuserxxx , tolong balas dm saya .""]",False,10,2067,27,True,101,0.5887233,formal,1,0.9001201391220093,0.7906996011734009,191.3446937455316,False,0.0
google/gemma-3-4b-it,informal,formal,hybrid_early,0.9,min xxxuserxxx ini kenapa sinyalku daritadi g terus ya ? tolong min cuman bisa bergantung sm wifi nih heu,"min xxxuserxxx , kenapa sinyal aku dari tadi g terus ya ? tolong min, cuma bisa bergantung sm wifi nih, heu",False,39,4200019,42,"[""ini sinyalnya kenapa ya sekarang xxxuserxxx jelek sekali ."", ""tolong xxxuserxxx , dari kemarin sore jaringanya penuh tapi tidak terhubung ke internet . padahal kuota masih lumayan banyak ."", ""selamat malam xxxuserxxx mau tanya , kenapa bonus kuota aplikasinya tidak bisa dipakai ? malah tersedot terus kuota utamanya . terima kasih ."", ""hai xxxuserxxx xxxuserxxx , kenapa setelah di - update versinya jadi loading lama dan tidak bisa lihat apa - apa ? saya mau lihat status pesanan saya ."", ""xxxuserxxx sedang bermasalah . pantas tidak bisa - bisa dan saya harus ambil hotspot dari telepon genggam satunya yang pakai xxxuserxxx lancar jaya . terima kasih ."", ""tolong xxxuserxxx . kenapa jaringan hilang tidak jelas terus ?"", ""jam xxxnumberxxx lama sekali ! saya mau menghabiskan kuota malem xxxuserxxx ! apakah tidak bisa , kuota malamnya diganti jadi kuota siang ?"", ""ini masih gangguan sinyal xxxnumberxxx g . tidak bisa aktif datanya ?"", ""xxxuserxxx , koneksinya dari semalam sangat jelek !"", ""sinyal aku xxxnumberxxx g penuh tetapi mengapa buka google saja lambat , apalagi yang lain . terpaksa ganti operator seluler . tolong .""]",False,10,2193,28,False,107,0.0027683487,informal,0,0.9407845139503479,0.9426417350769043,1026.9686698966157,True,0.0
google/gemma-3-4b-it,informal,formal,hybrid_early,0.9,"dicoba nugget nya sosisnya , sapatau mau endorse","“makan nugget sosis aja nih , siapa tau mau di-endorse.”",False,41,4200020,42,"[""btw , saya habis makan es krim mochi rasa durian dan itu enak banget . kalau es krim rasa buah cempedak belum ada kan ?"", "": seberapa kamu ? 🧑 : saya tidak suka membuang makanan : terus ? 🧑 : jadi kalau makan kuaci , saya makan sama kulitnya ."", ""biasanya ada penyesuaian harga dari warungnya , karena warungya tidak mau dipotong komisi grabfood ."", ""baca . aku lapar mau gofood . belum makan dari pagi . tolong ."", ""ada masalah apa dengan grabfood ? di semarang , dari pagi pesanan tidak ada yang menempel . semua sibuk . ganti restoran pun sama ."", ""menyerbu tempat makan kalau sedang lapar ."", ""mau makan , malah dikasih uang xxxuserxxx ."", ""kak , bagaimana cara upload produk unggulan . menunya di mana ? dari list produk , terus pilih menu apa ?"", ""minta alamat lengkap kantornya dengan nomor teleponnya aja . lebih baik , saya ambil sendiri barangnya ke kantor kalian ."", ""ini lagi bercanda ? sampai hari ini masih seperti ini terus status pesanannya . jangan seperti ini .""]",False,10,1983,16,True,56,0.028895622,informal,0,0.8074824810028076,0.5940194725990295,326.7059701848363,False,0.0
google/gemma-3-4b-it,informal,formal,hybrid_early,0.9,"kalo mau request insta cash , telepon ke halo bca yak ? ada requirement kah ?","halo , mau tanya kalau mau minta insta cash , telepon ke halo bca ya ? ada requirement kah?",False,43,4200021,42,"[""selamat pagi , mau bertanya apakah ada tabungan di bank mandiri untuk milenial ?"", ""admin . kemana jika mau komplain saldo ads tidak bertambah ? bukti transfer ada , tetapi dari aplikasi tokopedia tidak dapat invoice xxxuserxxx ?"", ""tidak bisa update saldo e - money setelah top up di tokopedia itu bagaimana ? tolong aku , admin ."", ""halo , saya top up grab ovo lewat atm barusan , tapi kenapa belum masuk ?"", ""cara aktifkan pay later - nya bagaimana , admin ? saya mau pakai di tokopedia ."", ""saya melakukan pembukaan tabungan lewat bca mobile , namun saat tahap panggilan video dengan pelayanan pelanggan , selalu tidak bisa ."", ""barusan ada yang telepon saya dengan nomor ini . apakah ini benar dari halo bca ?"", ""saya mau tanya , apa nomor rekening yang sudah tidak ditambah saldo selama xxxnumberxxx tahun masih aktif / digunakan ?"", ""isi pulsa jam xxxnumberxxx siang . saldo dana sudah terpotong , namun mengapa pulsa belum masuk ?"", ""admin . untuk resi jp xxxphonexxx , estimasinya berapa hari sampai ?""]",False,10,2043,22,True,91,0.00793843,informal,0,0.9110409021377563,0.9220316410064697,792.5172646955166,False,0.0
google/gemma-3-4b-it,informal,formal,hybrid_early,0.9,bakaar terooss sampe abis tu duit,"“duit gue abis semua, parah banget.”",True,45,4200022,42,"[""sekarang dm mereka yang berkata kalau pulsa sudah dikembalikan dihapus oleh mereka . begitukah cara mencari uang sekarang ?"", ""mengapa daritadi mau menggunakan voucher , tapi tidak bisa terus ? padahal sudah diperbaharui juga ."", ""aku pernah gitu terpotong . namun , dia nanti balik kembali jika keadannya masih proses ."", ""bos , hari keberapa ini tidak kunjung masuk kuota saya ? saya sudah cukup sabar ya bos !"", ""sudah habis masa berlaku tantangannya ."", ""ini mengapa ? xxxuserxxx orang mau beli pulsa gara - gara ini jadi batal . ini sampai berapa lama ?"", ""periksa dm ! kalau tidak , kita putus ."", ""percuma , pulsa aku saja sisa xxxnumberxxx dan sedikit lagi berakhir ."", ""rio suruh dorong gerobak anjir hahaha ."", ""bagaimana ini ? seharian tidak bisa , pulsa terpotong terus .""]",False,10,1772,11,True,36,0.033923708,informal,0,0.5062512755393982,0.4278411269187927,177.07270340116062,False,0.0
google/gemma-3-4b-it,informal,formal,hybrid_early,0.9,iyah sudah tolong cek dm saya min,"sudah aku dm ya min, tolong responnya.",True,47,4200023,42,"[""sudah saya dm admin , mohon dicek ."", ""sudah admin , tolong cek dm ."", ""sudah saya dm . mohon dibalas ."", ""sudah aku dm ya min . tolong responnya ."", ""selamat sore , sudah saya dm ya , admin . jadi bagaimana ?"", ""admin , tolong cek dm ya . terima kasih ."", ""cek dm dari saya admin ."", ""admin tolong cek dm . terima kasih ."", ""halo kak admin . saya sudah dm . mohon di cek . terima kasih ."", ""sudah saya dm tetapi kenapa belum dijawab ?""]",False,10,1424,13,True,38,0.0054476005,informal,0,0.7960112690925598,0.5464918613433838,890.6169840425307,False,0.0
google/gemma-3-4b-it,informal,formal,hybrid_early,0.9,miinn paketan aku gabisa mulu mau sampe kapan ini mau ngerjain tugas jadi gabisaa,"admin, paketanku nggak bisa-bisanya. mau sampe kapan sih ini? mau ngerjain tugas jadi nggak bisaa.",False,49,4200024,42,"[""nangis admin . saya mau booking pesawat saja susah banget dari tadi . bagaiamana mau booking jika wa saja pending ."", ""aduh memang indosat bermasalah terus ini . mana pulsa terpakai tiba - tiba . ingin rasanya ganti provider saja ."", ""iya kak terima kasih . tetapi tadi sudah datang ke galeri indosatnya langsung . sudah normal kembali ."", ""admin , kenapa saya tidak bisa sms ? saya mau konfirmasi pembelian paket selalu gagal smsnya dari tadi ."", ""admin , tolong cek dm ! urgent banget , terima kasih ."", ""admin , ini kenapa pulsa tiba - tiba hilang ? paket internet masih banyak tapi pulsa terpakai terus . mohon tindak lanjutnya ."", ""mohon dibantu sinyal indosatnya , mengapa sangat lambat ? padahal baru daftar paket internet ."", ""ini paket mengapa gagal kirim admin ?"", ""mbaknya panik saat itu . mungkin buru - buru mau ke kantor ."", ""dari tadi selalu seperti ini . ini kenapa ya admin . aku kirim pesan admin juga tidak bisa .""]",False,10,1969,28,True,98,0.005779403,informal,0,0.6189277172088623,0.7447606325149536,89.8011850019713,False,0.0
google/gemma-3-4b-it,informal,formal,hybrid_early,0.9,"bukan saya mba , saya pengguna setia telkomsel . coba mba cek tweet temen saya","admin , kok bisa gitu ya? temen saya tweetnya gak keliatan nih.",False,51,4200025,42,"[""maaf admin , nomor saya tidak bisa dipakai internet , nelpon , dll . mohon ditanggapi dm saya ."", ""kak , indosat baru saja trouble atau bagaimana ya ? mengapa kartu saya tidak ada sinyal ?"", ""ini twitter yang error apa sinyal saya yang error ? saya ig , yt , wa bisa , tapi untuk twitter sama ml tidak bisa ."", ""tolong bantu , kenapa nomor simpati saya tidak bisa menerima sms dari nomor tri , padahal ditelepon bisa ."", ""telkomsel , mengapa sinyalnya hilang ?"", ""halo , ini bagaimana tidak bisa di dm . sudah follow akunnya juga ."", ""bagaimana ini admin parah , selalu membalas yang lain tetapi dm saya tidak direspons ."", ""admin , bagaimana cara menambah masa aktif kartu loop ?"", ""halo admin . saldo ovo tidak muncul di grab . padahal nomor hp sudah sama . tolong cek dm admin ."", ""oke sip admin , ini nomornya saya tidak hapal admin .""]",False,10,1872,17,True,63,0.002080222,informal,0,0.6051348447799683,0.3720613121986389,184.90460616609366,False,0.0
google/gemma-3-4b-it,informal,formal,hybrid_early,0.9,"chat aja ul , pilih di menu pusat bantuan","“chat ke ul, pilih di menu pusat bantuan ya.”",True,53,4200026,42,"[""ditunggu penyelesaian kasusnya . cek dm . terima kasih ."", ""mohon bantuan segera ya admin , saya tunggu ."", ""admin , apakah ada kontak telepon yang dapat dihubungi ?"", ""selamat malam , ingin bertanya , cara mengenai pendaftaran produk di gojek bagaimana ?"", ""sudah saya dm admin , mohon dicek ."", ""sudah admin , tolong cek dm ."", ""sudah ada di dm semua , lokasi dan nomor ."", ""detail data tambahan yang diminta sudah dikirimkan melalui dm . mohon untuk ditindaklanjuti ."", ""admin , tolong cek dm ya . terima kasih ."", ""sudah dibalas dmnya bos . terima kasih sudah direspons .""]",False,10,1572,13,True,45,0.5255072,formal,1,0.8157923817634583,0.8642981648445129,2438.5143698443176,True,0.0
google/gemma-3-4b-it,informal,formal,hybrid_early,0.9,lagi eror bukan ? kok mau cari barang ga bisa mulu,"admin, kok lama banget sih update pesennya? gak bisa liat barangnya.",False,55,4200027,42,"[""kenapa potong pulsa terus ? tidak kenapa - kenapa tiba - tiba pulsa habis . tahu - tahu dapat sms pulsa sos . kacau ."", ""ini paket mengapa gagal kirim admin ?"", ""ini apa maksudnya status di hold ? goblok banget . ditunggu dari pagi ."", ""bego hahaha . saya cek gojek lebih murah . kita coba lihat besok pagi . hahaha ."", ""admin , kenapa saya tidak bisa sms ? saya mau konfirmasi pembelian paket selalu gagal smsnya dari tadi ."", ""bagaimana ini ? seharian tidak bisa , pulsa terpotong terus ."", ""admin , ini kenapa pulsa tiba - tiba hilang ? paket internet masih banyak tapi pulsa terpakai terus . mohon tindak lanjutnya ."", ""normal apanya admin ? sudah beberapa hari mati nyala terus . hari ini tidak tahu sudah berapa kali , tidak menghitung saking seringnya ."", ""saya kirim uang , mengapa tidak masuk ? padahal status berhasil dan saldo saya terpotong ."", ""admin . ketika ingin mengecek tagihan listrik , mengapa tidak bisa ? muncul pesan di bawah .""]",False,10,1956,19,True,68,0.0049235336,informal,0,0.6059497594833374,0.39736098051071167,93.355751871702,False,0.0
google/gemma-3-4b-it,informal,formal,hybrid_early,0.9,fitur asuransi link aja ada di nomor xxxnumberxxx . kuy ramaikan .,ikon fitur asuransi linkaja di nomor xxxnumberxxx . kuy ramaikan.,True,57,4200028,42,"[""fitur asuransi linkaja ada di nomor xxxnumberxxx ."", ""ikon fitur asuransi linkaja di nomor xxxnumberxxx ."", ""ikon fitur asuransi linkaja di nomor xxxnumberxxx ."", ""ikon fitur asuransi linkaja di nomor xxxnumberxxx ."", ""penipu , sampai kapan tidak mau merespon keluhan saya ? xxxuserxxx lihat saja akan saya ramaikan terus ."", ""pulsa saya terakhir , sekitar xxxnumberxxx . lalu isi ulang xxxnumberxxx . mengapa sekarang jumlahnya hanya xxxnumberxxx ? nomornya xxxnumberxxx ."", ""asuransi link tersebut berada di posisi nomor xxxnumberxxx xxxuserxxx xxxuserxxx xxxuserxxx * xxxnumberxxx"", ""nomor transaksi saya xxxnumberxxx . saya sudah tunggu xxxnumberxxx hari tapi dana tidak balik - balik . duitnya tidak sedikit . tanggung jawab . mengapa dana orang ditahan - tahan ?"", ""kenapa sekarang potongan xxxnumberxxx ribunya ada batasan belanjanya . kemarin padahal tidak ada . padahal potongannya cuma xxxnumberxxx ribu ."", ""halo mas / mbak xxxuserxxx . ini nomor halo saya sudah xxxnumberxxx hari tidak bisa dipakai . rugi hanya bayar tagihan saja tapi tidak terpakai .""]",False,10,2086,17,True,65,0.7721429,formal,1,0.9366790056228638,0.8664804100990295,4603.750513435056,True,0.0
google/gemma-3-4b-it,informal,formal,hybrid_early,0.9,"kontak aja ke adminnya xxxuserxxx oom , mungkin bisa dibantu","halo xxxuserxxx , admin , tolong periksa dm .",False,59,4200029,42,"[""halo admin xxxuserxxx minta tolong cek pesan ."", ""admin . boleh minta informasi nomor puk untuk nomor xxxnumberxxx ?"", ""xxxnumberxxx admin , mohon dibantu update riwayat stt pengiriman ."", ""hi , kak odi . apabila anda memiliki pertanyaan mengenai pemesanan di lazada , bisa langsung ke akun xxxuserxxx ya , agar nanti dapat dibantu lebih lanjut ."", ""keluar update versi xxxnumberxxx . xxxnumberxxx kapan admin ?"", ""dm ku juga dilihat dong admin . sudah xxxnumberxxx jam yang lalu ."", ""hai xxxuserxxx . tolong periksa dm saya . terima kasih !"", ""halo xxxuserxxx , tolong balas dm saya ."", ""halo admin xxxuserxxx . tolong periksa dm ."", ""jam xxxnumberxxx atau jam xxxnumberxxx masih ada tidak admin ?""]",False,10,1714,14,True,45,0.9758296,formal,1,0.6003276109695435,0.6970977783203125,3985.4832714503304,True,0.0
google/gemma-3-4b-it,informal,formal,hybrid_early,0.9,yang terhormat indosat ini kenapa cek paketan isi voucher pakatan tidak bisa . tolong jawab . jangan jawab cuma hai hai hai kak terus,"“Kak, kok paketannya nggak bisa dicek sih? Tolong jawab dong, jangan cuma bilang 'hai kak'.""",False,61,4200030,42,"[""aduh memang indosat bermasalah terus ini . mana pulsa terpakai tiba - tiba . ingin rasanya ganti provider saja ."", ""kak , bagaimana ini saya daftar paket yellow tidak bisa ."", ""admin kalau mau membuat nomor kartu halo baru yang xxxnumberxxx itu bagaimana prosedur dan biayanya ?"", ""iya kak terima kasih . tetapi tadi sudah datang ke galeri indosatnya langsung . sudah normal kembali ."", ""hi . selamat sore . saya baru saja membeli kartu sim simpati . sudah coba registrasi , tetapi tidak ada respon . tolong bantuannya ."", ""saya pindah kartu simpati lama ke xxxnumberxxx g . katanya ada bonus kuota internet , namun mengapa saya tidak mendapatkannya ? mohon penjelasannya !"", ""sinyal indosat di tempat aku , lebih baik dibandingkan dengan sinyal provider merah . padahal sama - sama menggunakan menara bersama . terima kasih ."", ""baiklah , terima kasih . tapi saya tidak sedang berlangganan apa - apa . namun , mengapa pulsa terpotong min ? kira - kira , bagaimana cara memeriksanya ? sebelumnya tidak pernah ."", ""kartu sim xl saya sudah hilang dan saya ingin mengaktifkan nomor xl saya . apakah bisa ? caranya bagaimana ?"", ""halo xxxuserxxx . sedang ada masalah apakah ? mau membeli paket yellow kenapa dari tadi tidak bisa ?""]",False,10,2315,25,True,92,0.108424105,informal,0,0.5951728224754333,0.6435197591781616,63.83179564252987,False,0.0
google/gemma-3-4b-it,informal,formal,hybrid_early,0.9,"baik kak dewa , silakan cek dm kembali","admin , tolong cek dm kembali.",False,63,4200031,42,"[""sudah saya dm admin , mohon dicek ."", ""admin , tolong cek dm ya . terima kasih ."", ""sudah admin , tolong cek dm ."", ""cek dm dari saya admin ."", ""selamat sore , sudah saya dm ya , admin . jadi bagaimana ?"", ""halo , tolong cek dm . penting ."", ""admin tolong cek dm . terima kasih ."", ""halo admin , tolong periksa dm , terima kasih ."", ""sudah ada di dm semua , lokasi dan nomor ."", ""sudah saya dm . mohon dibalas .""]",False,10,1405,9,True,30,0.9421939,formal,1,0.7350761294364929,0.8058962821960449,1429.5940168660222,True,0.0
google/gemma-3-4b-it,informal,formal,hybrid_early,0.9,cobain aja pake xxxuserxxx di mbd wan,"cobain aja pake xxxuserxxx di mbd wan, sayang.",False,65,4200032,42,"[""xxxuserxxx , koneksinya dari semalam sangat jelek !"", ""bagaimana xxxuserxxx tolong ditindaklanjuti !"", ""sayang xxxuserxxx , saya mengikuti ini ya ."", ""seperti itu , xxxuserxxx pilih kasih ."", ""ini sinyalnya kenapa ya sekarang xxxuserxxx jelek sekali ."", ""halo admin xxxuserxxx minta tolong cek pesan ."", ""ini xxxuserxxx lambat sekali xxxnumberxxx g - nya ."", ""halo admin xxxuserxxx . tolong periksa dm ."", ""mau tanya xxxuserxxx , apa benar ovo sedang mengalami masalah ? saya top up via xxxuserxxx sore tadi sampai sekarang xxxnumberxxx belum masuk juga ."", ""admin xxxuserxxx untuk memberantas ini bagaimana ?""]",False,10,1602,15,True,46,0.010142076,informal,0,0.8809967637062073,0.8730180859565735,5199.001994291977,True,0.0
google/gemma-3-4b-it,informal,formal,hybrid_early,0.9,"mohon maaf atas kesalahan penyebutan nama ibu novi . untuk email ibu akan kami tindaklanjuti , mohon kesediaanya menunggu . tks ~ toby","baik admin , sebentar lagi saya kirim lewat dm . terima kasih .",False,67,4200033,42,"[""terima kasih untuk informasinya . sudah ditindaklanjuti melalui email oleh medya wulansari . terima kasih atas perhatiannya ."", ""sudah saya dm . mohon dibalas ."", ""selama siang admin . saya minta bantuan untuk lacak paket . detil telah saya kirim via dm . terima kasih ."", ""selamat siang kak . mohon diperiksa saya mengirimkan dm . terima kasih ."", ""baik kak , ditunggu ya pickup - nya . terima kasih atas perhatiannya ."", ""baik admin , sebentar lagi saya kirim lewat dm . terima kasih ."", ""admin , mohon periksa dm . ditunggu balasannya . terima kasih ."", ""halo xxxuserxxx , sudah dibalas kembali ya . dmnya isi penjelasan saya . mohon diperiksa kembali . terima kasih ."", ""selamat siang , mohon bantuannya untuk di follow up admin , karena saya butuh untuk segera dikirimkan , terima kasih ."", ""xxxnumberxxx admin , mohon dibantu update riwayat stt pengiriman .""]",False,10,1953,15,True,63,0.9715955,formal,1,0.6108387112617493,0.3907396197319031,794.7879214291123,False,1.0
google/gemma-3-4b-it,informal,formal,hybrid_early,0.9,opini yang mana ? memang rokok itu mengerikan dan membunuh . titik .,"“rokok tuh emang parah, bunuh banget. beneran.”",False,69,4200034,42,"[""berulah lagi ? saya tidak pernah klik macam - macam ini . pulsa tersedot banyak banget . hp - nya cuma dipake buat nelpon & sms ."", ""enak banget parah . kalau aku , jangankan mendapatkan kuota . yang ada justru sering ketarik pulsanya ."", ""bego hahaha . saya cek gojek lebih murah . kita coba lihat besok pagi . hahaha ."", ""sedih saja . shillin sudah kena udara itu bagaimana rasanya ?"", ""kalau kerja hanya menjadi buzzer seperti ini yang mau murah , malu dengan daerah yang tidak ada internetnya ."", ""kenapa pulsa saya yang dipotong internetnya , bukan kuota saya ? dua kali pula ."", ""baca . aku lapar mau gofood . belum makan dari pagi . tolong ."", ""masalahnya ngarak hanya ke gedung sebelah . tidak terasa hahahaha . kecuali araknya dari gor unair ke pens , baru terasa ."", ""ini apa maksudnya status di hold ? goblok banget . ditunggu dari pagi ."", ""pulsa hilang terus , lalu jaringan berdenyut seperti bisul mau pecah . lagi menekan biaya produksikah ? saya bayar , tapi setiap hari dikerjai .""]",False,10,2021,17,True,47,0.03025108,informal,0,0.660405158996582,0.6684538125991821,94.81802370098505,False,0.0
google/gemma-3-4b-it,informal,formal,hybrid_early,0.9,same power mau pesen go - clean kok ga ada ya ?,"kak, go clean nya kok gak ada ya?",True,71,4200035,42,"[""tolong paket saya belum saya terima tapi pas dicek tracking kenapa sudah delivered ?"", ""admin , kenapa saya tidak bisa sms ? saya mau konfirmasi pembelian paket selalu gagal smsnya dari tadi ."", ""kak , tolong ini halodoc pesanan saya tidak terkirim , tapi di status tertulis terkirim ."", ""mengapa sinyal ini jelek sekali ? sudah saya hidupkan ulang , masih saja lambat ."", ""ya kalau cancel bisa , maksudnya tidak bisa transaksi karena layarnya tidak bisa diapa - apakan ."", ""ini paket mengapa gagal kirim admin ?"", ""sudah di coba tapi masih tidak bisa . cek dm ."", ""kak kenapa paket saya dengan nomor resi tbs000020314169 muncul keterangan nomor resi tidak ditemukan ? mohon infonya . terima kasih ."", ""permisi admin , maaf malam minggu malah tanya . kalau mau ganti nomor rekening ponsel akun gojek driver bagaimana ? soalnya kartunya hilang ."", ""admin , top - up di aplikasi ovo kenapa tidak bisa tersambung di ovo - nya grab ? padahal nomornya sudah sama .""]",False,10,1962,11,True,33,0.0037194958,informal,0,0.7730617523193359,0.5760506391525269,1969.502010273285,True,0.0
google/gemma-3-4b-it,informal,formal,hybrid_early,0.9,"dari tadi susah nggak dapat driver , kenapa sih ? nyusahin ya nggak ada respon pula ditanya .","“dari tadi susah banget nggak dapat driver, kenapa sih? kesel tau nggak ada respon sama sekali pas ditanya.”",False,73,4200036,42,"[""admin . sudah xxxnumberxxx hari saya mau gofood , kenapa tidak mendapat driver terus - menerus ? apakah aplikasi gojek sedang error ?"", ""mas , mbak , respons mention saya dong . sangat lambat pelayanannya ."", ""saya pakai xl prioritas kenapa lambatnya minta ampun ? padahal dulu sangat cepat , apa lagi ada maintenance ?"", ""permisi admin , maaf malam minggu malah tanya . kalau mau ganti nomor rekening ponsel akun gojek driver bagaimana ? soalnya kartunya hilang ."", ""dari tadi selalu seperti ini . ini kenapa ya admin . aku kirim pesan admin juga tidak bisa ."", ""admin , kenapa saya tidak bisa sms ? saya mau konfirmasi pembelian paket selalu gagal smsnya dari tadi ."", ""tolong paket saya belum saya terima tapi pas dicek tracking kenapa sudah delivered ?"", ""admin , saya isi gopay tadi pagi kenapa tidak masuk ? padahal sudah dapat sms konfirmasi dari bca ."", ""kemana - mana pakai grab dan saat sedang ada promo lebih cepat dari"", ""mas , tolong sedikit lebih cepat ya . saya sudah lapar . siap mbak , ditunggu . sama nanti , tolong temani saya ya mas . rumahnya lagi sepi .""]",False,10,2124,24,True,108,0.009181293,informal,0,0.8489643335342407,0.8539422750473022,136.65982022554374,False,0.0
google/gemma-3-4b-it,informal,formal,hybrid_early,0.9,"malam , mohon infonya , apakah sedang ada gangguan di aplikasi mbanking bni ?","“halo admin , aplikasi mbanking bni lagi gangguan gak ya ?”",False,75,4200037,42,"[""bni corporate apakah gangguan ? saya coba buka tidak bisa terus ."", ""apakah sedang gangguan ? mengapa transaksi saya selalu gagal ."", ""halo admin , bagaimana kalau paket saya misroute ?"", ""kak , indosat baru saja trouble atau bagaimana ya ? mengapa kartu saya tidak ada sinyal ?"", ""sudah saya dm admin , mohon dicek ."", ""maaf admin , nomor saya tidak bisa dipakai internet , nelpon , dll . mohon ditanggapi dm saya ."", ""barusan ada yang telepon saya dengan nomor ini . apakah ini benar dari halo bca ?"", ""mohon info , kenapa dengan koneksi bukalapak ?"", ""hai jnt xxxuserxxx . mau tanya mengapa paket yang saya kirim masih begini saja . mohon pencerahannya ."", ""hai admin . saya baru saja memperbaharui aplikasi bri mobile . saat mau masuk ke internet banking , mengapa muncul aktivasi ? bisa tolong dibantu ?""]",False,10,1841,15,True,59,0.0022606903,informal,0,0.8221971988677979,0.6339318752288818,210.97474891191288,False,0.0
google/gemma-3-4b-it,informal,formal,hybrid_early,0.9,"min , mohon bantuannya . tolong cek dm saya , terima kasih","admin, tolong cek dm ya. terima kasih.",False,77,4200038,42,"[""selamat siang , mohon bantuannya untuk di follow up admin , karena saya butuh untuk segera dikirimkan , terima kasih ."", ""admin , tolong cek dm ya . terima kasih ."", ""admin tolong cek dm . terima kasih ."", ""mohon bantuan segera ya admin , saya tunggu ."", ""mohon periksa dm saya . terima kasih ."", ""admin grab yang baik hari . saya minta tolong untuk periksa dm ya . terima kasih ."", ""selamat siang kak . mohon diperiksa saya mengirimkan dm . terima kasih ."", ""sudah saya dm . mohon dibalas ."", ""halo kak admin . saya sudah dm . mohon di cek . terima kasih ."", ""halo admin , tolong periksa dm , terima kasih .""]",False,10,1622,12,True,38,0.3809334,informal,0,0.831138014793396,0.7393286228179932,132.38256284930148,False,0.0
google/gemma-3-4b-it,informal,formal,hybrid_early,0.9,"berkat dana xxxuserxxx dong , beli pulsa total xxxnumberxxx bayarnya cukup xxxnumberxxx . pulsa xxxnumberxxx langsung aku pake buat beli paket data tsel xxxnumberxxx gb .","""terima kasih banyak xxxuserxxx , beli pulsa total xxxnumberxxx bayarnya cukup xxxnumberxxx . pulsa xxxnumberxxx langsung aku pake buat beli paket data tsel xxxnumberxxx gb.""",False,79,4200039,42,"[""tolong hentikan sms xxxnumberxxx ke nomor saya xxxnumberxxx . mengurangi pulsa saya ."", ""pulsa saya terakhir , sekitar xxxnumberxxx . lalu isi ulang xxxnumberxxx . mengapa sekarang jumlahnya hanya xxxnumberxxx ? nomornya xxxnumberxxx ."", ""lumayan sekali dapat xxxnumberxxx gb hanya bayar rp xxxnumberxxx"", ""transaksi xxxnumberxxx sudah diterima tanggal xxxnumberxxx jam xxxnumberxxx siang . harap segera diremit dananya ."", ""pulsa saya berkurang xxxnumberxxx padahal tidak digunakan . saya mau beli paket jadi kurang , bagaimana ini ? xxxnumberxxx"", ""sudah xxxnumberxxx x24 jam transaksi pengisian pulsa pada tanggal xxxnumberxxx agustus xxxnumberxxx pukul xxxnumberxxx tetapi belum masuk juga ya admin ?"", ""nomor transaksi saya xxxnumberxxx . saya sudah tunggu xxxnumberxxx hari tapi dana tidak balik - balik . duitnya tidak sedikit . tanggung jawab . mengapa dana orang ditahan - tahan ?"", ""pagi admin . paket saya dari shopee dengan kode xxxnumberxxx xxxnumberxxx xxxnumberxxx xxxnumberxxx xxxnumberxxx xxxnumberxxx xxxnumberxxx xxxnumberxxx xxxnumberxxx xxxnumberxxx xxxnumberxxx r04b tidak terbaca nomor resinya . mohon dibantu . dari hari jumat masih mengendap di jne malang ."", ""halo mas / mbak xxxuserxxx . ini nomor halo saya sudah xxxnumberxxx hari tidak bisa dipakai . rugi hanya bayar tagihan saja tapi tidak terpakai ."", ""xxxnumberxxx hadiah masih lebih dari xxxnumberxxx xxxnumberxxx xxxnumberxxx an ketika selesai .""]",False,10,2556,40,True,174,0.14519246,informal,0,0.9550824761390686,0.890383780002594,111.13814142164965,False,0.0
google/gemma-3-4b-it,informal,formal,hybrid_early,0.9,apakah paketan bhyplastic saya akan di lanjut otomatis apabila telah isi pulsa,"Kak, paket bhyplastic saya kalau pulsa habis, otomatis lanjut atau nggak ya?",False,81,4200040,42,"[""admin , bagaimana cara menambah masa aktif kartu loop ?"", ""kartu sim xl saya sudah hilang dan saya ingin mengaktifkan nomor xl saya . apakah bisa ? caranya bagaimana ?"", ""admin kalau mau membuat nomor kartu halo baru yang xxxnumberxxx itu bagaimana prosedur dan biayanya ?"", ""kepada xxxuserxxx : mengapa paket yellow tidak dapat dipaketkan ?"", ""hai jnt xxxuserxxx . mau tanya mengapa paket yang saya kirim masih begini saja . mohon pencerahannya ."", ""jb xxxphonexxx , sudah seminggu paket tidak sampai , padahal masih dalam jakarta . malah dikirim ke surabaya untuk apa ? jnt sistemnya seperti apa ?"", ""kak , paket nomor resi ini xxxnumberxxx sudah sampai di mana ?"", ""malam kak . mengapa paketan saya dengan resi xxxnumberxxx , sudah xxxnumberxxx hari statusnya belum berubah ?"", ""mengapa kode promo saya grabwae tidak bisa digunakan ? padahal sejak tanggal xxxdatexxx saya belum pernah sekalipun memakai kode promo tersebut ."", ""dear indosat , saya mau isi paket , tetapi mengapa tidak bisa ya ? sudah sejak jam xxxtimexxx tadi pulsa sudah masuk tetapi tidak bisa aktif .""]",False,10,2107,18,True,76,0.023573471,informal,0,0.7595596313476562,0.8274343609809875,1706.0141721355456,True,0.0
google/gemma-3-4b-it,informal,formal,hybrid_early,0.9,kalo chips ny rusak emang masih bisa di isi saldo ? masih bisa ke detect pas cek sisa saldo ?,"chipnya rusak, bisa diisi saldo nggak sih? masih bisa di-detect pas cek sisa saldo?",False,83,4200041,42,"[""saya kirim uang , mengapa tidak masuk ? padahal status berhasil dan saldo saya terpotong ."", ""saya barusan isi saldo gopay tapi tidak masuk ."", ""admin , ini kenapa pulsa tiba - tiba hilang ? paket internet masih banyak tapi pulsa terpakai terus . mohon tindak lanjutnya ."", ""saya mau tanya , apa nomor rekening yang sudah tidak ditambah saldo selama xxxnumberxxx tahun masih aktif / digunakan ?"", ""saya sudah top up gopay . mengapa saldo saya tidak bertambah ?"", ""cek dm coba xxxuserxxx dari tadi komplain tidak ada respons , pulsa sudah terpotong kena tarik per kb ."", ""sudah di coba tapi masih tidak bisa . cek dm ."", ""kak , akun saya kenapa tiba - tiba aktif suppr seller ? padahal tidak pernah diaktifkan . dan poin juga masih belum mencukupi ."", ""tetap tidak bisa , admin . nomor kartu kredit yang saya masukkan sudah benar , tetapi tetap tidak bisa klik tombol continue . saya sudah mengulanginya berkali - kali ."", ""saya beli paket rp . xxxnumberxxx ribu tapi mengapa tidak masuk ? padahal pulsanya sudah terpotong .""]",False,10,2072,21,True,83,0.027112715,informal,0,0.8861325979232788,0.9082782864570618,585.5468494542066,False,0.0
google/gemma-3-4b-it,informal,formal,hybrid_early,0.9,"hi , mohon maaf atas ketidaknyamananya . kamu bisa message nomor dan pertanyaan terkait melalui twitter xxxuserxxx agar dapat dibantu ditindaklanjuti . semoga cukup membantu , terima kasih","mohon balas dm ya , pertanyaan terkait bisa disampaikan melalui twitter xxxuserxxx agar dapat ditindaklanjuti . semoga membantu , terima kasih.",False,85,4200042,42,"[""halo xxxuserxxx , sudah dibalas kembali ya . dmnya isi penjelasan saya . mohon diperiksa kembali . terima kasih ."", ""selamat siang , mohon bantuannya untuk di follow up admin , karena saya butuh untuk segera dikirimkan , terima kasih ."", ""admin , jaringan xxxnumberxxx g dilokasi ini error . tolong dibantu cek . terima kasih sebelumnya ."", ""maaf admin , nomor saya tidak bisa dipakai internet , nelpon , dll . mohon ditanggapi dm saya ."", ""maaf admin , ingin bertanya apakah benar ini nomor dari gojek ? + xxxnumberxxx ."", ""mohon kesediaan bapak / ibu pelanggan menunggu , dengan senang hati kami segera merespons mention kembali . terima kasih . - redo"", ""admin , tolong respons kelanjutan keluhan saya ."", ""selamat malam . mohon saya diberi informasi . paket saya sejak tanggal xxxnumberxxx tertahan dengan status itu dan belum terkirim sampai sekarang . ada apa ?"", ""sudah saya dm . mohon dibalas ."", ""baik , kak natha . jika masih gagal , ayo infokan langsung ke xxxuserxxx terkait agar dibantu lebih lanjut . - letha .""]",False,10,2168,29,True,143,0.32247353,informal,0,0.912818193435669,0.8368302583694458,185.83465566413014,False,0.0
google/gemma-3-4b-it,informal,formal,hybrid_early,0.9,bagaimana cara menghapus akun gojek ? trims,"admin , mau tanya , gimana cara hapus akun gojek ya? makasih.",False,87,4200043,42,"[""permisi admin , maaf malam minggu malah tanya . kalau mau ganti nomor rekening ponsel akun gojek driver bagaimana ? soalnya kartunya hilang ."", ""untungnya aku download aplikasi gojek hahaha , terima kasih ."", ""hai admin . mohon bantu untuk hapus akun gojek saya yang lama . terima kasih ."", ""kenapa aplikasi xxxuserxxx jadi lambat semenjak update ios ? tetapi gojek tidak ."", ""selamat malam , ingin bertanya , cara mengenai pendaftaran produk di gojek bagaimana ?"", ""admin . sudah xxxnumberxxx hari saya mau gofood , kenapa tidak mendapat driver terus - menerus ? apakah aplikasi gojek sedang error ?"", ""klarifikasi gojek nya tidak salah kalau mitranya sedang sibuk , sibuk demo mendadak ."", ""bisa jadi admin grab - nya salah ketik ."", ""masalahnya , akun driver bisa - bisanya kena bajak . tidak ada pilihan membatalkan karena itu yang membuat mbak ini tertipu , bang jek !"", ""sudah saya dm admin , mohon dicek .""]",False,10,1911,18,True,61,0.0042691687,informal,0,0.7959309220314026,0.8142874240875244,77.35512187413462,False,0.0
google/gemma-3-4b-it,informal,formal,hybrid_early,0.9,jaringan di kota malang gari ini melambat,Kenapa jaringan di Malang gini lama banget sih?,False,89,4200044,42,"[""mengapa sinyalnya sangat jelek ini ?"", ""parah , aplikasi grab sangat lambat sekarang ."", ""tolong dipercepat jaringan internet di cilacap yang sangat lambat ."", ""bagaimana ini ? seharian tidak bisa , pulsa terpotong terus ."", ""di kebon sirih sinyal terulang e terus berhari - hari . sedang tidak stabil atau bagaimana ?"", ""kenapa seharian ini tidak bisa pesan gocar di kota baru , jawa timur ?"", ""kotak masuk tidak penuh dan jaringan cukup stabil ."", ""menerobos macetnya ibu kota lebih cepat menggunakan grabbike ."", ""mengapa tidak ada sinyal ini ?"", ""admin , ini mengapa lambat sekali indosat memutar video twitter ? lambat sekali .""]",False,10,1629,11,True,47,0.0029940882,informal,0,0.6682907342910767,0.5756807327270508,1569.5801201148122,True,0.0
google/gemma-3-4b-it,informal,formal,hybrid_early,0.9,"min koneksi internet indosat disetiap malam akhir2 ini jeleknya kelewatan , mohon untuk segera tindaklanjuti permasalahan ini krn sangat merugikan kami sbg pengguna .","“min, internet indosat tiap malem makin parah aja, udah kelewatan banget nih. mohon bantu tindak lanjut ya, soalnya banyak banget yang rugi buat kita sebagai pengguna.”",False,91,4200045,42,"[""malam , koneksi telkomsel semakin lama semakin buruk bukan membaik , sudah seminggu lebih seperti ini , jadi bagaimana solusi terbaik ?"", ""kak , indosat baru saja trouble atau bagaimana ya ? mengapa kartu saya tidak ada sinyal ?"", ""mohon dibantu sinyal indosatnya , mengapa sangat lambat ? padahal baru daftar paket internet ."", ""tolong xxxuserxxx , dari kemarin sore jaringanya penuh tapi tidak terhubung ke internet . padahal kuota masih lumayan banyak ."", ""internet saya lambat sekali . apa ada yang salah dengan jaringan disini ? atau karena paket data saya yang masalah ?"", ""mengapa sinyalnya sangat jelek ini ?"", ""admin , ini mengapa lambat sekali indosat memutar video twitter ? lambat sekali ."", ""sinyal indosat di tempat aku , lebih baik dibandingkan dengan sinyal provider merah . padahal sama - sama menggunakan menara bersama . terima kasih ."", ""admin , ini kenapa pulsa tiba - tiba hilang ? paket internet masih banyak tapi pulsa terpakai terus . mohon tindak lanjutnya ."", ""admin , maaf . sedang gangguan atau bagaimana ? dari tadi selalu tidak dapat menghubungkan ke internet .""]",False,10,2214,41,True,168,0.0063872407,informal,0,0.6686195135116577,0.7917059063911438,53.8723225585191,False,0.0
google/gemma-3-4b-it,informal,formal,hybrid_early,0.9,min boleh tau detail dan harha paket yg xxxnumberxxx bulan ?,"admin, mau tanya detail dan harga paket yang xxxnumberxxx bulan, dong?",False,93,4200046,42,"[""admin . boleh minta informasi nomor puk untuk nomor xxxnumberxxx ?"", ""admin , kalau mau kirim pulsa ke telkomsel bisa tidak hanya xxxnumberxxx ribu begitu ?"", ""malam kak . mengapa paketan saya dengan resi xxxnumberxxx , sudah xxxnumberxxx hari statusnya belum berubah ?"", ""admin , informasinya jika upgrade kartu sim ke xxxnumberxxx g dapat bonus xxxnumberxxx giga selama xxxnumberxxx bulan ya ?"", ""paket dengan resi xxxnumberxxx bagaimana kabarnya ? mengapa statusnya tidak berubah ya ? padahal yes ."", ""admin kalau mau membuat nomor kartu halo baru yang xxxnumberxxx itu bagaimana prosedur dan biayanya ?"", ""mengapa perpanjang internet tidak bisa ? xxxnumberxxx juga tidak bisa ?"", ""siap . mas xxxuserxxx kalau bisa sebelum xxxnumberxxx jam tolong dicek . lagi urgent perlu nelpon ."", ""sore admin . ini ada keluhan nomor saya , pulsa terpotong terus . padahal tidak berlangganan paket apapun . tolong diperiksa min + xxxnumberxxx xxxnumberxxx - xxxnumberxxx - xxxnumberxxx ."", ""tidak ada balasan sampai sekarang . apa karena hanya terpotong xxxnumberxxx ribu saja ?""]",False,10,2083,17,True,70,0.38725373,informal,0,0.8329242467880249,0.7937021851539612,843.3064682420172,False,0.0
google/gemma-3-4b-it,informal,formal,hybrid_early,0.9,balikin pulsa gw ! kesedot mulu arkhh,pulsa gw terus kesedot arkhh,False,95,4200047,42,"[""bagaimana ini ? seharian tidak bisa , pulsa terpotong terus ."", ""saya pakai xl prioritas kenapa lambatnya minta ampun ? padahal dulu sangat cepat , apa lagi ada maintenance ?"", ""kenapa setelah membayar pascabayar menjadi tidak ada kuotanya ?"", ""admin , ini kenapa pulsa tiba - tiba hilang ? paket internet masih banyak tapi pulsa terpakai terus . mohon tindak lanjutnya ."", ""kenapa potong pulsa terus ? tidak kenapa - kenapa tiba - tiba pulsa habis . tahu - tahu dapat sms pulsa sos . kacau ."", ""halo , saya top up grab ovo lewat atm barusan , tapi kenapa belum masuk ?"", ""berulah lagi ? saya tidak pernah klik macam - macam ini . pulsa tersedot banyak banget . hp - nya cuma dipake buat nelpon & sms ."", ""aku pelanggan yang pulsanya suka tiba - tiba hilang ."", ""admin , bagaimana cara menambah masa aktif kartu loop ?"", ""saat nanti bikin baru tetap tidak dapat voucher .""]",False,10,1864,11,False,28,0.001173626,informal,0,0.8938146829605103,0.6486762762069702,6509.135888405885,True,0.0
google/gemma-3-4b-it,informal,formal,hybrid_early,0.9,ga sampai kok min aku tau mbaknya nipu,"""ini min , udah sampai kok , gak usah panik .""",False,97,4200048,42,"[""sama seperti saya , pak . paket saya tidak saya terima . klaimnya tidak jelas kapan hasilnya . jangan tunggu ini menyebar !"", ""saat nanti bikin baru tetap tidak dapat voucher ."", ""aneh , bukalapak dari kemarin - kemmarin balas cuma bisa itu - itu saja . niat membantu atau tidak ?"", ""bos , hari keberapa ini tidak kunjung masuk kuota saya ? saya sudah cukup sabar ya bos !"", ""halo ! kenapa resi wahana tidak update di history pengirimannya ?"", ""sudah saya balas lagi min . bisa lihat dm ? karena saya sudah bayar dan nominalnya tidak sebanyak yang dilaporkan ."", ""masalahnya , akun driver bisa - bisanya kena bajak . tidak ada pilihan membatalkan karena itu yang membuat mbak ini tertipu , bang jek !"", ""ini min , minta tolong diperiksa sudah sampai mana . masa , sudah xxxnumberxxx minggu belum sampai . tolong banget admin , diperbaharui sampai mana ."", ""mau bertanya nomor pesanan xxxnumberxxx kapan dikirimnya ? dari kemarin masih pengemasan belum berubah ."", ""iya mbak ini belum terupdate , sudah dm adminnya .""]",False,10,2009,13,True,46,0.0045571364,informal,0,0.3350406289100647,0.2648555636405945,304.0376802286062,False,0.0
google/gemma-3-4b-it,informal,formal,hybrid_early,0.9,slamat malam admin . saya masang paket malam dan paket nya aktif pas saya menghidup kan data knpa pulsa saya hilang ?,"selamat malam admin . aku pasang paket malam , paketnya aktif pas nyalain data , kenapa pulsa aku hilang ya?",False,99,4200049,42,"[""kartu sim xl saya sudah hilang dan saya ingin mengaktifkan nomor xl saya . apakah bisa ? caranya bagaimana ?"", ""admin , ini kenapa pulsa tiba - tiba hilang ? paket internet masih banyak tapi pulsa terpakai terus . mohon tindak lanjutnya ."", ""dear indosat , saya mau isi paket , tetapi mengapa tidak bisa ya ? sudah sejak jam xxxtimexxx tadi pulsa sudah masuk tetapi tidak bisa aktif ."", ""mohon dibantu sinyal indosatnya , mengapa sangat lambat ? padahal baru daftar paket internet ."", ""hi . selamat sore . saya baru saja membeli kartu sim simpati . sudah coba registrasi , tetapi tidak ada respon . tolong bantuannya ."", ""iya kak terima kasih . tetapi tadi sudah datang ke galeri indosatnya langsung . sudah normal kembali ."", ""selamat malam . mohon saya diberi informasi . paket saya sejak tanggal xxxnumberxxx tertahan dengan status itu dan belum terkirim sampai sekarang . ada apa ?"", ""benar , aku sering sekali setiap setelah isi kuota sinyal tidak ada ."", ""admin paketku di mana ? aku sudah menghubungi customer service bahwa pulsaku habis , jadi terputus . padahal , di track sudah sampai tujuan , tapi tidak saya terima jp xxxphonexxx"", ""sudah xxxnumberxxx hari , status belum juga berubah admin . tadi sudah telepon qc katanya cuma disuruh menunggu .""]",False,10,2331,26,True,108,0.012991709,informal,0,0.8632007837295532,0.9028419256210327,233.0266445952257,False,0.0
google/gemma-3-4b-it,informal,formal,hybrid_early,0.9,kok malah tambah lemot jaringan saya,“kok malah makin lambat jaringan saya.”,False,101,4200050,42,"[""mengapa sinyal ini jelek sekali ? sudah saya hidupkan ulang , masih saja lambat ."", ""mohon dibantu sinyal indosatnya , mengapa sangat lambat ? padahal baru daftar paket internet ."", ""internet saya lambat sekali . apa ada yang salah dengan jaringan disini ? atau karena paket data saya yang masalah ?"", ""kak , indosat baru saja trouble atau bagaimana ya ? mengapa kartu saya tidak ada sinyal ?"", ""sudah dicoba semuanya sama . sinyal penuh tetapi lambatnya luar biasa ."", ""aduh memang indosat bermasalah terus ini . mana pulsa terpakai tiba - tiba . ingin rasanya ganti provider saja ."", ""kartu sim xl saya sudah hilang dan saya ingin mengaktifkan nomor xl saya . apakah bisa ? caranya bagaimana ?"", ""apakah yang bermasalah handphone saya atau aplikasinya kak ?"", ""pakai wi - fi ( vsat . seluler mati sudah hampir dua minggu ."", ""admin , ini kenapa pulsa tiba - tiba hilang ? paket internet masih banyak tapi pulsa terpakai terus . mohon tindak lanjutnya .""]",False,10,1946,9,True,39,0.5355751,formal,1,0.8204727172851562,0.7386507987976074,788.6622485438389,False,0.0
google/gemma-3-4b-it,informal,formal,hybrid_early,0.9,"min pembelian token pln apa ada kendala , ini blm masuk udah xxxnumberxxx jam lebih ?","admin, kenapa pembelian token pln saya belum masuk, udah xxxnumberxxx jam lebih ya?",False,103,4200051,42,"[""isi pulsa jam xxxnumberxxx siang . saldo dana sudah terpotong , namun mengapa pulsa belum masuk ?"", ""sore admin . ini ada keluhan nomor saya , pulsa terpotong terus . padahal tidak berlangganan paket apapun . tolong diperiksa min + xxxnumberxxx xxxnumberxxx - xxxnumberxxx - xxxnumberxxx ."", ""tadi saya top up ke shopeepay , sudah berhasil , tapi kenapa di aplikasi tetap xxxnumberxxx ? tolong baca pesan saya . terimakasih ."", ""kak , paket nomor resi ini xxxnumberxxx sudah sampai di mana ?"", ""nomor transaksi xxxnumberxxx . barang belum dikirim melebihi batas kirim , dana belum masuk ke saldo bl saya ."", ""admin , mohon dibalas . sudah xxxnumberxxx x24 jam mencoba , tidak masuk - masuk ."", ""grab paket hemat saya billingnya itu tanggal xxxnumberxxx juli xxxnumberxxx . sekarang sudah agustus mengapa subscribe - nya masih aktif ?"", ""paket saya dengan resi xxxnumberxxx kenapa macet dan belum dikirimkan dari tanggal xxxnumberxxx ?"", ""selamat malam . mohon saya diberi informasi . paket saya sejak tanggal xxxnumberxxx tertahan dengan status itu dan belum terkirim sampai sekarang . ada apa ?"", ""admin , mengapa dm saya belum di respon - respons ? sudah xxxnumberxxx hari admin .""]",False,10,2223,20,True,83,0.009638867,informal,0,0.9359824657440186,0.7849979400634766,707.7199292042097,False,0.0
google/gemma-3-4b-it,informal,formal,hybrid_early,0.9,udah udah sampe mana ya ? masa ke bintara aja ga sampe ? ( tolong follow up,"“udah, udah sampai mana nih? paket ke Bintara kok belum sampai ya? tolong di-follow up dong.”",False,105,4200052,42,"[""admin , kalau sudah melewati estimasi pengiriman , tapi barang belum sampai bagaimana ?"", ""tolong paket saya belum saya terima tapi pas dicek tracking kenapa sudah delivered ?"", ""malam , saya ingin mengembalikan barang karena salah kirim . saya diberi info kalau saya harus meng - upload bukti pengirimannya . upload - nya di mana ? terima kasih ."", ""saya salah pilihan isi resi . harusnya otomatis dari si cepat , tapi saya sudah terlanjut bayar tunai . nomor resinya , apakah bisa dirubah ?"", ""admin . saya sudah sampai tujuan . namun di aplikasi belum dapat memberikan penilaian . bisa tolong menghubungi pengemudi untuk menyelesaikan perjalanan ? rincinya , sudah saya dm . terima kasih ."", ""kak , paket nomor resi ini xxxnumberxxx sudah sampai di mana ?"", ""sudah saya balas lagi min . bisa lihat dm ? karena saya sudah bayar dan nominalnya tidak sebanyak yang dilaporkan ."", ""dibilangnya \"" pengemudi telah sampai , padahal masih jauh sekali . tolong dibenarkan sistem pemberitahuannya ."", ""kalian pengiriman dari jakarta ke jakarta butuh waktu berapa lama ?"", ""admin paketku di mana ? aku sudah menghubungi customer service bahwa pulsaku habis , jadi terputus . padahal , di track sudah sampai tujuan , tapi tidak saya terima jp xxxphonexxx""]",False,10,2276,27,True,93,0.013432008,informal,0,0.8781540989875793,0.6696056723594666,56.19075979739536,False,0.0
google/gemma-3-4b-it,informal,formal,hybrid_early,0.9,jaringan xxxuserxxx tertutup kabut gak bisa konek,“Jaringan xxxuserxxx kok kayak gitu gak bisa konek ya?”,False,107,4200053,42,"[""ini masih gangguan sinyal xxxnumberxxx g . tidak bisa aktif datanya ?"", ""xxxuserxxx , koneksinya dari semalam sangat jelek !"", ""tolong xxxuserxxx , dari kemarin sore jaringanya penuh tapi tidak terhubung ke internet . padahal kuota masih lumayan banyak ."", ""ini sinyalnya kenapa ya sekarang xxxuserxxx jelek sekali ."", ""sudah non aktif , jaringannya juga sudah xxxnumberxxx g atau xxxnumberxxx g . tetap tidak bisa ."", ""xxxuserxxx sedang bermasalah . pantas tidak bisa - bisa dan saya harus ambil hotspot dari telepon genggam satunya yang pakai xxxuserxxx lancar jaya . terima kasih ."", ""kecepatannya saja menurun , sangat tidak stabil padahal tersambung xxxnumberxxx g + ."", ""sinyal xxxuserxxx jelek sekali . tidak di kos , tidak di mal jelek sekali ."", ""tolong xxxuserxxx . kenapa jaringan hilang tidak jelas terus ?"", ""ini xxxuserxxx lambat sekali xxxnumberxxx g - nya .""]",False,10,1878,16,True,55,0.0023199378,informal,0,0.7591602802276611,0.7227694988250732,197.0101204478635,False,0.0
google/gemma-3-4b-it,informal,formal,hybrid_early,0.9,tuh min xxxuserxxx perlu dicontoh nih anak baik yang bekelnya selalu habis !,"parah tuh xxxuserxxx , anak baik yang bekelnya selalu habis!",False,109,4200054,42,"[""iya nih xxxuserxxx sangat parah , masa kalah sama yang lain ."", ""bagaimana xxxuserxxx tolong ditindaklanjuti !"", ""ini sinyalnya kenapa ya sekarang xxxuserxxx jelek sekali ."", ""xxxuserxxx , koneksinya dari semalam sangat jelek !"", ""admin xxxuserxxx untuk memberantas ini bagaimana ?"", ""hujan saja sinyal hilang xxxuserxxx . bangkai !"", ""seperti itu , xxxuserxxx pilih kasih ."", ""parah sekali xxxuserxxx , tetapi baik selalu memberi diskon ."", ""halo admin xxxuserxxx minta tolong cek pesan ."", ""sayang xxxuserxxx , saya mengikuti ini ya .""]",False,10,1568,17,True,60,0.023391487,informal,0,0.896132230758667,0.8373081088066101,978.0240751983155,False,0.0
google/gemma-3-4b-it,informal,formal,hybrid_early,0.9,tolong cek dm dari saya . thankyou,"sudah aku dm admin , tolong dicek . terima kasih.",True,111,4200055,42,"[""admin tolong cek dm . terima kasih ."", ""admin , tolong cek dm ya . terima kasih ."", ""cek dm dari saya admin ."", ""sudah saya dm . mohon dibalas ."", ""mohon periksa dm saya . terima kasih ."", ""sudah saya dm admin , mohon dicek ."", ""sudah admin , tolong cek dm ."", ""sudah aku dm ya min . tolong responnya ."", ""iya , admin , tolong dibaca dm - nya . terima kasih ."", ""halo kak admin . saya sudah dm . mohon di cek . terima kasih .""]",False,10,1415,15,True,49,0.82626253,formal,1,0.7500864267349243,0.646266758441925,646.5469594893351,False,0.0
google/gemma-3-4b-it,informal,formal,hybrid_early,0.9,min tolong dong kenapaa paket xxxnumberxxx xxxnumberxxx gb yang xxxnumberxxx xxxnumberxxx k nya kok hilaang,“min tolong dong kenapa paket xxxnumberxxx xxxnumberxxx gb yang xxxnumberxxx xxxnumberxxx k nya kok hilang?”,False,113,4200056,42,"[""pulsa saya terakhir , sekitar xxxnumberxxx . lalu isi ulang xxxnumberxxx . mengapa sekarang jumlahnya hanya xxxnumberxxx ? nomornya xxxnumberxxx ."", ""pulsa saya berkurang xxxnumberxxx padahal tidak digunakan . saya mau beli paket jadi kurang , bagaimana ini ? xxxnumberxxx"", ""paket saya dengan resi xxxnumberxxx kenapa macet dan belum dikirimkan dari tanggal xxxnumberxxx ?"", ""sore admin . ini ada keluhan nomor saya , pulsa terpotong terus . padahal tidak berlangganan paket apapun . tolong diperiksa min + xxxnumberxxx xxxnumberxxx - xxxnumberxxx - xxxnumberxxx ."", ""sangat tidak rela sekali xxxnumberxxx xxxnumberxxx xxxnumberxxx k saya tersedot begitu saja , tapi kuota tidak masuk - masuk oi ."", ""nomor transaksi saya xxxnumberxxx . saya sudah tunggu xxxnumberxxx hari tapi dana tidak balik - balik . duitnya tidak sedikit . tanggung jawab . mengapa dana orang ditahan - tahan ?"", ""pagi admin . paket saya dari shopee dengan kode xxxnumberxxx xxxnumberxxx xxxnumberxxx xxxnumberxxx xxxnumberxxx xxxnumberxxx xxxnumberxxx xxxnumberxxx xxxnumberxxx xxxnumberxxx xxxnumberxxx r04b tidak terbaca nomor resinya . mohon dibantu . dari hari jumat masih mengendap di jne malang ."", ""jp xxxphonexxx admin , tolong ini paket saya tidak sampai - sampai , padahal pengiriman sesama jakarta bisa xxxnumberxxx hari ."", ""tolong hentikan sms xxxnumberxxx ke nomor saya xxxnumberxxx . mengurangi pulsa saya ."", ""kak , tadi coba mau beli pulsa telkomsel xxxnumberxxx xxxnumberxxx xxxnumberxxx k , tapi kenapa dibatalkan terus ? apa stoknya lagi kosong ?""]",False,10,2603,27,True,108,0.022425504,informal,0,0.8427228331565857,0.7822496891021729,234.2027628892393,False,0.0
google/gemma-3-4b-it,informal,formal,hybrid_early,0.9,lama sekali ini ! barang belum sampai ! resi : xxxnumberxxx,"""kak, resi xxxnumberxxx, lama banget ini barangnya belum sampai ya?""",True,115,4200057,42,"[""paket saya sampai mana ? resi xxxnumberxxx . terima kasih ."", ""nomor resi xxxnumberxxx mohon dibantu admin . belum diantar kurirnya ."", ""kak , paket nomor resi ini xxxnumberxxx sudah sampai di mana ?"", ""mau bertanya nomor pesanan xxxnumberxxx kapan dikirimnya ? dari kemarin masih pengemasan belum berubah ."", ""halo admin , barang saya sejak tanggal xxxdatexxx sudah di jakarta , tetapi tidak sampai - sampai . admin tolong diperiksa ."", ""xxxnumberxxx transaksi tersebut mengapa batal ? itukan sudah dikirim . kurir sudah jemput ."", ""jp xxxphonexxx admin , tolong ini paket saya tidak sampai - sampai , padahal pengiriman sesama jakarta bisa xxxnumberxxx hari ."", ""nomor transaksi xxxnumberxxx . barang belum dikirim melebihi batas kirim , dana belum masuk ke saldo bl saya ."", ""cek resi ini admin . delivery kurir dari jam xxxnumberxxx tadi belum datang - datang . xxxnumberxxx xxxnumberxxx ."", ""ada apa dengan kurir pos ? sampai saat ini belum juga terbaharui ongkos kirimnya . padahal sejak tanggal xxxdatexxx , sudah berlaku tarif baru .""]",False,10,2056,18,True,68,0.021626953,informal,0,0.8335685729980469,0.6759194135665894,244.5345839776742,False,0.0
google/gemma-3-4b-it,informal,formal,hybrid_early,0.9,min resi xxxnumberxxx posisi udh dmna ?,"Kak, resi xxxnumberxxx posisi udah di mana ya?",False,117,4200058,42,"[""kak , paket nomor resi ini xxxnumberxxx sudah sampai di mana ?"", ""paket dengan resi xxxnumberxxx bagaimana kabarnya ? mengapa statusnya tidak berubah ya ? padahal yes ."", ""nomor resi xxxnumberxxx mohon dibantu admin . belum diantar kurirnya ."", ""malam kak . mengapa paketan saya dengan resi xxxnumberxxx , sudah xxxnumberxxx hari statusnya belum berubah ?"", ""admin , mengapa dm saya belum di respon - respons ? sudah xxxnumberxxx hari admin ."", ""paket saya sampai mana ? resi xxxnumberxxx . terima kasih ."", ""bagaimana cara dmnya kak ? nomor saya xxxnumberxxx ."", ""bisa di cek nomor resi ini . mengapa tidak valid lewat app jp xxxphonexxx ?"", ""paket saya dengan resi xxxnumberxxx kenapa macet dan belum dikirimkan dari tanggal xxxnumberxxx ?"", ""xxxnumberxxx admin , mohon dibantu update riwayat stt pengiriman .""]",False,10,1806,13,True,46,0.0050251014,informal,0,0.8980221748352051,0.8376176357269287,2378.5735289635722,True,0.0
google/gemma-3-4b-it,informal,formal,hybrid_early,0.9,pastinya masih dong ditunggu nih kejutannya selalu on pokoknya patengin timeline nya,"""pastinya masih nungguin kejutan dong ya , pokoknya pantengin terus timeline nya!""",True,119,4200059,42,"[""ayo pantau timeline smartfren terus ya . jangan lupa follow xxxuserxxx juga kak . terima kasih sobat setia smartfren . via"", ""tadi aku dm telkomsel menanyakan kapan aku dapat hadiah ? hahaha ."", ""hai kak , terus pantau web kita dan jangan lupa follow xxxuserxxx juga . terima kasih sobat setia smartfren . mirza"", ""admin . apakah ada promo untuk pertama order gomassage ?"", ""sekarang mainnya begitukah ? pesimis dapat promonya lagi , kalau modelnya seperti itu . paling baru pakai ketika malam , karena untuk makan malam ."", ""iya mbak ini belum terupdate , sudah dm adminnya ."", ""aneh , bukalapak dari kemarin - kemmarin balas cuma bisa itu - itu saja . niat membantu atau tidak ?"", ""halo , ini bagaimana tidak bisa di dm . sudah follow akunnya juga ."", ""sudah admin , tolong cek dm ."", ""semoga cepat masuk kak saldonya . admin xxxuserxxx mohon cepat ditindaklanjuti masalahnya .""]",False,10,1919,21,True,82,0.0017170582,informal,0,0.6602683067321777,0.771458625793457,108.09764044115833,False,0.0
google/gemma-3-4b-it,informal,formal,hybrid_early,0.9,"no saya kok gak bisa di dftarin paket data , no + xxxnumberxxx","kak, nomor +xxxnumberxxx kok gak bisa di daftarin paket data ya?",False,121,4200060,42,"[""sore admin . ini ada keluhan nomor saya , pulsa terpotong terus . padahal tidak berlangganan paket apapun . tolong diperiksa min + xxxnumberxxx xxxnumberxxx - xxxnumberxxx - xxxnumberxxx ."", ""paket saya sampai mana ? resi xxxnumberxxx . terima kasih ."", ""hai jnt xxxuserxxx . mau tanya mengapa paket yang saya kirim masih begini saja . mohon pencerahannya ."", ""bagaimana cara dmnya kak ? nomor saya xxxnumberxxx ."", ""kak , paket nomor resi ini xxxnumberxxx sudah sampai di mana ?"", ""sudah xxxnumberxxx hari , status belum juga berubah admin . tadi sudah telepon qc katanya cuma disuruh menunggu ."", ""selamat malam . mohon saya diberi informasi . paket saya sejak tanggal xxxnumberxxx tertahan dengan status itu dan belum terkirim sampai sekarang . ada apa ?"", ""tolong di cek untuk , awb : xxxnumberxxx . statusnya misroute itu artinya apa ? lalu untuk paket saya kapan sampainya ? terima kasih ."", ""oh seperti itu , baru saja aku coba registrasi ke xxxnumberxxx sms - nya selalu gagal kak , bagaimana ?"", ""saya mau tanya , ini saya mau beli paket yellow kenapa sama xxxnumberxxx tidak direspons / tidak dibalas ?""]",False,10,2130,18,True,64,0.0041689076,informal,0,0.8793829679489136,0.8301094770431519,407.42862371158117,False,0.0
google/gemma-3-4b-it,informal,formal,hybrid_early,0.9,"sudah saya dm min , tolong respon","admin , tolong balas ya.",False,123,4200061,42,"[""sudah aku dm ya min . tolong responnya ."", ""sudah saya dm . mohon dibalas ."", ""sudah saya dm admin , mohon dicek ."", ""sudah admin , tolong cek dm ."", ""admin , tolong cek dm ya . terima kasih ."", ""halo , tolong respons dm saya ."", ""selamat sore , sudah saya dm ya , admin . jadi bagaimana ?"", ""admin , tolong respons kelanjutan keluhan saya ."", ""siang admin , email saya belum ada balasan juga ."", ""baik admin , sebentar lagi saya kirim lewat dm . terima kasih .""]",False,10,1450,8,True,24,0.7602266,formal,1,0.7983967065811157,0.6616519093513489,1128.0507280704605,True,0.0
google/gemma-3-4b-it,informal,formal,hybrid_early,0.9,"min , ini ordran saya kenap ga sampe2 yaa ? resinya gabisa cek juga lagi . gimana nihh . dibantu cek dong","min, ini orderan gue kenapa belum sampai ya? resinya juga gak bisa dicek lagi. gimana nih, dibantu cek dong.",True,125,4200062,42,"[""saya salah pilihan isi resi . harusnya otomatis dari si cepat , tapi saya sudah terlanjut bayar tunai . nomor resinya , apakah bisa dirubah ?"", ""baiklah , terima kasih . tapi saya tidak sedang berlangganan apa - apa . namun , mengapa pulsa terpotong min ? kira - kira , bagaimana cara memeriksanya ? sebelumnya tidak pernah ."", ""tolong di cek untuk , awb : xxxnumberxxx . statusnya misroute itu artinya apa ? lalu untuk paket saya kapan sampainya ? terima kasih ."", ""sama seperti saya , pak . paket saya tidak saya terima . klaimnya tidak jelas kapan hasilnya . jangan tunggu ini menyebar !"", ""saya mau tanya , ini saya mau beli paket yellow kenapa sama xxxnumberxxx tidak direspons / tidak dibalas ?"", ""kita sama dari minggu disuruh dm email dan nomor hp tapi sampai sekarang belum benar . astaga . ini bagaimana ?"", ""ini min , minta tolong diperiksa sudah sampai mana . masa , sudah xxxnumberxxx minggu belum sampai . tolong banget admin , diperbaharui sampai mana ."", ""tadi saya top up ke shopeepay , sudah berhasil , tapi kenapa di aplikasi tetap xxxnumberxxx ? tolong baca pesan saya . terimakasih ."", ""malam , saya ingin mengembalikan barang karena salah kirim . saya diberi info kalau saya harus meng - upload bukti pengirimannya . upload - nya di mana ? terima kasih ."", ""iya , admin , tolong dibaca dm - nya . terima kasih .""]",False,10,2394,29,True,108,0.0027842224,informal,0,0.7640529870986938,0.8536665439605713,61.078051340634964,False,0.0
google/gemma-3-4b-it,informal,formal,hybrid_early,0.9,"tanggal berapa ini , mas xxxuserxxx pakai kartu apa , kartu halo juga ?","halo xxxuserxxx , tanggal berapa nih , kartu apa yang lagi dipakai , kartu halo juga ?",False,127,4200063,42,"[""admin kalau mau membuat nomor kartu halo baru yang xxxnumberxxx itu bagaimana prosedur dan biayanya ?"", ""halo mas / mbak xxxuserxxx . ini nomor halo saya sudah xxxnumberxxx hari tidak bisa dipakai . rugi hanya bayar tagihan saja tapi tidak terpakai ."", ""halo xxxuserxxx . paket saya malah bolak - balik seperti ini ."", ""halo xxxuserxxx . sedang ada masalah apakah ? mau membeli paket yellow kenapa dari tadi tidak bisa ?"", ""halo xxxuserxxx , mohon cek dm saya ."", ""malam kak . mengapa paketan saya dengan resi xxxnumberxxx , sudah xxxnumberxxx hari statusnya belum berubah ?"", ""halo xxxuserxxx , tolong balas dm saya ."", ""kepada xxxuserxxx : mengapa paket yellow tidak dapat dipaketkan ?"", ""saya pindah kartu simpati lama ke xxxnumberxxx g . katanya ada bonus kuota internet , namun mengapa saya tidak mendapatkannya ? mohon penjelasannya !"", ""sudah non aktif , jaringannya juga sudah xxxnumberxxx g atau xxxnumberxxx g . tetap tidak bisa .""]",False,10,1967,20,True,86,0.3444775,informal,0,0.9335446357727051,0.9398577809333801,1023.5020937180434,True,0.0
google/gemma-3-4b-it,informal,formal,hybrid_early,0.9,aamiin . semoga juga sinyal internet indosat nggak ilang - iangan terus ya . aku belum berniat ganti provider soalnya .,“aamiin. semoga sinyal internet indosat nggak hilang terus ya. aku belum mau ganti provider soalnya.”,False,129,4200064,42,"[""iya kak terima kasih . tetapi tadi sudah datang ke galeri indosatnya langsung . sudah normal kembali ."", ""mohon dibantu sinyal indosatnya , mengapa sangat lambat ? padahal baru daftar paket internet ."", ""aduh memang indosat bermasalah terus ini . mana pulsa terpakai tiba - tiba . ingin rasanya ganti provider saja ."", ""kak , bagaimana ini saya daftar paket yellow tidak bisa ."", ""kak , indosat baru saja trouble atau bagaimana ya ? mengapa kartu saya tidak ada sinyal ?"", ""kartu sim xl saya sudah hilang dan saya ingin mengaktifkan nomor xl saya . apakah bisa ? caranya bagaimana ?"", ""telkomsel , mengapa sinyalnya hilang ?"", ""sinyal indosat di tempat aku , lebih baik dibandingkan dengan sinyal provider merah . padahal sama - sama menggunakan menara bersama . terima kasih ."", ""admin , mengapa indosat tidak bisa dipasang paket ?"", ""malam , koneksi telkomsel semakin lama semakin buruk bukan membaik , sudah seminggu lebih seperti ini , jadi bagaimana solusi terbaik ?""]",False,10,2046,25,True,101,0.0081703095,informal,0,0.8931088447570801,0.8883590698242188,63.27003417301645,False,0.0
google/gemma-3-4b-it,informal,formal,hybrid_early,0.9,"coba cek dmnya yaya , kaya sepupu gua lu namanya yaya","""eh, coba cek dm Yaya, sepupu gue tuh namanya Yaya.""",False,131,4200065,42,"[""iya sama , sudah saya dm dari tadi , mbak yang cantik ini . ini signalnya hai !"", ""kak , mohon maaf , sebelum bawa perasaan , sebaiknya periksa dm dari aku dahulu ."", ""halo , tolong respons dm saya ."", ""admin , periksa dm saya lagi ."", ""di mytelkomsel muncul seperti itu kak ."", ""halo admin , tolong periksa dm , terima kasih ."", ""maaf , kenapa kakak - kakak nct menjadi tukang ojek online ? hahaha ."", ""halo , tolong cek dm . penting ."", ""iya mbak ini belum terupdate , sudah dm adminnya ."", ""sudah admin , tolong cek dm .""]",False,10,1532,18,True,52,0.032236144,informal,0,0.8722356557846069,0.7061388492584229,172.85720003432405,False,0.0
google/gemma-3-4b-it,informal,formal,hybrid_early,0.9,haloo xxxuserxxx kok grabfoodmu gbs dari kmrn knp - _ -,"halo xxxuserxxx , grabfood aku kenapa lama banget dari kemarin? kok nggak ada pesanan ya?",False,133,4200066,42,"[""halo xxxuserxxx , aplikasi grab di iphone se saya kenapa jadi berat sekali ? apalagi kalau pesan grabfood sering hang ."", ""halo grab , mau tanya . apakah bisa driver dapat xxxnumberxxx order dari orang berbeda dalam xxxnumberxxx waktu ?"", ""admin . sudah xxxnumberxxx hari saya mau gofood , kenapa tidak mendapat driver terus - menerus ? apakah aplikasi gojek sedang error ?"", ""halo admin . saldo ovo tidak muncul di grab . padahal nomor hp sudah sama . tolong cek dm admin ."", ""kenapa aplikasi xxxuserxxx jadi lambat semenjak update ios ? tetapi gojek tidak ."", ""promo grabfood semuanya terpental tidak bisa dipakai . sedih aku itu , xxxuserxxx . huhuhu ."", ""admin gojek tersayang , tolong pengemudi gk - xxxnumberxxx ada di mana ?"", ""halo , saya top up grab ovo lewat atm barusan , tapi kenapa belum masuk ?"", ""cek dm coba xxxuserxxx dari tadi komplain tidak ada respons , pulsa sudah terpotong kena tarik per kb ."", ""tolong cek jb xxxphonexxx dari tanggal xxxnumberxxx mengapa tidak ada status lagi ?""]",False,10,2013,21,True,89,0.002301937,informal,0,0.7573791742324829,0.6804357767105103,724.0184914079115,False,0.0
google/gemma-3-4b-it,informal,formal,hybrid_early,0.9,halo xxxuserxxx temen saya transfer via gopay kok blm masuk ya,"halo xxxuserxxx , tolong cek dm saya .",False,135,4200067,42,"[""halo admin xxxuserxxx minta tolong cek pesan ."", ""halo xxxuserxxx , mohon cek dm saya ."", ""halo xxxuserxxx , tolong balas dm saya ."", ""halo admin xxxuserxxx . tolong periksa dm ."", ""halo , pakey saya dengan nomor resi xxxnumberxxx tidak ada pergerakan dari kemarin . tolong konfirmasinya ."", ""bales dm admin , sudah xxxnumberxxx hari tidak dibalas ."", ""hai xxxuserxxx . tolong periksa dm saya . terima kasih !"", ""admin , mengapa dm saya belum di respon - respons ? sudah xxxnumberxxx hari admin ."", ""mau tanya xxxuserxxx , apa benar ovo sedang mengalami masalah ? saya top up via xxxuserxxx sore tadi sampai sekarang xxxnumberxxx belum masuk juga ."", ""tolong cek jb xxxphonexxx dari tanggal xxxnumberxxx mengapa tidak ada status lagi ?""]",False,10,1753,12,True,38,0.9626689,formal,1,0.7676699757575989,0.6226531267166138,2448.3082655835483,True,0.0
google/gemma-3-4b-it,informal,formal,hybrid_early,0.9,"yg dihina pun ulama , otak nya ngak ada isi ya gitu bng","""yg dihina juga ulama, otaknya ngak ada isi ya gitu deh.""",False,137,4200068,42,"[""seyakin apa admin sama aku ?"", ""nabi muhammad ber - isra mi ' raj hanya sekedip sudah sampai pakai burok ."", ""apaan malah minta kamu yang dibalas ."", ""parah bukan ? apa karena akunnya ? hahaha ."", ""akun virtual bca sedang bersalahkah , admin ?"", ""geser ke kiri ? kita di twitter kak , bukan instagram ."", ""ini twitter yang error apa sinyal saya yang error ? saya ig , yt , wa bisa , tapi untuk twitter sama ml tidak bisa ."", ""sudah di dm dibaca saja tidak ."", ""apa yang dinilai ? kecepatan ngunyah ?"", ""mana dm - nya admin ? belum masuk ke dm saya .""]",False,10,1560,19,True,57,0.0030940939,informal,0,0.894619882106781,0.7854681015014648,235.41815492603752,False,0.0
google/gemma-3-4b-it,informal,formal,hybrid_early,0.9,halo selamat malam . saya mau tanya kalo program kkb bisa dipergunakan untuk mobil bekas atau tidak ? terima kasih .,"halo kak , saya mau tanya , kkb bisa buat mobil bekas gak ya ? terima kasih.",False,139,4200069,42,"[""kalau membeli ini , apakah masa aktif ikut bertambah ? terima kasih ."", ""hi . selamat sore . saya baru saja membeli kartu sim simpati . sudah coba registrasi , tetapi tidak ada respon . tolong bantuannya ."", ""selamat siang kak . mohon diperiksa saya mengirimkan dm . terima kasih ."", ""halo kak admin . saya sudah dm . mohon di cek . terima kasih ."", ""malam , saya mau komplain . paket statusnya sudah sampai , tetapi saya belum menerimanya . mohon bantuannya . terima kasih ."", ""saya salah pilihan isi resi . harusnya otomatis dari si cepat , tapi saya sudah terlanjut bayar tunai . nomor resinya , apakah bisa dirubah ?"", ""saya mau tanya , ini saya mau beli paket yellow kenapa sama xxxnumberxxx tidak direspons / tidak dibalas ?"", ""tolong , pulsa belum masuk , padahal saya sudah transfer juga . terima kasih ."", ""tolong di cek untuk , awb : xxxnumberxxx . statusnya misroute itu artinya apa ? lalu untuk paket saya kapan sampainya ? terima kasih ."", ""kak , bagaimana ini saya daftar paket yellow tidak bisa .""]",False,10,2083,20,True,76,0.0037342105,informal,0,0.9237427115440369,0.7624214291572571,165.87684777804878,False,0.0
google/gemma-3-4b-it,informal,formal,hybrid_early,0.9,haloo gimana ini dengan paket saya yang ngga di kirim2 . status nya masih di simpan,"“Halo, kok paket saya yang belum dikirim masih stuck ya?”",True,141,4200070,42,"[""admin , kenapa saya tidak bisa sms ? saya mau konfirmasi pembelian paket selalu gagal smsnya dari tadi ."", ""hi . selamat sore . saya baru saja membeli kartu sim simpati . sudah coba registrasi , tetapi tidak ada respon . tolong bantuannya ."", ""kak , bagaimana ini saya daftar paket yellow tidak bisa ."", ""saya mau tanya , ini saya mau beli paket yellow kenapa sama xxxnumberxxx tidak direspons / tidak dibalas ?"", ""selamat malam . mohon saya diberi informasi . paket saya sejak tanggal xxxnumberxxx tertahan dengan status itu dan belum terkirim sampai sekarang . ada apa ?"", ""tolong admin , paket saya belum terkirim dengan resi jp xxxphonexxx ."", ""malam , saya mau komplain . paket statusnya sudah sampai , tetapi saya belum menerimanya . mohon bantuannya . terima kasih ."", ""kartu sim xl saya sudah hilang dan saya ingin mengaktifkan nomor xl saya . apakah bisa ? caranya bagaimana ?"", ""sudah di coba tapi masih tidak bisa . cek dm ."", ""malam , saya ingin mengembalikan barang karena salah kirim . saya diberi info kalau saya harus meng - upload bukti pengirimannya . upload - nya di mana ? terima kasih .""]",False,10,2146,14,True,57,0.06176298,informal,0,0.7406665682792664,0.7396289110183716,130.06990450951102,False,0.0
google/gemma-3-4b-it,informal,formal,hybrid_early,0.9,tolong di perluas lagi ya min jangkauan jaringannya . aku tunggu kabar baiknya min .,"“halo min , tolong diperluas jangkauan jaringannya ya . aku tunggu kabarnya min .”",False,143,4200071,42,"[""sudah saya proses melalui email juga . tolong dipercepat saja melalui emailnya . terima kasih ."", ""sudah aku dm ya min . tolong responnya ."", ""selamat siang , mohon bantuannya untuk di follow up admin , karena saya butuh untuk segera dikirimkan , terima kasih ."", ""halo kak admin . saya sudah dm . mohon di cek . terima kasih ."", ""hi . selamat sore . saya baru saja membeli kartu sim simpati . sudah coba registrasi , tetapi tidak ada respon . tolong bantuannya ."", ""selamat siang kak . mohon diperiksa saya mengirimkan dm . terima kasih ."", ""baik admin , sebentar lagi saya kirim lewat dm . terima kasih ."", ""mohon bantuan segera ya admin , saya tunggu ."", ""selamat malam . mohon saya diberi informasi . paket saya sejak tanggal xxxnumberxxx tertahan dengan status itu dan belum terkirim sampai sekarang . ada apa ?"", ""selama siang admin . saya minta bantuan untuk lacak paket . detil telah saya kirim via dm . terima kasih .""]",False,10,1966,23,True,82,0.28019825,informal,0,0.7922730445861816,0.745465099811554,60.41346585362285,False,0.0
google/gemma-3-4b-it,informal,formal,hybrid_early,0.9,admin tolong ini ada apa dengan toko saya ?,"admin, kok toko saya kenapa sih?",False,145,4200072,42,"[""mohon info , kenapa dengan koneksi bukalapak ?"", ""apakah ini pekerjaan bukalapak resi sudah benar mengapa dana saya dikembalikan ke pembeli ?"", ""admin . kemana jika mau komplain saldo ads tidak bertambah ? bukti transfer ada , tetapi dari aplikasi tokopedia tidak dapat invoice xxxuserxxx ?"", ""hai lazada , mengapa dari kemarin saya buat laporan tidak ada penanganan ? lambat !"", ""blacklist saja ini toko kalau seperti ini hahaha ."", ""tolong ka nas , kasihan tidak ada yang chat ini admin ."", ""admin , saya ingin membayar transaksi bukalapak . mengapa selalu gagal ?"", ""sama seperti saya , pak . paket saya tidak saya terima . klaimnya tidak jelas kapan hasilnya . jangan tunggu ini menyebar !"", ""halo , pengaduan saya pengembalian dana ke kartu kredit belum ditangani . tolonglah jangan diam ."", ""pagi juga admin . terima kasih sudah respon . di rumah , hanya ada istri saja min . tidak ada yang menerima . tetangga juga tidak ada yang namanya sandi .""]",False,10,1951,9,True,32,0.6566753,formal,1,0.6404165625572205,0.8503246307373047,1152.868857784077,True,0.0
google/gemma-3-4b-it,informal,formal,hybrid_early,0.9,"hallo min , saya kok beli fore cofee tidak dapat cashback yaa ? kenapa minn ? bisa di refund tidakk","halo , tadi coba mau beli kopi fore kenapa tidak dapat cashback yaa ? apa bisa di refund tidakk",False,147,4200073,42,"[""tadi saya top up ke shopeepay , sudah berhasil , tapi kenapa di aplikasi tetap xxxnumberxxx ? tolong baca pesan saya . terimakasih ."", ""kak , tadi coba mau beli pulsa telkomsel xxxnumberxxx xxxnumberxxx xxxnumberxxx k , tapi kenapa dibatalkan terus ? apa stoknya lagi kosong ?"", ""saya mau tanya , ini saya mau beli paket yellow kenapa sama xxxnumberxxx tidak direspons / tidak dibalas ?"", ""selamat siang . voucher shopee senilai xxxnumberxxx ribu . apakah ketika melakukan pembelian melebihi nominal tersebut dapat dibayar dengan tunai ? mohon infonya . terima kasih ."", ""cara aktifkan pay later - nya bagaimana , admin ? saya mau pakai di tokopedia ."", ""admin . kemana jika mau komplain saldo ads tidak bertambah ? bukti transfer ada , tetapi dari aplikasi tokopedia tidak dapat invoice xxxuserxxx ?"", ""saya sangat kecewa dengan kejadian seperti ini . saya mohon tindak lanjutnya , karena saya sudah bayar dari jam xxxnumberxxx pagi tadi ."", ""tolong diproses . sudah xxxnumberxxx hari tidak ada perkembangan . uang go - pay saya belum kunjung masuk ."", ""halo , pakey saya dengan nomor resi xxxnumberxxx tidak ada pergerakan dari kemarin . tolong konfirmasinya ."", ""pengembalian saldo karena gagal penarikan membutuhkan waktu berapa lama ? saya sudah melaporkan xxxnumberxxx hari kerja sampai sekarang masih proses ditindaklanjuti terus .""]",False,10,2393,21,False,95,0.0052604005,informal,0,0.8336231708526611,0.8928486108779907,2195.8531392643863,True,0.0
google/gemma-3-4b-it,informal,formal,hybrid_early,0.9,gimana mau terbantu . dm aja ngga slow respon . sudah xxxnumberxxx hari dm saya tidak direspon,“gimana mau terbantu nih. dm ngga slow respon. sudah xxxnumberxxx hari dm saya nggak direspon.”,False,149,4200074,42,"[""admin , mengapa dm saya belum di respon - respons ? sudah xxxnumberxxx hari admin ."", ""saya mau tanya , ini saya mau beli paket yellow kenapa sama xxxnumberxxx tidak direspons / tidak dibalas ?"", ""bales dm admin , sudah xxxnumberxxx hari tidak dibalas ."", ""bagaimana cara dmnya kak ? nomor saya xxxnumberxxx ."", ""sudah xxxnumberxxx hari , status belum juga berubah admin . tadi sudah telepon qc katanya cuma disuruh menunggu ."", ""cek dm coba xxxuserxxx dari tadi komplain tidak ada respons , pulsa sudah terpotong kena tarik per kb ."", ""grab paket hemat saya billingnya itu tanggal xxxnumberxxx juli xxxnumberxxx . sekarang sudah agustus mengapa subscribe - nya masih aktif ?"", ""selamat malam . mohon saya diberi informasi . paket saya sejak tanggal xxxnumberxxx tertahan dengan status itu dan belum terkirim sampai sekarang . ada apa ?"", ""sudah xxxnumberxxx menit tertahan bergini terus , padahal koneksi internet saya normal . tolong dibantu ."", ""sore admin . ini ada keluhan nomor saya , pulsa terpotong terus . padahal tidak berlangganan paket apapun . tolong diperiksa min + xxxnumberxxx xxxnumberxxx - xxxnumberxxx - xxxnumberxxx .""]",False,10,2187,26,True,95,0.0054626544,informal,0,0.9313275814056396,0.8478907346725464,481.66459031220984,False,0.0
google/gemma-3-4b-it,informal,formal,hybrid_early,0.9,"frustasi dgn atm mandiri , hampir tiap hari bermasalah di seputar tang sel , knp bank lain spt b * * jarang sekali masalah , segera berbenah , menyebalkan","“bang, atm mandiri ini bikin kesel banget, tiap hari macet di transfer sel. kenapa bank lain kayak BCA nggak pernah ada masalah. tolong segera diperbaiki, bikin kesel banget.”",False,151,4200075,42,"[""halo , selamat pagi . kalau atm mandiri terblokir karena salah password , mandiri online ikut terblokir tidak ? terima kasih ."", ""halo , pengaduan saya pengembalian dana ke kartu kredit belum ditangani . tolonglah jangan diam ."", ""saldo terpotong , tapi uang tidak keluar . ini sudah kali kedua saya melakukan penarikan tunai di atm ."", ""baik , saya masih di depan mesin atm ."", ""apakah di bca kantor cabang purwokerto ada perbankan akhir pekan ? terima kasih ."", ""pengembalian saldo karena gagal penarikan membutuhkan waktu berapa lama ? saya sudah melaporkan xxxnumberxxx hari kerja sampai sekarang masih proses ditindaklanjuti terus ."", ""bagaimana bos ? urgent . telepon ke xxxnumberxxx menunggu lama sekali . saat sudah nyambung , cs menanyakan panjang lebar keburu habis pulsa masalah tidak selesai ."", ""saya pakai xl prioritas kenapa lambatnya minta ampun ? padahal dulu sangat cepat , apa lagi ada maintenance ?"", ""admin . kenapa jaringan di karawaci mengalami gangguan terus - menerus ?"", ""mengapa ini ? banyak yang mengeluh voucher tidak dapat diakses , termasuk saya juga tidak dapat mengakses voucher .""]",False,10,2223,39,True,175,0.03777401,informal,0,0.7156391143798828,0.6584031581878662,73.31285058814912,False,0.0
google/gemma-3-4b-it,informal,formal,hybrid_early,0.9,"akun grabnya buat ngorder kimcil po , makanya ditangguhkan","admin, kenapa akun grab saya ditangguhkan buat order kimcil PO ya?",False,153,4200076,42,"[""kak , tolong ini halodoc pesanan saya tidak terkirim , tapi di status tertulis terkirim ."", ""admin , kenapa kemarin saya naik grab tetapi tidak bisa bayar dengan saldo gopay ?"", ""grab ada kode promo untuk grab send terbaru tidak ? mengapa yang antar - jakarta expired ?"", ""grabfood error , apakah saya harus beralih ke gofood ?"", ""admin , saya isi gopay tadi pagi kenapa tidak masuk ? padahal sudah dapat sms konfirmasi dari bca ."", ""permisi admin , maaf malam minggu malah tanya . kalau mau ganti nomor rekening ponsel akun gojek driver bagaimana ? soalnya kartunya hilang ."", ""admin , kalau sudah melewati estimasi pengiriman , tapi barang belum sampai bagaimana ?"", ""tolong paket saya belum saya terima tapi pas dicek tracking kenapa sudah delivered ?"", ""halo admin . saldo ovo tidak muncul di grab . padahal nomor hp sudah sama . tolong cek dm admin ."", ""mau bertanya nomor pesanan xxxnumberxxx kapan dikirimnya ? dari kemarin masih pengemasan belum berubah .""]",False,10,1977,18,True,66,0.07373726,informal,0,0.8863571286201477,0.659536600112915,716.3532781186483,False,0.0
google/gemma-3-4b-it,informal,formal,hybrid_early,0.9,jika saya tutup akun tanpa ke kantor cabang dengan cara mengosongkan saldo rekening apakah bisa ?,"“kalau tutup akun tanpa ke cabang, ngosongin saldo rekening bisa gak ya?”",False,155,4200077,42,"[""batas pengiriman dari bca ke bank lain per hari berapa melalu klikbca ?"", ""saya mau tanya , apa nomor rekening yang sudah tidak ditambah saldo selama xxxnumberxxx tahun masih aktif / digunakan ?"", ""mengambil saldo tidak masuk - masuk ke bri saya ."", ""saya kirim uang , mengapa tidak masuk ? padahal status berhasil dan saldo saya terpotong ."", ""tidak bisa update saldo e - money setelah top up di tokopedia itu bagaimana ? tolong aku , admin ."", ""admin . kalau lupa akun shopee bagaimana ? aku daftar lagi tetapi tidak bisa shopeepay karena sudah terdaftar . jadi bagaimana ?"", ""saldo terpotong , tapi uang tidak keluar . ini sudah kali kedua saya melakukan penarikan tunai di atm ."", ""bagaimana ini dana top - up shopeepay saya tidak masuk padahal sudah transfer ."", ""saya berencana menutup kartu pascabayar saya hari ini . tidak bisa ditutup dengan alasan harus menunggu siklus . apakah harus begitu ?"", ""hanya alamat yang berubah . jadi harus ke cabang bca terdekat untuk mengganti kartu ya ? apakah ada biaya tambahan ?""]",False,10,2076,20,True,73,0.010189016,informal,0,0.8504177331924438,0.871372401714325,110.73801081686955,False,0.0
google/gemma-3-4b-it,informal,formal,hybrid_early,0.9,maksudnya sales counter / agen yg online bagaimana kak ?,"admin, cara cari sales counter/agen yang online ya kak?",False,157,4200078,42,"[""admin . kalau lupa akun shopee bagaimana ? aku daftar lagi tetapi tidak bisa shopeepay karena sudah terdaftar . jadi bagaimana ?"", ""kalau membeli ini , apakah masa aktif ikut bertambah ? terima kasih ."", ""cara aktifkan pay later - nya bagaimana , admin ? saya mau pakai di tokopedia ."", ""sama seperti saya , pak . paket saya tidak saya terima . klaimnya tidak jelas kapan hasilnya . jangan tunggu ini menyebar !"", ""bagaimana cara dmnya kak ? nomor saya xxxnumberxxx ."", ""selamat hari minggu admin . kalau mau bayar tiket kereta dari go - mobile bagaimana ?"", ""admin , kenapa saya tidak bisa sms ? saya mau konfirmasi pembelian paket selalu gagal smsnya dari tadi ."", ""selamat malam , ingin bertanya , cara mengenai pendaftaran produk di gojek bagaimana ?"", ""saya salah pilihan isi resi . harusnya otomatis dari si cepat , tapi saya sudah terlanjut bayar tunai . nomor resinya , apakah bisa dirubah ?"", ""coba cek ke website jnt langsung . kadang suka beda track di shopee dan di website .""]",False,10,1999,14,True,55,0.054492258,informal,0,0.8464878797531128,0.807195782661438,799.1643108806442,False,0.0
google/gemma-3-4b-it,informal,formal,hybrid_early,0.9,hallo bisa balas twitt saya dan dm ?,"halo , tolong balas dm saya .",False,159,4200079,42,"[""sudah saya dm . mohon dibalas ."", ""selamat sore , sudah saya dm ya , admin . jadi bagaimana ?"", ""sudah saya dm admin , mohon dicek ."", ""mohon maaf . itu dm aku yang belum dibalas ."", ""halo , tolong respons dm saya ."", ""cek dm dari saya admin ."", ""halo , ini bagaimana tidak bisa di dm . sudah follow akunnya juga ."", ""sudah aku dm ya min . tolong responnya ."", ""sudah admin , tolong cek dm ."", ""maaf admin , nomor saya tidak bisa dipakai internet , nelpon , dll . mohon ditanggapi dm saya .""]",False,10,1482,9,True,29,0.9583225,formal,1,0.6785444021224976,0.7406458258628845,3554.0404059862844,True,0.0
google/gemma-3-4b-it,informal,formal,hybrid_early,0.9,"hallo kak , untuk kendala pada nomor prabayar telkomsel - nya dapat langsung menghubungi rekan kami di xxxuserxxx . terima kasih - mina","halo xxxuserxxx . untuk kendala pada nomor prabayar telkomsel , bisa langsung menghubungi rekan kami di xxxuserxxx . terima kasih - mina",False,161,4200080,42,"[""admin . boleh minta informasi nomor puk untuk nomor xxxnumberxxx ?"", ""sore admin . ini ada keluhan nomor saya , pulsa terpotong terus . padahal tidak berlangganan paket apapun . tolong diperiksa min + xxxnumberxxx xxxnumberxxx - xxxnumberxxx - xxxnumberxxx ."", ""admin , jaringan xxxnumberxxx g dilokasi ini error . tolong dibantu cek . terima kasih sebelumnya ."", ""selamat malam . mohon saya diberi informasi . paket saya sejak tanggal xxxnumberxxx tertahan dengan status itu dan belum terkirim sampai sekarang . ada apa ?"", ""halo xxxuserxxx . sedang ada masalah apakah ? mau membeli paket yellow kenapa dari tadi tidak bisa ?"", ""selamat malam xxxuserxxx mau tanya , kenapa bonus kuota aplikasinya tidak bisa dipakai ? malah tersedot terus kuota utamanya . terima kasih ."", ""halo mas / mbak xxxuserxxx . ini nomor halo saya sudah xxxnumberxxx hari tidak bisa dipakai . rugi hanya bayar tagihan saja tapi tidak terpakai ."", ""hi . selamat sore . saya baru saja membeli kartu sim simpati . sudah coba registrasi , tetapi tidak ada respon . tolong bantuannya ."", ""halo xxxuserxxx . sudah sejak kemarin jaringan anda lambat sekali di kendari , pekerjaan berantakan , ada solusi untuk saya ? terima kasih ."", ""saya pindah kartu simpati lama ke xxxnumberxxx g . katanya ada bonus kuota internet , namun mengapa saya tidak mendapatkannya ? mohon penjelasannya !""]",False,10,2444,31,False,136,0.47431713,informal,0,0.9225293397903442,0.9722427129745483,278.3836468355463,False,0.0
google/gemma-3-4b-it,informal,formal,hybrid_early,0.9,"hmm bentar , aku bakal bikin videonya","“eh bentar , aku bakal bikin videonya.”",False,163,4200081,42,"[""iya mbak ini belum terupdate , sudah dm adminnya ."", ""iya sama , sudah saya dm dari tadi , mbak yang cantik ini . ini signalnya hai !"", ""aduh , aku ngakak . tapi benar juga hahaha ."", ""hahaha , pusing . makanya , mari jadi perempuan dulu ."", ""dikira serius , ku hapus juga ini aplikasi ."", ""sudah aku dm ya min . tolong responnya ."", ""eh salah admin , maksudnya a hahaha ."", ""sudah nonton admin , sangat seru ."", ""selamat sore , sudah saya dm ya , admin . jadi bagaimana ?"", ""tidak . benar gangguan sepertinya . makanya , wa dia sudah masuk hahaha .""]",False,10,1542,12,True,39,0.09673458,informal,0,0.759784460067749,0.8733993768692017,193.6685301709162,False,0.0
google/gemma-3-4b-it,informal,formal,hybrid_early,0.9,"selamat siang . mau tanya , saya kok sulit untuk menerima dan melakukan panggilan setelah penggantian kartu . mohon bantuannya . terima kasih",selamat siang . saya kesulitan menerima panggilan setelah ganti kartu . tolong bantuannya . terima kasih.,False,165,4200082,42,"[""hi . selamat sore . saya baru saja membeli kartu sim simpati . sudah coba registrasi , tetapi tidak ada respon . tolong bantuannya ."", ""tolong , pulsa belum masuk , padahal saya sudah transfer juga . terima kasih ."", ""selamat siang kak . mohon diperiksa saya mengirimkan dm . terima kasih ."", ""malam , saya mau komplain . paket statusnya sudah sampai , tetapi saya belum menerimanya . mohon bantuannya . terima kasih ."", ""halo kak admin . saya sudah dm . mohon di cek . terima kasih ."", ""admin , kenapa saya tidak bisa sms ? saya mau konfirmasi pembelian paket selalu gagal smsnya dari tadi ."", ""admin , mohon periksa dm . ditunggu balasannya . terima kasih ."", ""selamat malam . mohon saya diberi informasi . paket saya sejak tanggal xxxnumberxxx tertahan dengan status itu dan belum terkirim sampai sekarang . ada apa ?"", ""selamat malam . tolong cek pesan admin , kirim paket saya belum dikirim ."", ""hanya alamat yang berubah . jadi harus ke cabang bca terdekat untuk mengganti kartu ya ? apakah ada biaya tambahan ?""]",False,10,2114,21,True,105,0.9453855,formal,1,0.9255591630935669,0.9292322397232056,150.35441037715492,False,0.0
google/gemma-3-4b-it,informal,formal,hybrid_early,0.9,halo apa ini emg lagi gangguan top up via m banking ? kok saldo saya ga nambah ya ?,"“Halo, kok top up lewat m banking nggak berhasil ya? saldo saya kok nggak naik?”",False,167,4200083,42,"[""apakah sedang gangguan ? mengapa transaksi saya selalu gagal ."", ""kak , akun saya kenapa tiba - tiba aktif suppr seller ? padahal tidak pernah diaktifkan . dan poin juga masih belum mencukupi ."", ""bagaimana ini ? seharian tidak bisa , pulsa terpotong terus ."", ""halo admin . saldo ovo tidak muncul di grab . padahal nomor hp sudah sama . tolong cek dm admin ."", ""saya kirim uang , mengapa tidak masuk ? padahal status berhasil dan saldo saya terpotong ."", ""kak , indosat baru saja trouble atau bagaimana ya ? mengapa kartu saya tidak ada sinyal ?"", ""admin , ini kenapa pulsa tiba - tiba hilang ? paket internet masih banyak tapi pulsa terpakai terus . mohon tindak lanjutnya ."", ""pagi admin . ini saya top up pulsa mengapa gagal terus ? itu kenapa admin ?"", ""halo , saya top up grab ovo lewat atm barusan , tapi kenapa belum masuk ?"", ""bni corporate apakah gangguan ? saya coba buka tidak bisa terus .""]",False,10,1940,20,True,80,0.015057218,informal,0,0.8435988426208496,0.8079609870910645,136.64411648812376,False,0.0
google/gemma-3-4b-it,informal,formal,hybrid_early,0.9,ya om . rawan banget bagi driver maupun konsumen .,"“wah om , bener banget , bahaya buat pengemudi sama yang mau pesen.”",False,169,4200084,42,"[""tolong diajarkan pengemudinya di jalan . tidak ada bedanya dengan angkot !"", ""sudah mendingan mbak sekarang . sudah banyak pengemudi ."", ""admin gojek tersayang , tolong pengemudi gk - xxxnumberxxx ada di mana ?"", ""admin . sudah xxxnumberxxx hari saya mau gofood , kenapa tidak mendapat driver terus - menerus ? apakah aplikasi gojek sedang error ?"", ""dibilangnya \"" pengemudi telah sampai , padahal masih jauh sekali . tolong dibenarkan sistem pemberitahuannya ."", ""halo grab , mau tanya . apakah bisa driver dapat xxxnumberxxx order dari orang berbeda dalam xxxnumberxxx waktu ?"", ""klarifikasi gojek nya tidak salah kalau mitranya sedang sibuk , sibuk demo mendadak ."", ""admin , tadi pesan grabfood dan tidak sengaja tertekan rating xxxnumberxxx . cara membalikannya bagaimana ? kasihan dengan bapaknya tidak tega ."", ""pengirim paket jd xxxphonexxx , tolong ditegur . jnt cikupa , sangat lama . pengalaman orang - orang ."", ""bang xxxuserxxx . sinyal buruk daerah mega kuningan . tolong dibantu .""]",False,10,2001,19,True,68,0.091613986,informal,0,0.4966999888420105,0.6391335725784302,206.85023114849997,False,0.0
google/gemma-3-4b-it,informal,formal,hybrid_early,0.9,barang dengan nomor id1913953782285 sudah lebih satu minggu tidak datang .,"barang dengan nomor id1913953782285 sudah lebih dari seminggu tidak sampai - sampai. admin, karena masih belum diterima. terima kasih.",False,171,4200085,42,"[""pembeli sudah konfirmasi dan pesanan selesai . kenapa dana tanggal xxxdatexxx baru dilepas ?"", ""sudah saya coba telpon ke mandiri . dan benar saldo saya terdebit dua kali . mohon bantuannya . nomor pelaporan mandiri : c190909991030424630 ."", ""bl1913pytauginv transaksi batal tapi saldo bl dan dana saya belum kembali . tolong diproses . terima kasih ."", ""admin xxxuserxxx . saya mau komplain terkait dengan nomor resi jp xxxphonexxx . barang diterima dalam keadaan plastik terbuka , sehingga barang ada yang jatuh dan hilang ."", ""halo admin , barang saya sejak tanggal xxxdatexxx sudah di jakarta , tetapi tidak sampai - sampai . admin tolong diperiksa ."", ""nomor transaksi xxxnumberxxx . barang belum dikirim melebihi batas kirim , dana belum masuk ke saldo bl saya ."", ""admin nomor resi jp xxxphonexxx mengapa belum dikirim - kirim dari hari sabtu ?"", ""halo xxxuserxxx . mohon input resi sicepat xxxnumberxxx dari nomor transaksi xxxnumberxxx , produk dropship ke alamat sesuai aplikasi bukalapak . terima kasih ."", ""halo xxxuserxxx , kalau paket salah tulis nomor rumah apakah bisa diganti ? sudah terlanjur dikirim baru tahu kalau nomor rumahnya salah ."", ""mohon info status pengiriman dengan nomor resi jd xxxphonexxx tujuan medan , admin , karena masih belum diterima . paket dikirim dari bandung tanggal xxxdatexxx . terima kasih .""]",False,10,2368,39,True,134,0.565842,formal,1,0.7617143392562866,0.8577805757522583,84.80559333708426,False,0.0
google/gemma-3-4b-it,informal,formal,hybrid_early,0.9,"saya juga curiga karena uang yg diambil dalam jumlah yg sama besar , saya sangaat kecewa , mohon kejelasannya","“saya sangat kecewa dengan hal ini. mohon dijelaskan, karena uang yang diambil dalam jumlah yang sama besar.”",False,173,4200086,42,"[""saya sangat kecewa dengan kejadian seperti ini . saya mohon tindak lanjutnya , karena saya sudah bayar dari jam xxxnumberxxx pagi tadi ."", ""malam , saya ingin mengembalikan barang karena salah kirim . saya diberi info kalau saya harus meng - upload bukti pengirimannya . upload - nya di mana ? terima kasih ."", ""admin xxxuserxxx . saya mau komplain terkait dengan nomor resi jp xxxphonexxx . barang diterima dalam keadaan plastik terbuka , sehingga barang ada yang jatuh dan hilang ."", ""sudah saya balas lagi min . bisa lihat dm ? karena saya sudah bayar dan nominalnya tidak sebanyak yang dilaporkan ."", ""paket saya dengan nomor resi xxxnumberxxx dilaporkan oleh pihak jtr bandung bahwa barangnya hilang karena kapal terbakar . bagaimana ini ?"", ""sama seperti saya , pak . paket saya tidak saya terima . klaimnya tidak jelas kapan hasilnya . jangan tunggu ini menyebar !"", ""bl1913pytauginv transaksi batal tapi saldo bl dan dana saya belum kembali . tolong diproses . terima kasih ."", ""kalau ajukan pembatalan dimana pesanan barang yang dibeli sudah dibayar dan bayarnya pakai kartu kredit , mekanisme pengembalian dananya bagaimana ?"", ""saya kirim uang , mengapa tidak masuk ? padahal status berhasil dan saldo saya terpotong ."", ""selamat malam , mau tanya kalau proses pengembalian dana ( selisih ongkos kirim ) biasanya berapa lama ya admin ?""]",False,10,2411,25,True,109,0.79568344,formal,1,0.7895780801773071,0.7876424789428711,49.18693185254845,False,0.0
google/gemma-3-4b-it,informal,formal,hybrid_early,0.9,"orderan g sampe , duit ilang . bener2 de driver xxxuserxxx kecewa makin banyak aja org jahat y","admin , orderan gak dateng , duit udah ilang . bener2 driver xxxuserxxx gak jelas , kecewa banget makin banyak aja orang jahat .",False,175,4200087,42,"[""admin gojek tersayang , tolong pengemudi gk - xxxnumberxxx ada di mana ?"", ""admin . sudah xxxnumberxxx hari saya mau gofood , kenapa tidak mendapat driver terus - menerus ? apakah aplikasi gojek sedang error ?"", ""jp xxxphonexxx . paket saya kemana ! ini tidak ada tanggapan sama sekali setan . kurirnya bodoh cs tuli ."", ""tolong cek nomor saya , admin . mengapa tiba - tiba sms pulsa terpakai hingga xxxnumberxxx ribu ? saya dengar ada pulsa safe ? omong kosong pulsa safe ! anjing !"", ""halo , ini mendesak , nomor customer service berapa ? ini whatsapp ayah saya di - hack di nomor + xxxnumberxxx xxxnumberxxx xxxnumberxxx ."", ""xxxnumberxxx transaksi tersebut mengapa batal ? itukan sudah dikirim . kurir sudah jemput ."", ""resi jp xxxphonexxx mengapa xxxnumberxxx hari masih di gudang surabaya ? tidak jalan - jalan ."", ""halo admin xxxuserxxx minta tolong cek pesan ."", ""tolong xxxuserxxx ini diproses , modus penipuan ."", ""halo admin , barang saya sejak tanggal xxxdatexxx sudah di jakarta , tetapi tidak sampai - sampai . admin tolong diperiksa .""]",False,10,2099,34,True,128,0.0023778444,informal,0,0.8531880378723145,0.7949233055114746,158.6990194707567,False,0.0
google/gemma-3-4b-it,informal,formal,hybrid_early,0.9,"baik , di tunggu progress nya ya . terimakasih","baik , ditunggu progressnya ya. terima kasih.",False,177,4200088,42,"[""sudah aku dm ya min . tolong responnya ."", ""baik kak , ditunggu ya pickup - nya . terima kasih atas perhatiannya ."", ""mohon bantuan segera ya admin , saya tunggu ."", ""ditunggu penyelesaian kasusnya . cek dm . terima kasih ."", ""sudah jelas kak . terimakasih responsnya ."", ""ok . siap kak . terima kasih responnya , kak ."", ""siang admin , email saya belum ada balasan juga ."", ""selamat siang , mohon bantuannya untuk di follow up admin , karena saya butuh untuk segera dikirimkan , terima kasih ."", ""admin , tolong cek dm ya . terima kasih ."", ""sudah saya dm . mohon dibalas .""]",False,10,1576,12,True,45,0.043926865,informal,0,0.9424053430557251,0.9694230556488037,892.6032973161631,False,0.0
google/gemma-3-4b-it,informal,formal,hybrid_early,0.9,saya gabisa mengirim dm ke akun ini .,"""ini dm - nya , kok belum dibales ya admin?""",False,179,4200089,42,"[""sudah saya dm . mohon dibalas ."", ""mohon maaf . itu dm aku yang belum dibalas ."", ""mana dm - nya admin ? belum masuk ke dm saya ."", ""sudah saya dm admin , mohon dicek ."", ""halo , ini bagaimana tidak bisa di dm . sudah follow akunnya juga ."", ""cek dm dari saya admin ."", ""maaf admin , nomor saya tidak bisa dipakai internet , nelpon , dll . mohon ditanggapi dm saya ."", ""sudah admin , tolong cek dm ."", ""sudah saya dm tetapi kenapa belum dijawab ?"", ""ini twitter yang error apa sinyal saya yang error ? saya ig , yt , wa bisa , tapi untuk twitter sama ml tidak bisa .""]",False,10,1559,15,True,44,0.0062391395,informal,0,0.5613447427749634,0.5077435970306396,163.39645473152743,False,0.0
google/gemma-3-4b-it,informal,formal,hybrid_early,0.9,"udah aku dm lho kak dari tadi pagi , fyi aja","halo kak , udah dm lho dari tadi pagi , cek dm ya!",False,181,4200090,42,"[""iya sama , sudah saya dm dari tadi , mbak yang cantik ini . ini signalnya hai !"", ""iya mbak ini belum terupdate , sudah dm adminnya ."", ""bales dm kawan , dari pagi di - dm ."", ""kak , tolong ini halodoc pesanan saya tidak terkirim , tapi di status tertulis terkirim ."", ""selamat sore , sudah saya dm ya , admin . jadi bagaimana ?"", ""admin , saya isi gopay tadi pagi kenapa tidak masuk ? padahal sudah dapat sms konfirmasi dari bca ."", ""kak , mohon maaf , sebelum bawa perasaan , sebaiknya periksa dm dari aku dahulu ."", ""sudah admin , tolong cek dm ."", ""sudah kak budi , tolong ditindaklanjuti . terima kasih ."", ""halo , tolong cek dm . penting .""]",False,10,1645,15,True,50,0.0016498144,informal,0,0.7971493005752563,0.6625126004219055,1061.0758565991337,True,0.0
google/gemma-3-4b-it,informal,formal,hybrid_early,0.9,dari tadi mention terus gak dibalas . tolong dong dibalas . dm saya juga tolong dibalas,"admin, tolong balas dm aku ya. udah beberapa kali mention, belum ada balasan.",False,183,4200091,42,"[""sudah saya dm . mohon dibalas ."", ""iya , admin , tolong dibaca dm - nya . terima kasih ."", ""admin tolong cek dm . terima kasih ."", ""mas , mbak , respons mention saya dong . sangat lambat pelayanannya ."", ""admin , tolong cek dm ya . terima kasih ."", ""siang admin , email saya belum ada balasan juga ."", ""halo admin . saya ingin menonaktifkan akun go - jek saya . mohon diperiksa dmnya . saya sedih , sudah dari kemarin mention namun tidak ada tanggapan ."", ""admin grab yang baik hari . saya minta tolong untuk periksa dm ya . terima kasih ."", ""dari tadi selalu seperti ini . ini kenapa ya admin . aku kirim pesan admin juga tidak bisa ."", ""mohon maaf . itu dm aku yang belum dibalas .""]",False,10,1726,20,True,77,0.008025405,informal,0,0.8250503540039062,0.6364419460296631,77.77847094362583,False,0.0
google/gemma-3-4b-it,informal,formal,hybrid_early,0.9,kalo saya setuju dan kemudian saya menolak tidak bisa di setujui ya ? jadi gimana solusinya buat saya ?,"iya , kalau setuju bisa , tapi kalau nggak bisa disetujui , nggak bisa ya ? gimana caranya buat saya ?",False,185,4200092,42,"[""iya , saya sudah menyetujui karena saya buru - buru dan kurang paham . apakah bisa saya batalkan ?"", ""ya kalau cancel bisa , maksudnya tidak bisa transaksi karena layarnya tidak bisa diapa - apakan ."", ""saya salah pilihan isi resi . harusnya otomatis dari si cepat , tapi saya sudah terlanjut bayar tunai . nomor resinya , apakah bisa dirubah ?"", ""malam , saya ingin mengembalikan barang karena salah kirim . saya diberi info kalau saya harus meng - upload bukti pengirimannya . upload - nya di mana ? terima kasih ."", ""kira - kira berapa lama prosesnya ? saya mengajukan kemarin , kira - kira kapan saya bisa mendapatkan notifikasinya ?"", ""tolong di cek untuk , awb : xxxnumberxxx . statusnya misroute itu artinya apa ? lalu untuk paket saya kapan sampainya ? terima kasih ."", ""malam , saya mau komplain . paket statusnya sudah sampai , tetapi saya belum menerimanya . mohon bantuannya . terima kasih ."", ""kalau mau melampirkan surat keterangan domisili di kolom mana ? sedangkan saya belum dapat sms sama sekali untuk melengkapi berkas ."", ""sama seperti saya , pak . paket saya tidak saya terima . klaimnya tidak jelas kapan hasilnya . jangan tunggu ini menyebar !"", ""admin , kenapa saya tidak bisa sms ? saya mau konfirmasi pembelian paket selalu gagal smsnya dari tadi .""]",False,10,2333,25,True,102,0.012217855,informal,0,0.7488374710083008,0.8015176653862,95.07010282242997,False,0.0
google/gemma-3-4b-it,informal,formal,hybrid_early,0.9,maaf saya kok gk bisa dm ya ? no saya xxxnumberxxx mau daftar paket freedom yg xxxnumberxxx xxxnumberxxx k dapat xxxnumberxxx giga kak,"tolong dong admin , kenapa ya aku gk bisa dm ya? no aku xxxnumberxxx mau daftar paket freedom yg xxxnumberxxx xxxnumberxxx , k bisa dapet xxxnumberxxx giga kak",False,187,4200093,42,"[""sore admin . ini ada keluhan nomor saya , pulsa terpotong terus . padahal tidak berlangganan paket apapun . tolong diperiksa min + xxxnumberxxx xxxnumberxxx - xxxnumberxxx - xxxnumberxxx ."", ""pulsa saya berkurang xxxnumberxxx padahal tidak digunakan . saya mau beli paket jadi kurang , bagaimana ini ? xxxnumberxxx"", ""bagaimana cara dmnya kak ? nomor saya xxxnumberxxx ."", ""tolong hentikan sms xxxnumberxxx ke nomor saya xxxnumberxxx . mengurangi pulsa saya ."", ""pulsa saya terakhir , sekitar xxxnumberxxx . lalu isi ulang xxxnumberxxx . mengapa sekarang jumlahnya hanya xxxnumberxxx ? nomornya xxxnumberxxx ."", ""nomor transaksi saya xxxnumberxxx . saya sudah tunggu xxxnumberxxx hari tapi dana tidak balik - balik . duitnya tidak sedikit . tanggung jawab . mengapa dana orang ditahan - tahan ?"", ""admin . boleh minta informasi nomor puk untuk nomor xxxnumberxxx ?"", ""jp xxxphonexxx admin , tolong ini paket saya tidak sampai - sampai , padahal pengiriman sesama jakarta bisa xxxnumberxxx hari ."", ""paket saya dengan resi xxxnumberxxx kenapa macet dan belum dikirimkan dari tanggal xxxnumberxxx ?"", ""admin , kalau mau kirim pulsa ke telkomsel bisa tidak hanya xxxnumberxxx ribu begitu ?""]",False,10,2276,41,False,159,0.0021626346,informal,0,0.9263912439346313,0.8561922311782837,255.71329932787424,False,0.0
google/gemma-3-4b-it,informal,formal,hybrid_early,0.9,min jne trucking dr medan ke pinang ranti berat sekitar xxxnumberxxx - xxxnumberxxx kilo brp y min ? sya cek kok malah tambah mahal min ?,"min jne trucking dari medan ke pinang ranti, berat sekitar xxxnumberxxx - xxxnumberxxx kilo, berapa ya min? sya cek kok malah tambah mahal min?",False,189,4200094,42,"[""jp xxxphonexxx admin , tolong ini paket saya tidak sampai - sampai , padahal pengiriman sesama jakarta bisa xxxnumberxxx hari ."", ""paket saya dengan resi xxxnumberxxx kenapa macet dan belum dikirimkan dari tanggal xxxnumberxxx ?"", ""kak , paket nomor resi ini xxxnumberxxx sudah sampai di mana ?"", ""nomor transaksi xxxnumberxxx . barang belum dikirim melebihi batas kirim , dana belum masuk ke saldo bl saya ."", ""jb xxxphonexxx , sudah seminggu paket tidak sampai , padahal masih dalam jakarta . malah dikirim ke surabaya untuk apa ? jnt sistemnya seperti apa ?"", ""xxxnumberxxx transaksi tersebut mengapa batal ? itukan sudah dikirim . kurir sudah jemput ."", ""paket saya dengan nomor resi xxxnumberxxx dilaporkan oleh pihak jtr bandung bahwa barangnya hilang karena kapal terbakar . bagaimana ini ?"", ""saya ada kiriman dari inggris , statusnya sekarang ' unsuccessfull delivery ' pada tanggal xxxnumberxxx agustus xxxnumberxxx . kira - kira kapan dilakukan pengiriman ulang ke rumah saya ?"", ""malam , saya ingin mengembalikan barang karena salah kirim . saya diberi info kalau saya harus meng - upload bukti pengirimannya . upload - nya di mana ? terima kasih ."", ""ada apa dengan kurir pos ? sampai saat ini belum juga terbaharui ongkos kirimnya . padahal sejak tanggal xxxdatexxx , sudah berlaku tarif baru .""]",False,10,2401,36,True,143,0.00412746,informal,0,0.9640740156173706,0.9557449221611023,218.85859296147723,False,0.0
google/gemma-3-4b-it,informal,formal,hybrid_early,0.9,"min m - banking saya keblokir gara gara lupa password , boleh dibantu cara aktivasi kembali m - banking saya ?","“halo admin, m-banking saya keblokir karena lupa password, tolong bantu aktifkan kembali m-banking saya ya?”",False,191,4200095,42,"[""tolong cek pesan dari saya ada yang mencoba masuk ke akun i - banking saya sampai terblokir ."", ""admin , maaf mau tanya lagi . kalau m - bca yang keblokir , atm - nya tidak ikut keblokir juga kan ?"", ""hai admin . saya baru saja memperbaharui aplikasi bri mobile . saat mau masuk ke internet banking , mengapa muncul aktivasi ? bisa tolong dibantu ?"", ""kartu sim xl saya sudah hilang dan saya ingin mengaktifkan nomor xl saya . apakah bisa ? caranya bagaimana ?"", ""saya lupa pin , bagaimana reset - nya ? apakah saya harus menelepon cs ?"", ""mohon dibantu sinyal indosatnya , mengapa sangat lambat ? padahal baru daftar paket internet ."", ""halo , selamat pagi . kalau atm mandiri terblokir karena salah password , mandiri online ikut terblokir tidak ? terima kasih ."", ""halo admin . saldo ovo tidak muncul di grab . padahal nomor hp sudah sama . tolong cek dm admin ."", ""bni corporate apakah gangguan ? saya coba buka tidak bisa terus ."", ""maaf admin , nomor saya tidak bisa dipakai internet , nelpon , dll . mohon ditanggapi dm saya .""]",False,10,2099,28,True,108,0.08148658,informal,0,0.9238170385360718,0.861956775188446,18.497545792712167,False,0.0
google/gemma-3-4b-it,informal,formal,hybrid_early,0.9,udah dua hari stuck gitu dari tanggal xxxnumberxxx gak dianterin padahal udah di kota saya ini kurirnya kenapa ya tolong follow up jp xxxphonexxx,"admin , paket saya sudah dua hari stuck di kota saya , tolong follow up jp xxxphonexxx",False,193,4200096,42,"[""halo admin , barang saya sejak tanggal xxxdatexxx sudah di jakarta , tetapi tidak sampai - sampai . admin tolong diperiksa ."", ""jp xxxphonexxx admin , tolong ini paket saya tidak sampai - sampai , padahal pengiriman sesama jakarta bisa xxxnumberxxx hari ."", ""paket saya dengan resi xxxnumberxxx kenapa macet dan belum dikirimkan dari tanggal xxxnumberxxx ?"", ""halo admin , tolong dibantu nomor resi jp xxxphonexxx dan jp xxxphonexxx status sudah diterima . tapi saya dan orang rumah belum terima paketnya . tolong dibantu ."", ""halo xxxuserxxx , kalau paket salah tulis nomor rumah apakah bisa diganti ? sudah terlanjur dikirim baru tahu kalau nomor rumahnya salah ."", ""saya sangat kecewa dengan kejadian seperti ini . saya mohon tindak lanjutnya , karena saya sudah bayar dari jam xxxnumberxxx pagi tadi ."", ""admin , paketan saya mengapa sejak kemarin tidak ada perubahan ? mengapa stuck ? saya memakai ons resi xxxnumberxxx ."", ""jb xxxphonexxx , sudah seminggu paket tidak sampai , padahal masih dalam jakarta . malah dikirim ke surabaya untuk apa ? jnt sistemnya seperti apa ?"", ""admin paketku di mana ? aku sudah menghubungi customer service bahwa pulsaku habis , jadi terputus . padahal , di track sudah sampai tujuan , tapi tidak saya terima jp xxxphonexxx"", ""sudah xxxnumberxxx hari say . template csnya suruh menunggu terus - menerus xxxnumberxxx x24 jam . tetapi tidak pernah dikembalikan uangnya .""]",False,10,2507,22,False,86,0.115751855,informal,0,0.7881499528884888,0.7620019316673279,350.61416528946904,False,0.0
google/gemma-3-4b-it,informal,formal,hybrid_early,0.9,"jaringn internet xxxnumberxxx g saya error , hanya bisa h + itupun lemot sekali .","“Jaringn internet xxxnumberxxx g error, cuma bisa h+ itu pun lemot sekali.”",False,195,4200097,42,"[""sinyal aku xxxnumberxxx g penuh tetapi mengapa buka google saja lambat , apalagi yang lain . terpaksa ganti operator seluler . tolong ."", ""mengapa perpanjang internet tidak bisa ? xxxnumberxxx juga tidak bisa ?"", ""sudah non aktif , jaringannya juga sudah xxxnumberxxx g atau xxxnumberxxx g . tetap tidak bisa ."", ""kecepatannya saja menurun , sangat tidak stabil padahal tersambung xxxnumberxxx g + ."", ""sudah xxxnumberxxx menit tertahan bergini terus , padahal koneksi internet saya normal . tolong dibantu ."", ""pulsa saya berkurang xxxnumberxxx padahal tidak digunakan . saya mau beli paket jadi kurang , bagaimana ini ? xxxnumberxxx"", ""sudah kak . sudah saya ganti ke xxxnumberxxx g , tapi tetap susah ."", ""admin , jaringannya kenapa lagi ? xxxnumberxxx g tapi tidak ada internet . yang sebelah malah lancar jaya ."", ""sore admin . ini ada keluhan nomor saya , pulsa terpotong terus . padahal tidak berlangganan paket apapun . tolong diperiksa min + xxxnumberxxx xxxnumberxxx - xxxnumberxxx - xxxnumberxxx ."", ""ini masih gangguan sinyal xxxnumberxxx g . tidak bisa aktif datanya ?""]",False,10,2118,22,True,75,0.30862027,informal,0,0.9280228018760681,0.8595831394195557,633.7094306005662,False,0.0
google/gemma-3-4b-it,informal,formal,hybrid_early,0.9,"gimana nih , j & t udah xxxnumberxxx hari paket saya gak ada perkembangan !","“udah xxxnumberxxx hari, paketku belum ada perkembangan dari J&T.”",False,197,4200098,42,"[""sudah xxxnumberxxx hari , status belum juga berubah admin . tadi sudah telepon qc katanya cuma disuruh menunggu ."", ""malam kak . mengapa paketan saya dengan resi xxxnumberxxx , sudah xxxnumberxxx hari statusnya belum berubah ?"", ""selamat malam . mohon saya diberi informasi . paket saya sejak tanggal xxxnumberxxx tertahan dengan status itu dan belum terkirim sampai sekarang . ada apa ?"", ""jb xxxphonexxx , sudah seminggu paket tidak sampai , padahal masih dalam jakarta . malah dikirim ke surabaya untuk apa ? jnt sistemnya seperti apa ?"", ""saya mau tanya , ini saya mau beli paket yellow kenapa sama xxxnumberxxx tidak direspons / tidak dibalas ?"", ""hai jnt xxxuserxxx . mau tanya mengapa paket yang saya kirim masih begini saja . mohon pencerahannya ."", ""kak , paket nomor resi ini xxxnumberxxx sudah sampai di mana ?"", ""sore admin . ini ada keluhan nomor saya , pulsa terpotong terus . padahal tidak berlangganan paket apapun . tolong diperiksa min + xxxnumberxxx xxxnumberxxx - xxxnumberxxx - xxxnumberxxx ."", ""pulsa saya berkurang xxxnumberxxx padahal tidak digunakan . saya mau beli paket jadi kurang , bagaimana ini ? xxxnumberxxx"", ""halo , pakey saya dengan nomor resi xxxnumberxxx tidak ada pergerakan dari kemarin . tolong konfirmasinya .""]",False,10,2281,18,True,66,0.55578685,formal,1,0.8380308151245117,0.7660670876502991,322.7882748751516,False,0.0
google/gemma-3-4b-it,informal,formal,hybrid_early,0.9,main ps sama sinb ga ada ?,“main ps sama sinb ga ada ?”,False,199,4200099,42,"[""maksudnya lewat laptop via situs ?"", ""paket internet lokal , bagaimana kelanjutan jalan keluarnya ?"", ""channel pengisian kuota maksudnya bagaimana ?"", ""admin , kenapa jaringan selalu hidup mati ? harus pindah - pindah apn baru tersambung ."", ""pakai wi - fi ( vsat . seluler mati sudah hampir dua minggu ."", ""ini apa maksudnya status di hold ? goblok banget . ditunggu dari pagi ."", ""kalau membeli ini , apakah masa aktif ikut bertambah ? terima kasih ."", ""saya mau ganti device bca mobile dari android ke ios bagaimana caranya ?"", ""mengapa tidak ada sinyal ini ?"", ""mengapa jaringan di permainan selalu buruk ? selalu turun , ping tidak pernah stabil .""]",False,10,1634,10,True,28,0.0021660833,informal,0,0.9218533039093018,0.8050945401191711,2945.5292316801933,True,0.0
google/gemma-3-4b-it,informal,formal,hybrid_early,0.9,mantap xxxuserxxx segini + soup cream cuman xxxnumberxxx,mantap xxxuserxxx segini + soup cream cuman xxxnumberxxx,False,201,4200100,42,"[""keluar update versi xxxnumberxxx . xxxnumberxxx kapan admin ?"", ""ada apa denganmu ? xxxnumberxxx g itu ."", ""jam xxxnumberxxx atau jam xxxnumberxxx masih ada tidak admin ?"", ""pulsa saya terakhir , sekitar xxxnumberxxx . lalu isi ulang xxxnumberxxx . mengapa sekarang jumlahnya hanya xxxnumberxxx ? nomornya xxxnumberxxx ."", ""shopee tangkap xxxnumberxxx miliar jam xxxnumberxxx malam xxxdatexxx ."", ""hahaha , benar juga . xxxnumberxxx lebih banyak pilihannya ."", ""malam kak . mengapa paketan saya dengan resi xxxnumberxxx , sudah xxxnumberxxx hari statusnya belum berubah ?"", ""halo admin xxxuserxxx . tolong periksa dm ."", ""xxxnumberxxx , xxxemailxxx , dan karena lupa password ."", ""sudah hampir xxxnumberxxx hari , paket belum rilis . ada apa ?""]",False,10,1755,16,False,56,0.0011807308,informal,0,1.0,1.0,6503.483224571187,True,0.0
google/gemma-3-4b-it,informal,formal,hybrid_early,0.9,"mas , mbak , seventeen mau upload teaser nanti malem jam xxxnumberxxx , tolong aplikasinya jangan error mulu saya mau beli paket . makasih . jangan lupa stan seventeen .","mas, mbak, seventeen mau upload teaser nanti malam jam xxxnumberxxx, tolong aplikasinya jangan error ya, saya mau beli paket. makasih. jangan lupa stan seventeen.",False,203,4200101,42,"[""jam xxxnumberxxx lama sekali ! saya mau menghabiskan kuota malem xxxuserxxx ! apakah tidak bisa , kuota malamnya diganti jadi kuota siang ?"", ""saya mau tanya , ini saya mau beli paket yellow kenapa sama xxxnumberxxx tidak direspons / tidak dibalas ?"", ""hai jnt xxxuserxxx . mau tanya mengapa paket yang saya kirim masih begini saja . mohon pencerahannya ."", ""sudah xxxnumberxxx hari , status belum juga berubah admin . tadi sudah telepon qc katanya cuma disuruh menunggu ."", ""admin , saya isi gopay tadi pagi kenapa tidak masuk ? padahal sudah dapat sms konfirmasi dari bca ."", ""admin , kenapa saya tidak bisa sms ? saya mau konfirmasi pembelian paket selalu gagal smsnya dari tadi ."", ""siap . mas xxxuserxxx kalau bisa sebelum xxxnumberxxx jam tolong dicek . lagi urgent perlu nelpon ."", ""kak , tadi coba mau beli pulsa telkomsel xxxnumberxxx xxxnumberxxx xxxnumberxxx k , tapi kenapa dibatalkan terus ? apa stoknya lagi kosong ?"", ""grab paket hemat saya billingnya itu tanggal xxxnumberxxx juli xxxnumberxxx . sekarang sudah agustus mengapa subscribe - nya masih aktif ?"", ""hai xxxuserxxx xxxuserxxx , kenapa setelah di - update versinya jadi loading lama dan tidak bisa lihat apa - apa ? saya mau lihat status pesanan saya .""]",False,10,2352,38,True,162,0.02131939,informal,0,0.9842545986175537,0.9941462278366089,230.67174744595548,False,0.0
google/gemma-3-4b-it,informal,formal,hybrid_early,0.9,lagi pada beli motor gan masih inden xxxnumberxxx taun,"""aku lagi nunggu motor nih, inden xxxnumberxxx tahun.""",False,205,4200102,42,"[""paket saya dengan resi xxxnumberxxx kenapa macet dan belum dikirimkan dari tanggal xxxnumberxxx ?"", ""grab paket hemat saya billingnya itu tanggal xxxnumberxxx juli xxxnumberxxx . sekarang sudah agustus mengapa subscribe - nya masih aktif ?"", ""apakah besok ada surprise deal xxxnumberxxx xxxnumberxxx gb ? saya mau beli ."", ""sore admin . ini ada keluhan nomor saya , pulsa terpotong terus . padahal tidak berlangganan paket apapun . tolong diperiksa min + xxxnumberxxx xxxnumberxxx - xxxnumberxxx - xxxnumberxxx ."", ""sudah xxxnumberxxx x24 jam transaksi pengisian pulsa pada tanggal xxxnumberxxx agustus xxxnumberxxx pukul xxxnumberxxx tetapi belum masuk juga ya admin ?"", ""pulsa saya berkurang xxxnumberxxx padahal tidak digunakan . saya mau beli paket jadi kurang , bagaimana ini ? xxxnumberxxx"", ""nomor transaksi saya xxxnumberxxx . saya sudah tunggu xxxnumberxxx hari tapi dana tidak balik - balik . duitnya tidak sedikit . tanggung jawab . mengapa dana orang ditahan - tahan ?"", ""pulsa saya terakhir , sekitar xxxnumberxxx . lalu isi ulang xxxnumberxxx . mengapa sekarang jumlahnya hanya xxxnumberxxx ? nomornya xxxnumberxxx ."", ""percuma , pulsa aku saja sisa xxxnumberxxx dan sedikit lagi berakhir ."", ""saya mau tanya , ini saya mau beli paket yellow kenapa sama xxxnumberxxx tidak direspons / tidak dibalas ?""]",False,10,2324,15,True,54,0.02000841,informal,0,0.8731652498245239,0.6414235830307007,816.809738041081,False,0.0
google/gemma-3-4b-it,informal,formal,hybrid_early,0.9,"kak ko saya gabisa beli paket ya ? saya mau beli yg xxxnumberxxx , pulsa saya juga pas xxxnumberxxx . tapi disini malah tulisannya pulsa tidak cukup ?","kak, kenapa aku gak bisa beli paket ya? mau beli yang xxxnumberxxx, pulsa juga pas xxxnumberxxx. tapi kok malah tulisannya pulsa gak cukup?",False,207,4200103,42,"[""sore admin . ini ada keluhan nomor saya , pulsa terpotong terus . padahal tidak berlangganan paket apapun . tolong diperiksa min + xxxnumberxxx xxxnumberxxx - xxxnumberxxx - xxxnumberxxx ."", ""saya mau tanya , ini saya mau beli paket yellow kenapa sama xxxnumberxxx tidak direspons / tidak dibalas ?"", ""pulsa saya berkurang xxxnumberxxx padahal tidak digunakan . saya mau beli paket jadi kurang , bagaimana ini ? xxxnumberxxx"", ""oh seperti itu , baru saja aku coba registrasi ke xxxnumberxxx sms - nya selalu gagal kak , bagaimana ?"", ""bagaimana cara dmnya kak ? nomor saya xxxnumberxxx ."", ""paket saya sampai mana ? resi xxxnumberxxx . terima kasih ."", ""kak , tadi coba mau beli pulsa telkomsel xxxnumberxxx xxxnumberxxx xxxnumberxxx k , tapi kenapa dibatalkan terus ? apa stoknya lagi kosong ?"", ""selamat malam . mohon saya diberi informasi . paket saya sejak tanggal xxxnumberxxx tertahan dengan status itu dan belum terkirim sampai sekarang . ada apa ?"", ""telat bayar wifi saat mau bayar jadi xxxnumberxxx ribu ."", ""tadi saya top up ke shopeepay , sudah berhasil , tapi kenapa di aplikasi tetap xxxnumberxxx ? tolong baca pesan saya . terimakasih .""]",False,10,2257,34,True,139,0.0088086445,informal,0,0.903152346611023,0.9051599502563477,115.88400137130405,False,0.0
google/gemma-3-4b-it,informal,formal,hybrid_early,0.9,"kak xxxuserxxx check dm ya , terimakasih","halo xxxuserxxx , tolong cek dm ya . terima kasih!",False,209,4200104,42,"[""halo xxxuserxxx , mohon cek dm saya ."", ""halo admin xxxuserxxx . tolong periksa dm ."", ""halo xxxuserxxx , tolong balas dm saya ."", ""halo admin xxxuserxxx minta tolong cek pesan ."", ""bagaimana xxxuserxxx tolong ditindaklanjuti !"", ""hai xxxuserxxx . tolong periksa dm saya . terima kasih !"", ""sayang xxxuserxxx , saya mengikuti ini ya ."", ""tolong cek jb xxxphonexxx dari tanggal xxxnumberxxx mengapa tidak ada status lagi ?"", ""bales dm admin , sudah xxxnumberxxx hari tidak dibalas ."", ""tolong xxxuserxxx ini diproses , modus penipuan .""]",False,10,1530,15,True,50,0.59910434,formal,1,0.8151839375495911,0.85232013463974,781.1305418032889,False,0.0
google/gemma-3-4b-it,informal,formal,hybrid_early,0.9,halo xxxuserxxx apa three lagi gangguan ? kenapa lemot bgt internet sy,"halo xxxuserxxx, kenapa internetnya lama banget sih?",False,211,4200105,42,"[""kak , indosat baru saja trouble atau bagaimana ya ? mengapa kartu saya tidak ada sinyal ?"", ""tolong xxxuserxxx , dari kemarin sore jaringanya penuh tapi tidak terhubung ke internet . padahal kuota masih lumayan banyak ."", ""halo xxxuserxxx . paket saya malah bolak - balik seperti ini ."", ""kecepatannya saja menurun , sangat tidak stabil padahal tersambung xxxnumberxxx g + ."", ""dear indosat , saya mau isi paket , tetapi mengapa tidak bisa ya ? sudah sejak jam xxxtimexxx tadi pulsa sudah masuk tetapi tidak bisa aktif ."", ""ini masih gangguan sinyal xxxnumberxxx g . tidak bisa aktif datanya ?"", ""halo xxxuserxxx . sedang ada masalah apakah ? mau membeli paket yellow kenapa dari tadi tidak bisa ?"", ""tolong bantu , kenapa nomor simpati saya tidak bisa menerima sms dari nomor tri , padahal ditelepon bisa ."", ""xxxuserxxx sedang bermasalah . pantas tidak bisa - bisa dan saya harus ambil hotspot dari telepon genggam satunya yang pakai xxxuserxxx lancar jaya . terima kasih ."", ""tolong xxxuserxxx . kenapa jaringan hilang tidak jelas terus ?""]",False,10,2067,13,True,52,0.016972838,informal,0,0.8102931976318359,0.7549450993537903,1884.0611312431035,True,0.0
google/gemma-3-4b-it,informal,formal,hybrid_early,0.9,sudah saya kirim min mohon di cek,"admin, sudah saya kirim, mohon dicek.",False,213,4200106,42,"[""selamat malam . tolong cek pesan admin , kirim paket saya belum dikirim ."", ""sudah saya dm admin , mohon dicek ."", ""sudah saya dm . mohon dibalas ."", ""admin , tolong cek dm ya . terima kasih ."", ""baik admin , sebentar lagi saya kirim lewat dm . terima kasih ."", ""siang admin , email saya belum ada balasan juga ."", ""tolong paket saya belum saya terima tapi pas dicek tracking kenapa sudah delivered ?"", ""malam , saya mau komplain . paket statusnya sudah sampai , tetapi saya belum menerimanya . mohon bantuannya . terima kasih ."", ""xxxnumberxxx admin , mohon dibantu update riwayat stt pengiriman ."", ""malam , saya ingin mengembalikan barang karena salah kirim . saya diberi info kalau saya harus meng - upload bukti pengirimannya . upload - nya di mana ? terima kasih .""]",False,10,1759,12,True,37,0.8243286,formal,1,0.8914580345153809,0.750551700592041,81.02465216756084,False,0.0
google/gemma-3-4b-it,informal,formal,hybrid_early,0.9,owhh haha typo bikin salah paham,eh hehe salah paham juga ya hahaha .,False,215,4200107,42,"[""eh salah admin , maksudnya a hahaha ."", ""iya sama , sudah saya dm dari tadi , mbak yang cantik ini . ini signalnya hai !"", ""aduh , aku ngakak . tapi benar juga hahaha ."", ""parah bukan ? apa karena akunnya ? hahaha ."", ""aneh , bukalapak dari kemarin - kemmarin balas cuma bisa itu - itu saja . niat membantu atau tidak ?"", ""nah betul , aov juga sama . kartu ini memang tidak ada solusinya . saya lelah memberi data terus - menerus lewat dm . solusi yang diberikan seperti template ."", ""ok baik kak bella . terima kasih atas bantuannya ."", ""tolong ka nas , kasihan tidak ada yang chat ini admin ."", ""tadi aku dm telkomsel menanyakan kapan aku dapat hadiah ? hahaha ."", ""oh begitu . oke terimakasih kak .""]",False,10,1689,9,True,36,0.03929582,informal,0,0.6730648279190063,0.6770902872085571,4121.68969492017,True,0.0
google/gemma-3-4b-it,informal,formal,hybrid_early,0.9,"sinyal xxxnumberxxx g full tapi ga bisa dipake , daerah jogja ini kenapa udh hampir seminggu","sudah non aktif , sinyalnya juga sudah xxxnumberxxx g hampir seminggu di daerah jogja . tetap tidak bisa .",True,217,4200108,42,"[""sudah non aktif , jaringannya juga sudah xxxnumberxxx g atau xxxnumberxxx g . tetap tidak bisa ."", ""ini masih gangguan sinyal xxxnumberxxx g . tidak bisa aktif datanya ?"", ""kecepatannya saja menurun , sangat tidak stabil padahal tersambung xxxnumberxxx g + ."", ""admin , di daerah kabupaten bandung , sinyal xxxnumberxxx g hilang walaupun saya restart tetap hilang . mohon pengertiannya admin ."", ""jam xxxnumberxxx lama sekali ! saya mau menghabiskan kuota malem xxxuserxxx ! apakah tidak bisa , kuota malamnya diganti jadi kuota siang ?"", ""resi jp xxxphonexxx mengapa xxxnumberxxx hari masih di gudang surabaya ? tidak jalan - jalan ."", ""dear indosat , saya mau isi paket , tetapi mengapa tidak bisa ya ? sudah sejak jam xxxtimexxx tadi pulsa sudah masuk tetapi tidak bisa aktif ."", ""iya . padahal sisa kuota masih cukup . xxxnumberxxx g + padahal ."", ""malam kak . mengapa paketan saya dengan resi xxxnumberxxx , sudah xxxnumberxxx hari statusnya belum berubah ?"", ""tidak ada perubahan min . sepertinya di kelapa gading memang susah sinyal xxxnumberxxx nya min .""]",False,10,2110,26,True,106,0.96990776,formal,1,0.8419634699821472,0.753929615020752,612.0820257228999,False,0.0
google/gemma-3-4b-it,informal,formal,hybrid_early,0.9,"halo admin , saya mau melaporkan sebuah toko . jadi penjualnya itu bersikap tidak sopan ke saya ( selaku pembeli ) dan saya merasa tersinggung dengan perkataan penjualnya .","halo admin , saya mau komplain soal penjual toko . dia gak sopanin ke saya (pelanggan) , beneran kesel sama perkataannya .",False,219,4200109,42,"[""lagi membeli kue di resto pilihan , tapi kata pengemudinya toko tersebut tidak ada kerja sama dengan grab , pengemudi minta dibatalkan . detail di dm . terima kasih ."", ""selamat malam , admin . saya ingin melaporkan penipuan online yang terjadi pada saya kemarin . apakah bisa diproses ? terima kasih atas perhatiannya ."", ""pagi juga admin . terima kasih sudah respon . di rumah , hanya ada istri saja min . tidak ada yang menerima . tetangga juga tidak ada yang namanya sandi ."", ""tolong ditindaklanjuti penipuan baru admin xxxuserxxx . nomor tidak dikenal . sangat berbahaya . orang yang tidak tahu pasti langsung menurut , apalagi fitur baru ."", ""penipu , sampai kapan tidak mau merespon keluhan saya ? xxxuserxxx lihat saja akan saya ramaikan terus ."", ""hai lazada , mengapa dari kemarin saya buat laporan tidak ada penanganan ? lambat !"", ""saya sangat kecewa dengan kejadian seperti ini . saya mohon tindak lanjutnya , karena saya sudah bayar dari jam xxxnumberxxx pagi tadi ."", ""tunggu mas , saya sedang menanyakan kepada orangnya . dia belum membalas ."", ""admin xxxuserxxx . saya mau komplain terkait dengan nomor resi jp xxxphonexxx . barang diterima dalam keadaan plastik terbuka , sehingga barang ada yang jatuh dan hilang ."", ""halo , pengaduan saya pengembalian dana ke kartu kredit belum ditangani . tolonglah jangan diam .""]",False,10,2463,33,True,122,0.10881841,informal,0,0.851777195930481,0.8982981443405151,118.4787409714405,False,0.0
google/gemma-3-4b-it,informal,formal,hybrid_early,0.9,harus punya pulsa banyak klo hub . nomer itu ya min ? emang gak ada twitter brilink ya,"admin , kenapa hub gak bisa min ? nomer itu ya ? emang gak ada twitter brilink sih ?",False,221,4200110,42,"[""kenapa pulsa saya yang dipotong internetnya , bukan kuota saya ? dua kali pula ."", ""bagaimana ini ? seharian tidak bisa , pulsa terpotong terus ."", ""admin , kalau mau kirim pulsa ke telkomsel bisa tidak hanya xxxnumberxxx ribu begitu ?"", ""admin , mengapa indosat tidak bisa dipasang paket ?"", ""untuk nomor rekening ponsel minimal nominal berapa ?"", ""berulah lagi ? saya tidak pernah klik macam - macam ini . pulsa tersedot banyak banget . hp - nya cuma dipake buat nelpon & sms ."", ""saya tidak pernah sms ke nomor ini . mengapa terus - terusan terpotong pulsa seperti ini ?"", ""admin , jaringannya kenapa lagi ? xxxnumberxxx g tapi tidak ada internet . yang sebelah malah lancar jaya ."", ""oh ya mandiri online . tolong admin . mengapa saat proses masuk baru tidak dapat sms ?"", ""tidak bisa update saldo e - money setelah top up di tokopedia itu bagaimana ? tolong aku , admin .""]",False,10,1918,23,True,84,0.0018315067,informal,0,0.8603835105895996,0.5812070369720459,1080.646601478767,True,0.0
google/gemma-3-4b-it,informal,formal,hybrid_early,0.9,"xxxnumberxxx hari ini jaringan xxxnumberxxx g ngadat , xxxnumberxxx g pun ngos - ngosan . sekedar buka web saja luaamaa . tolong dong di tindak lanjuti","lumayan lama hari ini jaringan xxxnumberxxx g down , bikin frustrasi . cuma buka website aja lama sekali . tolong segera ditindaklanjuti ya.",False,223,4200111,42,"[""sinyal aku xxxnumberxxx g penuh tetapi mengapa buka google saja lambat , apalagi yang lain . terpaksa ganti operator seluler . tolong ."", ""sudah xxxnumberxxx menit tertahan bergini terus , padahal koneksi internet saya normal . tolong dibantu ."", ""lambat sekali . xxxnumberxxx g rasa xxxnumberxxx g . mohon diperbaiki jaringannya . mengadu ke customer service hanya kasih saran yang itu - itu saja ."", ""pulsa saya berkurang xxxnumberxxx padahal tidak digunakan . saya mau beli paket jadi kurang , bagaimana ini ? xxxnumberxxx"", ""pulsa saya terakhir , sekitar xxxnumberxxx . lalu isi ulang xxxnumberxxx . mengapa sekarang jumlahnya hanya xxxnumberxxx ? nomornya xxxnumberxxx ."", ""sore admin . ini ada keluhan nomor saya , pulsa terpotong terus . padahal tidak berlangganan paket apapun . tolong diperiksa min + xxxnumberxxx xxxnumberxxx - xxxnumberxxx - xxxnumberxxx ."", ""admin , jaringan xxxnumberxxx g dilokasi ini error . tolong dibantu cek . terima kasih sebelumnya ."", ""ini xxxuserxxx lambat sekali xxxnumberxxx g - nya ."", ""sudah non aktif , jaringannya juga sudah xxxnumberxxx g atau xxxnumberxxx g . tetap tidak bisa ."", ""lumayan sekali dapat xxxnumberxxx gb hanya bayar rp xxxnumberxxx""]",False,10,2300,34,True,140,0.009856648,informal,0,0.6984393000602722,0.7975535988807678,165.87977436491968,False,0.0
google/gemma-3-4b-it,informal,formal,hybrid_early,0.9,sy sudah menyelesaikan mission jugglenaut pas masih ada xxxnumberxxx + rewards left nya smoe skrg blm dikirim rewardsnya,"“sy sudah selesaikan mission jugglenaut pas masih ada xxxnumberxxx + rewards left nya smoe skrg blm dikirim rewardsnya” menjadi “admin, rewards dari mission jugglenaut belum dikirim padahal saya sudah selesai. Ada xxxnumberxxx rewards yang tersisa.”",False,225,4200112,42,"[""kecewa dengan xxxuserxxx . yakin memilih voucher cashback sehingga tetap bayar ongkos kirim , tetapi saat barang sampai koin cashback tidak didapat !"", ""grab paket hemat saya billingnya itu tanggal xxxnumberxxx juli xxxnumberxxx . sekarang sudah agustus mengapa subscribe - nya masih aktif ?"", ""tadi saya top up ke shopeepay , sudah berhasil , tapi kenapa di aplikasi tetap xxxnumberxxx ? tolong baca pesan saya . terimakasih ."", "": seberapa kamu ? : deadline tugas masih sebulan lagi : terus ? : saya mengerjakannya xxxnumberxxx minggu lalu ! * alah tipu - tipu"", ""halo , saya top up grab ovo lewat atm barusan , tapi kenapa belum masuk ?"", ""admin , ini bagaimana ? saya baru beli voucher xxxnumberxxx xxxnumberxxx k pakai go - points . saat dipakai hanya dapat potongan xxxnumberxxx xxxnumberxxx k ?"", ""admin xxxuserxxx kenapa sekarang minimal transaksi harus besar begini ? jadi semakin susah dapat cashback ."", ""admin . kemana jika mau komplain saldo ads tidak bertambah ? bukti transfer ada , tetapi dari aplikasi tokopedia tidak dapat invoice xxxuserxxx ?"", ""mau kasih bapaknya bintang xxxnumberxxx tapi halaman ratingnya malah ke - close . gimana ?"", ""admin , apakah dm lagi cuti admin ? saya saja melamar jadi admin xxxuserxxx khusus balaskan dm . jari - jari lentik saya cekatan ngetiknya .""]",False,10,2375,58,True,249,0.017765382,informal,0,0.9420316219329834,0.8619979619979858,80.48474974534942,False,0.0
google/gemma-3-4b-it,informal,formal,hybrid_early,0.9,tolong xxxuserxxx di tindak lanjuti yang beginian,"halo xxxuserxxx , tolong tindak lanjuti yang beginian.",False,227,4200113,42,"[""bagaimana xxxuserxxx tolong ditindaklanjuti !"", ""tolong xxxuserxxx ini diproses , modus penipuan ."", ""halo xxxuserxxx , tolong balas dm saya ."", ""halo admin xxxuserxxx minta tolong cek pesan ."", ""halo admin xxxuserxxx . tolong periksa dm ."", ""seperti itu , xxxuserxxx pilih kasih ."", ""sayang xxxuserxxx , saya mengikuti ini ya ."", ""halo xxxuserxxx , mohon cek dm saya ."", ""ini xxxuserxxx lambat sekali xxxnumberxxx g - nya ."", ""tolong xxxuserxxx . kenapa jaringan hilang tidak jelas terus ?""]",False,10,1495,16,True,54,0.48962688,informal,0,0.8669265508651733,0.8570270538330078,744.9485126379533,False,0.0
google/gemma-3-4b-it,informal,formal,hybrid_early,0.9,"klo paketan cod gagal dikirim , gimana kelanjutannya ? pembeli susah dihubungi","“Paket COD gagal kirim, gimana kelanjutannya? Pembeli susah dihubungi.”",False,229,4200114,42,"[""ini paket mengapa gagal kirim admin ?"", ""tolong paket saya belum saya terima tapi pas dicek tracking kenapa sudah delivered ?"", ""admin , kenapa saya tidak bisa sms ? saya mau konfirmasi pembelian paket selalu gagal smsnya dari tadi ."", ""nomor resi xxxnumberxxx mohon dibantu admin . belum diantar kurirnya ."", ""admin , kalau sudah melewati estimasi pengiriman , tapi barang belum sampai bagaimana ?"", ""jb xxxphonexxx , sudah seminggu paket tidak sampai , padahal masih dalam jakarta . malah dikirim ke surabaya untuk apa ? jnt sistemnya seperti apa ?"", ""jika pesanan tidak diproses penjual , batal otomatis setelah berapa hari ? di bukalapak , tidak ada informasi seperti itu ."", ""kak , paket nomor resi ini xxxnumberxxx sudah sampai di mana ?"", ""admin . kemana jika mau komplain saldo ads tidak bertambah ? bukti transfer ada , tetapi dari aplikasi tokopedia tidak dapat invoice xxxuserxxx ?"", ""saya salah pilihan isi resi . harusnya otomatis dari si cepat , tapi saya sudah terlanjut bayar tunai . nomor resinya , apakah bisa dirubah ?""]",False,10,2071,19,True,71,0.46809933,informal,0,0.9188231229782104,0.8765987157821655,87.06490054755247,False,0.0
google/gemma-3-4b-it,informal,formal,hybrid_early,0.9,"bingung sama xxxuserxxx sinyal ga pernah stabil , sebanyak apapun isi kuota kayanya ga ngaruh . udh ubah xxxnumberxxx g pun ttp aja .","“kok sinyalnya gak stabil ya, xxxuserxxx, padahal udah isi kuota sebanyak-banyaknya, kayaknya gak ada pengaruh. udah ganti juga xxxnumberxxx g, tetep aja.”",False,231,4200115,42,"[""jam xxxnumberxxx lama sekali ! saya mau menghabiskan kuota malem xxxuserxxx ! apakah tidak bisa , kuota malamnya diganti jadi kuota siang ?"", ""pulsa saya berkurang xxxnumberxxx padahal tidak digunakan . saya mau beli paket jadi kurang , bagaimana ini ? xxxnumberxxx"", ""cek dm coba xxxuserxxx dari tadi komplain tidak ada respons , pulsa sudah terpotong kena tarik per kb ."", ""tolong xxxuserxxx , dari kemarin sore jaringanya penuh tapi tidak terhubung ke internet . padahal kuota masih lumayan banyak ."", ""admin , kalau mau kirim pulsa ke telkomsel bisa tidak hanya xxxnumberxxx ribu begitu ?"", ""dear indosat , saya mau isi paket , tetapi mengapa tidak bisa ya ? sudah sejak jam xxxtimexxx tadi pulsa sudah masuk tetapi tidak bisa aktif ."", ""selamat malam xxxuserxxx mau tanya , kenapa bonus kuota aplikasinya tidak bisa dipakai ? malah tersedot terus kuota utamanya . terima kasih ."", ""sudah non aktif , jaringannya juga sudah xxxnumberxxx g atau xxxnumberxxx g . tetap tidak bisa ."", ""ini masih gangguan sinyal xxxnumberxxx g . tidak bisa aktif datanya ?"", ""sore admin . ini ada keluhan nomor saya , pulsa terpotong terus . padahal tidak berlangganan paket apapun . tolong diperiksa min + xxxnumberxxx xxxnumberxxx - xxxnumberxxx - xxxnumberxxx .""]",False,10,2337,42,True,155,0.006258732,informal,0,0.8079007267951965,0.7559658885002136,68.84248440039077,False,0.0
google/gemma-3-4b-it,informal,formal,hybrid_early,0.9,kenapa ya internet jadi lemot ? padahal udah di pengaturan terus pilih jaringan manual tapi tetap saja lemot,"“Kenapa internetnya kok lama banget sih? udah diatur manual, masih aja lambat.”",False,233,4200116,42,"[""mengapa sinyal ini jelek sekali ? sudah saya hidupkan ulang , masih saja lambat ."", ""internet saya lambat sekali . apa ada yang salah dengan jaringan disini ? atau karena paket data saya yang masalah ?"", ""normal apanya admin ? sudah beberapa hari mati nyala terus . hari ini tidak tahu sudah berapa kali , tidak menghitung saking seringnya ."", ""mohon dibantu sinyal indosatnya , mengapa sangat lambat ? padahal baru daftar paket internet ."", ""sudah dicoba semuanya sama . sinyal penuh tetapi lambatnya luar biasa ."", ""respon awal katanya harus masukin kata sandi salah , padahal sudah benar . dan yang ke dua setelah terblokir , tidak bisa memasukkan kode otp ke aplikasi ."", ""aduh memang indosat bermasalah terus ini . mana pulsa terpakai tiba - tiba . ingin rasanya ganti provider saja ."", ""admin , ini kenapa pulsa tiba - tiba hilang ? paket internet masih banyak tapi pulsa terpakai terus . mohon tindak lanjutnya ."", ""kuota internet langsung habis kalau buka youtube sama streaming seharian ."", ""admin , kenapa jaringan selalu hidup mati ? harus pindah - pindah apn baru tersambung .""]",False,10,2152,18,True,79,0.024541846,informal,0,0.7894464731216431,0.7376730442047119,133.11112823551017,False,0.0
google/gemma-3-4b-it,informal,formal,hybrid_early,0.9,"iye di kasih kopi , kopi sudah mendarah daging","iye bener , kopi udah mendarah daging nih.",False,235,4200117,42,"[""mau makan , malah dikasih uang xxxuserxxx ."", ""pengemudi grab di jogja sedang ke gereja berjamaah atau kopi darat ? kenapa sudah xxxnumberxxx menit mencoba grabfood berkali - kali tidak ada yang mengambil pesanan ."", ""menyerbu tempat makan kalau sedang lapar ."", ""kasihan temanku ini , sedang kelaparan malah dijahati pengemudi grab ."", ""mengapa aku ada disana minum kopi ?"", ""dm saya tidak dipedulikan , layanan jelek ."", ""admin , mengapa minggu ini tidak ada promo grab ? saya tidak bisa makan enak harga murah , admin . admin , bantu , hahaha ."", ""kak pute sudah malam masih saja mengucapi kak kopir selamat siang ."", ""halo xxxuserxxx , aplikasi grab di iphone se saya kenapa jadi berat sekali ? apalagi kalau pesan grabfood sering hang ."", ""mau pesan gofood rich brian saja bisa ? tolong xxxuserxxx bantu kak abigel yang pacaran jarak jauh indonesia - rusia !""]",False,10,1865,14,True,42,0.002263988,informal,0,0.8615109920501709,0.7544026374816895,92.01671746008911,False,0.0
google/gemma-3-4b-it,informal,formal,hybrid_early,0.9,"masih error , saya beralih aja ke kartu yang lain","udah coba, masih error nih. beralih ke kartu lain aja deh.",False,237,4200118,42,"[""sudah di coba tapi masih tidak bisa . cek dm ."", ""mengapa sinyal ini jelek sekali ? sudah saya hidupkan ulang , masih saja lambat ."", ""masih tidak bisa . hilang terus jaringannya dari tadi ."", ""maaf tapi saya masih bermasalah lagi ."", ""kak , bagaimana ini saya daftar paket yellow tidak bisa ."", ""ini masih gangguan sinyal xxxnumberxxx g . tidak bisa aktif datanya ?"", ""iya kak terima kasih . tetapi tadi sudah datang ke galeri indosatnya langsung . sudah normal kembali ."", ""apakah yang bermasalah handphone saya atau aplikasinya kak ?"", ""admin , kenapa saya tidak bisa sms ? saya mau konfirmasi pembelian paket selalu gagal smsnya dari tadi ."", ""kenapa setelah membayar pascabayar menjadi tidak ada kuotanya ?""]",False,10,1716,16,True,58,0.0043204683,informal,0,0.8797922134399414,0.8052234649658203,322.53041229243746,False,0.0
google/gemma-3-4b-it,informal,formal,hybrid_early,0.9,"malam admin xxxuserxxx saya baru isi pulsa xxxnumberxxx xxxnumberxxx k , tiba2 pulsa ilang entah kenapa . padahal belum saya apa2in . sebel saya","malam admin xxxuserxxx, saya baru isi pulsa xxxnumberxxx xxxnumberxxx k, tiba2 pulsa ilang entah kenapa. padahal belum saya apa2in. sebel saya.",False,239,4200119,42,"[""pulsa saya berkurang xxxnumberxxx padahal tidak digunakan . saya mau beli paket jadi kurang , bagaimana ini ? xxxnumberxxx"", ""sore admin . ini ada keluhan nomor saya , pulsa terpotong terus . padahal tidak berlangganan paket apapun . tolong diperiksa min + xxxnumberxxx xxxnumberxxx - xxxnumberxxx - xxxnumberxxx ."", ""pulsa saya terakhir , sekitar xxxnumberxxx . lalu isi ulang xxxnumberxxx . mengapa sekarang jumlahnya hanya xxxnumberxxx ? nomornya xxxnumberxxx ."", ""sudah xxxnumberxxx menit tertahan bergini terus , padahal koneksi internet saya normal . tolong dibantu ."", ""tolong hentikan sms xxxnumberxxx ke nomor saya xxxnumberxxx . mengurangi pulsa saya ."", ""dear indosat , saya mau isi paket , tetapi mengapa tidak bisa ya ? sudah sejak jam xxxtimexxx tadi pulsa sudah masuk tetapi tidak bisa aktif ."", ""selamat malam . mohon saya diberi informasi . paket saya sejak tanggal xxxnumberxxx tertahan dengan status itu dan belum terkirim sampai sekarang . ada apa ?"", ""mau tanya xxxuserxxx , apa benar ovo sedang mengalami masalah ? saya top up via xxxuserxxx sore tadi sampai sekarang xxxnumberxxx belum masuk juga ."", ""saya beli paket rp . xxxnumberxxx ribu tapi mengapa tidak masuk ? padahal pulsanya sudah terpotong ."", ""selamat malam xxxuserxxx mau tanya , kenapa bonus kuota aplikasinya tidak bisa dipakai ? malah tersedot terus kuota utamanya . terima kasih .""]",False,10,2470,39,True,143,0.011053015,informal,0,0.9866469502449036,0.9865567684173584,115.37701817024687,False,0.0
google/gemma-3-4b-it,informal,formal,hybrid_early,0.9,"kencan bahagia itu dinner bareng kekasih di kfc bayarnya , kenyangnya dapet , romantisnya dapet , plus dapat cashback xxxpercentxxx dari xxxuserxxx . mantul mantul mantul .","mantul mantul mantul , dapet dinner bareng kekasih di kfc , bayarnya , romantisnya dapet , plus dapat cashback xxxpercentxxx dari xxxuserxxx .",False,241,4200120,42,"[""belinya menggunakan xxxuserxxx , dapat cashback xxxpercentxxx . lumayan , dapat kopi gratis ."", ""tidak paham dengan kenikmatan awal bulan ini . terima kasih xxxuserxxx makan siang saya hari ini cuma seribu lima ratus ."", ""halo xxxuserxxx , aplikasi grab di iphone se saya kenapa jadi berat sekali ? apalagi kalau pesan grabfood sering hang ."", ""sekencang - kencangnya mantan incaran cewek yang baru sehabis putus , lebih kencang lagi admin twitter xxxuserxxx dan tim kreatifnya memanfaatkan konten viral dengan menjadikannya konten marketing ."", ""xxxnumberxxx g + nya seperti mantan , saat lagi sayang - sayangnya malah hilang tidak jelas . sangat tidak enak pakai xxxnumberxxx g , kirim email saja loadingnya xxxnumberxxx menit ."", ""promo grabfood semuanya terpental tidak bisa dipakai . sedih aku itu , xxxuserxxx . huhuhu ."", ""pengemudi grab di jogja sedang ke gereja berjamaah atau kopi darat ? kenapa sudah xxxnumberxxx menit mencoba grabfood berkali - kali tidak ada yang mengambil pesanan ."", ""mau makan , malah dikasih uang xxxuserxxx ."", ""siap . mas xxxuserxxx kalau bisa sebelum xxxnumberxxx jam tolong dicek . lagi urgent perlu nelpon ."", ""kecewa dengan xxxuserxxx . yakin memilih voucher cashback sehingga tetap bayar ongkos kirim , tetapi saat barang sampai koin cashback tidak didapat !""]",False,10,2428,37,True,142,0.011721368,informal,0,0.8242639303207397,0.9361478090286255,272.5610082507659,False,0.0
google/gemma-3-4b-it,informal,formal,hybrid_early,0.9,min transaksi xxxnumberxxx belum dipick up kurir terus sudah xxxnumberxxx hari . bisa bantu percepat ?,"halo , transaksi xxxnumberxxx belum dipick up kurir sudah xxxnumberxxx hari . tolong bantu percepat ya?",False,243,4200121,42,"[""malam kak . mengapa paketan saya dengan resi xxxnumberxxx , sudah xxxnumberxxx hari statusnya belum berubah ?"", ""transaksi xxxnumberxxx sudah diterima tanggal xxxnumberxxx jam xxxnumberxxx siang . harap segera diremit dananya ."", ""admin , tolong dibantu periksa resi xxxnumberxxx , sudah xxxnumberxxx hari tidak ada pergerakan ."", ""paket saya dengan resi xxxnumberxxx kenapa macet dan belum dikirimkan dari tanggal xxxnumberxxx ?"", ""nomor transaksi saya xxxnumberxxx . saya sudah tunggu xxxnumberxxx hari tapi dana tidak balik - balik . duitnya tidak sedikit . tanggung jawab . mengapa dana orang ditahan - tahan ?"", ""pulsa saya terakhir , sekitar xxxnumberxxx . lalu isi ulang xxxnumberxxx . mengapa sekarang jumlahnya hanya xxxnumberxxx ? nomornya xxxnumberxxx ."", ""halo , pakey saya dengan nomor resi xxxnumberxxx tidak ada pergerakan dari kemarin . tolong konfirmasinya ."", ""kak , tadi coba mau beli pulsa telkomsel xxxnumberxxx xxxnumberxxx xxxnumberxxx k , tapi kenapa dibatalkan terus ? apa stoknya lagi kosong ?"", ""sudah xxxnumberxxx hari say . template csnya suruh menunggu terus - menerus xxxnumberxxx x24 jam . tetapi tidak pernah dikembalikan uangnya ."", ""keuntungan xxxnumberxxx nya , mengapa tidak bisa min ?""]",False,10,2280,26,True,103,0.15644921,informal,0,0.9443656206130981,0.8601412773132324,638.2610614858322,False,0.0
google/gemma-3-4b-it,informal,formal,hybrid_early,0.9,saya tarik saldo dari aplikasi linkaja ke rekening bank bri saya kenapa sampe sekarang masih pending ya ?,"“saya tarik saldo dari linkaja ke bri, kenapa masih pending sampe sekarang ya?”",False,245,4200122,42,"[""mengambil saldo tidak masuk - masuk ke bri saya ."", ""saya kirim uang , mengapa tidak masuk ? padahal status berhasil dan saldo saya terpotong ."", ""bagaimana ini dana top - up shopeepay saya tidak masuk padahal sudah transfer ."", ""tadi saya top up ke shopeepay , sudah berhasil , tapi kenapa di aplikasi tetap xxxnumberxxx ? tolong baca pesan saya . terimakasih ."", ""saya mau tanya , apa nomor rekening yang sudah tidak ditambah saldo selama xxxnumberxxx tahun masih aktif / digunakan ?"", ""saya salah pilihan isi resi . harusnya otomatis dari si cepat , tapi saya sudah terlanjut bayar tunai . nomor resinya , apakah bisa dirubah ?"", ""batas pengiriman dari bca ke bank lain per hari berapa melalu klikbca ?"", ""tidak bisa update saldo e - money setelah top up di tokopedia itu bagaimana ? tolong aku , admin ."", ""saldo terpotong , tapi uang tidak keluar . ini sudah kali kedua saya melakukan penarikan tunai di atm ."", ""untuk pengiriman uang melalui dbs singapura ke bri indonesia , proses uang masuk berapa hari ya ? karena semalam suami transfer , tapi sampai sekarang uang belum kak .""]",False,10,2146,19,True,79,0.008467197,informal,0,0.913163423538208,0.8536554574966431,87.759015082166,False,0.0
google/gemma-3-4b-it,informal,formal,hybrid_early,0.9,jawaban nya a . asuransi ikutan yuk xxxuserxxx xxxuserxxx xxxuserxxx done follow semua sosmed,jawaban : a . asuransi ikutan yuk xxxuserxxx xxxuserxxx xxxuserxxx . done follow semua sosmed,False,247,4200123,42,"[""asuransi link tersebut berada di posisi nomor xxxnumberxxx xxxuserxxx xxxuserxxx xxxuserxxx * xxxnumberxxx"", ""bismillah . jawaban : a . ayo ikutan xxxuserxxx xxxuserxxx xxxuserxxx ."", ""ikon fitur asuransi linkaja di nomor xxxnumberxxx ."", ""ikon fitur asuransi linkaja di nomor xxxnumberxxx ."", ""ikon fitur asuransi linkaja di nomor xxxnumberxxx ."", ""fitur asuransi linkaja ada di nomor xxxnumberxxx ."", ""halo admin xxxuserxxx . tolong periksa dm ."", ""tolong xxxuserxxx ini diproses , modus penipuan ."", ""kecewa dengan xxxuserxxx . yakin memilih voucher cashback sehingga tetap bayar ongkos kirim , tetapi saat barang sampai koin cashback tidak didapat !"", ""satu lagi , admin . saya aktifkan paket ig loop xxxnumberxxx xxxnumberxxx gb xxxnumberxxx kali tapi kenapa malah tidak diakumulasi jumlahnya ? pulsa sudah terpakai xxxnumberxxx ribu .""]",False,10,1889,26,False,93,0.22371058,informal,0,0.9660475850105286,0.9153428077697754,1247.3101132388379,True,0.0
google/gemma-3-4b-it,informal,formal,hybrid_early,0.9,berarti kalo ga di on / off kan dulu airplane mode nya tetep pake kuota reguler gitu ?,"""terus, kalau nggak pakai airplane mode, tetap bisa pakai kuota kan?""",False,249,4200124,42,"[""channel pengisian kuota maksudnya bagaimana ?"", ""kenapa setelah membayar pascabayar menjadi tidak ada kuotanya ?"", ""di busway dan tol bisa normal digunakan atau untuk naik komuter agak berbeda ? mohon infonya . sayang saldo flazz saya kalau dianggap kadaluarsa ."", ""admin paketku di mana ? aku sudah menghubungi customer service bahwa pulsaku habis , jadi terputus . padahal , di track sudah sampai tujuan , tapi tidak saya terima jp xxxphonexxx"", ""tolong paket saya belum saya terima tapi pas dicek tracking kenapa sudah delivered ?"", ""jam xxxnumberxxx lama sekali ! saya mau menghabiskan kuota malem xxxuserxxx ! apakah tidak bisa , kuota malamnya diganti jadi kuota siang ?"", ""mengapa sinyal ini jelek sekali ? sudah saya hidupkan ulang , masih saja lambat ."", ""kuota internet langsung habis kalau buka youtube sama streaming seharian ."", ""kenapa pulsa saya yang dipotong internetnya , bukan kuota saya ? dua kali pula ."", ""bagaimana ini ? seharian tidak bisa , pulsa terpotong terus .""]",False,10,2030,17,True,69,0.13743939,informal,0,0.7768293619155884,0.7237974405288696,73.74962194136697,False,0.0
google/gemma-3-4b-it,informal,formal,hybrid_early,0.9,"sy tunggu responnya disini , segera ! sblm dpt jwban sy retweet simultan biar inget !","admin, tolong balas di sini ya! biar inget retweetnya.",False,251,4200125,42,"[""admin , tolong respons kelanjutan keluhan saya ."", ""sudah saya dm admin , mohon dicek ."", ""sudah saya dm . mohon dibalas ."", ""sudah admin , tolong cek dm ."", ""bales dm kawan , dari pagi di - dm ."", ""disuruh dm soal keluhan , tapi tidak direspons ."", ""siang admin , email saya belum ada balasan juga ."", ""bales dm admin , sudah xxxnumberxxx hari tidak dibalas ."", ""admin , saya isi gopay tadi pagi kenapa tidak masuk ? padahal sudah dapat sms konfirmasi dari bca ."", ""mohon bantuan segera ya admin , saya tunggu .""]",False,10,1553,16,True,54,0.1356314,informal,0,0.6669854521751404,0.6326560974121094,335.49836547865885,False,0.0
google/gemma-3-4b-it,informal,formal,hybrid_early,0.9,maaf memang lg gangguan ya ? mulai td gak bisa cek & beli kuota .,“ada gangguan ya? dari tadi gak bisa cek & beli kuota nih.”,False,253,4200126,42,"[""admin , kenapa saya tidak bisa sms ? saya mau konfirmasi pembelian paket selalu gagal smsnya dari tadi ."", ""sudah di coba tapi masih tidak bisa . cek dm ."", ""ini masih gangguan sinyal xxxnumberxxx g . tidak bisa aktif datanya ?"", ""mohon dibantu sinyal indosatnya , mengapa sangat lambat ? padahal baru daftar paket internet ."", ""cek dm coba xxxuserxxx dari tadi komplain tidak ada respons , pulsa sudah terpotong kena tarik per kb ."", ""ini paket mengapa gagal kirim admin ?"", ""halo admin . saldo ovo tidak muncul di grab . padahal nomor hp sudah sama . tolong cek dm admin ."", ""tolong paket saya belum saya terima tapi pas dicek tracking kenapa sudah delivered ?"", ""kenapa setelah membayar pascabayar menjadi tidak ada kuotanya ?"", ""saya sudah aktifkan paket , namun tidak ada balasan . padahal saya sudah melakukan konfirmasi .""]",False,10,1849,17,True,59,0.0021675876,informal,0,0.8317732214927673,0.6886212229728699,156.93982109768066,False,0.0
google/gemma-3-4b-it,informal,formal,hybrid_early,0.9,"beli token listrik min , udah mau abis soalnya","“beli token listrik dong, udah mau habis nih.”",False,255,4200127,42,"[""sudah admin , tolong , beli token listrik lancar ."", ""saya barusan isi saldo gopay tapi tidak masuk ."", ""kalau membeli ini , apakah masa aktif ikut bertambah ? terima kasih ."", ""admin , kalau sudah melewati estimasi pengiriman , tapi barang belum sampai bagaimana ?"", ""saya salah pilihan isi resi . harusnya otomatis dari si cepat , tapi saya sudah terlanjut bayar tunai . nomor resinya , apakah bisa dirubah ?"", ""admin , saran shopeepay bisa juga untuk membeli pulsa , paket data , dan listrik . hahaha ."", ""tolong paket saya belum saya terima tapi pas dicek tracking kenapa sudah delivered ?"", ""admin , saya isi gopay tadi pagi kenapa tidak masuk ? padahal sudah dapat sms konfirmasi dari bca ."", ""saya kirim uang , mengapa tidak masuk ? padahal status berhasil dan saldo saya terpotong ."", ""telat bayar wifi saat mau bayar jadi xxxnumberxxx ribu .""]",False,10,1852,12,True,46,0.013975476,informal,0,0.8196731209754944,0.8308312892913818,87.53976132719113,False,0.0
google/gemma-3-4b-it,informal,formal,hybrid_early,0.9,saldo grab dan ovo kan udah nyatu sekarang .,kenapa saldo grab dan ovo gak nyambung ya?,False,257,4200128,42,"[""admin , top - up di aplikasi ovo kenapa tidak bisa tersambung di ovo - nya grab ? padahal nomornya sudah sama ."", ""admin , kenapa kemarin saya naik grab tetapi tidak bisa bayar dengan saldo gopay ?"", ""halo , saya top up grab ovo lewat atm barusan , tapi kenapa belum masuk ?"", ""halo admin . saldo ovo tidak muncul di grab . padahal nomor hp sudah sama . tolong cek dm admin ."", ""kemana - mana pakai grab dan saat sedang ada promo lebih cepat dari"", ""parah , aplikasi grab sangat lambat sekarang ."", ""admin , nenek saya naik grab sudah saya bayar pakai ovo tapi ketika turun , nenek saya bayar tunai lagi . gimana cara ovo - nya biar balik ?"", ""saya sudah top up gopay . mengapa saldo saya tidak bertambah ?"", ""grab ada kode promo untuk grab send terbaru tidak ? mengapa yang antar - jakarta expired ?"", ""kenapa setelah membayar pascabayar menjadi tidak ada kuotanya ?""]",False,10,1867,12,True,42,0.0027987226,informal,0,0.8498059511184692,0.6369971036911011,1110.3204707188797,True,0.0
google/gemma-3-4b-it,informal,formal,hybrid_early,0.9,tolong min dikasih bonus buat masnya,"""admin, tolong kasih bonus buat masnya dong!""",True,259,4200129,42,"[""aku salut sekali sama abangnya . niat sekali ! boleh sekali abangnya diberi bonus ."", ""admin , minta naik gaji admin , ganti hp ."", ""mas , tolong sedikit lebih cepat ya . saya sudah lapar . siap mbak , ditunggu . sama nanti , tolong temani saya ya mas . rumahnya lagi sepi ."", ""kembalikan uang saya . kalau tidak , masukkan uang saya yang sudah saya top up ke gopay . saya minta tanggung jawab dan respon cepatnya . terima kasih ."", ""selamat siang , mohon bantuannya untuk di follow up admin , karena saya butuh untuk segera dikirimkan , terima kasih ."", ""terima kasih ! semoga selain bagi - bagi rezeki ke pelanggan , grab bisa terus meningkatkan kesejahteraan pengemudinya juga . mulai dari memperlakukan mereka sebagai ' pekerja , bukan ' mitra ."", ""mohon bantuan segera ya admin , saya tunggu ."", ""mengapa bonusnya tidak masuk ? sudah lengkap !"", ""admin grab yang baik hari . saya minta tolong untuk periksa dm ya . terima kasih ."", ""selamat malam . apakah ada promo cashback / bonus pengisian gopay ? terima kasih""]",False,10,2010,13,True,45,0.244692,informal,0,0.8595147132873535,0.6741329431533813,427.46189197403595,False,0.0
google/gemma-3-4b-it,informal,formal,hybrid_early,0.9,"halo xl , saya mau lapor untuk tujuan pemblokiran nomor handphone yang dipakai untuk menipu , bagaimana caranya ? surat polisi sudah siap","“Halo XL, mau laporan soal blokir nomor HP yang dipakai buat tipu, gimana caranya? Surat polisi udah siap.”",False,261,4200130,42,"[""kartu sim xl saya sudah hilang dan saya ingin mengaktifkan nomor xl saya . apakah bisa ? caranya bagaimana ?"", ""bagaimana bos ? urgent . telepon ke xxxnumberxxx menunggu lama sekali . saat sudah nyambung , cs menanyakan panjang lebar keburu habis pulsa masalah tidak selesai ."", ""dear indosat , saya mau isi paket , tetapi mengapa tidak bisa ya ? sudah sejak jam xxxtimexxx tadi pulsa sudah masuk tetapi tidak bisa aktif ."", ""ke grapari niatnya ingin mengganti sim ke xxxnumberxxx g . eh , antriannya habis . saat pulang ditawarin nomor sama tukang parkir . bagaimana itu ?"", ""hi . selamat sore . saya baru saja membeli kartu sim simpati . sudah coba registrasi , tetapi tidak ada respon . tolong bantuannya ."", ""admin kalau mau membuat nomor kartu halo baru yang xxxnumberxxx itu bagaimana prosedur dan biayanya ?"", ""halo mas / mbak xxxuserxxx . ini nomor halo saya sudah xxxnumberxxx hari tidak bisa dipakai . rugi hanya bayar tagihan saja tapi tidak terpakai ."", ""barusan ada yang telepon saya dengan nomor ini . apakah ini benar dari halo bca ?"", ""tetapi kak , orang kalian menelpon saya dan menyebutkan bahwa akan dikirimkan password rahasia , dan benar - benar dari sms ( telkomsel . apakah ini benar ?"", ""selamat malam , admin . saya ingin melaporkan penipuan online yang terjadi pada saya kemarin . apakah bisa diproses ? terima kasih atas perhatiannya .""]",False,10,2455,27,True,107,0.06956239,informal,0,0.8763166069984436,0.8761922717094421,92.44961377977012,False,0.0
google/gemma-3-4b-it,informal,formal,hybrid_early,0.9,min proses pengembalian pulsanya berapa lama ?,“kira-kira berapa lama ya prosesnya untuk pengembalian pulsa ?”,False,263,4200131,42,"[""selamat malam , mau tanya kalau proses pengembalian dana ( selisih ongkos kirim ) biasanya berapa lama ya admin ?"", ""kira - kira berapa lama prosesnya ? saya mengajukan kemarin , kira - kira kapan saya bisa mendapatkan notifikasinya ?"", ""pengembalian saldo karena gagal penarikan membutuhkan waktu berapa lama ? saya sudah melaporkan xxxnumberxxx hari kerja sampai sekarang masih proses ditindaklanjuti terus ."", ""saya salah pilihan isi resi . harusnya otomatis dari si cepat , tapi saya sudah terlanjut bayar tunai . nomor resinya , apakah bisa dirubah ?"", ""kalau ajukan pembatalan dimana pesanan barang yang dibeli sudah dibayar dan bayarnya pakai kartu kredit , mekanisme pengembalian dananya bagaimana ?"", ""kalau membeli ini , apakah masa aktif ikut bertambah ? terima kasih ."", ""admin , kalau sudah melewati estimasi pengiriman , tapi barang belum sampai bagaimana ?"", ""saya kirim uang , mengapa tidak masuk ? padahal status berhasil dan saldo saya terpotong ."", ""malam , saya ingin mengembalikan barang karena salah kirim . saya diberi info kalau saya harus meng - upload bukti pengirimannya . upload - nya di mana ? terima kasih ."", ""admin , kenapa saya tidak bisa sms ? saya mau konfirmasi pembelian paket selalu gagal smsnya dari tadi .""]",False,10,2247,16,True,63,0.23058566,informal,0,0.8192805051803589,0.8570787310600281,41.064663059557674,False,0.0
google/gemma-3-4b-it,informal,formal,hybrid_early,0.9,untuk grapari jogja diman ya min,"admin, Grapari Jogja ada di mana ya min?",False,265,4200132,42,"[""saat ini sudah di jogja belum ?"", ""admin , agen mapan terpilih ada dimana saja ? saya mau beli paket voucher gojek ."", ""tidak ada perubahan min . sepertinya di kelapa gading memang susah sinyal xxxnumberxxx nya min ."", ""nomor resi xxxnumberxxx mohon dibantu admin . belum diantar kurirnya ."", ""maaf admin , nomor saya tidak bisa dipakai internet , nelpon , dll . mohon ditanggapi dm saya ."", ""admin . apakah ada promo untuk pertama order gomassage ?"", ""driver di jogjakarta sedang apa ? mengapa sibuk semua ? lapar nih ."", ""halo admin , ini mengapa saya selalu ditelepon oleh cs dan disaat jam kerja ?"", ""halo admin , tolong dibantu nomor resi jp xxxphonexxx dan jp xxxphonexxx status sudah diterima . tapi saya dan orang rumah belum terima paketnya . tolong dibantu ."", ""mohon info status pengiriman dengan nomor resi jd xxxphonexxx tujuan medan , admin , karena masih belum diterima . paket dikirim dari bandung tanggal xxxdatexxx . terima kasih .""]",False,10,1937,13,True,40,0.019118888,informal,0,0.8100120425224304,0.502387523651123,506.74904443564895,False,0.0
google/gemma-3-4b-it,informal,formal,hybrid_early,0.9,biar bisa mabar di sela nyusun laporan magang dan skripsian,pengen mabar dong pas lagi nyusun laporan magang sama skripsian,False,267,4200133,42,"[""akun saya ditangguhkan karena saya cancel terus . padahal saya sedang buru - buru dan dapatnya pengemudi ganjil terus di hari yang genap . mohon dm saya ."", ""admin , apakah dm lagi cuti admin ? saya saja melamar jadi admin xxxuserxxx khusus balaskan dm . jari - jari lentik saya cekatan ngetiknya ."", ""klarifikasi gojek nya tidak salah kalau mitranya sedang sibuk , sibuk demo mendadak ."", ""balas chatnya mas crush . padahal dia balas berjam - jam kemudian ."", ""sudah saya balas lagi min . bisa lihat dm ? karena saya sudah bayar dan nominalnya tidak sebanyak yang dilaporkan ."", ""tidak usah mas tono . saya hanya mau curhat saja . nanti si driver diputus kemitraan , saya jadi merasa bersalah ."", ""kenapa dm ? beri tahu , ingin tahu halangan apa di daerah semarang ."", ""admin , nenek saya naik grab sudah saya bayar pakai ovo tapi ketika turun , nenek saya bayar tunai lagi . gimana cara ovo - nya biar balik ?"", ""driver xxxuserxxx di jogjakarta malam ini sibuk semua . luar biasa . sejam klak klik klak klik sibuk melulu ."", ""driver di jogjakarta sedang apa ? mengapa sibuk semua ? lapar nih .""]",False,10,2110,17,False,63,0.0013579502,informal,0,0.8322364091873169,0.7625986933708191,597.8187765003623,False,0.0
google/gemma-3-4b-it,informal,formal,hybrid_early,0.9,nilai pelanggraran rp . xxxnumberxxx ribu dikurangi biaya ojek ( standard harga xxxuserxxx : rp . xxxnumberxxx ribu . total bayar : rp . xxxnumberxxx rebu ),"""nilai pelanggraran rp . xxxnumberxxx ribu dikurangi biaya ojek ( standar harga xxxuserxxx : rp . xxxnumberxxx ribu . total bayar : rp . xxxnumberxxx ribu )""",False,269,4200134,42,"[""lumayan sekali dapat xxxnumberxxx gb hanya bayar rp xxxnumberxxx"", ""asuransi link tersebut berada di posisi nomor xxxnumberxxx xxxuserxxx xxxuserxxx xxxuserxxx * xxxnumberxxx"", ""belinya menggunakan xxxuserxxx , dapat cashback xxxpercentxxx . lumayan , dapat kopi gratis ."", ""admin , informasinya jika upgrade kartu sim ke xxxnumberxxx g dapat bonus xxxnumberxxx giga selama xxxnumberxxx bulan ya ?"", ""xxxnumberxxx hadiah masih lebih dari xxxnumberxxx xxxnumberxxx xxxnumberxxx an ketika selesai ."", ""pulsa saya terakhir , sekitar xxxnumberxxx . lalu isi ulang xxxnumberxxx . mengapa sekarang jumlahnya hanya xxxnumberxxx ? nomornya xxxnumberxxx ."", ""tolong hentikan sms xxxnumberxxx ke nomor saya xxxnumberxxx . mengurangi pulsa saya ."", ""apakah tidak ada lagi best deal yang xxxnumberxxx gb / xxxnumberxxx hari yang harganya xxxnumberxxx ribu seperti kemarin ?"", ""sudah diturunkan ke xxxnumberxxx g / xxxnumberxxx g , namun selalu gagal . cc ."", ""kenapa voucher xxxnumberxxx ribu gofood sekarang kalau deket malah tetap bayar ? dan juga dapatnya hanya xxxnumberxxx ribu bukan xxxnumberxxx ribu . padahal dulu ongkos kirim gratis .""]",False,10,2243,44,True,157,0.850227,formal,1,0.9687471985816956,0.9145504236221313,81.2440509652427,False,0.0
google/gemma-3-4b-it,informal,formal,hybrid_early,0.9,sudah mulai goyah sm indosat wkaka,"sumpah, kesel banget sama indosat wkaka",False,271,4200135,42,"[""telkomsel , mengapa sinyalnya hilang ?"", ""kak , indosat baru saja trouble atau bagaimana ya ? mengapa kartu saya tidak ada sinyal ?"", ""admin , mengapa indosat tidak bisa dipasang paket ?"", ""apakah indosat daerah medan mengalami gangguan admin ?"", ""maaf tapi saya masih bermasalah lagi ."", ""mohon dibantu sinyal indosatnya , mengapa sangat lambat ? padahal baru daftar paket internet ."", ""sinyal indosat di tempat aku , lebih baik dibandingkan dengan sinyal provider merah . padahal sama - sama menggunakan menara bersama . terima kasih ."", ""mau menangis , kesal sekali paket yellow susah sekali diaktifkan . tolong admin , saya tidak bisa belajar ."", ""walah malah lambat pakai vpn ."", ""admin , bagaimana cara menambah masa aktif kartu loop ?""]",False,10,1731,12,False,39,0.0020866136,informal,0,0.7091853022575378,0.4506487250328064,1844.282304023622,True,0.0
google/gemma-3-4b-it,informal,formal,hybrid_early,0.9,"yeayy shopee terbaik , bisa pake dua voucher dalam sekali checkoutt yuhuu ~","“Wah shopee bagus banget , bisa pakai dua voucher dalam satu belanja , seru banget ~”",False,273,4200136,42,"[""admin . kalau lupa akun shopee bagaimana ? aku daftar lagi tetapi tidak bisa shopeepay karena sudah terdaftar . jadi bagaimana ?"", ""shopee tidak bisa bayar tagihan indosat pascabayar admin ?"", ""terima kasih shopee atas diskonnya dan membuat diri ini sangat kalap !"", ""selamat siang . voucher shopee senilai xxxnumberxxx ribu . apakah ketika melakukan pembelian melebihi nominal tersebut dapat dibayar dengan tunai ? mohon infonya . terima kasih ."", ""admin , saran shopeepay bisa juga untuk membeli pulsa , paket data , dan listrik . hahaha ."", ""admin . kemana jika mau komplain saldo ads tidak bertambah ? bukti transfer ada , tetapi dari aplikasi tokopedia tidak dapat invoice xxxuserxxx ?"", ""halo admin , ini mengapa vouchernya tidak bisa digunakan . padahal sudah belanja xxxnumberxxx ribu lebih ."", ""bagaimana ini dana top - up shopeepay saya tidak masuk padahal sudah transfer ."", ""kapan diumumkan yang akan mendapatkan vouchernya ?"", ""tadi saya top up ke shopeepay , sudah berhasil , tapi kenapa di aplikasi tetap xxxnumberxxx ? tolong baca pesan saya . terimakasih .""]",False,10,2104,19,True,85,0.055987924,informal,0,0.7223578095436096,0.8341805338859558,377.49471051180745,False,0.0
google/gemma-3-4b-it,informal,formal,hybrid_early,0.9,hay min saya suda pesen barang sudah transfer juga tp kenapa habis banyar tulisannya pemesanan tidak sah ya ?,"“min , saya sudah pesan barang , sudah transfer juga , kenapa ada tulisan pembayaran tidak sah ya ?”",False,275,4200137,42,"[""admin , kalau sudah melewati estimasi pengiriman , tapi barang belum sampai bagaimana ?"", ""admin , kenapa saya tidak bisa sms ? saya mau konfirmasi pembelian paket selalu gagal smsnya dari tadi ."", ""tolong paket saya belum saya terima tapi pas dicek tracking kenapa sudah delivered ?"", ""malam , saya ingin mengembalikan barang karena salah kirim . saya diberi info kalau saya harus meng - upload bukti pengirimannya . upload - nya di mana ? terima kasih ."", ""jika pesanan tidak diproses penjual , batal otomatis setelah berapa hari ? di bukalapak , tidak ada informasi seperti itu ."", ""malam , saya mau komplain . paket statusnya sudah sampai , tetapi saya belum menerimanya . mohon bantuannya . terima kasih ."", ""selamat malam , mau tanya kalau proses pengembalian dana ( selisih ongkos kirim ) biasanya berapa lama ya admin ?"", ""mau bertanya nomor pesanan xxxnumberxxx kapan dikirimnya ? dari kemarin masih pengemasan belum berubah ."", ""saya kirim uang , mengapa tidak masuk ? padahal status berhasil dan saldo saya terpotong ."", ""tolong , pulsa belum masuk , padahal saya sudah transfer juga . terima kasih .""]",False,10,2176,21,True,100,0.08752918,informal,0,0.7781903743743896,0.779727578163147,69.35219040282955,False,0.0
google/gemma-3-4b-it,informal,formal,hybrid_early,0.9,"min ini knp yahh saya topup ovo dr alfamart kata mbanya udh kekirim dan udh ada bukti transaksinya , knp saldo saya blm bertambah ?","“min ini knp yahh saya topup ovo dr alfamart kata mbnya udh kekirim dan udh ada bukti transaksinya , knp saldo saya blm bertambah?”",False,277,4200138,42,"[""saya kirim uang , mengapa tidak masuk ? padahal status berhasil dan saldo saya terpotong ."", ""saya salah pilihan isi resi . harusnya otomatis dari si cepat , tapi saya sudah terlanjut bayar tunai . nomor resinya , apakah bisa dirubah ?"", ""tidak bisa update saldo e - money setelah top up di tokopedia itu bagaimana ? tolong aku , admin ."", ""halo admin . saldo ovo tidak muncul di grab . padahal nomor hp sudah sama . tolong cek dm admin ."", ""nomor transaksi xxxnumberxxx . barang belum dikirim melebihi batas kirim , dana belum masuk ke saldo bl saya ."", ""admin , saya isi gopay tadi pagi kenapa tidak masuk ? padahal sudah dapat sms konfirmasi dari bca ."", ""untuk pengiriman uang melalui dbs singapura ke bri indonesia , proses uang masuk berapa hari ya ? karena semalam suami transfer , tapi sampai sekarang uang belum kak ."", ""admin , kenapa saya tidak bisa sms ? saya mau konfirmasi pembelian paket selalu gagal smsnya dari tadi ."", ""tolong paket saya belum saya terima tapi pas dicek tracking kenapa sudah delivered ?"", ""tadi saya top up ke shopeepay , sudah berhasil , tapi kenapa di aplikasi tetap xxxnumberxxx ? tolong baca pesan saya . terimakasih .""]",False,10,2245,40,True,131,0.0015572314,informal,0,0.9738373160362244,0.9253500699996948,63.9831877544428,False,0.0
google/gemma-3-4b-it,informal,formal,hybrid_early,0.9,sini sini . tapi jauh dr tempatmu dek .,sini sini . jauh bgt dari sini sayang .,True,279,4200139,42,"[""maksudnya lewat laptop via situs ?"", ""bales dm kawan , dari pagi di - dm ."", ""geser ke kiri ? kita di twitter kak , bukan instagram ."", ""jl . politeknik , kec . tamalanrea , makassar , sulawesi selatan . jaringan di sini jelek sekali , mengapa tidak diperbaiki ? kuota banyak , namun jaringan sangat jelek seperti ini ."", ""periksa dm ! kalau tidak , kita putus ."", ""tidak ada yang mau mengambil karena destinasinya jauh ?"", ""nabi muhammad ber - isra mi ' raj hanya sekedip sudah sampai pakai burok ."", ""hahaha sejak malika dibesarkan , makanya tolong mengerti . agar dia tidak diam - diam saja ."", ""disuruh dm soal keluhan , tapi tidak direspons ."", ""bisa jadi penipu , namun juga bisa jadi persaingan bisnis . apalagi go - jek sedang melebarkan sayapnya .""]",False,10,1751,12,True,39,0.2310727,informal,0,0.6703813076019287,0.7544788122177124,439.03975110541984,False,0.0
google/gemma-3-4b-it,informal,formal,hybrid_early,0.9,"min , hari ini kok loadingnya super slow ya buka apapun sloow banget","“min, lama banget sumpah loadingnya buka apapa aja slow banget.”",False,281,4200140,42,"[""mengapa sinyal ini jelek sekali ? sudah saya hidupkan ulang , masih saja lambat ."", ""sudah dicoba semuanya sama . sinyal penuh tetapi lambatnya luar biasa ."", ""ini twitter yang error apa sinyal saya yang error ? saya ig , yt , wa bisa , tapi untuk twitter sama ml tidak bisa ."", ""normal apanya admin ? sudah beberapa hari mati nyala terus . hari ini tidak tahu sudah berapa kali , tidak menghitung saking seringnya ."", ""nah , sudah saya unreg namun seperti itu responnya . membuat bingung ."", ""parah , aplikasi grab sangat lambat sekarang ."", ""hai xxxuserxxx xxxuserxxx , kenapa setelah di - update versinya jadi loading lama dan tidak bisa lihat apa - apa ? saya mau lihat status pesanan saya ."", ""lama sekali responsnya untuk masalah seperti ini saja ."", ""mas , mbak , respons mention saya dong . sangat lambat pelayanannya ."", ""sudah di coba tapi masih tidak bisa . cek dm .""]",False,10,1901,17,True,64,0.005942931,informal,0,0.8027281761169434,0.6681152582168579,169.81900613170217,False,0.0
google/gemma-3-4b-it,informal,formal,hybrid_early,0.9,"sudah bisa min , saya coba di atm lokasi lain . trimakasih","“udah, bisa kok min, gue coba di atm tempat lain. makasih.”",False,283,4200141,42,"[""saldo terpotong , tapi uang tidak keluar . ini sudah kali kedua saya melakukan penarikan tunai di atm ."", ""halo , selamat pagi . kalau atm mandiri terblokir karena salah password , mandiri online ikut terblokir tidak ? terima kasih ."", ""berarti sudah berubah aturannya , kalau tidak salah dulu bisa dilakukan melalui atm ."", ""baik , saya masih di depan mesin atm ."", ""bni corporate apakah gangguan ? saya coba buka tidak bisa terus ."", ""ke grapari niatnya ingin mengganti sim ke xxxnumberxxx g . eh , antriannya habis . saat pulang ditawarin nomor sama tukang parkir . bagaimana itu ?"", ""oh ya mandiri online . tolong admin . mengapa saat proses masuk baru tidak dapat sms ?"", ""halo , saya top up grab ovo lewat atm barusan , tapi kenapa belum masuk ?"", ""halo admin xxxuserxxx , apakah masih diperlukan surat kehilangan dari polsek / polres untuk mengurus kartu atm yang hilang ?"", ""admin paketku di mana ? aku sudah menghubungi customer service bahwa pulsaku habis , jadi terputus . padahal , di track sudah sampai tujuan , tapi tidak saya terima jp xxxphonexxx""]",False,10,2076,18,True,59,0.012081749,informal,0,0.7393705248832703,0.8554953336715698,176.8114859855048,False,0.0
google/gemma-3-4b-it,informal,formal,hybrid_early,0.9,"halo , mohon dibantu dipercepat dan info perkiraan barang tiba ke alamat penerima : jp xxxphonexxx tujuan ntb . saya pengirim . trimakasih bantuannya !","halo admin , mohon info perkiraan barang tiba dengan nomor resi jp xxxphonexxx tujuan ntb . saya pengirim , terima kasih banyak bantuannya !",False,285,4200142,42,"[""jp xxxphonexxx admin , tolong ini paket saya tidak sampai - sampai , padahal pengiriman sesama jakarta bisa xxxnumberxxx hari ."", ""admin . untuk resi jp xxxphonexxx , estimasinya berapa hari sampai ?"", ""tolong admin , paket saya belum terkirim dengan resi jp xxxphonexxx ."", ""halo admin , selamat pagi . nomor resi jp xxxphonexxx diperkirakan akan diterima hari ini . tapi malah disimpan kalau ada alamat yang salah . tolong diinfokan ."", ""halo admin , tolong dibantu nomor resi jp xxxphonexxx dan jp xxxphonexxx status sudah diterima . tapi saya dan orang rumah belum terima paketnya . tolong dibantu ."", ""mohon info status pengiriman dengan nomor resi jd xxxphonexxx tujuan medan , admin , karena masih belum diterima . paket dikirim dari bandung tanggal xxxdatexxx . terima kasih ."", ""tolong ya , antar paket saya ke rumah . sudah terlalu lama menunggunya . nomor resi jp xxxphonexxx dan jp xxxphonexxx ."", ""nomor resi xxxnumberxxx mohon dibantu admin . belum diantar kurirnya ."", ""halo admin , barang saya sejak tanggal xxxdatexxx sudah di jakarta , tetapi tidak sampai - sampai . admin tolong diperiksa ."", ""selamat malam . mohon saya diberi informasi . paket saya sejak tanggal xxxnumberxxx tertahan dengan status itu dan belum terkirim sampai sekarang . ada apa ?""]",False,10,2377,34,True,140,0.853937,formal,1,0.9571599364280701,0.8758652210235596,224.48766100607023,False,0.0
google/gemma-3-4b-it,informal,formal,hybrid_early,0.9,"min . mo tanya , kalo driver performa bintang ngaruhnya gimana ya ? apa berpengaruh ke pendapatan orderan juga ?","admin , mau tanya nih , kalau performa bintang driver berpengaruh ke pendapatan orderan juga nggak ya?",False,287,4200143,42,"[""permisi admin , maaf malam minggu malah tanya . kalau mau ganti nomor rekening ponsel akun gojek driver bagaimana ? soalnya kartunya hilang ."", ""selamat malam , ingin bertanya , cara mengenai pendaftaran produk di gojek bagaimana ?"", ""beli handphone baru mau jadi drivernya , mohon bantuannya ."", ""admin . sudah xxxnumberxxx hari saya mau gofood , kenapa tidak mendapat driver terus - menerus ? apakah aplikasi gojek sedang error ?"", ""kalau membeli ini , apakah masa aktif ikut bertambah ? terima kasih ."", ""admin , saya isi gopay tadi pagi kenapa tidak masuk ? padahal sudah dapat sms konfirmasi dari bca ."", ""halo grab , mau tanya . apakah bisa driver dapat xxxnumberxxx order dari orang berbeda dalam xxxnumberxxx waktu ?"", ""mas , mbak , respons mention saya dong . sangat lambat pelayanannya ."", ""admin , kenapa saya tidak bisa sms ? saya mau konfirmasi pembelian paket selalu gagal smsnya dari tadi ."", ""selamat malam , mau tanya kalau proses pengembalian dana ( selisih ongkos kirim ) biasanya berapa lama ya admin ?""]",False,10,2090,22,True,102,0.006483968,informal,0,0.9191305637359619,0.8441673517227173,126.11160426348697,False,0.0
google/gemma-3-4b-it,informal,formal,hybrid_early,0.9,ini kenapa dari tadi pagi server penuh terus,admin . kenapa servernya penuh terus dari tadi pagi?,False,289,4200144,42,"[""normal apanya admin ? sudah beberapa hari mati nyala terus . hari ini tidak tahu sudah berapa kali , tidak menghitung saking seringnya ."", ""pagi admin . ini saya top up pulsa mengapa gagal terus ? itu kenapa admin ?"", ""mengapa sinyal ini jelek sekali ? sudah saya hidupkan ulang , masih saja lambat ."", ""bagaimana ini ? seharian tidak bisa , pulsa terpotong terus ."", ""ini mengapa admin ? mengapa seperti ini dari sore tadi . sudah aku setting lokasi masih sama saja . tolong dibantu dari sore belum makan ."", ""tolong , jaringan . pekerjaan jadi tidak benar gara - gara jaringan dari semalam lambat ."", ""baru minggu kemarin peningkatan sistem . tapi kenapa selalu ada peningkatan sistem ?"", ""bos , hari keberapa ini tidak kunjung masuk kuota saya ? saya sudah cukup sabar ya bos !"", ""tolong xxxuserxxx , dari kemarin sore jaringanya penuh tapi tidak terhubung ke internet . padahal kuota masih lumayan banyak ."", ""admin . kenapa jaringan di karawaci mengalami gangguan terus - menerus ?""]",False,10,1986,12,True,52,0.9814773,formal,1,0.9097832441329956,0.8161312341690063,439.1852737920724,False,0.0
google/gemma-3-4b-it,informal,formal,hybrid_early,0.9,ini min . biasanya combo terbaik untukmu ada yg xxxnumberxxx xxxnumberxxx gb xxxnumberxxx xxxnumberxxx rb dan xxxnumberxxx xxxnumberxxx gb xxxnumberxxx xxxnumberxxx rb . ini dia hilang gk ad lg 🤔,“ini nih min. biasanya combo terbaik buat kamu ada yg xxxnumberxxx xxxnumberxxx gb xxxnumberxxx xxxnumberxxx rb sama xxxnumberxxx xxxnumberxxx gb xxxnumberxxx xxxnumberxxx rb. ini dia hilang gk ada lg 🤔”,False,291,4200145,42,"[""xxxnumberxxx hadiah masih lebih dari xxxnumberxxx xxxnumberxxx xxxnumberxxx an ketika selesai ."", ""lumayan sekali dapat xxxnumberxxx gb hanya bayar rp xxxnumberxxx"", ""apakah tidak ada lagi best deal yang xxxnumberxxx gb / xxxnumberxxx hari yang harganya xxxnumberxxx ribu seperti kemarin ?"", ""pulsa saya terakhir , sekitar xxxnumberxxx . lalu isi ulang xxxnumberxxx . mengapa sekarang jumlahnya hanya xxxnumberxxx ? nomornya xxxnumberxxx ."", ""pagi admin . paket saya dari shopee dengan kode xxxnumberxxx xxxnumberxxx xxxnumberxxx xxxnumberxxx xxxnumberxxx xxxnumberxxx xxxnumberxxx xxxnumberxxx xxxnumberxxx xxxnumberxxx xxxnumberxxx r04b tidak terbaca nomor resinya . mohon dibantu . dari hari jumat masih mengendap di jne malang ."", ""keluar update versi xxxnumberxxx . xxxnumberxxx kapan admin ?"", ""xxxnumberxxx hari xxxnumberxxx gb youtube hanya berkurang xxxnumberxxx xxxnumberxxx mb , karena memang tidak jalan , loading saja terus . emosi di jiwa ."", ""lumayan untuk menonton youtube . terima kasih xxxuserxxx , rp xxxnumberxxx dapat xxxnumberxxx gb ."", ""jam xxxnumberxxx atau jam xxxnumberxxx masih ada tidak admin ?"", ""di bulan september ini semoga xxxuserxxx dan xxxuserxxx memberikan promo .""]",False,10,2351,51,True,203,0.006849546,informal,0,0.9038345217704773,0.8986148834228516,70.60955194199931,False,0.0
google/gemma-3-4b-it,informal,formal,hybrid_early,0.9,"hai tolong bantuannya saya baru top up ovo tp tulisannya di ovo gagal terus gak bisa nampilin saldo , gimana ya ?","“halo admin , top up ovo saya kok gak berhasil ya? tulisannya gagal terus, saldo juga gak muncul.”",False,293,4200146,42,"[""saya kirim uang , mengapa tidak masuk ? padahal status berhasil dan saldo saya terpotong ."", ""tidak bisa update saldo e - money setelah top up di tokopedia itu bagaimana ? tolong aku , admin ."", ""admin , kenapa saya tidak bisa sms ? saya mau konfirmasi pembelian paket selalu gagal smsnya dari tadi ."", ""halo admin . saldo ovo tidak muncul di grab . padahal nomor hp sudah sama . tolong cek dm admin ."", ""pagi admin . ini saya top up pulsa mengapa gagal terus ? itu kenapa admin ?"", ""admin , top - up di aplikasi ovo kenapa tidak bisa tersambung di ovo - nya grab ? padahal nomornya sudah sama ."", ""baiklah , terima kasih . tapi saya tidak sedang berlangganan apa - apa . namun , mengapa pulsa terpotong min ? kira - kira , bagaimana cara memeriksanya ? sebelumnya tidak pernah ."", ""di busway dan tol bisa normal digunakan atau untuk naik komuter agak berbeda ? mohon infonya . sayang saldo flazz saya kalau dianggap kadaluarsa ."", ""saya salah pilihan isi resi . harusnya otomatis dari si cepat , tapi saya sudah terlanjut bayar tunai . nomor resinya , apakah bisa dirubah ?"", ""selamat malam , mau tanya kalau proses pengembalian dana ( selisih ongkos kirim ) biasanya berapa lama ya admin ?""]",False,10,2260,24,True,98,0.011637726,informal,0,0.7919600009918213,0.7434465885162354,51.810371493437074,False,0.0
google/gemma-3-4b-it,informal,formal,hybrid_early,0.9,"ini chattingan sama triva , cepet banget responnya jadi gak lama nunggu kaya chat dari dia","“halo , ini chat sama triva , responnya cepat banget , gak lama nunggu kayak chat dari dia .”",False,295,4200147,42,"[""balas chatnya mas crush . padahal dia balas berjam - jam kemudian ."", ""kak , indosat baru saja trouble atau bagaimana ya ? mengapa kartu saya tidak ada sinyal ?"", ""halo , ini bagaimana tidak bisa di dm . sudah follow akunnya juga ."", ""hai xxxuserxxx xxxuserxxx , kenapa setelah di - update versinya jadi loading lama dan tidak bisa lihat apa - apa ? saya mau lihat status pesanan saya ."", ""kita sama dari minggu disuruh dm email dan nomor hp tapi sampai sekarang belum benar . astaga . ini bagaimana ?"", ""iya kak terima kasih . tetapi tadi sudah datang ke galeri indosatnya langsung . sudah normal kembali ."", ""tolong bantu , kenapa nomor simpati saya tidak bisa menerima sms dari nomor tri , padahal ditelepon bisa ."", ""maaf admin , nomor saya tidak bisa dipakai internet , nelpon , dll . mohon ditanggapi dm saya ."", ""nomor saya saja sudah di dm dari tadi tidak ditangani . bagaimana , admin ?"", ""sudah xxxnumberxxx hari , status belum juga berubah admin . tadi sudah telepon qc katanya cuma disuruh menunggu .""]",False,10,2058,24,True,93,0.026995221,informal,0,0.8719950318336487,0.8598170876502991,171.7465658081456,False,0.0
google/gemma-3-4b-it,informal,formal,hybrid_early,0.9,ini kok muncul ginian terus sih min ? bisa xxxnumberxxx - xxxnumberxxx x semenit . gmn cara ilanginnya ?,“kok gini terus sih min? lama banget ya - - xxxnumberxxx semenit. gimana caranya ya biar hilang?”,False,297,4200148,42,"[""hai xxxuserxxx xxxuserxxx , kenapa setelah di - update versinya jadi loading lama dan tidak bisa lihat apa - apa ? saya mau lihat status pesanan saya ."", ""sudah xxxnumberxxx menit tertahan bergini terus , padahal koneksi internet saya normal . tolong dibantu ."", ""pulsa saya berkurang xxxnumberxxx padahal tidak digunakan . saya mau beli paket jadi kurang , bagaimana ini ? xxxnumberxxx"", ""sudah kak . sudah saya ganti ke xxxnumberxxx g , tapi tetap susah ."", ""sudah xxxnumberxxx hari , status belum juga berubah admin . tadi sudah telepon qc katanya cuma disuruh menunggu ."", ""bagaimana cara dmnya kak ? nomor saya xxxnumberxxx ."", ""sore admin . ini ada keluhan nomor saya , pulsa terpotong terus . padahal tidak berlangganan paket apapun . tolong diperiksa min + xxxnumberxxx xxxnumberxxx - xxxnumberxxx - xxxnumberxxx ."", ""oh seperti itu , baru saja aku coba registrasi ke xxxnumberxxx sms - nya selalu gagal kak , bagaimana ?"", ""pulsa saya terakhir , sekitar xxxnumberxxx . lalu isi ulang xxxnumberxxx . mengapa sekarang jumlahnya hanya xxxnumberxxx ? nomornya xxxnumberxxx ."", ""saya mau tanya , ini saya mau beli paket yellow kenapa sama xxxnumberxxx tidak direspons / tidak dibalas ?""]",False,10,2249,27,True,97,0.0021507936,informal,0,0.8551619648933411,0.7344164848327637,216.91977154958124,False,0.0
google/gemma-3-4b-it,informal,formal,hybrid_early,0.9,"halo jenius , untuk pengiriman kartu ke domisili biasanya dibutuhkan waktu brp lama ya ? ty","halo jenius , estimasinya berapa lama untuk pengiriman kartu ke domisili ya? ty",False,299,4200149,42,"[""admin . untuk resi jp xxxphonexxx , estimasinya berapa hari sampai ?"", ""admin kalau mau membuat nomor kartu halo baru yang xxxnumberxxx itu bagaimana prosedur dan biayanya ?"", ""kalian pengiriman dari jakarta ke jakarta butuh waktu berapa lama ?"", ""admin nomor resi jp xxxphonexxx mengapa belum dikirim - kirim dari hari sabtu ?"", ""jp xxxphonexxx admin , tolong ini paket saya tidak sampai - sampai , padahal pengiriman sesama jakarta bisa xxxnumberxxx hari ."", ""halo admin , tolong dibantu nomor resi jp xxxphonexxx dan jp xxxphonexxx status sudah diterima . tapi saya dan orang rumah belum terima paketnya . tolong dibantu ."", ""nomor resi xxxnumberxxx mohon dibantu admin . belum diantar kurirnya ."", ""kak , tolong ini halodoc pesanan saya tidak terkirim , tapi di status tertulis terkirim ."", ""halo admin , selamat pagi . nomor resi jp xxxphonexxx diperkirakan akan diterima hari ini . tapi malah disimpan kalau ada alamat yang salah . tolong diinfokan ."", ""jb xxxphonexxx , sudah seminggu paket tidak sampai , padahal masih dalam jakarta . malah dikirim ke surabaya untuk apa ? jnt sistemnya seperti apa ?""]",False,10,2155,20,False,79,0.0029232763,informal,0,0.9199323654174805,0.8874029517173767,396.9738884217201,False,0.0
google/gemma-3-4b-it,informal,formal,hybrid_early,0.9,"min , kok pulsa saya selalu tersedot terus ya ? padahal data selalu saya matiin ?","“min, kok pulsa gue terus terpakai? padahal data udah matiin.”",False,301,4200150,42,"[""admin , ini kenapa pulsa tiba - tiba hilang ? paket internet masih banyak tapi pulsa terpakai terus . mohon tindak lanjutnya ."", ""saya tidak pernah sms ke nomor ini . mengapa terus - terusan terpotong pulsa seperti ini ?"", ""benar , aku sering sekali setiap setelah isi kuota sinyal tidak ada ."", ""bagaimana ini ? seharian tidak bisa , pulsa terpotong terus ."", ""kenapa setelah membayar pascabayar menjadi tidak ada kuotanya ?"", ""saya beli paket rp . xxxnumberxxx ribu tapi mengapa tidak masuk ? padahal pulsanya sudah terpotong ."", ""pagi admin . ini saya top up pulsa mengapa gagal terus ? itu kenapa admin ?"", ""kenapa pulsa saya yang dipotong internetnya , bukan kuota saya ? dua kali pula ."", ""aduh memang indosat bermasalah terus ini . mana pulsa terpakai tiba - tiba . ingin rasanya ganti provider saja ."", ""berulah lagi ? saya tidak pernah klik macam - macam ini . pulsa tersedot banyak banget . hp - nya cuma dipake buat nelpon & sms .""]",False,10,1978,19,True,62,0.01196766,informal,0,0.8355090618133545,0.8506850004196167,68.1219938557742,False,0.0
google/gemma-3-4b-it,informal,formal,hybrid_early,0.9,"halo , mau tanya . untuk transaksi ini kok resinya gak update ya ? padahal status di jne nya sudah diproses . xxxnumberxxx thanks","“halo , resi saya kok belum update ya? nomor resinya xxxnumberxxx , itu JNE nya udah diproses kok, thanks.”",True,303,4200151,42,"[""tolong di cek untuk , awb : xxxnumberxxx . statusnya misroute itu artinya apa ? lalu untuk paket saya kapan sampainya ? terima kasih ."", ""admin , kenapa saya tidak bisa sms ? saya mau konfirmasi pembelian paket selalu gagal smsnya dari tadi ."", ""kak , paket nomor resi ini xxxnumberxxx sudah sampai di mana ?"", ""saya salah pilihan isi resi . harusnya otomatis dari si cepat , tapi saya sudah terlanjut bayar tunai . nomor resinya , apakah bisa dirubah ?"", ""malam , saya mau komplain . paket statusnya sudah sampai , tetapi saya belum menerimanya . mohon bantuannya . terima kasih ."", ""selamat malam . mohon saya diberi informasi . paket saya sejak tanggal xxxnumberxxx tertahan dengan status itu dan belum terkirim sampai sekarang . ada apa ?"", ""saya mau tanya , ini saya mau beli paket yellow kenapa sama xxxnumberxxx tidak direspons / tidak dibalas ?"", ""paket saya sampai mana ? resi xxxnumberxxx . terima kasih ."", ""hai jnt xxxuserxxx . mau tanya mengapa paket yang saya kirim masih begini saja . mohon pencerahannya ."", ""nomor resi xxxnumberxxx mohon dibantu admin . belum diantar kurirnya .""]",False,10,2180,29,True,107,0.00682093,informal,0,0.8959266543388367,0.7776341438293457,119.50732270973727,False,0.0
google/gemma-3-4b-it,informal,formal,hybrid_early,0.9,yah . lupa . dulu waktu aktivasi di ceklis apa enggak .,"“eh, lupa ya, dulu pas aktivasi diceklist nggak?”",False,305,4200152,42,"[""tolong , pulsa belum masuk , padahal saya sudah transfer juga . terima kasih ."", ""halo kak admin . saya sudah dm . mohon di cek . terima kasih ."", ""admin , mohon periksa dm . ditunggu balasannya . terima kasih ."", ""hi . selamat sore . saya baru saja membeli kartu sim simpati . sudah coba registrasi , tetapi tidak ada respon . tolong bantuannya ."", ""kalau membeli ini , apakah masa aktif ikut bertambah ? terima kasih ."", ""selamat siang kak . mohon diperiksa saya mengirimkan dm . terima kasih ."", ""admin , kenapa saya tidak bisa sms ? saya mau konfirmasi pembelian paket selalu gagal smsnya dari tadi ."", ""hai admin . saya baru saja memperbaharui aplikasi bri mobile . saat mau masuk ke internet banking , mengapa muncul aktivasi ? bisa tolong dibantu ?"", ""mengapa paket saya tiba - tiba ada notifikasi paket sudah diterima a . n . yahya ? saya sendiri penerima bel terima paketnya dari tadi menunggu ."", ""selamat malam . tolong cek pesan admin , kirim paket saya belum dikirim .""]",False,10,1992,16,True,49,0.03917082,informal,0,0.665619969367981,0.6906250715255737,219.97599964442023,False,0.0
google/gemma-3-4b-it,informal,formal,hybrid_early,0.9,"halo kak , tolong di cek jp xxxphonexxx saya belum menerima barangnya .","tolong di cek ya, paket saya dengan resi jp xxxphonexxx belum sampai.",False,307,4200153,42,"[""tolong admin , paket saya belum terkirim dengan resi jp xxxphonexxx ."", ""admin . untuk resi jp xxxphonexxx , estimasinya berapa hari sampai ?"", ""halo admin , tolong dibantu nomor resi jp xxxphonexxx dan jp xxxphonexxx status sudah diterima . tapi saya dan orang rumah belum terima paketnya . tolong dibantu ."", ""jp xxxphonexxx admin , tolong ini paket saya tidak sampai - sampai , padahal pengiriman sesama jakarta bisa xxxnumberxxx hari ."", ""tolong di cek untuk , awb : xxxnumberxxx . statusnya misroute itu artinya apa ? lalu untuk paket saya kapan sampainya ? terima kasih ."", ""selamat malam . mohon saya diberi informasi . paket saya sejak tanggal xxxnumberxxx tertahan dengan status itu dan belum terkirim sampai sekarang . ada apa ?"", ""tolong ya , antar paket saya ke rumah . sudah terlalu lama menunggunya . nomor resi jp xxxphonexxx dan jp xxxphonexxx ."", ""halo , pakey saya dengan nomor resi xxxnumberxxx tidak ada pergerakan dari kemarin . tolong konfirmasinya ."", ""halo admin , selamat pagi . nomor resi jp xxxphonexxx diperkirakan akan diterima hari ini . tapi malah disimpan kalau ada alamat yang salah . tolong diinfokan ."", ""saya mau tanya , ini saya mau beli paket yellow kenapa sama xxxnumberxxx tidak direspons / tidak dibalas ?""]",False,10,2273,19,True,69,0.059404504,informal,0,0.9227937459945679,0.8419885039329529,229.6747331876583,False,0.0
google/gemma-3-4b-it,informal,formal,hybrid_early,0.9,"milenial bang , sibuk di kantor . banyak online shop juga , ada ojol juga . gak ada manfaatnya dong nih online shop sama ojol","“wah, sekarang mau apa ya? banyak warung online juga, ada ojol juga. gak guna banget nih online shop sama ojol.”",True,309,4200154,42,"[""kalau kerja hanya menjadi buzzer seperti ini yang mau murah , malu dengan daerah yang tidak ada internetnya ."", ""admin , mengapa minggu ini tidak ada promo grab ? saya tidak bisa makan enak harga murah , admin . admin , bantu , hahaha ."", ""coba cek ke website jnt langsung . kadang suka beda track di shopee dan di website ."", ""bego hahaha . saya cek gojek lebih murah . kita coba lihat besok pagi . hahaha ."", ""mantap belanja eh dapat bonus . yuk yang disekitaran boleh rapatkan barisan berburu bonus lewat xxxnumberxxx store terdekat ."", ""admin , saran shopeepay bisa juga untuk membeli pulsa , paket data , dan listrik . hahaha ."", ""biasanya ada penyesuaian harga dari warungnya , karena warungya tidak mau dipotong komisi grabfood ."", ""sekarang mainnya begitukah ? pesimis dapat promonya lagi , kalau modelnya seperti itu . paling baru pakai ketika malam , karena untuk makan malam ."", ""iya , makanya malas komplain . hahaha ."", ""sudah mendingan mbak sekarang . sudah banyak pengemudi .""]",False,10,2071,29,True,112,0.025052307,informal,0,0.8222111463546753,0.6708012819290161,82.33483264997757,False,0.0
google/gemma-3-4b-it,informal,formal,hybrid_early,0.9,ke asyikan ya kaya operator punya bapak kamu sendiri wkwkwkwk,“Asik juga ya kayak punya bapak sendiri gitu deh wkwkwk.”,False,311,4200155,42,"[""berulah lagi ? saya tidak pernah klik macam - macam ini . pulsa tersedot banyak banget . hp - nya cuma dipake buat nelpon & sms ."", ""aduh memang indosat bermasalah terus ini . mana pulsa terpakai tiba - tiba . ingin rasanya ganti provider saja ."", ""kalau kerja hanya menjadi buzzer seperti ini yang mau murah , malu dengan daerah yang tidak ada internetnya ."", ""sinyal indosat di tempat aku , lebih baik dibandingkan dengan sinyal provider merah . padahal sama - sama menggunakan menara bersama . terima kasih ."", ""bego hahaha . saya cek gojek lebih murah . kita coba lihat besok pagi . hahaha ."", ""yang benar ? aku sudah ganti ponsel mahal untuk menuruti sinyal xl ini padahal ."", ""enak banget parah . kalau aku , jangankan mendapatkan kuota . yang ada justru sering ketarik pulsanya ."", ""kemana - mana pakai grab dan saat sedang ada promo lebih cepat dari"", ""admin , ini kenapa pulsa tiba - tiba hilang ? paket internet masih banyak tapi pulsa terpakai terus . mohon tindak lanjutnya ."", ""capai sekali saya harus cerita lagi . sudah saya telepon , saya kirim email . seharusnya dari tangkapan layar saya sudah bisa terbaca . pengemudi tidak memiliki jiwa sosial .""]",False,10,2182,17,True,57,0.007149965,informal,0,0.61872798204422,0.5592353940010071,91.19451623181547,False,0.0
google/gemma-3-4b-it,informal,formal,hybrid_early,0.9,"jam xxxnumberxxx tadi di telpon kurir , gw ketiduran min . bisa diambil sendiri ke gudang tidak ? sampai jam berapa ya ? thanks","admin , kurir telpon tadi jam xxxnumberxxx , gw ketiduran nih . bisa diambil sendiri ke gudang gak ya ? sampai jam berapa ya ? thanks",False,313,4200156,42,"[""cek resi ini admin . delivery kurir dari jam xxxnumberxxx tadi belum datang - datang . xxxnumberxxx xxxnumberxxx ."", ""selamat malam . mohon saya diberi informasi . paket saya sejak tanggal xxxnumberxxx tertahan dengan status itu dan belum terkirim sampai sekarang . ada apa ?"", ""nomor resi xxxnumberxxx mohon dibantu admin . belum diantar kurirnya ."", ""jp xxxphonexxx admin , tolong ini paket saya tidak sampai - sampai , padahal pengiriman sesama jakarta bisa xxxnumberxxx hari ."", ""paket saya sampai mana ? resi xxxnumberxxx . terima kasih ."", ""xxxnumberxxx admin , mohon dibantu update riwayat stt pengiriman ."", ""admin , kenapa saya tidak bisa sms ? saya mau konfirmasi pembelian paket selalu gagal smsnya dari tadi ."", ""kak , paket nomor resi ini xxxnumberxxx sudah sampai di mana ?"", ""sore admin . ini ada keluhan nomor saya , pulsa terpotong terus . padahal tidak berlangganan paket apapun . tolong diperiksa min + xxxnumberxxx xxxnumberxxx - xxxnumberxxx - xxxnumberxxx ."", ""nomor transaksi xxxnumberxxx . barang belum dikirim melebihi batas kirim , dana belum masuk ke saldo bl saya .""]",False,10,2176,33,False,133,0.0024125597,informal,0,0.9487466812133789,0.8828002214431763,259.9577761605511,False,0.0
google/gemma-3-4b-it,informal,formal,hybrid_early,0.9,knapa sekarang foto driver gak bisa di klik utk memperbesar / memperjelas ? bagaimana penukpang mau merasa aman kalau foto driver terlalu kecil untuk dilihat ?,“kenapa foto drivernya gak bisa di klik buat diperbesar/nambah jelas? gimana mau merasa aman kalo fotonya kecil banget buat diliat?”,False,315,4200157,42,"[""kan akun kamu private , jadi mereka tidak bisa lihat ."", ""ayo m - bca kolaborasi dengan kai agar makin mudah . lihat tampilan klikpay di handphone itu tidak nyaman ."", ""admin , saya isi gopay tadi pagi kenapa tidak masuk ? padahal sudah dapat sms konfirmasi dari bca ."", ""mengapa tidak ada sinyal ini ?"", ""setelah baca kasus ini , mari kita biasakan tidak isi gopay terlalu banyak biar kalau ada ancaman disedot kita bisa berfikir tenang dengan kemungkinan terburuknya ."", ""di busway dan tol bisa normal digunakan atau untuk naik komuter agak berbeda ? mohon infonya . sayang saldo flazz saya kalau dianggap kadaluarsa ."", ""ini apa maksudnya status di hold ? goblok banget . ditunggu dari pagi ."", ""masalahnya , akun driver bisa - bisanya kena bajak . tidak ada pilihan membatalkan karena itu yang membuat mbak ini tertipu , bang jek !"", ""admin . sudah xxxnumberxxx hari saya mau gofood , kenapa tidak mendapat driver terus - menerus ? apakah aplikasi gojek sedang error ?"", ""hai xxxuserxxx xxxuserxxx , kenapa setelah di - update versinya jadi loading lama dan tidak bisa lihat apa - apa ? saya mau lihat status pesanan saya .""]",False,10,2242,32,True,132,0.0019500778,informal,0,0.8202992677688599,0.8984869718551636,59.876420032285054,False,0.0
google/gemma-3-4b-it,informal,formal,hybrid_early,0.9,ni toko online tp ga mau ngerespon chat nya ? kalo emang ga mau dagang ga usah dagang mendingan .,"“apaan sih toko online ini gak bales chatnya? kalo mau gak jualan, yaudah gak usah jualan, ngeladenin apa?”",False,317,4200158,42,"[""apaan malah minta kamu yang dibalas ."", ""biasanya cepat . mengapa ini lama ya mas ? apa lagi trouble sistemnya ?"", ""admin mau tanya sesuatu dong , tapi lewat pesan aja . tolong pesan duluan admin . penting ."", ""admin . kemana jika mau komplain saldo ads tidak bertambah ? bukti transfer ada , tetapi dari aplikasi tokopedia tidak dapat invoice xxxuserxxx ?"", ""iya , makanya malas komplain . hahaha ."", ""ini apa maksudnya status di hold ? goblok banget . ditunggu dari pagi ."", ""ini lagi bercanda ? sampai hari ini masih seperti ini terus status pesanannya . jangan seperti ini ."", ""jangan di - protect twitter anda , mereka tidak bisa baca , mbak ."", ""biasanya ada penyesuaian harga dari warungnya , karena warungya tidak mau dipotong komisi grabfood ."", ""kualitas cuma bisa main wa , twitter . diajak perang sama shortlink langsung ko . apalagi main , ping sampai xxxnumberxxx .""]",False,10,1932,33,True,107,0.0035801188,informal,0,0.7098171710968018,0.7641788721084595,31.00378982358355,False,0.0
google/gemma-3-4b-it,informal,formal,hybrid_early,0.9,no barcode rv417785365gb hampir xxxnumberxxx hari tidak ada pergerakan mengenai barang saya,“no barcode rv417785365gb hampir xxxnumberxxx hari belum ada update mengenai barang saya.”,False,319,4200159,42,"[""admin xxxuserxxx . saya mau komplain terkait dengan nomor resi jp xxxphonexxx . barang diterima dalam keadaan plastik terbuka , sehingga barang ada yang jatuh dan hilang ."", ""mohon di follow up jt xxxphonexxx , sudah xxxnumberxxx hari tidak gerak - gerak ."", ""mau tanya xxxuserxxx , apa benar ovo sedang mengalami masalah ? saya top up via xxxuserxxx sore tadi sampai sekarang xxxnumberxxx belum masuk juga ."", ""resi jp xxxphonexxx mengapa xxxnumberxxx hari masih di gudang surabaya ? tidak jalan - jalan ."", ""sudah saya coba telpon ke mandiri . dan benar saldo saya terdebit dua kali . mohon bantuannya . nomor pelaporan mandiri : c190909991030424630 ."", ""kak , tadi coba mau beli pulsa telkomsel xxxnumberxxx xxxnumberxxx xxxnumberxxx k , tapi kenapa dibatalkan terus ? apa stoknya lagi kosong ?"", ""halo xxxuserxxx . mohon input resi sicepat xxxnumberxxx dari nomor transaksi xxxnumberxxx , produk dropship ke alamat sesuai aplikasi bukalapak . terima kasih ."", ""xxxdatexxx hari kedepan bukan ? tidak lebih dari xxxnumberxxx hari , bagaimana ?"", ""xxxnumberxxx , xxxemailxxx , dan karena lupa password ."", ""bales dm admin , sudah xxxnumberxxx hari tidak dibalas .""]",False,10,2211,27,True,90,0.4016947,informal,0,0.9070102572441101,0.8725855350494385,389.2725152322667,False,0.0
google/gemma-3-4b-it,informal,formal,hybrid_early,0.9,"coba juga di jam tengah malam , biasanya jam² im3 lancar","“Coba juga tengah malem, biasanya Im3 lancar jaya.”",False,321,4200160,42,"[""mengapa sinyalnya jika malam selalu buruk ?"", ""xxxuserxxx , koneksinya dari semalam sangat jelek !"", ""malam , koneksi telkomsel semakin lama semakin buruk bukan membaik , sudah seminggu lebih seperti ini , jadi bagaimana solusi terbaik ?"", ""admin , di daerah kabupaten bandung , sinyal xxxnumberxxx g hilang walaupun saya restart tetap hilang . mohon pengertiannya admin ."", ""telkomsel , mengapa sinyalnya hilang ?"", ""ini masih gangguan sinyal xxxnumberxxx g . tidak bisa aktif datanya ?"", ""tolong xxxuserxxx . kenapa jaringan hilang tidak jelas terus ?"", ""admin , yang paket internet malam hingga pukul xxxnumberxxx pagi itu yang jadi patokan xxxnumberxxx pagi wib atau xxxnumberxxx pagi waktu lokal pengguna ?"", ""hujan saja sinyal hilang xxxuserxxx . bangkai !"", ""di kebon sirih sinyal terulang e terus berhari - hari . sedang tidak stabil atau bagaimana ?""]",False,10,1870,15,True,51,0.3179739,informal,0,0.7115582227706909,0.8459017872810364,330.36530657807367,False,0.0
google/gemma-3-4b-it,informal,formal,hybrid_early,0.9,baik intinya kuota trf gratis ke rekening bank itu xxxnumberxxx kali ya,"admin , kuota trf gratis ke bank itu xxxnumberxxx kali ya?",False,323,4200161,42,"[""admin , kalau mau kirim pulsa ke telkomsel bisa tidak hanya xxxnumberxxx ribu begitu ?"", ""mengapa perpanjang internet tidak bisa ? xxxnumberxxx juga tidak bisa ?"", ""saya beli paket rp . xxxnumberxxx ribu tapi mengapa tidak masuk ? padahal pulsanya sudah terpotong ."", ""admin , yang paket internet malam hingga pukul xxxnumberxxx pagi itu yang jadi patokan xxxnumberxxx pagi wib atau xxxnumberxxx pagi waktu lokal pengguna ?"", ""saya gagal dan kuota saya tidak ada . itu bukan hanya satu kali tetapi dua kali dan nominalnya xxxnumberxxx ."", ""dear indosat , saya mau isi paket , tetapi mengapa tidak bisa ya ? sudah sejak jam xxxtimexxx tadi pulsa sudah masuk tetapi tidak bisa aktif ."", ""pulsa saya berkurang xxxnumberxxx padahal tidak digunakan . saya mau beli paket jadi kurang , bagaimana ini ? xxxnumberxxx"", ""pulsa saya terakhir , sekitar xxxnumberxxx . lalu isi ulang xxxnumberxxx . mengapa sekarang jumlahnya hanya xxxnumberxxx ? nomornya xxxnumberxxx ."", ""jam xxxnumberxxx lama sekali ! saya mau menghabiskan kuota malem xxxuserxxx ! apakah tidak bisa , kuota malamnya diganti jadi kuota siang ?"", ""sore admin . ini ada keluhan nomor saya , pulsa terpotong terus . padahal tidak berlangganan paket apapun . tolong diperiksa min + xxxnumberxxx xxxnumberxxx - xxxnumberxxx - xxxnumberxxx .""]",False,10,2320,17,True,58,0.123338036,informal,0,0.9391984939575195,0.7758898735046387,1050.747685124396,True,0.0
google/gemma-3-4b-it,informal,formal,hybrid_early,0.9,"selamat pagi min xxxuserxxx , tolong trouble ticket id ttb000003452245 di follow up . terima kasih","halo xxxuserxxx , tolong follow up trouble ticket ttb000003452245 . terima kasih!",False,325,4200162,42,"[""halo gojek . tolong masalah diselesaikan . dan xxxuserxxx saya sudah follow up lagi ini ."", ""halo admin xxxuserxxx minta tolong cek pesan ."", ""halo admin xxxuserxxx . tolong periksa dm ."", ""halo xxxuserxxx , tolong balas dm saya ."", ""mohon di follow up jt xxxphonexxx , sudah xxxnumberxxx hari tidak gerak - gerak ."", ""hai xxxuserxxx . tolong periksa dm saya . terima kasih !"", ""bales dm admin , sudah xxxnumberxxx hari tidak dibalas ."", ""halo xxxuserxxx , mohon cek dm saya ."", ""halo xxxuserxxx , sudah dibalas kembali ya . dmnya isi penjelasan saya . mohon diperiksa kembali . terima kasih ."", ""halo xxxuserxxx . bagaimana caranya kontak driver untuk kirim paket same day xxxnumberxxx hours ? sama sekali tidak bisa mengirimkan . terima kasih .""]",False,10,1800,30,True,81,0.5885777,formal,1,0.9361509084701538,0.8921763896942139,199.9580559000675,False,0.0
google/gemma-3-4b-it,informal,formal,hybrid_early,0.9,"jaringan bermasalah ga ada ? kemarin baru ngisi , sore ini sudah lemot parah , blm fup ya ! sinyal perbaiki daerah neglasari , tangerang .","admin , jaringan kemarin baru diisi, sore ini udah lemot banget, blm fup ya? sinyal perbaiki neglasari, tangerang.",True,327,4200163,42,"[""admin , saya isi gopay tadi pagi kenapa tidak masuk ? padahal sudah dapat sms konfirmasi dari bca ."", ""saya pakai xl prioritas kenapa lambatnya minta ampun ? padahal dulu sangat cepat , apa lagi ada maintenance ?"", ""grab paket hemat saya billingnya itu tanggal xxxnumberxxx juli xxxnumberxxx . sekarang sudah agustus mengapa subscribe - nya masih aktif ?"", ""saya mau tanya , ini saya mau beli paket yellow kenapa sama xxxnumberxxx tidak direspons / tidak dibalas ?"", ""admin . sudah xxxnumberxxx hari saya mau gofood , kenapa tidak mendapat driver terus - menerus ? apakah aplikasi gojek sedang error ?"", ""admin paketku di mana ? aku sudah menghubungi customer service bahwa pulsaku habis , jadi terputus . padahal , di track sudah sampai tujuan , tapi tidak saya terima jp xxxphonexxx"", ""sudah xxxnumberxxx hari , status belum juga berubah admin . tadi sudah telepon qc katanya cuma disuruh menunggu ."", ""admin , jaringan xxxnumberxxx g dilokasi ini error . tolong dibantu cek . terima kasih sebelumnya ."", ""normal apanya admin ? sudah beberapa hari mati nyala terus . hari ini tidak tahu sudah berapa kali , tidak menghitung saking seringnya ."", ""tolong , jaringan . pekerjaan jadi tidak benar gara - gara jaringan dari semalam lambat .""]",False,10,2331,29,True,114,0.0045221187,informal,0,0.932777464389801,0.7528486847877502,680.1689691677306,False,0.0
google/gemma-3-4b-it,informal,formal,hybrid_early,0.9,pesta kuota apa ya min ?,"halo admin , pesta kuota apa ya?",False,329,4200164,42,"[""channel pengisian kuota maksudnya bagaimana ?"", ""paket internet lokal , bagaimana kelanjutan jalan keluarnya ?"", ""hallo admin . bagaimana cara melihat riwayat pengisian pulsa ?"", ""selamat malam xxxuserxxx mau tanya , kenapa bonus kuota aplikasinya tidak bisa dipakai ? malah tersedot terus kuota utamanya . terima kasih ."", ""bagaimana cara dmnya kak ? nomor saya xxxnumberxxx ."", ""kak , indosat baru saja trouble atau bagaimana ya ? mengapa kartu saya tidak ada sinyal ?"", ""halo admin , bagaimana kalau paket saya misroute ?"", ""sudah hampir xxxnumberxxx hari , paket belum rilis . ada apa ?"", ""kak , bagaimana ini saya daftar paket yellow tidak bisa ."", ""admin kalau mau membuat nomor kartu halo baru yang xxxnumberxxx itu bagaimana prosedur dan biayanya ?""]",False,10,1736,10,True,32,0.11711189,informal,0,0.8537828922271729,0.6471778154373169,11692.23406487127,True,0.0
google/gemma-3-4b-it,informal,formal,hybrid_early,0.9,gak gitu min disini pada demo2 gakjls kasian para driver yang uangnya di gopay kaya saya min,"admin, kok gini sih? banyak yang demo gak jelas, kasihan banget driver yang uangnya di gopay kayak saya, min.",False,331,4200165,42,"[""admin , kenapa kemarin saya naik grab tetapi tidak bisa bayar dengan saldo gopay ?"", ""admin . sudah xxxnumberxxx hari saya mau gofood , kenapa tidak mendapat driver terus - menerus ? apakah aplikasi gojek sedang error ?"", ""admin , tadi pesan grabfood dan tidak sengaja tertekan rating xxxnumberxxx . cara membalikannya bagaimana ? kasihan dengan bapaknya tidak tega ."", ""klarifikasi gojek nya tidak salah kalau mitranya sedang sibuk , sibuk demo mendadak ."", ""kak , mengapa sudah memesan xxxnumberxxx x gofood pakai gopay tidak dapat cashback gopay ?"", ""saya barusan isi saldo gopay tapi tidak masuk ."", ""tolong diajarkan pengemudinya di jalan . tidak ada bedanya dengan angkot !"", ""admin , bagaimana ini ? kita warga twitter yang hobi rebahan menjadi bad mood karena sinyal susah . sinyal xxxnumberxxx g berasa xxxnumberxxx g malah e ."", ""admin , saya isi gopay tadi pagi kenapa tidak masuk ? padahal sudah dapat sms konfirmasi dari bca ."", ""setelah baca kasus ini , mari kita biasakan tidak isi gopay terlalu banyak biar kalau ada ancaman disedot kita bisa berfikir tenang dengan kemungkinan terburuknya .""]",False,10,2155,29,True,109,0.0077744722,informal,0,0.8312017917633057,0.6227282285690308,204.9495640472147,False,0.0
google/gemma-3-4b-it,informal,formal,hybrid_early,0.9,gua ga pernah begini soalnya wkwkwk,"gua juga , ngakak parah hahaha.",False,333,4200166,42,"[""parah bukan ? apa karena akunnya ? hahaha ."", ""iya , makanya malas komplain . hahaha ."", ""saya pernah seperti ini , untung sadar ."", ""aduh , aku ngakak . tapi benar juga hahaha ."", ""eh salah admin , maksudnya a hahaha ."", ""seyakin apa admin sama aku ?"", ""ini kenapa balik lagi admin ?"", ""iya . bahaya kalau ditagih nanti di akhirat hahaha ."", ""masalahnya , akun driver bisa - bisanya kena bajak . tidak ada pilihan membatalkan karena itu yang membuat mbak ini tertipu , bang jek !"", ""oke sip admin , ini nomornya saya tidak hapal admin .""]",False,10,1528,10,True,31,0.07439946,informal,0,0.6217899322509766,0.2623847723007202,1505.4524374311486,True,0.0
google/gemma-3-4b-it,informal,formal,hybrid_early,0.9,min tolong cek riwayat pulsa transfer yg masuk ke nomor xxxnumberxxx pada tanggal xxxnumberxxx agustus xxxnumberxxx,"“admin, tolong cek transfer pulsa ke nomor xxxnumberxxx tanggal xxxnumberxxx Agustus xxxnumberxxx ya.”",False,335,4200167,42,"[""sudah xxxnumberxxx x24 jam transaksi pengisian pulsa pada tanggal xxxnumberxxx agustus xxxnumberxxx pukul xxxnumberxxx tetapi belum masuk juga ya admin ?"", ""sore admin . ini ada keluhan nomor saya , pulsa terpotong terus . padahal tidak berlangganan paket apapun . tolong diperiksa min + xxxnumberxxx xxxnumberxxx - xxxnumberxxx - xxxnumberxxx ."", ""paket saya dengan resi xxxnumberxxx kenapa macet dan belum dikirimkan dari tanggal xxxnumberxxx ?"", ""pulsa saya terakhir , sekitar xxxnumberxxx . lalu isi ulang xxxnumberxxx . mengapa sekarang jumlahnya hanya xxxnumberxxx ? nomornya xxxnumberxxx ."", ""transaksi xxxnumberxxx sudah diterima tanggal xxxnumberxxx jam xxxnumberxxx siang . harap segera diremit dananya ."", ""tolong hentikan sms xxxnumberxxx ke nomor saya xxxnumberxxx . mengurangi pulsa saya ."", ""nomor transaksi saya xxxnumberxxx . saya sudah tunggu xxxnumberxxx hari tapi dana tidak balik - balik . duitnya tidak sedikit . tanggung jawab . mengapa dana orang ditahan - tahan ?"", ""pulsa saya berkurang xxxnumberxxx padahal tidak digunakan . saya mau beli paket jadi kurang , bagaimana ini ? xxxnumberxxx"", ""pagi admin . paket saya dari shopee dengan kode xxxnumberxxx xxxnumberxxx xxxnumberxxx xxxnumberxxx xxxnumberxxx xxxnumberxxx xxxnumberxxx xxxnumberxxx xxxnumberxxx xxxnumberxxx xxxnumberxxx r04b tidak terbaca nomor resinya . mohon dibantu . dari hari jumat masih mengendap di jne malang ."", ""cek resi ini admin . delivery kurir dari jam xxxnumberxxx tadi belum datang - datang . xxxnumberxxx xxxnumberxxx .""]",False,10,2596,24,True,102,0.5837797,formal,1,0.9111202359199524,0.723890483379364,111.45539626709578,False,0.0
google/gemma-3-4b-it,informal,formal,hybrid_early,0.9,sudah . masih tetep ngga bisa dari tadi,masih ngga bisa . udah sih .,False,337,4200168,42,"[""mau daftar ulang lagi juga tidak bisa ."", ""masih tidak bisa . hilang terus jaringannya dari tadi ."", ""sudah di coba tapi masih tidak bisa . cek dm ."", ""ya kalau cancel bisa , maksudnya tidak bisa transaksi karena layarnya tidak bisa diapa - apakan ."", ""bagaimana ini ? seharian tidak bisa , pulsa terpotong terus ."", ""saat nanti bikin baru tetap tidak dapat voucher ."", ""tadi barusan habis pakai aplikasi sebelah ."", ""sudah masuk email , pemberitahuannya . disuruh cek lagi , tetap saldo tidak berubah . tapi sudahlah tak mengapa ."", ""mengapa daritadi mau menggunakan voucher , tapi tidak bisa terus ? padahal sudah diperbaharui juga ."", ""admin , sinyal saya udah balik lagi . senang banget . mau nangis .""]",False,10,1700,10,True,28,0.007941829,informal,0,0.8467074632644653,0.766904354095459,2420.5658882721546,True,0.0
google/gemma-3-4b-it,informal,formal,hybrid_early,0.9,nah bener nih dipesen itu grabfoodnya dan jangan lupa apapun makanannya minumannya teh botol sosro ( endorse dong xxxuserxxx ),"“akhirnya bisa pesen grabfood juga , jangan lupa minta teh botol sosro ( endorse dong )”",False,339,4200169,42,"[""promo grabfood semuanya terpental tidak bisa dipakai . sedih aku itu , xxxuserxxx . huhuhu ."", ""mau makan , malah dikasih uang xxxuserxxx ."", ""pengemudi grab di jogja sedang ke gereja berjamaah atau kopi darat ? kenapa sudah xxxnumberxxx menit mencoba grabfood berkali - kali tidak ada yang mengambil pesanan ."", ""admin , tadi pesan grabfood dan tidak sengaja tertekan rating xxxnumberxxx . cara membalikannya bagaimana ? kasihan dengan bapaknya tidak tega ."", ""biasanya ada penyesuaian harga dari warungnya , karena warungya tidak mau dipotong komisi grabfood ."", ""kak , mengapa sudah memesan xxxnumberxxx x gofood pakai gopay tidak dapat cashback gopay ?"", ""halo xxxuserxxx , aplikasi grab di iphone se saya kenapa jadi berat sekali ? apalagi kalau pesan grabfood sering hang ."", ""grabfood error , apakah saya harus beralih ke gofood ?"", ""admin . sudah xxxnumberxxx hari saya mau gofood , kenapa tidak mendapat driver terus - menerus ? apakah aplikasi gojek sedang error ?"", ""halo grab , mau tanya . apakah bisa driver dapat xxxnumberxxx order dari orang berbeda dalam xxxnumberxxx waktu ?""]",False,10,2173,23,True,88,0.013403402,informal,0,0.7398640513420105,0.6317732334136963,133.64173264165782,False,0.0
google/gemma-3-4b-it,informal,formal,hybrid_early,0.9,tidak . krn banyak mitra berkerumun didepan saya,“kok rame banget di depan aku tuh.”,False,341,4200170,42,"[""baik , saya masih di depan mesin atm ."", ""halo admin , ini mengapa saya selalu ditelepon oleh cs dan disaat jam kerja ?"", ""jangan di - protect twitter anda , mereka tidak bisa baca , mbak ."", ""kan akun kamu private , jadi mereka tidak bisa lihat ."", ""klarifikasi gojek nya tidak salah kalau mitranya sedang sibuk , sibuk demo mendadak ."", ""iya . mau ditelepon juga tidak akan bisa . auto - cancel . tetapi kalau tembakan , saya agak ragu , karena jarak pengantarannya xxxnumberxxx ."", ""betul . karena tidak mungkin saya menyampaikan keluhan via cuitan . karena terdapat informasi penting ."", ""pengirim paket jd xxxphonexxx , tolong ditegur . jnt cikupa , sangat lama . pengalaman orang - orang ."", ""admin , bagaimana ini ? kita warga twitter yang hobi rebahan menjadi bad mood karena sinyal susah . sinyal xxxnumberxxx g berasa xxxnumberxxx g malah e ."", ""pengemudi grab di jogja sedang ke gereja berjamaah atau kopi darat ? kenapa sudah xxxnumberxxx menit mencoba grabfood berkali - kali tidak ada yang mengambil pesanan .""]",False,10,2027,10,True,35,0.007476362,informal,0,0.3996798098087311,0.5302083492279053,447.8602403524978,False,0.0
google/gemma-3-4b-it,informal,formal,hybrid_early,0.9,min . saya coba buat transfer ke bank lain pakai m - banking pagi ini gagal terus ya ? tp buat transfer ke virtual account lancar . ada solusikah ?,"“eh, kok pas transfer ke bank lain lewat m-banking pagi ini nggak berhasil ya? tapi buat virtual account lancar. ada solusinya nggak?”",False,343,4200171,42,"[""hai admin . saya baru saja memperbaharui aplikasi bri mobile . saat mau masuk ke internet banking , mengapa muncul aktivasi ? bisa tolong dibantu ?"", ""halo . kenapa sejak dua hari yang lalu saya mau bayar cc melalui m - banking tetapi selalu keluar pop - up seperti ini ?"", ""oh seperti itu , baru saja aku coba registrasi ke xxxnumberxxx sms - nya selalu gagal kak , bagaimana ?"", ""saya salah pilihan isi resi . harusnya otomatis dari si cepat , tapi saya sudah terlanjut bayar tunai . nomor resinya , apakah bisa dirubah ?"", ""untuk pengiriman uang melalui dbs singapura ke bri indonesia , proses uang masuk berapa hari ya ? karena semalam suami transfer , tapi sampai sekarang uang belum kak ."", ""hi . selamat sore . saya baru saja membeli kartu sim simpati . sudah coba registrasi , tetapi tidak ada respon . tolong bantuannya ."", ""kira - kira berapa lama prosesnya ? saya mengajukan kemarin , kira - kira kapan saya bisa mendapatkan notifikasinya ?"", ""saya mau tanya , apa nomor rekening yang sudah tidak ditambah saldo selama xxxnumberxxx tahun masih aktif / digunakan ?"", ""admin , kenapa saya tidak bisa sms ? saya mau konfirmasi pembelian paket selalu gagal smsnya dari tadi ."", ""tadi saya top up ke shopeepay , sudah berhasil , tapi kenapa di aplikasi tetap xxxnumberxxx ? tolong baca pesan saya . terimakasih .""]",False,10,2421,32,True,134,0.021713741,informal,0,0.8713983297348022,0.838129997253418,50.28341277061214,False,0.0
google/gemma-3-4b-it,informal,formal,hybrid_early,0.9,pengen liatt min tpi gimana yaa,"ngakak, pengen liat min, gimana yaaa?",False,345,4200172,42,"[""kita sama dari minggu disuruh dm email dan nomor hp tapi sampai sekarang belum benar . astaga . ini bagaimana ?"", ""ini twitter yang error apa sinyal saya yang error ? saya ig , yt , wa bisa , tapi untuk twitter sama ml tidak bisa ."", ""cek dm dari saya admin ."", ""sudah saya dm tetapi kenapa belum dijawab ?"", ""ini apa maksudnya status di hold ? goblok banget . ditunggu dari pagi ."", ""aduh , aku ngakak . tapi benar juga hahaha ."", ""channel pengisian kuota maksudnya bagaimana ?"", ""sudah aku dm ya min . tolong responnya ."", ""sudah saya balas lagi min . bisa lihat dm ? karena saya sudah bayar dan nominalnya tidak sebanyak yang dilaporkan ."", ""oke sip admin , ini nomornya saya tidak hapal admin .""]",False,10,1685,15,True,37,0.0025460324,informal,0,0.7494267821311951,0.7816414833068848,132.41936979647036,False,0.0
google/gemma-3-4b-it,informal,formal,hybrid_early,0.9,halo min xxxuserxxx tolong cek dm ya .,"halo xxxuserxxx , tolong periksa dm saya ya.",True,347,4200173,42,"[""halo xxxuserxxx , mohon cek dm saya ."", ""halo admin xxxuserxxx . tolong periksa dm ."", ""halo xxxuserxxx , tolong balas dm saya ."", ""halo admin xxxuserxxx minta tolong cek pesan ."", ""hai xxxuserxxx . tolong periksa dm saya . terima kasih !"", ""halo xxxuserxxx , sudah dibalas kembali ya . dmnya isi penjelasan saya . mohon diperiksa kembali . terima kasih ."", ""tolong cek jb xxxphonexxx dari tanggal xxxnumberxxx mengapa tidak ada status lagi ?"", ""halo xxxuserxxx . paket saya malah bolak - balik seperti ini ."", ""bales dm admin , sudah xxxnumberxxx hari tidak dibalas ."", ""dm ku juga dilihat dong admin . sudah xxxnumberxxx jam yang lalu .""]",False,10,1632,14,True,44,0.07210301,informal,0,0.9262843132019043,0.9376568794250488,976.6041134971019,False,0.0
google/gemma-3-4b-it,informal,formal,hybrid_early,0.9,"pakdok ga usah ikutan , traktir saya ngopi aja deh .","“Pak, enggak usah ikutin, traktir aku kopi aja deh.”",False,349,4200174,42,"[""tidak usah mas tono . saya hanya mau curhat saja . nanti si driver diputus kemitraan , saya jadi merasa bersalah ."", ""admin , mengapa minggu ini tidak ada promo grab ? saya tidak bisa makan enak harga murah , admin . admin , bantu , hahaha ."", ""mas , tolong sedikit lebih cepat ya . saya sudah lapar . siap mbak , ditunggu . sama nanti , tolong temani saya ya mas . rumahnya lagi sepi ."", ""baca . aku lapar mau gofood . belum makan dari pagi . tolong ."", ""ibu saya yang email , saya duduk manis saja terkena sedikit omongan ."", ""admin , sinyal saya udah balik lagi . senang banget . mau nangis ."", ""bego hahaha . saya cek gojek lebih murah . kita coba lihat besok pagi . hahaha ."", ""admin , nenek saya naik grab sudah saya bayar pakai ovo tapi ketika turun , nenek saya bayar tunai lagi . gimana cara ovo - nya biar balik ?"", ""pengemudi grab di jogja sedang ke gereja berjamaah atau kopi darat ? kenapa sudah xxxnumberxxx menit mencoba grabfood berkali - kali tidak ada yang mengambil pesanan ."", ""sudah mendingan mbak sekarang . sudah banyak pengemudi .""]",False,10,2062,16,True,52,0.064236045,informal,0,0.7196898460388184,0.6526545882225037,75.48954423404531,False,0.0
google/gemma-3-4b-it,informal,formal,hybrid_early,0.9,"kencan bahagia versi gue itu yang gak pake ribet , sederhana , saling ngerti , gak harus nuntut dan paling penting dia seneng ketika ketemu gue","“kencan seru buat gue tuh yang gampang banget, santai, ngertiin satu sama lain, gak usah maksa, yang paling penting dia happy pas ketemu gue.”",False,351,4200175,42,"[""ini twitter yang error apa sinyal saya yang error ? saya ig , yt , wa bisa , tapi untuk twitter sama ml tidak bisa ."", ""seberapa kamu ? saya besok mau menikah . terus ? malam pertamanya sekarang ."", ""dm terus . tidak ada respons lain yang bisa anda sampaikan ? selesaikan di sini , penyelesaiannya ingin seperti apa ?"", ""apaan malah minta kamu yang dibalas ."", ""parah bukan ? apa karena akunnya ? hahaha ."", "": seberapa kamu ? : besok dia mau menembak saya : terus ? : saya terima cintanya sekarang"", ""alhamdulillah , rezeki anak soleh kak . * siap - siap diajak ketemuan ."", ""pacar , sudah membuat sayang , menghilangnya cepat ."", ""balas chatnya mas crush . padahal dia balas berjam - jam kemudian ."", ""oke sip admin , ini nomornya saya tidak hapal admin .""]",False,10,1856,37,True,142,0.023629658,informal,0,0.8186005353927612,0.7789175510406494,35.920147554413106,False,0.0
google/gemma-3-4b-it,informal,formal,hybrid_early,0.9,kalau lokasi bank terdekat dimana ya ?,di mana lokasi bank terdekat ya?,False,353,4200176,42,"[""kantor pos pulo gadung buka sampai jam berapa ? saya ingin melakukan pembayaran ."", ""batas pengiriman dari bca ke bank lain per hari berapa melalu klikbca ?"", ""hanya alamat yang berubah . jadi harus ke cabang bca terdekat untuk mengganti kartu ya ? apakah ada biaya tambahan ?"", ""kapan ini dikirimnya ? terlalu banyak transit dari cilandak ke depok padahal dekat ."", ""admin , apakah ada kontak telepon yang dapat dihubungi ?"", ""apakah di bca kantor cabang purwokerto ada perbankan akhir pekan ? terima kasih ."", ""kalian pengiriman dari jakarta ke jakarta butuh waktu berapa lama ?"", ""untuk nomor rekening ponsel minimal nominal berapa ?"", ""kemana - mana pakai grab dan saat sedang ada promo lebih cepat dari"", ""kalau aku : lagi otw pulang tapi ibu menelpon menyuruh pulang . padahal posisi masih jauh dari rumah .""]",False,10,1807,8,True,32,0.012805545,informal,0,0.9589266777038574,0.9643684029579163,988.4237359477864,False,0.0
google/gemma-3-4b-it,informal,formal,hybrid_early,0.9,bisa tolong cek dm dr saya,"sudah aku dm ya , tolong responnya .",False,355,4200177,42,"[""cek dm dari saya admin ."", ""sudah saya dm admin , mohon dicek ."", ""sudah saya dm . mohon dibalas ."", ""mohon periksa dm saya . terima kasih ."", ""admin , tolong cek dm ya . terima kasih ."", ""sudah aku dm ya min . tolong responnya ."", ""ditunggu penyelesaian kasusnya . cek dm . terima kasih ."", ""sudah admin , tolong cek dm ."", ""sudah saya dm tetapi kenapa belum dijawab ?"", ""sudah ada di dm semua , lokasi dan nomor .""]",False,10,1397,12,True,36,0.5806994,formal,1,0.6978342533111572,0.4416023790836334,1628.1369578444117,True,0.0
google/gemma-3-4b-it,informal,formal,hybrid_early,0.9,itu seler kurang aja . iklan palsu dan aku sudah tertipu .,"“ini kayaknya ada masalah , aku jadi kurang puas sama hasilnya .”",False,357,4200178,42,"[""saya sudah coba beberapa kali hasilnya seperti itu . apa yang salah ?"", ""tolong , pulsa belum masuk , padahal saya sudah transfer juga . terima kasih ."", ""baiklah , terima kasih . tapi saya tidak sedang berlangganan apa - apa . namun , mengapa pulsa terpotong min ? kira - kira , bagaimana cara memeriksanya ? sebelumnya tidak pernah ."", ""oh seperti itu , baru saja aku coba registrasi ke xxxnumberxxx sms - nya selalu gagal kak , bagaimana ?"", ""benar , aku sering sekali setiap setelah isi kuota sinyal tidak ada ."", ""dari tadi selalu seperti ini . ini kenapa ya admin . aku kirim pesan admin juga tidak bisa ."", ""sama seperti saya , pak . paket saya tidak saya terima . klaimnya tidak jelas kapan hasilnya . jangan tunggu ini menyebar !"", ""saya beli paket rp . xxxnumberxxx ribu tapi mengapa tidak masuk ? padahal pulsanya sudah terpotong ."", ""admin . ketika ingin mengecek tagihan listrik , mengapa tidak bisa ? muncul pesan di bawah ."", ""tadi saya top up ke shopeepay , sudah berhasil , tapi kenapa di aplikasi tetap xxxnumberxxx ? tolong baca pesan saya . terimakasih .""]",False,10,2088,15,True,65,0.6870095,formal,1,0.4205116629600525,0.3538423180580139,147.56649795466276,False,0.0
google/gemma-3-4b-it,informal,formal,hybrid_early,0.9,"besok "" pas udh ketemu tanya , kemarin kamu isiin gopay sapa aja",“besok aku isi gopay siapa aja?”,False,359,4200179,42,"[""admin , saya isi gopay tadi pagi kenapa tidak masuk ? padahal sudah dapat sms konfirmasi dari bca ."", ""saya barusan isi saldo gopay tapi tidak masuk ."", ""admin , kenapa kemarin saya naik grab tetapi tidak bisa bayar dengan saldo gopay ?"", ""kembalikan uang saya . kalau tidak , masukkan uang saya yang sudah saya top up ke gopay . saya minta tanggung jawab dan respon cepatnya . terima kasih ."", "": seberapa kamu ? : barusan order grabbike : terus ? : setelah klik order langsung menunggu di depan rumah ."", ""kak , mengapa sudah memesan xxxnumberxxx x gofood pakai gopay tidak dapat cashback gopay ?"", ""setelah baca kasus ini , mari kita biasakan tidak isi gopay terlalu banyak biar kalau ada ancaman disedot kita bisa berfikir tenang dengan kemungkinan terburuknya ."", ""grab ada kode promo untuk grab send terbaru tidak ? mengapa yang antar - jakarta expired ?"", ""saya sudah top up gopay . mengapa saldo saya tidak bertambah ?"", ""selamat malam . apakah ada promo cashback / bonus pengisian gopay ? terima kasih""]",False,10,2030,11,True,32,0.01797804,informal,0,0.772817850112915,0.6080703735351562,340.1031334131211,False,0.0
google/gemma-3-4b-it,informal,formal,hybrid_early,0.9,"cek saha ma , so tau kamu mah","cek dm , so tau kamu mah?",False,361,4200180,42,"[""periksa dm ! kalau tidak , kita putus ."", ""seyakin apa admin sama aku ?"", ""sudah admin , tolong cek dm ."", "": seberapa kamu ? : besok dia mau menembak saya : terus ? : saya terima cintanya sekarang"", ""seberapa kamu ? saya besok mau menikah . terus ? malam pertamanya sekarang ."", ""kak , mohon maaf , sebelum bawa perasaan , sebaiknya periksa dm dari aku dahulu ."", ""sudah saya dm tetapi kenapa belum dijawab ?"", ""sudah di dm dibaca saja tidak ."", ""maaf tapi saya masih bermasalah lagi ."", ""cek dm dari saya admin .""]",False,10,1499,9,True,25,0.021634895,informal,0,0.8565496802330017,0.7736632227897644,18725.235983360373,True,0.0
google/gemma-3-4b-it,informal,formal,hybrid_early,0.9,sampe jam segini masih belum bisa daftarin paket loh,"“sampe jam segini masih belum bisa daftar paket ya, admin?”",False,363,4200181,42,"[""tolong paket saya belum saya terima tapi pas dicek tracking kenapa sudah delivered ?"", ""sudah masuk email , pemberitahuannya . disuruh cek lagi , tetap saldo tidak berubah . tapi sudahlah tak mengapa ."", ""admin , kalau sudah melewati estimasi pengiriman , tapi barang belum sampai bagaimana ?"", ""selamat malam . tolong cek pesan admin , kirim paket saya belum dikirim ."", ""admin , kenapa saya tidak bisa sms ? saya mau konfirmasi pembelian paket selalu gagal smsnya dari tadi ."", ""ini paket mengapa gagal kirim admin ?"", ""sudah di coba tapi masih tidak bisa . cek dm ."", ""siang admin , email saya belum ada balasan juga ."", ""mau daftar ulang lagi juga tidak bisa ."", ""saya sudah aktifkan paket , namun tidak ada balasan . padahal saya sudah melakukan konfirmasi .""]",False,10,1771,16,True,59,0.012727603,informal,0,0.8713535070419312,0.748938798904419,161.64028471805017,False,0.0
google/gemma-3-4b-it,informal,formal,hybrid_early,0.9,"kota malang min , biasanya cepet dapet driver . hari ini yg parah .","admin malang , biasanya cepet dapat driver , hari ini kenapa lemot banget?",False,365,4200182,42,"[""admin . sudah xxxnumberxxx hari saya mau gofood , kenapa tidak mendapat driver terus - menerus ? apakah aplikasi gojek sedang error ?"", ""dibilangnya \"" pengemudi telah sampai , padahal masih jauh sekali . tolong dibenarkan sistem pemberitahuannya ."", ""admin gojek tersayang , tolong pengemudi gk - xxxnumberxxx ada di mana ?"", ""resi jp xxxphonexxx mengapa xxxnumberxxx hari masih di gudang surabaya ? tidak jalan - jalan ."", ""halo grab , mau tanya . apakah bisa driver dapat xxxnumberxxx order dari orang berbeda dalam xxxnumberxxx waktu ?"", ""parah , aplikasi grab sangat lambat sekarang ."", ""jb xxxphonexxx , sudah seminggu paket tidak sampai , padahal masih dalam jakarta . malah dikirim ke surabaya untuk apa ? jnt sistemnya seperti apa ?"", ""kenapa aplikasi xxxuserxxx jadi lambat semenjak update ios ? tetapi gojek tidak ."", ""admin , saya isi gopay tadi pagi kenapa tidak masuk ? padahal sudah dapat sms konfirmasi dari bca ."", ""permisi admin , maaf malam minggu malah tanya . kalau mau ganti nomor rekening ponsel akun gojek driver bagaimana ? soalnya kartunya hilang .""]",False,10,2096,17,True,74,0.2312696,informal,0,0.8207565546035767,0.7572649717330933,418.005988115219,False,0.0
google/gemma-3-4b-it,informal,formal,hybrid_early,0.9,"menu pembaharuan password itu kaya gini , kenapa sih susah amat ambil dana yang ada di akun sendiri ke rekening sendiri","“menu ganti password begini , kenapa sih susah banget ambil duit dari akun sendiri ke rekening sendiri”",False,367,4200183,42,"[""mengambil saldo tidak masuk - masuk ke bri saya ."", ""tidak bisa update saldo e - money setelah top up di tokopedia itu bagaimana ? tolong aku , admin ."", ""saya kirim uang , mengapa tidak masuk ? padahal status berhasil dan saldo saya terpotong ."", ""admin . kalau lupa akun shopee bagaimana ? aku daftar lagi tetapi tidak bisa shopeepay karena sudah terdaftar . jadi bagaimana ?"", ""bagaimana ini dana top - up shopeepay saya tidak masuk padahal sudah transfer ."", ""saldo terpotong , tapi uang tidak keluar . ini sudah kali kedua saya melakukan penarikan tunai di atm ."", ""cara aktifkan pay later - nya bagaimana , admin ? saya mau pakai di tokopedia ."", ""sekarang dm mereka yang berkata kalau pulsa sudah dikembalikan dihapus oleh mereka . begitukah cara mencari uang sekarang ?"", ""masalahnya email saya pada akun tersebut lupa password . saya sudah mengikuti cara mengganti email hanya saja tidak bisa terganti email tersebut ."", ""cara pakainya bagaimana admin ? saya klik gunakan sekarang masuk ke web sampai itu saja .""]",False,10,2095,22,True,103,0.017000712,informal,0,0.8513917922973633,0.8229401707649231,152.37960622768114,False,0.0
google/gemma-3-4b-it,informal,formal,hybrid_early,0.9,ini sudah terkirim tp pesanan belum selesai d sistem karna saya menggunakan kurir berbeda,"“kok pesanan belum selesai di sistem ya, padahal udah terkirim pake kurir beda?”",False,369,4200184,42,"[""admin , kalau sudah melewati estimasi pengiriman , tapi barang belum sampai bagaimana ?"", ""jika pesanan tidak diproses penjual , batal otomatis setelah berapa hari ? di bukalapak , tidak ada informasi seperti itu ."", ""nomor transaksi xxxnumberxxx . barang belum dikirim melebihi batas kirim , dana belum masuk ke saldo bl saya ."", ""malam , saya ingin mengembalikan barang karena salah kirim . saya diberi info kalau saya harus meng - upload bukti pengirimannya . upload - nya di mana ? terima kasih ."", ""tolong paket saya belum saya terima tapi pas dicek tracking kenapa sudah delivered ?"", ""segera kirim pesanan saya sudah lewat dari batas waktu ."", ""nomor resi xxxnumberxxx mohon dibantu admin . belum diantar kurirnya ."", ""xxxnumberxxx transaksi tersebut mengapa batal ? itukan sudah dikirim . kurir sudah jemput ."", ""ini paket mengapa gagal kirim admin ?"", ""sudah saya dm tetapi kenapa belum dijawab ?""]",False,10,1950,21,True,80,0.0050633964,informal,0,0.8063638210296631,0.7509810328483582,73.40778880906706,False,0.0
google/gemma-3-4b-it,informal,formal,hybrid_early,0.9,dr kmaren kok xl no service . ada penjelasan ?,"admin , kok nomor saya gak bisa xl ya ? ada penjelasan?",False,371,4200185,42,"[""maaf admin , nomor saya tidak bisa dipakai internet , nelpon , dll . mohon ditanggapi dm saya ."", ""admin , kenapa saya tidak bisa sms ? saya mau konfirmasi pembelian paket selalu gagal smsnya dari tadi ."", ""mohon dibantu sinyal indosatnya , mengapa sangat lambat ? padahal baru daftar paket internet ."", ""halo admin . saldo ovo tidak muncul di grab . padahal nomor hp sudah sama . tolong cek dm admin ."", ""barusan ada yang telepon saya dengan nomor ini . apakah ini benar dari halo bca ?"", ""iya kak terima kasih . tetapi tadi sudah datang ke galeri indosatnya langsung . sudah normal kembali ."", ""saya lupa pin , bagaimana reset - nya ? apakah saya harus menelepon cs ?"", ""tolong bantu , kenapa nomor simpati saya tidak bisa menerima sms dari nomor tri , padahal ditelepon bisa ."", ""jb xxxphonexxx , sudah seminggu paket tidak sampai , padahal masih dalam jakarta . malah dikirim ke surabaya untuk apa ? jnt sistemnya seperti apa ?"", ""kak , bagaimana ini saya daftar paket yellow tidak bisa .""]",False,10,1994,14,True,55,0.0065925065,informal,0,0.770056962966919,0.6003099679946899,1116.7958255573967,True,0.0
google/gemma-3-4b-it,informal,formal,hybrid_early,0.9,"apakah tanpa buku tabungan bisa , untuk upgrade nya , sama mau setor tunai soalnya pecahan xxxnumberxxx ribu , trimakasih","“Bisa upgrade tanpa buku tabungan ya, admin? Terus, mau setor tunai pecahan xxxnumberxxx ribu nih. Makasih.”",False,373,4200186,42,"[""selamat siang . voucher shopee senilai xxxnumberxxx ribu . apakah ketika melakukan pembelian melebihi nominal tersebut dapat dibayar dengan tunai ? mohon infonya . terima kasih ."", ""admin , ini bagaimana ? saya baru beli voucher xxxnumberxxx xxxnumberxxx k pakai go - points . saat dipakai hanya dapat potongan xxxnumberxxx xxxnumberxxx k ?"", ""permisi admin bukalapak , mohon konfirmasi top up dana saya sebesar rp xxxnumberxxx . xxxnumberxxx . berikut bukti pembayaran . terima kasih ."", ""nomor transaksi saya xxxnumberxxx . saya sudah tunggu xxxnumberxxx hari tapi dana tidak balik - balik . duitnya tidak sedikit . tanggung jawab . mengapa dana orang ditahan - tahan ?"", ""tadi saya top up ke shopeepay , sudah berhasil , tapi kenapa di aplikasi tetap xxxnumberxxx ? tolong baca pesan saya . terimakasih ."", ""tidak bisa update saldo e - money setelah top up di tokopedia itu bagaimana ? tolong aku , admin ."", ""halo admin , ini mengapa vouchernya tidak bisa digunakan . padahal sudah belanja xxxnumberxxx ribu lebih ."", ""tolong diproses . sudah xxxnumberxxx hari tidak ada perkembangan . uang go - pay saya belum kunjung masuk ."", ""pengembalian saldo karena gagal penarikan membutuhkan waktu berapa lama ? saya sudah melaporkan xxxnumberxxx hari kerja sampai sekarang masih proses ditindaklanjuti terus ."", ""saya sangat kecewa dengan kejadian seperti ini . saya mohon tindak lanjutnya , karena saya sudah bayar dari jam xxxnumberxxx pagi tadi .""]",False,10,2523,30,True,108,0.031073714,informal,0,0.8980484008789062,0.8158408403396606,227.68471119941324,False,0.0
google/gemma-3-4b-it,informal,formal,hybrid_early,0.9,mau tanya udh beli paket kok ga masuk2 gimana nii ?,"“kok paketnya gak masuk ya, admin? mau tau gimana ini nih?”",False,375,4200187,42,"[""admin , kenapa saya tidak bisa sms ? saya mau konfirmasi pembelian paket selalu gagal smsnya dari tadi ."", ""saya mau tanya , ini saya mau beli paket yellow kenapa sama xxxnumberxxx tidak direspons / tidak dibalas ?"", ""tolong paket saya belum saya terima tapi pas dicek tracking kenapa sudah delivered ?"", ""oh seperti itu , baru saja aku coba registrasi ke xxxnumberxxx sms - nya selalu gagal kak , bagaimana ?"", ""saya barusan isi saldo gopay tapi tidak masuk ."", ""saya kirim uang , mengapa tidak masuk ? padahal status berhasil dan saldo saya terpotong ."", ""mengapa paket saya tiba - tiba ada notifikasi paket sudah diterima a . n . yahya ? saya sendiri penerima bel terima paketnya dari tadi menunggu ."", ""ini paket mengapa gagal kirim admin ?"", ""cara aktifkan pay later - nya bagaimana , admin ? saya mau pakai di tokopedia ."", ""bagaimana cara dmnya kak ? nomor saya xxxnumberxxx .""]",False,10,1890,17,True,59,0.005641173,informal,0,0.7907843589782715,0.6435844898223877,122.11085215912078,False,0.0
google/gemma-3-4b-it,informal,formal,hybrid_early,0.9,hhahaha yg trakhir pas kiss eresiinya lutcuu bangett njirr 🤣 🤣 🤣 🤣 🤣 ada xxxnumberxxx wink kayanya,hahaha yg terakhir pas cium erisinya lutcuuu bangett njirr 🤣 🤣 🤣 🤣 🤣 ada xxxnumberxxx wink kayanya,True,377,4200188,42,"[""sering - sering seperti ini xxxuserxxx agar makin sayang aku ."", ""bang / mpok xxxuserxxx , indosat mengapa upload - nya jelek banget ? diomelin terus ini main counter - strike ."", ""lumayan untuk menonton youtube . terima kasih xxxuserxxx , rp xxxnumberxxx dapat xxxnumberxxx gb ."", ""sinyal xxxuserxxx jelek sekali . tidak di kos , tidak di mal jelek sekali ."", ""kualitas cuma bisa main wa , twitter . diajak perang sama shortlink langsung ko . apalagi main , ping sampai xxxnumberxxx ."", ""pengirim paket jd xxxphonexxx , tolong ditegur . jnt cikupa , sangat lama . pengalaman orang - orang ."", ""driver xxxuserxxx di jogjakarta malam ini sibuk semua . luar biasa . sejam klak klik klak klik sibuk melulu ."", ""xxxuserxxx , admin kenapa paket tau di mytelkomsel saya cuma muncul xxxnumberxxx ? ( cuma heavy )"", ""pasti pelanggan setia dong min . sudah xxxnumberxxx tahun menggunakan tri . sangat merakyat jika menggunakan tri , bikin irit keuangan ."", ""tidak ada perubahan min . sepertinya di kelapa gading memang susah sinyal xxxnumberxxx nya min .""]",False,10,2099,29,False,98,0.00178622,informal,0,0.7933000326156616,0.857494056224823,1531.5804019761529,True,0.0
google/gemma-3-4b-it,informal,formal,hybrid_early,0.9,selamat siang . dua hari ini orderan grabfood di denpasar kok drivernya jauh - jauh dari resto ya ? kebetulan atau memang ada error ? terima kasih,"""selamat siang . dua hari ini orderan grabfood di denpasar kok drivernya jauh banget dari resto ya? kebetulan apa gimana sih ini?""",True,379,4200189,42,"[""admin . sudah xxxnumberxxx hari saya mau gofood , kenapa tidak mendapat driver terus - menerus ? apakah aplikasi gojek sedang error ?"", ""ada masalah apa dengan grabfood ? di semarang , dari pagi pesanan tidak ada yang menempel . semua sibuk . ganti restoran pun sama ."", ""permisi admin , maaf malam minggu malah tanya . kalau mau ganti nomor rekening ponsel akun gojek driver bagaimana ? soalnya kartunya hilang ."", ""klarifikasi gojek nya tidak salah kalau mitranya sedang sibuk , sibuk demo mendadak ."", ""halo grab , mau tanya . apakah bisa driver dapat xxxnumberxxx order dari orang berbeda dalam xxxnumberxxx waktu ?"", ""admin , mengapa minggu ini tidak ada promo grab ? saya tidak bisa makan enak harga murah , admin . admin , bantu , hahaha ."", ""lagi membeli kue di resto pilihan , tapi kata pengemudinya toko tersebut tidak ada kerja sama dengan grab , pengemudi minta dibatalkan . detail di dm . terima kasih ."", ""pengemudi grab di jogja sedang ke gereja berjamaah atau kopi darat ? kenapa sudah xxxnumberxxx menit mencoba grabfood berkali - kali tidak ada yang mengambil pesanan ."", ""ini mengapa admin ? mengapa seperti ini dari sore tadi . sudah aku setting lokasi masih sama saja . tolong dibantu dari sore belum makan ."", ""dibilangnya \"" pengemudi telah sampai , padahal masih jauh sekali . tolong dibenarkan sistem pemberitahuannya .""]",False,10,2445,33,True,130,0.0026277394,informal,0,0.9061521887779236,0.864574670791626,83.2456077904267,False,0.0
google/gemma-3-4b-it,informal,formal,hybrid_early,0.9,"halo , ini saya login gabisa2 dari tadi , kodenya ga ke send2 di nomor saya . soalnya mau ganti nomor tolong dong","“halo , kok aku login gak bisa ya dari tadi , kodenya gak ke kirim2 di nomor aku . soalnya mau ganti nomor tolong dong.”",False,381,4200190,42,"[""admin , kenapa saya tidak bisa sms ? saya mau konfirmasi pembelian paket selalu gagal smsnya dari tadi ."", ""halo kak admin . saya sudah dm . mohon di cek . terima kasih ."", ""hi . selamat sore . saya baru saja membeli kartu sim simpati . sudah coba registrasi , tetapi tidak ada respon . tolong bantuannya ."", ""oh seperti itu , baru saja aku coba registrasi ke xxxnumberxxx sms - nya selalu gagal kak , bagaimana ?"", ""iya kak terima kasih . tetapi tadi sudah datang ke galeri indosatnya langsung . sudah normal kembali ."", ""tolong , pulsa belum masuk , padahal saya sudah transfer juga . terima kasih ."", ""hai admin . saya baru saja memperbaharui aplikasi bri mobile . saat mau masuk ke internet banking , mengapa muncul aktivasi ? bisa tolong dibantu ?"", ""selamat malam . tolong cek pesan admin , kirim paket saya belum dikirim ."", ""selamat siang kak . mohon diperiksa saya mengirimkan dm . terima kasih ."", ""baik admin , sebentar lagi saya kirim lewat dm . terima kasih .""]",False,10,2041,33,True,120,0.002788702,informal,0,0.920956015586853,0.8628553152084351,55.75603208562906,False,0.0
google/gemma-3-4b-it,informal,formal,hybrid_early,0.9,bandwidth xxxnumberxxx xxxnumberxxx xxxnumberxxx kbps buat youtubean menggunakan indosat buffering terus tidak ?,"bandwidth xxxnumberxxx kbps buat youtubean sama Indosat buffering terus, nih?",False,383,4200191,42,"[""xxxnumberxxx hari xxxnumberxxx gb youtube hanya berkurang xxxnumberxxx xxxnumberxxx mb , karena memang tidak jalan , loading saja terus . emosi di jiwa ."", ""pulsa saya berkurang xxxnumberxxx padahal tidak digunakan . saya mau beli paket jadi kurang , bagaimana ini ? xxxnumberxxx"", ""admin , yang paket internet malam hingga pukul xxxnumberxxx pagi itu yang jadi patokan xxxnumberxxx pagi wib atau xxxnumberxxx pagi waktu lokal pengguna ?"", ""tolong xxxuserxxx , dari kemarin sore jaringanya penuh tapi tidak terhubung ke internet . padahal kuota masih lumayan banyak ."", ""lumayan untuk menonton youtube . terima kasih xxxuserxxx , rp xxxnumberxxx dapat xxxnumberxxx gb ."", ""jam xxxnumberxxx lama sekali ! saya mau menghabiskan kuota malem xxxuserxxx ! apakah tidak bisa , kuota malamnya diganti jadi kuota siang ?"", ""mengapa perpanjang internet tidak bisa ? xxxnumberxxx juga tidak bisa ?"", ""pulsa saya terakhir , sekitar xxxnumberxxx . lalu isi ulang xxxnumberxxx . mengapa sekarang jumlahnya hanya xxxnumberxxx ? nomornya xxxnumberxxx ."", ""admin , bagaimana ini ? kita warga twitter yang hobi rebahan menjadi bad mood karena sinyal susah . sinyal xxxnumberxxx g berasa xxxnumberxxx g malah e ."", ""terima kasih sayang bonus kuota xxxnumberxxx gb - nya . lumayan satu hari untuk streaming , hahaha .""]",False,10,2366,20,True,77,0.0040171156,informal,0,0.9198839068412781,0.9415068626403809,2430.686374464725,True,0.0
google/gemma-3-4b-it,informal,formal,hybrid_early,0.9,cek dm min disana ada nomer nomer kartu yg baru dibeli dan tidak bisa dipake internet . monggo solusinya,"admin, ada masalah sama nomor kartu baru, gak bisa internet. cek dm ya, ada detailnya.",False,385,4200192,42,"[""paket internet lokal , bagaimana kelanjutan jalan keluarnya ?"", ""sudah di coba tapi masih tidak bisa . cek dm ."", ""halo admin . saldo ovo tidak muncul di grab . padahal nomor hp sudah sama . tolong cek dm admin ."", ""maaf admin , nomor saya tidak bisa dipakai internet , nelpon , dll . mohon ditanggapi dm saya ."", ""admin , mengapa indosat tidak bisa dipasang paket ?"", ""admin paketku di mana ? aku sudah menghubungi customer service bahwa pulsaku habis , jadi terputus . padahal , di track sudah sampai tujuan , tapi tidak saya terima jp xxxphonexxx"", ""kak , indosat baru saja trouble atau bagaimana ya ? mengapa kartu saya tidak ada sinyal ?"", ""admin , ini kenapa pulsa tiba - tiba hilang ? paket internet masih banyak tapi pulsa terpakai terus . mohon tindak lanjutnya ."", ""halo xxxuserxxx , kalau paket salah tulis nomor rumah apakah bisa diganti ? sudah terlanjur dikirim baru tahu kalau nomor rumahnya salah ."", ""kenapa setelah membayar pascabayar menjadi tidak ada kuotanya ?""]",False,10,2041,22,True,86,0.016831337,informal,0,0.6180711984634399,0.6630682945251465,131.78592896964466,False,0.0
google/gemma-3-4b-it,informal,formal,hybrid_early,0.9,driver online yg ngocol pasti kesel terus nyinyir liat beginian . ngoceh bla . bla bukannya istighfar sambil bilang gw juga mau kaya gini ahh,"admin , driver online tuh pasti kesel banget ngeliat kayak gini. ngoceh aja bla bla, bukannya istighfar sambil bilang pengen kaya gitu juga ahh.",False,387,4200193,42,"[""balas chatnya mas crush . padahal dia balas berjam - jam kemudian ."", ""klarifikasi gojek nya tidak salah kalau mitranya sedang sibuk , sibuk demo mendadak ."", ""admin , bagaimana ini ? kita warga twitter yang hobi rebahan menjadi bad mood karena sinyal susah . sinyal xxxnumberxxx g berasa xxxnumberxxx g malah e ."", ""pengemudi grab di jogja sedang ke gereja berjamaah atau kopi darat ? kenapa sudah xxxnumberxxx menit mencoba grabfood berkali - kali tidak ada yang mengambil pesanan ."", ""admin . sudah xxxnumberxxx hari saya mau gofood , kenapa tidak mendapat driver terus - menerus ? apakah aplikasi gojek sedang error ?"", ""akun saya ditangguhkan karena saya cancel terus . padahal saya sedang buru - buru dan dapatnya pengemudi ganjil terus di hari yang genap . mohon dm saya ."", ""ini twitter yang error apa sinyal saya yang error ? saya ig , yt , wa bisa , tapi untuk twitter sama ml tidak bisa ."", ""admin , tadi pesan grabfood dan tidak sengaja tertekan rating xxxnumberxxx . cara membalikannya bagaimana ? kasihan dengan bapaknya tidak tega ."", ""ibu saya yang email , saya duduk manis saja terkena sedikit omongan ."", ""bisa jadi admin grab - nya salah ketik .""]",False,10,2261,37,True,144,0.0031886098,informal,0,0.7921364307403564,0.8102606534957886,175.3679485284215,False,0.0
google/gemma-3-4b-it,informal,formal,hybrid_early,0.9,kurang adil ya kayanya di tokped aja penjual bisa ngasih reputasi ke akun pembeli 🤭,"""kok aneh ya, di Tokped penjual ngasih rating ke akun pembeli? goblok banget, gak adil!""",False,389,4200194,42,"[""admin , tadi pesan grabfood dan tidak sengaja tertekan rating xxxnumberxxx . cara membalikannya bagaimana ? kasihan dengan bapaknya tidak tega ."", ""untuk apa nomorku , kutu busuk ! kamu tidak lihat konsumen - konsumen lain ada masalah yang sama . kontol jangan berlaga congek dan tuli , kamu goblok ."", ""ini apa maksudnya status di hold ? goblok banget . ditunggu dari pagi ."", ""masalahnya , akun driver bisa - bisanya kena bajak . tidak ada pilihan membatalkan karena itu yang membuat mbak ini tertipu , bang jek !"", ""mantap . jadi semakin baik penjualannya ."", ""sudah mendingan mbak sekarang . sudah banyak pengemudi ."", ""aneh , bukalapak dari kemarin - kemmarin balas cuma bisa itu - itu saja . niat membantu atau tidak ?"", ""mau bertanya nomor pesanan xxxnumberxxx kapan dikirimnya ? dari kemarin masih pengemasan belum berubah ."", ""tidak usah mas tono . saya hanya mau curhat saja . nanti si driver diputus kemitraan , saya jadi merasa bersalah ."", ""tolong diajarkan pengemudinya di jalan . tidak ada bedanya dengan angkot !""]",False,10,2067,24,True,88,0.008202696,informal,0,0.782171368598938,0.5676132440567017,118.2777891461035,False,0.0
google/gemma-3-4b-it,informal,formal,hybrid_early,0.9,kak kenapa ga bisa bales sms ke xxxnumberxxx ?,"admin , kenapa ga bales sms - nya ya nomor saya xxxnumberxxx ?",False,391,4200195,42,"[""bagaimana cara dmnya kak ? nomor saya xxxnumberxxx ."", ""bales dm admin , sudah xxxnumberxxx hari tidak dibalas ."", ""sudah xxxnumberxxx hari , status belum juga berubah admin . tadi sudah telepon qc katanya cuma disuruh menunggu ."", ""mengapa perpanjang internet tidak bisa ? xxxnumberxxx juga tidak bisa ?"", ""sore admin . ini ada keluhan nomor saya , pulsa terpotong terus . padahal tidak berlangganan paket apapun . tolong diperiksa min + xxxnumberxxx xxxnumberxxx - xxxnumberxxx - xxxnumberxxx ."", ""admin , mengapa dm saya belum di respon - respons ? sudah xxxnumberxxx hari admin ."", ""ini masih gangguan sinyal xxxnumberxxx g . tidak bisa aktif datanya ?"", ""oh seperti itu , baru saja aku coba registrasi ke xxxnumberxxx sms - nya selalu gagal kak , bagaimana ?"", ""tolong cek jb xxxphonexxx dari tanggal xxxnumberxxx mengapa tidak ada status lagi ?"", ""admin , kalau mau kirim pulsa ke telkomsel bisa tidak hanya xxxnumberxxx ribu begitu ?""]",False,10,1942,16,True,62,0.004135001,informal,0,0.8971073031425476,0.8172823190689087,1454.2653331299477,True,0.0
google/gemma-3-4b-it,informal,formal,hybrid_early,0.9,"iya , paham . yg saya protes kan kenapa smsnya bilang bakal diantar hari ini ? kalo","admin , kenapa smsnya bilang bakal diantar hari ini? kalo",False,393,4200196,42,"[""maaf admin , nomor saya tidak bisa dipakai internet , nelpon , dll . mohon ditanggapi dm saya ."", ""admin paketku di mana ? aku sudah menghubungi customer service bahwa pulsaku habis , jadi terputus . padahal , di track sudah sampai tujuan , tapi tidak saya terima jp xxxphonexxx"", ""admin , kenapa saya tidak bisa sms ? saya mau konfirmasi pembelian paket selalu gagal smsnya dari tadi ."", ""jb xxxphonexxx , sudah seminggu paket tidak sampai , padahal masih dalam jakarta . malah dikirim ke surabaya untuk apa ? jnt sistemnya seperti apa ?"", ""halo xxxuserxxx , kalau paket salah tulis nomor rumah apakah bisa diganti ? sudah terlanjur dikirim baru tahu kalau nomor rumahnya salah ."", ""malam , saya ingin mengembalikan barang karena salah kirim . saya diberi info kalau saya harus meng - upload bukti pengirimannya . upload - nya di mana ? terima kasih ."", ""nomor resi xxxnumberxxx mohon dibantu admin . belum diantar kurirnya ."", ""tunggu mas , saya sedang menanyakan kepada orangnya . dia belum membalas ."", ""xxxnumberxxx transaksi tersebut mengapa batal ? itukan sudah dikirim . kurir sudah jemput ."", ""tolong paket saya belum saya terima tapi pas dicek tracking kenapa sudah delivered ?""]",False,10,2226,14,False,57,0.017030688,informal,0,0.8399066925048828,0.7378253936767578,608.4556087434436,False,0.0
google/gemma-3-4b-it,informal,formal,hybrid_early,0.9,"min saya mau hapus akun gojek cust , gmn cranya ? soal nya kna bajak orang","admin , maaf banget , mau minta tolong hapus akun gojek pelanggan . gimana caranya ya ? soalnya kena bajak orang nih .",False,395,4200197,42,"[""permisi admin , maaf malam minggu malah tanya . kalau mau ganti nomor rekening ponsel akun gojek driver bagaimana ? soalnya kartunya hilang ."", ""hai admin . mohon bantu untuk hapus akun gojek saya yang lama . terima kasih ."", ""admin . sudah xxxnumberxxx hari saya mau gofood , kenapa tidak mendapat driver terus - menerus ? apakah aplikasi gojek sedang error ?"", ""masalahnya , akun driver bisa - bisanya kena bajak . tidak ada pilihan membatalkan karena itu yang membuat mbak ini tertipu , bang jek !"", ""halo admin . saya ingin menonaktifkan akun go - jek saya . mohon diperiksa dmnya . saya sedih , sudah dari kemarin mention namun tidak ada tanggapan ."", ""malam , saya ingin mengembalikan barang karena salah kirim . saya diberi info kalau saya harus meng - upload bukti pengirimannya . upload - nya di mana ? terima kasih ."", ""bisa jadi admin grab - nya salah ketik ."", ""hai xxxuserxxx xxxuserxxx , kenapa setelah di - update versinya jadi loading lama dan tidak bisa lihat apa - apa ? saya mau lihat status pesanan saya ."", ""selamat malam , ingin bertanya , cara mengenai pendaftaran produk di gojek bagaimana ?"", ""halo admin . saldo ovo tidak muncul di grab . padahal nomor hp sudah sama . tolong cek dm admin .""]",False,10,2246,30,True,118,0.06422063,informal,0,0.8244814872741699,0.7476924657821655,80.87823991364183,False,0.0
google/gemma-3-4b-it,informal,formal,hybrid_early,0.9,mksdnya gimana min ? buka dimana itu ?,"mana tuh ya, buka di mana sih?",False,397,4200198,42,"[""channel pengisian kuota maksudnya bagaimana ?"", ""maksudnya lewat laptop via situs ?"", ""sudah aku dm ya min . tolong responnya ."", ""ya kalau cancel bisa , maksudnya tidak bisa transaksi karena layarnya tidak bisa diapa - apakan ."", ""sudah saya dm tetapi kenapa belum dijawab ?"", ""mana dm - nya admin ? belum masuk ke dm saya ."", ""saya mau ganti device bca mobile dari android ke ios bagaimana caranya ?"", ""ini twitter yang error apa sinyal saya yang error ? saya ig , yt , wa bisa , tapi untuk twitter sama ml tidak bisa ."", ""apakah yang bermasalah handphone saya atau aplikasinya kak ?"", ""saya lupa pin , bagaimana reset - nya ? apakah saya harus menelepon cs ?""]",False,10,1655,10,True,30,0.0048099696,informal,0,0.7537570595741272,0.7497032284736633,822.6992433241666,False,0.0
google/gemma-3-4b-it,informal,formal,hybrid_early,0.9,cc xxxuserxxx kayak ginian dulu udah digiles sama xxxuserxxx . kemkominfo xxxuserxxx sekarang mana berani .,"“iya nih xxxuserxxx, kayak gini dulu udah digiles sama xxxuserxxx. Kominfo xxxuserxxx sekarang mana berani.”",False,399,4200199,42,"[""iya nih xxxuserxxx sangat parah , masa kalah sama yang lain ."", ""sering - sering seperti ini xxxuserxxx agar makin sayang aku ."", ""sayang xxxuserxxx , saya mengikuti ini ya ."", ""sudah diturunkan ke xxxnumberxxx g / xxxnumberxxx g , namun selalu gagal . cc ."", ""ini xxxuserxxx lambat sekali xxxnumberxxx g - nya ."", ""mau tanya xxxuserxxx , apa benar ovo sedang mengalami masalah ? saya top up via xxxuserxxx sore tadi sampai sekarang xxxnumberxxx belum masuk juga ."", ""admin xxxuserxxx untuk memberantas ini bagaimana ?"", ""bismillah . jawaban : a . ayo ikutan xxxuserxxx xxxuserxxx xxxuserxxx ."", ""tolong xxxuserxxx ini diproses , modus penipuan ."", ""ini sinyalnya kenapa ya sekarang xxxuserxxx jelek sekali .""]",False,10,1771,29,True,108,0.02103819,informal,0,0.852822482585907,0.7553009390830994,345.6061115871581,False,0.0
google/gemma-3-4b-it,informal,formal,hybrid_early,0.9,udah mana lagi jagain jodoh orang digangguin pula sama sinyal,“udah mana lagi ngurusin sinyal orang diganggu pula ?”,False,401,4200200,42,"[""apaan malah minta kamu yang dibalas ."", ""alhamdulillah , rezeki anak soleh kak . * siap - siap diajak ketemuan ."", ""sekarang dm mereka yang berkata kalau pulsa sudah dikembalikan dihapus oleh mereka . begitukah cara mencari uang sekarang ?"", ""saya pakai xl prioritas kenapa lambatnya minta ampun ? padahal dulu sangat cepat , apa lagi ada maintenance ?"", ""dm saya tidak dipedulikan , layanan jelek ."", ""kemana - mana pakai grab dan saat sedang ada promo lebih cepat dari"", ""admin , sinyal saya udah balik lagi . senang banget . mau nangis ."", ""mas , tolong sedikit lebih cepat ya . saya sudah lapar . siap mbak , ditunggu . sama nanti , tolong temani saya ya mas . rumahnya lagi sepi ."", ""malam , koneksi telkomsel semakin lama semakin buruk bukan membaik , sudah seminggu lebih seperti ini , jadi bagaimana solusi terbaik ?"", ""admin , kenapa jaringan selalu hidup mati ? harus pindah - pindah apn baru tersambung .""]",False,10,1932,15,True,54,0.025043817,informal,0,0.7779123783111572,0.6756514310836792,538.5006994445062,False,0.0
google/gemma-3-4b-it,informal,formal,hybrid_early,0.9,"halo , min saya ga bisa registrasi nomer kenapa ya ?","halo , kak kenapa saya ga bisa registrasi nomor ya?",False,403,4200201,42,"[""halo , tolong cek dm . penting ."", ""admin kalau mau membuat nomor kartu halo baru yang xxxnumberxxx itu bagaimana prosedur dan biayanya ?"", ""halo admin , bagaimana kalau paket saya misroute ?"", ""kak , bagaimana ini saya daftar paket yellow tidak bisa ."", ""hi . selamat sore . saya baru saja membeli kartu sim simpati . sudah coba registrasi , tetapi tidak ada respon . tolong bantuannya ."", ""halo , tolong respons dm saya ."", ""halo admin . saldo ovo tidak muncul di grab . padahal nomor hp sudah sama . tolong cek dm admin ."", ""maaf admin , nomor saya tidak bisa dipakai internet , nelpon , dll . mohon ditanggapi dm saya ."", ""barusan ada yang telepon saya dengan nomor ini . apakah ini benar dari halo bca ?"", ""iya kak terima kasih . tetapi tadi sudah datang ke galeri indosatnya langsung . sudah normal kembali .""]",False,10,1822,13,True,51,0.002107635,informal,0,0.9607741832733154,0.9780305624008179,1082.020728785598,True,0.0
google/gemma-3-4b-it,informal,formal,hybrid_early,0.9,"halo . sistem lazada sedang error kah ? saya tidak bisa checkout dan bayar . sudah dicoba via app , browser hp & pc , sudah restart hp juga","halo , sistem lazada kenapa ya? gak bisa checkout sama bayar , udah coba lewat app , browser hp & pc , hp juga udah di restart.",False,405,4200202,42,"[""hai lazada , mengapa dari kemarin saya buat laporan tidak ada penanganan ? lambat !"", ""iya kak terima kasih . tetapi tadi sudah datang ke galeri indosatnya langsung . sudah normal kembali ."", ""hi . selamat sore . saya baru saja membeli kartu sim simpati . sudah coba registrasi , tetapi tidak ada respon . tolong bantuannya ."", ""admin . kalau lupa akun shopee bagaimana ? aku daftar lagi tetapi tidak bisa shopeepay karena sudah terdaftar . jadi bagaimana ?"", ""admin , kenapa saya tidak bisa sms ? saya mau konfirmasi pembelian paket selalu gagal smsnya dari tadi ."", ""oh seperti itu , baru saja aku coba registrasi ke xxxnumberxxx sms - nya selalu gagal kak , bagaimana ?"", ""halo , pakey saya dengan nomor resi xxxnumberxxx tidak ada pergerakan dari kemarin . tolong konfirmasinya ."", ""malam , saya mau komplain . paket statusnya sudah sampai , tetapi saya belum menerimanya . mohon bantuannya . terima kasih ."", ""tadi saya top up ke shopeepay , sudah berhasil , tapi kenapa di aplikasi tetap xxxnumberxxx ? tolong baca pesan saya . terimakasih ."", ""halo , ini bagaimana tidak bisa di dm . sudah follow akunnya juga .""]",False,10,2213,31,True,127,0.0017215433,informal,0,0.9167199730873108,0.9262569546699524,92.53367495513062,False,0.0
google/gemma-3-4b-it,informal,formal,hybrid_early,0.9,"min , saya sudah isi pulsa xxxnumberxxx xxxnumberxxx rb tapi kok gak masuk ya ? padahal nomor sudah benar min","min, pulsa saya berkurang xxxnumberxxx padahal sudah isi pulsa xxxnumberxxx rb , nomornya xxxnumberxxx .",False,407,4200203,42,"[""sore admin . ini ada keluhan nomor saya , pulsa terpotong terus . padahal tidak berlangganan paket apapun . tolong diperiksa min + xxxnumberxxx xxxnumberxxx - xxxnumberxxx - xxxnumberxxx ."", ""saya beli paket rp . xxxnumberxxx ribu tapi mengapa tidak masuk ? padahal pulsanya sudah terpotong ."", ""sudah xxxnumberxxx hari , status belum juga berubah admin . tadi sudah telepon qc katanya cuma disuruh menunggu ."", ""pulsa saya terakhir , sekitar xxxnumberxxx . lalu isi ulang xxxnumberxxx . mengapa sekarang jumlahnya hanya xxxnumberxxx ? nomornya xxxnumberxxx ."", ""oh seperti itu , baru saja aku coba registrasi ke xxxnumberxxx sms - nya selalu gagal kak , bagaimana ?"", ""pulsa saya berkurang xxxnumberxxx padahal tidak digunakan . saya mau beli paket jadi kurang , bagaimana ini ? xxxnumberxxx"", ""bagaimana cara dmnya kak ? nomor saya xxxnumberxxx ."", ""sudah kak . sudah saya ganti ke xxxnumberxxx g , tapi tetap susah ."", ""admin , kalau mau kirim pulsa ke telkomsel bisa tidak hanya xxxnumberxxx ribu begitu ?"", ""admin , mohon dibalas . sudah xxxnumberxxx x24 jam mencoba , tidak masuk - masuk .""]",False,10,2160,26,True,104,0.0144744795,informal,0,0.888027012348175,0.8039932250976562,216.96787434673547,False,0.0
google/gemma-3-4b-it,informal,formal,hybrid_early,0.9,"inv / xxxnumberxxx / xix / ix / xxxnumberxxx , tlg perpanjang masa ired order sampai xxxdatexxx , tq mod","admin, mohon perpanjang masa red order untuk inv / xxxnumberxxx / xix / ix / xxxnumberxxx sampai xxxdatexxx, tq.",False,409,4200204,42,"[""baru saja saya membeli barang di tokopedia dan tidak bisa dibatalkan , bisa tolong dibatalkan pesanan saya inv / xxxnumberxxx / xix / ix / xxxnumberxxx ?"", ""sudah xxxnumberxxx x24 jam transaksi pengisian pulsa pada tanggal xxxnumberxxx agustus xxxnumberxxx pukul xxxnumberxxx tetapi belum masuk juga ya admin ?"", ""jp xxxphonexxx admin , tolong ini paket saya tidak sampai - sampai , padahal pengiriman sesama jakarta bisa xxxnumberxxx hari ."", ""admin , saya sebagai seller , mohon dibantu untuk penyelesaian komplain inv / xxxnumberxxx / xix / vii / xxxnumberxxx ."", ""keluar update versi xxxnumberxxx . xxxnumberxxx kapan admin ?"", ""mohon info status pengiriman dengan nomor resi jd xxxphonexxx tujuan medan , admin , karena masih belum diterima . paket dikirim dari bandung tanggal xxxdatexxx . terima kasih ."", ""transaksi xxxnumberxxx sudah diterima tanggal xxxnumberxxx jam xxxnumberxxx siang . harap segera diremit dananya ."", ""xxxnumberxxx admin , mohon dibantu update riwayat stt pengiriman ."", ""xxxnumberxxx , xxxemailxxx , dan karena lupa password ."", ""paket saya dengan resi xxxnumberxxx kenapa macet dan belum dikirimkan dari tanggal xxxnumberxxx ?""]",False,10,2218,31,True,112,0.45309526,informal,0,0.8894712924957275,0.7789947390556335,249.20081277924055,False,0.0
google/gemma-3-4b-it,informal,formal,hybrid_early,0.9,min tolong respon komplain no transaksi xxxnumberxxx secepatnya . trimakasih banyak,"admin , tolong respon komplain nomor transaksi xxxnumberxxx secepatnya . terima kasih banyak.",False,411,4200205,42,"[""admin , tolong dibantu periksa resi xxxnumberxxx , sudah xxxnumberxxx hari tidak ada pergerakan ."", ""admin , mengapa dm saya belum di respon - respons ? sudah xxxnumberxxx hari admin ."", ""saya sangat kecewa dengan kejadian seperti ini . saya mohon tindak lanjutnya , karena saya sudah bayar dari jam xxxnumberxxx pagi tadi ."", ""bales dm admin , sudah xxxnumberxxx hari tidak dibalas ."", ""xxxnumberxxx admin , mohon dibantu update riwayat stt pengiriman ."", ""admin , jaringan xxxnumberxxx g dilokasi ini error . tolong dibantu cek . terima kasih sebelumnya ."", ""sore admin . ini ada keluhan nomor saya , pulsa terpotong terus . padahal tidak berlangganan paket apapun . tolong diperiksa min + xxxnumberxxx xxxnumberxxx - xxxnumberxxx - xxxnumberxxx ."", ""tolong diproses . sudah xxxnumberxxx hari tidak ada perkembangan . uang go - pay saya belum kunjung masuk ."", ""dm ku juga dilihat dong admin . sudah xxxnumberxxx jam yang lalu ."", ""cek resi ini admin . delivery kurir dari jam xxxnumberxxx tadi belum datang - datang . xxxnumberxxx xxxnumberxxx .""]",False,10,2087,21,True,93,0.95187557,formal,1,0.9459276795387268,0.8707056641578674,297.17768189386607,False,0.0
google/gemma-3-4b-it,informal,formal,hybrid_early,0.9,minn kuota ini berlaku sampai kapan ya ? trims,"Kak, masa aktif kuota ini sampai kapan ya? Terima kasih.",False,413,4200206,42,"[""selamat malam . mohon saya diberi informasi . paket saya sejak tanggal xxxnumberxxx tertahan dengan status itu dan belum terkirim sampai sekarang . ada apa ?"", ""baiklah , terima kasih . tapi saya tidak sedang berlangganan apa - apa . namun , mengapa pulsa terpotong min ? kira - kira , bagaimana cara memeriksanya ? sebelumnya tidak pernah ."", ""bos , hari keberapa ini tidak kunjung masuk kuota saya ? saya sudah cukup sabar ya bos !"", ""kak , paket nomor resi ini xxxnumberxxx sudah sampai di mana ?"", ""grab paket hemat saya billingnya itu tanggal xxxnumberxxx juli xxxnumberxxx . sekarang sudah agustus mengapa subscribe - nya masih aktif ?"", ""tolong di cek untuk , awb : xxxnumberxxx . statusnya misroute itu artinya apa ? lalu untuk paket saya kapan sampainya ? terima kasih ."", ""kalau membeli ini , apakah masa aktif ikut bertambah ? terima kasih ."", ""admin , tolong cek dm ya . terima kasih ."", ""hallo admin . bagaimana cara melihat riwayat pengisian pulsa ?"", ""selamat malam xxxuserxxx mau tanya , kenapa bonus kuota aplikasinya tidak bisa dipakai ? malah tersedot terus kuota utamanya . terima kasih .""]",False,10,2110,15,True,56,0.04348373,informal,0,0.711280107498169,0.764965295791626,132.65623939839296,False,0.0
google/gemma-3-4b-it,informal,formal,hybrid_early,0.9,mohon dibantu saya sdh lakukan pembayaran tagihan xxxdatexxx bulanan tapi knpa no hp masih belum bisa aktiv no hp matrik xxxnumberxxx,"“tolong admin, nomor hp saya masih belum bisa aktif padahal sudah melakukan pembayaran tagihan bulan xxxdatexxx. nomor hp matrik xxxnumberxxx.”",False,415,4200207,42,"[""sore admin . ini ada keluhan nomor saya , pulsa terpotong terus . padahal tidak berlangganan paket apapun . tolong diperiksa min + xxxnumberxxx xxxnumberxxx - xxxnumberxxx - xxxnumberxxx ."", ""dear indosat , saya mau isi paket , tetapi mengapa tidak bisa ya ? sudah sejak jam xxxtimexxx tadi pulsa sudah masuk tetapi tidak bisa aktif ."", ""selamat malam . mohon saya diberi informasi . paket saya sejak tanggal xxxnumberxxx tertahan dengan status itu dan belum terkirim sampai sekarang . ada apa ?"", ""hai jnt xxxuserxxx . mau tanya mengapa paket yang saya kirim masih begini saja . mohon pencerahannya ."", ""halo admin , tolong dibantu nomor resi jp xxxphonexxx dan jp xxxphonexxx status sudah diterima . tapi saya dan orang rumah belum terima paketnya . tolong dibantu ."", ""sudah xxxnumberxxx hari , status belum juga berubah admin . tadi sudah telepon qc katanya cuma disuruh menunggu ."", ""tolong admin , paket saya belum terkirim dengan resi jp xxxphonexxx ."", ""saya mau tanya , apa nomor rekening yang sudah tidak ditambah saldo selama xxxnumberxxx tahun masih aktif / digunakan ?"", ""paket saya dengan resi xxxnumberxxx kenapa macet dan belum dikirimkan dari tanggal xxxnumberxxx ?"", ""bagaimana cara dmnya kak ? nomor saya xxxnumberxxx .""]",False,10,2327,34,True,143,0.69333506,formal,1,0.9116770029067993,0.7988291382789612,73.76337334827289,False,0.0
google/gemma-3-4b-it,informal,formal,hybrid_early,0.9,"eh ada yg punya setori , misi ya mbaa","“Eh, ada yang mau nanya nih, Mbak?”",False,417,4200208,42,"[""malam , saya ingin mengembalikan barang karena salah kirim . saya diberi info kalau saya harus meng - upload bukti pengirimannya . upload - nya di mana ? terima kasih ."", ""kalau mau melampirkan surat keterangan domisili di kolom mana ? sedangkan saya belum dapat sms sama sekali untuk melengkapi berkas ."", ""sudah saya balas lagi min . bisa lihat dm ? karena saya sudah bayar dan nominalnya tidak sebanyak yang dilaporkan ."", ""siang admin , email saya belum ada balasan juga ."", ""eh salah admin , maksudnya a hahaha ."", ""selamat malam , mau tanya kalau proses pengembalian dana ( selisih ongkos kirim ) biasanya berapa lama ya admin ?"", ""belum ada konfirmasi lagikah , admin ?"", ""untuk pengiriman uang melalui dbs singapura ke bri indonesia , proses uang masuk berapa hari ya ? karena semalam suami transfer , tapi sampai sekarang uang belum kak ."", ""kalau ajukan pembatalan dimana pesanan barang yang dibeli sudah dibayar dan bayarnya pakai kartu kredit , mekanisme pengembalian dananya bagaimana ?"", ""saya kirim uang , mengapa tidak masuk ? padahal status berhasil dan saldo saya terpotong .""]",False,10,2086,14,True,35,0.08918034,informal,0,0.5162686109542847,0.4624760150909424,37.909272233114,False,0.0
google/gemma-3-4b-it,informal,formal,hybrid_early,0.9,alasannya tdk masuk akal kadang perintah operator telkomsel bila lelet matikan tombol pesawat atau sebut data diri tp tetap lelet,"""alasan kok gak masuk akal sih, kalau operator telkomsel nyuruh matiin HP atau sebutin nama, tetep aja lelet?""",False,419,4200209,42,"[""admin , mengapa indosat tidak bisa dipasang paket ?"", ""telkomsel , mengapa sinyalnya hilang ?"", ""admin , ini mengapa lambat sekali indosat memutar video twitter ? lambat sekali ."", ""mohon dibantu sinyal indosatnya , mengapa sangat lambat ? padahal baru daftar paket internet ."", ""berulah lagi ? saya tidak pernah klik macam - macam ini . pulsa tersedot banyak banget . hp - nya cuma dipake buat nelpon & sms ."", ""saya tidak pernah sms ke nomor ini . mengapa terus - terusan terpotong pulsa seperti ini ?"", ""saya melakukan pembukaan tabungan lewat bca mobile , namun saat tahap panggilan video dengan pelayanan pelanggan , selalu tidak bisa ."", ""sinyal aku xxxnumberxxx g penuh tetapi mengapa buka google saja lambat , apalagi yang lain . terpaksa ganti operator seluler . tolong ."", ""tolong bantu , kenapa nomor simpati saya tidak bisa menerima sms dari nomor tri , padahal ditelepon bisa ."", ""kak , indosat baru saja trouble atau bagaimana ya ? mengapa kartu saya tidak ada sinyal ?""]",False,10,2068,31,True,110,0.0061819335,informal,0,0.7347813248634338,0.7273721694946289,81.93417770373465,False,0.0
google/gemma-3-4b-it,informal,formal,hybrid_early,0.9,"tolong cek dm , saya kirim screenshot history topup tapi gak masuk yah saldonya","“tolong cek dm, kok saldo gak masuk ya setelah top up?”",False,421,4200210,42,"[""saya kirim uang , mengapa tidak masuk ? padahal status berhasil dan saldo saya terpotong ."", ""tidak bisa update saldo e - money setelah top up di tokopedia itu bagaimana ? tolong aku , admin ."", ""sudah saya balas lagi min . bisa lihat dm ? karena saya sudah bayar dan nominalnya tidak sebanyak yang dilaporkan ."", ""xxxuserxxx , mengapa saya sudah dua kali top up tidak masuk - masuk saldonya ?"", ""kak , akun saya kenapa tiba - tiba aktif suppr seller ? padahal tidak pernah diaktifkan . dan poin juga masih belum mencukupi ."", ""tadi saya top up ke shopeepay , sudah berhasil , tapi kenapa di aplikasi tetap xxxnumberxxx ? tolong baca pesan saya . terimakasih ."", ""bos , hari keberapa ini tidak kunjung masuk kuota saya ? saya sudah cukup sabar ya bos !"", ""pengembalian saldo karena gagal penarikan membutuhkan waktu berapa lama ? saya sudah melaporkan xxxnumberxxx hari kerja sampai sekarang masih proses ditindaklanjuti terus ."", ""halo admin . saldo ovo tidak muncul di grab . padahal nomor hp sudah sama . tolong cek dm admin ."", ""semoga cepat masuk kak saldonya . admin xxxuserxxx mohon cepat ditindaklanjuti masalahnya .""]",False,10,2159,16,True,55,0.009234526,informal,0,0.8188473582267761,0.6660534739494324,131.7528790494931,False,0.0
google/gemma-3-4b-it,informal,formal,hybrid_early,0.9,colek xxxuserxxx dan xxxuserxxx mohon diperhitungkan biaya parkir,"parah sekali xxxuserxxx , xxxuserxxx tolong ditindaklanjuti!",False,423,4200211,42,"[""belinya menggunakan xxxuserxxx , dapat cashback xxxpercentxxx . lumayan , dapat kopi gratis ."", ""asuransi link tersebut berada di posisi nomor xxxnumberxxx xxxuserxxx xxxuserxxx xxxuserxxx * xxxnumberxxx"", ""di bulan september ini semoga xxxuserxxx dan xxxuserxxx memberikan promo ."", ""kecewa dengan xxxuserxxx . yakin memilih voucher cashback sehingga tetap bayar ongkos kirim , tetapi saat barang sampai koin cashback tidak didapat !"", ""mau jajan aset / saham xxxuserxxx xxxnumberxxx ribu dapat berapa persen ?"", ""bagaimana xxxuserxxx tolong ditindaklanjuti !"", ""sayang xxxuserxxx , saya mengikuti ini ya ."", ""admin xxxuserxxx untuk memberantas ini bagaimana ?"", ""lebih bangsat ini xxxuserxxx . mahal saja . kencang tidak , lag iya ."", ""parah sekali xxxuserxxx , tetapi baik selalu memberi diskon .""]",False,10,1820,19,True,60,0.7538914,formal,1,0.6118010878562927,0.5555777549743652,231.83586969441677,False,0.0
google/gemma-3-4b-it,informal,formal,hybrid_early,0.9,sudah saya dm infonya . mohon dicek . terima kasih .,sudah aku dm infonya . mohon dicek . terima kasih .,False,425,4200212,42,"[""admin , tolong cek dm ya . terima kasih ."", ""admin , mohon periksa dm . ditunggu balasannya . terima kasih ."", ""admin tolong cek dm . terima kasih ."", ""selamat siang kak . mohon diperiksa saya mengirimkan dm . terima kasih ."", ""sudah saya dm . mohon dibalas ."", ""halo kak admin . saya sudah dm . mohon di cek . terima kasih ."", ""sudah saya dm admin , mohon dicek ."", ""mohon periksa dm saya . terima kasih ."", ""baik admin , sebentar lagi saya kirim lewat dm . terima kasih ."", ""sudah aku dm ya min . tolong responnya .""]",False,10,1525,16,True,51,0.94341666,formal,1,0.9822684526443481,0.9962424635887146,432.6873580838,False,0.0
google/gemma-3-4b-it,informal,formal,hybrid_early,0.9,"iya jadi kurang tingkat kepercayaan nya , gak kebayang flexi cash nya","""parah, makin nggak percaya deh sama mereka, nggak kebayang lagi flexi cashnya.""",False,427,4200213,42,"[""tokopedia sudah tidak bisa cicilan lagi ?"", ""kecewa dengan xxxuserxxx . yakin memilih voucher cashback sehingga tetap bayar ongkos kirim , tetapi saat barang sampai koin cashback tidak didapat !"", ""saya pakai xl prioritas kenapa lambatnya minta ampun ? padahal dulu sangat cepat , apa lagi ada maintenance ?"", ""tidak bisa update saldo e - money setelah top up di tokopedia itu bagaimana ? tolong aku , admin ."", ""halo , pengaduan saya pengembalian dana ke kartu kredit belum ditangani . tolonglah jangan diam ."", ""halo , selamat pagi . kalau atm mandiri terblokir karena salah password , mandiri online ikut terblokir tidak ? terima kasih ."", ""cara aktifkan pay later - nya bagaimana , admin ? saya mau pakai di tokopedia ."", ""iya , besok rencananya mau ke bank . menelepon pusat bantuan , tidak berguna . parah !"", ""admin xxxuserxxx kenapa sekarang minimal transaksi harus besar begini ? jadi semakin susah dapat cashback ."", ""saldo terpotong , tapi uang tidak keluar . ini sudah kali kedua saya melakukan penarikan tunai di atm .""]",False,10,2056,21,True,80,0.018612271,informal,0,0.6544660329818726,0.6378718018531799,277.1316447964612,False,0.0
google/gemma-3-4b-it,informal,formal,hybrid_early,0.9,"selamat siang , saya dapet sms dari xxxnumberxxx xxxnumberxxx . mengatas namakan telsel . memberikan penawaran cc bankmega . apakah ini benar ?","selamat siang admin . ada sms dari nomor xxxnumberxxx xxxnumberxxx , mengaku dari telkom . nawarin cc bankmega . ini bener gak ya nih admin ?",False,429,4200214,42,"[""sore admin . ini ada keluhan nomor saya , pulsa terpotong terus . padahal tidak berlangganan paket apapun . tolong diperiksa min + xxxnumberxxx xxxnumberxxx - xxxnumberxxx - xxxnumberxxx ."", ""cek resi ini admin . delivery kurir dari jam xxxnumberxxx tadi belum datang - datang . xxxnumberxxx xxxnumberxxx ."", ""pagi admin . paket saya dari shopee dengan kode xxxnumberxxx xxxnumberxxx xxxnumberxxx xxxnumberxxx xxxnumberxxx xxxnumberxxx xxxnumberxxx xxxnumberxxx xxxnumberxxx xxxnumberxxx xxxnumberxxx r04b tidak terbaca nomor resinya . mohon dibantu . dari hari jumat masih mengendap di jne malang ."", ""nomor transaksi saya xxxnumberxxx . saya sudah tunggu xxxnumberxxx hari tapi dana tidak balik - balik . duitnya tidak sedikit . tanggung jawab . mengapa dana orang ditahan - tahan ?"", ""sudah xxxnumberxxx x24 jam transaksi pengisian pulsa pada tanggal xxxnumberxxx agustus xxxnumberxxx pukul xxxnumberxxx tetapi belum masuk juga ya admin ?"", ""selamat siang . voucher shopee senilai xxxnumberxxx ribu . apakah ketika melakukan pembelian melebihi nominal tersebut dapat dibayar dengan tunai ? mohon infonya . terima kasih ."", ""admin , mohon dibalas . sudah xxxnumberxxx x24 jam mencoba , tidak masuk - masuk ."", ""tolong hentikan sms xxxnumberxxx ke nomor saya xxxnumberxxx . mengurangi pulsa saya ."", ""pulsa saya terakhir , sekitar xxxnumberxxx . lalu isi ulang xxxnumberxxx . mengapa sekarang jumlahnya hanya xxxnumberxxx ? nomornya xxxnumberxxx ."", ""tolong diproses . sudah xxxnumberxxx hari tidak ada perkembangan . uang go - pay saya belum kunjung masuk .""]",False,10,2658,36,True,141,0.013575412,informal,0,0.8887171745300293,0.8299068212509155,285.59626784134974,False,0.0
google/gemma-3-4b-it,informal,formal,hybrid_early,0.9,min ini kenapa lagi min udah dari tadi pagi ini sy gak bisa dm situ btw,"“min, ini kenapa lagi min? udah dari tadi pagi aku gak bisa dm situ btw.”",False,431,4200215,42,"[""sudah saya dm tetapi kenapa belum dijawab ?"", ""kita sama dari minggu disuruh dm email dan nomor hp tapi sampai sekarang belum benar . astaga . ini bagaimana ?"", ""nomor saya saja sudah di dm dari tadi tidak ditangani . bagaimana , admin ?"", ""sudah admin , tolong cek dm ."", ""tolong paket saya belum saya terima tapi pas dicek tracking kenapa sudah delivered ?"", ""admin , saya isi gopay tadi pagi kenapa tidak masuk ? padahal sudah dapat sms konfirmasi dari bca ."", ""halo admin . saya ingin menonaktifkan akun go - jek saya . mohon diperiksa dmnya . saya sedih , sudah dari kemarin mention namun tidak ada tanggapan ."", ""sudah di coba tapi masih tidak bisa . cek dm ."", ""iya mbak ini belum terupdate , sudah dm adminnya ."", ""admin , kenapa saya tidak bisa sms ? saya mau konfirmasi pembelian paket selalu gagal smsnya dari tadi .""]",False,10,1854,20,True,73,0.0029486888,informal,0,0.8575761318206787,0.8303881883621216,189.50497608531447,False,0.0
google/gemma-3-4b-it,informal,formal,hybrid_early,0.9,jaringan lagi jelek kah ? dah xxxnumberxxx hari lemot,"""jaringan kok lama banget ya, udah xxxnumberxxx hari kayak gini.""",False,433,4200216,42,"[""tolong xxxuserxxx . kenapa jaringan hilang tidak jelas terus ?"", ""xxxuserxxx , koneksinya dari semalam sangat jelek !"", ""kecepatannya saja menurun , sangat tidak stabil padahal tersambung xxxnumberxxx g + ."", ""ini sinyalnya kenapa ya sekarang xxxuserxxx jelek sekali ."", ""ini masih gangguan sinyal xxxnumberxxx g . tidak bisa aktif datanya ?"", ""sudah non aktif , jaringannya juga sudah xxxnumberxxx g atau xxxnumberxxx g . tetap tidak bisa ."", ""tolong xxxuserxxx , dari kemarin sore jaringanya penuh tapi tidak terhubung ke internet . padahal kuota masih lumayan banyak ."", ""sinyal aku xxxnumberxxx g penuh tetapi mengapa buka google saja lambat , apalagi yang lain . terpaksa ganti operator seluler . tolong ."", ""sudah xxxnumberxxx menit tertahan bergini terus , padahal koneksi internet saya normal . tolong dibantu ."", ""admin , di daerah kabupaten bandung , sinyal xxxnumberxxx g hilang walaupun saya restart tetap hilang . mohon pengertiannya admin .""]",False,10,1963,18,True,65,0.0031877598,informal,0,0.7241573333740234,0.5644040107727051,320.1721787247171,False,0.0
google/gemma-3-4b-it,informal,formal,hybrid_early,0.9,min kalo pada key bca saat baru dinyalakan muncul tulisan batt xxxnumberxxx artinya apa,"min, kalau pas buka BCA baru dinyalakan muncul tulisan batt xxxnumberxxx artinya apa ya?",False,435,4200217,42,"[""sore admin . ini ada keluhan nomor saya , pulsa terpotong terus . padahal tidak berlangganan paket apapun . tolong diperiksa min + xxxnumberxxx xxxnumberxxx - xxxnumberxxx - xxxnumberxxx ."", ""admin kalau mau membuat nomor kartu halo baru yang xxxnumberxxx itu bagaimana prosedur dan biayanya ?"", ""sudah xxxnumberxxx menit tertahan bergini terus , padahal koneksi internet saya normal . tolong dibantu ."", ""dear indosat , saya mau isi paket , tetapi mengapa tidak bisa ya ? sudah sejak jam xxxtimexxx tadi pulsa sudah masuk tetapi tidak bisa aktif ."", ""pulsa saya berkurang xxxnumberxxx padahal tidak digunakan . saya mau beli paket jadi kurang , bagaimana ini ? xxxnumberxxx"", ""oh seperti itu , baru saja aku coba registrasi ke xxxnumberxxx sms - nya selalu gagal kak , bagaimana ?"", ""saya mau tanya , ini saya mau beli paket yellow kenapa sama xxxnumberxxx tidak direspons / tidak dibalas ?"", ""telat bayar wifi saat mau bayar jadi xxxnumberxxx ribu ."", ""admin , jaringannya kenapa lagi ? xxxnumberxxx g tapi tidak ada internet . yang sebelah malah lancar jaya ."", ""bagaimana cara dmnya kak ? nomor saya xxxnumberxxx .""]",False,10,2161,21,True,88,0.004558236,informal,0,0.9675878286361694,0.8765116930007935,1985.1572463481061,True,0.0
google/gemma-3-4b-it,informal,formal,hybrid_early,0.9,ini member seventeen baru ya xxxuserxxx ? wkwk,"""eh, xxxuserxxx, ini member seventeen baru ya? wkwk""",False,437,4200218,42,"[""bagaimana xxxuserxxx tolong ditindaklanjuti !"", ""seperti itu , xxxuserxxx pilih kasih ."", ""sobatpd , kalian tim mana ? tim xxxuserxxx atau tim xxxuserxxx ."", ""sering - sering seperti ini xxxuserxxx agar makin sayang aku ."", ""halo admin xxxuserxxx minta tolong cek pesan ."", ""halo xxxuserxxx , tolong balas dm saya ."", ""halo admin xxxuserxxx . tolong periksa dm ."", ""halo xxxuserxxx , mohon cek dm saya ."", ""tolong xxxuserxxx . kenapa jaringan hilang tidak jelas terus ?"", ""sayang xxxuserxxx , saya mengikuti ini ya .""]",False,10,1518,18,True,52,0.014891275,informal,0,0.8599245548248291,0.8674045205116272,305.31964766074555,False,0.0
google/gemma-3-4b-it,informal,formal,hybrid_early,0.9,"hari minggu , di kcp buka untuk pembelian kartu flazz ngak ?","“KCP buka hari minggu buat beli kartu flazz nggak, admin?”",False,439,4200219,42,"[""di busway dan tol bisa normal digunakan atau untuk naik komuter agak berbeda ? mohon infonya . sayang saldo flazz saya kalau dianggap kadaluarsa ."", ""apakah di bca kantor cabang purwokerto ada perbankan akhir pekan ? terima kasih ."", ""cara aktifkan pay later - nya bagaimana , admin ? saya mau pakai di tokopedia ."", ""shopee tidak bisa bayar tagihan indosat pascabayar admin ?"", ""admin nomor resi jp xxxphonexxx mengapa belum dikirim - kirim dari hari sabtu ?"", ""resi jp xxxphonexxx mengapa xxxnumberxxx hari masih di gudang surabaya ? tidak jalan - jalan ."", ""jb xxxphonexxx , sudah seminggu paket tidak sampai , padahal masih dalam jakarta . malah dikirim ke surabaya untuk apa ? jnt sistemnya seperti apa ?"", ""bisa di cek nomor resi ini . mengapa tidak valid lewat app jp xxxphonexxx ?"", ""paket saya dengan resi xxxnumberxxx kenapa macet dan belum dikirimkan dari tanggal xxxnumberxxx ?"", ""halo , pakey saya dengan nomor resi xxxnumberxxx tidak ada pergerakan dari kemarin . tolong konfirmasinya .""]",False,10,2016,16,True,58,0.048526265,informal,0,0.8779237270355225,0.7384592294692993,573.5019524987239,False,0.0
google/gemma-3-4b-it,informal,formal,hybrid_early,0.9,"lupa saya resinya , tolong cek by nama saya aja","admin, tolong cek dm dari saya. nama saya aja ya.",False,441,4200220,42,"[""saya salah pilihan isi resi . harusnya otomatis dari si cepat , tapi saya sudah terlanjut bayar tunai . nomor resinya , apakah bisa dirubah ?"", ""malam , saya ingin mengembalikan barang karena salah kirim . saya diberi info kalau saya harus meng - upload bukti pengirimannya . upload - nya di mana ? terima kasih ."", ""tolong di cek untuk , awb : xxxnumberxxx . statusnya misroute itu artinya apa ? lalu untuk paket saya kapan sampainya ? terima kasih ."", ""sudah saya dm admin , mohon dicek ."", ""admin , kenapa saya tidak bisa sms ? saya mau konfirmasi pembelian paket selalu gagal smsnya dari tadi ."", ""admin , tolong cek dm ya . terima kasih ."", ""selamat malam . tolong cek pesan admin , kirim paket saya belum dikirim ."", ""cek dm dari saya admin ."", ""kalau mau melampirkan surat keterangan domisili di kolom mana ? sedangkan saya belum dapat sms sama sekali untuk melengkapi berkas ."", ""tolong paket saya belum saya terima tapi pas dicek tracking kenapa sudah delivered ?""]",False,10,1975,15,True,49,0.024944596,informal,0,0.7467033267021179,0.6344813704490662,226.82582109729188,False,0.0
google/gemma-3-4b-it,informal,formal,hybrid_early,0.9,"oke , sudah saya kirim via dm","""udah aku dm , sebentar lagi aku kirim.""",False,443,4200221,42,"[""baik admin , sebentar lagi saya kirim lewat dm . terima kasih ."", ""sudah saya dm . mohon dibalas ."", ""sudah saya dm admin , mohon dicek ."", ""selamat sore , sudah saya dm ya , admin . jadi bagaimana ?"", ""selamat malam . tolong cek pesan admin , kirim paket saya belum dikirim ."", ""sudah aku dm ya min . tolong responnya ."", ""admin , tolong cek dm ya . terima kasih ."", ""siang admin , email saya belum ada balasan juga ."", ""admin , kalau sudah melewati estimasi pengiriman , tapi barang belum sampai bagaimana ?"", ""tolong paket saya belum saya terima tapi pas dicek tracking kenapa sudah delivered ?""]",False,10,1582,12,True,40,0.25154343,informal,0,0.8252031803131104,0.6011635065078735,173.89431723247785,False,0.0
google/gemma-3-4b-it,informal,formal,hybrid_early,0.9,dapat xxxnumberxxx gb cuman rp xxxnumberxxx dari,lumayan sekali dapat xxxnumberxxx gb cuman rp xxxnumberxxx dari,False,445,4200222,42,"[""lumayan sekali dapat xxxnumberxxx gb hanya bayar rp xxxnumberxxx"", ""lumayan untuk menonton youtube . terima kasih xxxuserxxx , rp xxxnumberxxx dapat xxxnumberxxx gb ."", ""apakah tidak ada lagi best deal yang xxxnumberxxx gb / xxxnumberxxx hari yang harganya xxxnumberxxx ribu seperti kemarin ?"", ""xxxnumberxxx hari xxxnumberxxx gb youtube hanya berkurang xxxnumberxxx xxxnumberxxx mb , karena memang tidak jalan , loading saja terus . emosi di jiwa ."", ""terima kasih sayang bonus kuota xxxnumberxxx gb - nya . lumayan satu hari untuk streaming , hahaha ."", ""satu lagi , admin . saya aktifkan paket ig loop xxxnumberxxx xxxnumberxxx gb xxxnumberxxx kali tapi kenapa malah tidak diakumulasi jumlahnya ? pulsa sudah terpakai xxxnumberxxx ribu ."", ""pulsa saya berkurang xxxnumberxxx padahal tidak digunakan . saya mau beli paket jadi kurang , bagaimana ini ? xxxnumberxxx"", ""apakah besok ada surprise deal xxxnumberxxx xxxnumberxxx gb ? saya mau beli ."", ""saya beli paket rp . xxxnumberxxx ribu tapi mengapa tidak masuk ? padahal pulsanya sudah terpotong ."", ""terima kasih , paten sekali telkomsel xxxnumberxxx gb xxxnumberxxx rupiah .""]",False,10,2134,16,False,63,0.0013109116,informal,0,0.9372974634170532,0.925654411315918,2738.871690918332,True,0.0
google/gemma-3-4b-it,informal,formal,hybrid_early,0.9,daftarin paket yellow lemot bgt sampe xxxnumberxxx kali daftarin . biasanya bisa . tapi ini kedaftar double . gemana sih ah .,"“kak, daftar paket yellow lama banget sampe xxxnumberxxx kali daftar. biasanya bisa, tapi ini daftar double. gimana sih ya?”",False,447,4200223,42,"[""halo xxxuserxxx . sedang ada masalah apakah ? mau membeli paket yellow kenapa dari tadi tidak bisa ?"", ""sore admin . ini ada keluhan nomor saya , pulsa terpotong terus . padahal tidak berlangganan paket apapun . tolong diperiksa min + xxxnumberxxx xxxnumberxxx - xxxnumberxxx - xxxnumberxxx ."", ""dear indosat , saya mau isi paket , tetapi mengapa tidak bisa ya ? sudah sejak jam xxxtimexxx tadi pulsa sudah masuk tetapi tidak bisa aktif ."", ""kak , bagaimana ini saya daftar paket yellow tidak bisa ."", ""saya mau tanya , ini saya mau beli paket yellow kenapa sama xxxnumberxxx tidak direspons / tidak dibalas ?"", ""iya kak terima kasih . tetapi tadi sudah datang ke galeri indosatnya langsung . sudah normal kembali ."", ""telat bayar wifi saat mau bayar jadi xxxnumberxxx ribu ."", ""bagaimana bos ? urgent . telepon ke xxxnumberxxx menunggu lama sekali . saat sudah nyambung , cs menanyakan panjang lebar keburu habis pulsa masalah tidak selesai ."", ""saya beli paket rp . xxxnumberxxx ribu tapi mengapa tidak masuk ? padahal pulsanya sudah terpotong ."", ""sudah xxxnumberxxx hari , status belum juga berubah admin . tadi sudah telepon qc katanya cuma disuruh menunggu .""]",False,10,2245,29,True,124,0.015485849,informal,0,0.8408294916152954,0.7892403602600098,600.6134820516864,False,0.0
google/gemma-3-4b-it,informal,formal,hybrid_early,0.9,ini speed nya segini doang di jaringan full xxxnumberxxx g wahai provider terbesar di indonesia ? mohon penjelasan logisnya,"wahai provider , speednya cuma segini di jaringan full xxxnumberxxx g , mohon penjelasan logisnya .",False,449,4200224,42,"[""sudah non aktif , jaringannya juga sudah xxxnumberxxx g atau xxxnumberxxx g . tetap tidak bisa ."", ""kecepatannya saja menurun , sangat tidak stabil padahal tersambung xxxnumberxxx g + ."", ""tolong xxxuserxxx , dari kemarin sore jaringanya penuh tapi tidak terhubung ke internet . padahal kuota masih lumayan banyak ."", ""admin , jaringannya kenapa lagi ? xxxnumberxxx g tapi tidak ada internet . yang sebelah malah lancar jaya ."", ""ini masih gangguan sinyal xxxnumberxxx g . tidak bisa aktif datanya ?"", ""admin , kalau unlimited indosat xxxnumberxxx gb itu , ig termasuk unlimited juga tidak ?"", ""sudah xxxnumberxxx menit tertahan bergini terus , padahal koneksi internet saya normal . tolong dibantu ."", ""selamat malam xxxuserxxx mau tanya , kenapa bonus kuota aplikasinya tidak bisa dipakai ? malah tersedot terus kuota utamanya . terima kasih ."", ""sinyal aku xxxnumberxxx g penuh tetapi mengapa buka google saja lambat , apalagi yang lain . terpaksa ganti operator seluler . tolong ."", ""ini sinyalnya kenapa ya sekarang xxxuserxxx jelek sekali .""]",False,10,2125,24,True,99,0.19364311,informal,0,0.9009860157966614,0.8309875130653381,1148.3851998606513,True,0.0
google/gemma-3-4b-it,informal,formal,hybrid_early,0.9,: seberapa kamu ? : besok gw mau nembak loe : terus ? : gw nangisnya sekarang,""": seberapa kamu ? : besok gw mau nembak lo : terus ? : gw nangisnya sekarang""",False,451,4200225,42,"["": seberapa kamu ? : besok dia mau menembak saya : terus ? : saya terima cintanya sekarang"", ""admin , sinyal saya udah balik lagi . senang banget . mau nangis ."", ""periksa dm ! kalau tidak , kita putus ."", ""saya pernah seperti ini , untung sadar ."", ""a : besok saya mau naik grab ke kantor . b : lalu ? a : saya pakai helmnya sekarang juga ."", ""seberapa kamu ? saya besok mau menikah . terus ? malam pertamanya sekarang ."", ""sedih saja . shillin sudah kena udara itu bagaimana rasanya ?"", ""yang lebih cepat dari gundala ? kalau aku : ketika bilang tidak saat suami mau beli mainan baru ."", ""aduh , aku ngakak . tapi benar juga hahaha ."", ""parah bukan ? apa karena akunnya ? hahaha .""]",False,10,1714,25,True,78,0.0026864326,informal,0,0.9690567255020142,0.9547100067138672,260.4712187918939,False,0.0
google/gemma-3-4b-it,informal,formal,hybrid_early,0.9,"bener banget promonya kerasa bgt lah , top grab !","top banget sih , grabnya beneran ngefek.",False,453,4200226,42,"[""mengapa aku tidak pernah dapat notifikasi diskon gila - gilaan ?"", ""parah sekali xxxuserxxx , tetapi baik selalu memberi diskon ."", ""kemana - mana pakai grab dan saat sedang ada promo lebih cepat dari"", ""grab ada kode promo untuk grab send terbaru tidak ? mengapa yang antar - jakarta expired ?"", ""promo grabfood semuanya terpental tidak bisa dipakai . sedih aku itu , xxxuserxxx . huhuhu ."", ""kecewa dengan xxxuserxxx . yakin memilih voucher cashback sehingga tetap bayar ongkos kirim , tetapi saat barang sampai koin cashback tidak didapat !"", ""kalau aku , ketika melihat diskon xxxpercentxxx grab , langsung cepat ."", ""tadi aku dm telkomsel menanyakan kapan aku dapat hadiah ? hahaha ."", ""halo , saya top up grab ovo lewat atm barusan , tapi kenapa belum masuk ?"", ""alhamdulillah setelah libur xxxnumberxxx hari onbid langsung diberi order , makanan lagi . terima kasih xxxuserxxx cc .""]",False,10,1893,14,True,40,0.0049626315,informal,0,0.5558933019638062,0.7601560950279236,1113.710358070342,True,0.0
google/gemma-3-4b-it,informal,formal,hybrid_early,0.9,udah habis voucher nya gmna donkk,“udah habis vouchernya gimana nih?”,False,455,4200227,42,"[""saat nanti bikin baru tetap tidak dapat voucher ."", ""kapan diumumkan yang akan mendapatkan vouchernya ?"", ""kak , bagaimana ini saya daftar paket yellow tidak bisa ."", ""kenapa setelah membayar pascabayar menjadi tidak ada kuotanya ?"", ""tidak bisa update saldo e - money setelah top up di tokopedia itu bagaimana ? tolong aku , admin ."", ""kalau membeli ini , apakah masa aktif ikut bertambah ? terima kasih ."", ""sudah admin , tolong , beli token listrik lancar ."", ""admin , ini kenapa pulsa tiba - tiba hilang ? paket internet masih banyak tapi pulsa terpakai terus . mohon tindak lanjutnya ."", ""cara aktifkan pay later - nya bagaimana , admin ? saya mau pakai di tokopedia ."", ""saya salah pilihan isi resi . harusnya otomatis dari si cepat , tapi saya sudah terlanjut bayar tunai . nomor resinya , apakah bisa dirubah ?""]",False,10,1807,9,True,35,0.0029696822,informal,0,0.8336220979690552,0.677253246307373,375.26298992604796,False,0.0
google/gemma-3-4b-it,informal,formal,hybrid_early,0.9,saya lupa id klik bca saya bagaimana cara mengetahuinya ? untuk pin saya masih ingat .,"“aku lupa id klik bca , gimana cara tau caranya ya? pinnya masih inget kok.”",True,457,4200228,42,"[""saya lupa pin , bagaimana reset - nya ? apakah saya harus menelepon cs ?"", ""kartu sim xl saya sudah hilang dan saya ingin mengaktifkan nomor xl saya . apakah bisa ? caranya bagaimana ?"", ""tidak bisa update saldo e - money setelah top up di tokopedia itu bagaimana ? tolong aku , admin ."", ""hanya alamat yang berubah . jadi harus ke cabang bca terdekat untuk mengganti kartu ya ? apakah ada biaya tambahan ?"", ""hai admin . saya baru saja memperbaharui aplikasi bri mobile . saat mau masuk ke internet banking , mengapa muncul aktivasi ? bisa tolong dibantu ?"", ""bni corporate apakah gangguan ? saya coba buka tidak bisa terus ."", ""barusan ada yang telepon saya dengan nomor ini . apakah ini benar dari halo bca ?"", ""oh seperti itu , baru saja aku coba registrasi ke xxxnumberxxx sms - nya selalu gagal kak , bagaimana ?"", ""halo , selamat pagi . kalau atm mandiri terblokir karena salah password , mandiri online ikut terblokir tidak ? terima kasih ."", ""admin kalau mau membuat nomor kartu halo baru yang xxxnumberxxx itu bagaimana prosedur dan biayanya ?""]",False,10,2095,22,True,76,0.0029266374,informal,0,0.845984160900116,0.8898167610168457,144.12145692777244,False,0.0
google/gemma-3-4b-it,informal,formal,hybrid_early,0.9,jangan berikan kode ini kepada siapapun,"“Jangan kasih kode itu ke siapa pun, bre!”",False,459,4200229,42,"[""kamu tidak mau berbagi kode promo apa !"", ""tidak bisa membedakan pertanyaan dengan komplain . tolol . orang idiot mengapa bisa dipakai sama penyedia layanan ini . bangsat xl !"", ""provider ini isinya hanya orang jahat yang hanya menipu konsumen - konsumennya dengan alasan dm agar konsumen lain tidak tahu . kenapa harus dm , bodoh ! xl ?"", ""boikot saja indosat jika masih suka mengambil pulsa pelanggan ."", ""aku kasih nomorku tetapi jangan whatsapp yang aneh - aneh , admin . aku mudah membawa perasaan sebabnya ."", ""dm saya tidak dipedulikan , layanan jelek ."", ""tolong demi apapun , tolong tambahkan voucher diskon btsxlazada lagi . malam ini saja . jiwa miskin saya meronta - ronta ini ."", ""apakah bisa , memblokir nomor telepon dari pihak ovonya langsung ?"", ""tolong diajarkan pengemudinya di jalan . tidak ada bedanya dengan angkot !"", ""apaan malah minta kamu yang dibalas .""]",False,10,1874,12,True,42,0.5836114,formal,1,0.5689492225646973,0.8335740566253662,225.90962303346626,False,0.0
google/gemma-3-4b-it,informal,formal,hybrid_early,0.9,"sm20 . xxxnumberxxx sukses . sn / ref : xxxnumberxxx . saldo xxxnumberxxx , xxxnumberxxx - xxxnumberxxx = xxxnumberxxx , xxxnumberxxx xxxuserxxx / xxxnumberxxx xxxtimexxx bantu cek bos , blm masuk menerut customer","sm20 . saldo saya terakhir, sekitar xxxnumberxxx . ada transaksi sn/ref : xxxnumberxxx . saldo xxxnumberxxx , xxxnumberxxx - xxxnumberxxx = xxxnumberxxx , xxxnumberxxx xxuserxxx / xxxnumberxxx xxxtimexxx bantu cek ya bos, blm masuk menurut customer.",False,461,4200230,42,"[""pulsa saya terakhir , sekitar xxxnumberxxx . lalu isi ulang xxxnumberxxx . mengapa sekarang jumlahnya hanya xxxnumberxxx ? nomornya xxxnumberxxx ."", ""sudah xxxnumberxxx x24 jam transaksi pengisian pulsa pada tanggal xxxnumberxxx agustus xxxnumberxxx pukul xxxnumberxxx tetapi belum masuk juga ya admin ?"", ""sore admin . ini ada keluhan nomor saya , pulsa terpotong terus . padahal tidak berlangganan paket apapun . tolong diperiksa min + xxxnumberxxx xxxnumberxxx - xxxnumberxxx - xxxnumberxxx ."", ""paket saya dengan resi xxxnumberxxx kenapa macet dan belum dikirimkan dari tanggal xxxnumberxxx ?"", ""pagi admin . paket saya dari shopee dengan kode xxxnumberxxx xxxnumberxxx xxxnumberxxx xxxnumberxxx xxxnumberxxx xxxnumberxxx xxxnumberxxx xxxnumberxxx xxxnumberxxx xxxnumberxxx xxxnumberxxx r04b tidak terbaca nomor resinya . mohon dibantu . dari hari jumat masih mengendap di jne malang ."", ""transaksi xxxnumberxxx sudah diterima tanggal xxxnumberxxx jam xxxnumberxxx siang . harap segera diremit dananya ."", ""minta pencerahannya . mengapa saldo tidak masuk ? xxxnumberxxx trip xxxnumberxxx . ada apakah ini ?"", ""nomor transaksi saya xxxnumberxxx . saya sudah tunggu xxxnumberxxx hari tapi dana tidak balik - balik . duitnya tidak sedikit . tanggung jawab . mengapa dana orang ditahan - tahan ?"", ""pulsa saya berkurang xxxnumberxxx padahal tidak digunakan . saya mau beli paket jadi kurang , bagaimana ini ? xxxnumberxxx"", ""cek resi ini admin . delivery kurir dari jam xxxnumberxxx tadi belum datang - datang . xxxnumberxxx xxxnumberxxx .""]",False,10,2708,65,True,249,0.25508767,informal,0,0.9297293424606323,0.7445539236068726,63.93661661114079,False,0.0
google/gemma-3-4b-it,informal,formal,hybrid_early,0.9,udah brapa bulan ini masi aja xxxuserxxx blom bisa aktivasi imessage,"“dari bberapa bulan lalu masih aja, xxxuserxxx blom bisa aktifasi imessage.”",False,463,4200231,42,"[""dear indosat , saya mau isi paket , tetapi mengapa tidak bisa ya ? sudah sejak jam xxxtimexxx tadi pulsa sudah masuk tetapi tidak bisa aktif ."", ""cek dm coba xxxuserxxx dari tadi komplain tidak ada respons , pulsa sudah terpotong kena tarik per kb ."", ""hai jnt xxxuserxxx . mau tanya mengapa paket yang saya kirim masih begini saja . mohon pencerahannya ."", ""tolong xxxuserxxx , dari kemarin sore jaringanya penuh tapi tidak terhubung ke internet . padahal kuota masih lumayan banyak ."", ""jam xxxnumberxxx lama sekali ! saya mau menghabiskan kuota malem xxxuserxxx ! apakah tidak bisa , kuota malamnya diganti jadi kuota siang ?"", ""tolong cek jb xxxphonexxx dari tanggal xxxnumberxxx mengapa tidak ada status lagi ?"", ""halo xxxuserxxx . paket saya malah bolak - balik seperti ini ."", ""ini masih gangguan sinyal xxxnumberxxx g . tidak bisa aktif datanya ?"", ""selamat malam xxxuserxxx mau tanya , kenapa bonus kuota aplikasinya tidak bisa dipakai ? malah tersedot terus kuota utamanya . terima kasih ."", ""halo xxxuserxxx . sedang ada masalah apakah ? mau membeli paket yellow kenapa dari tadi tidak bisa ?""]",False,10,2127,20,True,76,0.005920003,informal,0,0.8381826281547546,0.7771846652030945,675.8438943588129,False,0.0
google/gemma-3-4b-it,informal,formal,hybrid_early,0.9,"sama - sama bpk rudi , semoga berkenan dengan informasi yang kami sampaikan . tks ~ toby","oke , terima kasih banyak atas balasan yang diberikan , bpk rudi ~ toby",False,465,4200232,42,"[""sudah kak budi , tolong ditindaklanjuti . terima kasih ."", ""baik , informasi apa saja yang harus saya berikan untuk konfirmasi ?"", ""ok . siap kak . terima kasih responnya , kak ."", ""baik kak , ditunggu ya pickup - nya . terima kasih atas perhatiannya ."", ""oh , oke , terima kasih banyak infonya ."", ""sudah dibalas dmnya bos . terima kasih sudah direspons ."", ""selamat siang , mohon bantuannya untuk di follow up admin , karena saya butuh untuk segera dikirimkan , terima kasih ."", ""halo , tolong respons dm saya ."", ""mohon kesediaan bapak / ibu pelanggan menunggu , dengan senang hati kami segera merespons mention kembali . terima kasih . - redo"", ""ok . terimakasih atas balasan yang diberikan .""]",False,10,1740,18,False,71,0.13335676,informal,0,0.8092503547668457,0.6325304508209229,785.004139915831,False,0.0
google/gemma-3-4b-it,informal,formal,hybrid_early,0.9,"hi min , mau tanya ini paketku statusnya sedang di kiri cuma anehnya pas di resi namanya penerima gak sesuai dg yg aku tulis .","Min, paket saya kok statusnya masih di “kiri” ya? Pas resi, nama penerima gak sesuai sama yang saya tulis. Aneh banget.",False,467,4200233,42,"[""admin , kenapa saya tidak bisa sms ? saya mau konfirmasi pembelian paket selalu gagal smsnya dari tadi ."", ""saya salah pilihan isi resi . harusnya otomatis dari si cepat , tapi saya sudah terlanjut bayar tunai . nomor resinya , apakah bisa dirubah ?"", ""malam , saya ingin mengembalikan barang karena salah kirim . saya diberi info kalau saya harus meng - upload bukti pengirimannya . upload - nya di mana ? terima kasih ."", ""mengapa paket saya tiba - tiba ada notifikasi paket sudah diterima a . n . yahya ? saya sendiri penerima bel terima paketnya dari tadi menunggu ."", ""tolong paket saya belum saya terima tapi pas dicek tracking kenapa sudah delivered ?"", ""tolong di cek untuk , awb : xxxnumberxxx . statusnya misroute itu artinya apa ? lalu untuk paket saya kapan sampainya ? terima kasih ."", ""saya mau tanya , ini saya mau beli paket yellow kenapa sama xxxnumberxxx tidak direspons / tidak dibalas ?"", ""kalau begitu juga saya juga tahu . saya tanya apa ada kemungkinan menghubungi kurir . alamat tujuan pengiriman jelas . status diantar kurir . masa sehari . ya sudah ."", ""kak , paket nomor resi ini xxxnumberxxx sudah sampai di mana ?"", ""admin , kalau sudah melewati estimasi pengiriman , tapi barang belum sampai bagaimana ?""]",False,10,2315,31,True,119,0.0065913266,informal,0,0.8860021829605103,0.7998660802841187,78.94113211956898,False,0.0
google/gemma-3-4b-it,informal,formal,hybrid_early,0.9,min kok saya nggak bisa daftar paket ya ?,"kak, kok saya nggak bisa daftar paket ya?",False,469,4200234,42,"[""kak , bagaimana ini saya daftar paket yellow tidak bisa ."", ""admin , kenapa saya tidak bisa sms ? saya mau konfirmasi pembelian paket selalu gagal smsnya dari tadi ."", ""bang , mengapa saya mau mendaftarkan paket dari semalam tidak bisa ?"", ""ini paket mengapa gagal kirim admin ?"", ""mohon dibantu sinyal indosatnya , mengapa sangat lambat ? padahal baru daftar paket internet ."", ""mau daftar ulang lagi juga tidak bisa ."", ""admin . ketika ingin mengecek tagihan listrik , mengapa tidak bisa ? muncul pesan di bawah ."", ""permisi admin , maaf malam minggu malah tanya . kalau mau ganti nomor rekening ponsel akun gojek driver bagaimana ? soalnya kartunya hilang ."", ""kalau membeli ini , apakah masa aktif ikut bertambah ? terima kasih ."", ""oh seperti itu , baru saja aku coba registrasi ke xxxnumberxxx sms - nya selalu gagal kak , bagaimana ?""]",False,10,1837,11,True,41,0.009283158,informal,0,0.9551900029182434,0.9557849168777466,848.0345283751308,False,0.0
google/gemma-3-4b-it,informal,formal,hybrid_early,0.9,oh iya masukan dari saya kalau bisa untuk perusahaan kurir di beri rating juga di apps . jadi bisa kelihatan performa perusahaan kurirnya .,"""admin, kalau bisa minta tolong di-dm juga rating buat perusahaan kurirnya ya. biar kelihatan performanya.""",False,471,4200235,42,"[""mas , mbak , respons mention saya dong . sangat lambat pelayanannya ."", ""admin . saya sudah sampai tujuan . namun di aplikasi belum dapat memberikan penilaian . bisa tolong menghubungi pengemudi untuk menyelesaikan perjalanan ? rincinya , sudah saya dm . terima kasih ."", ""admin grab yang baik hari . saya minta tolong untuk periksa dm ya . terima kasih ."", ""kalau begitu juga saya juga tahu . saya tanya apa ada kemungkinan menghubungi kurir . alamat tujuan pengiriman jelas . status diantar kurir . masa sehari . ya sudah ."", ""dari tadi selalu seperti ini . ini kenapa ya admin . aku kirim pesan admin juga tidak bisa ."", ""admin mau tanya sesuatu dong , tapi lewat pesan aja . tolong pesan duluan admin . penting ."", ""ini min , minta tolong diperiksa sudah sampai mana . masa , sudah xxxnumberxxx minggu belum sampai . tolong banget admin , diperbaharui sampai mana ."", ""baik admin , sebentar lagi saya kirim lewat dm . terima kasih ."", ""hai admin . mohon bantu untuk hapus akun gojek saya yang lama . terima kasih ."", ""sudah saya proses melalui email juga . tolong dipercepat saja melalui emailnya . terima kasih .""]",False,10,2212,27,True,107,0.21981964,informal,0,0.7623703479766846,0.6952815651893616,118.54372811415074,False,0.0
google/gemma-3-4b-it,informal,formal,hybrid_early,0.9,itu kelamaan gak diantar . gak diupdate jg udah datang . disimpan dlm gudang jne hingga dimakan tikus xxxnumberxxx bungkus . gmn tuh ?,itu lama banget gak diantar. gak ada update juga udah datang. disimpen di gudang jne sampe dimakan tikus xxxnumberxxx bungkus. gmn tuh?,False,473,4200236,42,"[""xxxnumberxxx transaksi tersebut mengapa batal ? itukan sudah dikirim . kurir sudah jemput ."", ""promo grabfood semuanya terpental tidak bisa dipakai . sedih aku itu , xxxuserxxx . huhuhu ."", ""mau bertanya nomor pesanan xxxnumberxxx kapan dikirimnya ? dari kemarin masih pengemasan belum berubah ."", ""cek resi ini admin . delivery kurir dari jam xxxnumberxxx tadi belum datang - datang . xxxnumberxxx xxxnumberxxx ."", ""halo admin , barang saya sejak tanggal xxxdatexxx sudah di jakarta , tetapi tidak sampai - sampai . admin tolong diperiksa ."", ""admin , ini tidak bisa beli paket . ayo ! xxxnumberxxx menit lagi paketku habis ."", ""nomor resi xxxnumberxxx mohon dibantu admin . belum diantar kurirnya ."", ""admin , tadi pesan grabfood dan tidak sengaja tertekan rating xxxnumberxxx . cara membalikannya bagaimana ? kasihan dengan bapaknya tidak tega ."", ""jp xxxphonexxx admin , tolong ini paket saya tidak sampai - sampai , padahal pengiriman sesama jakarta bisa xxxnumberxxx hari ."", ""kenapa voucher xxxnumberxxx ribu gofood sekarang kalau deket malah tetap bayar ? dan juga dapatnya hanya xxxnumberxxx ribu bukan xxxnumberxxx ribu . padahal dulu ongkos kirim gratis .""]",False,10,2256,38,True,135,0.0019669947,informal,0,0.8508169651031494,0.9394679069519043,111.88820574508425,False,0.0
google/gemma-3-4b-it,informal,formal,hybrid_early,0.9,mohon respon dm dari saya . terimakasih .,"admin , mohon periksa dm . ditunggu balasannya . terima kasih .",False,475,4200237,42,"[""sudah saya dm . mohon dibalas ."", ""admin , tolong cek dm ya . terima kasih ."", ""sudah aku dm ya min . tolong responnya ."", ""admin tolong cek dm . terima kasih ."", ""baik admin , sebentar lagi saya kirim lewat dm . terima kasih ."", ""selamat siang kak . mohon diperiksa saya mengirimkan dm . terima kasih ."", ""mohon periksa dm saya . terima kasih ."", ""sudah saya dm admin , mohon dicek ."", ""halo kak admin . saya sudah dm . mohon di cek . terima kasih ."", ""admin , mohon periksa dm . ditunggu balasannya . terima kasih .""]",False,10,1514,18,True,63,0.982421,formal,1,0.7757004499435425,0.6477142572402954,88.75446164854722,False,1.0
google/gemma-3-4b-it,informal,formal,hybrid_early,0.9,mangkannya kalo kartu nya telkomsel jangan beli pulsa xl jadi ga masuk kak,"“jadi, kalau pakai kartu Telkomsel mendingan jangan beli pulsa XL, jadi nggak masuk, Kak?”",False,477,4200238,42,"[""kenapa setelah membayar pascabayar menjadi tidak ada kuotanya ?"", ""admin , mengapa indosat tidak bisa dipasang paket ?"", ""saya pindah kartu simpati lama ke xxxnumberxxx g . katanya ada bonus kuota internet , namun mengapa saya tidak mendapatkannya ? mohon penjelasannya !"", ""admin , kalau mau kirim pulsa ke telkomsel bisa tidak hanya xxxnumberxxx ribu begitu ?"", ""saya beli voucher fisik indosat xxxnumberxxx gb unlimited , tetapi kenapa selalu gagal ?"", ""kenapa pulsa saya yang dipotong internetnya , bukan kuota saya ? dua kali pula ."", ""telkomsel , mengapa sinyalnya hilang ?"", ""saya beli paket rp . xxxnumberxxx ribu tapi mengapa tidak masuk ? padahal pulsanya sudah terpotong ."", ""dear indosat , saya mau isi paket , tetapi mengapa tidak bisa ya ? sudah sejak jam xxxtimexxx tadi pulsa sudah masuk tetapi tidak bisa aktif ."", ""ke grapari niatnya ingin mengganti sim ke xxxnumberxxx g . eh , antriannya habis . saat pulang ditawarin nomor sama tukang parkir . bagaimana itu ?""]",False,10,2010,23,True,90,0.19422698,informal,0,0.8659268617630005,0.8119052052497864,126.33026296688296,False,0.0
google/gemma-3-4b-it,informal,formal,hybrid_early,0.9,mana nih dana reply email dan dm nya ?,mana nih dana reply email dan dm nya?,False,479,4200239,42,"[""sudah saya balas lagi min . bisa lihat dm ? karena saya sudah bayar dan nominalnya tidak sebanyak yang dilaporkan ."", ""saya kirim uang , mengapa tidak masuk ? padahal status berhasil dan saldo saya terpotong ."", ""admin . kemana jika mau komplain saldo ads tidak bertambah ? bukti transfer ada , tetapi dari aplikasi tokopedia tidak dapat invoice xxxuserxxx ?"", ""sudah admin , tolong cek dm ."", ""apakah ini pekerjaan bukalapak resi sudah benar mengapa dana saya dikembalikan ke pembeli ?"", ""tolong tindak lanjuti . bayar kemana ?"", ""mana dm - nya admin ? belum masuk ke dm saya ."", ""semoga cepat masuk kak saldonya . admin xxxuserxxx mohon cepat ditindaklanjuti masalahnya ."", ""cek dm dari saya admin ."", ""malam , saya ingin mengembalikan barang karena salah kirim . saya diberi info kalau saya harus meng - upload bukti pengirimannya . upload - nya di mana ? terima kasih .""]",False,10,1867,10,True,37,0.0047981013,informal,0,1.0,1.0,13390.722944325531,True,0.0
google/gemma-3-4b-it,informal,formal,hybrid_early,0.9,sekelas jenius bisa kena begini juga ya,"""sekelas jenius juga ke masalah kayak gini ya?""",False,481,4200240,42,"[""top - up gopay tidak masuk - masuk dari jenius , ini bagaimana ?"", ""mohon info , kenapa dengan koneksi bukalapak ?"", ""kak , indosat baru saja trouble atau bagaimana ya ? mengapa kartu saya tidak ada sinyal ?"", ""tadi barusan habis pakai aplikasi sebelah ."", ""apakah yang bermasalah handphone saya atau aplikasinya kak ?"", ""ya kalau cancel bisa , maksudnya tidak bisa transaksi karena layarnya tidak bisa diapa - apakan ."", ""dikira serius , ku hapus juga ini aplikasi ."", ""maaf tapi saya masih bermasalah lagi ."", ""oi , kira - kira ! koneksi internet butut begini ."", ""hahaha , halusinasi itu kurirnya . motto saja yang eress , tapi lambat seperti kotoran .""]",False,10,1650,14,True,47,0.0025471903,informal,0,0.7616323828697205,0.640512228012085,280.6384870117688,False,0.0
google/gemma-3-4b-it,informal,formal,hybrid_early,0.9,"min , kalo sy punya xxxnumberxxx akun ovo karena ada xxxnumberxxx no smartphone , bisa nggak cek saldo ovo cukup di xxxnumberxxx smartphone aja .","min , kalau aku punya xxxnumberxxx akun ovo karena ada xxxnumberxxx no smartphone , bisa nggak cek saldo ovo cukup di xxxnumberxxx smartphone aja .",False,483,4200241,42,"[""mau tanya xxxuserxxx , apa benar ovo sedang mengalami masalah ? saya top up via xxxuserxxx sore tadi sampai sekarang xxxnumberxxx belum masuk juga ."", ""isi pulsa jam xxxnumberxxx siang . saldo dana sudah terpotong , namun mengapa pulsa belum masuk ?"", ""jam xxxnumberxxx lama sekali ! saya mau menghabiskan kuota malem xxxuserxxx ! apakah tidak bisa , kuota malamnya diganti jadi kuota siang ?"", ""nomor transaksi xxxnumberxxx . barang belum dikirim melebihi batas kirim , dana belum masuk ke saldo bl saya ."", ""admin , kalau mau kirim pulsa ke telkomsel bisa tidak hanya xxxnumberxxx ribu begitu ?"", ""pulsa saya berkurang xxxnumberxxx padahal tidak digunakan . saya mau beli paket jadi kurang , bagaimana ini ? xxxnumberxxx"", ""admin , yang paket internet malam hingga pukul xxxnumberxxx pagi itu yang jadi patokan xxxnumberxxx pagi wib atau xxxnumberxxx pagi waktu lokal pengguna ?"", ""paket saya dengan resi xxxnumberxxx kenapa macet dan belum dikirimkan dari tanggal xxxnumberxxx ?"", ""kak , tadi coba mau beli pulsa telkomsel xxxnumberxxx xxxnumberxxx xxxnumberxxx k , tapi kenapa dibatalkan terus ? apa stoknya lagi kosong ?"", ""siap . mas xxxuserxxx kalau bisa sebelum xxxnumberxxx jam tolong dicek . lagi urgent perlu nelpon .""]",False,10,2329,32,True,147,0.0034158437,informal,0,0.9725732803344727,0.9873878955841064,239.62002774249032,False,0.0
google/gemma-3-4b-it,informal,formal,hybrid_early,0.9,min tolong dm sy di folow up,"halo, tolong dm saya.",False,485,4200242,42,"[""halo admin . saldo ovo tidak muncul di grab . padahal nomor hp sudah sama . tolong cek dm admin ."", ""admin , bagaimana cara menambah masa aktif kartu loop ?"", ""admin , top - up di aplikasi ovo kenapa tidak bisa tersambung di ovo - nya grab ? padahal nomornya sudah sama ."", ""halo , saya top up grab ovo lewat atm barusan , tapi kenapa belum masuk ?"", ""halo , tolong cek dm . penting ."", ""mohon dibantu prosedur downgrade paket kartu halo ."", ""cek dm coba xxxuserxxx dari tadi komplain tidak ada respons , pulsa sudah terpotong kena tarik per kb ."", ""maaf tapi saya masih bermasalah lagi ."", ""saya kirim uang , mengapa tidak masuk ? padahal status berhasil dan saldo saya terpotong ."", ""halo , tolong respons dm saya .""]",False,10,1701,8,True,21,0.4819333,informal,0,0.4447212219238281,0.605950117111206,5840.892521256795,True,0.0
google/gemma-3-4b-it,informal,formal,hybrid_early,0.9,saya juga gitu udah di dm di tweet juga tapi gak fi gubris taik,"“gini, admin, udah DM di tweet juga gak di-gubris.”",False,487,4200243,42,"[""halo admin . saya ingin menonaktifkan akun go - jek saya . mohon diperiksa dmnya . saya sedih , sudah dari kemarin mention namun tidak ada tanggapan ."", ""mana dm - nya admin ? belum masuk ke dm saya ."", ""bagaimana ini admin parah , selalu membalas yang lain tetapi dm saya tidak direspons ."", ""ini apa maksudnya status di hold ? goblok banget . ditunggu dari pagi ."", ""ini twitter yang error apa sinyal saya yang error ? saya ig , yt , wa bisa , tapi untuk twitter sama ml tidak bisa ."", ""balas chatnya mas crush . padahal dia balas berjam - jam kemudian ."", ""halo , ini bagaimana tidak bisa di dm . sudah follow akunnya juga ."", ""iya , admin , tolong dibaca dm - nya . terima kasih ."", ""sudah saya dm . mohon dibalas ."", ""mohon maaf . itu dm aku yang belum dibalas .""]",False,10,1786,17,True,51,0.016169416,informal,0,0.7132983207702637,0.6324578523635864,392.6868391836796,False,0.0
google/gemma-3-4b-it,informal,formal,hybrid_early,0.9,sy penumpang terpilih daerah semarang ? hehehe,"admin , penumpang semarang , hehehe",False,489,4200244,42,"[""grab ada kode promo untuk grab send terbaru tidak ? mengapa yang antar - jakarta expired ?"", ""admin gojek tersayang , tolong pengemudi gk - xxxnumberxxx ada di mana ?"", ""kenapa dm ? beri tahu , ingin tahu halangan apa di daerah semarang ."", ""admin , agen mapan terpilih ada dimana saja ? saya mau beli paket voucher gojek ."", ""grabfood error , apakah saya harus beralih ke gofood ?"", ""pengemudi grab di jogja sedang ke gereja berjamaah atau kopi darat ? kenapa sudah xxxnumberxxx menit mencoba grabfood berkali - kali tidak ada yang mengambil pesanan ."", ""admin . sudah xxxnumberxxx hari saya mau gofood , kenapa tidak mendapat driver terus - menerus ? apakah aplikasi gojek sedang error ?"", ""halo grab , mau tanya . apakah bisa driver dapat xxxnumberxxx order dari orang berbeda dalam xxxnumberxxx waktu ?"", ""kak , mengapa sudah memesan xxxnumberxxx x gofood pakai gopay tidak dapat cashback gopay ?"", ""kasih aku tiket konser day xxxnumberxxx saja .""]",False,10,1952,8,False,35,0.6923025,formal,1,0.7108354568481445,0.5738905072212219,21242.788960824666,True,0.0
google/gemma-3-4b-it,informal,formal,hybrid_early,0.9,mana jawaban dari dm pict bukti yg sudah saya kirim ?,“dimana balasannya buat dm pict bukti yang udah aku kirim?”,False,491,4200245,42,"[""baik , informasi apa saja yang harus saya berikan untuk konfirmasi ?"", ""sudah saya dm tetapi kenapa belum dijawab ?"", ""malam , saya ingin mengembalikan barang karena salah kirim . saya diberi info kalau saya harus meng - upload bukti pengirimannya . upload - nya di mana ? terima kasih ."", ""sudah saya dm admin , mohon dicek ."", ""kalau mau melampirkan surat keterangan domisili di kolom mana ? sedangkan saya belum dapat sms sama sekali untuk melengkapi berkas ."", ""sudah saya dm . mohon dibalas ."", ""sudah admin , tolong cek dm ."", ""sudah ada di dm semua , lokasi dan nomor ."", ""ditunggu penyelesaian kasusnya . cek dm . terima kasih ."", ""admin , saya isi gopay tadi pagi kenapa tidak masuk ? padahal sudah dapat sms konfirmasi dari bca .""]",False,10,1748,16,True,59,0.013923941,informal,0,0.8137312531471252,0.8751908540725708,397.210763233312,False,0.0
google/gemma-3-4b-it,informal,formal,hybrid_early,0.9,wooy gak ada tanggepan apa nih !,"apaan, gak ada balasan apa?",True,493,4200246,42,"[""iya , makanya malas komplain . hahaha ."", ""apaan malah minta kamu yang dibalas ."", ""ya kalau cancel bisa , maksudnya tidak bisa transaksi karena layarnya tidak bisa diapa - apakan ."", ""klarifikasi gojek nya tidak salah kalau mitranya sedang sibuk , sibuk demo mendadak ."", ""mas , tolong sedikit lebih cepat ya . saya sudah lapar . siap mbak , ditunggu . sama nanti , tolong temani saya ya mas . rumahnya lagi sepi ."", ""admin gojek tersayang , tolong pengemudi gk - xxxnumberxxx ada di mana ?"", ""baik , informasi apa saja yang harus saya berikan untuk konfirmasi ?"", ""tolong tindak lanjuti . bayar kemana ?"", ""admin . kemana jika mau komplain saldo ads tidak bertambah ? bukti transfer ada , tetapi dari aplikasi tokopedia tidak dapat invoice xxxuserxxx ?"", ""min , tolong bantuannya . go - jek instant menelepon saya , lalu bertanya agar diselesaikan transaksinya . bukannya biasanya otomatis ?""]",False,10,1881,10,True,27,0.0105332,informal,0,0.5930476188659668,0.6085557341575623,1394.0670618110805,True,0.0
google/gemma-3-4b-it,informal,formal,hybrid_early,0.9,saya lg pesen grabfood trus app nya lemot bgt dan saya gabisa hubungin driver nya . gimana nih ?,"“aplikasi grab gue lama banget, terus gak bisa hubungin driver. kok gini sih?”",True,495,4200247,42,"[""admin . sudah xxxnumberxxx hari saya mau gofood , kenapa tidak mendapat driver terus - menerus ? apakah aplikasi gojek sedang error ?"", ""mas , mbak , respons mention saya dong . sangat lambat pelayanannya ."", ""parah , aplikasi grab sangat lambat sekarang ."", ""bisa jadi admin grab - nya salah ketik ."", ""permisi admin , maaf malam minggu malah tanya . kalau mau ganti nomor rekening ponsel akun gojek driver bagaimana ? soalnya kartunya hilang ."", ""halo xxxuserxxx , aplikasi grab di iphone se saya kenapa jadi berat sekali ? apalagi kalau pesan grabfood sering hang ."", ""admin , kenapa saya tidak bisa sms ? saya mau konfirmasi pembelian paket selalu gagal smsnya dari tadi ."", ""klarifikasi gojek nya tidak salah kalau mitranya sedang sibuk , sibuk demo mendadak ."", ""tolong paket saya belum saya terima tapi pas dicek tracking kenapa sudah delivered ?"", ""kenapa aplikasi xxxuserxxx jadi lambat semenjak update ios ? tetapi gojek tidak .""]",False,10,1990,22,True,78,0.0057364223,informal,0,0.7838913798332214,0.727477490901947,45.05994211741675,False,0.0
google/gemma-3-4b-it,informal,formal,hybrid_early,0.9,min ni pas mau bayar kok gak bisa ya ? tulisannya web temporary down . di back juga gak bisa . musti restart hape .,“kok pas mau bayar gak bisa sih? tulisannya web sementara down. di back juga gak jalan. harus restart HP.”,False,497,4200248,42,"[""mengapa sinyal ini jelek sekali ? sudah saya hidupkan ulang , masih saja lambat ."", ""kak , indosat baru saja trouble atau bagaimana ya ? mengapa kartu saya tidak ada sinyal ?"", ""sudah di coba tapi masih tidak bisa . cek dm ."", ""admin , kenapa saya tidak bisa sms ? saya mau konfirmasi pembelian paket selalu gagal smsnya dari tadi ."", ""mohon dibantu sinyal indosatnya , mengapa sangat lambat ? padahal baru daftar paket internet ."", ""dear indosat , saya mau isi paket , tetapi mengapa tidak bisa ya ? sudah sejak jam xxxtimexxx tadi pulsa sudah masuk tetapi tidak bisa aktif ."", ""normal apanya admin ? sudah beberapa hari mati nyala terus . hari ini tidak tahu sudah berapa kali , tidak menghitung saking seringnya ."", ""tolong xxxuserxxx , dari kemarin sore jaringanya penuh tapi tidak terhubung ke internet . padahal kuota masih lumayan banyak ."", ""iya kak terima kasih . tetapi tadi sudah datang ke galeri indosatnya langsung . sudah normal kembali ."", ""admin . ketika ingin mengecek tagihan listrik , mengapa tidak bisa ? muncul pesan di bawah .""]",False,10,2119,26,True,106,0.0064035268,informal,0,0.9019246101379395,0.788006603717804,185.3590597285593,False,0.0
google/gemma-3-4b-it,informal,formal,hybrid_early,0.9,"terima kasih sudah followup , saya sudah sering chat tidak ada balasan","“udah fix thanks follow upnya, udah banyak chat gak ada balasan.”",False,499,4200249,42,"[""halo , ini bagaimana tidak bisa di dm . sudah follow akunnya juga ."", ""siang admin , email saya belum ada balasan juga ."", ""saya sudah aktifkan paket , namun tidak ada balasan . padahal saya sudah melakukan konfirmasi ."", ""selamat siang , mohon bantuannya untuk di follow up admin , karena saya butuh untuk segera dikirimkan , terima kasih ."", ""maaf admin , nomor saya tidak bisa dipakai internet , nelpon , dll . mohon ditanggapi dm saya ."", ""sudah saya dm . mohon dibalas ."", ""sudah xxxnumberxxx hari , status belum juga berubah admin . tadi sudah telepon qc katanya cuma disuruh menunggu ."", ""masalah terselesaikan ! terima kasih gojek . terima kasih juga sudah di follow kembali ! gerak cepat sekali ."", ""baik admin , sebentar lagi saya kirim lewat dm . terima kasih ."", ""nomor saya saja sudah di dm dari tadi tidak ditangani . bagaimana , admin ?""]",False,10,1877,17,True,65,0.0036016551,informal,0,0.7129754424095154,0.815453290939331,393.350818418015,False,0.0
