model_id,original_style,style_target,retrieval_method,alpha,original_message,paraphrased_message,is_human_eval,sample_index,sample_seed,run_seed,retrieved_exemplars,retrieval_fallback,n_exemplars,prompt_chars,output_tokens,eos_reached,output_chars,style_strength_calibrated,style_predicted,style_accuracy,content_preservation,content_preservation_LaBSE,fluency_ppl,ppl_degenerate,replication_rate_8
google/gemma-3-4b-it,formal,informal,dense,,"halo , selamat malam . mau konfirmasi bisa tidak kita melakukan pembatalan pesanan tanpa power merchant - nya harus dicabut . karena ini kebetulan saya ( konsumen ) yang membatalkan .","“halo , selamat malam , mau tanya bisa nggak batalin pesanan tanpa power merchant -nya dicabut , soalnya ini kebetulan saya ( konsumen ) yang batalin.”",False,0,4200000,42,"[""kalau ajukan pembatalan dimana pesanan barang yg dibeli sudah dibayar dan bayarnya pakai kartu kredit . mekanisme pengembalian dananya bagaimana ya ?"", ""selamat malam , mau tanya kalo proses pengembalian dana ( selisih ongkir ) biasanya berapa lama ya min ?"", ""malam , mau komplain . paket statusnya sudah sampai . tapi saya belum terima paket . mohon bantuannya . terima kasih ."", ""malam , saya mau mengembalikan barang krn salah kirim . diinfo harus upload bukti pengirimannya . uploadnya dimana ya ? makasih"", ""kak , tadi coba mau beli pulsa telkomsel xxxnumberxxx xxxnumberxxx xxxnumberxxx k , tapi koq dibatalkan mulu ya ? apa stok nya lagi kosong ?"", ""pengembalian saldo karena gagal penarikan membutuhkan waktu berapa lama ya ? saya sudah laporan xxxnumberxxx hari kerja sampai skr masih proses ditindak lanjuti terus"", ""no . transaksi xxxnumberxxx barang belum dikirim melebihi batas kirim , dana belum masuk ke saldo bl saya ."", "". ada apa dengan kurir pos . sampai saat ini belum juga update ongkir nya . padahal sudah dari tgl . xxxdatexxx sudah berlaku tarif baru ."", ""dear indosat , sy mau isi paketan , tetapi kenapa tidak bisa ya , sudah sejak jam xxxnumberxxx tadi , pulsa sdh masuk tapi tdk bisa aktip"", ""saya salah pilihan isi resi , harusnya otomatis dari sicepat tapi saya malah terlanjur bayar cash , nomor resinya bisa diedit nggak ya ?""]",False,10,2497,37,True,151,0.81819034,informal,1,0.8444944620132446,0.8689159154891968,73.53587344316485,False,0.0
google/gemma-3-4b-it,formal,informal,dense,,"admin , tolong agar di menu favorite barang bisa difilter seperti pada menu pencarian barang lainnya , bisa diurutkan berdasarkan harga , jasa pengiriman , dan lain - lain .","min , kalau di menu favorit bisa di filter gak ya kayak di pencarian barang . biar bisa urut harga , jasa kirim , gt .",False,2,4200001,42,"[""admin , ketika mau cek tagihan listrik , kenapa tidak bisa ? muncul pesan dibawah"", ""selamat malam ingin bertanya cara mengenai pendaftaran produk di gojek gmn ya ?"", ""min , kalau sudah melewati estimasi pengiriman , tapi barang blum smpe gimana ya . ."", ""selamat malam , tolong cek dm ya min , kiriman paket saya blm di kirim ."", ""kak , gmn cara upload prioduk unggulan . menunya dimana . dari list produk , trus pilih menu apa"", ""malam , saya mau mengembalikan barang krn salah kirim . diinfo harus upload bukti pengirimannya . uploadnya dimana ya ? makasih"", ""bang mau daftarin paket dr semalem ko gabisa ya ?"", ""kalau gitu juga saya juga tau . saya kan nanya apa ada kemungkinan menghubungi kurir . alamat tujuan pengiriman jelas . status diantar kurir . masa sehari . yaudalah ."", ""segera kirim pesanan saya sudah lewat dari batas waktu"", ""sudah saya proses lewat email juga , tolong di percepat saja melalui emailnya . thx .""]",False,10,2059,28,True,118,0.99670583,informal,1,0.8141405582427979,0.7400525808334351,224.1174870594366,False,0.0
google/gemma-3-4b-it,formal,informal,dense,,"mengapa pembelian paket internet malam tidak bisa ya , admin ?","min, paket internet malem gak bisa ya?",False,4,4200002,42,"[""lagi gangguan ya tidak bisa telp , sms dan internetan"", ""min , cara menambah masa aktif kartu loop gmna ?"", ""ini masih gangguan sinyal xxxnumberxxx g ga bisa aktif datanya ?"", ""ini kenapa abis bayar pascabayar jadi gaada kuotanya ya ?"", ""kak gimana nih saya daftar paket yellow gak bisa bisa"", ""dear indosat , sy mau isi paketan , tetapi kenapa tidak bisa ya , sudah sejak jam xxxnumberxxx tadi , pulsa sdh masuk tapi tdk bisa aktip"", ""maaf min no saya tidak bisa dipakai internet , nelpon dll . mohon ditanggapi dm saya"", ""saya beli voucher fisik indosat xxxnumberxxx gb unlimited , tapi gagal terus kenapa ya ?"", ""tolong bantu , kenapa nomor simpati saya tidak bisa menerima sms dari nomor tri , padahal ditelpon bisa ."", ""mohon dibantu sinyal indosatnya koq lemot bgt . baru daftar pket internet padahal .""]",False,10,1826,11,True,38,0.9971813,informal,1,0.8410462141036987,0.7654734253883362,1008.4291876432954,True,0.0
google/gemma-3-4b-it,formal,informal,dense,,transaksi xxxnumberxxx . pembeli meminta kami untuk membatalkan transaksi ini . mohon bantuannya .,"“min, transaksi xxxnumberxxx, pembeli minta batalin ya. mohon bantuannya.”",False,6,4200003,42,"[""transaksi xxxnumberxxx sudah diterima tgl xxxnumberxxx jam xxxnumberxxx siang harap segera diremit dananya"", ""sudah xxxnumberxxx x24 jam transaksi pengisian pulsa pd tgl xxxnumberxxx agustus xxxnumberxxx pkl xxxnumberxxx ko blm masuk jg ya min ?"", ""no transaksi saya xxxnumberxxx . saya udah nunggu xxxnumberxxx hr dana ga balik2 . duit nya ga sedikit . tanggung jawab dong dana org kok di tahan2 !"", ""min , jaringan xxxnumberxxx g dilokasi ini error . tolong dibantu cek dong . tks before"", ""permisi admin bukalapak mohon konfirmasi top up dana saya sebesar rp xxxnumberxxx . xxxnumberxxx berikut bukti pembayaran terimakasih"", ""min tolong di bantu cek resi xxxnumberxxx , sudah xxxnumberxxx hari ndak ada pergerakan ."", ""pulsa saya terakhir xxxnumberxxx xxxnumberxxx xxxnumberxxx xxxnumberxxx xxxnumberxxx an , terus isi ulang xxxnumberxxx . kenapa skrg jumlahnya hanya xxxnumberxxx ya ? nomer xxxnumberxxx"", ""tolong hentikan sms xxxnumberxxx ke nomor saya . xxxnumberxxx . mengurangi pulsa saya ."", ""pagi admin , paket saya dari shopee dengan kode xxxnumberxxx xxxnumberxxx xxxnumberxxx xxxnumberxxx xxxnumberxxx xxxnumberxxx xxxnumberxxx xxxnumberxxx xxxnumberxxx xxxnumberxxx xxxnumberxxx r04b tidak kebaca nomor resinya , mohon dibantu ya . dari hari jumat masih ngendep di jne malang"", ""ini xxxuserxxx kenapa ya udah xxxnumberxxx x top up ga masuk2 saldonya ?""]",False,10,2420,20,True,74,0.9512814,informal,1,0.861291766166687,0.7460483312606812,237.0853086995287,False,0.0
google/gemma-3-4b-it,formal,informal,dense,,"enak saja , itu subscription aku . bayar bulanan , masalahnya yang tidak ada nasi . bagaimana cara makannya ? kalau sayur asem yang ada tidak apa - apa ikhlas","""enak sih , aku kan langganan , bayar tiap bulan . cuma gak ada nasi , makan apa ya ? sayur asem aja deh , yaudalah""",False,8,4200004,42,"[""read dong , aku lapar nih mau go - food . belum ada makan dari pagi . tolong"", "": seberapa kamu ? 🧑 : aku gak suka buang makanan : terus ? 🧑 : jadi kalo makan kuaci aku makan sama kulitnya"", ""min , minggu ini kok promo grab kaga ada sih . gw kaga bisa makan enak harga murah dong min . min , bantu dong wkwkwk ."", ""bang mau daftarin paket dr semalem ko gabisa ya ?"", ""min nenek saya naik grab udh saya bayar pake ovo eh pas turun nenek saya bayar cash lagi , cara ovonya biar balik gimana ya ?"", ""kemana - mana pake grab dan pas lagi ada promo lebih cepet dari"", ""kalau ajukan pembatalan dimana pesanan barang yg dibeli sudah dibayar dan bayarnya pakai kartu kredit . mekanisme pengembalian dananya bagaimana ya ?"", ""biasanya ada penyesuaian harga dr warungnya . karna warungnya ga mau dipotong komisi grabfood"", ""ini kenapa abis bayar pascabayar jadi gaada kuotanya ya ?"", ""baiklah , terimakasih . tapi saya kan tidak sedang berlangganan apa - apa tapi kenapa pulsa saya kesedot ya min ? kira - kira bagaimana ya mengeceknya ? sebelumnya tidak pernah""]",False,10,2165,33,True,116,0.99710804,informal,1,0.8092291355133057,0.7966976165771484,66.8471580690624,False,0.0
google/gemma-3-4b-it,formal,informal,dense,,penerima tidak di rumah saat paket tiba . sprinter tersebut tidak ada konfirmasi ke penerima sama sekali . tidak ada telepon . padahal sopnya begitu bukan ?,"""paketnya gak nyampe , gak ada telpon sama sekali , kok gitu ya ?""",False,10,4200005,42,"[""tolong bantu , kenapa nomor simpati saya tidak bisa menerima sms dari nomor tri , padahal ditelpon bisa ."", ""lagi gangguan ya tidak bisa telp , sms dan internetan"", ""cek dm coba xxxuserxxx dari tadi komplen ngga ada respon , pulsa udah kepotong kena tarif per kb"", ""disuruh dm soal keluhan , tapi enggak di respon"", ""berulah lagi ? saya gk pernah klik macem² ini , pulsa tersedot banyak banget , hpnya cuma dipake buat nelp & sms"", ""jb xxxphonexxx , sudah seminggu paket ngga nyampe , padahal masih dalam jakarta , ini malah dikirm ke surabaya buat apa coba ? jnt sistemnya gimana sih ?"", ""nomer saya aja udah di dm dari tadi ga ditangani . gimana min ?"", ""lha gimana bos . urgen . telopon ke xxxnumberxxx nunggu lama bgt , giliran udh nyambung cs nanyanya panjang x lebar keburu habis pulsa masalah gak kelar ."", ""barusan ada yg telfon saya dengan nomor ini . apakah ini benar dari halo bca ?"", ""oh ya mandiri online , tolong min knp saat proses masuk baru tak dpt sms""]",False,10,2081,19,True,66,0.99829715,informal,1,0.5966610908508301,0.6485356092453003,45.96865613756118,False,0.0
google/gemma-3-4b-it,formal,informal,dense,,"halo indosat , apakah lagi gangguan didaerah cileungsi ? dari kemarin susah sinyal .","min, di cileungsi sinyalnya susah bgt dari kemarin, kok susah ya?",True,12,4200006,42,"[""apakah indosat daerah medan mengalami gangguan min ?"", ""mohon dibantu sinyal indosatnya koq lemot bgt . baru daftar pket internet padahal ."", ""tolong dong xxxuserxxx dari kmaren sore jaringan nya full tapi nggak nyambung ke internet padahal kuota dah lumayan banyak"", ""min di daerah kab . bandung sinyal xxxnumberxxx g hilang walaupun saya restart tetap hilang , mohon pengertiannya min"", ""dear indosat , sy mau isi paketan , tetapi kenapa tidak bisa ya , sudah sejak jam xxxnumberxxx tadi , pulsa sdh masuk tapi tdk bisa aktip"", ""min maaf lagi gangguan apa gimana ? dari tadi ga konek internet terus"", ""malam , koneksi telkomsel semakin lama semakin buruk bukan membaik , sudah seminggu lebih seperti ini , jadi gmn solusi terbaik ?"", ""kak indosat baru troble ato gmn ya ? kok kartu saya gk ada sinyal"", ""barusan ada yg telfon saya dengan nomor ini . apakah ini benar dari halo bca ?"", ""maaf min no saya tidak bisa dipakai internet , nelpon dll . mohon ditanggapi dm saya""]",False,10,2012,20,True,65,0.9975338,informal,1,0.8246030807495117,0.589506983757019,203.2590468516032,False,0.0
google/gemma-3-4b-it,formal,informal,dense,,"halo admin , mau bertanya , mengapa setiap jam sekitar ini internet xxxnumberxxx g aku tidak bisa digunakan ? padahal jaringannya bagus . bolehkah saya minta tolong bantuannya ?","min, kok tiap jam sekitar ini internet xxxnumberxxx gak bisa dipakai ya? padahal jaringannya bagus, tolong bantu dong",True,14,4200007,42,"[""udah xxxnumberxxx menit stuck gini terus , padahal koneksi internet saya normal . tolong di bantu"", ""sore min , ini ada keluhan nomer saya pulsa kesedot terus , padahal tidak berlangganan paket apapun . tolong di cek min + xxxnumberxxx xxxnumberxxx - xxxnumberxxx - xxxnumberxxx"", ""dear indosat , sy mau isi paketan , tetapi kenapa tidak bisa ya , sudah sejak jam xxxnumberxxx tadi , pulsa sdh masuk tapi tdk bisa aktip"", ""min di daerah kab . bandung sinyal xxxnumberxxx g hilang walaupun saya restart tetap hilang , mohon pengertiannya min"", ""min kalau mau buat nomer kartu halo baru yang xxxnumberxxx itu bagaimana prosedur dan biayanya ?"", ""ini kenapa lagi ya mau perpanjang internet ga bisa ? xxxnumberxxx juga ga bisa ?"", ""saya mau tanya , ini saya mau beli paket yellow kenapa sama xxxnumberxxx tidak direspon / tidak dibalas"", ""tolong dong xxxuserxxx dari kmaren sore jaringan nya full tapi nggak nyambung ke internet padahal kuota dah lumayan banyak"", ""selamat malam xxxuserxxx mau tanya , kenapa bonus kuota aplikasi nya gak bisa di pake ? malah kesedot terus kuota utama nya . terimakasih"", ""maaf min no saya tidak bisa dipakai internet , nelpon dll . mohon ditanggapi dm saya""]",False,10,2319,28,False,117,0.9965927,informal,1,0.9047850370407104,0.855989933013916,188.694531260892,False,0.0
google/gemma-3-4b-it,formal,informal,dense,,aku sudah jelaskan panjang lebar di dmnya dia .,"udah aku dm ya , udah di dm kok blm dijawab sih?",True,16,4200008,42,"[""mon maap yaa itu dm aku yg belum di bales"", ""sudah saya dm . mohon di balas"", ""udah aku dm ya min , tolong responnya ."", ""yah min para si reply yg lain terus tp dm gua ga direspon"", ""dm terooss . gak ada respon lain yang bisa anda sampaikan ? selesaikan disini , penyelesaiannya mau seperti apa ?"", ""bales chatnya mas crush padahal dia bales berjam - jam kemudian"", ""iya mbak ini belum terupdate , udah dm adminnua"", ""sudah saya dm tapi kok blm dijawab ya ?"", ""sudah ada di dm semua . lokasi dan nomor"", ""ditunggu loh penyelesaian kasusnya . cek dm . trims""]",False,10,1559,16,True,48,0.99832505,informal,1,0.5349240303039551,0.36310818791389465,419.0385470876635,False,0.0
google/gemma-3-4b-it,formal,informal,dense,,percuma ! itu - itu saja jawabannya . tidak membantu sama sekali !,"""gimana gitu sih , nggak ngarah sama sekali!""",False,18,4200009,42,"[""lama sekali responnya , untuk masalah seperti ini saja ?"", ""sudah min . tolong dong . beli token listrik mah lancar"", ""saya sudah coba beberapa kali hasilnya kayak gtu , apa yang salah ya"", ""baiklah , terimakasih . tapi saya kan tidak sedang berlangganan apa - apa tapi kenapa pulsa saya kesedot ya min ? kira - kira bagaimana ya mengeceknya ? sebelumnya tidak pernah"", ""normal apanya min , udah beberapa hari mati nyala terus . hari ini ga tau udah berapa kali , ga ngitung saking seringnya"", ""okee siaap kaak . trimakasih responnya ka ."", ""tidak bisa akses internet sama sekali"", ""sudah saya dm tapi kok blm dijawab ya ?"", ""admin , ketika mau cek tagihan listrik , kenapa tidak bisa ? muncul pesan dibawah"", ""min maaf lagi gangguan apa gimana ? dari tadi ga konek internet terus""]",False,10,1802,13,True,45,0.9947239,informal,1,0.3005916476249695,0.5103974342346191,140.9070660246484,False,0.0
google/gemma-3-4b-it,formal,informal,dense,,"udah di dm , boleh dicek saja .","udah di dm, min, tolong dicek ya.",False,20,4200010,42,"[""udah min , tolong cek dm ya"", ""sudah saya dm min , mohon di cek"", ""min cek dm saya lagi yaa"", ""udah aku dm ya min , tolong responnya ."", ""sudah saya dm tapi kok blm dijawab ya ?"", ""min mohon cek dm , ditunggu responnya , makasih"", ""udah di coba tapi masih ngga bisa . cek dm"", ""iya mbak ini belum terupdate , udah dm adminnua"", ""sudah saya dm . mohon di balas"", ""udah di dm dibaca aja nggak""]",False,10,1377,13,True,33,0.9943456,informal,1,0.8643985390663147,0.7812081575393677,372.21556834465645,False,0.0
google/gemma-3-4b-it,formal,informal,dense,,ketika ibu menyuruh beli belanjaan ke warung .,“pas ibu ngasih tau mau beli belanjaan ke warung.”,False,22,4200011,42,"[""mau makan malah kasih duit xxxuserxxx 🤣 🤣 🤣"", ""kalau kerja cuma jadi buzzer kayak gini , maunya murah malu sama daerah yang gak ada internetnya ."", ""tadi ke bank xxxuserxxx trus gak ada apa2 dong di malah dipaksa buka tabungan buat anak sekolah"", ""kemana - mana pake grab dan pas lagi ada promo lebih cepet dari"", ""nyerbu tempat makan kalo lagi laper"", ""read dong , aku lapar nih mau go - food . belum ada makan dari pagi . tolong"", ""min ini gak bisa beli paketan ayo xxxnumberxxx menit lagi paketanku entek"", ""saldo kepotong tapi uang nggak keluar . ini udah kali kedua saya melakukan penarikan tunai di atm ."", ""mantappu belanja eh dapat bonus . yuk yg disekitaran boleh rapatkan barisan berburu bonus lewat xxxnumberxxx store terdekat"", "": seberapa kamu ? 🧑 : aku gak suka buang makanan : terus ? 🧑 : jadi kalo makan kuaci aku makan sama kulitnya""]",False,10,1851,14,True,50,0.7762933,informal,1,0.8382135629653931,0.8380136489868164,176.79546775669613,False,0.0
google/gemma-3-4b-it,formal,informal,dense,,kenapa tahu ? kamu memata - matai saya ?,“apaan sih lu !?”,False,24,4200012,42,"[""follow up dong tuh . bayar kemana nih ? cc :"", ""hahaha sejak malika di besarkan , pengertian dong makanya , biar ia tidak diam diam saja"", ""saya pernah kaya gini untung sadar"", ""pulsa hilang terus , lalu jaringan cenat cenut kaya bisul mau pecah . lagi neken biaya produksi ya ? saya bayar loh , tapi setiap hari dikerjain ."", ""yang dinilai apaan tuh ? kecepatan ngunyah ? 🤔"", ""yoi . bahayaa kalo ditagih entar diakhirat wkwkwkwkwkwk"", ""cara aktifkan paylaternya bagaimana ya min ? saya mau pake di tokopedia"", ""hati - hati yang suka culak colok atm ."", "": seberapa kamu ! : tahun depan beli rumah : terus ! : ngumpulin duitnya mulai sekarang"", ""min maaf mau tanya lg . kl mbca yg ke blokir , atm nya ga ikutan ke blokir jg kan ya ?""]",False,10,1728,8,True,17,0.94624525,informal,1,0.20227104425430298,0.44147324562072754,196.71883476015108,False,0.0
google/gemma-3-4b-it,formal,informal,dense,,hai indosat . mengapa pulsa saya tersedot ?,"“indosat kok pulsa gue kesedot tuh, gimana ya ?”",False,26,4200013,42,"[""waduhh emg indosat bermasalah mulu nih , mana pulsa suka kesedot tbtb . ingin rasanya ganti provider sj"", ""saya beli voucher fisik indosat xxxnumberxxx gb unlimited , tapi gagal terus kenapa ya ?"", ""min ini kenapa y , pulsa tiba2 ilang . paketan internet masih byk tp pulsa kesedot trs . mohon follow up nya !"", ""kenapa pulsa saya yang dipotong internetnya bukan quota saya ? dua kali lagi duh"", ""mohon dibantu sinyal indosatnya koq lemot bgt . baru daftar pket internet padahal ."", ""di my telkomsel muncul sperti itu kak"", ""aku pelanggan yg pulsanya suka tiba tiba ilang"", ""kartu sim card xl saya sudah hilang dan saya ingin mengaktifasi nomor xl saya apakah bisa ? caranya bagaimana ?"", ""telkomsel kenapa nih kok sinyalnya ilangg"", ""tolong bantu , kenapa nomor simpati saya tidak bisa menerima sms dari nomor tri , padahal ditelpon bisa .""]",False,10,1839,16,True,48,0.9933101,informal,1,0.7502974271774292,0.6860824823379517,153.34072277467718,False,0.0
google/gemma-3-4b-it,formal,informal,dense,,transfer ke rekening rdn dari jumat siang sampai sekarang belum masuk juga . tolong .,"min, transfer ke rekening rdn dari jumat siang sampai sekarang belum masuk juga. tolong.",False,28,4200014,42,"[""tolong pulsa belum masuk . udah transfer juga . makasih ."", ""halo . paket saya dengan no resi xxxnumberxxx tidak ada pergerakan dari kemarin . tolong konfirmasi nya"", ""malam , mau komplain . paket statusnya sudah sampai . tapi saya belum terima paket . mohon bantuannya . terima kasih ."", ""min tolong di bantu cek resi xxxnumberxxx , sudah xxxnumberxxx hari ndak ada pergerakan ."", ""ini min minta tolong di cek sudah sampe mana . masa sudah xxxnumberxxx minggu blm sampe . tolong banget min di update smp mana"", ""bos hari keberapa ini ga masuk2 kuota saya , sudah cukup sabar ya bos !"", ""sudah saya proses lewat email juga , tolong di percepat saja melalui emailnya . thx ."", ""selamat siang min , saya minta bantuan untuk tracking paket . detail telah saya kirim via dm . terimakasih"", ""selamat malam , mau tanya kalo proses pengembalian dana ( selisih ongkir ) biasanya berapa lama ya min ?"", ""malam , mohon info paket saya sejak tanggal xxxnumberxxx tertahan dgn status itu . blm terkirim sampai sekarang , ada apa ya ?""]",False,10,2062,21,True,88,0.9915489,informal,1,0.9594770669937134,0.9357833862304688,206.29163403923457,False,0.0
google/gemma-3-4b-it,formal,informal,dense,,"oh iya , pak eko , kalau xxxuserxxx , saya pakai modem andromaxnya . lumayan cepat internetan dan jaringan sudah xxxnumberxxx g lte juga .","oh iya , pak eko , kalau xxxuserxxx , aku pake modem andromax , lumayan cepet internetan , jaringan udah xxxnumberxxx g lte juga , trimakasii",False,30,4200015,42,"[""ini masih gangguan sinyal xxxnumberxxx g ga bisa aktif datanya ?"", ""oo xxxuserxxx lagi eror . pntesan g bisa2 , dan aku harus ambil hotspot dr hp xxxnumberxxx nya yg pake xxxuserxxx lancar jaya , trimakasii"", ""tolong dong xxxuserxxx dari kmaren sore jaringan nya full tapi nggak nyambung ke internet padahal kuota dah lumayan banyak"", ""saya beli voucher fisik indosat xxxnumberxxx gb unlimited , tapi gagal terus kenapa ya ?"", ""dear indosat , sy mau isi paketan , tetapi kenapa tidak bisa ya , sudah sejak jam xxxnumberxxx tadi , pulsa sdh masuk tapi tdk bisa aktip"", ""min , yg paket internet malam hingga pukul xxxnumberxxx pagi itu yg jadi patokan xxxnumberxxx pagi wib atau xxxnumberxxx pagi waktu lokal user ?"", ""min di daerah kab . bandung sinyal xxxnumberxxx g hilang walaupun saya restart tetap hilang , mohon pengertiannya min"", ""sinyal ku xxxnumberxxx g full tp knp buka google aja lemot apalagi yg lain ha || terpaksa ganti provid , tolong dong"", ""makasih syg bonus kuota xxxnumberxxx gb nya , lumayan lah sehari juga buat streaming wkwk"", ""min infonya klo upgrade simcard ke xxxnumberxxx g dapet bonus xxxnumberxxx . xxxnumberxxx gg selama xxxnumberxxx bulan . yaa""]",False,10,2269,38,False,141,0.998587,informal,1,0.9710748195648193,0.9761526584625244,335.60396763248406,False,0.0
google/gemma-3-4b-it,formal,informal,dense,,"gojek sepersepuluh hidupku , terima kasih gojek telah membawaku keluar dari zona nyaman .","“gojek udah jadi sebagian hidupku , makasih gojek udah bantu aku keluar dr zona nyaman , wkwkwk”",False,32,4200016,42,"[""selamat siang xxxuserxxx saya ingin menghapus akun gojek saya , mohon bantuannya . terimakasih"", ""untungnya aku download aplikasi gojek hihiiw terimakasih"", ""wahai admin gojek tersayang , tolong gk - xxxnumberxxx drivernya dimana"", ""hi , admin . mohon bantuan untuk hapus akun gojek saya yg lama ? terimakasih ."", ""min , udh xxxnumberxxx hari ini saya mau gofood kok gak dapet driver terus ? apa aplikasi gojek lagi error ?"", ""dengan alikasi gopay xxxuserxxx gojek xxxuserxxx berhasil masuk dalam daftar perusahaan yang dinilai berhasil mengubah dunia . wow !"", ""halo gojek tolong masalah di selesai kan . dan xxxuserxxx sy udah follow up lg ya ini ."", ""promo grab food semuanya mental ga bisa dipake . sedih akutu , xxxuserxxx . huhuhu"", ""thanks ! semoga selain bagi - bagi rejeki ke customer , grab bisa terus meningkatkan kesejahteraan drivernya juga . mulai dari memperlakukan mereka sebagai ' pekerja , bukan ' mitra ."", ""min , minggu ini kok promo grab kaga ada sih . gw kaga bisa makan enak harga murah dong min . min , bantu dong wkwkwk .""]",False,10,2091,27,True,96,0.99818605,informal,1,0.7637151479721069,0.7054414749145508,31.850175143433784,False,0.0
google/gemma-3-4b-it,formal,informal,dense,,"tolong ! sudah seperti ini , kenapa ?","min, kenapa gini ya?",False,34,4200017,42,"[""lama sekali responnya , untuk masalah seperti ini saja ?"", ""begitu kak , apakah bisa diberi tau"", ""selamat sore , sudah sy dm ya min . jadi bagaimana ya ?"", ""saya sudah coba beberapa kali hasilnya kayak gtu , apa yang salah ya"", ""udah min , tolong cek dm ya"", ""admin , ketika mau cek tagihan listrik , kenapa tidak bisa ? muncul pesan dibawah"", ""udah aku dm ya min , tolong responnya ."", ""min , udh xxxnumberxxx hari ini saya mau gofood kok gak dapet driver terus ? apa aplikasi gojek lagi error ?"", ""dari tadi begini terus . . ini kenapa ya min . . aku dm mimin juga gk bs"", ""pagi min , ini saya top up pulsa ko gagal terus ya . itu kenapa ya min ?""]",False,10,1642,8,True,20,0.9962979,informal,1,0.718712568283081,0.7748815417289734,988.4949074019817,False,0.0
google/gemma-3-4b-it,formal,informal,dense,,ada di nomor xxxnumberxxx . ayo kawan ikutan : xxxuserxxx xxxuserxxx xxxuserxxx . selesai mengikuti media sosial xxxuserxxx . semoga beruntung .,ayo kawan xxxuserxxx xxxuserxxx xxxuserxxx . selesai mengikuti media sosial xxxuserxxx . semoga beruntung .,False,36,4200018,42,"[""pulsa saya terakhir xxxnumberxxx xxxnumberxxx xxxnumberxxx xxxnumberxxx xxxnumberxxx an , terus isi ulang xxxnumberxxx . kenapa skrg jumlahnya hanya xxxnumberxxx ya ? nomer xxxnumberxxx"", ""gimana cara pengambilan paket datanya min xxxuserxxx ? sudah cek my telkomsel dan * xxxnumberxxx gak tersediaa ."", ""asuransi link tersebut berada di posisi no xxxnumberxxx xxxuserxxx xxxuserxxx xxxuserxxx * xxxnumberxxx"", ""ini xxxuserxxx kenapa ya udah xxxnumberxxx x top up ga masuk2 saldonya ?"", ""mau tanya nih xxxuserxxx , apa benar ovo sedang mengalami trouble ? saya top up via xxxuserxxx sore tadi sampai sekarang xxxnumberxxx belum masuk juga ."", ""keluar update versi xxxnumberxxx . xxxnumberxxx kapan min ?"", ""nih xxxuserxxx lemot banget xxxnumberxxx g nya"", ""bismillah jawaban : a yuk ikutan gaes xxxuserxxx xxxuserxxx xxxuserxxx 🤲"", ""xxxdatexxx kan xxxnumberxxx hari kedepan , ga lebih dari xxxnumberxxx hari , gimana ?"", ""jam xxxnumberxxx atau jam xxxnumberxxx masih ada gak tuh min ?""]",False,10,2084,26,True,107,0.03143122,formal,0,0.9126194715499878,0.8345339298248291,170.51715491209958,False,0.0
google/gemma-3-4b-it,formal,informal,dense,,"admin xxxuserxxx ini kenapa sinyalku daritadi g terus ? tolong admin , hanya bisa bergantung pada wifi .","“admin xxxuserxxx kenapa sinyal aq dari tadi g bisa2 terus ? tolong admin , cuma bisa pegang wifi doang.”",False,38,4200019,42,"[""oo xxxuserxxx lagi eror . pntesan g bisa2 , dan aku harus ambil hotspot dr hp xxxnumberxxx nya yg pake xxxuserxxx lancar jaya , trimakasii"", ""tolong dong xxxuserxxx dari kmaren sore jaringan nya full tapi nggak nyambung ke internet padahal kuota dah lumayan banyak"", ""ini masih gangguan sinyal xxxnumberxxx g ga bisa aktif datanya ?"", ""please xxxuserxxx jaringan , kenapa ngilang gak jelas mulu ."", ""min di daerah kab . bandung sinyal xxxnumberxxx g hilang walaupun saya restart tetap hilang , mohon pengertiannya min"", ""selamat malam xxxuserxxx mau tanya , kenapa bonus kuota aplikasi nya gak bisa di pake ? malah kesedot terus kuota utama nya . terimakasih"", ""ini sinyalnya knp ya skrg xxxuserxxx jelek bgtt"", ""sinyal ku xxxnumberxxx g full tp knp buka google aja lemot apalagi yg lain ha || terpaksa ganti provid , tolong dong"", ""cek dm coba xxxuserxxx dari tadi komplen ngga ada respon , pulsa udah kepotong kena tarif per kb"", ""telat bayar wifi pas mau bayar jadi xxxnumberxxx ribu""]",False,10,2046,28,True,105,0.9922465,informal,1,0.8445894718170166,0.852414608001709,308.6115358961152,False,0.0
google/gemma-3-4b-it,formal,informal,dense,,dicoba nugget dan sosisnya ! siapa tahu mau endorse .,“cobain nugget sama sosisnya! siapa tau mau promosi wkwkwk.”,False,40,4200020,42,"[""btw , saya tadi habis makan es krim mochi rasa durian . dan itu enaak banget . klo es krim rasa buah cempedak belum ada kan ya ?"", "": seberapa kamu ? 🧑 : aku gak suka buang makanan : terus ? 🧑 : jadi kalo makan kuaci aku makan sama kulitnya"", ""read dong , aku lapar nih mau go - food . belum ada makan dari pagi . tolong"", ""nyerbu tempat makan kalo lagi laper"", ""min , minggu ini kok promo grab kaga ada sih . gw kaga bisa makan enak harga murah dong min . min , bantu dong wkwkwk ."", ""whats wrong with grabfood ? di semarang dari pagi order gaada yg nyantol loh , semua busy , ganti resto pun sama"", ""bang mau daftarin paket dr semalem ko gabisa ya ?"", ""segera kirim pesanan saya sudah lewat dari batas waktu"", ""mau makan malah kasih duit xxxuserxxx 🤣 🤣 🤣"", ""grabfood error , apakah saya harus beralih ke gofood ?""]",False,10,1823,18,True,60,0.9487958,informal,1,0.7791734337806702,0.7930641174316406,186.58574569095555,False,0.0
google/gemma-3-4b-it,formal,informal,dense,,"kalau mau meminta insta cash , telepon ke halo bca ya ? ada syaratnya kah ?","halo , kalau mau insta cash lewat halo bca ada syaratnya gak ya?",False,42,4200021,42,"[""halo selamat pagi , kalo atm mandiri terblokir krn salah pswrd , mandiri online ikut keblokir tdk ? tks"", ""saya mau tanya , apa nomor rekening yan sudah tidak di tambah saldo selama xxxnumberxxx tahun masih aktif / di gunakan"", ""saya melakukan pembukaan tabungan lewat bca mobile namun saat tahap untuk video call dengan customer service , selalu tidak bisa"", ""halo saya top up grab ovo lewat atm barusan tapi kok belum masuk ya ?"", ""sudah saya coba telpon ke mandiri nya . dan bener saldo saya kedebit xxxnumberxxx x . mohon bantuannya . nomor pelaporan mandiri : c190909991030424630"", ""limit transfer dr bca ke bank lain per hari brp ya via klikbca ?"", ""pengembalian saldo karena gagal penarikan membutuhkan waktu berapa lama ya ? saya sudah laporan xxxnumberxxx hari kerja sampai skr masih proses ditindak lanjuti terus"", ""barusan ada yg telfon saya dengan nomor ini . apakah ini benar dari halo bca ?"", ""min kalau mau buat nomer kartu halo baru yang xxxnumberxxx itu bagaimana prosedur dan biayanya ?"", ""untuk no rek ponsel minimal nominal brp ya""]",False,10,2081,17,True,64,0.99692184,informal,1,0.9072346687316895,0.8426706790924072,684.4649301861424,False,0.0
google/gemma-3-4b-it,formal,informal,dense,,bakar terus sampai habis itu uang .,“habisin semua tuh uangnya.”,True,44,4200022,42,"["": seberapa kamu ! : tahun depan beli rumah : terus ! : ngumpulin duitnya mulai sekarang"", ""follow up dong tuh . bayar kemana nih ? cc :"", ""saldo kepotong tapi uang nggak keluar . ini udah kali kedua saya melakukan penarikan tunai di atm ."", ""pulsa hilang terus , lalu jaringan cenat cenut kaya bisul mau pecah . lagi neken biaya produksi ya ? saya bayar loh , tapi setiap hari dikerjain ."", ""kemana - mana pake grab dan pas lagi ada promo lebih cepet dari"", ""enak banget anjir aku mah boro2 dapet kuota yg ada malah sering ketarik pulsanya"", ""besok dipanggil lagi ke bpsk ? tidak ada malu itu memang nggak ada batasnya ."", ""hanya alamat yang berubah . jadi harus ke cabang bca terdekat untuk ganti kartu atm ya . apakah ada biaya tambahan ?"", "": seberapa kamu ? 🧑 : aku gak suka buang makanan : terus ? 🧑 : jadi kalo makan kuaci aku makan sama kulitnya"", ""toped sudah tidak bisa cicilan lagi ?""]",False,10,1884,10,True,28,0.95468295,informal,1,0.6433092951774597,0.580796480178833,134.62305595354144,False,0.0
google/gemma-3-4b-it,formal,informal,dense,,"iya sudah . tolong periksa dm saya , admin .","min , tolong cek dm saya , admin.",True,46,4200023,42,"[""udah min , tolong cek dm ya"", ""sudah saya dm min , mohon di cek"", ""mohon cek dm saya , terima kasih"", ""halo kak admin , saya dm , mohon dicek makasi"", ""min cek dm saya lagi yaa"", ""sudah saya dm . mohon di balas"", ""min tolong cek dm ya . makasiih"", ""min tolong cek dm ya . terima kasih"", ""min mohon cek dm , ditunggu responnya , makasih"", ""selamat siang kak , mohon dicek saya mengirimkan dm . terimakasih""]",False,10,1404,11,True,33,0.9916475,informal,1,0.837482750415802,0.8965365290641785,878.6478649167851,False,0.0
google/gemma-3-4b-it,formal,informal,dense,,"admin , paket aku tidak bisa terus . mau sampai kapan ini ? mau mengerjakan tugas jadi tidak bisa .","min , paketku gak bisa terus . sampe kapan nih ? mau ngerjain tugas jadi gak bisa .",False,48,4200024,42,"[""min , tolong bantuannya . gojek instant nelponin saya terus nanya supaya diselesaikan transaksinya . biasanya otomatis kan ?"", ""malam , mau komplain . paket statusnya sudah sampai . tapi saya belum terima paket . mohon bantuannya . terima kasih ."", ""admin , ketika mau cek tagihan listrik , kenapa tidak bisa ? muncul pesan dibawah"", ""min , ini kenapa saya gak bisa sms ya ? saya mau konfirmasi pembelian paket gagal mulu sms nya drtd ."", "". ada apa dengan kurir pos . sampai saat ini belum juga update ongkir nya . padahal sudah dari tgl . xxxdatexxx sudah berlaku tarif baru ."", ""pagi min , ini saya top up pulsa ko gagal terus ya . itu kenapa ya min ?"", ""tetap tidak bisa min , nomor kartu kredit yg saya masukan sdh benar . tetapi tetap tidak bisa klik tombol continue . saya udah ulang berkali2 ."", ""ini min minta tolong di cek sudah sampe mana . masa sudah xxxnumberxxx minggu blm sampe . tolong banget min di update smp mana"", ""kalian pengiriman dari jakarta ke jakarta butuh waktu berapa lama ?"", ""normal apanya min , udah beberapa hari mati nyala terus . hari ini ga tau udah berapa kali , ga ngitung saking seringnya""]",False,10,2181,23,True,83,0.99806887,informal,1,0.8379749655723572,0.8479055166244507,93.74066739621284,False,0.0
google/gemma-3-4b-it,formal,informal,dense,,bukan saya mbak . saya pengguna setia telkomsel . coba mbak cek tweet teman saya .,“kok sinyal telkomselnya lemot ya mbak? coba cek tweet teman nih…”,False,50,4200025,42,"[""tolong bantu , kenapa nomor simpati saya tidak bisa menerima sms dari nomor tri , padahal ditelpon bisa ."", ""maaf min no saya tidak bisa dipakai internet , nelpon dll . mohon ditanggapi dm saya"", ""yuk pantau timeline smartfren terus ya jangan lupa follow xxxuserxxx juga yah kak . terima kasih sobat setia smartfren . via"", ""sy pindah kartu simpati lama ke xxxnumberxxx g . katanya ada bonus kuota internet , tp kok sy ga dapet . mhon penjelasannya !"", ""malam , koneksi telkomsel semakin lama semakin buruk bukan membaik , sudah seminggu lebih seperti ini , jadi gmn solusi terbaik ?"", ""wah capek bener saya harus cerita lagi . udah saya telepon saya imel . seharusnya dari capture saya udah bisa terbaca . driver tidak memiliki jiwa sosial"", ""kartu sim card xl saya sudah hilang dan saya ingin mengaktifasi nomor xl saya apakah bisa ? caranya bagaimana ?"", ""aku kasih nomorku tp jangan whatsapp aneh aneh ya min aku baperan soalnya"", ""mohon dibantu sinyal indosatnya koq lemot bgt . baru daftar pket internet padahal ."", ""halo xxxuserxxx , aplikasi grab di iphone se saya kok jadi berat banget ya apalagi kalau pesan grabfood suka ngehang .""]",False,10,2179,20,True,66,0.9978642,informal,1,0.7131561040878296,0.5185762643814087,118.1360300642501,False,0.0
google/gemma-3-4b-it,formal,informal,dense,,kirim pesan saja ul . pilih di menu pusat bantuan .,"min , coba kirim ul . pilih di menu bantuan . terimakasih",True,52,4200026,42,"[""baik min , sebentar lagi saya kirim lewat dm . terimakasih ."", ""selamat siang min , saya minta bantuan untuk tracking paket . detail telah saya kirim via dm . terimakasih"", ""selamat malam , tolong cek dm ya min , kiriman paket saya blm di kirim ."", ""min tolong cek dm ya . terima kasih"", ""segera kirim pesanan saya sudah lewat dari batas waktu"", ""tolong pulsa belum masuk . udah transfer juga . makasih ."", ""ni paket napa gagal kirim min ?"", ""malam , mau komplain . paket statusnya sudah sampai . tapi saya belum terima paket . mohon bantuannya . terima kasih ."", ""mohon bantuan segera ya min , saya tunggu"", ""minta alamat lengkap kantor nya sm no telp aja lah , mending saya ambil sendiri barang ke kantor kalian""]",False,10,1720,14,False,57,0.9590317,informal,1,0.8506024479866028,0.707708477973938,1980.673555692731,True,0.0
google/gemma-3-4b-it,formal,informal,dense,,sedang error bukan ? kenapa mau mencari barang tidak bisa terus ?,kenapa sih lamaaa gak bisa cari barang 🥺?,False,54,4200027,42,"[""ini kenapa daritadi mau pake voucher gabisa terus yaa ? udah di update juga padahal"", ""ni paket napa gagal kirim min ?"", ""grabfood error , apakah saya harus beralih ke gofood ?"", ""kemana - mana pake grab dan pas lagi ada promo lebih cepet dari"", ""kalau kerja cuma jadi buzzer kayak gini , maunya murah malu sama daerah yang gak ada internetnya ."", ""normal apanya min , udah beberapa hari mati nyala terus . hari ini ga tau udah berapa kali , ga ngitung saking seringnya"", ""masalahnya akun driver bisa bisanya kena bajak . tidak ada pilihan cancel , karena itu yang buat mbak ini ketipu , bang jek ! xxxnumberxxx ! xxxnumberxxx ! xxxnumberxxx ! xxxnumberxxx ! xxxnumberxxx !"", ""min , udh xxxnumberxxx hari ini saya mau gofood kok gak dapet driver terus ? apa aplikasi gojek lagi error ?"", ""udah di coba tapi masih ngga bisa . cek dm"", ""sampe kapan ini ? butuh internet banget""]",False,10,1895,12,True,41,0.99766624,informal,1,0.6776058077812195,0.7496327757835388,1693.177824054659,True,0.0
google/gemma-3-4b-it,formal,informal,dense,,fitur asuransi linkaja ada di nomor xxxnumberxxx . ayo ramaikan .,"""fitur asuransi linkaja ada di no . xxxnumberxxx""",True,56,4200028,42,"[""ikon fitur asuransi linkaja di nomor xxxnumberxxx"", ""ikon fitur asuransi linkaja di nomor xxxnumberxxx"", ""ikon fitur asuransi link aja di nomor xxxnumberxxx"", ""fitur asuransi linkaja ada di no . xxxnumberxxx"", ""asuransi link tersebut berada di posisi no xxxnumberxxx xxxuserxxx xxxuserxxx xxxuserxxx * xxxnumberxxx"", ""min ini gimana ya ? saya abis beli voucher xxxnumberxxx xxxnumberxxx k pake go points . pas dipake cuma dapet potongan xxxnumberxxx xxxnumberxxx k ?"", ""halo . dari xxxnumberxxx hari lalu saya mau bayar cc via mbanking tapi selalu keluar popup seperti ini kenapa ya ?"", ""halo mas / mba xxxuserxxx ini nomor halo saya udah xxxnumberxxx hari gak bisa dipake . rugi dong bayar tagihan doang tapi gak kepake ~"", ""gimana cara pengambilan paket datanya min xxxuserxxx ? sudah cek my telkomsel dan * xxxnumberxxx gak tersediaa ."", ""mengapa saya gagal beli paket flash sale ? maaf , kamu belum dapat melakukan registrasi paket ini . dapatkan penawaran terbaik di * xxxnumberxxx atau akses myim3""]",False,10,2024,16,True,49,0.73686606,informal,1,0.8447039127349854,0.8129119873046875,752.347643652083,False,0.0
google/gemma-3-4b-it,formal,informal,dense,,"kontak saja ke adminnya xxxuserxxx om , mungkin bisa dibantu .","“min, coba hubungin adminnya ya, xxxuserxxx, mungkin bisa bantu.”",False,58,4200029,42,"[""hai , xxxuserxxx tolong cek dm saya ya , thanks !"", ""halo xxxuserxxx sudah dibales kembali ya dmnya isi penjelasan saya . mohon dicek kembali . trims"", ""min , boleh minta info no puk untuk no xxxnumberxxx"", ""waduh jadi gimana nih xxxuserxxx tolong di tindak lanjuti ya !"", ""maaf min mau nanya apakah bener ini nomor dari gojek ? + xxxnumberxxx"", ""hi kak odi , apabila kamu memiliki pertanyaan mengenai pemesanan di lazada bisa langsung ke akun xxxuserxxx ya agar nanti dapat dibantu lebih lanjut ."", ""halo admin xxxuserxxx cek dm dong"", ""halo xxxuserxxx gimana ya caranya kontak driver utk kirim paket same day xxxnumberxxx hours ? sama sekali gabisa ngirim nih . makasih"", ""admin , kok dm saya belum di respon - respon ya ? sudah xxxnumberxxx hari nih min"", ""keluar update versi xxxnumberxxx . xxxnumberxxx kapan min ?""]",False,10,1837,20,True,65,0.9637202,informal,1,0.8230599164962769,0.8515431880950928,179.71905138754968,False,0.0
google/gemma-3-4b-it,formal,informal,dense,,"yang terhormat indosat , ini mengapa periksa paket isi voucher paket tidak bisa . tolong jawab . jangan jawab hanya hai hai hai kak terus .","“min, kok paket isi voucher gak bisa di-cek ya? tolong jawab dong, jangan cuma bilang ‘hai kak’ terus.”",False,60,4200030,42,"[""eyy min , ini kenapa sih indosat kok gabisa dipasang paket"", ""kak gimana nih saya daftar paket yellow gak bisa bisa"", ""saya beli voucher fisik indosat xxxnumberxxx gb unlimited , tapi gagal terus kenapa ya ?"", ""saya mau tanya , ini saya mau beli paket yellow kenapa sama xxxnumberxxx tidak direspon / tidak dibalas"", ""iya kak terimakasih . tapi tadi sudah datang ke galeri indosatnya langsung . sudah normal lagi"", ""mengapa saya gagal beli paket flash sale ? maaf , kamu belum dapat melakukan registrasi paket ini . dapatkan penawaran terbaik di * xxxnumberxxx atau akses myim3"", ""mohon dibantu sinyal indosatnya koq lemot bgt . baru daftar pket internet padahal ."", ""min kalau mau buat nomer kartu halo baru yang xxxnumberxxx itu bagaimana prosedur dan biayanya ?"", ""di my telkomsel muncul sperti itu kak"", ""malam , koneksi telkomsel semakin lama semakin buruk bukan membaik , sudah seminggu lebih seperti ini , jadi gmn solusi terbaik ?""]",False,10,2033,29,True,103,0.98852426,informal,1,0.6379269957542419,0.7901122570037842,93.33745779742212,False,0.0
google/gemma-3-4b-it,formal,informal,dense,,"baik , kak dewa . silahkan periksa dm kembali .",min cek dm saya lagi yaa,False,62,4200031,42,"[""selamat siang kak , mohon dicek saya mengirimkan dm . terimakasih"", ""halo kak admin , saya dm , mohon dicek makasi"", ""udah min , tolong cek dm ya"", ""min mohon cek dm , ditunggu responnya , makasih"", ""sudah saya dm min , mohon di cek"", ""mohon cek dm saya , terima kasih"", ""iya mbak ini belum terupdate , udah dm adminnua"", ""min cek dm saya lagi yaa"", ""sudah kak budi , tolong ditindak lanjuti yah . makasih"", ""min tolong cek dm ya . terima kasih""]",False,10,1447,7,False,24,0.9983967,informal,1,0.5544520616531372,0.6015713214874268,25309.861825162723,True,0.0
google/gemma-3-4b-it,formal,informal,dense,,coba saja pakai xxxuserxxx di mbd wan .,coba pake xxxuserxxx di mbd wan dong,False,64,4200032,42,"[""oo xxxuserxxx lagi eror . pntesan g bisa2 , dan aku harus ambil hotspot dr hp xxxnumberxxx nya yg pake xxxuserxxx lancar jaya , trimakasii"", ""ini sinyalnya knp ya skrg xxxuserxxx jelek bgtt"", ""nih xxxuserxxx lemot banget xxxnumberxxx g nya"", ""weey xxxuserxxx ini koneksinya dari semalem apa banget dah ."", ""lumayan buat nonton youtube . terimakasih xxxuserxxx rp xxxnumberxxx dapat xxxnumberxxx gb ."", ""tolong dong xxxuserxxx dari kmaren sore jaringan nya full tapi nggak nyambung ke internet padahal kuota dah lumayan banyak"", ""min xxxuserxxx utk memberantas ini bagaimana ?"", ""hai , xxxuserxxx tolong cek dm saya ya , thanks !"", ""tolong cek jb xxxphonexxx dr tgl xxxnumberxxx kok ga ada status lagi"", ""selamat pagi xxxuserxxx saya kan punya m - card dan xxxnumberxxx x - card , untuk free transactionnya apakah tiap kartu mendapat kuota masing - masing atau diakumulasikan dikedua kartu ?""]",False,10,1885,11,False,36,0.99872583,informal,1,0.9493142366409302,0.9030740261077881,36267.53282153671,True,0.0
google/gemma-3-4b-it,formal,informal,dense,,"mohon maaf atas kesalahan penyebutan nama ibu novi . untuk email ibu , akan kami tindaklanjuti . mohon kesediaannya menunggu . terima kasih . - toby","""mohon maaf atas kesalahannya min , email ibu novi akan kami tindaklanjuti . mohon kesedianya menunggu . terima kasih . - toby""",False,66,4200033,42,"[""min tolong cek dm ya . terima kasih"", ""selamat malam , tolong cek dm ya min , kiriman paket saya blm di kirim ."", ""baik min , sebentar lagi saya kirim lewat dm . terimakasih ."", ""min tolong cek dm ya . makasiih"", ""sudah saya dm . mohon di balas"", ""selamat siang kak , mohon dicek saya mengirimkan dm . terimakasih"", ""selamat siang min , saya minta bantuan untuk tracking paket . detail telah saya kirim via dm . terimakasih"", ""baik kak , ditunggu ya pick upnya . terima kasih atas perhatiannya ."", ""mohon cek dm saya , terima kasih"", ""hai , selamat sore . saya baru saja membeli kartu sim simpati . dan udah coba registrasi , tapi ga ada respon . tolong bantuannya .""]",False,10,1770,35,True,127,0.5654733,informal,1,0.9029258489608765,0.8511550426483154,85.01382355199986,False,0.0
google/gemma-3-4b-it,formal,informal,dense,,opini yang mana ? memang rokok itu mengerikan dan membunuh . titik .,"“rokok tuh emang parah dah bunuh , beneran . period.”",False,68,4200034,42,"[""masalahnya ngarak cuman ke gedung sebelah ya nggak kerasa lah el wkwkwkwk kecuali araknya dari gor unair ke pens , baru kerasa"", ""kalau kerja cuma jadi buzzer kayak gini , maunya murah malu sama daerah yang gak ada internetnya ."", ""kok aku ada disana si minum kopi"", ""ini perusahaan gede karena maling uang konsumen di tukar dgn paket inet sampah dan masih melakukan pencurian2 pulsa dgn konten2 malingnya"", ""btw , saya tadi habis makan es krim mochi rasa durian . dan itu enaak banget . klo es krim rasa buah cempedak belum ada kan ya ?"", ""buat apa nomer g bangsat ! l ngak liat tuch konsumen2 lain pun masalah yg sama kontol jgn berlagak conge dan tuli l goblok ."", ""min , minggu ini kok promo grab kaga ada sih . gw kaga bisa makan enak harga murah dong min . min , bantu dong wkwkwk ."", ""mau lah , gofood - in rich brian aja bisa . tolong xxxuserxxx bantu kak abigel yg ldr indonesia - rusia"", ""kenapa pulsa saya yang dipotong internetnya bukan quota saya ? dua kali lagi duh"", ""saldo kepotong tapi uang nggak keluar . ini udah kali kedua saya melakukan penarikan tunai di atm .""]",False,10,2106,18,True,53,0.98467505,informal,1,0.6722650527954102,0.6266659498214722,246.14866162236103,False,0.0
google/gemma-3-4b-it,formal,informal,dense,,mau pesan goclean mengapa tidak ada ?,"min, goclean gak ada kenapa sih?",True,70,4200035,42,"[""grabfood error , apakah saya harus beralih ke gofood ?"", ""min ada promo engga untuk pertama order go massage ?"", ""min , udh xxxnumberxxx hari ini saya mau gofood kok gak dapet driver terus ? apa aplikasi gojek lagi error ?"", ""kemana - mana pake grab dan pas lagi ada promo lebih cepet dari"", ""kalo beli ginian masa aktif ikut nambah gak bossku ? tks"", ""knp seharian ini nggak bisa order gocar di kota batu , jatim ?"", ""min , kmaren sy naik grab tp kok nda bisa bayar pake saldo gopay"", ""halo saya top up grab ovo lewat atm barusan tapi kok belum masuk ya ?"", ""grab ada kode promo utk grab send terbaru ga ? kok yg antarjkt eired ya"", ""kalau ajukan pembatalan dimana pesanan barang yg dibeli sudah dibayar dan bayarnya pakai kartu kredit . mekanisme pengembalian dananya bagaimana ya ?""]",False,10,1777,10,True,32,0.9972995,informal,1,0.8356251120567322,0.6565978527069092,3283.970322496039,True,0.0
google/gemma-3-4b-it,formal,informal,dense,,dari tadi susah tidak dapat pengemudi . mengapa ? membuat susah saja . ada respons pula ditanya .,"min, kok lama banget sih gak ada pengemudya? bikin kesel tau gak sih, terus jawabannya juga gak jelas.",False,72,4200036,42,"[""mas , mbak , respon mention saya dong . lambat banget deh pelayanannya ."", ""ini ngapa min kok gini dari sore tadi , dah ku setting lokasi masih sama aja , tolong dibantu dari sore lum makan"", ""min , tolong bantuannya . gojek instant nelponin saya terus nanya supaya diselesaikan transaksinya . biasanya otomatis kan ?"", ""kemana - mana pake grab dan pas lagi ada promo lebih cepet dari"", ""jp xxxphonexxx . paket gua kemana ! ni ngak ada tanggapan sekali setan . kurirnya tolol cs budeg"", ""ngak bisa bedain pertanyaan dgn komplain tolol . org idiot kok bisa di pake ama ini provider bangsat xl"", ""min tadi pesen grabfood , dan ga sengaja kepencet rating xxxnumberxxx cara baikinnya gimana ya ? kasian sama bapaknya ga tegaa"", ""tolong diajarin pengemudinya di jalan . ga ada bedanya sama angkot . cuk"", ""min , minggu ini kok promo grab kaga ada sih . gw kaga bisa makan enak harga murah dong min . min , bantu dong wkwkwk ."", ""admin grab yang baik hati , saya minta tolong cek dm ya . terima kasih .""]",False,10,2049,27,True,102,0.99764377,informal,1,0.42031189799308777,0.5637956857681274,130.8662158814031,False,0.0
google/gemma-3-4b-it,formal,informal,dense,,selamat malam . mohon infonya . apakah sedang ada gangguan di aplikasi mobile banking bni ?,"selamat malam admin , sy mau tanya ada gangguan gak ya bni mobile atmnya gak bisa dibuka",False,74,4200037,42,"[""hai admin , sy baru saja update apl bri mobile . saat may login internet banking knp muncul aktivasi ya ? bisa dibantu ?"", ""oh ya mandiri online , tolong min knp saat proses masuk baru tak dpt sms"", ""min maaf lagi gangguan apa gimana ? dari tadi ga konek internet terus"", ""maaf min no saya tidak bisa dipakai internet , nelpon dll . mohon ditanggapi dm saya"", ""barusan ada yg telfon saya dengan nomor ini . apakah ini benar dari halo bca ?"", ""saya melakukan pembukaan tabungan lewat bca mobile namun saat tahap untuk video call dengan customer service , selalu tidak bisa"", ""bca mobile udah berjalan dengan baik di android xxxnumberxxx per update hari ini . thanks"", ""selamat malam admin xxxuserxxx xxxuserxxx m - banking sedang ada gangguan kah ? kenapa sulit sekali untuk transfer"", ""halo min , cara cek riwayat pengisian pulsa gimana ya ?"", ""halo min saldo ovo ga muncul di grab , padahal nomor hp sudah sama . tolong cek dm ya min""]",False,10,1981,21,False,88,0.9985821,informal,1,0.8162165880203247,0.6525525450706482,338.11697461956066,False,0.0
google/gemma-3-4b-it,formal,informal,dense,,"admin , mohon bantuannya . tolong periksa dm saya . terima kasih .","min, tolong cek dm ya. terima kasih.",False,76,4200038,42,"[""min tolong cek dm ya . terima kasih"", ""selamat siang min , saya minta bantuan untuk tracking paket . detail telah saya kirim via dm . terimakasih"", ""min tolong cek dm ya . makasiih"", ""selamat malam , tolong cek dm ya min , kiriman paket saya blm di kirim ."", ""hai , selamat sore . saya baru saja membeli kartu sim simpati . dan udah coba registrasi , tapi ga ada respon . tolong bantuannya ."", ""selamat siang , mohon bantuannya untuk di follow up admin , karena saya butuh untuk segera dikirimkan , terima kasih"", ""sudah saya proses lewat email juga , tolong di percepat saja melalui emailnya . thx ."", ""admin grab yang baik hati , saya minta tolong cek dm ya . terima kasih ."", ""baik min , sebentar lagi saya kirim lewat dm . terimakasih ."", ""mohon cek dm saya , terima kasih""]",False,10,1798,12,True,36,0.99233127,informal,1,0.8253952264785767,0.7854098081588745,197.60510469142554,False,0.0
google/gemma-3-4b-it,formal,informal,dense,,"berkat dana xxxuserxxx , beli pulsa total xxxnumberxxx bayarnya cukup xxxnumberxxx . pulsa xxxnumberxxx langsung saya pakai untuk membeli paket data telkomsel xxxnumberxxx xxxnumberxxx gb .","min, dana xxxuserxxx, beli pulsa total xxxnumberxxx bayarnya cukup xxxnumberxxx. pulsa xxxnumberxxx langsung saya pake buat beli paket data telkomsel xxxnumberxxx xxxnumberxxx gb.",False,78,4200039,42,"[""pulsa saya terakhir xxxnumberxxx xxxnumberxxx xxxnumberxxx xxxnumberxxx xxxnumberxxx an , terus isi ulang xxxnumberxxx . kenapa skrg jumlahnya hanya xxxnumberxxx ya ? nomer xxxnumberxxx"", ""tolong hentikan sms xxxnumberxxx ke nomor saya . xxxnumberxxx . mengurangi pulsa saya ."", ""ini xxxuserxxx kenapa ya udah xxxnumberxxx x top up ga masuk2 saldonya ?"", ""pagi admin , paket saya dari shopee dengan kode xxxnumberxxx xxxnumberxxx xxxnumberxxx xxxnumberxxx xxxnumberxxx xxxnumberxxx xxxnumberxxx xxxnumberxxx xxxnumberxxx xxxnumberxxx xxxnumberxxx r04b tidak kebaca nomor resinya , mohon dibantu ya . dari hari jumat masih ngendep di jne malang"", ""min ini gimana ya ? saya abis beli voucher xxxnumberxxx xxxnumberxxx k pake go points . pas dipake cuma dapet potongan xxxnumberxxx xxxnumberxxx k ?"", ""min infonya klo upgrade simcard ke xxxnumberxxx g dapet bonus xxxnumberxxx . xxxnumberxxx gg selama xxxnumberxxx bulan . yaa"", ""transaksi xxxnumberxxx sudah diterima tgl xxxnumberxxx jam xxxnumberxxx siang harap segera diremit dananya"", ""permisi admin bukalapak mohon konfirmasi top up dana saya sebesar rp xxxnumberxxx . xxxnumberxxx berikut bukti pembayaran terimakasih"", ""no transaksi saya xxxnumberxxx . saya udah nunggu xxxnumberxxx hr dana ga balik2 . duit nya ga sedikit . tanggung jawab dong dana org kok di tahan2 !"", ""gak ada balasan sampai sekarang . apa karena cuma terpotong xxxnumberxxx xxxnumberxxx ribu aja ?""]",False,10,2568,43,True,179,0.9948808,informal,1,0.9695886969566345,0.9403789639472961,88.78984941302065,False,0.0
google/gemma-3-4b-it,formal,informal,dense,,apakah paket bhyplastic saya akan dilanjut otomatis apabila telah isi pulsa ?,"min, paket bhyplastic kalo pulsa udah diisi, otomatis lanjut gak ya?",False,80,4200040,42,"[""kartu sim card xl saya sudah hilang dan saya ingin mengaktifasi nomor xl saya apakah bisa ? caranya bagaimana ?"", ""min kalau mau buat nomer kartu halo baru yang xxxnumberxxx itu bagaimana prosedur dan biayanya ?"", ""halo min saldo ovo ga muncul di grab , padahal nomor hp sudah sama . tolong cek dm ya min"", ""min , cara menambah masa aktif kartu loop gmna ?"", ""satu lagi min , saya aktifin paket ig loop xxxnumberxxx gb xxxnumberxxx kali tp knp malah ga diakumulasi jumlahnya , pulsa udh kesedot xxxnumberxxx xxxnumberxxx rb"", ""min top up di aplikasi ovo kok gabisa nyambung di ovonya grab si . padahal nomornya udah samaa )"", ""dear indosat , sy mau isi paketan , tetapi kenapa tidak bisa ya , sudah sejak jam xxxnumberxxx tadi , pulsa sdh masuk tapi tdk bisa aktip"", ""limit transfer dr bca ke bank lain per hari brp ya via klikbca ?"", ""halo min , cara cek riwayat pengisian pulsa gimana ya ?"", ""ka paket no resi ini xxxnumberxxx udah sampai dimana ya ?""]",False,10,1985,17,True,68,0.99699926,informal,1,0.7457223534584045,0.8398057222366333,3277.9470645622177,True,0.0
google/gemma-3-4b-it,formal,informal,dense,,"kalau chips - nya rusak , memang masih bisa diisi saldo ? masih bisa terdeteksi ketika memeriksa sisa saldo ?","chipnya rusak, bs diisi saldo gak ya? sisa saldo masih keliatan pas cek gak?",False,82,4200041,42,"[""virtual acc bca lagi eror min ?"", ""saya kirim uang , kenapa tidak masuk ? padahal status berhasil dan saldo sya terpotong"", ""saya udh topup gopay , kenapaa saldo saya tidak bertambah ?"", ""saya barusan isi saldo gopay tapi ga masuk ?"", ""udah di coba tapi masih ngga bisa . cek dm"", ""akun sy disuspend gara2 saya cancel terus . padahal saya buru2 dan dapatnya driver ganjil terus di hari yang genap . mohon dm saya ya"", ""pengembalian saldo karena gagal penarikan membutuhkan waktu berapa lama ya ? saya sudah laporan xxxnumberxxx hari kerja sampai skr masih proses ditindak lanjuti terus"", ""saya mau tanya , apa nomor rekening yan sudah tidak di tambah saldo selama xxxnumberxxx tahun masih aktif / di gunakan"", ""ini wishlist saya kok ilang ? tapi pas liat per item masih ada tanda hati wishlist nya aktif"", ""bang xxxuserxxx , \"" gagal memuat saldo \"" ini gimana yak mksdnya ? jadinya gk bisa dipake transaksi soalnya ,""]",False,10,1980,20,True,76,0.995924,informal,1,0.7710229754447937,0.8878806233406067,689.2943361942675,False,0.0
google/gemma-3-4b-it,formal,informal,dense,,hi . mohon maaf atas ketidaknyamanannya . kamu bisa mengirim pesan nomor dan pertanyaan terkait melalui twitter xxxuserxxx agar dapat dibantu ditindaklanjuti . semoga cukup membantu . terima kasih .,"halo xxxuserxxx , mohon balas dm ya , untuk menindaklanjuti pertanyaan kamu . terima kasih .",False,84,4200042,42,"[""halo xxxuserxxx sudah dibales kembali ya dmnya isi penjelasan saya . mohon dicek kembali . trims"", ""baik min , sebentar lagi saya kirim lewat dm . terimakasih ."", ""selamat siang , mohon bantuannya untuk di follow up admin , karena saya butuh untuk segera dikirimkan , terima kasih"", ""selamat siang xxxuserxxx saya ingin menghapus akun gojek saya , mohon bantuannya . terimakasih"", ""hallo min selamat pagi , no resi jp xxxphonexxx diperkiran bakal diterima hari ini . tapi malah di disimpan kalau ada alamat yang salah tolong diinfo kan ."", ""selamat siang min , saya minta bantuan untuk tracking paket . detail telah saya kirim via dm . terimakasih"", ""hai , xxxuserxxx tolong cek dm saya ya , thanks !"", ""admin grab yang baik hati , saya minta tolong cek dm ya . terima kasih ."", ""halo xxxuserxxx gimana ya caranya kontak driver utk kirim paket same day xxxnumberxxx hours ? sama sekali gabisa ngirim nih . makasih"", ""sudah saya dm . mohon di balas""]",False,10,2101,24,True,92,0.038482744,formal,0,0.8030058741569519,0.7407209873199463,170.7430993328099,False,0.0
google/gemma-3-4b-it,formal,informal,dense,,bagaimana cara menghapus akun gojek ? terima kasih .,"halo min, mau tanya gimana cara hapus akun gojek dong? makasih.",False,86,4200043,42,"[""hi , admin . mohon bantuan untuk hapus akun gojek saya yg lama ? terimakasih ."", ""selamat siang xxxuserxxx saya ingin menghapus akun gojek saya , mohon bantuannya . terimakasih"", ""untungnya aku download aplikasi gojek hihiiw terimakasih"", ""selamat malam ingin bertanya cara mengenai pendaftaran produk di gojek gmn ya ?"", ""halo min , saya mau mengnonaktifkan akun gojek saya mohon dicek dmnya . sedih nih udah dari kemarin nge - mention ga di respon"", ""min , udh xxxnumberxxx hari ini saya mau gofood kok gak dapet driver terus ? apa aplikasi gojek lagi error ?"", ""halo gojek tolong masalah di selesai kan . dan xxxuserxxx sy udah follow up lg ya ini ."", ""driver ybs gak ditelusuri pihak gojek mba ?"", ""bisa jadi admin grabnya salah ketik ."", ""min , tolong bantuannya . gojek instant nelponin saya terus nanya supaya diselesaikan transaksinya . biasanya otomatis kan ?""]",False,10,1876,18,True,63,0.99644876,informal,1,0.8397537469863892,0.841449499130249,155.86767588192387,False,0.0
google/gemma-3-4b-it,formal,informal,dense,,jaringan di kota malang hari ini melambat .,“Jaringan di Malang hari ini lemot banget min?”,False,88,4200044,42,"[""min ini kenapa jaringan di karawaci gangguan terus ?"", ""tolong dong xxxuserxxx dari kmaren sore jaringan nya full tapi nggak nyambung ke internet padahal kuota dah lumayan banyak"", ""kotak masuk tidak penuh dan jaringan cukup stabil ."", ""tolong diperbaikan jaringan internet di cilacap yang sangat lemot"", ""parah app grab lemot abis sekarang"", ""apakah indosat daerah medan mengalami gangguan min ?"", ""sama masih jg jaringan naik turun"", ""kenapa ya ko sinyalnya jelek bgt ini"", ""malam , koneksi telkomsel semakin lama semakin buruk bukan membaik , sudah seminggu lebih seperti ini , jadi gmn solusi terbaik ?"", ""kenapa sinyalnya kalau malam jelek mulu sihh""]",False,10,1653,13,True,47,0.9961029,informal,1,0.7909184694290161,0.7429200410842896,240.72747061722436,False,0.0
google/gemma-3-4b-it,formal,informal,dense,,"admin , koneksi internet indosat setiap malam akhir - akhir ini jeleknya keterlaluan . mohon untuk segera ditindaklanjuti permasalahan ini , karena sangat merugikan kami sebagai pengguna .","admin, koneksi indosat tiap malem udah parah banget, bener-bener keterlaluan. mohon segera ditindak, ini rugi banget buat kita pengguna.",False,90,4200045,42,"[""malam , koneksi telkomsel semakin lama semakin buruk bukan membaik , sudah seminggu lebih seperti ini , jadi gmn solusi terbaik ?"", ""minn ini kepadah lemot bgt indosat ngeload video twitter lama betul"", ""min maaf lagi gangguan apa gimana ? dari tadi ga konek internet terus"", ""mohon dibantu sinyal indosatnya koq lemot bgt . baru daftar pket internet padahal ."", ""maaf min no saya tidak bisa dipakai internet , nelpon dll . mohon ditanggapi dm saya"", ""tolong dong xxxuserxxx dari kmaren sore jaringan nya full tapi nggak nyambung ke internet padahal kuota dah lumayan banyak"", ""iya kak terimakasih . tapi tadi sudah datang ke galeri indosatnya langsung . sudah normal lagi"", ""semakin buruk , langganan paket aja gak berguna , karena sinyalnya yang makin hari makin parah buruknya"", ""bang / mpok xxxuserxxx , indosat ngapah uploadnya jelek banget si . diomelin mulu ini main counter - strike"", ""waduhh emg indosat bermasalah mulu nih , mana pulsa suka kesedot tbtb . ingin rasanya ganti provider sj""]",False,10,2141,37,True,136,0.99081856,informal,1,0.7341959476470947,0.9242532253265381,40.65794373949687,False,0.0
google/gemma-3-4b-it,formal,informal,dense,,"admin , boleh tau detail dan harga paket yang xxxnumberxxx bulan ?","min, detail harga paket bulan ke-xxxnumberxxx dong?",False,92,4200046,42,"[""min , boleh minta info no puk untuk no xxxnumberxxx"", ""ka paket no resi ini xxxnumberxxx udah sampai dimana ya ?"", ""malam , mohon info paket saya sejak tanggal xxxnumberxxx tertahan dgn status itu . blm terkirim sampai sekarang , ada apa ya ?"", ""mohon info status delivery no resi jd xxxphonexxx tujuan medan , ya min . karena masih belum diterima . paket dikirim dari bandung , tanggal xxxdatexxx . thx"", ""min kalo mau transfer pulsa ke telkomsel bisa ga cuma xxxnumberxxx ribu gitu"", ""paket saya sampai mana ya ? resi xxxnumberxxx . thx"", ""xxxnumberxxx min mhn di bantu update stt histori pengiriman ."", "". ada apa dengan kurir pos . sampai saat ini belum juga update ongkir nya . padahal sudah dari tgl . xxxdatexxx sudah berlaku tarif baru ."", ""malam kak . paketan saya resi xxxnumberxxx sdh xxxnumberxxx hr kok ga berubah ubah statusnya kak ?"", ""halo . paket saya dengan no resi xxxnumberxxx tidak ada pergerakan dari kemarin . tolong konfirmasi nya""]",False,10,1976,14,True,51,0.99509037,informal,1,0.8540529608726501,0.8220331072807312,4135.687224345943,True,0.0
google/gemma-3-4b-it,formal,informal,dense,,kembalikan pulsa saya . terpakai terus .,"tolong dong kembalikan pulsa saya , terus terpakai terus .",False,94,4200047,42,"[""saya beli voucher fisik indosat xxxnumberxxx gb unlimited , tapi gagal terus kenapa ya ?"", ""min ini kenapa y , pulsa tiba2 ilang . paketan internet masih byk tp pulsa kesedot trs . mohon follow up nya !"", ""kenapa pulsa saya yang dipotong internetnya bukan quota saya ? dua kali lagi duh"", ""sudah min . tolong dong . beli token listrik mah lancar"", ""selamat malam xxxuserxxx mau tanya , kenapa bonus kuota aplikasi nya gak bisa di pake ? malah kesedot terus kuota utama nya . terimakasih"", ""sore min , ini ada keluhan nomer saya pulsa kesedot terus , padahal tidak berlangganan paket apapun . tolong di cek min + xxxnumberxxx xxxnumberxxx - xxxnumberxxx - xxxnumberxxx"", ""tolong hentikan sms xxxnumberxxx ke nomor saya . xxxnumberxxx . mengurangi pulsa saya ."", ""toped sudah tidak bisa cicilan lagi ?"", ""aku pelanggan yg pulsanya suka tiba tiba ilang"", ""saya kirim uang , kenapa tidak masuk ? padahal status berhasil dan saldo sya terpotong""]",False,10,1935,16,True,58,0.08820926,formal,0,0.9105586409568787,0.8494682312011719,160.3705366569088,False,0.0
google/gemma-3-4b-it,formal,informal,dense,,"tidak sampai , admin . saya tahu mbaknya penipu .","""apaan sih admin , gak ada respon malah . tau sendiri kan mbaknya kena penipuan!""",False,96,4200048,42,"[""mas , mbak , respon mention saya dong . lambat banget deh pelayanannya ."", ""sama kayak saya pak paket saya gak saya terima claim gak jelas kapan hasilnya , jangan tunggu ini menyebar ya !"", ""tolong xxxuserxxx ini di proses , modus penipuan"", ""selamat malam , admin . saya ingin melaporkan penipuan online yang terjadi pada saya kemarin , bisa di proses tidak ya ? terima kasih atas perhatiannya ."", ""udah xxxnumberxxx hari say . template csnya sih suruh nunggu terus xxxnumberxxx x24 jam . tp ga pernah dibalik2in uangnya ."", ""pengembalian saldo karena gagal penarikan membutuhkan waktu berapa lama ya ? saya sudah laporan xxxnumberxxx hari kerja sampai skr masih proses ditindak lanjuti terus"", ""masalahnya akun driver bisa bisanya kena bajak . tidak ada pilihan cancel , karena itu yang buat mbak ini ketipu , bang jek ! xxxnumberxxx ! xxxnumberxxx ! xxxnumberxxx ! xxxnumberxxx ! xxxnumberxxx !"", ""oh ya mandiri online , tolong min knp saat proses masuk baru tak dpt sms"", ""ya ampun semoga cepet masuk ya ka saldonya . xxxuserxxx min cepet ditindaklanjutin dong masalahnya"", ""bos hari keberapa ini ga masuk2 kuota saya , sudah cukup sabar ya bos !""]",False,10,2155,22,True,81,0.99689937,informal,1,0.7986850142478943,0.5429452657699585,223.64765614778898,False,0.0
google/gemma-3-4b-it,formal,informal,dense,,"selamat malam , admin . saya memasang paket malam dan paketnya aktif ketika saya menghidupkan data . mengapa pulsa saya hilang ?","“admin, selamat malam. paket malam saya hilang pulsa, kok? kenapa ya? pas nyalain data, paketnya aktif.”",False,98,4200049,42,"[""kartu sim card xl saya sudah hilang dan saya ingin mengaktifasi nomor xl saya apakah bisa ? caranya bagaimana ?"", ""maaf min no saya tidak bisa dipakai internet , nelpon dll . mohon ditanggapi dm saya"", ""mohon dibantu sinyal indosatnya koq lemot bgt . baru daftar pket internet padahal ."", ""dear indosat , sy mau isi paketan , tetapi kenapa tidak bisa ya , sudah sejak jam xxxnumberxxx tadi , pulsa sdh masuk tapi tdk bisa aktip"", ""min maaf lagi gangguan apa gimana ? dari tadi ga konek internet terus"", ""tolong bantu , kenapa nomor simpati saya tidak bisa menerima sms dari nomor tri , padahal ditelpon bisa ."", ""saya beli voucher fisik indosat xxxnumberxxx gb unlimited , tapi gagal terus kenapa ya ?"", ""baiklah , terimakasih . tapi saya kan tidak sedang berlangganan apa - apa tapi kenapa pulsa saya kesedot ya min ? kira - kira bagaimana ya mengeceknya ? sebelumnya tidak pernah"", ""admin , ketika mau cek tagihan listrik , kenapa tidak bisa ? muncul pesan dibawah"", ""hai , selamat sore . saya baru saja membeli kartu sim simpati . dan udah coba registrasi , tapi ga ada respon . tolong bantuannya .""]",False,10,2185,28,True,104,0.73353,informal,1,0.8847557306289673,0.8890557289123535,97.37698764251878,False,0.0
google/gemma-3-4b-it,formal,informal,dense,,mengapa malah tambah lambat jaringan saya ?,"min , kenapa jaringan lemot gt ya ? bikin kesel banget dah",False,100,4200050,42,"[""mohon dibantu sinyal indosatnya koq lemot bgt . baru daftar pket internet padahal ."", ""min , kenapa jaringan idup mati terus ya ? kudu pindah2 apn baru konek ."", ""kenapa pulsa saya yang dipotong internetnya bukan quota saya ? dua kali lagi duh"", ""min maaf lagi gangguan apa gimana ? dari tadi ga konek internet terus"", ""saya pakai xl prioritas kok lemotnya minta ampun ya ? padahal dulu kenceng bangett , apa lagi ada maintenance ?"", ""internet saya lemot sekali , apa ada yg salah dgn jaringan dsni ? atau karna paket data saya yg truble ?"", ""di kebo sirih sinyal bolak balik e terus nih berhari2 . lagi ga stabil apa gimana sih ?"", ""tolong dong jaringan , kerjaan jadi gabener gara gara jaringan dari semalem lemot"", ""malam , koneksi telkomsel semakin lama semakin buruk bukan membaik , sudah seminggu lebih seperti ini , jadi gmn solusi terbaik ?"", ""kak indosat baru troble ato gmn ya ? kok kartu saya gk ada sinyal""]",False,10,1916,14,False,58,0.998601,informal,1,0.6865358352661133,0.670905351638794,697.8523086982377,False,0.0
google/gemma-3-4b-it,formal,informal,dense,,"admin , pembelian token pln apa ada kendala ? ini belum masuk sudah xxxnumberxxx jam lebih .","admin , pembelian token pln kok lama banget ya? udah xxxnumberxxx jam lebih nih belum masuk.",False,102,4200051,42,"[""admin , ketika mau cek tagihan listrik , kenapa tidak bisa ? muncul pesan dibawah"", ""admin , kok dm saya belum di respon - respon ya ? sudah xxxnumberxxx hari nih min"", ""malam , mohon info paket saya sejak tanggal xxxnumberxxx tertahan dgn status itu . blm terkirim sampai sekarang , ada apa ya ?"", ""isi pulsa jam xxxnumberxxx siang saldo dana udah kepotong tapi pulsa belum masuk ?"", ""tadi saya topup ke shopee pay , sudah berhasil tapi kok di aplikasi tetep xxxnumberxxx ya ? tolong baca dm saya ya . terimakasih"", ""paket saya sampai mana ya ? resi xxxnumberxxx . thx"", ""no . transaksi xxxnumberxxx barang belum dikirim melebihi batas kirim , dana belum masuk ke saldo bl saya ."", ""sore min , ini ada keluhan nomer saya pulsa kesedot terus , padahal tidak berlangganan paket apapun . tolong di cek min + xxxnumberxxx xxxnumberxxx - xxxnumberxxx - xxxnumberxxx"", ""ka paket no resi ini xxxnumberxxx udah sampai dimana ya ?"", ""udah xxxnumberxxx menit stuck gini terus , padahal koneksi internet saya normal . tolong di bantu""]",False,10,2071,22,True,92,0.9975552,informal,1,0.9026197195053101,0.8700514435768127,640.6824592584678,False,0.0
google/gemma-3-4b-it,formal,informal,dense,,sudah sudah sampai mana ? masa ke bintara saja tidak sampai - sampai ? tolong follow up .,“udah sampai mana nih? ke Bintara kok gak sampe sampe ya? tolong di-follow up dong.”,False,104,4200052,42,"[""ini min minta tolong di cek sudah sampe mana . masa sudah xxxnumberxxx minggu blm sampe . tolong banget min di update smp mana"", ""malam , mau komplain . paket statusnya sudah sampai . tapi saya belum terima paket . mohon bantuannya . terima kasih ."", "". ada apa dengan kurir pos . sampai saat ini belum juga update ongkir nya . padahal sudah dari tgl . xxxdatexxx sudah berlaku tarif baru ."", ""baiklah , terimakasih . tapi saya kan tidak sedang berlangganan apa - apa tapi kenapa pulsa saya kesedot ya min ? kira - kira bagaimana ya mengeceknya ? sebelumnya tidak pernah"", ""tetap tidak bisa min , nomor kartu kredit yg saya masukan sdh benar . tetapi tetap tidak bisa klik tombol continue . saya udah ulang berkali2 ."", ""pengembalian saldo karena gagal penarikan membutuhkan waktu berapa lama ya ? saya sudah laporan xxxnumberxxx hari kerja sampai skr masih proses ditindak lanjuti terus"", ""sama kayak saya pak paket saya gak saya terima claim gak jelas kapan hasilnya , jangan tunggu ini menyebar ya !"", ""paket saya sampai mana ya ? resi xxxnumberxxx . thx"", ""pagi min , ini saya top up pulsa ko gagal terus ya . itu kenapa ya min ?"", ""hallo min selamat pagi , no resi jp xxxphonexxx diperkiran bakal diterima hari ini . tapi malah di disimpan kalau ada alamat yang salah tolong diinfo kan .""]",False,10,2337,27,True,84,0.998164,informal,1,0.8619226217269897,0.7022374868392944,44.9126266001085,False,0.0
google/gemma-3-4b-it,formal,informal,dense,,jaringan xxxuserxxx tertutup kabut . tidak bisa terhubung .,"jaringan xxxuserxxx lemot banget , gak bisa terhubung sih.",False,106,4200053,42,"[""gimana cara pengambilan paket datanya min xxxuserxxx ? sudah cek my telkomsel dan * xxxnumberxxx gak tersediaa ."", ""ini masih gangguan sinyal xxxnumberxxx g ga bisa aktif datanya ?"", ""oo xxxuserxxx lagi eror . pntesan g bisa2 , dan aku harus ambil hotspot dr hp xxxnumberxxx nya yg pake xxxuserxxx lancar jaya , trimakasii"", ""nih xxxuserxxx lemot banget xxxnumberxxx g nya"", ""xxxuserxxx , min kenapa paket tau di mytelkomsel saya cuma muncul xxxnumberxxx ? ( cuma heavy )"", ""pake wipi ( vsat . seluler mati udah mau xxxnumberxxx minggu"", ""selamat malam admin xxxuserxxx xxxuserxxx m - banking sedang ada gangguan kah ? kenapa sulit sekali untuk transfer"", ""iya . pdhl sisa kuota masih cukuplah . xxxnumberxxx g + padahal"", ""tolong dong xxxuserxxx dari kmaren sore jaringan nya full tapi nggak nyambung ke internet padahal kuota dah lumayan banyak"", ""selamat pagi xxxuserxxx saya kan punya m - card dan xxxnumberxxx x - card , untuk free transactionnya apakah tiap kartu mendapat kuota masing - masing atau diakumulasikan dikedua kartu ?""]",False,10,2051,16,True,58,0.99705195,informal,1,0.7375286221504211,0.8374731540679932,1008.8788887188862,True,0.0
google/gemma-3-4b-it,formal,informal,dense,,admin xxxuserxxx perlu dicontoh anak baik yang bekelnya selalu habis !,"“admin xxxuserxxx, liat tuh anak baik yg bekelnya abis duit, gmn tuh?”",False,108,4200054,42,"[""nih xxxuserxxx lemot banget xxxnumberxxx g nya"", ""salah satu cerdikiawan tapi sayang memakai plastik . gmn nih ? xxxuserxxx & ibu"", ""min xxxuserxxx utk memberantas ini bagaimana ?"", ""gapaham dengan keneeqmatan awal bulan ini , terima kasih xxxuserxxx makan siang saya hari ini cuma keluar seribu gopek"", ""ujan , ilang sinyalnya xxxuserxxx . ujan , mati lah dia xxxuserxxx kompak ya"", ""sering² gini ya xxxuserxxx biar makin sayang aku nya"", ""belinya pake xxxuserxxx dapet cashback xxxpercentxxx lumayan dapat kopi gratisan"", ""tolong ditindak lanjuti penipuan baru min xxxuserxxx nomor tidak dikenal , sangat berbahaya , org yg gk tau pasti lgsg menurut apalagi fitur baru"", ""ah parah bgt xxxuserxxx tapi baik kok selalu kasih diskon )"", ""sekencang - kencangnya mantan gebet cewek baru abis putus , lebih kencang lagi admin twitter xxxuserxxx dan tim kreatifnya memanfaatkan konten viral dengan menjadikannya konten marketing .""]",False,10,1951,25,True,70,0.99497414,informal,1,0.6313785314559937,0.7332907915115356,216.41610956676723,False,0.0
google/gemma-3-4b-it,formal,informal,dense,,tolong cek dm dari saya . terima kasih .,min tolong cek dm ya . terima kasih,True,110,4200055,42,"[""mohon cek dm saya , terima kasih"", ""min tolong cek dm ya . terima kasih"", ""min tolong cek dm ya . makasiih"", ""baik min , sebentar lagi saya kirim lewat dm . terimakasih ."", ""sudah saya dm . mohon di balas"", ""selamat siang kak , mohon dicek saya mengirimkan dm . terimakasih"", ""sudah saya dm min , mohon di cek"", ""selamat siang min , saya minta bantuan untuk tracking paket . detail telah saya kirim via dm . terimakasih"", ""selamat malam , tolong cek dm ya min , kiriman paket saya blm di kirim ."", ""min mohon cek dm , ditunggu responnya , makasih""]",False,10,1542,10,False,35,0.9975114,informal,1,0.884738564491272,0.8558493852615356,1101.737675190128,True,0.0
google/gemma-3-4b-it,formal,informal,dense,,"admin , tolong . mengapa paket xxxnumberxxx xxxnumberxxx gb yang xxxnumberxxx ribunya hilang ?","admin, kok paket xxxnumberxxx xxxnumberxxx gb yang udah bayar xxxnumberxxx ribu nya hilang ya?",False,112,4200056,42,"[""saya beli voucher fisik indosat xxxnumberxxx gb unlimited , tapi gagal terus kenapa ya ?"", ""pulsa saya terakhir xxxnumberxxx xxxnumberxxx xxxnumberxxx xxxnumberxxx xxxnumberxxx an , terus isi ulang xxxnumberxxx . kenapa skrg jumlahnya hanya xxxnumberxxx ya ? nomer xxxnumberxxx"", ""gimana cara pengambilan paket datanya min xxxuserxxx ? sudah cek my telkomsel dan * xxxnumberxxx gak tersediaa ."", ""besok ada surprise deal xxxnumberxxx xxxnumberxxx gb lagi gak ? saya mau beli"", ""gak ada balasan sampai sekarang . apa karena cuma terpotong xxxnumberxxx xxxnumberxxx ribu aja ?"", ""xxxnumberxxx hari xxxnumberxxx gb yutup , cuma berkurang xxxnumberxxx xxxnumberxxx mb , krn emang ga jalan , loading aja terus . emosi djiwa"", ""kak , tadi coba mau beli pulsa telkomsel xxxnumberxxx xxxnumberxxx xxxnumberxxx k , tapi koq dibatalkan mulu ya ? apa stok nya lagi kosong ?"", ""min infonya klo upgrade simcard ke xxxnumberxxx g dapet bonus xxxnumberxxx . xxxnumberxxx gg selama xxxnumberxxx bulan . yaa"", ""telat bayar wifi pas mau bayar jadi xxxnumberxxx ribu"", ""jp xxxphonexxx min tolong dong ini paket saya ga nyampe nyampe , padahal ngirim sesama jakarta bisa xxxnumberxxx harian .""]",False,10,2222,23,True,94,0.9886331,informal,1,0.9205403327941895,0.9244366884231567,396.7363981539843,False,0.0
google/gemma-3-4b-it,formal,informal,dense,,lama sekali ini ! barang belum sampai ! resi : xxxnumberxxx .,"""lama banget sih ini! barangnya kok belum sampai ya? resi: xxxnumberxxx.""",True,114,4200057,42,"[""paket saya sampai mana ya ? resi xxxnumberxxx . thx"", ""malam , mau komplain . paket statusnya sudah sampai . tapi saya belum terima paket . mohon bantuannya . terima kasih ."", ""ka paket no resi ini xxxnumberxxx udah sampai dimana ya ?"", ""malam , mohon info paket saya sejak tanggal xxxnumberxxx tertahan dgn status itu . blm terkirim sampai sekarang , ada apa ya ?"", "". ada apa dengan kurir pos . sampai saat ini belum juga update ongkir nya . padahal sudah dari tgl . xxxdatexxx sudah berlaku tarif baru ."", ""no . transaksi xxxnumberxxx barang belum dikirim melebihi batas kirim , dana belum masuk ke saldo bl saya ."", ""selamat malam , tolong cek dm ya min , kiriman paket saya blm di kirim ."", ""min , kalau sudah melewati estimasi pengiriman , tapi barang blum smpe gimana ya . ."", ""halo . paket saya dengan no resi xxxnumberxxx tidak ada pergerakan dari kemarin . tolong konfirmasi nya"", ""mau tanya no pesanan xxxnumberxxx kapan dikirimnya ya ? dari kemarin masih pengemasan blm berubah""]",False,10,2006,20,True,73,0.99369603,informal,1,0.9186119437217712,0.8180632591247559,165.39316892675538,False,0.0
google/gemma-3-4b-it,formal,informal,dense,,"admin . resi xxxnumberxxx , posisinya sudah di mana ?","admin, paket resi xxxnumberxxx udah di mana nih?",False,116,4200058,42,"[""ka paket no resi ini xxxnumberxxx udah sampai dimana ya ?"", ""paket saya sampai mana ya ? resi xxxnumberxxx . thx"", ""halo . paket saya dengan no resi xxxnumberxxx tidak ada pergerakan dari kemarin . tolong konfirmasi nya"", ""min tolong di bantu cek resi xxxnumberxxx , sudah xxxnumberxxx hari ndak ada pergerakan ."", ""admin , kok dm saya belum di respon - respon ya ? sudah xxxnumberxxx hari nih min"", ""maaf min mau nanya apakah bener ini nomor dari gojek ? + xxxnumberxxx"", ""paket dengan resi xxxnumberxxx bagaimana ya kabarnya ? kok statusnya ga berubah ya ? kan yes"", ""paket saya dgn resi xxxnumberxxx knp stuck dan belum dikirimkan dr tgl xxxnumberxxx ?"", ""halo admin , mohon dicek untuk paket dengan nomor resi dibawah ini . sudah xxxnumberxxx hari masih disitu2 aja . urgent soalnya . thank you ."", ""malam , mohon info paket saya sejak tanggal xxxnumberxxx tertahan dgn status itu . blm terkirim sampai sekarang , ada apa ya ?""]",False,10,1939,13,True,48,0.99391645,informal,1,0.922512412071228,0.8320532441139221,2553.6140560646213,True,0.0
google/gemma-3-4b-it,formal,informal,dense,,pastinya masih ditunggu nih kejutannya selalu on . pokoknya lihat timelinenya .,"halo min , udah pantau timeline nih , ditunggu kejutannya yaa!",True,118,4200059,42,"[""halo ini gimana gak bisa di dm . udah follow akunnya juga"", ""min mohon cek dm , ditunggu responnya , makasih"", ""iya mbak ini belum terupdate , udah dm adminnua"", ""haloo min tolong cek dm yaa makasih ^ ^"", ""yuk pantau timeline smartfren terus ya jangan lupa follow xxxuserxxx juga yah kak . terima kasih sobat setia smartfren . via"", ""ditunggu loh penyelesaian kasusnya . cek dm . trims"", ""mas , mbak , respon mention saya dong . lambat banget deh pelayanannya ."", ""belum ada konfirmasi lagi kah min ?"", ""haahh ? sekarang mainnya gitu yaa ? pesimis dapet promonya lagi deh klo modelnya gitu . paling baru pake pas malem buat makan malem soalnya"", ""manteb nih , jadi makin yahut penjualannya""]",False,10,1724,17,True,62,0.9983164,informal,1,0.7284908294677734,0.6237319111824036,688.8790083937972,False,0.0
google/gemma-3-4b-it,formal,informal,dense,,mengapa nomor saya tidak bisa didaftarkan paket data ? nomor + xxxnumberxxx .,"min, kenapa nomor + xxxnumberxxx gak bisa didaftarin paket data ya?",False,120,4200060,42,"[""sore min , ini ada keluhan nomer saya pulsa kesedot terus , padahal tidak berlangganan paket apapun . tolong di cek min + xxxnumberxxx xxxnumberxxx - xxxnumberxxx - xxxnumberxxx"", ""min kalau mau buat nomer kartu halo baru yang xxxnumberxxx itu bagaimana prosedur dan biayanya ?"", ""xxxuserxxx , min kenapa paket tau di mytelkomsel saya cuma muncul xxxnumberxxx ? ( cuma heavy )"", ""saya mau tanya , ini saya mau beli paket yellow kenapa sama xxxnumberxxx tidak direspon / tidak dibalas"", ""dear indosat , sy mau isi paketan , tetapi kenapa tidak bisa ya , sudah sejak jam xxxnumberxxx tadi , pulsa sdh masuk tapi tdk bisa aktip"", ""tolong bantu , kenapa nomor simpati saya tidak bisa menerima sms dari nomor tri , padahal ditelpon bisa ."", ""tolong hentikan sms xxxnumberxxx ke nomor saya . xxxnumberxxx . mengurangi pulsa saya ."", ""min kalo mau transfer pulsa ke telkomsel bisa ga cuma xxxnumberxxx ribu gitu"", ""sy pindah kartu simpati lama ke xxxnumberxxx g . katanya ada bonus kuota internet , tp kok sy ga dapet . mhon penjelasannya !"", ""gimana cara pengambilan paket datanya min xxxuserxxx ? sudah cek my telkomsel dan * xxxnumberxxx gak tersediaa .""]",False,10,2182,18,True,67,0.99676204,informal,1,0.8628771305084229,0.9155718088150024,460.9865970656149,False,0.0
google/gemma-3-4b-it,formal,informal,dense,,sudah saya dm min . tolong direspon .,min tolong respon dm ya . terima kasih,False,122,4200061,42,"[""sdh dibalas dm . nya bos . makasih sdh direspon"", ""sudah saya dm . mohon di balas"", ""sudah saya dm min , mohon di cek"", ""udah aku dm ya min , tolong responnya ."", ""min tolong cek dm ya . terima kasih"", ""min tolong cek dm ya . makasiih"", ""selamat malam , tolong cek dm ya min , kiriman paket saya blm di kirim ."", ""min tolong respon kelanjutan keluhan saya"", ""baik min , sebentar lagi saya kirim lewat dm . terimakasih ."", ""selamat siang min , saya minta bantuan untuk tracking paket . detail telah saya kirim via dm . terimakasih""]",False,10,1522,10,False,38,0.99789727,informal,1,0.7534809112548828,0.7115468978881836,2097.1398827442945,True,0.0
google/gemma-3-4b-it,formal,informal,dense,,admin . pesanan saya mengapa tidak sampai - sampai ? resinya tidak dapat dicek juga . bagaimana ini ? tolong dibantu periksa .,"admin, pesen gak smpai2 ya? resi juga gak bisa di cek. gimana ini, tolong di periksa dong. makasih.",True,124,4200062,42,"[""malam , saya mau mengembalikan barang krn salah kirim . diinfo harus upload bukti pengirimannya . uploadnya dimana ya ? makasih"", ""malam , mau komplain . paket statusnya sudah sampai . tapi saya belum terima paket . mohon bantuannya . terima kasih ."", ""ini min minta tolong di cek sudah sampe mana . masa sudah xxxnumberxxx minggu blm sampe . tolong banget min di update smp mana"", ""mau tanya no pesanan xxxnumberxxx kapan dikirimnya ya ? dari kemarin masih pengemasan blm berubah"", ""tolong paket saya blm saya terima tapi pas di check tracking ko udh delivered ?"", "". ada apa dengan kurir pos . sampai saat ini belum juga update ongkir nya . padahal sudah dari tgl . xxxdatexxx sudah berlaku tarif baru ."", ""min , ini kenapa saya gak bisa sms ya ? saya mau konfirmasi pembelian paket gagal mulu sms nya drtd ."", ""halo barang sy dari tanggal xxxdatexxx sdh dijakarta , tp kenapa gak sampai2 min . tlg dicek min ."", ""selamat malam , tolong cek dm ya min , kiriman paket saya blm di kirim ."", ""admin , ketika mau cek tagihan listrik , kenapa tidak bisa ? muncul pesan dibawah""]",False,10,2155,31,True,99,0.99700767,informal,1,0.720139741897583,0.8351886868476868,46.04346265037876,False,0.0
google/gemma-3-4b-it,formal,informal,dense,,"tangal berapa ini ? mas xxxuserxxx , menggunakan kartu apa ? apakah kartu halo juga ?","""tanggal berapa nih mas/mba xxxuserxxx, pakai kartu apa? kartu halo juga?""",False,126,4200063,42,"[""haloo xxxuserxxx ini paket saya malah bolak balik gini"", ""min kalau mau buat nomer kartu halo baru yang xxxnumberxxx itu bagaimana prosedur dan biayanya ?"", ""gimana cara dm nya kak ? nomor saya xxxnumberxxx"", ""halo . dari xxxnumberxxx hari lalu saya mau bayar cc via mbanking tapi selalu keluar popup seperti ini kenapa ya ?"", ""halo mas / mba xxxuserxxx ini nomor halo saya udah xxxnumberxxx hari gak bisa dipake . rugi dong bayar tagihan doang tapi gak kepake ~"", ""barusan ada yg telfon saya dengan nomor ini . apakah ini benar dari halo bca ?"", ""gimana cara pengambilan paket datanya min xxxuserxxx ? sudah cek my telkomsel dan * xxxnumberxxx gak tersediaa ."", ""halo min xxxuserxxx apakah masih diperlukan surat kehilangan dari polsek / polres untuk mengurus kartu atm yang hilang ?"", ""pasti pelanggan setia dong min , udah xxxnumberxxx tahun pake tri , merakyat banget kalau pake tri bikin irit ke uangan"", ""dear xxxuserxxx : paket yellow kok nggak bisa dipaketin yaa ?""]",False,10,2013,20,True,74,0.9763554,informal,1,0.8896386623382568,0.8218948841094971,399.15748607367937,False,0.0
google/gemma-3-4b-it,formal,informal,dense,,amin . semoga juga sinyal internet indosat tidak hilang - hilangan terus . karena aku belum berniat mengganti provider .,"amin , semoga juga sinyal internet indosat gak hilang - hilang terus . aku belum mau ganti provider sih",False,128,4200064,42,"[""iya kak terimakasih . tapi tadi sudah datang ke galeri indosatnya langsung . sudah normal lagi"", ""kartu sim card xl saya sudah hilang dan saya ingin mengaktifasi nomor xl saya apakah bisa ? caranya bagaimana ?"", ""saya beli voucher fisik indosat xxxnumberxxx gb unlimited , tapi gagal terus kenapa ya ?"", ""mohon dibantu sinyal indosatnya koq lemot bgt . baru daftar pket internet padahal ."", ""hai , selamat sore . saya baru saja membeli kartu sim simpati . dan udah coba registrasi , tapi ga ada respon . tolong bantuannya ."", ""kak gimana nih saya daftar paket yellow gak bisa bisa"", ""di kebo sirih sinyal bolak balik e terus nih berhari2 . lagi ga stabil apa gimana sih ?"", ""baiklah , terimakasih . tapi saya kan tidak sedang berlangganan apa - apa tapi kenapa pulsa saya kesedot ya min ? kira - kira bagaimana ya mengeceknya ? sebelumnya tidak pernah"", ""min maaf lagi gangguan apa gimana ? dari tadi ga konek internet terus"", ""telkomsel kenapa nih kok sinyalnya ilangg""]",False,10,2045,22,False,103,0.9977487,informal,1,0.9322117567062378,0.9488417506217957,360.2832081136404,False,0.0
google/gemma-3-4b-it,formal,informal,dense,,coba periksa dm - nya yaya . kamu seperti sepupu saya bernama yaya .,"eyy min , coba periksa dm - nya yaya . dia kayak sepupu kamu , yaya .",False,130,4200065,42,"[""dear xxxuserxxx , please check my dm ."", ""halo . dari xxxnumberxxx hari lalu saya mau bayar cc via mbanking tapi selalu keluar popup seperti ini kenapa ya ?"", ""di my telkomsel muncul sperti itu kak"", ""gimana cara dm nya kak ? nomor saya xxxnumberxxx"", ""eyy min , ini kenapa sih indosat kok gabisa dipasang paket"", ""lah kok nomer saya tiba2 terdaftar sih ?"", ""kok dm ? kasihtahu dong , pengin tahu force majeure apa daerah semarang ."", ""iya buja kan ? dewa buja gitaris gigi bukan ?"", ""bni corporate gangguan kah ? saya coba buka gabisa terus"", ""ikon fitur asuransi linkaja di nomor xxxnumberxxx""]",False,10,1618,23,True,69,0.9688946,informal,1,0.8586425185203552,0.8931968212127686,567.2276418254045,False,0.0
google/gemma-3-4b-it,formal,informal,dense,,halo xxxuserxxx . mengapa grabfood kamu tidak bisa digunakan sejak kemarin ?,"“halo xxxuserxxx , grabfood aku kok kemarin udah gak bisa dipake lagi ya ?”",False,132,4200066,42,"[""halo xxxuserxxx , aplikasi grab di iphone se saya kok jadi berat banget ya apalagi kalau pesan grabfood suka ngehang ."", ""kenapa ya kode promo saya grabwae tidak bisa digunakan ? padahal sejak tgl xxxdatexxx ini saya belum pernah sekalipun pakai kode promo tersebut"", ""min , udh xxxnumberxxx hari ini saya mau gofood kok gak dapet driver terus ? apa aplikasi gojek lagi error ?"", ""promo grab food semuanya mental ga bisa dipake . sedih akutu , xxxuserxxx . huhuhu"", ""grabfood error , apakah saya harus beralih ke gofood ?"", ""kenapa aplikasi xxxuserxxx jadi lemot semenjak update ios ? huftt tapi gojek nggak"", ""min tadi pesen grabfood , dan ga sengaja kepencet rating xxxnumberxxx cara baikinnya gimana ya ? kasian sama bapaknya ga tegaa"", ""kaa kok udh order xxxnumberxxx x gofood pake gopay kok ga dapet cashback gopay yaa ?"", ""halo saya top up grab ovo lewat atm barusan tapi kok belum masuk ya ?"", ""halo grab mo tanya dong , apakah bs driver dapet xxxnumberxxx order dr org berbeda dlm xxxnumberxxx waktu ?""]",False,10,2041,20,True,75,0.998235,informal,1,0.8680734634399414,0.8647525310516357,335.02676189446856,False,0.0
google/gemma-3-4b-it,formal,informal,dense,,"halo xxxuserxxx , teman saya transfer melalui gopay kenapa belum masuk ?","halo xxxuserxxx , teman kamu transfer lewat gopay kenapa belum masuk ya?",False,134,4200067,42,"[""hai , xxxuserxxx tolong cek dm saya ya , thanks !"", ""halo mas / mba xxxuserxxx ini nomor halo saya udah xxxnumberxxx hari gak bisa dipake . rugi dong bayar tagihan doang tapi gak kepake ~"", ""ini xxxuserxxx kenapa ya udah xxxnumberxxx x top up ga masuk2 saldonya ?"", ""halo xxxuserxxx gimana ya caranya kontak driver utk kirim paket same day xxxnumberxxx hours ? sama sekali gabisa ngirim nih . makasih"", ""kak , tadi coba mau beli pulsa telkomsel xxxnumberxxx xxxnumberxxx xxxnumberxxx k , tapi koq dibatalkan mulu ya ? apa stok nya lagi kosong ?"", ""halo . paket saya dengan no resi xxxnumberxxx tidak ada pergerakan dari kemarin . tolong konfirmasi nya"", ""maaf min mau nanya apakah bener ini nomor dari gojek ? + xxxnumberxxx"", ""halo . dari xxxnumberxxx hari lalu saya mau bayar cc via mbanking tapi selalu keluar popup seperti ini kenapa ya ?"", ""admin , kok dm saya belum di respon - respon ya ? sudah xxxnumberxxx hari nih min"", ""halo gojek tolong masalah di selesai kan . dan xxxuserxxx sy udah follow up lg ya ini .""]",False,10,2046,17,True,72,0.94265676,informal,1,0.9705893993377686,0.9780663251876831,974.8677369674164,False,0.0
google/gemma-3-4b-it,formal,informal,dense,,yang dihina pun ulama . otaknya tidak ada isi yang begitu bang .,"""ulama yang dihinain tuh , otaknya kosong bgt dah.""",False,136,4200068,42,"[""hahaha sejak malika di besarkan , pengertian dong makanya , biar ia tidak diam diam saja"", ""aduuw aku ngakak . tapi bener juga si wkwk"", ""yang dinilai apaan tuh ? kecepatan ngunyah ? 🤔"", ""ini provider isiny cm bangsat yg cm menipu konsumen2nya dgn alsan dm agar konsumen lain tdk tau . knp hrs dm tolol xl ?"", ""jgn di protect twitter lu , mereka gabisa baca mban"", ""hati - hati yang suka culak colok atm ."", ""skrg dm mereka yg bilang pulsa udh dibalikin dihapus sama mereka . oh gt ya cara nyari uang skrg ?"", ""kirain cuma aku doang yg kek gini"", ""aku tunggu klarifikasinya ya , wahai xxxuserxxx yang ( masih ) saya hormati"", ""tolong diajarin pengemudinya di jalan . ga ada bedanya sama angkot . cuk""]",False,10,1719,17,True,51,0.9969362,informal,1,0.6071473360061646,0.5740829706192017,370.1357601958691,False,0.0
google/gemma-3-4b-it,formal,informal,dense,,"halo , selamat malam . saya ingin bertanya , apakah program kkb dapat dipergunakan untuk mobil bekas ? terima kasih .","halo , selamat malam . mau tanya , kkb bisa buat mobil bekas gak ya ? makasih .",False,138,4200069,42,"[""hai , selamat sore . saya baru saja membeli kartu sim simpati . dan udah coba registrasi , tapi ga ada respon . tolong bantuannya ."", ""min kalau mau buat nomer kartu halo baru yang xxxnumberxxx itu bagaimana prosedur dan biayanya ?"", ""malam , mau komplain . paket statusnya sudah sampai . tapi saya belum terima paket . mohon bantuannya . terima kasih ."", ""selamat malam ingin bertanya cara mengenai pendaftaran produk di gojek gmn ya ?"", ""selamat siang , mohon bantuannya untuk di follow up admin , karena saya butuh untuk segera dikirimkan , terima kasih"", ""halo min , cara cek riwayat pengisian pulsa gimana ya ?"", ""min tolong cek dm ya . terima kasih"", ""baik kak , ditunggu ya pick upnya . terima kasih atas perhatiannya ."", ""saya mau tanya , ini saya mau beli paket yellow kenapa sama xxxnumberxxx tidak direspon / tidak dibalas"", ""selamat sore , sudah sy dm ya min . jadi bagaimana ya ?""]",False,10,1965,21,True,79,0.9853217,informal,1,0.8642388582229614,0.8371781706809998,169.55797833400428,False,0.0
google/gemma-3-4b-it,formal,informal,dense,,"halo , bagaimana dengan paket saya yang tidak dikirim - kirim . statusnya masih disimpan .","halo , paket saya masih disimpan , gimana ya ? mohon bantuannya . terima kasih.",True,140,4200070,42,"[""malam , mau komplain . paket statusnya sudah sampai . tapi saya belum terima paket . mohon bantuannya . terima kasih ."", ""halo . paket saya dengan no resi xxxnumberxxx tidak ada pergerakan dari kemarin . tolong konfirmasi nya"", ""halo min tolong di bantu no resi jp xxxphonexxx dan jp xxxphonexxx status sudah diterima . tapi saya dan orang rumah belum terima paketnya . tolong dibantu ."", ""malam , mohon info paket saya sejak tanggal xxxnumberxxx tertahan dgn status itu . blm terkirim sampai sekarang , ada apa ya ?"", ""malam , saya mau mengembalikan barang krn salah kirim . diinfo harus upload bukti pengirimannya . uploadnya dimana ya ? makasih"", ""saya mau tanya , ini saya mau beli paket yellow kenapa sama xxxnumberxxx tidak direspon / tidak dibalas"", ""selamat malam , tolong cek dm ya min , kiriman paket saya blm di kirim ."", ""paket saya sampai mana ya ? resi xxxnumberxxx . thx"", ""hai , selamat sore . saya baru saja membeli kartu sim simpati . dan udah coba registrasi , tapi ga ada respon . tolong bantuannya ."", ""min kalau mau buat nomer kartu halo baru yang xxxnumberxxx itu bagaimana prosedur dan biayanya ?""]",False,10,2166,19,True,79,0.8925837,informal,1,0.7897913455963135,0.8338636159896851,189.03026220915834,False,0.0
google/gemma-3-4b-it,formal,informal,dense,,tolong diperluas lagi ya admin jangkauan jaringannya . aku tunggu kabar baiknya admin .,"“min, tolong diperluas jangkauan jaringannya ya. aku tunggu kabarnya.”",False,142,4200071,42,"[""selamat siang , mohon bantuannya untuk di follow up admin , karena saya butuh untuk segera dikirimkan , terima kasih"", ""udah aku dm ya min , tolong responnya ."", ""mohon bantuan segera ya min , saya tunggu"", ""sudah saya proses lewat email juga , tolong di percepat saja melalui emailnya . thx ."", ""baik min , sebentar lagi saya kirim lewat dm . terimakasih ."", ""min tolong cek dm ya . terima kasih"", ""mas , mbak , respon mention saya dong . lambat banget deh pelayanannya ."", ""min tolong cek dm ya . makasiih"", ""admin grab yang baik hati , saya minta tolong cek dm ya . terima kasih ."", ""min tolong respon kelanjutan keluhan saya""]",False,10,1671,21,True,70,0.87083036,informal,1,0.8365965485572815,0.7277986407279968,46.689228677611574,False,0.0
google/gemma-3-4b-it,formal,informal,dense,,"admin . tolong ini , ada apa dengan toko saya ?","admin, kok toko saya ada masalah ya?",False,144,4200072,42,"[""mohon info kenapa dengan koneksi bukalapak ?"", ""halo admin , ini kenapa saya selalu di telpon oleh cs ? dan disaat jam kerja ."", ""halo pengaduan saya pengembalian dana ke kartu kredit belum di tangani . tolonglah jangan diam"", ""malam . ini kenapa yaa ? mohon infoo . thank you"", ""gangguan ya ? kok sya transaksi gaga terus"", ""selamat malam , admin . saya ingin melaporkan penipuan online yang terjadi pada saya kemarin , bisa di proses tidak ya ? terima kasih atas perhatiannya ."", ""cb cek ke website jnt langsung , kadang suka beda track di shopee dan di website"", ""mas , mbak , respon mention saya dong . lambat banget deh pelayanannya ."", ""apa ini kerjaan bukalapak resi udah benar kenapa dana saya dibalikin ke pembeli ?"", ""min . saya sebagai seller , mohon dibantu untuk penyelesaiian komplain inv / xxxnumberxxx / xix / vii / xxxnumberxxx""]",False,10,1847,10,True,36,0.9388038,informal,1,0.7409434914588928,0.8832160234451294,513.0883220276695,False,0.0
google/gemma-3-4b-it,formal,informal,dense,,"halo admin , saya mengapa beli fore cofee tidak dapat cashback ? mengapa admin ? bisa di refund tidak ?","min, kenapa pas beli fore coffee gak dapet cashback ya? kok gini sih? bisa di refund gak nih?",False,146,4200073,42,"[""tadi saya topup ke shopee pay , sudah berhasil tapi kok di aplikasi tetep xxxnumberxxx ya ? tolong baca dm saya ya . terimakasih"", ""apa ini kerjaan bukalapak resi udah benar kenapa dana saya dibalikin ke pembeli ?"", ""sama kayak saya pak paket saya gak saya terima claim gak jelas kapan hasilnya , jangan tunggu ini menyebar ya !"", ""kak , tadi coba mau beli pulsa telkomsel xxxnumberxxx xxxnumberxxx xxxnumberxxx k , tapi koq dibatalkan mulu ya ? apa stok nya lagi kosong ?"", ""halo pengaduan saya pengembalian dana ke kartu kredit belum di tangani . tolonglah jangan diam"", ""pengembalian saldo karena gagal penarikan membutuhkan waktu berapa lama ya ? saya sudah laporan xxxnumberxxx hari kerja sampai skr masih proses ditindak lanjuti terus"", ""kecewa sama xxxuserxxx yakin banget milih voucher cash back makanya tetap bayar ongkir , tp pas barang sampai coin cash back pun ga dapet !"", ""min xxxuserxxx saya mau komplain terkait dengan no resi jp xxxphonexxx barang diterima dalam keadaan plastik terbuka sehingga barang ada yg jatuh dan hilang"", ""min ini gimana ya ? saya abis beli voucher xxxnumberxxx xxxnumberxxx k pake go points . pas dipake cuma dapet potongan xxxnumberxxx xxxnumberxxx k ?"", ""kalau ajukan pembatalan dimana pesanan barang yg dibeli sudah dibayar dan bayarnya pakai kartu kredit . mekanisme pengembalian dananya bagaimana ya ?""]",False,10,2407,25,True,93,0.9975183,informal,1,0.791977047920227,0.7877357006072998,136.08802850028468,False,0.0
google/gemma-3-4b-it,formal,informal,dense,,bagaimana mau terbantu ? dm saja tidak respons lambat . sudah xxxnumberxxx hari dm saya tidak respons .,“kok dm gue belum di bales - respon ya? udah xxxnumberxxx hari nih min.”,False,148,4200074,42,"[""admin , kok dm saya belum di respon - respon ya ? sudah xxxnumberxxx hari nih min"", ""saya mau tanya , ini saya mau beli paket yellow kenapa sama xxxnumberxxx tidak direspon / tidak dibalas"", ""udah xxxnumberxxx menit stuck gini terus , padahal koneksi internet saya normal . tolong di bantu"", ""sudah hampir xxxnumberxxx hari paket belum rilis ? ada apa ?"", ""halo . paket saya dengan no resi xxxnumberxxx tidak ada pergerakan dari kemarin . tolong konfirmasi nya"", ""minta pencerahan nya hu . kok saldo ga msk ya , xxxnumberxxx trip xxxnumberxxx . ada apa kah ini"", ""min , jaringan xxxnumberxxx g dilokasi ini error . tolong dibantu cek dong . tks before"", ""grab paket hemat saya billingnya itu tgl xxxnumberxxx juli xxxnumberxxx sekarang aja udh agustus kok subscribe nya masih aktif ya ?"", ""malam , mohon info paket saya sejak tanggal xxxnumberxxx tertahan dgn status itu . blm terkirim sampai sekarang , ada apa ya ?"", ""min tolong di bantu cek resi xxxnumberxxx , sudah xxxnumberxxx hari ndak ada pergerakan .""]",False,10,2068,20,True,72,0.99839634,informal,1,0.7406724691390991,0.6099421977996826,756.3756404769749,False,0.0
google/gemma-3-4b-it,formal,informal,dense,,"frustasi dengan atm mandiri , hampir setiap hari bermasalah di seputar tanggerang selatan . kenapa bank lain seperti b * * jarang sekali bermasalah ? segera berbenah , menyebalkan .","“ane kesel banget sama atm mandiri, tiap hari kna masalah di tangerang selatan. kok bank lain kayak b*njar jarang bgt bermasalah? cpt2 diperbaiki, bikin kesel.”",False,150,4200075,42,"[""halo pengaduan saya pengembalian dana ke kartu kredit belum di tangani . tolonglah jangan diam"", ""halo selamat pagi , kalo atm mandiri terblokir krn salah pswrd , mandiri online ikut keblokir tdk ? tks"", ""min ini kenapa jaringan di karawaci gangguan terus ?"", ""hai admin , sy baru saja update apl bri mobile . saat may login internet banking knp muncul aktivasi ya ? bisa dibantu ?"", ""kenapa nih ? banyak yang complaint voucher tidak bisa di akses termasuk saya juga gak bisa akses voucher"", ""bni corporate gangguan kah ? saya coba buka gabisa terus"", ""malam , koneksi telkomsel semakin lama semakin buruk bukan membaik , sudah seminggu lebih seperti ini , jadi gmn solusi terbaik ?"", ""baik , sy masih di depan mesin atm"", ""halo admin , ini kenapa saya selalu di telpon oleh cs ? dan disaat jam kerja ."", ""hanya alamat yang berubah . jadi harus ke cabang bca terdekat untuk ganti kartu atm ya . apakah ada biaya tambahan ?""]",False,10,2059,40,True,160,0.9963354,informal,1,0.7523086071014404,0.8498889207839966,158.37584438054395,False,0.0
google/gemma-3-4b-it,formal,informal,dense,,apakah akun grab - nya digunakan untuk memesan kimcil ? oleh sebab itu akunnya ditangguhkan .,"""kayaknya akun grabnya disalahgunakan buat pesen kimcil , jadi di-suspend deh.""",False,152,4200076,42,"[""bisa jadi admin grabnya salah ketik ."", ""biasanya ada penyesuaian harga dr warungnya . karna warungnya ga mau dipotong komisi grabfood"", ""grabfood error , apakah saya harus beralih ke gofood ?"", ""driver grab di jogja lg pada gereja berjamaah apa kopdar si anjir masa xxxnumberxxx menit nyoba grabfood berkali kali gaada yg ambil pesenan"", ""jika pesanan tidak diproses penjual batal otomatis setelah brp hari ? di bukalapak tidak info spt itu ."", ""halo xxxuserxxx , aplikasi grab di iphone se saya kok jadi berat banget ya apalagi kalau pesan grabfood suka ngehang ."", ""masalahnya akun driver bisa bisanya kena bajak . tidak ada pilihan cancel , karena itu yang buat mbak ini ketipu , bang jek ! xxxnumberxxx ! xxxnumberxxx ! xxxnumberxxx ! xxxnumberxxx ! xxxnumberxxx !"", ""min , kmaren sy naik grab tp kok nda bisa bayar pake saldo gopay"", ""permisi mimin , maap malem minggu malah nanya hehe kalo mau ganti nomer rekening ponsel akun gojekdriver gimana ya ? soalnya kartunya is missing"", ""kalau ajukan pembatalan dimana pesanan barang yg dibeli sudah dibayar dan bayarnya pakai kartu kredit . mekanisme pengembalian dananya bagaimana ya ?""]",False,10,2187,22,True,79,0.99500644,informal,1,0.653030276298523,0.7027627229690552,143.87673806144687,False,0.0
google/gemma-3-4b-it,formal,informal,dense,,jika saya tutup akun tanpa ke kantor cabang dengan cara mengosongkan saldo rekening apakah bisa ?,"“kalau tutup akun, saldo di kosongin dulu bisa gak ya?”",False,154,4200077,42,"[""saya kirim uang , kenapa tidak masuk ? padahal status berhasil dan saldo sya terpotong"", ""limit transfer dr bca ke bank lain per hari brp ya via klikbca ?"", ""saya mau tanya , apa nomor rekening yan sudah tidak di tambah saldo selama xxxnumberxxx tahun masih aktif / di gunakan"", ""kalau ajukan pembatalan dimana pesanan barang yg dibeli sudah dibayar dan bayarnya pakai kartu kredit . mekanisme pengembalian dananya bagaimana ya ?"", ""hanya alamat yang berubah . jadi harus ke cabang bca terdekat untuk ganti kartu atm ya . apakah ada biaya tambahan ?"", ""untuk pengiriman uang via dbs singapura ke bri indonesia proses uang masuk brp hari ya , soalnya semalam suami tranfer , tp smpe ckrg uang blm kak"", ""withdraw saldo gak masuk2 ke bri saya ."", ""saya salah pilihan isi resi , harusnya otomatis dari sicepat tapi saya malah terlanjur bayar cash , nomor resinya bisa diedit nggak ya ?"", ""pengembalian saldo karena gagal penarikan membutuhkan waktu berapa lama ya ? saya sudah laporan xxxnumberxxx hari kerja sampai skr masih proses ditindak lanjuti terus"", ""kantor post pulo gadung buka sampai jam berapa ya ? saya pengen melakukan pembayaran""]",False,10,2193,17,True,55,0.9902608,informal,1,0.6853652000427246,0.7289623618125916,82.8952879508724,False,0.0
google/gemma-3-4b-it,formal,informal,dense,,maksudnya sales counter / agen yang online bagaimana kak ?,"min, di mana jualannya sekarang, yang online gitu?",False,156,4200078,42,"[""kalo beli ginian masa aktif ikut nambah gak bossku ? tks"", ""cb cek ke website jnt langsung , kadang suka beda track di shopee dan di website"", ""min klo lupa akun shopee gimana aku daftar lg tp gak bisa shopepay soalnya udh terdaftar jdi gimn ?"", ""min agen mapan terpilih ada dimana aja ya ? saya mau beli paket voucher gojek nih"", ""kantor post pulo gadung buka sampai jam berapa ya ? saya pengen melakukan pembayaran"", ""min gabisa beli paket data dong"", ""gangguan ya ? kok sya transaksi gaga terus"", ""paket dengan resi xxxnumberxxx bagaimana ya kabarnya ? kok statusnya ga berubah ya ? kan yes"", ""hello ! kenapa resi wahana tidak update di history pengirimannya ?"", ""selamat hari minggu min kalo mau bayar tiket kereta dr go mobile , gimana ya ?""]",False,10,1759,13,True,50,0.99360967,informal,1,0.6375578045845032,0.6872416734695435,911.8782271362784,False,0.0
google/gemma-3-4b-it,formal,informal,dense,,"halo , bisa balas tweet saya dan dm ?","halo min , kalo bisa balas tweet dan dm ya?",False,158,4200079,42,"[""halo kak admin , saya dm , mohon dicek makasi"", ""haloo tolong respon dm saya ya"", ""haloo min tolong cek dm yaa makasih ^ ^"", ""mohon cek dm saya , terima kasih"", ""min mohon cek dm , ditunggu responnya , makasih"", ""sudah saya dm . mohon di balas"", ""selamat siang kak , mohon dicek saya mengirimkan dm . terimakasih"", ""sudah saya dm min , mohon di cek"", ""baik min , sebentar lagi saya kirim lewat dm . terimakasih ."", ""halo min , kalo paket saya misroute gimana ya ?""]",False,10,1456,12,True,43,0.99763083,informal,1,0.8986556529998779,0.9353547692298889,3362.376483806375,True,0.0
google/gemma-3-4b-it,formal,informal,dense,,"halo kak , untuk kendala pada nomor prabayar telkomselnya dapat langsung menghubungi rekan kami di xxxuserxxx . terima kasih - mina .","min , mohon dicek untuk nomor prabayar telkomselnya , bisa hubungin ke xxxuserxxx ya . thanks - mina",False,160,4200080,42,"[""min , jaringan xxxnumberxxx g dilokasi ini error . tolong dibantu cek dong . tks before"", ""min , boleh minta info no puk untuk no xxxnumberxxx"", ""sore min , ini ada keluhan nomer saya pulsa kesedot terus , padahal tidak berlangganan paket apapun . tolong di cek min + xxxnumberxxx xxxnumberxxx - xxxnumberxxx - xxxnumberxxx"", ""halo admin , mohon dicek untuk paket dengan nomor resi dibawah ini . sudah xxxnumberxxx hari masih disitu2 aja . urgent soalnya . thank you ."", ""halo xxxuserxxx sudah dibales kembali ya dmnya isi penjelasan saya . mohon dicek kembali . trims"", ""gimana cara pengambilan paket datanya min xxxuserxxx ? sudah cek my telkomsel dan * xxxnumberxxx gak tersediaa ."", ""halo . paket saya dengan no resi xxxnumberxxx tidak ada pergerakan dari kemarin . tolong konfirmasi nya"", ""min di daerah kab . bandung sinyal xxxnumberxxx g hilang walaupun saya restart tetap hilang , mohon pengertiannya min"", ""hai , selamat sore . saya baru saja membeli kartu sim simpati . dan udah coba registrasi , tapi ga ada respon . tolong bantuannya ."", ""mengapa saya gagal beli paket flash sale ? maaf , kamu belum dapat melakukan registrasi paket ini . dapatkan penawaran terbaik di * xxxnumberxxx atau akses myim3""]",False,10,2301,29,False,100,0.9983883,informal,1,0.9081925749778748,0.735499382019043,240.58735550251376,False,0.0
google/gemma-3-4b-it,formal,informal,dense,,"hmm , sebentar . aku akan bikin videonya .",udah aku bikin videonya nih min.,False,162,4200081,42,"[""udah aku dm ya min , tolong responnya ."", ""selamat sore , sudah sy dm ya min . jadi bagaimana ya ?"", ""iya mbak ini belum terupdate , udah dm adminnua"", ""iya kak terimakasih . tapi tadi sudah datang ke galeri indosatnya langsung . sudah normal lagi"", ""baik min , sebentar lagi saya kirim lewat dm . terimakasih ."", ""oh okey terimakasih banyak info nya"", ""ooh gitu oke makasi ya kak"", ""lama sekali responnya , untuk masalah seperti ini saja ?"", ""cara pakainya gmn min , saya klik gunakan sekarang masuk ke web sampai situ aja"", ""saya sudah coba beberapa kali hasilnya kayak gtu , apa yang salah ya""]",False,10,1593,9,True,32,0.9977208,informal,1,0.7482319474220276,0.7158401608467102,3919.58385783071,True,0.0
google/gemma-3-4b-it,formal,informal,dense,,"selamat siang . ingin bertanya , kenapa saya sulit untuk menerima dan melakukan panggilan setelah penggantian kartu . mohon bantuannya . terima kasih .","min , kenapa susah ya buat nerima pulsa sama telepon setelah ganti kartu ? mohon bantuannya , terima kasih .",False,164,4200082,42,"[""hai , selamat sore . saya baru saja membeli kartu sim simpati . dan udah coba registrasi , tapi ga ada respon . tolong bantuannya ."", ""malam , mau komplain . paket statusnya sudah sampai . tapi saya belum terima paket . mohon bantuannya . terima kasih ."", ""selamat siang , mohon bantuannya untuk di follow up admin , karena saya butuh untuk segera dikirimkan , terima kasih"", ""halo min tolong di bantu no resi jp xxxphonexxx dan jp xxxphonexxx status sudah diterima . tapi saya dan orang rumah belum terima paketnya . tolong dibantu ."", ""min kalau mau buat nomer kartu halo baru yang xxxnumberxxx itu bagaimana prosedur dan biayanya ?"", ""min tolong cek dm ya . terima kasih"", ""selamat siang min , saya minta bantuan untuk tracking paket . detail telah saya kirim via dm . terimakasih"", ""tetap tidak bisa min , nomor kartu kredit yg saya masukan sdh benar . tetapi tetap tidak bisa klik tombol continue . saya udah ulang berkali2 ."", ""selamat malam , admin . saya ingin melaporkan penipuan online yang terjadi pada saya kemarin , bisa di proses tidak ya ? terima kasih atas perhatiannya ."", ""hanya alamat yang berubah . jadi harus ke cabang bca terdekat untuk ganti kartu atm ya . apakah ada biaya tambahan ?""]",False,10,2314,24,True,108,0.99383026,informal,1,0.7997002005577087,0.822123646736145,120.52741889511825,False,0.0
google/gemma-3-4b-it,formal,informal,dense,,"halo , apa ini memang sedang gangguan top up via m - banking ? kenapa saldo saya tidak bertambah ?","“halo, kok gak naik ya saldo gue setelah top up lewat mbanking?”",False,166,4200083,42,"[""baiklah , terimakasih . tapi saya kan tidak sedang berlangganan apa - apa tapi kenapa pulsa saya kesedot ya min ? kira - kira bagaimana ya mengeceknya ? sebelumnya tidak pernah"", ""halo saya top up grab ovo lewat atm barusan tapi kok belum masuk ya ?"", ""saya mau tanya , apa nomor rekening yan sudah tidak di tambah saldo selama xxxnumberxxx tahun masih aktif / di gunakan"", ""barusan ada yg telfon saya dengan nomor ini . apakah ini benar dari halo bca ?"", ""halo min , cara cek riwayat pengisian pulsa gimana ya ?"", ""hai admin , sy baru saja update apl bri mobile . saat may login internet banking knp muncul aktivasi ya ? bisa dibantu ?"", ""min maaf lagi gangguan apa gimana ? dari tadi ga konek internet terus"", ""min ini kenapa y , pulsa tiba2 ilang . paketan internet masih byk tp pulsa kesedot trs . mohon follow up nya !"", ""saya kirim uang , kenapa tidak masuk ? padahal status berhasil dan saldo sya terpotong"", ""iya kak terimakasih . tapi tadi sudah datang ke galeri indosatnya langsung . sudah normal lagi""]",False,10,2065,17,True,64,0.9899013,informal,1,0.7117918729782104,0.7407065629959106,124.5448069597752,False,0.0
google/gemma-3-4b-it,formal,informal,dense,,iya om . rawan sekali bagi driver maupun konsumen .,udah mendingan om . risikonya gede banget buat driver sama pembeli .,False,168,4200084,42,"[""udah mendingan mb sekarang . udah banyak driver"", ""tolong diajarin pengemudinya di jalan . ga ada bedanya sama angkot . cuk"", ""masalahnya akun driver bisa bisanya kena bajak . tidak ada pilihan cancel , karena itu yang buat mbak ini ketipu , bang jek ! xxxnumberxxx ! xxxnumberxxx ! xxxnumberxxx ! xxxnumberxxx ! xxxnumberxxx !"", ""driver ybs gak ditelusuri pihak gojek mba ?"", ""wah capek bener saya harus cerita lagi . udah saya telepon saya imel . seharusnya dari capture saya udah bisa terbaca . driver tidak memiliki jiwa sosial"", ""jd xxxphonexxx paket tolong ditegur . jnt cikupa sangat lama . pengalaman orang2"", ""min tadi pesen grabfood , dan ga sengaja kepencet rating xxxnumberxxx cara baikinnya gimana ya ? kasian sama bapaknya ga tegaa"", ""wahai admin gojek tersayang , tolong gk - xxxnumberxxx drivernya dimana"", ""min , udh xxxnumberxxx hari ini saya mau gofood kok gak dapet driver terus ? apa aplikasi gojek lagi error ?"", ""driver xxxuserxxx di jogja malam ini sibuk semua . warbiasakk . sejam klak klik klak klik busy mulu .""]",False,10,2044,16,True,68,0.976389,informal,1,0.6150746941566467,0.7978130578994751,732.6717667892134,False,0.0
google/gemma-3-4b-it,formal,informal,dense,,"barang dengan nomor id1913953782285 , sudah lebih satu minggu tidak datang .",barang id1913953782285 udah lebih seminggu gak dateng min .,False,170,4200085,42,"[""pembeli sudah konfirmasi dan pesanan selesai kenapa dana tgl xxxdatexxx baru dilepas uii"", ""bl1913pytauginv transaksi batal tapi saldo bl dan dana saya blm kembali tolong diproses thank you"", ""halo xxxuserxxx mohon input resi sicepat xxxnumberxxx dari no trans xxxnumberxxx , produk dropship ke alamat sesuai apk buka lapak . thax u"", ""no . transaksi xxxnumberxxx barang belum dikirim melebihi batas kirim , dana belum masuk ke saldo bl saya ."", ""min xxxuserxxx saya mau komplain terkait dengan no resi jp xxxphonexxx barang diterima dalam keadaan plastik terbuka sehingga barang ada yg jatuh dan hilang"", ""halo barang sy dari tanggal xxxdatexxx sdh dijakarta , tp kenapa gak sampai2 min . tlg dicek min ."", ""haloo xxxuserxxx kalo paket salah tulis nomor rumah bisa di ganti nggak ya ? udah terlanjur di kirim baru tau kalo no rumahnya salah"", ""mau tanya no pesanan xxxnumberxxx kapan dikirimnya ya ? dari kemarin masih pengemasan blm berubah"", ""kecewa sama xxxuserxxx yakin banget milih voucher cash back makanya tetap bayar ongkir , tp pas barang sampai coin cash back pun ga dapet !"", ""selamat siang , voucher shopee senilai xxxnumberxxx xxxnumberxxx xxxnumberxxx ribu apakah ketika melakukan pembelian melebihi nominal tsb dapat dibayar dengan cash ? mohon infonya . trims .""]",False,10,2310,26,True,59,0.9983563,informal,1,0.8719589114189148,0.9159616827964783,181.90854950394865,False,0.0
google/gemma-3-4b-it,formal,informal,dense,,"saya juga curiga karena uang yang diambil dalam jumlah yang sama besar , saya sangat kecewa , mohon kejelasannya .","“saya juga curiga , soalnya uang yg diambil jumlahnya sama besar , saya kesel banget , tolong dijelasin dong.”",False,172,4200086,42,"[""malam , saya mau mengembalikan barang krn salah kirim . diinfo harus upload bukti pengirimannya . uploadnya dimana ya ? makasih"", ""halo pengaduan saya pengembalian dana ke kartu kredit belum di tangani . tolonglah jangan diam"", ""pengembalian saldo karena gagal penarikan membutuhkan waktu berapa lama ya ? saya sudah laporan xxxnumberxxx hari kerja sampai skr masih proses ditindak lanjuti terus"", ""saya kirim uang , kenapa tidak masuk ? padahal status berhasil dan saldo sya terpotong"", ""selamat malam , mau tanya kalo proses pengembalian dana ( selisih ongkir ) biasanya berapa lama ya min ?"", ""min xxxuserxxx saya mau komplain terkait dengan no resi jp xxxphonexxx barang diterima dalam keadaan plastik terbuka sehingga barang ada yg jatuh dan hilang"", ""selamat malam , admin . saya ingin melaporkan penipuan online yang terjadi pada saya kemarin , bisa di proses tidak ya ? terima kasih atas perhatiannya ."", ""kalau ajukan pembatalan dimana pesanan barang yg dibeli sudah dibayar dan bayarnya pakai kartu kredit . mekanisme pengembalian dananya bagaimana ya ?"", ""paket saya resi xxxnumberxxx dilaporkan oleh pihak jtr bandung klo barangnya hilang krn kapal terbakar . ini gimana ?"", ""saya sangat kecewa dengan kwjadianseperti ini . tolong tindak lanjutnya , karena saya sdh bayar dari jam xxxnumberxxx pagi tadi""]",False,10,2385,28,True,110,0.98129547,informal,1,0.7942580580711365,0.8975192904472351,85.65273618254491,False,0.0
google/gemma-3-4b-it,formal,informal,dense,,"pesanan tidak sampai , uang hilang . benar - benar pengemudi xxxuserxxx membuat kecewa . makin banyak saja orang jahat .","aneh bgt , pesen gak dateng duit juga hilang . driver xxxuserxxx goblok bgt bikin kesel . banyak bgt orang gak guna .",False,174,4200087,42,"[""jp xxxphonexxx . paket gua kemana ! ni ngak ada tanggapan sekali setan . kurirnya tolol cs budeg"", ""tolong xxxuserxxx ini di proses , modus penipuan"", ""ini kenapa ya ? xxxuserxxx orang mau beli pulsa gara2 ini jadi batal . ini sampe berapa lama ?"", ""ah parah bgt xxxuserxxx tapi baik kok selalu kasih diskon )"", ""tolong dong di proses . udah xxxnumberxxx hari gak ada perkembangan . duit gopay gue bln masuk masuk jg ."", ""halo min xxxuserxxx apakah masih diperlukan surat kehilangan dari polsek / polres untuk mengurus kartu atm yang hilang ?"", ""driver xxxuserxxx di jogja malam ini sibuk semua . warbiasakk . sejam klak klik klak klik busy mulu ."", ""gak ada balasan sampai sekarang . apa karena cuma terpotong xxxnumberxxx xxxnumberxxx ribu aja ?"", ""pulsa saya terakhir xxxnumberxxx xxxnumberxxx xxxnumberxxx xxxnumberxxx xxxnumberxxx an , terus isi ulang xxxnumberxxx . kenapa skrg jumlahnya hanya xxxnumberxxx ya ? nomer xxxnumberxxx"", ""cek resi ini min , delivery kurir dari jam xxxnumberxxx td belum dateng2 xxxnumberxxx xxxnumberxxx""]",False,10,2114,34,True,117,0.99870694,informal,1,0.6723830103874207,0.7864022850990295,234.85317535060116,False,0.0
google/gemma-3-4b-it,formal,informal,dense,,"baik , ditunggu perkembangannya ya . terima kasih .","min, tolong cek dm ya. makasih.",False,176,4200088,42,"[""baik min , sebentar lagi saya kirim lewat dm . terimakasih ."", ""baik kak , ditunggu ya pick upnya . terima kasih atas perhatiannya ."", ""min mohon cek dm , ditunggu responnya , makasih"", ""selamat siang kak , mohon dicek saya mengirimkan dm . terimakasih"", ""min tolong cek dm ya . terima kasih"", ""udah aku dm ya min , tolong responnya ."", ""mohon cek dm saya , terima kasih"", ""mohon bantuan segera ya min , saya tunggu"", ""selamat sore , sudah sy dm ya min . jadi bagaimana ya ?"", ""min tolong cek dm ya . makasiih""]",False,10,1516,12,True,31,0.99607396,informal,1,0.7213621139526367,0.5211392641067505,220.6353976460976,False,0.0
google/gemma-3-4b-it,formal,informal,dense,,saya tidak bisa mengirim dm ke akun ini .,udah di coba tapi masih ngga bisa . cek dm,False,178,4200089,42,"[""sudah saya dm . mohon di balas"", ""mana dm nya admin ? belum masuk k dm saya"", ""sudah ada di dm semua . lokasi dan nomor"", ""min cek dm saya lagi yaa"", ""sudah saya dm min , mohon di cek"", ""mohon cek dm saya , terima kasih"", ""maaf min no saya tidak bisa dipakai internet , nelpon dll . mohon ditanggapi dm saya"", ""halo min , saya mau mengnonaktifkan akun gojek saya mohon dicek dmnya . sedih nih udah dari kemarin nge - mention ga di respon"", ""sudah saya dm tapi kok blm dijawab ya ?"", ""udah di coba tapi masih ngga bisa . cek dm""]",False,10,1523,12,False,42,0.9974583,informal,1,0.5448429584503174,0.49950236082077026,756.740724584309,False,1.0
google/gemma-3-4b-it,formal,informal,dense,,"sudah aku dm dari tadi pagi , kak , sebagai informasi saja .","min , udah aku dm dari tadi pagi , kak .",False,180,4200090,42,"[""selamat sore , sudah sy dm ya min . jadi bagaimana ya ?"", ""udah aku dm ya min , tolong responnya ."", ""min tolong cek dm ya . terima kasih"", ""selamat malam , tolong cek dm ya min , kiriman paket saya blm di kirim ."", ""sudah saya dm min , mohon di cek"", ""min tolong cek dm ya . makasiih"", ""selamat siang kak , mohon dicek saya mengirimkan dm . terimakasih"", ""baik min , sebentar lagi saya kirim lewat dm . terimakasih ."", ""sudah saya dm . mohon di balas"", ""dari tadi begini terus . . ini kenapa ya min . . aku dm mimin juga gk bs""]",False,10,1543,12,True,40,0.9980696,informal,1,0.8605469465255737,0.7732913494110107,1101.9509877192977,True,0.0
google/gemma-3-4b-it,formal,informal,dense,,dari tadi mention terus tidak dibalas . tolong dibalas . dm saya juga tolong dibalas .,"min, udah aku dm mulu gak dibalas, tolong bales dong.",False,182,4200091,42,"[""sudah saya dm . mohon di balas"", ""halo min , saya mau mengnonaktifkan akun gojek saya mohon dicek dmnya . sedih nih udah dari kemarin nge - mention ga di respon"", ""admin grab yang baik hati , saya minta tolong cek dm ya . terima kasih ."", ""min tolong cek dm ya . terima kasih"", ""min tolong cek dm ya . makasiih"", ""baik min , sebentar lagi saya kirim lewat dm . terimakasih ."", ""sudah saya dm min , mohon di cek"", ""udah aku dm ya min , tolong responnya ."", ""mas , mbak , respon mention saya dong . lambat banget deh pelayanannya ."", ""dari tadi begini terus . . ini kenapa ya min . . aku dm mimin juga gk bs""]",False,10,1647,18,True,53,0.9973036,informal,1,0.7756850719451904,0.6674076318740845,137.5682869484528,False,0.0
google/gemma-3-4b-it,formal,informal,dense,,"kalau saya setuju dan kemudian saya menolak , apakah tidak bisa disetujui ? jadi gimana solusi buat saya ?","""kalau saya setuju terus nolak, gak bisa disetujui ya? gimana solusinya buat gue?""",False,184,4200092,42,"[""iya saya sudah menyetujui karena saya buru buru dan kurang paham . apakah bisa saya batalkan ?"", ""sama kayak saya pak paket saya gak saya terima claim gak jelas kapan hasilnya , jangan tunggu ini menyebar ya !"", ""kalau ajukan pembatalan dimana pesanan barang yg dibeli sudah dibayar dan bayarnya pakai kartu kredit . mekanisme pengembalian dananya bagaimana ya ?"", ""saya salah pilihan isi resi , harusnya otomatis dari sicepat tapi saya malah terlanjur bayar cash , nomor resinya bisa diedit nggak ya ?"", ""intinya , bisa atau tidak ( dikirim sendiri ?"", ""mana dm nya admin ? belum masuk k dm saya"", ""apa maksud dari sms autocopy ? karna ada seseorang yg mendaftarkan no saya ke autocopy"", ""sudah saya dm tapi kok blm dijawab ya ?"", ""min , ini kenapa saya gak bisa sms ya ? saya mau konfirmasi pembelian paket gagal mulu sms nya drtd ."", ""begitu kak , apakah bisa diberi tau""]",False,10,1935,24,True,82,0.99264103,informal,1,0.7909506559371948,0.9016530513763428,52.90407397120087,False,0.0
google/gemma-3-4b-it,formal,informal,dense,,"maaf , mengapa saya tidak bisa mengirim dm ya ? nomor saya xxxnumberxxx , ingin mendaftar paket freedom yang xxxnumberxxx ribu dapat xxxnumberxxx giga kak .","min, kenapa ya gak bisa kirim dm nih? nomorku xxxnumberxxx, pengen mdaftar paket freedom yang xxxnumberxxx ribu dapet xxxnumberxxx giga kak.",False,186,4200093,42,"[""min infonya klo upgrade simcard ke xxxnumberxxx g dapet bonus xxxnumberxxx . xxxnumberxxx gg selama xxxnumberxxx bulan . yaa"", ""min , boleh minta info no puk untuk no xxxnumberxxx"", ""min kalo mau transfer pulsa ke telkomsel bisa ga cuma xxxnumberxxx ribu gitu"", ""selamat pagi xxxuserxxx saya kan punya m - card dan xxxnumberxxx x - card , untuk free transactionnya apakah tiap kartu mendapat kuota masing - masing atau diakumulasikan dikedua kartu ?"", ""tolong hentikan sms xxxnumberxxx ke nomor saya . xxxnumberxxx . mengurangi pulsa saya ."", ""pulsa saya terakhir xxxnumberxxx xxxnumberxxx xxxnumberxxx xxxnumberxxx xxxnumberxxx an , terus isi ulang xxxnumberxxx . kenapa skrg jumlahnya hanya xxxnumberxxx ya ? nomer xxxnumberxxx"", ""dear indosat , sy mau isi paketan , tetapi kenapa tidak bisa ya , sudah sejak jam xxxnumberxxx tadi , pulsa sdh masuk tapi tdk bisa aktip"", ""sore min , ini ada keluhan nomer saya pulsa kesedot terus , padahal tidak berlangganan paket apapun . tolong di cek min + xxxnumberxxx xxxnumberxxx - xxxnumberxxx - xxxnumberxxx"", ""mengapa saya gagal beli paket flash sale ? maaf , kamu belum dapat melakukan registrasi paket ini . dapatkan penawaran terbaik di * xxxnumberxxx atau akses myim3"", ""saya beli voucher fisik indosat xxxnumberxxx gb unlimited , tapi gagal terus kenapa ya ?""]",False,10,2420,37,True,140,0.9973024,informal,1,0.8701244592666626,0.9137057065963745,286.80635812647716,False,0.0
google/gemma-3-4b-it,formal,informal,dense,,"admin , jne trucking dari medan ke pinang ranti berat sekitar xxxnumberxxx - xxxnumberxxx kilo berapa admin ? saya cek malah tambah mahal admin .","admin , jne trucking dari medan ke pinang ranti berapa admin ya berat sekitar xxxnumberxxx - xxxnumberxxx kilo tambah mahal gitu sih?",False,188,4200094,42,"[""min ini gimana ya ? saya abis beli voucher xxxnumberxxx xxxnumberxxx k pake go points . pas dipake cuma dapet potongan xxxnumberxxx xxxnumberxxx k ?"", ""cek resi ini min , delivery kurir dari jam xxxnumberxxx td belum dateng2 xxxnumberxxx xxxnumberxxx"", ""paket saya resi xxxnumberxxx dilaporkan oleh pihak jtr bandung klo barangnya hilang krn kapal terbakar . ini gimana ?"", ""xxxnumberxxx transaksi tersebut knp batal ? itu kan udh dikirim . kurir udh pickup"", ""jp xxxphonexxx min tolong dong ini paket saya ga nyampe nyampe , padahal ngirim sesama jakarta bisa xxxnumberxxx harian ."", ""kak , tadi coba mau beli pulsa telkomsel xxxnumberxxx xxxnumberxxx xxxnumberxxx k , tapi koq dibatalkan mulu ya ? apa stok nya lagi kosong ?"", ""no . transaksi xxxnumberxxx barang belum dikirim melebihi batas kirim , dana belum masuk ke saldo bl saya ."", "". ada apa dengan kurir pos . sampai saat ini belum juga update ongkir nya . padahal sudah dari tgl . xxxdatexxx sudah berlaku tarif baru ."", ""ka paket no resi ini xxxnumberxxx udah sampai dimana ya ?"", ""paket saya sampai mana ya ? resi xxxnumberxxx . thx""]",False,10,2196,31,True,133,0.99413824,informal,1,0.9606813192367554,0.9585778713226318,579.5576325389492,False,0.0
google/gemma-3-4b-it,formal,informal,dense,,"admin , m - banking saya terblokir karena lupa password . boleh dibantu cara aktivasi kembali m - banking saya ?","min, m-banking aq terblokir krna lupa password. bs bantu aktivasi lg m-banking aq?",False,190,4200095,42,"[""hai admin , sy baru saja update apl bri mobile . saat may login internet banking knp muncul aktivasi ya ? bisa dibantu ?"", ""halo selamat pagi , kalo atm mandiri terblokir krn salah pswrd , mandiri online ikut keblokir tdk ? tks"", ""oh ya mandiri online , tolong min knp saat proses masuk baru tak dpt sms"", ""kartu sim card xl saya sudah hilang dan saya ingin mengaktifasi nomor xl saya apakah bisa ? caranya bagaimana ?"", ""dear indosat , sy mau isi paketan , tetapi kenapa tidak bisa ya , sudah sejak jam xxxnumberxxx tadi , pulsa sdh masuk tapi tdk bisa aktip"", ""maaf min no saya tidak bisa dipakai internet , nelpon dll . mohon ditanggapi dm saya"", ""saya kirim uang , kenapa tidak masuk ? padahal status berhasil dan saldo sya terpotong"", ""min maaf mau tanya lg . kl mbca yg ke blokir , atm nya ga ikutan ke blokir jg kan ya ?"", ""selamat malam admin xxxuserxxx xxxuserxxx m - banking sedang ada gangguan kah ? kenapa sulit sekali untuk transfer"", ""saya melakukan pembukaan tabungan lewat bca mobile namun saat tahap untuk video call dengan customer service , selalu tidak bisa""]",False,10,2145,25,True,82,0.99707234,informal,1,0.8843891620635986,0.8966531157493591,115.83571611821927,False,0.0
google/gemma-3-4b-it,formal,informal,dense,,sudah dua hari macet begitu dari tanggal xxxnumberxxx tidak diantarkan . padahal sudah di kota saya ini kurirnya . mengapa ya tolong follow up jp xxxphonexxx .,"“udah lama banget nih min, dari tgl xxxnumberxxx belum juga dianter. padahal kurir udah di kota saya. kenapa ya min, tolong di follow up jp xxxphonexxx.”",False,192,4200096,42,"["". ada apa dengan kurir pos . sampai saat ini belum juga update ongkir nya . padahal sudah dari tgl . xxxdatexxx sudah berlaku tarif baru ."", ""jp xxxphonexxx min tolong dong ini paket saya ga nyampe nyampe , padahal ngirim sesama jakarta bisa xxxnumberxxx harian ."", ""kenapa ya kode promo saya grabwae tidak bisa digunakan ? padahal sejak tgl xxxdatexxx ini saya belum pernah sekalipun pakai kode promo tersebut"", ""halo barang sy dari tanggal xxxdatexxx sdh dijakarta , tp kenapa gak sampai2 min . tlg dicek min ."", ""ke grapari niat mau tuker sim ke xxxnumberxxx g . eh antriannya abis , pas pulang ditawarin nomor sama kang parkir . kumaha eta"", ""cek resi ini min , delivery kurir dari jam xxxnumberxxx td belum dateng2 xxxnumberxxx xxxnumberxxx"", ""sore min , ini ada keluhan nomer saya pulsa kesedot terus , padahal tidak berlangganan paket apapun . tolong di cek min + xxxnumberxxx xxxnumberxxx - xxxnumberxxx - xxxnumberxxx"", ""halo min tolong di bantu no resi jp xxxphonexxx dan jp xxxphonexxx status sudah diterima . tapi saya dan orang rumah belum terima paketnya . tolong dibantu ."", ""pengembalian saldo karena gagal penarikan membutuhkan waktu berapa lama ya ? saya sudah laporan xxxnumberxxx hari kerja sampai skr masih proses ditindak lanjuti terus"", ""halo gojek tolong masalah di selesai kan . dan xxxuserxxx sy udah follow up lg ya ini .""]",False,10,2463,43,True,153,0.9931185,informal,1,0.801702618598938,0.7569378018379211,79.35734218729186,False,0.0
google/gemma-3-4b-it,formal,informal,dense,,"jaringan internet xxxnumberxxx g saya error , hanya bisa h + . itu saja lambat sekali .","min, jaringan xxxnumberxxx g di sini error, cuma bisa h + . lama banget sih kayak gini.",False,194,4200097,42,"[""udah xxxnumberxxx menit stuck gini terus , padahal koneksi internet saya normal . tolong di bantu"", ""min di daerah kab . bandung sinyal xxxnumberxxx g hilang walaupun saya restart tetap hilang , mohon pengertiannya min"", ""sore min , ini ada keluhan nomer saya pulsa kesedot terus , padahal tidak berlangganan paket apapun . tolong di cek min + xxxnumberxxx xxxnumberxxx - xxxnumberxxx - xxxnumberxxx"", ""minta pencerahan nya hu . kok saldo ga msk ya , xxxnumberxxx trip xxxnumberxxx . ada apa kah ini"", ""ini kenapa lagi ya mau perpanjang internet ga bisa ? xxxnumberxxx juga ga bisa ?"", ""tolong hentikan sms xxxnumberxxx ke nomor saya . xxxnumberxxx . mengurangi pulsa saya ."", ""ini masih gangguan sinyal xxxnumberxxx g ga bisa aktif datanya ?"", ""dear indosat , sy mau isi paketan , tetapi kenapa tidak bisa ya , sudah sejak jam xxxnumberxxx tadi , pulsa sdh masuk tapi tdk bisa aktip"", ""min , yg paket internet malam hingga pukul xxxnumberxxx pagi itu yg jadi patokan xxxnumberxxx pagi wib atau xxxnumberxxx pagi waktu lokal user ?"", ""min , jaringan xxxnumberxxx g dilokasi ini error . tolong dibantu cek dong . tks before""]",False,10,2165,24,True,87,0.9970106,informal,1,0.8714371919631958,0.8657190799713135,797.6296880616975,False,0.0
google/gemma-3-4b-it,formal,informal,dense,,gimana ? j & t sudah xxxnumberxxx hari paket saya tidak ada perkembangan .,gimana? j & t sudah xxxnumberxxx hari paket saya tidak ada perkembangan.,False,196,4200098,42,"[""sudah hampir xxxnumberxxx hari paket belum rilis ? ada apa ?"", ""malam , mohon info paket saya sejak tanggal xxxnumberxxx tertahan dgn status itu . blm terkirim sampai sekarang , ada apa ya ?"", ""malam kak . paketan saya resi xxxnumberxxx sdh xxxnumberxxx hr kok ga berubah ubah statusnya kak ?"", ""sudah off , jaringannya jga udh xxxnumberxxx g / xxxnumberxxx g . tetep ga bisa"", ""ka paket no resi ini xxxnumberxxx udah sampai dimana ya ?"", ""sudah kak , sudah saya ganti ke xxxnumberxxx g tp ttp susah"", ""kak , tadi coba mau beli pulsa telkomsel xxxnumberxxx xxxnumberxxx xxxnumberxxx k , tapi koq dibatalkan mulu ya ? apa stok nya lagi kosong ?"", ""paket dengan resi xxxnumberxxx bagaimana ya kabarnya ? kok statusnya ga berubah ya ? kan yes"", ""halo . paket saya dengan no resi xxxnumberxxx tidak ada pergerakan dari kemarin . tolong konfirmasi nya"", ""saya mau tanya , ini saya mau beli paket yellow kenapa sama xxxnumberxxx tidak direspon / tidak dibalas""]",False,10,1983,18,True,72,0.952608,informal,1,1.0,1.0,928.3876424359901,False,0.0
google/gemma-3-4b-it,formal,informal,dense,,tidak ada bermain ps bersama sinb ?,“ga ada ps bareng sinb tuh ?”,False,198,4200099,42,"[""ngga ada kerjaan ya ? dimana2 ada"", ""tolong diperbaikan jaringan internet di cilacap yang sangat lemot"", ""maaf ka email ny tidk dpt di cari"", ""kotak masuk tidak penuh dan jaringan cukup stabil ."", ""kouta internetan langsung habis klu buka youtube sma streaming seharian"", ""bales chatnya mas crush padahal dia bales berjam - jam kemudian"", ""maksudnya lewat laptop via website ?"", ""pls ka nas kasian ga ada yang chat ni min"", ""perlu ada kampanye tertib lalu lintas ."", ""xtra kuota kok ga ada di aplikasi ?""]",False,10,1494,11,True,29,0.99746513,informal,1,0.6575148105621338,0.7415704727172852,2071.344984773941,True,0.0
google/gemma-3-4b-it,formal,informal,dense,,"xxxuserxxx mantap , sebanyak ini + sup krim hanya xxxnumberxxx .","xxxuserxxx keren banget , sebanyak ini + sup krim xxxnumberxxx .",False,200,4200100,42,"[""nih xxxuserxxx lemot banget xxxnumberxxx g nya"", ""xxxdatexxx kan xxxnumberxxx hari kedepan , ga lebih dari xxxnumberxxx hari , gimana ?"", ""sudah diturunkan ke xxxnumberxxx g / xxxnumberxxx g tp gagal terus | cc"", ""dibulan september ini semoga xxxuserxxx dan xxxuserxxx sparing promo ya"", ""belinya pake xxxuserxxx dapet cashback xxxpercentxxx lumayan dapat kopi gratisan"", ""gimana cara pengambilan paket datanya min xxxuserxxx ? sudah cek my telkomsel dan * xxxnumberxxx gak tersediaa ."", ""salah satu cerdikiawan tapi sayang memakai plastik . gmn nih ? xxxuserxxx & ibu"", ""jam xxxnumberxxx atau jam xxxnumberxxx masih ada gak tuh min ?"", ""sudah hampir xxxnumberxxx hari paket belum rilis ? ada apa ?"", ""shopee tangkap xxxnumberxxx miliar jam xxxnumberxxx malam xxxdatexxx""]",False,10,1790,16,True,64,0.13253246,formal,0,0.8909469842910767,0.9096115231513977,6403.431577855485,True,0.0
google/gemma-3-4b-it,formal,informal,dense,,"mas , mbak . seventeen ingin upload teaser nanti malam jam xxxnumberxxx . tolong aplikasinya jangan gangguan terus . saya ingin membeli paket . terima kasih . jangan lupa stan seventeen .","min , udah xxxnumberxxx hari ini saya mau gofood kok gak dapet driver terus ? apa aplikasi gojek lagi error ?",False,202,4200101,42,"[""hai jnt xxxuserxxx mau tanya dong kenapa paket yg saya kirim masih gini aja ya mohon pencerahannya"", ""dear indosat , sy mau isi paketan , tetapi kenapa tidak bisa ya , sudah sejak jam xxxnumberxxx tadi , pulsa sdh masuk tapi tdk bisa aktip"", ""lha gimana bos . urgen . telopon ke xxxnumberxxx nunggu lama bgt , giliran udh nyambung cs nanyanya panjang x lebar keburu habis pulsa masalah gak kelar ."", ""sore min , ini ada keluhan nomer saya pulsa kesedot terus , padahal tidak berlangganan paket apapun . tolong di cek min + xxxnumberxxx xxxnumberxxx - xxxnumberxxx - xxxnumberxxx"", ""saya mau tanya , ini saya mau beli paket yellow kenapa sama xxxnumberxxx tidak direspon / tidak dibalas"", ""selamat malam xxxuserxxx mau tanya , kenapa bonus kuota aplikasi nya gak bisa di pake ? malah kesedot terus kuota utama nya . terimakasih"", ""jam xxxnumberxxx lama bangett ! mau ngabisin kuota malem xxxuserxxx neh ! gabisa apa kuota malemnya di ganti jadi kuota siang"", ""halo xxxuserxxx gimana ya caranya kontak driver utk kirim paket same day xxxnumberxxx hours ? sama sekali gabisa ngirim nih . makasih"", ""sudah xxxnumberxxx hari , status belum juga berubah nih min . tadi udah telfon qc katanya cuma suruh nunggu"", ""min , udh xxxnumberxxx hari ini saya mau gofood kok gak dapet driver terus ? apa aplikasi gojek lagi error ?""]",False,10,2458,27,True,109,0.99854916,informal,1,0.5759029388427734,0.5230123996734619,267.17897665731766,False,0.8181818181818182
google/gemma-3-4b-it,formal,informal,dense,,"lagi pada beli motor , gan . masih inden xxxnumberxxx tahun .","""min, lagi beli motor tuh, gan. indennya masih xxxnumberxxx tahun nih.""",False,204,4200102,42,"[""jam xxxnumberxxx atau jam xxxnumberxxx masih ada gak tuh min ?"", ""mohon di fu jt xxxphonexxx udah xxxnumberxxx hari gk gerak gerak"", ""pasti pelanggan setia dong min , udah xxxnumberxxx tahun pake tri , merakyat banget kalau pake tri bikin irit ke uangan"", ""tadi ke bank xxxuserxxx trus gak ada apa2 dong di malah dipaksa buka tabungan buat anak sekolah"", ""keluar update versi xxxnumberxxx . xxxnumberxxx kapan min ?"", ""min tolong di bantu cek resi xxxnumberxxx , sudah xxxnumberxxx hari ndak ada pergerakan ."", ""min bales dong . udh xxxnumberxxx x24 jam cb ga masuk2 ."", ""tolong dong di proses . udah xxxnumberxxx hari gak ada perkembangan . duit gopay gue bln masuk masuk jg ."", ""kak , tadi coba mau beli pulsa telkomsel xxxnumberxxx xxxnumberxxx xxxnumberxxx k , tapi koq dibatalkan mulu ya ? apa stok nya lagi kosong ?"", ""min ini gimana ya ? saya abis beli voucher xxxnumberxxx xxxnumberxxx k pake go points . pas dipake cuma dapet potongan xxxnumberxxx xxxnumberxxx k ?""]",False,10,1990,20,True,71,0.99644536,informal,1,0.8935951590538025,0.7942987680435181,859.1653701240153,False,0.0
google/gemma-3-4b-it,formal,informal,dense,,"kak . kenapa saya tidak bisa membeli paket ? saya mau membeli yang xxxnumberxxx , pulsa saya juga tepat xxxnumberxxx . tetapi disini tulisannya adalah pulsa tidak cukup ?","kak, kenapa nih aku gak bisa beli paket? mau beli yang xxxnumberxxx, pulsa juga udah pas xxxnumberxxx, tapi tulisannya kok tulisannya pulsa gak cukup ya?",False,206,4200103,42,"[""sore min , ini ada keluhan nomer saya pulsa kesedot terus , padahal tidak berlangganan paket apapun . tolong di cek min + xxxnumberxxx xxxnumberxxx - xxxnumberxxx - xxxnumberxxx"", ""saya mau tanya , ini saya mau beli paket yellow kenapa sama xxxnumberxxx tidak direspon / tidak dibalas"", ""kak , tadi coba mau beli pulsa telkomsel xxxnumberxxx xxxnumberxxx xxxnumberxxx k , tapi koq dibatalkan mulu ya ? apa stok nya lagi kosong ?"", ""saya belipaket rp . xxxnumberxxx rb tapi kok tidak masuk ya ? padahal pulsanya udh kepotong"", ""tolong hentikan sms xxxnumberxxx ke nomor saya . xxxnumberxxx . mengurangi pulsa saya ."", ""dear indosat , sy mau isi paketan , tetapi kenapa tidak bisa ya , sudah sejak jam xxxnumberxxx tadi , pulsa sdh masuk tapi tdk bisa aktip"", ""minta pencerahan nya hu . kok saldo ga msk ya , xxxnumberxxx trip xxxnumberxxx . ada apa kah ini"", ""ini kenapa lagi ya mau perpanjang internet ga bisa ? xxxnumberxxx juga ga bisa ?"", ""min kalo mau transfer pulsa ke telkomsel bisa ga cuma xxxnumberxxx ribu gitu"", ""halo . paket saya dengan no resi xxxnumberxxx tidak ada pergerakan dari kemarin . tolong konfirmasi nya""]",False,10,2252,37,True,153,0.99518836,informal,1,0.8866205215454102,0.9599331021308899,104.18793809325456,False,0.0
google/gemma-3-4b-it,formal,informal,dense,,"kak xxxuserxxx , cek dm ya , terima kasih .","halo xxxuserxxx , dm cek ya thanks!",False,208,4200104,42,"[""hai , xxxuserxxx tolong cek dm saya ya , thanks !"", ""halo admin xxxuserxxx cek dm dong"", ""gimana cara dm nya kak ? nomor saya xxxnumberxxx"", ""dear xxxuserxxx , please check my dm ."", ""ohh gitu ya xxxuserxxx pilih kasih yaa"", ""halo xxxuserxxx sudah dibales kembali ya dmnya isi penjelasan saya . mohon dicek kembali . trims"", ""min , jaringan xxxnumberxxx g dilokasi ini error . tolong dibantu cek dong . tks before"", ""tolong xxxuserxxx ini di proses , modus penipuan"", ""haloo xxxuserxxx tolong baless dm sayaa"", ""tolong cek jb xxxphonexxx dr tgl xxxnumberxxx kok ga ada status lagi""]",False,10,1579,11,True,35,0.99659556,informal,1,0.892090916633606,0.8652141094207764,20119.961227386528,True,0.0
google/gemma-3-4b-it,formal,informal,dense,,halo xxxuserxxx apa three sedang gangguan ? kenapa lambat sekali internet saya .,"min, kenapa three internetnya lama banget sih? kok lambat banget ya koneksi saya?",False,210,4200105,42,"[""tolong dong xxxuserxxx dari kmaren sore jaringan nya full tapi nggak nyambung ke internet padahal kuota dah lumayan banyak"", ""dear indosat , sy mau isi paketan , tetapi kenapa tidak bisa ya , sudah sejak jam xxxnumberxxx tadi , pulsa sdh masuk tapi tdk bisa aktip"", ""tolong bantu , kenapa nomor simpati saya tidak bisa menerima sms dari nomor tri , padahal ditelpon bisa ."", ""min di daerah kab . bandung sinyal xxxnumberxxx g hilang walaupun saya restart tetap hilang , mohon pengertiannya min"", ""udah xxxnumberxxx menit stuck gini terus , padahal koneksi internet saya normal . tolong di bantu"", ""ini masih gangguan sinyal xxxnumberxxx g ga bisa aktif datanya ?"", ""saya beli voucher fisik indosat xxxnumberxxx gb unlimited , tapi gagal terus kenapa ya ?"", ""sore min , ini ada keluhan nomer saya pulsa kesedot terus , padahal tidak berlangganan paket apapun . tolong di cek min + xxxnumberxxx xxxnumberxxx - xxxnumberxxx - xxxnumberxxx"", ""mohon dibantu sinyal indosatnya koq lemot bgt . baru daftar pket internet padahal ."", ""sy pindah kartu simpati lama ke xxxnumberxxx g . katanya ada bonus kuota internet , tp kok sy ga dapet . mhon penjelasannya !""]",False,10,2187,18,True,81,0.9965984,informal,1,0.8138506412506104,0.7079228162765503,485.0156766374424,False,0.0
google/gemma-3-4b-it,formal,informal,dense,,"saya sudah kirim , admin . mohon dicek .","sudah saya kirim min , mohon dicek ya.",False,212,4200106,42,"[""baik min , sebentar lagi saya kirim lewat dm . terimakasih ."", ""selamat malam , tolong cek dm ya min , kiriman paket saya blm di kirim ."", ""sudah saya dm min , mohon di cek"", ""selamat siang kak , mohon dicek saya mengirimkan dm . terimakasih"", ""selamat siang min , saya minta bantuan untuk tracking paket . detail telah saya kirim via dm . terimakasih"", ""malam , saya mau mengembalikan barang krn salah kirim . diinfo harus upload bukti pengirimannya . uploadnya dimana ya ? makasih"", ""min tolong cek dm ya . terima kasih"", ""sudah saya dm . mohon di balas"", ""mohon cek dm saya , terima kasih"", ""selamat siang , mohon bantuannya untuk di follow up admin , karena saya butuh untuk segera dikirimkan , terima kasih""]",False,10,1707,13,True,38,0.99556196,informal,1,0.9463762044906616,0.788292646408081,685.8168169425501,False,0.0
google/gemma-3-4b-it,formal,informal,dense,,typo membuat salah paham .,"gara2 salah ketik , jadi salah paham .",False,214,4200107,42,"[""respon nya awalnya katanya masukin paswod salah pdhl dah benar . dan yg ke xxxnumberxxx stlh terblokir ga bs masukan kode otp ke apl ."", ""aduuw aku ngakak . tapi bener juga si wkwk"", ""wuah dm saya ga di - waro , bad service"", ""bisa jadi admin grabnya salah ketik ."", ""pulpen ditaro meja depan mata hilang di embat teman"", ""iya saya sudah menyetujui karena saya buru buru dan kurang paham . apakah bisa saya batalkan ?"", ""sudah xxxnumberxxx hari , status belum juga berubah nih min . tadi udah telfon qc katanya cuma suruh nunggu"", ""pulsa hilang terus , lalu jaringan cenat cenut kaya bisul mau pecah . lagi neken biaya produksi ya ? saya bayar loh , tapi setiap hari dikerjain ."", ""gapaham dengan keneeqmatan awal bulan ini , terima kasih xxxuserxxx makan siang saya hari ini cuma keluar seribu gopek"", ""di kebo sirih sinyal bolak balik e terus nih berhari2 . lagi ga stabil apa gimana sih ?""]",False,10,1873,11,True,38,0.5910085,informal,1,0.6183279752731323,0.6672910451889038,530.9463944890654,False,0.0
google/gemma-3-4b-it,formal,informal,dense,,sinyal xxxnumberxxx g full tapi tidak bisa dipakai . daerah jogja ini kenapa sudah hampir seminggu .,"min, sinyal xxxnumberxxx g full tapi gak bisa dipake nih, daerah jogja udah hampir seminggu kenapa?",True,216,4200108,42,"[""ini masih gangguan sinyal xxxnumberxxx g ga bisa aktif datanya ?"", ""jp xxxphonexxx min tolong dong ini paket saya ga nyampe nyampe , padahal ngirim sesama jakarta bisa xxxnumberxxx harian ."", ""sore min , ini ada keluhan nomer saya pulsa kesedot terus , padahal tidak berlangganan paket apapun . tolong di cek min + xxxnumberxxx xxxnumberxxx - xxxnumberxxx - xxxnumberxxx"", ""min di daerah kab . bandung sinyal xxxnumberxxx g hilang walaupun saya restart tetap hilang , mohon pengertiannya min"", ""tolong dong xxxuserxxx dari kmaren sore jaringan nya full tapi nggak nyambung ke internet padahal kuota dah lumayan banyak"", ""dear indosat , sy mau isi paketan , tetapi kenapa tidak bisa ya , sudah sejak jam xxxnumberxxx tadi , pulsa sdh masuk tapi tdk bisa aktip"", ""ini kenapa lagi ya mau perpanjang internet ga bisa ? xxxnumberxxx juga ga bisa ?"", ""sudah hampir xxxnumberxxx hari paket belum rilis ? ada apa ?"", ""telat bayar wifi pas mau bayar jadi xxxnumberxxx ribu"", ""min , yg paket internet malam hingga pukul xxxnumberxxx pagi itu yg jadi patokan xxxnumberxxx pagi wib atau xxxnumberxxx pagi waktu lokal user ?""]",False,10,2167,25,True,99,0.99723274,informal,1,0.9166093468666077,0.9139111042022705,605.4012240409801,False,0.0
google/gemma-3-4b-it,formal,informal,dense,,"halo admin , saya mau melaporkan sebuah toko . jadi penjualnya itu bersikap tidak sopan ke saya ( selaku pembeli ) dan saya merasa tersinggung dengan perkataan penjualnya .","“halo admin , ini knp penjualnya kasar ke saya (pelanggan) , kesel banget sama perkataannya.”",False,218,4200109,42,"[""selamat malam , admin . saya ingin melaporkan penipuan online yang terjadi pada saya kemarin , bisa di proses tidak ya ? terima kasih atas perhatiannya ."", ""pagi juga min . thanks sdh respon , dirumah cm ada istri aja min . ga ada yg terima . tetangga juga ga ada yg namanya sandi ."", ""tolong ditindak lanjuti penipuan baru min xxxuserxxx nomor tidak dikenal , sangat berbahaya , org yg gk tau pasti lgsg menurut apalagi fitur baru"", ""hey lazada ini knp dr kmrin sy buat laporan kok ga ada penanganan , lambat !"", ""halo pengaduan saya pengembalian dana ke kartu kredit belum di tangani . tolonglah jangan diam"", ""admin grab yang baik hati , saya minta tolong cek dm ya . terima kasih ."", ""betul , karna tidak mungkin saya menyampaikan keluhan via tweet . terdapat informasi penting soalnya"", ""halo admin , ini kenapa saya selalu di telpon oleh cs ? dan disaat jam kerja ."", ""woi penipu sampe kpn ga mau merespon keluhan gw ? xxxuserxxx liat aja bakal gw ramein trs cc :"", ""min xxxuserxxx saya mau komplain terkait dengan no resi jp xxxphonexxx barang diterima dalam keadaan plastik terbuka sehingga barang ada yg jatuh dan hilang""]",False,10,2257,25,True,93,0.99318683,informal,1,0.7598310708999634,0.8103556632995605,105.47816970178829,False,0.0
google/gemma-3-4b-it,formal,informal,dense,,"apakah harus memiliki pulsa yang banyak untuk menghubungi nomor itu ? memangnya , tidak ada twitter brilink ya ?","“kok pulsa saya yang dipotong pas mau telepon , gak ada twitter brilink ya ?”",False,220,4200110,42,"[""kenapa pulsa saya yang dipotong internetnya bukan quota saya ? dua kali lagi duh"", ""kantor post pulo gadung buka sampai jam berapa ya ? saya pengen melakukan pembayaran"", ""hanya alamat yang berubah . jadi harus ke cabang bca terdekat untuk ganti kartu atm ya . apakah ada biaya tambahan ?"", ""saya melakukan pembukaan tabungan lewat bca mobile namun saat tahap untuk video call dengan customer service , selalu tidak bisa"", ""saya mau tanya , apa nomor rekening yan sudah tidak di tambah saldo selama xxxnumberxxx tahun masih aktif / di gunakan"", ""kenapa nih ? banyak yang complaint voucher tidak bisa di akses termasuk saya juga gak bisa akses voucher"", ""saldo kepotong tapi uang nggak keluar . ini udah kali kedua saya melakukan penarikan tunai di atm ."", ""ini kenapa abis bayar pascabayar jadi gaada kuotanya ya ?"", ""selamat pagi , nanya dong ada nggak tabungan di bank mandiri yg buat milenial ?"", ""admin , ketika mau cek tagihan listrik , kenapa tidak bisa ? muncul pesan dibawah""]",False,10,2050,20,True,77,0.98985785,informal,1,0.78434157371521,0.627984881401062,366.5168985378514,False,0.0
google/gemma-3-4b-it,formal,informal,dense,,"tiga hari ini jaringan xxxnumberxxx g terhambat , xxxnumberxxx g terengah - engah . sedekar buka web saja lambat . tolong ditindaklanjuti .","tiga hari ini jaringan xxxnumberxxx g lambat banget , nge lag parah . buka web aja lama . tolong diurus ya .",False,222,4200111,42,"[""ini kenapa lagi ya mau perpanjang internet ga bisa ? xxxnumberxxx juga ga bisa ?"", ""langganan pencet * xxxnumberxxx ga bisa , pake apps ga bisa masuk juga !"", ""ada apa denganmu . xxxnumberxxx g loh itu"", ""pulsa saya terakhir xxxnumberxxx xxxnumberxxx xxxnumberxxx xxxnumberxxx xxxnumberxxx an , terus isi ulang xxxnumberxxx . kenapa skrg jumlahnya hanya xxxnumberxxx ya ? nomer xxxnumberxxx"", ""ini masih gangguan sinyal xxxnumberxxx g ga bisa aktif datanya ?"", ""saya beli voucher fisik indosat xxxnumberxxx gb unlimited , tapi gagal terus kenapa ya ?"", ""gak ada balasan sampai sekarang . apa karena cuma terpotong xxxnumberxxx xxxnumberxxx ribu aja ?"", ""xxxuserxxx , min kenapa paket tau di mytelkomsel saya cuma muncul xxxnumberxxx ? ( cuma heavy )"", ""sudah off , jaringannya jga udh xxxnumberxxx g / xxxnumberxxx g . tetep ga bisa"", ""fyi , android xxxnumberxxx baru saja launch tgl xxxdatexxx kemarin . dan hampir semua aplikasi banking tidak support .""]",False,10,2049,28,True,108,0.9789488,informal,1,0.6682535409927368,0.9294096827507019,265.40143133698973,False,0.0
google/gemma-3-4b-it,formal,informal,dense,,saya sudah menyelesaikan misi jugglenaut saat masih ada xxxnumberxxx + sisa hadiahnya . sampai sekarang belum dikirim hadiahnya .,udah xxxnumberxxx hari hadiahnya belum dtg ? + sisa hadiahnya udah kelar kok,False,224,4200112,42,"[""sudah hampir xxxnumberxxx hari paket belum rilis ? ada apa ?"", ""gak ada balasan sampai sekarang . apa karena cuma terpotong xxxnumberxxx xxxnumberxxx ribu aja ?"", ""kecewa sama xxxuserxxx yakin banget milih voucher cash back makanya tetap bayar ongkir , tp pas barang sampai coin cash back pun ga dapet !"", ""besok ada surprise deal xxxnumberxxx xxxnumberxxx gb lagi gak ? saya mau beli"", ""permisi admin bukalapak mohon konfirmasi top up dana saya sebesar rp xxxnumberxxx . xxxnumberxxx berikut bukti pembayaran terimakasih"", ""udah xxxnumberxxx hari say . template csnya sih suruh nunggu terus xxxnumberxxx x24 jam . tp ga pernah dibalik2in uangnya ."", ""jawabannya xxxnumberxxx . ikut kuis yuk"", ""ini xxxuserxxx kenapa ya udah xxxnumberxxx x top up ga masuk2 saldonya ?"", ""percuma , pulsa ku aja sisa xxxnumberxxx dan dikit lg berakhir"", ""mau tanya nih xxxuserxxx , apa benar ovo sedang mengalami trouble ? saya top up via xxxuserxxx sore tadi sampai sekarang xxxnumberxxx belum masuk juga .""]",False,10,2074,20,False,76,0.99861634,informal,1,0.6947247385978699,0.6855870485305786,1762.1398476696809,True,0.0
google/gemma-3-4b-it,formal,informal,dense,,tolong xxxuserxxx ditindaklanjuti yang seperti ini .,"min xxxuserxxx, tolong ditindaklanjuti ya!",False,226,4200113,42,"[""tolong xxxuserxxx ini di proses , modus penipuan"", ""nih xxxuserxxx lemot banget xxxnumberxxx g nya"", ""ohh gitu ya xxxuserxxx pilih kasih yaa"", ""min xxxuserxxx utk memberantas ini bagaimana ?"", ""ini sinyalnya knp ya skrg xxxuserxxx jelek bgtt"", ""sering² gini ya xxxuserxxx biar makin sayang aku nya"", ""waduh jadi gimana nih xxxuserxxx tolong di tindak lanjuti ya !"", ""yaang xxxuserxxx aku ikutan ini yaa"", ""hai , xxxuserxxx tolong cek dm saya ya , thanks !"", ""dear xxxuserxxx , please check my dm .""]",False,10,1505,15,True,42,0.99309933,informal,1,0.8508716225624084,0.7761393785476685,322.99643835162897,False,0.0
google/gemma-3-4b-it,formal,informal,dense,,"kalau paket cod gagal dikirim , bagaimana kelanjutannya ? pembeli susah dihubungi .","min, kalau paket COD gagal kirim, gimana kelanjutannya? pembeli susah dihubungi.",False,228,4200114,42,"[""min , ini kenapa saya gak bisa sms ya ? saya mau konfirmasi pembelian paket gagal mulu sms nya drtd ."", ""malam , mau komplain . paket statusnya sudah sampai . tapi saya belum terima paket . mohon bantuannya . terima kasih ."", ""paket saya sampai mana ya ? resi xxxnumberxxx . thx"", ""tolong paket saya blm saya terima tapi pas di check tracking ko udh delivered ?"", ""ni paket napa gagal kirim min ?"", ""malam , saya mau mengembalikan barang krn salah kirim . diinfo harus upload bukti pengirimannya . uploadnya dimana ya ? makasih"", ""kak tolong ini halodoc orderan saya ngga terkirim tapi di status tertulis terkirim"", ""jika pesanan tidak diproses penjual batal otomatis setelah brp hari ? di bukalapak tidak info spt itu ."", ""oh ya mandiri online , tolong min knp saat proses masuk baru tak dpt sms"", ""selamat malam , tolong cek dm ya min , kiriman paket saya blm di kirim .""]",False,10,1911,20,True,80,0.99425924,informal,1,0.9677711129188538,0.9374418258666992,190.34857970939825,False,0.0
google/gemma-3-4b-it,formal,informal,dense,,"bingung dengan xxxuserxxx sinyal tidak pernah stabil , sebanyak apapun isi kuota sepertinya tidak berpengaruh . sudah ubah xxxnumberxxx g pun tetap saja .","“min, kenapa sinyal xxxuserxxx gak stabil sih? padahal kuota udah banyak, gak ngefek juga tuh. udah coba xxxnumberxxx g juga gak ada perubahan.”",False,230,4200115,42,"[""selamat malam xxxuserxxx mau tanya , kenapa bonus kuota aplikasi nya gak bisa di pake ? malah kesedot terus kuota utama nya . terimakasih"", ""oo xxxuserxxx lagi eror . pntesan g bisa2 , dan aku harus ambil hotspot dr hp xxxnumberxxx nya yg pake xxxuserxxx lancar jaya , trimakasii"", ""ini masih gangguan sinyal xxxnumberxxx g ga bisa aktif datanya ?"", ""ini kenapa lagi ya mau perpanjang internet ga bisa ? xxxnumberxxx juga ga bisa ?"", ""min di daerah kab . bandung sinyal xxxnumberxxx g hilang walaupun saya restart tetap hilang , mohon pengertiannya min"", ""tolong dong xxxuserxxx dari kmaren sore jaringan nya full tapi nggak nyambung ke internet padahal kuota dah lumayan banyak"", ""gimana cara pengambilan paket datanya min xxxuserxxx ? sudah cek my telkomsel dan * xxxnumberxxx gak tersediaa ."", ""cek dm coba xxxuserxxx dari tadi komplen ngga ada respon , pulsa udah kepotong kena tarif per kb"", ""telat bayar wifi pas mau bayar jadi xxxnumberxxx ribu"", ""iya . pdhl sisa kuota masih cukuplah . xxxnumberxxx g + padahal""]",False,10,2128,38,True,144,0.9954984,informal,1,0.7826886177062988,0.721598207950592,64.07988453008132,False,0.0
google/gemma-3-4b-it,formal,informal,dense,,kenapa internet jadi lambat ? padahal sudah di pengaturan terus pilih jaringan manual tetap saja lambat .,"min, internetnya kok lama banget sih? udah diatur manual tetep aja lemot.",False,232,4200116,42,"[""min maaf lagi gangguan apa gimana ? dari tadi ga konek internet terus"", ""min , kenapa jaringan idup mati terus ya ? kudu pindah2 apn baru konek ."", ""mohon dibantu sinyal indosatnya koq lemot bgt . baru daftar pket internet padahal ."", ""normal apanya min , udah beberapa hari mati nyala terus . hari ini ga tau udah berapa kali , ga ngitung saking seringnya"", ""internet saya lemot sekali , apa ada yg salah dgn jaringan dsni ? atau karna paket data saya yg truble ?"", ""udah di coba sama semua . sinyal full tapi lemote ora omom"", ""admin , ketika mau cek tagihan listrik , kenapa tidak bisa ? muncul pesan dibawah"", ""tidak bisa akses internet sama sekali"", ""oi kok lemot sih ini sinyal pepek lqh , udah gua restart masih lemot"", ""udah xxxnumberxxx menit stuck gini terus , padahal koneksi internet saya normal . tolong di bantu""]",False,10,1886,19,True,73,0.9975534,informal,1,0.847217321395874,0.7141300439834595,140.35591439682145,False,0.0
google/gemma-3-4b-it,formal,informal,dense,,"ya dikasih kopi , kopi sudah mendarah daging .","""dikasih kopi , udah mendarah 🤤""",False,234,4200117,42,"[""kok aku ada disana si minum kopi"", ""nyerbu tempat makan kalo lagi laper"", ""mau makan malah kasih duit xxxuserxxx 🤣 🤣 🤣"", ""read dong , aku lapar nih mau go - food . belum ada makan dari pagi . tolong"", ""promo grab food semuanya mental ga bisa dipake . sedih akutu , xxxuserxxx . huhuhu"", ""kasian temenku ini , lagi kelaperan malah dijahatin mamang grab"", ""grabfood error , apakah saya harus beralih ke gofood ?"", ""kak pute ini udah malem masih aja kak kopir di - selamat siang - i"", ""min , udh xxxnumberxxx hari ini saya mau gofood kok gak dapet driver terus ? apa aplikasi gojek lagi error ?"", "": seberapa kamu ? 🧑 : aku gak suka buang makanan : terus ? 🧑 : jadi kalo makan kuaci aku makan sama kulitnya""]",False,10,1705,13,True,32,0.99779785,informal,1,0.8439314365386963,0.6722145080566406,286.197602850395,False,0.0
google/gemma-3-4b-it,formal,informal,dense,,"masih error , saya beralih saja ke kartu yang lain .","“masih error, ganti aja ke kartu lain.”",False,236,4200118,42,"[""iya kak terimakasih . tapi tadi sudah datang ke galeri indosatnya langsung . sudah normal lagi"", ""min , kenapa jaringan idup mati terus ya ? kudu pindah2 apn baru konek ."", ""udah di coba tapi masih ngga bisa . cek dm"", ""kartu sim card xl saya sudah hilang dan saya ingin mengaktifasi nomor xl saya apakah bisa ? caranya bagaimana ?"", ""ini masih gangguan sinyal xxxnumberxxx g ga bisa aktif datanya ?"", ""sudah kak , sudah saya ganti ke xxxnumberxxx g tp ttp susah"", ""maaf tapi saya masih bermasalah lagi"", ""kak gimana nih saya daftar paket yellow gak bisa bisa"", ""min , cara menambah masa aktif kartu loop gmna ?"", ""min gak bisa ganti nomer hp""]",False,10,1650,12,True,39,0.7499759,informal,1,0.8149817585945129,0.8423801064491272,192.5036561697269,False,0.0
google/gemma-3-4b-it,formal,informal,dense,,"selamat malam admin xxxuserxxx . saya baru isi pulsa xxxnumberxxx xxxnumberxxx k , tiba - tiba pulsa hilang entah kenapa . padahal belum saya lakukan apa - apa . sebel saya .","“min, malam ini pulsa saya xxxnumberxxx hilang tiba-tiba setelah isi pulsa xxxnumberxxx k. gak ngerti kenapa, sebel banget.”",False,238,4200119,42,"[""pulsa saya terakhir xxxnumberxxx xxxnumberxxx xxxnumberxxx xxxnumberxxx xxxnumberxxx an , terus isi ulang xxxnumberxxx . kenapa skrg jumlahnya hanya xxxnumberxxx ya ? nomer xxxnumberxxx"", ""tolong hentikan sms xxxnumberxxx ke nomor saya . xxxnumberxxx . mengurangi pulsa saya ."", ""sore min , ini ada keluhan nomer saya pulsa kesedot terus , padahal tidak berlangganan paket apapun . tolong di cek min + xxxnumberxxx xxxnumberxxx - xxxnumberxxx - xxxnumberxxx"", ""udah xxxnumberxxx menit stuck gini terus , padahal koneksi internet saya normal . tolong di bantu"", ""ini xxxuserxxx kenapa ya udah xxxnumberxxx x top up ga masuk2 saldonya ?"", ""min di daerah kab . bandung sinyal xxxnumberxxx g hilang walaupun saya restart tetap hilang , mohon pengertiannya min"", ""kak , tadi coba mau beli pulsa telkomsel xxxnumberxxx xxxnumberxxx xxxnumberxxx k , tapi koq dibatalkan mulu ya ? apa stok nya lagi kosong ?"", ""gimana cara pengambilan paket datanya min xxxuserxxx ? sudah cek my telkomsel dan * xxxnumberxxx gak tersediaa ."", ""dear indosat , sy mau isi paketan , tetapi kenapa tidak bisa ya , sudah sejak jam xxxnumberxxx tadi , pulsa sdh masuk tapi tdk bisa aktip"", ""halo mas / mba xxxuserxxx ini nomor halo saya udah xxxnumberxxx hari gak bisa dipake . rugi dong bayar tagihan doang tapi gak kepake ~""]",False,10,2424,31,True,124,0.9836135,informal,1,0.8236438035964966,0.7520878314971924,124.1132148336873,False,0.0
google/gemma-3-4b-it,formal,informal,dense,,"kencan bahagia itu makan malam bersama kekasih di kfc bayarnya , kenyangnya dapat , romantisnya dapat , plus dapat cashback xxxpercentxxx dari xxxuserxxx . mantap betul , mantap betul , mantap betul .","""kencan seru makan malam sama pacar di kfc bayarnya, kenyangnyaaaaa, romantisnyaaaaa, plus cashback xxxpercentxxx dari xxxuserxxx. mantap betul, mantap betul, mantap betul.""",False,240,4200120,42,"[""belinya pake xxxuserxxx dapet cashback xxxpercentxxx lumayan dapat kopi gratisan"", ""sekencang - kencangnya mantan gebet cewek baru abis putus , lebih kencang lagi admin twitter xxxuserxxx dan tim kreatifnya memanfaatkan konten viral dengan menjadikannya konten marketing ."", ""makasih syg bonus kuota xxxnumberxxx gb nya , lumayan lah sehari juga buat streaming wkwk"", ""promo grab food semuanya mental ga bisa dipake . sedih akutu , xxxuserxxx . huhuhu"", ""kalau aku ketika melihat diskon xxxpercentxxx grab langsung cuepeett"", ""selamat malam xxxuserxxx mau tanya , kenapa bonus kuota aplikasi nya gak bisa di pake ? malah kesedot terus kuota utama nya . terimakasih"", ""gapaham dengan keneeqmatan awal bulan ini , terima kasih xxxuserxxx makan siang saya hari ini cuma keluar seribu gopek"", ""halo xxxuserxxx , aplikasi grab di iphone se saya kok jadi berat banget ya apalagi kalau pesan grabfood suka ngehang ."", ""mau makan malah kasih duit xxxuserxxx 🤣 🤣 🤣"", ""apakah bisa menggunakan xxxnumberxxx paket sekaligus ( xtra combo vip + xtra kuota ?""]",False,10,2199,46,True,173,0.8760327,informal,1,0.906592845916748,0.8974199891090393,109.26739739474317,False,0.0
google/gemma-3-4b-it,formal,informal,dense,,admin . transaksi xxxnumberxxx belum di pick up kurir terus - menerus sudah xxxnumberxxx hari . bisa bantu percepat ?,"min , trx xxxnumberxxx blum di ambil kurir udh xxxnumberxxx hari . bs bantu percepat ya?",False,242,4200121,42,"[""transaksi xxxnumberxxx sudah diterima tgl xxxnumberxxx jam xxxnumberxxx siang harap segera diremit dananya"", ""malam kak . paketan saya resi xxxnumberxxx sdh xxxnumberxxx hr kok ga berubah ubah statusnya kak ?"", ""gak ada balasan sampai sekarang . apa karena cuma terpotong xxxnumberxxx xxxnumberxxx ribu aja ?"", ""no transaksi saya xxxnumberxxx . saya udah nunggu xxxnumberxxx hr dana ga balik2 . duit nya ga sedikit . tanggung jawab dong dana org kok di tahan2 !"", ""min , jaringan xxxnumberxxx g dilokasi ini error . tolong dibantu cek dong . tks before"", ""pulsa saya terakhir xxxnumberxxx xxxnumberxxx xxxnumberxxx xxxnumberxxx xxxnumberxxx an , terus isi ulang xxxnumberxxx . kenapa skrg jumlahnya hanya xxxnumberxxx ya ? nomer xxxnumberxxx"", ""udah xxxnumberxxx hari say . template csnya sih suruh nunggu terus xxxnumberxxx x24 jam . tp ga pernah dibalik2in uangnya ."", ""cek resi ini min , delivery kurir dari jam xxxnumberxxx td belum dateng2 xxxnumberxxx xxxnumberxxx"", ""sudah xxxnumberxxx x24 jam transaksi pengisian pulsa pd tgl xxxnumberxxx agustus xxxnumberxxx pkl xxxnumberxxx ko blm masuk jg ya min ?"", ""min tolong di bantu cek resi xxxnumberxxx , sudah xxxnumberxxx hari ndak ada pergerakan .""]",False,10,2275,26,True,88,0.9984127,informal,1,0.8188396692276001,0.6923268437385559,558.4423797195062,False,0.0
google/gemma-3-4b-it,formal,informal,dense,,saya tarik saldo dari aplikasi linkaja ke rekening bank bri saya kenapa sampai sekarang masih pending ?,"“saya tarik saldo dari linkaja ke bri, kok lama banget masih pending ya?”",False,244,4200122,42,"[""withdraw saldo gak masuk2 ke bri saya ."", ""saldo kepotong tapi uang nggak keluar . ini udah kali kedua saya melakukan penarikan tunai di atm ."", ""saya kirim uang , kenapa tidak masuk ? padahal status berhasil dan saldo sya terpotong"", ""saya melakukan pembukaan tabungan lewat bca mobile namun saat tahap untuk video call dengan customer service , selalu tidak bisa"", ""tadi saya topup ke shopee pay , sudah berhasil tapi kok di aplikasi tetep xxxnumberxxx ya ? tolong baca dm saya ya . terimakasih"", ""saya mau tanya , apa nomor rekening yan sudah tidak di tambah saldo selama xxxnumberxxx tahun masih aktif / di gunakan"", ""sudah saya coba telpon ke mandiri nya . dan bener saldo saya kedebit xxxnumberxxx x . mohon bantuannya . nomor pelaporan mandiri : c190909991030424630"", ""pengembalian saldo karena gagal penarikan membutuhkan waktu berapa lama ya ? saya sudah laporan xxxnumberxxx hari kerja sampai skr masih proses ditindak lanjuti terus"", ""saya salah pilihan isi resi , harusnya otomatis dari sicepat tapi saya malah terlanjur bayar cash , nomor resinya bisa diedit nggak ya ?"", ""limit transfer dr bca ke bank lain per hari brp ya via klikbca ?""]",False,10,2209,18,True,73,0.98975265,informal,1,0.884211540222168,0.8264398574829102,111.712707246545,False,0.0
google/gemma-3-4b-it,formal,informal,dense,,jawabannya a . asuransi . ikutan ayo xxxuserxxx xxxuserxxx xxxuserxxx selesai follow semua media sosial .,jawabannya a . asuransi link yaa xxxuserxxx xxxuserxxx selesai follow semua yaa 👍,False,246,4200123,42,"[""asuransi link tersebut berada di posisi no xxxnumberxxx xxxuserxxx xxxuserxxx xxxuserxxx * xxxnumberxxx"", ""bismillah jawaban : a yuk ikutan gaes xxxuserxxx xxxuserxxx xxxuserxxx 🤲"", ""yaang xxxuserxxx aku ikutan ini yaa"", ""ini xxxuserxxx kenapa ya udah xxxnumberxxx x top up ga masuk2 saldonya ?"", ""belinya pake xxxuserxxx dapet cashback xxxpercentxxx lumayan dapat kopi gratisan"", ""ikon fitur asuransi link aja di nomor xxxnumberxxx"", ""ayo xxxuserxxx atau xxxuserxxx ambil alih pembinaan bulutangkis"", ""tolong xxxuserxxx ini di proses , modus penipuan"", ""ini kenapa ya ? xxxuserxxx orang mau beli pulsa gara2 ini jadi batal . ini sampe berapa lama ?"", ""fitur asuransi linkaja ada di no . xxxnumberxxx""]",False,10,1761,21,False,81,0.99717665,informal,1,0.8511447906494141,0.8695151805877686,4665.6961238033855,True,0.0
google/gemma-3-4b-it,formal,informal,dense,,berarti kalau tidak di on / off kan dulu airplane modenya tetap pakai kuota regular ?,"""terus kalau gak dinyalain/dimatain pesawatnya, tetap bisa pakai kuota biasa?""",False,248,4200124,42,"[""sudah off , jaringannya jga udh xxxnumberxxx g / xxxnumberxxx g . tetep ga bisa"", ""ini kenapa abis bayar pascabayar jadi gaada kuotanya ya ?"", ""sama masih jg jaringan naik turun"", ""tolong dong xxxuserxxx dari kmaren sore jaringan nya full tapi nggak nyambung ke internet padahal kuota dah lumayan banyak"", ""udah di coba tapi masih ngga bisa . cek dm"", ""pake wipi ( vsat . seluler mati udah mau xxxnumberxxx minggu"", ""sudah kak , sudah saya ganti ke xxxnumberxxx g tp ttp susah"", ""normal apanya min , udah beberapa hari mati nyala terus . hari ini ga tau udah berapa kali , ga ngitung saking seringnya"", ""ini masih gangguan sinyal xxxnumberxxx g ga bisa aktif datanya ?"", ""jb xxxphonexxx , sudah seminggu paket ngga nyampe , padahal masih dalam jakarta , ini malah dikirm ke surabaya buat apa coba ? jnt sistemnya gimana sih ?""]",False,10,1866,22,True,78,0.9714901,informal,1,0.5356388092041016,0.7395749092102051,136.49817765704896,False,0.0
google/gemma-3-4b-it,formal,informal,dense,,"saya tunggu respon disini , segera ! sebelum dapat jawaban saya retweet simultan supaya ingat !","udah aku tunggu responnya di sini , segera ! biar gak lupa, aku retweet dulu ya . makasih .",False,250,4200125,42,"[""min mohon cek dm , ditunggu responnya , makasih"", ""selamat siang , mohon bantuannya untuk di follow up admin , karena saya butuh untuk segera dikirimkan , terima kasih"", ""baik min , sebentar lagi saya kirim lewat dm . terimakasih ."", ""mohon cek dm saya , terima kasih"", ""selamat siang kak , mohon dicek saya mengirimkan dm . terimakasih"", ""mas , mbak , respon mention saya dong . lambat banget deh pelayanannya ."", ""mohon bantuan segera ya min , saya tunggu"", ""udah aku dm ya min , tolong responnya ."", ""admin grab yang baik hati , saya minta tolong cek dm ya . terima kasih ."", ""sudah saya dm min , mohon di cek""]",False,10,1663,24,True,91,0.98065966,informal,1,0.7750034928321838,0.8843721747398376,386.43605195481615,False,0.0
google/gemma-3-4b-it,formal,informal,dense,,"maaf , apakah memang lagi gangguan ? mulai tadi tidak bisa cek dan beli kuota .","min maaf , lagi gangguan gak ya ? mulai tadi gak bisa liat sama beli kuota nih",False,252,4200126,42,"[""ini masih gangguan sinyal xxxnumberxxx g ga bisa aktif datanya ?"", ""lagi gangguan ya tidak bisa telp , sms dan internetan"", ""iya kak terimakasih . tapi tadi sudah datang ke galeri indosatnya langsung . sudah normal lagi"", ""min maaf lagi gangguan apa gimana ? dari tadi ga konek internet terus"", ""tolong dong xxxuserxxx dari kmaren sore jaringan nya full tapi nggak nyambung ke internet padahal kuota dah lumayan banyak"", ""baiklah , terimakasih . tapi saya kan tidak sedang berlangganan apa - apa tapi kenapa pulsa saya kesedot ya min ? kira - kira bagaimana ya mengeceknya ? sebelumnya tidak pernah"", ""ini kenapa abis bayar pascabayar jadi gaada kuotanya ya ?"", ""min di daerah kab . bandung sinyal xxxnumberxxx g hilang walaupun saya restart tetap hilang , mohon pengertiannya min"", ""malam , mohon info paket saya sejak tanggal xxxnumberxxx tertahan dgn status itu . blm terkirim sampai sekarang , ada apa ya ?"", ""udah di coba tapi masih ngga bisa . cek dm""]",False,10,1991,20,False,78,0.9986082,informal,1,0.8616594076156616,0.8536880016326904,335.70576115632906,False,0.0
google/gemma-3-4b-it,formal,informal,dense,,"beli token listrik admin , karena sudah mau habis .","""beli token listrik dong admin, udah mau abis nih""",False,254,4200127,42,"[""sudah min . tolong dong . beli token listrik mah lancar"", ""min saran shopeepay later bisa juga dong buat beli pulsa , paket data , dan listrik wkwk"", ""ini kenapa abis bayar pascabayar jadi gaada kuotanya ya ?"", ""admin , ketika mau cek tagihan listrik , kenapa tidak bisa ? muncul pesan dibawah"", ""toped sudah tidak bisa cicilan lagi ?"", ""saya salah pilihan isi resi , harusnya otomatis dari sicepat tapi saya malah terlanjur bayar cash , nomor resinya bisa diedit nggak ya ?"", ""kalo beli ginian masa aktif ikut nambah gak bossku ? tks"", ""grab paket hemat saya billingnya itu tgl xxxnumberxxx juli xxxnumberxxx sekarang aja udh agustus kok subscribe nya masih aktif ya ?"", ""giliran ntar bikin baru , tetep ga dapet voucher"", ""saya kirim uang , kenapa tidak masuk ? padahal status berhasil dan saldo sya terpotong""]",False,10,1818,14,True,50,0.9975936,informal,1,0.844794511795044,0.8301147818565369,76.69321419472728,False,0.0
google/gemma-3-4b-it,formal,informal,dense,,saldo grab dan ovo kan sudah menyatu sekarang .,“Saldo Grab sama Ovo udah gabung sekarang tuh.”,False,256,4200128,42,"[""halo saya top up grab ovo lewat atm barusan tapi kok belum masuk ya ?"", ""min top up di aplikasi ovo kok gabisa nyambung di ovonya grab si . padahal nomornya udah samaa )"", ""halo min saldo ovo ga muncul di grab , padahal nomor hp sudah sama . tolong cek dm ya min"", ""min , kmaren sy naik grab tp kok nda bisa bayar pake saldo gopay"", ""min nenek saya naik grab udh saya bayar pake ovo eh pas turun nenek saya bayar cash lagi , cara ovonya biar balik gimana ya ?"", ""grabfood error , apakah saya harus beralih ke gofood ?"", ""di busway dan tol bisa normal digunakan , atau buat naik commuter agak berbeda ? mohon info , sayang2 saldo flazz saya kalau dianggap kadaluarsa"", ""ini kenapa abis bayar pascabayar jadi gaada kuotanya ya ?"", ""grab ada kode promo utk grab send terbaru ga ? kok yg antarjkt eired ya"", ""saya udh topup gopay , kenapaa saldo saya tidak bertambah ?""]",False,10,1867,13,True,47,0.9960586,informal,1,0.7870237827301025,0.7814260721206665,439.8397792197292,False,0.0
google/gemma-3-4b-it,formal,informal,dense,,tolong admin dikasih bonus untuk masnya .,"min , tolong bantuannya . kasih bonus buat masnya dong .",True,258,4200129,42,"[""aku salut sekali sama abangnya , niat banget ! boleh kali abangnya nih dikasi bonus"", ""min , biaya transfer ke bank free terus apa ada jatah maksimal tiap bulannya ?"", ""min , minta naik gaji min , ganti hp"", ""min , tolong bantuannya . gojek instant nelponin saya terus nanya supaya diselesaikan transaksinya . biasanya otomatis kan ?"", ""pelayanan untuk customer sangat ramah tapi saya mau nanya , potongan kuota xxxnumberxxx xxxnumberxxx mb itu untuk donasi apa ya ?"", ""selamat siang , mohon bantuannya untuk di follow up admin , karena saya butuh untuk segera dikirimkan , terima kasih"", ""bos hari keberapa ini ga masuk2 kuota saya , sudah cukup sabar ya bos !"", ""thanks ! semoga selain bagi - bagi rejeki ke customer , grab bisa terus meningkatkan kesejahteraan drivernya juga . mulai dari memperlakukan mereka sebagai ' pekerja , bukan ' mitra ."", ""mohon bantuan segera ya min , saya tunggu"", ""min agen mapan terpilih ada dimana aja ya ? saya mau beli paket voucher gojek nih""]",False,10,1975,15,True,56,0.9830966,informal,1,0.8248921632766724,0.6844267249107361,605.4479916507777,False,0.0
google/gemma-3-4b-it,formal,informal,dense,,halo xl . saya mau lapor untuk tujuan pemblokiran nomor handphone yang dipakai untuk menipu . bagaimana caranya ? surat polisi sudah siap .,"“min , mau laporan soal nomor saya di blokir karena dipake tipu , udah siap surat polisi , gmna caranya ya?”",False,260,4200130,42,"[""kartu sim card xl saya sudah hilang dan saya ingin mengaktifasi nomor xl saya apakah bisa ? caranya bagaimana ?"", ""hai , selamat sore . saya baru saja membeli kartu sim simpati . dan udah coba registrasi , tapi ga ada respon . tolong bantuannya ."", ""dear indosat , sy mau isi paketan , tetapi kenapa tidak bisa ya , sudah sejak jam xxxnumberxxx tadi , pulsa sdh masuk tapi tdk bisa aktip"", ""maaf min no saya tidak bisa dipakai internet , nelpon dll . mohon ditanggapi dm saya"", ""min kalau mau buat nomer kartu halo baru yang xxxnumberxxx itu bagaimana prosedur dan biayanya ?"", ""sy pindah kartu simpati lama ke xxxnumberxxx g . katanya ada bonus kuota internet , tp kok sy ga dapet . mhon penjelasannya !"", ""halo mas / mba xxxuserxxx ini nomor halo saya udah xxxnumberxxx hari gak bisa dipake . rugi dong bayar tagihan doang tapi gak kepake ~"", ""selamat malam , admin . saya ingin melaporkan penipuan online yang terjadi pada saya kemarin , bisa di proses tidak ya ? terima kasih atas perhatiannya ."", ""sore min , ini ada keluhan nomer saya pulsa kesedot terus , padahal tidak berlangganan paket apapun . tolong di cek min + xxxnumberxxx xxxnumberxxx - xxxnumberxxx - xxxnumberxxx"", ""saya mau tanya , ini saya mau beli paket yellow kenapa sama xxxnumberxxx tidak direspon / tidak dibalas""]",False,10,2382,29,True,108,0.99827826,informal,1,0.7728322148323059,0.685073971748352,130.41190941067364,False,0.0
google/gemma-3-4b-it,formal,informal,dense,,admin . proses pengembalian pulsanya berapa lama ?,"“Halo, mau tanya mengenai proses pengembalian pulsa, perkiraan berapa lama ya?”",False,262,4200131,42,"[""selamat malam , mau tanya kalo proses pengembalian dana ( selisih ongkir ) biasanya berapa lama ya min ?"", ""pengembalian saldo karena gagal penarikan membutuhkan waktu berapa lama ya ? saya sudah laporan xxxnumberxxx hari kerja sampai skr masih proses ditindak lanjuti terus"", ""kalau ajukan pembatalan dimana pesanan barang yg dibeli sudah dibayar dan bayarnya pakai kartu kredit . mekanisme pengembalian dananya bagaimana ya ?"", ""saya kirim uang , kenapa tidak masuk ? padahal status berhasil dan saldo sya terpotong"", ""malam , saya mau mengembalikan barang krn salah kirim . diinfo harus upload bukti pengirimannya . uploadnya dimana ya ? makasih"", ""halo pengaduan saya pengembalian dana ke kartu kredit belum di tangani . tolonglah jangan diam"", ""kantor post pulo gadung buka sampai jam berapa ya ? saya pengen melakukan pembayaran"", ""jika pesanan tidak diproses penjual batal otomatis setelah brp hari ? di bukalapak tidak info spt itu ."", ""kira2 berapa lama ya prosesnyaa . saya pengajuannya kemarin . kira2 kapan saya bisa dapet notifny"", ""admin , ketika mau cek tagihan listrik , kenapa tidak bisa ? muncul pesan dibawah""]",False,10,2133,20,True,79,0.86925715,informal,1,0.7529537677764893,0.6535325646400452,35.735614434715096,False,0.0
google/gemma-3-4b-it,formal,informal,dense,,untuk grapari jogja dimana ya admin ?,"min , grapari jogja dimana ya ?",False,264,4200132,42,"[""saat ini sudah di jogja blm ?"", ""min agen mapan terpilih ada dimana aja ya ? saya mau beli paket voucher gojek nih"", ""apakah di bca kc purwokerto ada weekend banking ? tq"", ""min , ada kontak tlpn yang bisa dihubungi ?"", ""sudah ada di dm semua . lokasi dan nomor"", ""halo admin , ini kenapa saya selalu di telpon oleh cs ? dan disaat jam kerja ."", ""untuk no rek ponsel minimal nominal brp ya"", ""driver grab di jogja lg pada gereja berjamaah apa kopdar si anjir masa xxxnumberxxx menit nyoba grabfood berkali kali gaada yg ambil pesenan"", ""halo min , kalo paket saya misroute gimana ya ?"", ""halo kak admin , saya dm , mohon dicek makasi""]",False,10,1626,9,True,31,0.9972881,informal,1,0.931311309337616,0.7384116649627686,5843.8455313562245,True,0.0
google/gemma-3-4b-it,formal,informal,dense,,supaya dapat main bareng di sela - sela penyusunan laporan magang dan skripsi .,"""biar bisa main bareng di sela - sela ngerjain laporan magang sama skripsi deh""",False,266,4200133,42,"[""driver di jogja pada ngapain ea kok sibuk semuaa hh laper neh"", ""driver xxxuserxxx di jogja malam ini sibuk semua . warbiasakk . sejam klak klik klak klik busy mulu ."", ""tolong dong jaringan , kerjaan jadi gabener gara gara jaringan dari semalem lemot"", ""min , tolong bantuannya . gojek instant nelponin saya terus nanya supaya diselesaikan transaksinya . biasanya otomatis kan ?"", ""iyaa mas ndang dibenerin yaa . apalagi buat airlangga kampus c lemott telkomsel"", ""thanks ! semoga selain bagi - bagi rejeki ke customer , grab bisa terus meningkatkan kesejahteraan drivernya juga . mulai dari memperlakukan mereka sebagai ' pekerja , bukan ' mitra ."", ""ya ampun semoga cepet masuk ya ka saldonya . xxxuserxxx min cepet ditindaklanjutin dong masalahnya"", ""hi , admin . mohon bantuan untuk hapus akun gojek saya yg lama ? terimakasih ."", ""bales chatnya mas crush padahal dia bales berjam - jam kemudian"", ""malam . ini kenapa yaa ? mohon infoo . thank you""]",False,10,1987,25,True,79,0.9962895,informal,1,0.8124223947525024,0.8256070017814636,37.05112542171388,False,0.0
google/gemma-3-4b-it,formal,informal,dense,,nilai pelanggaran rp xxxnumberxxx ribu . dikurangi biaya ojek ( standar harga xxxuserxxx : rp xxxnumberxxx ribu . total bayar : rp xxxnumberxxx ribu .,"""nilai pelanggaran rp xxxnumberxxx ribu , dikurangi biaya ojek ( standar harga xxxuserxxx : rp xxxnumberxxx ribu . total bayar : rp xxxnumberxxx ribu .""",False,268,4200134,42,"[""asuransi link tersebut berada di posisi no xxxnumberxxx xxxuserxxx xxxuserxxx xxxuserxxx * xxxnumberxxx"", ""pulsa saya terakhir xxxnumberxxx xxxnumberxxx xxxnumberxxx xxxnumberxxx xxxnumberxxx an , terus isi ulang xxxnumberxxx . kenapa skrg jumlahnya hanya xxxnumberxxx ya ? nomer xxxnumberxxx"", ""min infonya klo upgrade simcard ke xxxnumberxxx g dapet bonus xxxnumberxxx . xxxnumberxxx gg selama xxxnumberxxx bulan . yaa"", ""tolong hentikan sms xxxnumberxxx ke nomor saya . xxxnumberxxx . mengurangi pulsa saya ."", ""selamat siang , voucher shopee senilai xxxnumberxxx xxxnumberxxx xxxnumberxxx ribu apakah ketika melakukan pembelian melebihi nominal tsb dapat dibayar dengan cash ? mohon infonya . trims ."", ""gimana cara pengambilan paket datanya min xxxuserxxx ? sudah cek my telkomsel dan * xxxnumberxxx gak tersediaa ."", ""ini xxxuserxxx kenapa ya udah xxxnumberxxx x top up ga masuk2 saldonya ?"", ""gak ada balasan sampai sekarang . apa karena cuma terpotong xxxnumberxxx xxxnumberxxx ribu aja ?"", ""selamat pagi xxxuserxxx saya kan punya m - card dan xxxnumberxxx x - card , untuk free transactionnya apakah tiap kartu mendapat kuota masing - masing atau diakumulasikan dikedua kartu ?"", ""xxxdatexxx kan xxxnumberxxx hari kedepan , ga lebih dari xxxnumberxxx hari , gimana ?""]",False,10,2381,39,True,152,0.06675256,formal,0,0.9768131971359253,0.9374781847000122,87.55470631431257,False,0.0
google/gemma-3-4b-it,formal,informal,dense,,sudah mulai goyah sama indosat hahaha .,"""kok indosatnya udah goyah gini sih hahaha""",False,270,4200135,42,"[""waduhh emg indosat bermasalah mulu nih , mana pulsa suka kesedot tbtb . ingin rasanya ganti provider sj"", ""mau nangis kesel banget paket yellow susah banget diaktifin tolong min gabisa bljr w"", ""di kebo sirih sinyal bolak balik e terus nih berhari2 . lagi ga stabil apa gimana sih ?"", ""telkomsel kenapa nih kok sinyalnya ilangg"", ""saya pakai xl prioritas kok lemotnya minta ampun ya ? padahal dulu kenceng bangett , apa lagi ada maintenance ?"", ""eyy min , ini kenapa sih indosat kok gabisa dipasang paket"", ""belom ada promo lagi woy bisa bisa ganti operator ini mah"", ""iya kak terimakasih . tapi tadi sudah datang ke galeri indosatnya langsung . sudah normal lagi"", ""iyaa mas ndang dibenerin yaa . apalagi buat airlangga kampus c lemott telkomsel"", ""kak indosat baru troble ato gmn ya ? kok kartu saya gk ada sinyal""]",False,10,1810,14,True,43,0.9979087,informal,1,0.854063868522644,0.33263206481933594,266.2479010353164,False,0.0
google/gemma-3-4b-it,formal,informal,dense,,shopee terbaik karena bisa memakai dua voucher dalam sekali checkout !,"""shopee mantep banget bisa pake dua voucher pas checkout!""",False,272,4200136,42,"[""shopee gabisa bayar tagihan indosat pascabayar ya min ?"", ""selamat siang , voucher shopee senilai xxxnumberxxx xxxnumberxxx xxxnumberxxx ribu apakah ketika melakukan pembelian melebihi nominal tsb dapat dibayar dengan cash ? mohon infonya . trims ."", ""min saran shopeepay later bisa juga dong buat beli pulsa , paket data , dan listrik wkwk"", ""ini di umumin yg dapet vouchernya kapan ya ?"", ""kecewa sama xxxuserxxx yakin banget milih voucher cash back makanya tetap bayar ongkir , tp pas barang sampai coin cash back pun ga dapet !"", ""shopee tangkap xxxnumberxxx miliar jam xxxnumberxxx malam xxxdatexxx"", ""tadi saya topup ke shopee pay , sudah berhasil tapi kok di aplikasi tetep xxxnumberxxx ya ? tolong baca dm saya ya . terimakasih"", ""terimakasih shopee atas diskon nya dan membuat diri ini sangat kalap !"", ""min ini gimana ya ? saya abis beli voucher xxxnumberxxx xxxnumberxxx k pake go points . pas dipake cuma dapet potongan xxxnumberxxx xxxnumberxxx k ?"", ""min ada promo engga untuk pertama order go massage ?""]",False,10,2043,14,True,58,0.99711263,informal,1,0.7420527935028076,0.8697635531425476,458.9387415219978,False,0.0
google/gemma-3-4b-it,formal,informal,dense,,"hi admin . saya sudah memesan barang . sudah ditransfer juga . tapi mengapa setelah melakukan pembayaran , tulisannya pemesanan tidak sah ?","min , udah transfer brg , kok pemesanan gak sah ya setelah bayar ? makasih .",False,274,4200137,42,"[""malam , saya mau mengembalikan barang krn salah kirim . diinfo harus upload bukti pengirimannya . uploadnya dimana ya ? makasih"", ""selamat malam , mau tanya kalo proses pengembalian dana ( selisih ongkir ) biasanya berapa lama ya min ?"", ""tolong pulsa belum masuk . udah transfer juga . makasih ."", ""malam , mau komplain . paket statusnya sudah sampai . tapi saya belum terima paket . mohon bantuannya . terima kasih ."", ""min , kalau sudah melewati estimasi pengiriman , tapi barang blum smpe gimana ya . ."", ""no . transaksi xxxnumberxxx barang belum dikirim melebihi batas kirim , dana belum masuk ke saldo bl saya ."", ""selamat malam , tolong cek dm ya min , kiriman paket saya blm di kirim ."", ""malam , mohon info paket saya sejak tanggal xxxnumberxxx tertahan dgn status itu . blm terkirim sampai sekarang , ada apa ya ?"", ""min , ini kenapa saya gak bisa sms ya ? saya mau konfirmasi pembelian paket gagal mulu sms nya drtd ."", ""tetap tidak bisa min , nomor kartu kredit yg saya masukan sdh benar . tetapi tetap tidak bisa klik tombol continue . saya udah ulang berkali2 .""]",False,10,2170,20,True,76,0.9983726,informal,1,0.8655170202255249,0.7781982421875,480.9040465369609,False,0.0
google/gemma-3-4b-it,formal,informal,dense,,"admin . mengapa saya topup ovo dari alfamart , kata mbaknya sudah terkirim dan sudah ada bukti transaksinya namun saldo saya belum bertambah ?","“admin, kok topup ovo dari alfamartnya udah dianterin sama mbaknya, katanya udah ada bukti transaksi, tapi saldo saya kok belum naik ya?”",False,276,4200138,42,"[""halo saya top up grab ovo lewat atm barusan tapi kok belum masuk ya ?"", ""saya kirim uang , kenapa tidak masuk ? padahal status berhasil dan saldo sya terpotong"", ""baiklah , terimakasih . tapi saya kan tidak sedang berlangganan apa - apa tapi kenapa pulsa saya kesedot ya min ? kira - kira bagaimana ya mengeceknya ? sebelumnya tidak pernah"", ""halo min saldo ovo ga muncul di grab , padahal nomor hp sudah sama . tolong cek dm ya min"", ""saya salah pilihan isi resi , harusnya otomatis dari sicepat tapi saya malah terlanjur bayar cash , nomor resinya bisa diedit nggak ya ?"", ""tadi saya topup ke shopee pay , sudah berhasil tapi kok di aplikasi tetep xxxnumberxxx ya ? tolong baca dm saya ya . terimakasih"", ""no . transaksi xxxnumberxxx barang belum dikirim melebihi batas kirim , dana belum masuk ke saldo bl saya ."", ""pengembalian saldo karena gagal penarikan membutuhkan waktu berapa lama ya ? saya sudah laporan xxxnumberxxx hari kerja sampai skr masih proses ditindak lanjuti terus"", ""min nenek saya naik grab udh saya bayar pake ovo eh pas turun nenek saya bayar cash lagi , cara ovonya biar balik gimana ya ?"", ""grab paket hemat saya billingnya itu tgl xxxnumberxxx juli xxxnumberxxx sekarang aja udh agustus kok subscribe nya masih aktif ya ?""]",False,10,2347,35,True,137,0.98148847,informal,1,0.8685669898986816,0.9262787103652954,64.17486075642118,False,0.0
google/gemma-3-4b-it,formal,informal,dense,,"sini sini , tetapi jauh dari tempatmu dik .","“sini sini, tapi jauh banget dari sini.”",True,278,4200139,42,"[""ga ada yang mau ngambil karena destinasinya jauh ?"", "": mas , agak cpt ya udh laper nih : oke mba , ditunggu : sama nnti temenin saya ya mas rumah lagi sepi nih : ."", ""ini kapan dikirimnya dah kebanyakan transit dr cilandak kedepok padahal deket"", ""maksudnya lewat laptop via website ?"", ""aku pernah gt kepotong tp dia nnti balik lg klo keadaannya masih proses"", ""baik , sy masih di depan mesin atm"", ""masalahnya ngarak cuman ke gedung sebelah ya nggak kerasa lah el wkwkwkwk kecuali araknya dari gor unair ke pens , baru kerasa"", ""kok aku ada disana si minum kopi"", ""jl politeknik , kec tamalanrea , makassar , sulawesi selatan . jaringan disini bapuk ngk ketulungan , benerin napa ? kuota banyak tapi jaringan kyk asu gini"", ""engga . gangguan beneran kayanya . makanya wa dia susah masuk wkwkwk""]",False,10,1795,12,True,40,0.49224967,formal,0,0.6641253232955933,0.779294490814209,102.58683884379911,False,0.0
google/gemma-3-4b-it,formal,informal,dense,,"admin , mengapa hari ini loading - nya sangat lambat ? saya buka apa pun lambat sekali .","admin, kenapa loadingnya lama banget sih? apa aja lama semua, min.",False,280,4200140,42,"[""min maaf lagi gangguan apa gimana ? dari tadi ga konek internet terus"", ""mas , mbak , respon mention saya dong . lambat banget deh pelayanannya ."", ""naahh udah saya unreg malah gitu responnya . bikin bingung ."", ""masalahnya email saya pada akun tsb lupa password , saya sudah mengikuti cara mengganti email hanya saja tidak bisa terganti email tsb"", ""tolong dong jaringan , kerjaan jadi gabener gara gara jaringan dari semalem lemot"", ""admin , ketika mau cek tagihan listrik , kenapa tidak bisa ? muncul pesan dibawah"", ""normal apanya min , udah beberapa hari mati nyala terus . hari ini ga tau udah berapa kali , ga ngitung saking seringnya"", ""lama sekali responnya , untuk masalah seperti ini saja ?"", ""min , ini kenapa saya gak bisa sms ya ? saya mau konfirmasi pembelian paket gagal mulu sms nya drtd ."", ""kantor post pulo gadung buka sampai jam berapa ya ? saya pengen melakukan pembayaran""]",False,10,1938,17,True,66,0.99035925,informal,1,0.7496675848960876,0.8097954988479614,454.6339232468503,False,0.0
google/gemma-3-4b-it,formal,informal,dense,,"sudah bisa admin , saya coba di atm lokasi lain . terima kasih .","min, udah bisa kok admin, gue coba di atm lain. makasih.",False,282,4200141,42,"[""hanya alamat yang berubah . jadi harus ke cabang bca terdekat untuk ganti kartu atm ya . apakah ada biaya tambahan ?"", ""hai , selamat sore . saya baru saja membeli kartu sim simpati . dan udah coba registrasi , tapi ga ada respon . tolong bantuannya ."", ""malam , mau komplain . paket statusnya sudah sampai . tapi saya belum terima paket . mohon bantuannya . terima kasih ."", ""tetap tidak bisa min , nomor kartu kredit yg saya masukan sdh benar . tetapi tetap tidak bisa klik tombol continue . saya udah ulang berkali2 ."", ""min tolong cek dm ya . terima kasih"", ""ke grapari niat mau tuker sim ke xxxnumberxxx g . eh antriannya abis , pas pulang ditawarin nomor sama kang parkir . kumaha eta"", ""admin , ketika mau cek tagihan listrik , kenapa tidak bisa ? muncul pesan dibawah"", ""hai admin , sy baru saja update apl bri mobile . saat may login internet banking knp muncul aktivasi ya ? bisa dibantu ?"", ""halo min , cara cek riwayat pengisian pulsa gimana ya ?"", ""oh ya mandiri online , tolong min knp saat proses masuk baru tak dpt sms""]",False,10,2054,17,True,56,0.9970951,informal,1,0.871147632598877,0.9301097393035889,494.09829264817074,False,0.0
google/gemma-3-4b-it,formal,informal,dense,,"halo , mohon dibantu dipercepat dan diinfokan perkiraan barang tiba ke alamat penerima : jp xxxphonexxx tujuan ntb . saya pengirim . terima kasih bantuannya !","halo min , no resi jp xxxphonexxx perkiraan tiba ntb , tolong di info ya min , saya pengirim terima kasih.",False,284,4200142,42,"[""hallo min selamat pagi , no resi jp xxxphonexxx diperkiran bakal diterima hari ini . tapi malah di disimpan kalau ada alamat yang salah tolong diinfo kan ."", ""mohon info status delivery no resi jd xxxphonexxx tujuan medan , ya min . karena masih belum diterima . paket dikirim dari bandung , tanggal xxxdatexxx . thx"", ""halo min tolong di bantu no resi jp xxxphonexxx dan jp xxxphonexxx status sudah diterima . tapi saya dan orang rumah belum terima paketnya . tolong dibantu ."", ""jp xxxphonexxx min tolong dong ini paket saya ga nyampe nyampe , padahal ngirim sesama jakarta bisa xxxnumberxxx harian ."", ""selamat siang min , saya minta bantuan untuk tracking paket . detail telah saya kirim via dm . terimakasih"", ""min untuk resi jp xxxphonexxx estimasi berapa hari nyampe nya ?"", ""malam , saya mau mengembalikan barang krn salah kirim . diinfo harus upload bukti pengirimannya . uploadnya dimana ya ? makasih"", ""malam , mohon info paket saya sejak tanggal xxxnumberxxx tertahan dgn status itu . blm terkirim sampai sekarang , ada apa ya ?"", ""halo barang sy dari tanggal xxxdatexxx sdh dijakarta , tp kenapa gak sampai2 min . tlg dicek min ."", ""halo . paket saya dengan no resi xxxnumberxxx tidak ada pergerakan dari kemarin . tolong konfirmasi nya""]",False,10,2363,31,True,106,0.996874,informal,1,0.9004442691802979,0.7763442993164062,353.1135998645128,False,0.0
google/gemma-3-4b-it,formal,informal,dense,,"admin , mau tanya . kalau driver performa bintang pengaruhnya bagaimana ? apa berpengaruh ke pendapatan pesanan juga ?","min, admin , mau tanya dong , performa driver bintangnya tuh pengaruhnya ke pendapatan pesanan gak ya?",False,286,4200143,42,"[""min , udh xxxnumberxxx hari ini saya mau gofood kok gak dapet driver terus ? apa aplikasi gojek lagi error ?"", ""min agen mapan terpilih ada dimana aja ya ? saya mau beli paket voucher gojek nih"", ""masalahnya akun driver bisa bisanya kena bajak . tidak ada pilihan cancel , karena itu yang buat mbak ini ketipu , bang jek ! xxxnumberxxx ! xxxnumberxxx ! xxxnumberxxx ! xxxnumberxxx ! xxxnumberxxx !"", ""min , tolong bantuannya . gojek instant nelponin saya terus nanya supaya diselesaikan transaksinya . biasanya otomatis kan ?"", ""malam , mau komplain . paket statusnya sudah sampai . tapi saya belum terima paket . mohon bantuannya . terima kasih ."", ""akun sy disuspend gara2 saya cancel terus . padahal saya buru2 dan dapatnya driver ganjil terus di hari yang genap . mohon dm saya ya"", ""halo min , saya mau mengnonaktifkan akun gojek saya mohon dicek dmnya . sedih nih udah dari kemarin nge - mention ga di respon"", ""halo grab mo tanya dong , apakah bs driver dapet xxxnumberxxx order dr org berbeda dlm xxxnumberxxx waktu ?"", ""mas , mbak , respon mention saya dong . lambat banget deh pelayanannya ."", ""beli hape baru mau jadi driver mohon supportnya""]",False,10,2226,23,True,102,0.9969902,informal,1,0.890177845954895,0.9280351996421814,439.0812044547888,False,0.0
google/gemma-3-4b-it,formal,informal,dense,,mengapa dari tadi pagi server penuh terus ?,"“min, kenapa dari tadi pagi servernya penuh terus ya?”",False,288,4200144,42,"[""min ini kenapa jaringan di karawaci gangguan terus ?"", ""normal apanya min , udah beberapa hari mati nyala terus . hari ini ga tau udah berapa kali , ga ngitung saking seringnya"", ""min maaf lagi gangguan apa gimana ? dari tadi ga konek internet terus"", ""pagi min , ini saya top up pulsa ko gagal terus ya . itu kenapa ya min ?"", ""kenapa sinyalnya kalau malam jelek mulu sihh"", ""kenapa ya ko sinyalnya jelek bgt ini"", ""parah app grab lemot abis sekarang"", ""tolong dong xxxuserxxx dari kmaren sore jaringan nya full tapi nggak nyambung ke internet padahal kuota dah lumayan banyak"", ""admin , ketika mau cek tagihan listrik , kenapa tidak bisa ? muncul pesan dibawah"", ""tolong dong jaringan , kerjaan jadi gabener gara gara jaringan dari semalem lemot""]",False,10,1746,14,True,54,0.9665477,informal,1,0.8849015235900879,0.8422311544418335,135.9835279071426,False,0.0
google/gemma-3-4b-it,formal,informal,dense,,ini admin . biasanya combo terbaik untukmu ada yang xxxnumberxxx gb xxxnumberxxx ribu dan xxxnumberxxx gb xxxnumberxxx ribu . ini dia hilang tidak ada lagi .,"""ini admin . combo terbaik buat kamu biasanya xxxnumberxxx gb xxxnumberxxx ribu sama xxxnumberxxx gb xxxnumberxxx ribu, udah gak ada lagi.""",False,290,4200145,42,"[""gaada lagi best deal yg xxxnumberxxx xxxnumberxxx gb / xxxnumberxxx hari yg harga nya xxxnumberxxx xxxnumberxxx rb kaya kmaren gitu ? hmm"", ""xxxnumberxxx hari xxxnumberxxx gb yutup , cuma berkurang xxxnumberxxx xxxnumberxxx mb , krn emang ga jalan , loading aja terus . emosi djiwa"", ""pulsa saya terakhir xxxnumberxxx xxxnumberxxx xxxnumberxxx xxxnumberxxx xxxnumberxxx an , terus isi ulang xxxnumberxxx . kenapa skrg jumlahnya hanya xxxnumberxxx ya ? nomer xxxnumberxxx"", ""besok ada surprise deal xxxnumberxxx xxxnumberxxx gb lagi gak ? saya mau beli"", ""jam xxxnumberxxx atau jam xxxnumberxxx masih ada gak tuh min ?"", ""xxxdatexxx kan xxxnumberxxx hari kedepan , ga lebih dari xxxnumberxxx hari , gimana ?"", ""pagi admin , paket saya dari shopee dengan kode xxxnumberxxx xxxnumberxxx xxxnumberxxx xxxnumberxxx xxxnumberxxx xxxnumberxxx xxxnumberxxx xxxnumberxxx xxxnumberxxx xxxnumberxxx xxxnumberxxx r04b tidak kebaca nomor resinya , mohon dibantu ya . dari hari jumat masih ngendep di jne malang"", ""terimakasih , paten kali telkomsel xxxnumberxxx gb xxxnumberxxx rupiah"", ""min infonya klo upgrade simcard ke xxxnumberxxx g dapet bonus xxxnumberxxx . xxxnumberxxx gg selama xxxnumberxxx bulan . yaa"", ""transaksi xxxnumberxxx sudah diterima tgl xxxnumberxxx jam xxxnumberxxx siang harap segera diremit dananya""]",False,10,2422,33,True,139,0.91022813,informal,1,0.9583539962768555,0.8818349242210388,179.4027663372344,False,0.0
google/gemma-3-4b-it,formal,informal,dense,,"hai , tolong bantuannya . saya baru top up ovo tapi tulisan di ovo selalu gagal tidak bisa menampilkan saldo . bagaimana ?","hai , tolong bantuannya . saya top up ovo baru , tulisan di ovo kok gak bisa menampilkan saldo . gimana ya?",False,292,4200146,42,"[""pagi min , ini saya top up pulsa ko gagal terus ya . itu kenapa ya min ?"", ""halo saya top up grab ovo lewat atm barusan tapi kok belum masuk ya ?"", ""min top up di aplikasi ovo kok gabisa nyambung di ovonya grab si . padahal nomornya udah samaa )"", ""halo min saldo ovo ga muncul di grab , padahal nomor hp sudah sama . tolong cek dm ya min"", ""baiklah , terimakasih . tapi saya kan tidak sedang berlangganan apa - apa tapi kenapa pulsa saya kesedot ya min ? kira - kira bagaimana ya mengeceknya ? sebelumnya tidak pernah"", ""saya kirim uang , kenapa tidak masuk ? padahal status berhasil dan saldo sya terpotong"", ""tetap tidak bisa min , nomor kartu kredit yg saya masukan sdh benar . tetapi tetap tidak bisa klik tombol continue . saya udah ulang berkali2 ."", ""akun sy disuspend gara2 saya cancel terus . padahal saya buru2 dan dapatnya driver ganjil terus di hari yang genap . mohon dm saya ya"", ""di kebo sirih sinyal bolak balik e terus nih berhari2 . lagi ga stabil apa gimana sih ?"", ""saya udh topup gopay , kenapaa saldo saya tidak bertambah ?""]",False,10,2124,26,True,107,0.97608966,informal,1,0.9402172565460205,0.9164226055145264,147.42042180418383,False,0.0
google/gemma-3-4b-it,formal,informal,dense,,"ini ngobrol dengan triva , cepat sekali responnya . jadi tidak lama menunggu pesan dari dia .","""halo triva , responnya cepet banget , gak pake lama nih pesennya""",False,294,4200147,42,"[""halo admin , ini kenapa saya selalu di telpon oleh cs ? dan disaat jam kerja ."", ""barusan ada yg telfon saya dengan nomor ini . apakah ini benar dari halo bca ?"", ""mas , mbak , respon mention saya dong . lambat banget deh pelayanannya ."", ""iya kak terimakasih . tapi tadi sudah datang ke galeri indosatnya langsung . sudah normal lagi"", ""tolong bantu , kenapa nomor simpati saya tidak bisa menerima sms dari nomor tri , padahal ditelpon bisa ."", ""lama sekali responnya , untuk masalah seperti ini saja ?"", ""lagi gangguan ya tidak bisa telp , sms dan internetan"", ""halo ini gimana gak bisa di dm . udah follow akunnya juga"", ""maaf min no saya tidak bisa dipakai internet , nelpon dll . mohon ditanggapi dm saya"", ""bisa gak sih blokir no telfon nya dari pihak ovo nya langsung""]",False,10,1823,20,True,66,0.9984896,informal,1,0.6501249074935913,0.7348387241363525,122.32018273284297,False,0.0
google/gemma-3-4b-it,formal,informal,dense,,mengapa muncul seperti ini terus min ? bisa xxxnumberxxx - xxxnumberxxx kali semenit . bagaimana cara menghilangkannya ?,"“kok min, terus muncul kayak gini - - - - - per detik ya? gimana cara ngilanginnya?”",False,296,4200148,42,"[""minta pencerahan nya hu . kok saldo ga msk ya , xxxnumberxxx trip xxxnumberxxx . ada apa kah ini"", ""halo . dari xxxnumberxxx hari lalu saya mau bayar cc via mbanking tapi selalu keluar popup seperti ini kenapa ya ?"", ""keluar update versi xxxnumberxxx . xxxnumberxxx kapan min ?"", ""udah xxxnumberxxx menit stuck gini terus , padahal koneksi internet saya normal . tolong di bantu"", ""gak ada balasan sampai sekarang . apa karena cuma terpotong xxxnumberxxx xxxnumberxxx ribu aja ?"", ""please xxxuserxxx jaringan , kenapa ngilang gak jelas mulu ."", ""sudah kak , sudah saya ganti ke xxxnumberxxx g tp ttp susah"", ""keuntungan xxxnumberxxx nya kok ga bisa ya min ?"", ""sore min , ini ada keluhan nomer saya pulsa kesedot terus , padahal tidak berlangganan paket apapun . tolong di cek min + xxxnumberxxx xxxnumberxxx - xxxnumberxxx - xxxnumberxxx"", ""tadi saya topup ke shopee pay , sudah berhasil tapi kok di aplikasi tetep xxxnumberxxx ya ? tolong baca dm saya ya . terimakasih""]",False,10,2046,26,True,84,0.99284875,informal,1,0.6066601872444153,0.7685307264328003,48.645562173791824,False,0.0
google/gemma-3-4b-it,formal,informal,dense,,halo jenius . untuk pengiriman kartu ke domisili biasanya dibutuhkan waktu berapa lama ? terima kasih .,"halo jenius , estimasi pengiriman kartu ke rumah berapa lama ya? terima kasih.",False,298,4200149,42,"[""min kalau mau buat nomer kartu halo baru yang xxxnumberxxx itu bagaimana prosedur dan biayanya ?"", ""min untuk resi jp xxxphonexxx estimasi berapa hari nyampe nya ?"", ""kalian pengiriman dari jakarta ke jakarta butuh waktu berapa lama ?"", ""halo min tolong di bantu no resi jp xxxphonexxx dan jp xxxphonexxx status sudah diterima . tapi saya dan orang rumah belum terima paketnya . tolong dibantu ."", ""hai , selamat sore . saya baru saja membeli kartu sim simpati . dan udah coba registrasi , tapi ga ada respon . tolong bantuannya ."", ""malam , mau komplain . paket statusnya sudah sampai . tapi saya belum terima paket . mohon bantuannya . terima kasih ."", ""halo barang sy dari tanggal xxxdatexxx sdh dijakarta , tp kenapa gak sampai2 min . tlg dicek min ."", "". ada apa dengan kurir pos . sampai saat ini belum juga update ongkir nya . padahal sudah dari tgl . xxxdatexxx sudah berlaku tarif baru ."", ""halo min , cara cek riwayat pengisian pulsa gimana ya ?"", ""hanya alamat yang berubah . jadi harus ke cabang bca terdekat untuk ganti kartu atm ya . apakah ada biaya tambahan ?""]",False,10,2134,18,True,78,0.9716584,informal,1,0.8966259956359863,0.9103036522865295,318.11653988642695,False,0.0
google/gemma-3-4b-it,formal,informal,dense,,"admin , kenapa pulsa saya selalu tersedot terus ? padahal data selalu saya matikan .","“min, pulsa gue lama lama abis terus, padahal data udah off.”",False,300,4200150,42,"[""min ini kenapa y , pulsa tiba2 ilang . paketan internet masih byk tp pulsa kesedot trs . mohon follow up nya !"", ""berulah lagi ? saya gk pernah klik macem² ini , pulsa tersedot banyak banget , hpnya cuma dipake buat nelp & sms"", ""kenapa pulsa saya yang dipotong internetnya bukan quota saya ? dua kali lagi duh"", ""aku pelanggan yg pulsanya suka tiba tiba ilang"", ""lagi gangguan ya tidak bisa telp , sms dan internetan"", ""ini kenapa abis bayar pascabayar jadi gaada kuotanya ya ?"", ""sore min , ini ada keluhan nomer saya pulsa kesedot terus , padahal tidak berlangganan paket apapun . tolong di cek min + xxxnumberxxx xxxnumberxxx - xxxnumberxxx - xxxnumberxxx"", ""saya beli voucher fisik indosat xxxnumberxxx gb unlimited , tapi gagal terus kenapa ya ?"", ""kartu sim card xl saya sudah hilang dan saya ingin mengaktifasi nomor xl saya apakah bisa ? caranya bagaimana ?"", ""waduhh emg indosat bermasalah mulu nih , mana pulsa suka kesedot tbtb . ingin rasanya ganti provider sj""]",False,10,2013,18,True,61,0.9886119,informal,1,0.7124013900756836,0.6747133135795593,107.41123969515701,False,0.0
google/gemma-3-4b-it,formal,informal,dense,,"halo , mau bertanya . mengapa untuk transaksi ini nomor resinya tidak terbaharui ? padahal status di jne sudah diproses . xxxnumberxxx . terima kasih .","min, kenapa resi xxxnumberxxx gak update ya? jne udah diproses kok, trims.",True,302,4200151,42,"[""paket saya sampai mana ya ? resi xxxnumberxxx . thx"", ""malam , mohon info paket saya sejak tanggal xxxnumberxxx tertahan dgn status itu . blm terkirim sampai sekarang , ada apa ya ?"", ""saya mau tanya , ini saya mau beli paket yellow kenapa sama xxxnumberxxx tidak direspon / tidak dibalas"", ""ka paket no resi ini xxxnumberxxx udah sampai dimana ya ?"", ""min , ini kenapa saya gak bisa sms ya ? saya mau konfirmasi pembelian paket gagal mulu sms nya drtd ."", ""no . transaksi xxxnumberxxx barang belum dikirim melebihi batas kirim , dana belum masuk ke saldo bl saya ."", ""tolong di cek untuk , awb : xxxnumberxxx . statusya misroute itu artinya apa ? lalu untuk paket saya kapan sampainya ? terima kasih"", ""saya salah pilihan isi resi , harusnya otomatis dari sicepat tapi saya malah terlanjur bayar cash , nomor resinya bisa diedit nggak ya ?"", ""min kalau mau buat nomer kartu halo baru yang xxxnumberxxx itu bagaimana prosedur dan biayanya ?"", ""halo min saldo ovo ga muncul di grab , padahal nomor hp sudah sama . tolong cek dm ya min""]",False,10,2140,21,True,74,0.99715364,informal,1,0.6985492706298828,0.769875168800354,521.0472759120736,False,0.0
google/gemma-3-4b-it,formal,informal,dense,,saya lupa dulu waktu aktivasi di - checklist atau tidak .,"“saya lupa dulu waktu aktivasi di checklist, kok?”",False,304,4200152,42,"[""akun sy disuspend gara2 saya cancel terus . padahal saya buru2 dan dapatnya driver ganjil terus di hari yang genap . mohon dm saya ya"", ""saya kirim uang , kenapa tidak masuk ? padahal status berhasil dan saldo sya terpotong"", ""admin , ketika mau cek tagihan listrik , kenapa tidak bisa ? muncul pesan dibawah"", ""saya salah pilihan isi resi , harusnya otomatis dari sicepat tapi saya malah terlanjur bayar cash , nomor resinya bisa diedit nggak ya ?"", ""baiklah , terimakasih . tapi saya kan tidak sedang berlangganan apa - apa tapi kenapa pulsa saya kesedot ya min ? kira - kira bagaimana ya mengeceknya ? sebelumnya tidak pernah"", ""halo min saldo ovo ga muncul di grab , padahal nomor hp sudah sama . tolong cek dm ya min"", ""udah masuk email pemberitahuannya suruh cek lagi tetep saldo ga berubah , tapi yasudahlah tak mengapa"", ""normal apanya min , udah beberapa hari mati nyala terus . hari ini ga tau udah berapa kali , ga ngitung saking seringnya"", ""masalahnya email saya pada akun tsb lupa password , saya sudah mengikuti cara mengganti email hanya saja tidak bisa terganti email tsb"", ""malam , mohon info paket saya sejak tanggal xxxnumberxxx tertahan dgn status itu . blm terkirim sampai sekarang , ada apa ya ?""]",False,10,2231,13,True,50,0.80337024,informal,1,0.802885115146637,0.8244595527648926,1736.9344258731799,True,0.0
google/gemma-3-4b-it,formal,informal,dense,,halo kak . tolong di cek jp xxxphonexxx . saya belum menerima barangnya .,"min, resi jp xxxphonexxx kok belum dikirim ya? saya belum terima barangnya.",False,306,4200153,42,"[""halo min tolong di bantu no resi jp xxxphonexxx dan jp xxxphonexxx status sudah diterima . tapi saya dan orang rumah belum terima paketnya . tolong dibantu ."", ""halo . paket saya dengan no resi xxxnumberxxx tidak ada pergerakan dari kemarin . tolong konfirmasi nya"", ""min untuk resi jp xxxphonexxx estimasi berapa hari nyampe nya ?"", ""jp xxxphonexxx min tolong dong ini paket saya ga nyampe nyampe , padahal ngirim sesama jakarta bisa xxxnumberxxx harian ."", ""min no resi jp xxxphonexxx kok belum dikirim2 dr hari sabtu"", ""saya mau tanya , ini saya mau beli paket yellow kenapa sama xxxnumberxxx tidak direspon / tidak dibalas"", ""malam , mohon info paket saya sejak tanggal xxxnumberxxx tertahan dgn status itu . blm terkirim sampai sekarang , ada apa ya ?"", ""paket saya sampai mana ya ? resi xxxnumberxxx . thx"", ""min tolong di bantu cek resi xxxnumberxxx , sudah xxxnumberxxx hari ndak ada pergerakan ."", ""hallo min selamat pagi , no resi jp xxxphonexxx diperkiran bakal diterima hari ini . tapi malah di disimpan kalau ada alamat yang salah tolong diinfo kan .""]",False,10,2092,20,True,75,0.995142,informal,1,0.8919243812561035,0.7560023069381714,501.9510081060267,False,0.0
google/gemma-3-4b-it,formal,informal,dense,,"milenial bang , sibung di kantor . banyak penjual online juga , ada ojek online juga . berarti tidak ada manfaatnya penjual online dan ojek online .","min , jual online tuh gak guna dah . banyak jualan online juga , ada gojek juga . jadi males banget dah 😒 .",True,308,4200154,42,"[""min , minggu ini kok promo grab kaga ada sih . gw kaga bisa makan enak harga murah dong min . min , bantu dong wkwkwk ."", ""kemana - mana pake grab dan pas lagi ada promo lebih cepet dari"", ""min agen mapan terpilih ada dimana aja ya ? saya mau beli paket voucher gojek nih"", ""kalau kerja cuma jadi buzzer kayak gini , maunya murah malu sama daerah yang gak ada internetnya ."", ""min , udh xxxnumberxxx hari ini saya mau gofood kok gak dapet driver terus ? apa aplikasi gojek lagi error ?"", ""begee wkwkwk . gua cek gojek lebih murahh kita coba liat besok pagi dehh wkwk"", ""min , tolong bantuannya . gojek instant nelponin saya terus nanya supaya diselesaikan transaksinya . biasanya otomatis kan ?"", ""kantor post pulo gadung buka sampai jam berapa ya ? saya pengen melakukan pembayaran"", ""mas , mbak , respon mention saya dong . lambat banget deh pelayanannya ."", ""bisa jd penipu , tp bsa jd persaingan bisnis 🤔 🤔 🤔 🤔 pa lg gojek melebarkn sayap""]",False,10,2046,28,True,107,0.9980925,informal,1,0.6688207387924194,0.7388228178024292,231.53084761645022,False,0.0
google/gemma-3-4b-it,formal,informal,dense,,keasikan seperti operator punya bapak kamu sendiri . hahaha .,"wah, kayaknya operator punya bapak sendiri ya? hahaha.",False,310,4200155,42,"[""kalau kerja cuma jadi buzzer kayak gini , maunya murah malu sama daerah yang gak ada internetnya ."", ""malam , koneksi telkomsel semakin lama semakin buruk bukan membaik , sudah seminggu lebih seperti ini , jadi gmn solusi terbaik ?"", ""indosat sinyal t4 ku mantap dibanding sinyal si provider merah . pdahal tower bersama lhoo . tks"", ""makasih syg bonus kuota xxxnumberxxx gb nya , lumayan lah sehari juga buat streaming wkwk"", ""wah capek bener saya harus cerita lagi . udah saya telepon saya imel . seharusnya dari capture saya udah bisa terbaca . driver tidak memiliki jiwa sosial"", ""mosok ? aku udah ganti hp harang buat nuruti sinyal xl ki padahal ."", ""driver di jogja pada ngapain ea kok sibuk semuaa hh laper neh"", ""di kebo sirih sinyal bolak balik e terus nih berhari2 . lagi ga stabil apa gimana sih ?"", ""saya pakai xl prioritas kok lemotnya minta ampun ya ? padahal dulu kenceng bangett , apa lagi ada maintenance ?"", ""iya kak terimakasih . tapi tadi sudah datang ke galeri indosatnya langsung . sudah normal lagi""]",False,10,2038,13,True,54,0.9801169,informal,1,0.6201320886611938,0.7561274170875549,1142.3257015099186,True,0.0
google/gemma-3-4b-it,formal,informal,dense,,"jam xxxnumberxxx tadi ditelpon kurir . aku ketiduran , admin . bisakah diambil sendiri ke gudang ? sampai pukul berapa ? terima kasih .","“kurir telpon tadi jam xxxnumberxxx , aku tidur , admin . bsambil sendiri ke gudang gak ya ? sampe jam berapa , makasih.”",False,312,4200156,42,"[""cek resi ini min , delivery kurir dari jam xxxnumberxxx td belum dateng2 xxxnumberxxx xxxnumberxxx"", ""paket saya sampai mana ya ? resi xxxnumberxxx . thx"", ""malam , mohon info paket saya sejak tanggal xxxnumberxxx tertahan dgn status itu . blm terkirim sampai sekarang , ada apa ya ?"", "". ada apa dengan kurir pos . sampai saat ini belum juga update ongkir nya . padahal sudah dari tgl . xxxdatexxx sudah berlaku tarif baru ."", ""ka paket no resi ini xxxnumberxxx udah sampai dimana ya ?"", ""ini min minta tolong di cek sudah sampe mana . masa sudah xxxnumberxxx minggu blm sampe . tolong banget min di update smp mana"", ""maaf min mau nanya apakah bener ini nomor dari gojek ? + xxxnumberxxx"", ""jp xxxphonexxx min tolong dong ini paket saya ga nyampe nyampe , padahal ngirim sesama jakarta bisa xxxnumberxxx harian ."", ""mau tanya no pesanan xxxnumberxxx kapan dikirimnya ya ? dari kemarin masih pengemasan blm berubah"", ""halo barang sy dari tanggal xxxdatexxx sdh dijakarta , tp kenapa gak sampai2 min . tlg dicek min .""]",False,10,2108,33,True,121,0.9961302,informal,1,0.8043640851974487,0.8212560415267944,447.9153412941017,False,0.0
google/gemma-3-4b-it,formal,informal,dense,,mengapa sekarang foto driver tidak bisa dipencet untuk memperbesar / memperjelas ? bagaimana penumpang mau merasa aman kalau foto driver terlalu kecil untuk dilihat ?,“foto driver kok gak bisa dicet buat gedein sih? gimana penumpang bisa aman kalo fotonya kecil banget buat diliat?”,False,314,4200157,42,"[""setelah baca kasus ini , mari kita biasakan tidak isi gopay terlalu banyak biar kalo ada ancaman disedot kita bisa mikir tenang dengan kemungkinan terburuknya ."", ""semakin buruk , langganan paket aja gak berguna , karena sinyalnya yang makin hari makin parah buruknya"", ""min gimana nih ? kita warga twitter yang hobi rebahan menjadi badmood gara2 sinya susah . sinyal xxxnumberxxx g berasa xxxnumberxxx g malah e"", ""masalahnya akun driver bisa bisanya kena bajak . tidak ada pilihan cancel , karena itu yang buat mbak ini ketipu , bang jek ! xxxnumberxxx ! xxxnumberxxx ! xxxnumberxxx ! xxxnumberxxx ! xxxnumberxxx !"", ""min tadi pesen grabfood , dan ga sengaja kepencet rating xxxnumberxxx cara baikinnya gimana ya ? kasian sama bapaknya ga tegaa"", ""saya udh topup gopay , kenapaa saldo saya tidak bertambah ?"", ""kotak masuk tidak penuh dan jaringan cukup stabil ."", ""pulsa hilang terus , lalu jaringan cenat cenut kaya bisul mau pecah . lagi neken biaya produksi ya ? saya bayar loh , tapi setiap hari dikerjain ."", ""wah capek bener saya harus cerita lagi . udah saya telepon saya imel . seharusnya dari capture saya udah bisa terbaca . driver tidak memiliki jiwa sosial"", ""baik , sy masih di depan mesin atm""]",False,10,2331,27,True,115,0.99840146,informal,1,0.7368934154510498,0.848353922367096,142.71814859685625,False,0.0
google/gemma-3-4b-it,formal,informal,dense,,ini toko online tapi tidak mau merespons chatnya . kalau memang tidak mau dagang tidak usah dagang lebih baik .,"“kok toko online nya gak bales chat sih. kalo gak mau jualan ya stop aja lah, gak usah sok-sokan.”",False,316,4200158,42,"[""biasanya cepet kok ini lama ya mas , apa lagi trouble sistemnya ?"", ""jika pesanan tidak diproses penjual batal otomatis setelah brp hari ? di bukalapak tidak info spt itu ."", ""aneh bukalapak dari kemaren kemaren balas cuma bisa itu itu saja , niat bantu apa tidak"", ""ini lg bercanda ya , sampe hr ini masih kaya gini status pesanannya , jangan kaya gini ya"", ""halo ini gimana gak bisa di dm . udah follow akunnya juga"", ""permisi mimin , maap malem minggu malah nanya hehe kalo mau ganti nomer rekening ponsel akun gojekdriver gimana ya ? soalnya kartunya is missing"", ""udah masuk email pemberitahuannya suruh cek lagi tetep saldo ga berubah , tapi yasudahlah tak mengapa"", ""sama kayak saya pak paket saya gak saya terima claim gak jelas kapan hasilnya , jangan tunggu ini menyebar ya !"", ""mas , mbak , respon mention saya dong . lambat banget deh pelayanannya ."", ""iya klo cancel bisa , maksudnya gabisa transaksi krn layarnya gabisa diapa2in""]",False,10,2009,28,True,98,0.9963768,informal,1,0.5897111892700195,0.7138670682907104,39.20849126530119,False,0.0
google/gemma-3-4b-it,formal,informal,dense,,"nomor barcode rv417785365gb , hampir xxxnumberxxx hari tidak ada pergerakan mengenai barang saya .","rv417785365gb, udah hampir xxxnumberxxx hari nih gak ada kabar soal barang gue.",False,318,4200159,42,"[""halo xxxuserxxx mohon input resi sicepat xxxnumberxxx dari no trans xxxnumberxxx , produk dropship ke alamat sesuai apk buka lapak . thax u"", ""kak , tadi coba mau beli pulsa telkomsel xxxnumberxxx xxxnumberxxx xxxnumberxxx k , tapi koq dibatalkan mulu ya ? apa stok nya lagi kosong ?"", ""mau tanya nih xxxuserxxx , apa benar ovo sedang mengalami trouble ? saya top up via xxxuserxxx sore tadi sampai sekarang xxxnumberxxx belum masuk juga ."", ""min xxxuserxxx saya mau komplain terkait dengan no resi jp xxxphonexxx barang diterima dalam keadaan plastik terbuka sehingga barang ada yg jatuh dan hilang"", ""transaksi xxxnumberxxx sudah diterima tgl xxxnumberxxx jam xxxnumberxxx siang harap segera diremit dananya"", ""xxxnumberxxx , xxxemailxxx , dan karena lupa password"", ""ini xxxuserxxx kenapa ya udah xxxnumberxxx x top up ga masuk2 saldonya ?"", ""sudah xxxnumberxxx x24 jam transaksi pengisian pulsa pd tgl xxxnumberxxx agustus xxxnumberxxx pkl xxxnumberxxx ko blm masuk jg ya min ?"", ""yah ga rela bgt xxxnumberxxx xxxnumberxxx xxxnumberxxx k gue tersedot gt aja , tapi kuota ga masuk masuk woy"", ""sudah saya coba telpon ke mandiri nya . dan bener saldo saya kedebit xxxnumberxxx x . mohon bantuannya . nomor pelaporan mandiri : c190909991030424630""]",False,10,2301,27,True,79,0.9943083,informal,1,0.8498752117156982,0.8899210691452026,396.3848708582644,False,0.0
google/gemma-3-4b-it,formal,informal,dense,,coba juga di jam tengah malam . biasanya jam² im3 lancar .,"“coba deh tengah malem, biasanya Im3 lancar bgt”",False,320,4200160,42,"[""kenapa sinyalnya kalau malam jelek mulu sihh"", ""mohon dibantu sinyal indosatnya koq lemot bgt . baru daftar pket internet padahal ."", ""iya kak terimakasih . tapi tadi sudah datang ke galeri indosatnya langsung . sudah normal lagi"", ""pake wipi ( vsat . seluler mati udah mau xxxnumberxxx minggu"", ""tolong dong xxxuserxxx dari kmaren sore jaringan nya full tapi nggak nyambung ke internet padahal kuota dah lumayan banyak"", ""min , yg paket internet malam hingga pukul xxxnumberxxx pagi itu yg jadi patokan xxxnumberxxx pagi wib atau xxxnumberxxx pagi waktu lokal user ?"", ""lagi gangguan ya tidak bisa telp , sms dan internetan"", ""ini masih gangguan sinyal xxxnumberxxx g ga bisa aktif datanya ?"", ""telkomsel kenapa nih kok sinyalnya ilangg"", ""min maaf lagi gangguan apa gimana ? dari tadi ga konek internet terus""]",False,10,1824,15,True,48,0.9975089,informal,1,0.7953349351882935,0.7288503646850586,355.4474161634157,False,0.0
google/gemma-3-4b-it,formal,informal,dense,,"baik . intinya , kuota transfer gratis ke rekening bank itu maksimal xxxnumberxxx kali ya .","min, soal transfer pulsa ke bank, maksimalnya xxxnumberxxx kali doang ya?",False,322,4200161,42,"[""min kalo mau transfer pulsa ke telkomsel bisa ga cuma xxxnumberxxx ribu gitu"", ""tolong hentikan sms xxxnumberxxx ke nomor saya . xxxnumberxxx . mengurangi pulsa saya ."", ""sore min , ini ada keluhan nomer saya pulsa kesedot terus , padahal tidak berlangganan paket apapun . tolong di cek min + xxxnumberxxx xxxnumberxxx - xxxnumberxxx - xxxnumberxxx"", ""gak ada balasan sampai sekarang . apa karena cuma terpotong xxxnumberxxx xxxnumberxxx ribu aja ?"", ""selamat pagi xxxuserxxx saya kan punya m - card dan xxxnumberxxx x - card , untuk free transactionnya apakah tiap kartu mendapat kuota masing - masing atau diakumulasikan dikedua kartu ?"", ""min ini gimana ya ? saya abis beli voucher xxxnumberxxx xxxnumberxxx k pake go points . pas dipake cuma dapet potongan xxxnumberxxx xxxnumberxxx k ?"", ""pulsa saya terakhir xxxnumberxxx xxxnumberxxx xxxnumberxxx xxxnumberxxx xxxnumberxxx an , terus isi ulang xxxnumberxxx . kenapa skrg jumlahnya hanya xxxnumberxxx ya ? nomer xxxnumberxxx"", ""dear indosat , sy mau isi paketan , tetapi kenapa tidak bisa ya , sudah sejak jam xxxnumberxxx tadi , pulsa sdh masuk tapi tdk bisa aktip"", ""ini kenapa lagi ya mau perpanjang internet ga bisa ? xxxnumberxxx juga ga bisa ?"", ""jadi saya gagal dan kuota nya ngga ada itu bukan hnya sekali tapi xxxnumberxxx kali dan itu nominalnya xxxnumberxxx rb""]",False,10,2373,19,True,73,0.9963186,informal,1,0.8774961233139038,0.8044605851173401,1139.4934927275121,True,0.0
google/gemma-3-4b-it,formal,informal,dense,,"selamat pagi admin xxxuserxxx , tolong tiket bermasalah id ttb000003452245 di follow up . terima kasih .","halo xxxuserxxx , tolong follow up tiket masalah id ttb000003452245 ya , thanks!",False,324,4200162,42,"[""maaf min mau nanya apakah bener ini nomor dari gojek ? + xxxnumberxxx"", ""halo gojek tolong masalah di selesai kan . dan xxxuserxxx sy udah follow up lg ya ini ."", ""halo xxxuserxxx gimana ya caranya kontak driver utk kirim paket same day xxxnumberxxx hours ? sama sekali gabisa ngirim nih . makasih"", ""hai , xxxuserxxx tolong cek dm saya ya , thanks !"", ""hai jnt xxxuserxxx mau tanya dong kenapa paket yg saya kirim masih gini aja ya mohon pencerahannya"", ""selamat siang xxxuserxxx saya ingin menghapus akun gojek saya , mohon bantuannya . terimakasih"", ""halo barang sy dari tanggal xxxdatexxx sdh dijakarta , tp kenapa gak sampai2 min . tlg dicek min ."", ""mohon info status delivery no resi jd xxxphonexxx tujuan medan , ya min . karena masih belum diterima . paket dikirim dari bandung , tanggal xxxdatexxx . thx"", ""admin , kok dm saya belum di respon - respon ya ? sudah xxxnumberxxx hari nih min"", ""halo xxxuserxxx mohon input resi sicepat xxxnumberxxx dari no trans xxxnumberxxx , produk dropship ke alamat sesuai apk buka lapak . thax u""]",False,10,2101,31,True,80,0.9928704,informal,1,0.9043436050415039,0.8973544239997864,248.24986723647157,False,0.0
google/gemma-3-4b-it,formal,informal,dense,,"jaringan bermasalah tidak ada ? kemarin baru mengisi , sore ini sudah lambat parah . belum fup ! sinyal perbaiki daerah neglasari , tangerang .","min, jaringan sore ini udah lama banget lambat, belum fup juga nih di neglasari. tolong di perbaiki dong!",True,326,4200163,42,"[""malam , mau komplain . paket statusnya sudah sampai . tapi saya belum terima paket . mohon bantuannya . terima kasih ."", ""min , udh xxxnumberxxx hari ini saya mau gofood kok gak dapet driver terus ? apa aplikasi gojek lagi error ?"", ""hallo min selamat pagi , no resi jp xxxphonexxx diperkiran bakal diterima hari ini . tapi malah di disimpan kalau ada alamat yang salah tolong diinfo kan ."", ""ini min minta tolong di cek sudah sampe mana . masa sudah xxxnumberxxx minggu blm sampe . tolong banget min di update smp mana"", ""min ini kenapa jaringan di karawaci gangguan terus ?"", ""di kebo sirih sinyal bolak balik e terus nih berhari2 . lagi ga stabil apa gimana sih ?"", ""normal apanya min , udah beberapa hari mati nyala terus . hari ini ga tau udah berapa kali , ga ngitung saking seringnya"", ""jb xxxphonexxx , sudah seminggu paket ngga nyampe , padahal masih dalam jakarta , ini malah dikirm ke surabaya buat apa coba ? jnt sistemnya gimana sih ?"", ""malam , mohon info paket saya sejak tanggal xxxnumberxxx tertahan dgn status itu . blm terkirim sampai sekarang , ada apa ya ?"", ""pagi min , ini saya top up pulsa ko gagal terus ya . itu kenapa ya min ?""]",False,10,2252,27,True,105,0.996716,informal,1,0.8245034217834473,0.6951544880867004,431.76752473696564,False,0.0
google/gemma-3-4b-it,formal,informal,dense,,pesta kuota apa admin ?,"min, pesta kuota apa nih?",False,328,4200164,42,"[""chanel pengisian kuota ? maksdnyah gimana ya"", ""min kalo unlimited indosat xxxnumberxxx gb itu ig termasuk unlimited juga ngga ?"", ""xtra kuota kok ga ada di aplikasi ?"", ""selamat malam xxxuserxxx mau tanya , kenapa bonus kuota aplikasi nya gak bisa di pake ? malah kesedot terus kuota utama nya . terimakasih"", ""sudah hampir xxxnumberxxx hari paket belum rilis ? ada apa ?"", ""dear xxxuserxxx : paket yellow kok nggak bisa dipaketin yaa ?"", ""saya beli voucher fisik indosat xxxnumberxxx gb unlimited , tapi gagal terus kenapa ya ?"", ""ogah ah males ga ad kuota"", ""halo min , cara cek riwayat pengisian pulsa gimana ya ?"", ""di my telkomsel muncul sperti itu kak""]",False,10,1637,9,True,25,0.9941782,informal,1,0.8736917972564697,0.733903169631958,3810.5731765707187,True,0.0
google/gemma-3-4b-it,formal,informal,dense,,"tidak seperti itu admin , di sini pada demo - demo tidak jelas , kasihan para driver yang uangnya di gopay seperti saya admin .","""gak bener tuh admin, sini pada demo gak jelas, kasihan driver yang duitnya di gopay kayak gue admin.""",False,330,4200165,42,"[""masalahnya akun driver bisa bisanya kena bajak . tidak ada pilihan cancel , karena itu yang buat mbak ini ketipu , bang jek ! xxxnumberxxx ! xxxnumberxxx ! xxxnumberxxx ! xxxnumberxxx ! xxxnumberxxx !"", ""klarifikasi gojeknya ga salah kalau mitranya sedang sibuk , sibuk demo dadakne"", ""setelah baca kasus ini , mari kita biasakan tidak isi gopay terlalu banyak biar kalo ada ancaman disedot kita bisa mikir tenang dengan kemungkinan terburuknya ."", ""driver di jogja pada ngapain ea kok sibuk semuaa hh laper neh"", ""tolong dong di proses . udah xxxnumberxxx hari gak ada perkembangan . duit gopay gue bln masuk masuk jg ."", ""aneh bukalapak dari kemaren kemaren balas cuma bisa itu itu saja , niat bantu apa tidak"", ""gapaham dengan keneeqmatan awal bulan ini , terima kasih xxxuserxxx makan siang saya hari ini cuma keluar seribu gopek"", ""min tadi pesen grabfood , dan ga sengaja kepencet rating xxxnumberxxx cara baikinnya gimana ya ? kasian sama bapaknya ga tegaa"", ""biasanya cepet kok ini lama ya mas , apa lagi trouble sistemnya ?"", ""pengembalian saldo karena gagal penarikan membutuhkan waktu berapa lama ya ? saya sudah laporan xxxnumberxxx hari kerja sampai skr masih proses ditindak lanjuti terus""]",False,10,2285,28,True,102,0.9884095,informal,1,0.793419361114502,0.8843899965286255,302.81408308175355,False,0.0
google/gemma-3-4b-it,formal,informal,dense,,"karena saya tidak pernah seperti ini , hahaha .","aku nggak ngerti , hahaha.",False,332,4200166,42,"[""seyakin apa mimin sama aku ? )"", ""besok dipanggil lagi ke bpsk ? tidak ada malu itu memang nggak ada batasnya ."", ""saya pernah kaya gini untung sadar"", ""aku terlihat happy sekali . makaci choro"", ""pulsa hilang terus , lalu jaringan cenat cenut kaya bisul mau pecah . lagi neken biaya produksi ya ? saya bayar loh , tapi setiap hari dikerjain ."", ""aku salut sekali sama abangnya , niat banget ! boleh kali abangnya nih dikasi bonus"", ""ini kenapa ya ? xxxuserxxx orang mau beli pulsa gara2 ini jadi batal . ini sampe berapa lama ?"", ""kenapa ya kode promo saya grabwae tidak bisa digunakan ? padahal sejak tgl xxxdatexxx ini saya belum pernah sekalipun pakai kode promo tersebut"", ""halo . dari xxxnumberxxx hari lalu saya mau bayar cc via mbanking tapi selalu keluar popup seperti ini kenapa ya ?"", ""sama kayak saya pak paket saya gak saya terima claim gak jelas kapan hasilnya , jangan tunggu ini menyebar ya !""]",False,10,1911,8,True,26,0.97044736,informal,1,0.4971039593219757,0.6995517015457153,3226.7363706244855,True,0.0
google/gemma-3-4b-it,formal,informal,dense,,admin tolong periksa riwayat pulsa transfer yang masuk ke nomor xxxnumberxxx pada tanggal xxxnumberxxx agustus xxxnumberxxx .,“admin tolong cek riwayat pulsa transfer masuk ke nomor xxxnumberxxx tanggal xxxnumberxxx agustus xxxnumberxxx ya.”,False,334,4200167,42,"[""pulsa saya terakhir xxxnumberxxx xxxnumberxxx xxxnumberxxx xxxnumberxxx xxxnumberxxx an , terus isi ulang xxxnumberxxx . kenapa skrg jumlahnya hanya xxxnumberxxx ya ? nomer xxxnumberxxx"", ""sudah xxxnumberxxx x24 jam transaksi pengisian pulsa pd tgl xxxnumberxxx agustus xxxnumberxxx pkl xxxnumberxxx ko blm masuk jg ya min ?"", ""tolong hentikan sms xxxnumberxxx ke nomor saya . xxxnumberxxx . mengurangi pulsa saya ."", ""transaksi xxxnumberxxx sudah diterima tgl xxxnumberxxx jam xxxnumberxxx siang harap segera diremit dananya"", ""pagi admin , paket saya dari shopee dengan kode xxxnumberxxx xxxnumberxxx xxxnumberxxx xxxnumberxxx xxxnumberxxx xxxnumberxxx xxxnumberxxx xxxnumberxxx xxxnumberxxx xxxnumberxxx xxxnumberxxx r04b tidak kebaca nomor resinya , mohon dibantu ya . dari hari jumat masih ngendep di jne malang"", ""keluar update versi xxxnumberxxx . xxxnumberxxx kapan min ?"", ""no transaksi saya xxxnumberxxx . saya udah nunggu xxxnumberxxx hr dana ga balik2 . duit nya ga sedikit . tanggung jawab dong dana org kok di tahan2 !"", ""min infonya klo upgrade simcard ke xxxnumberxxx g dapet bonus xxxnumberxxx . xxxnumberxxx gg selama xxxnumberxxx bulan . yaa"", ""sore min , ini ada keluhan nomer saya pulsa kesedot terus , padahal tidak berlangganan paket apapun . tolong di cek min + xxxnumberxxx xxxnumberxxx - xxxnumberxxx - xxxnumberxxx"", ""cek resi ini min , delivery kurir dari jam xxxnumberxxx td belum dateng2 xxxnumberxxx xxxnumberxxx""]",False,10,2524,27,True,115,0.7498533,informal,1,0.962289571762085,0.9125942587852478,94.33273535465969,False,0.0
google/gemma-3-4b-it,formal,informal,dense,,sudah . masih tetap tidak bisa dari tadi .,garaaa gimanaaa masih nggk bisa sih dari tadi...,False,336,4200168,42,"[""udah di coba tapi masih ngga bisa . cek dm"", ""toped sudah tidak bisa cicilan lagi ?"", ""intinya , bisa atau tidak ( dikirim sendiri ?"", ""udah masuk email pemberitahuannya suruh cek lagi tetep saldo ga berubah , tapi yasudahlah tak mengapa"", ""masih gak bisa ilangan terus jaringan nya dari tadi"", ""tetap tidak bisa min , nomor kartu kredit yg saya masukan sdh benar . tetapi tetap tidak bisa klik tombol continue . saya udah ulang berkali2 ."", ""aneh bukalapak dari kemaren kemaren balas cuma bisa itu itu saja , niat bantu apa tidak"", ""normal apanya min , udah beberapa hari mati nyala terus . hari ini ga tau udah berapa kali , ga ngitung saking seringnya"", ""ternuata memang sinyal anda ga bisa masuk kamar kos saya"", ""masalahnya akun driver bisa bisanya kena bajak . tidak ada pilihan cancel , karena itu yang buat mbak ini ketipu , bang jek ! xxxnumberxxx ! xxxnumberxxx ! xxxnumberxxx ! xxxnumberxxx ! xxxnumberxxx !""]",False,10,1916,13,True,48,0.998379,informal,1,0.550467312335968,0.649047315120697,985.5820157255353,False,0.0
google/gemma-3-4b-it,formal,informal,dense,,bener ini dipesan itu grabfoodnya dan jangan lupa apapun makanannya minumannya teh botol sosro ( endorse dong xxxuserxxx ),"""bener ini pesen grabfood yaa , jangan lupa teh botol sosro ( endorse dong xxxuserxxx )""",False,338,4200169,42,"[""mau makan malah kasih duit xxxuserxxx 🤣 🤣 🤣"", ""promo grab food semuanya mental ga bisa dipake . sedih akutu , xxxuserxxx . huhuhu"", ""min tadi pesen grabfood , dan ga sengaja kepencet rating xxxnumberxxx cara baikinnya gimana ya ? kasian sama bapaknya ga tegaa"", ""driver grab di jogja lg pada gereja berjamaah apa kopdar si anjir masa xxxnumberxxx menit nyoba grabfood berkali kali gaada yg ambil pesenan"", ""biasanya ada penyesuaian harga dr warungnya . karna warungnya ga mau dipotong komisi grabfood"", ""grabfood error , apakah saya harus beralih ke gofood ?"", ""whats wrong with grabfood ? di semarang dari pagi order gaada yg nyantol loh , semua busy , ganti resto pun sama"", ""read dong , aku lapar nih mau go - food . belum ada makan dari pagi . tolong"", ""kaa kok udh order xxxnumberxxx x gofood pake gopay kok ga dapet cashback gopay yaa ?"", ""belinya pake xxxuserxxx dapet cashback xxxpercentxxx lumayan dapat kopi gratisan""]",False,10,2004,25,True,88,0.99804413,informal,1,0.8779735565185547,0.8284637331962585,529.3520186280776,False,0.0
google/gemma-3-4b-it,formal,informal,dense,,"tidak , karena banyak mitra berkerumun di depan saya .","“enggak, banyak driver yg ngumpul depan aku tuh”",False,340,4200170,42,"[""baik , sy masih di depan mesin atm"", ""klarifikasi gojeknya ga salah kalau mitranya sedang sibuk , sibuk demo dadakne"", ""masalahnya akun driver bisa bisanya kena bajak . tidak ada pilihan cancel , karena itu yang buat mbak ini ketipu , bang jek ! xxxnumberxxx ! xxxnumberxxx ! xxxnumberxxx ! xxxnumberxxx ! xxxnumberxxx !"", ""driver grab di jogja lg pada gereja berjamaah apa kopdar si anjir masa xxxnumberxxx menit nyoba grabfood berkali kali gaada yg ambil pesenan"", ""disuruh dm soal keluhan , tapi enggak di respon"", ""bisa jadi admin grabnya salah ketik ."", ""min gimana nih ? kita warga twitter yang hobi rebahan menjadi badmood gara2 sinya susah . sinyal xxxnumberxxx g berasa xxxnumberxxx g malah e"", ""pulpen ditaro meja depan mata hilang di embat teman"", ""betul , karna tidak mungkin saya menyampaikan keluhan via tweet . terdapat informasi penting soalnya"", ""aku copot jarum pentul kerudung buat buka kartu sim didepan cs xxxuserxxx dong 🤣""]",False,10,1954,14,True,48,0.99352187,informal,1,0.42874860763549805,0.7731246948242188,400.506366935464,False,0.0
google/gemma-3-4b-it,formal,informal,dense,,"admin , saya coba buat transfer ke bank lain pakai m - banking pagi ini gagal terus ya ? tapi untuk transfer ke virtual account lancar . ada solusi kah ?","“min , pagi ini coba transfer ke bank lain lewat m-banking gagal terus ya? kok lancar buat virtual account sih? ada solusi gak min?”",False,342,4200171,42,"[""tetap tidak bisa min , nomor kartu kredit yg saya masukan sdh benar . tetapi tetap tidak bisa klik tombol continue . saya udah ulang berkali2 ."", ""pagi min , ini saya top up pulsa ko gagal terus ya . itu kenapa ya min ?"", ""saya melakukan pembukaan tabungan lewat bca mobile namun saat tahap untuk video call dengan customer service , selalu tidak bisa"", ""hai admin , sy baru saja update apl bri mobile . saat may login internet banking knp muncul aktivasi ya ? bisa dibantu ?"", ""saya mau tanya , apa nomor rekening yan sudah tidak di tambah saldo selama xxxnumberxxx tahun masih aktif / di gunakan"", ""udah xxxnumberxxx menit stuck gini terus , padahal koneksi internet saya normal . tolong di bantu"", ""pengembalian saldo karena gagal penarikan membutuhkan waktu berapa lama ya ? saya sudah laporan xxxnumberxxx hari kerja sampai skr masih proses ditindak lanjuti terus"", ""untuk pengiriman uang via dbs singapura ke bri indonesia proses uang masuk brp hari ya , soalnya semalam suami tranfer , tp smpe ckrg uang blm kak"", ""tadi saya topup ke shopee pay , sudah berhasil tapi kok di aplikasi tetep xxxnumberxxx ya ? tolong baca dm saya ya . terimakasih"", ""limit transfer dr bca ke bank lain per hari brp ya via klikbca ?""]",False,10,2327,31,True,132,0.9979388,informal,1,0.9271780252456665,0.8697798252105713,63.53150901904693,False,0.0
google/gemma-3-4b-it,formal,informal,dense,,"ingin liat admin , tapi bagaimana ?","min, cara liat adminnya gimana dong?",False,344,4200172,42,"[""udah min , tolong cek dm ya"", ""mana dm nya admin ? belum masuk k dm saya"", ""iya mbak ini belum terupdate , udah dm adminnua"", ""ini kok mbalik lg knp ya min"", ""sudah saya dm tapi kok blm dijawab ya ?"", ""min cek dm saya lagi yaa"", ""min klo lupa akun shopee gimana aku daftar lg tp gak bisa shopepay soalnya udh terdaftar jdi gimn ?"", ""ini bonusnya kapan masuk yah ? complete nih"", ""bos hari keberapa ini ga masuk2 kuota saya , sudah cukup sabar ya bos !"", ""dari tadi begini terus . . ini kenapa ya min . . aku dm mimin juga gk bs""]",False,10,1518,11,True,36,0.996727,informal,1,0.7590584754943848,0.7547036409378052,547.1978974857012,False,0.0
google/gemma-3-4b-it,formal,informal,dense,,halo admin xxxuserxxx . tolong cek dm .,"halo xxxuserxxx , tolong cek dm saya ya , thanks!",True,346,4200173,42,"[""halo admin xxxuserxxx cek dm dong"", ""hai , xxxuserxxx tolong cek dm saya ya , thanks !"", ""haloo xxxuserxxx tolong baless dm sayaa"", ""dear xxxuserxxx , please check my dm ."", ""halo min xxxuserxxx mintul cek dm"", ""halo xxxuserxxx sudah dibales kembali ya dmnya isi penjelasan saya . mohon dicek kembali . trims"", ""halo xxxuserxxx gimana ya caranya kontak driver utk kirim paket same day xxxnumberxxx hours ? sama sekali gabisa ngirim nih . makasih"", ""tolong cek jb xxxphonexxx dr tgl xxxnumberxxx kok ga ada status lagi"", ""gimana cara dm nya kak ? nomor saya xxxnumberxxx"", ""admin , kok dm saya belum di respon - respon ya ? sudah xxxnumberxxx hari nih min""]",False,10,1649,15,True,49,0.9937045,informal,1,0.8832006454467773,0.792382001876831,720.1501033852826,False,0.0
google/gemma-3-4b-it,formal,informal,dense,,"pak dokter tidak usah ikut , traktir saya minum kopi saja .","“dok, gak usah ikut, traktir kopi aja min.”",False,348,4200174,42,"[""kok aku ada disana si minum kopi"", ""read dong , aku lapar nih mau go - food . belum ada makan dari pagi . tolong"", ""min , udh xxxnumberxxx hari ini saya mau gofood kok gak dapet driver terus ? apa aplikasi gojek lagi error ?"", ""grabfood error , apakah saya harus beralih ke gofood ?"", ""min , minggu ini kok promo grab kaga ada sih . gw kaga bisa makan enak harga murah dong min . min , bantu dong wkwkwk ."", ""bangkunya tetap prioritas , ya jgn biasakan langsung ambil bangku tengah kasihan org lg tidur dsuruh bangun \"""", ""min nenek saya naik grab udh saya bayar pake ovo eh pas turun nenek saya bayar cash lagi , cara ovonya biar balik gimana ya ?"", ""mbaknya panik ya saat itu . mungkin buru2 mau ke kantor ."", ""min , minta naik gaji min , ganti hp"", ""mau makan malah kasih duit xxxuserxxx 🤣 🤣 🤣""]",False,10,1810,14,True,43,0.9846355,informal,1,0.8175294399261475,0.7377156615257263,251.1603489560818,False,0.0
google/gemma-3-4b-it,formal,informal,dense,,"kencan bahagia versi saya itu yang tidak pakai rumit , sederhana , saling mengerti , tidak harus menuntut dan paling penting dia senang ketika ketemu saya .","“kencan impren aku sih yang santai aja , gak usah ribet , saling ngerti aja , gak usah maksa , yang penting dia seneng pas ketemu aku.”",False,350,4200175,42,"[""seyakin apa mimin sama aku ? )"", ""ka monmaap , sebelum baper beneran mending cek dm dari aku dulu ."", ""aku kasih nomorku tp jangan whatsapp aneh aneh ya min aku baperan soalnya"", ""ni twitter yg eror apa sinyal gw yg eror sih ? gw ig , yt , wa bisa , tp buat twitter , ama ml gak bisa ."", ""malam , koneksi telkomsel semakin lama semakin buruk bukan membaik , sudah seminggu lebih seperti ini , jadi gmn solusi terbaik ?"", ""gebetan , udah bikin sayang eh ngilangnya cepet"", ""ooh gitu oke makasi ya kak"", ""hal apa yang lebih cepet dari gundala ? ketika driver dan cs sama - sama ngechat \"" oke \"""", ""yampunn gatahan sama jaringan indosat , lemott p a r a h"", ""dm terooss . gak ada respon lain yang bisa anda sampaikan ? selesaikan disini , penyelesaiannya mau seperti apa ?""]",False,10,1880,37,True,135,0.99390596,informal,1,0.6998831629753113,0.8049174547195435,53.30760410449592,False,0.0
google/gemma-3-4b-it,formal,informal,dense,,kalau lokasi bank terdekat dimana ?,"""lokasi atm terdekat di mana ya?""",False,352,4200176,42,"[""apakah di bca kc purwokerto ada weekend banking ? tq"", ""hanya alamat yang berubah . jadi harus ke cabang bca terdekat untuk ganti kartu atm ya . apakah ada biaya tambahan ?"", ""kantor post pulo gadung buka sampai jam berapa ya ? saya pengen melakukan pembayaran"", ""limit transfer dr bca ke bank lain per hari brp ya via klikbca ?"", ""ini kapan dikirimnya dah kebanyakan transit dr cilandak kedepok padahal deket"", ""barusan ada yg telfon saya dengan nomor ini . apakah ini benar dari halo bca ?"", ""min , ada kontak tlpn yang bisa dihubungi ?"", ""iya besok rencana mau ke bank . nelpon call center ga guna anjir"", ""kalian pengiriman dari jakarta ke jakarta butuh waktu berapa lama ?"", ""baik , sy masih di depan mesin atm""]",False,10,1706,9,True,33,0.99013853,informal,1,0.841745138168335,0.7965071201324463,175.7408803054767,False,0.0
google/gemma-3-4b-it,formal,informal,dense,,bisa tolong cek dm dari saya ?,"min, tolong cek dm saya ya.",False,354,4200177,42,"[""sudah saya dm min , mohon di cek"", ""mohon cek dm saya , terima kasih"", ""udah min , tolong cek dm ya"", ""min mohon cek dm , ditunggu responnya , makasih"", ""min cek dm saya lagi yaa"", ""min tolong cek dm ya . terima kasih"", ""sudah saya dm . mohon di balas"", ""min tolong cek dm ya . makasiih"", ""selamat siang kak , mohon dicek saya mengirimkan dm . terimakasih"", ""udah aku dm ya min , tolong responnya .""]",False,10,1384,10,True,27,0.99484813,informal,1,0.8847955465316772,0.757767379283905,412.1840899760447,False,0.0
google/gemma-3-4b-it,formal,informal,dense,,itu seller kurang saja . iklan palsu dan aku sudah tertipu .,"""seller nya kurang ajar tuh , iklan palsu dan aku udah kena tipu.""",False,356,4200178,42,"[""tolong xxxuserxxx ini di proses , modus penipuan"", ""cb cek ke website jnt langsung , kadang suka beda track di shopee dan di website"", ""fitur asuransi linkaja ada di no . xxxnumberxxx"", ""apa ini kerjaan bukalapak resi udah benar kenapa dana saya dibalikin ke pembeli ?"", ""min saya mau bayar transaksi bukalapak ko gagal mulu ya"", ""kecewa sama xxxuserxxx yakin banget milih voucher cash back makanya tetap bayar ongkir , tp pas barang sampai coin cash back pun ga dapet !"", ""permisi admin bukalapak mohon konfirmasi top up dana saya sebesar rp xxxnumberxxx . xxxnumberxxx berikut bukti pembayaran terimakasih"", ""keuntungan xxxnumberxxx nya kok ga bisa ya min ?"", ""ah parah bgt xxxuserxxx tapi baik kok selalu kasih diskon )"", ""kok sekarang potongan xxxnumberxxx rb nya ada batasan belanjanya kemari padahal nga ada . padahal potongannya cuma xxxnumberxxx rb loh""]",False,10,1876,18,True,66,0.9972466,informal,1,0.6795169711112976,0.7873477935791016,269.5149596065058,False,0.0
google/gemma-3-4b-it,formal,informal,dense,,"besok - besok setelah sudah ketemu tanya , kemarin kamu isi gopay siapa saja .","min, besok² aku tanya, kemarin kamu isi gopay siapa aja.",False,358,4200179,42,"[""min saya isi gopay td pagi ko ga masuk ya ? pdhl udh dapet sms konfirm dr bca nya . zz"", ""saya barusan isi saldo gopay tapi ga masuk ?"", ""selamat sore , sudah sy dm ya min . jadi bagaimana ya ?"", ""halo min saldo ovo ga muncul di grab , padahal nomor hp sudah sama . tolong cek dm ya min"", ""min , kmaren sy naik grab tp kok nda bisa bayar pake saldo gopay"", ""saya udh topup gopay , kenapaa saldo saya tidak bertambah ?"", ""udah min , tolong cek dm ya"", ""udah aku dm ya min , tolong responnya ."", ""no offense but di isiin gopay secara tiba - tiba di hari gopay payday jadi bisa ikut rasain cashback nya would actually sucks !"", ""malam . apakah ada promo cashback / bonus pengisian gopay ? thanks""]",False,10,1726,17,True,56,0.9960877,informal,1,0.8226025104522705,0.7800058722496033,772.5102895752692,False,0.0
google/gemma-3-4b-it,formal,informal,dense,,"periksa apa , sok tahu kamu .","""cepet dikit dong , liat apa tuh !""",False,360,4200180,42,"[""baik , sy masih di depan mesin atm"", ""begitu kak , apakah bisa diberi tau"", ""tolong diajarin pengemudinya di jalan . ga ada bedanya sama angkot . cuk"", ""kirain yang lebih cepat dari gundala itu menembus kemacetan pakai grabbike . ternyata iya , bener . putra nyetir"", ""grabfood error , apakah saya harus beralih ke gofood ?"", ""yang dinilai apaan tuh ? kecepatan ngunyah ? 🤔"", ""kartu e - money dengan logo gojek terbaru ada gak sih ?"", ""kemana - mana pake grab dan pas lagi ada promo lebih cepet dari"", ""tolong dong di proses . udah xxxnumberxxx hari gak ada perkembangan . duit gopay gue bln masuk masuk jg ."", ""mas , mbak , respon mention saya dong . lambat banget deh pelayanannya .""]",False,10,1669,13,True,35,0.99688345,informal,1,0.47537073493003845,0.45013418793678284,174.25090353270662,False,0.0
google/gemma-3-4b-it,formal,informal,dense,,sampai jam ini masih belum bisa mendaftarkan paket loh .,"""masih belum bisa daftar nih, soalnya.""",False,362,4200181,42,"[""udah di coba tapi masih ngga bisa . cek dm"", ""malam , mau komplain . paket statusnya sudah sampai . tapi saya belum terima paket . mohon bantuannya . terima kasih ."", ""kak gimana nih saya daftar paket yellow gak bisa bisa"", ""belum ada konfirmasi lagi kah min ?"", ""iya kak terimakasih . tapi tadi sudah datang ke galeri indosatnya langsung . sudah normal lagi"", ""min , cara menambah masa aktif kartu loop gmna ?"", "". ada apa dengan kurir pos . sampai saat ini belum juga update ongkir nya . padahal sudah dari tgl . xxxdatexxx sudah berlaku tarif baru ."", ""ni paket napa gagal kirim min ?"", ""halo min saldo ovo ga muncul di grab , padahal nomor hp sudah sama . tolong cek dm ya min"", ""min , kalau sudah melewati estimasi pengiriman , tapi barang blum smpe gimana ya . .""]",False,10,1780,12,True,39,0.88809973,informal,1,0.6197286248207092,0.6917059421539307,158.6300201613162,False,0.0
google/gemma-3-4b-it,formal,informal,dense,,"kota malang admin , biasanya cepat dapat driver . hari ini yang parah .","kota malang admin , lama banget nih dpt driver . hari ini parah bgt .",False,364,4200182,42,"[""driver xxxuserxxx di jogja malam ini sibuk semua . warbiasakk . sejam klak klik klak klik busy mulu ."", ""min , udh xxxnumberxxx hari ini saya mau gofood kok gak dapet driver terus ? apa aplikasi gojek lagi error ?"", ""driver di jogja pada ngapain ea kok sibuk semuaa hh laper neh"", ""bisa jadi admin grabnya salah ketik ."", ""kenapa aplikasi xxxuserxxx jadi lemot semenjak update ios ? huftt tapi gojek nggak"", ""akun sy disuspend gara2 saya cancel terus . padahal saya buru2 dan dapatnya driver ganjil terus di hari yang genap . mohon dm saya ya"", ""wah capek bener saya harus cerita lagi . udah saya telepon saya imel . seharusnya dari capture saya udah bisa terbaca . driver tidak memiliki jiwa sosial"", ""selamat siang xxxuserxxx saya ingin menghapus akun gojek saya , mohon bantuannya . terimakasih"", ""wahai admin gojek tersayang , tolong gk - xxxnumberxxx drivernya dimana"", ""min , tolong bantuannya . gojek instant nelponin saya terus nanya supaya diselesaikan transaksinya . biasanya otomatis kan ?""]",False,10,2027,18,True,69,0.9979874,informal,1,0.8679879903793335,0.8109892010688782,1661.5701102151636,True,0.0
google/gemma-3-4b-it,formal,informal,dense,,menu pembaruan password itu seperti ini . kenapa sangat susah mengambil dana yang ada di akun sendiri ke rekening sendiri ?,"""cara update passwordnya gimana ya min? kok susah banget ambil duit di saldo sendiri ke rekening sendiri sih?""",False,366,4200183,42,"[""withdraw saldo gak masuk2 ke bri saya ."", ""saldo kepotong tapi uang nggak keluar . ini udah kali kedua saya melakukan penarikan tunai di atm ."", ""masalahnya email saya pada akun tsb lupa password , saya sudah mengikuti cara mengganti email hanya saja tidak bisa terganti email tsb"", ""saya kirim uang , kenapa tidak masuk ? padahal status berhasil dan saldo sya terpotong"", ""cara aktifkan paylaternya bagaimana ya min ? saya mau pake di tokopedia"", ""saya mau tanya , apa nomor rekening yan sudah tidak di tambah saldo selama xxxnumberxxx tahun masih aktif / di gunakan"", ""pengembalian saldo karena gagal penarikan membutuhkan waktu berapa lama ya ? saya sudah laporan xxxnumberxxx hari kerja sampai skr masih proses ditindak lanjuti terus"", ""hanya alamat yang berubah . jadi harus ke cabang bca terdekat untuk ganti kartu atm ya . apakah ada biaya tambahan ?"", ""hai admin , sy baru saja update apl bri mobile . saat may login internet banking knp muncul aktivasi ya ? bisa dibantu ?"", ""apa ini kerjaan bukalapak resi udah benar kenapa dana saya dibalikin ke pembeli ?""]",False,10,2145,24,True,110,0.998252,informal,1,0.757109522819519,0.8017857074737549,102.61961861496685,False,0.0
google/gemma-3-4b-it,formal,informal,dense,,ini sudah terkirim tapi pesanan belum selesai di sistem karena saya menggunakan kurir berbeda .,“kok udah terkirim tapi pesenannya belum kelar ya? soalnya pakai kurir beda.”,False,368,4200184,42,"[""segera kirim pesanan saya sudah lewat dari batas waktu"", ""jika pesanan tidak diproses penjual batal otomatis setelah brp hari ? di bukalapak tidak info spt itu ."", ""no . transaksi xxxnumberxxx barang belum dikirim melebihi batas kirim , dana belum masuk ke saldo bl saya ."", ""malam , saya mau mengembalikan barang krn salah kirim . diinfo harus upload bukti pengirimannya . uploadnya dimana ya ? makasih"", ""tolong paket saya blm saya terima tapi pas di check tracking ko udh delivered ?"", ""kak tolong ini halodoc orderan saya ngga terkirim tapi di status tertulis terkirim"", ""saya kirim uang , kenapa tidak masuk ? padahal status berhasil dan saldo sya terpotong"", ""malam , mau komplain . paket statusnya sudah sampai . tapi saya belum terima paket . mohon bantuannya . terima kasih ."", ""min , kalau sudah melewati estimasi pengiriman , tapi barang blum smpe gimana ya . ."", "". ada apa dengan kurir pos . sampai saat ini belum juga update ongkir nya . padahal sudah dari tgl . xxxdatexxx sudah berlaku tarif baru .""]",False,10,2065,23,True,77,0.99700314,informal,1,0.7610496282577515,0.7528692483901978,56.361212292051334,False,0.0
google/gemma-3-4b-it,formal,informal,dense,,"sejak kemarin kenapa xl tidak ada servis , ada penjelasan ?",“kok xlnya lama banget nggak ada servis ya? masa’alnya ada penjelasan dong?”,False,370,4200185,42,"[""saya pakai xl prioritas kok lemotnya minta ampun ya ? padahal dulu kenceng bangett , apa lagi ada maintenance ?"", ""malam , koneksi telkomsel semakin lama semakin buruk bukan membaik , sudah seminggu lebih seperti ini , jadi gmn solusi terbaik ?"", ""min ini kenapa jaringan di karawaci gangguan terus ?"", ""halo admin , ini kenapa saya selalu di telpon oleh cs ? dan disaat jam kerja ."", ""iya kak terimakasih . tapi tadi sudah datang ke galeri indosatnya langsung . sudah normal lagi"", ""lama sekali responnya , untuk masalah seperti ini saja ?"", ""kenapa ya kode promo saya grabwae tidak bisa digunakan ? padahal sejak tgl xxxdatexxx ini saya belum pernah sekalipun pakai kode promo tersebut"", ""lagi gangguan ya tidak bisa telp , sms dan internetan"", ""semakin buruk , langganan paket aja gak berguna , karena sinyalnya yang makin hari makin parah buruknya"", ""jb xxxphonexxx , sudah seminggu paket ngga nyampe , padahal masih dalam jakarta , ini malah dikirm ke surabaya buat apa coba ? jnt sistemnya gimana sih ?""]",False,10,2023,19,True,76,0.9978654,informal,1,0.7018865346908569,0.7579692006111145,626.032385272483,False,0.0
google/gemma-3-4b-it,formal,informal,dense,,apakah tanpa buku tabungan bisa untuk upgradenya . sama mau setor tunai soalnya pecahan xxxnumberxxx ribu . terima kasih .,"""tanpa buku tabungan bisa buat upgrade gak ya? terus, mau setor tunai nih pecahan xxxnumberxxx ribu. makasih.""",False,372,4200186,42,"[""min ini gimana ya ? saya abis beli voucher xxxnumberxxx xxxnumberxxx k pake go points . pas dipake cuma dapet potongan xxxnumberxxx xxxnumberxxx k ?"", ""permisi admin bukalapak mohon konfirmasi top up dana saya sebesar rp xxxnumberxxx . xxxnumberxxx berikut bukti pembayaran terimakasih"", ""no transaksi saya xxxnumberxxx . saya udah nunggu xxxnumberxxx hr dana ga balik2 . duit nya ga sedikit . tanggung jawab dong dana org kok di tahan2 !"", ""besok ada surprise deal xxxnumberxxx xxxnumberxxx gb lagi gak ? saya mau beli"", ""halo . dari xxxnumberxxx hari lalu saya mau bayar cc via mbanking tapi selalu keluar popup seperti ini kenapa ya ?"", ""gak ada balasan sampai sekarang . apa karena cuma terpotong xxxnumberxxx xxxnumberxxx ribu aja ?"", ""selamat siang , voucher shopee senilai xxxnumberxxx xxxnumberxxx xxxnumberxxx ribu apakah ketika melakukan pembelian melebihi nominal tsb dapat dibayar dengan cash ? mohon infonya . trims ."", ""tadi ke bank xxxuserxxx trus gak ada apa2 dong di malah dipaksa buka tabungan buat anak sekolah"", ""sudah saya coba telpon ke mandiri nya . dan bener saldo saya kedebit xxxnumberxxx x . mohon bantuannya . nomor pelaporan mandiri : c190909991030424630"", ""saya beli tiket lokal penataran , tapi e tiket tidak muncul , dan saldo xxxuserxxx udah berkurang . mohon solusinya""]",False,10,2380,30,True,110,0.9953425,informal,1,0.901273250579834,0.8642877340316772,243.85677800727316,False,0.0
google/gemma-3-4b-it,formal,informal,dense,,"saya mau bertanya , saya sudah beli paket mengapa tidak masuk - masuk ? bagaimana ini ?","""kok gak masuk ya min? udah beli paket, kok gak ada tuh?""",False,374,4200187,42,"[""min , ini kenapa saya gak bisa sms ya ? saya mau konfirmasi pembelian paket gagal mulu sms nya drtd ."", ""admin , ketika mau cek tagihan listrik , kenapa tidak bisa ? muncul pesan dibawah"", ""cara pakainya gmn min , saya klik gunakan sekarang masuk ke web sampai situ aja"", ""saya kirim uang , kenapa tidak masuk ? padahal status berhasil dan saldo sya terpotong"", ""oh begitu , tadi aku coba regristrasi ke xxxnumberxxx smsnya gagal terus kak , gimana yaa ?"", ""saya mau tanya , ini saya mau beli paket yellow kenapa sama xxxnumberxxx tidak direspon / tidak dibalas"", ""malam , mau komplain . paket statusnya sudah sampai . tapi saya belum terima paket . mohon bantuannya . terima kasih ."", ""tolong di cek untuk , awb : xxxnumberxxx . statusya misroute itu artinya apa ? lalu untuk paket saya kapan sampainya ? terima kasih"", ""tetap tidak bisa min , nomor kartu kredit yg saya masukan sdh benar . tetapi tetap tidak bisa klik tombol continue . saya udah ulang berkali2 ."", ""malam , mohon info paket saya sejak tanggal xxxnumberxxx tertahan dgn status itu . blm terkirim sampai sekarang , ada apa ya ?""]",False,10,2138,17,True,57,0.9977221,informal,1,0.7255640625953674,0.7346957325935364,71.11260336286762,False,0.0
google/gemma-3-4b-it,formal,informal,dense,,"hahaha . yang terakhir , saat ciuman , ekspresinya sangat lucu . ada xxxnumberxxx wink , sepertinya .","hahaha . wook , pas ciuman ekspresinya lucu banget . ada xxxnumberxxx wink , kayaknya .",True,376,4200188,42,"[""sudah xxxnumberxxx hari , status belum juga berubah nih min . tadi udah telfon qc katanya cuma suruh nunggu"", ""superlmot . xxxnumberxxx g rasa xxxnumberxxx g . mohon d perbaiki jaringannya , ngadu ke cs cuma kasih saran yg itu2 aja ."", ""dm ku juga diliat dong min udh xxxnumberxxx jam yg lalu"", ""xxxnumberxxx g + nya kayak mantan , pas lagi sayang2nya malah ilang ngk jelas . ngk enak bnget pake xxxnumberxxx g , kirim email aja loadingnya xxxnumberxxx xxxnumberxxx menit"", ""ada apa denganmu . xxxnumberxxx g loh itu"", ""admin , kok dm saya belum di respon - respon ya ? sudah xxxnumberxxx hari nih min"", ""min , jaringan xxxnumberxxx g dilokasi ini error . tolong dibantu cek dong . tks before"", ""keluar update versi xxxnumberxxx . xxxnumberxxx kapan min ?"", ""sudah off , jaringannya jga udh xxxnumberxxx g / xxxnumberxxx g . tetep ga bisa"", ""waduh jadi gimana nih xxxuserxxx tolong di tindak lanjuti ya !""]",False,10,1961,24,True,87,0.71014804,informal,1,0.7999687790870667,0.8985327482223511,2131.352763697743,True,0.0
google/gemma-3-4b-it,formal,informal,dense,,"selamat siang . dua hari ini orderan grabfood di denpasar , kenapa drivernya jauh - jauh dari restoran ? kebetulan atau memang ada error ? terima kasih .","""siang , grab kok drivernya jauh banget di denpasar buat grabfood dua hari ini , apa cuma kebetulan atau ada error ya min ?""",True,378,4200189,42,"[""min , udh xxxnumberxxx hari ini saya mau gofood kok gak dapet driver terus ? apa aplikasi gojek lagi error ?"", ""whats wrong with grabfood ? di semarang dari pagi order gaada yg nyantol loh , semua busy , ganti resto pun sama"", ""halo grab mo tanya dong , apakah bs driver dapet xxxnumberxxx order dr org berbeda dlm xxxnumberxxx waktu ?"", ""bisa jadi admin grabnya salah ketik ."", ""halo min , saya mau mengnonaktifkan akun gojek saya mohon dicek dmnya . sedih nih udah dari kemarin nge - mention ga di respon"", ""grabfood error , apakah saya harus beralih ke gofood ?"", ""min , minggu ini kok promo grab kaga ada sih . gw kaga bisa makan enak harga murah dong min . min , bantu dong wkwkwk ."", ""driver grab di jogja lg pada gereja berjamaah apa kopdar si anjir masa xxxnumberxxx menit nyoba grabfood berkali kali gaada yg ambil pesenan"", ""mas , mbak , respon mention saya dong . lambat banget deh pelayanannya ."", ""admin grab yang baik hati , saya minta tolong cek dm ya . terima kasih .""]",False,10,2092,32,True,124,0.9976725,informal,1,0.8509230613708496,0.83632493019104,115.47405224626412,False,0.0
google/gemma-3-4b-it,formal,informal,dense,,halo . mengapa saya tidak bisa login dari tadi ? kodenya tidak terkirim - kirim di nomor saya . soalnya mau ganti nomor . tolong .,"min, kok saya gak bisa login ya dari tadi? kodenya gak masuk di nomor saya. pengen ganti nomor nih, tolong.",False,380,4200190,42,"[""hai , selamat sore . saya baru saja membeli kartu sim simpati . dan udah coba registrasi , tapi ga ada respon . tolong bantuannya ."", ""min , ini kenapa saya gak bisa sms ya ? saya mau konfirmasi pembelian paket gagal mulu sms nya drtd ."", ""admin , ketika mau cek tagihan listrik , kenapa tidak bisa ? muncul pesan dibawah"", ""malam , mau komplain . paket statusnya sudah sampai . tapi saya belum terima paket . mohon bantuannya . terima kasih ."", ""tolong di cek untuk , awb : xxxnumberxxx . statusya misroute itu artinya apa ? lalu untuk paket saya kapan sampainya ? terima kasih"", ""pagi min , ini saya top up pulsa ko gagal terus ya . itu kenapa ya min ?"", ""selamat malam , tolong cek dm ya min , kiriman paket saya blm di kirim ."", ""min kalau mau buat nomer kartu halo baru yang xxxnumberxxx itu bagaimana prosedur dan biayanya ?"", ""min tolong cek dm ya . terima kasih"", ""saya mau tanya , ini saya mau beli paket yellow kenapa sama xxxnumberxxx tidak direspon / tidak dibalas""]",False,10,2062,30,True,107,0.99673885,informal,1,0.9165220260620117,0.9061048030853271,65.00242964071062,False,0.0
google/gemma-3-4b-it,formal,informal,dense,,apakah bandwidth xxxnumberxxx xxxnumberxxx xxxnumberxxx kbps untuk buka youtube menggunakan indosat buffering terus - menerus ?,"""buffing mulu pas buka youtube nih , bandwidth xxxnumberxxx xxxnumberxxx xxxnumberxxx kbps kayaknya ya?""",False,382,4200191,42,"[""min , yg paket internet malam hingga pukul xxxnumberxxx pagi itu yg jadi patokan xxxnumberxxx pagi wib atau xxxnumberxxx pagi waktu lokal user ?"", ""lumayan buat nonton youtube . terimakasih xxxuserxxx rp xxxnumberxxx dapat xxxnumberxxx gb ."", ""udah xxxnumberxxx menit stuck gini terus , padahal koneksi internet saya normal . tolong di bantu"", ""ini kenapa lagi ya mau perpanjang internet ga bisa ? xxxnumberxxx juga ga bisa ?"", ""pulsa saya terakhir xxxnumberxxx xxxnumberxxx xxxnumberxxx xxxnumberxxx xxxnumberxxx an , terus isi ulang xxxnumberxxx . kenapa skrg jumlahnya hanya xxxnumberxxx ya ? nomer xxxnumberxxx"", ""selamat pagi xxxuserxxx saya kan punya m - card dan xxxnumberxxx x - card , untuk free transactionnya apakah tiap kartu mendapat kuota masing - masing atau diakumulasikan dikedua kartu ?"", ""saya beli voucher fisik indosat xxxnumberxxx gb unlimited , tapi gagal terus kenapa ya ?"", ""oo xxxuserxxx lagi eror . pntesan g bisa2 , dan aku harus ambil hotspot dr hp xxxnumberxxx nya yg pake xxxuserxxx lancar jaya , trimakasii"", ""tolong dong xxxuserxxx dari kmaren sore jaringan nya full tapi nggak nyambung ke internet padahal kuota dah lumayan banyak"", ""telat bayar wifi pas mau bayar jadi xxxnumberxxx ribu""]",False,10,2304,27,True,104,0.99855727,informal,1,0.7658869624137878,0.7072539329528809,370.86080275927526,False,0.0
google/gemma-3-4b-it,formal,informal,dense,,"cek dm , admin . di sana ada nomor - nomor kartu yang baru dibeli dan tidak bisa dipakai internet . dipersilahkan solusinya .","min, cek dm. ada no kartu baru yg dibeli, gak bisa internet. tolong solusinya min",False,384,4200192,42,"[""halo min saldo ovo ga muncul di grab , padahal nomor hp sudah sama . tolong cek dm ya min"", ""halo min , cara cek riwayat pengisian pulsa gimana ya ?"", ""min kalau mau buat nomer kartu halo baru yang xxxnumberxxx itu bagaimana prosedur dan biayanya ?"", ""tolong bantu , kenapa nomor simpati saya tidak bisa menerima sms dari nomor tri , padahal ditelpon bisa ."", ""maaf min no saya tidak bisa dipakai internet , nelpon dll . mohon ditanggapi dm saya"", ""dear indosat , sy mau isi paketan , tetapi kenapa tidak bisa ya , sudah sejak jam xxxnumberxxx tadi , pulsa sdh masuk tapi tdk bisa aktip"", ""iya kak terimakasih . tapi tadi sudah datang ke galeri indosatnya langsung . sudah normal lagi"", ""min , kenapa jaringan idup mati terus ya ? kudu pindah2 apn baru konek ."", ""udah di coba tapi masih ngga bisa . cek dm"", ""cek dm coba xxxuserxxx dari tadi komplen ngga ada respon , pulsa udah kepotong kena tarif per kb""]",False,10,1987,24,False,81,0.9972161,informal,1,0.8422298431396484,0.8258785009384155,170.66992144656692,False,0.0
google/gemma-3-4b-it,formal,informal,dense,,"pengemudi online yang tengil , pasti kesel lalu menyindir melihat yang seperti ini . ngomong blabla . bukannya istigfar sambil bilang , saya juga ingin yang seperti ini .","""driver grab tuh emang sinis , pasti kesel liat kayak gini . ngomong ngomong mulu , bukan istigfar sambil mikir , pengen juga gue punya kayak gitu .""",False,386,4200193,42,"[""kasian temenku ini , lagi kelaperan malah dijahatin mamang grab"", ""min tadi pesen grabfood , dan ga sengaja kepencet rating xxxnumberxxx cara baikinnya gimana ya ? kasian sama bapaknya ga tegaa"", ""driver grab di jogja lg pada gereja berjamaah apa kopdar si anjir masa xxxnumberxxx menit nyoba grabfood berkali kali gaada yg ambil pesenan"", ""kirain yang lebih cepat dari gundala itu menembus kemacetan pakai grabbike . ternyata iya , bener . putra nyetir"", ""min gimana nih ? kita warga twitter yang hobi rebahan menjadi badmood gara2 sinya susah . sinyal xxxnumberxxx g berasa xxxnumberxxx g malah e"", ""masalahnya akun driver bisa bisanya kena bajak . tidak ada pilihan cancel , karena itu yang buat mbak ini ketipu , bang jek ! xxxnumberxxx ! xxxnumberxxx ! xxxnumberxxx ! xxxnumberxxx ! xxxnumberxxx !"", ""emak gue yang email emailan , gue duduk manis aja kena ocehan dikit"", ""pulsa hilang terus , lalu jaringan cenat cenut kaya bisul mau pecah . lagi neken biaya produksi ya ? saya bayar loh , tapi setiap hari dikerjain ."", ""setelah baca kasus ini , mari kita biasakan tidak isi gopay terlalu banyak biar kalo ada ancaman disedot kita bisa mikir tenang dengan kemungkinan terburuknya ."", ""jgn di protect twitter lu , mereka gabisa baca mban""]",False,10,2368,43,True,149,0.99701285,informal,1,0.7266347408294678,0.6888834238052368,89.2480271218516,False,0.0
google/gemma-3-4b-it,formal,informal,dense,,kurang adil kayaknya . di tokopedia penjual bisa memberi reputasi ke akun pembeli .,"""kayak gak adil tuh , di tokopedi penjual bisa kasih reputasi ke buyer gitu ya?""",False,388,4200194,42,"[""apa ini kerjaan bukalapak resi udah benar kenapa dana saya dibalikin ke pembeli ?"", ""min saya mau bayar transaksi bukalapak ko gagal mulu ya"", ""blacklist aja nih toko kalo kaya gini wkwkwk"", ""min nanya , ini kalau nabung emas di tokopedia nantinya bisa minta barang fisiknya nggak ?"", ""bukalapak yang terhormat , kenapa ongkir bukalapak berbeda dengan dilapangan . bahkan dibandingkan dengan marketplace lain , meski freeong hrgnya tetap sama tanpa di markup terlebih dahulu ."", ""cb cek ke website jnt langsung , kadang suka beda track di shopee dan di website"", ""biasanya ada penyesuaian harga dr warungnya . karna warungnya ga mau dipotong komisi grabfood"", ""manteb nih , jadi makin yahut penjualannya"", ""aneh bukalapak dari kemaren kemaren balas cuma bisa itu itu saja , niat bantu apa tidak"", ""jika pesanan tidak diproses penjual batal otomatis setelah brp hari ? di bukalapak tidak info spt itu .""]",False,10,1940,22,True,80,0.99828416,informal,1,0.7299070954322815,0.747170090675354,150.84891058617578,False,0.0
google/gemma-3-4b-it,formal,informal,dense,,"kak , mengapa tidak bisa balas sms ke xxxnumberxxx ?","min, kok gak dibales sms ke xxxnumberxxx ya?",False,390,4200195,42,"[""malam , mohon info paket saya sejak tanggal xxxnumberxxx tertahan dgn status itu . blm terkirim sampai sekarang , ada apa ya ?"", ""saya mau tanya , ini saya mau beli paket yellow kenapa sama xxxnumberxxx tidak direspon / tidak dibalas"", ""min , boleh minta info no puk untuk no xxxnumberxxx"", ""minta pencerahan nya hu . kok saldo ga msk ya , xxxnumberxxx trip xxxnumberxxx . ada apa kah ini"", ""maaf min mau nanya apakah bener ini nomor dari gojek ? + xxxnumberxxx"", ""oh begitu , tadi aku coba regristrasi ke xxxnumberxxx smsnya gagal terus kak , gimana yaa ?"", ""sudah kak , sudah saya ganti ke xxxnumberxxx g tp ttp susah"", ""paket saya sampai mana ya ? resi xxxnumberxxx . thx"", ""tolong di cek untuk , awb : xxxnumberxxx . statusya misroute itu artinya apa ? lalu untuk paket saya kapan sampainya ? terima kasih"", ""ka paket no resi ini xxxnumberxxx udah sampai dimana ya ?""]",False,10,1878,15,True,44,0.99734527,informal,1,0.8703744411468506,0.928460955619812,948.9781559080006,False,0.0
google/gemma-3-4b-it,formal,informal,dense,,"iya , paham . yang saya protes kan kenapa sms - nya bilang bakal diantar hari ini ? kalo .","min , ngerti kok . soal sms bilang bakal diantar hari ini tuh , udah , udah .",False,392,4200196,42,"[""kalau gitu juga saya juga tau . saya kan nanya apa ada kemungkinan menghubungi kurir . alamat tujuan pengiriman jelas . status diantar kurir . masa sehari . yaudalah ."", ""min , tolong bantuannya . gojek instant nelponin saya terus nanya supaya diselesaikan transaksinya . biasanya otomatis kan ?"", ""jb xxxphonexxx , sudah seminggu paket ngga nyampe , padahal masih dalam jakarta , ini malah dikirm ke surabaya buat apa coba ? jnt sistemnya gimana sih ?"", ""malam , mau komplain . paket statusnya sudah sampai . tapi saya belum terima paket . mohon bantuannya . terima kasih ."", ""malam , saya mau mengembalikan barang krn salah kirim . diinfo harus upload bukti pengirimannya . uploadnya dimana ya ? makasih"", ""malam , mohon info paket saya sejak tanggal xxxnumberxxx tertahan dgn status itu . blm terkirim sampai sekarang , ada apa ya ?"", ""mas , mbak , respon mention saya dong . lambat banget deh pelayanannya ."", ""tolong paket saya blm saya terima tapi pas di check tracking ko udh delivered ?"", ""haloo xxxuserxxx kalo paket salah tulis nomor rumah bisa di ganti nggak ya ? udah terlanjur di kirim baru tau kalo no rumahnya salah"", ""hallo min selamat pagi , no resi jp xxxphonexxx diperkiran bakal diterima hari ini . tapi malah di disimpan kalau ada alamat yang salah tolong diinfo kan .""]",False,10,2335,21,True,77,0.99796546,informal,1,0.788063108921051,0.7503545880317688,386.9189488750055,False,0.0
google/gemma-3-4b-it,formal,informal,dense,,"admin , saya mau hapus akun gojek customer . bagaimana caranya ? karena kena bajak orang .","min , mau tanya nih , gimana cara hapus akun gojek customer ya? soalnya kena bajak nih, kasihan banget 🥺",False,394,4200197,42,"[""hi , admin . mohon bantuan untuk hapus akun gojek saya yg lama ? terimakasih ."", ""halo min , saya mau mengnonaktifkan akun gojek saya mohon dicek dmnya . sedih nih udah dari kemarin nge - mention ga di respon"", ""selamat siang xxxuserxxx saya ingin menghapus akun gojek saya , mohon bantuannya . terimakasih"", ""min , tolong bantuannya . gojek instant nelponin saya terus nanya supaya diselesaikan transaksinya . biasanya otomatis kan ?"", ""masalahnya akun driver bisa bisanya kena bajak . tidak ada pilihan cancel , karena itu yang buat mbak ini ketipu , bang jek ! xxxnumberxxx ! xxxnumberxxx ! xxxnumberxxx ! xxxnumberxxx ! xxxnumberxxx !"", ""bisa jadi admin grabnya salah ketik ."", ""min , udh xxxnumberxxx hari ini saya mau gofood kok gak dapet driver terus ? apa aplikasi gojek lagi error ?"", ""permisi mimin , maap malem minggu malah nanya hehe kalo mau ganti nomer rekening ponsel akun gojekdriver gimana ya ? soalnya kartunya is missing"", ""akun sy disuspend gara2 saya cancel terus . padahal saya buru2 dan dapatnya driver ganjil terus di hari yang genap . mohon dm saya ya"", ""wah capek bener saya harus cerita lagi . udah saya telepon saya imel . seharusnya dari capture saya udah bisa terbaca . driver tidak memiliki jiwa sosial""]",False,10,2279,28,False,104,0.99745435,informal,1,0.8561116456985474,0.8413218259811401,80.6688295026536,False,0.0
google/gemma-3-4b-it,formal,informal,dense,,maksudnya bagaimana admin ? dibuka dimanakah itu ?,"min , adminnya mana ya ? buka di mana sih ?",False,396,4200198,42,"[""mana dm nya admin ? belum masuk k dm saya"", ""ini kok mbalik lg knp ya min"", ""sudah saya dm tapi kok blm dijawab ya ?"", ""min maaf mau tanya lg . kl mbca yg ke blokir , atm nya ga ikutan ke blokir jg kan ya ?"", ""tolong cek pesan dari saya ada yang mencoba masuk ke akun ibanking saya sampe terblokir"", ""iya mbak ini belum terupdate , udah dm adminnua"", ""mohon info kenapa dengan koneksi bukalapak ?"", ""iya , admin tolong dibaca dm nya , makasih ^ ^"", ""min , kenapa jaringan idup mati terus ya ? kudu pindah2 apn baru konek ."", ""lah kok nomer saya tiba2 terdaftar sih ?""]",False,10,1572,13,True,43,0.9970784,informal,1,0.7727161645889282,0.8061705827713013,472.8750172997351,False,0.0
google/gemma-3-4b-it,formal,informal,dense,,cc xxxuserxxx seperti ini dulu sudah digilas sama xxxuserxxx . menkominfo xxxuserxxx sekarang mana berani .,“ini xxxuserxxx kenapa ya udah xxxnumberxxx x top up ga masuk2 saldonya? menkominfo xxxuserxxx sekarang mana berani.”,False,398,4200199,42,"[""sudah diturunkan ke xxxnumberxxx g / xxxnumberxxx g tp gagal terus | cc"", ""yaang xxxuserxxx aku ikutan ini yaa"", ""nih xxxuserxxx lemot banget xxxnumberxxx g nya"", ""mau tanya nih xxxuserxxx , apa benar ovo sedang mengalami trouble ? saya top up via xxxuserxxx sore tadi sampai sekarang xxxnumberxxx belum masuk juga ."", ""sering² gini ya xxxuserxxx biar makin sayang aku nya"", ""ini xxxuserxxx kenapa ya udah xxxnumberxxx x top up ga masuk2 saldonya ?"", ""min xxxuserxxx utk memberantas ini bagaimana ?"", ""ohh gitu ya xxxuserxxx pilih kasih yaa"", ""tolong xxxuserxxx ini di proses , modus penipuan"", ""sobatpd kalian tim mana nih ? tim xxxuserxxx atau tim xxxuserxxx 🤔""]",False,10,1725,32,True,117,0.99779415,informal,1,0.7943370938301086,0.6090418100357056,295.53745100312574,False,0.5
google/gemma-3-4b-it,formal,informal,dense,,"sudah sedang menjaga jodoh , diganggu juga oleh sinyal .","“udah lama ngeladenin calon suami , malah sinyal juga ganggu 😭”",False,400,4200200,42,"[""alhamdulillah , rezeki anak shalih ya kak . 🤲 * siap2 diajak ketemuan 🤭"", ""engga . gangguan beneran kayanya . makanya wa dia susah masuk wkwkwk"", ""ternuata memang sinyal anda ga bisa masuk kamar kos saya"", ""malam , koneksi telkomsel semakin lama semakin buruk bukan membaik , sudah seminggu lebih seperti ini , jadi gmn solusi terbaik ?"", ""iya sama , udeh gw dm dari tadi mba yg cantik , ini signal woi"", ""kenapa sinyalnya kalau malam jelek mulu sihh"", ""semakin buruk , langganan paket aja gak berguna , karena sinyalnya yang makin hari makin parah buruknya"", "": mas , agak cpt ya udh laper nih : oke mba , ditunggu : sama nnti temenin saya ya mas rumah lagi sepi nih : ."", ""siang min , email saya belom ada balesan juga"", ""seyakin apa mimin sama aku ? )""]",False,10,1766,18,True,63,0.9975141,informal,1,0.4724745750427246,0.5433416366577148,229.6709001089961,False,0.0
google/gemma-3-4b-it,formal,informal,dense,,"halo admin , saya tidak bisa mendaftar nomor , kenapa ?","min, kenapa gak bisa daftar nomer ya?",False,402,4200201,42,"[""halo min , cara cek riwayat pengisian pulsa gimana ya ?"", ""min kalau mau buat nomer kartu halo baru yang xxxnumberxxx itu bagaimana prosedur dan biayanya ?"", ""halo min , kalo paket saya misroute gimana ya ?"", ""maaf min no saya tidak bisa dipakai internet , nelpon dll . mohon ditanggapi dm saya"", ""oh ya mandiri online , tolong min knp saat proses masuk baru tak dpt sms"", ""apakah saya bisa mendaftar online menggunakan sim sementara ?"", ""iya kak terimakasih . tapi tadi sudah datang ke galeri indosatnya langsung . sudah normal lagi"", ""barusan ada yg telfon saya dengan nomor ini . apakah ini benar dari halo bca ?"", ""kak gimana nih saya daftar paket yellow gak bisa bisa"", ""dear indosat , sy mau isi paketan , tetapi kenapa tidak bisa ya , sudah sejak jam xxxnumberxxx tadi , pulsa sdh masuk tapi tdk bisa aktip""]",False,10,1824,11,True,37,0.99707556,informal,1,0.7239362001419067,0.7726065516471863,941.534782859902,False,0.0
google/gemma-3-4b-it,formal,informal,dense,,"halo . apakah sistem lazada sedang error ? saya tidak bisa checkout dan bayar . sudah dicoba via app , browser hp , & pc . sudah restart hp juga .","min , lazada lagi error gak ya? gak bisa checkout sama bayar , udah coba app , hp , sama pc juga restart hp udah .",False,404,4200202,42,"[""hai , selamat sore . saya baru saja membeli kartu sim simpati . dan udah coba registrasi , tapi ga ada respon . tolong bantuannya ."", ""iya kak terimakasih . tapi tadi sudah datang ke galeri indosatnya langsung . sudah normal lagi"", ""admin , ketika mau cek tagihan listrik , kenapa tidak bisa ? muncul pesan dibawah"", ""min saya mau bayar transaksi bukalapak ko gagal mulu ya"", ""min , ini kenapa saya gak bisa sms ya ? saya mau konfirmasi pembelian paket gagal mulu sms nya drtd ."", ""halo . paket saya dengan no resi xxxnumberxxx tidak ada pergerakan dari kemarin . tolong konfirmasi nya"", ""malam , mau komplain . paket statusnya sudah sampai . tapi saya belum terima paket . mohon bantuannya . terima kasih ."", ""tolong pulsa belum masuk . udah transfer juga . makasih ."", ""halo min , cara cek riwayat pengisian pulsa gimana ya ?"", ""hai admin , sy baru saja update apl bri mobile . saat may login internet banking knp muncul aktivasi ya ? bisa dibantu ?""]",False,10,2053,29,True,114,0.99868697,informal,1,0.890275239944458,0.8495965600013733,155.30339523546124,False,0.0
google/gemma-3-4b-it,formal,informal,dense,,"admin . saya sudah mengisi pulsa xxxnumberxxx ribu . tapi mengapa tidak masuk juga ya ? padahal , nomor sudah benar min .","min, kok saldo gak masuk ya, xxxnumberxxx ribu. udah top up tapi gak kepake. nomornya udah bener kok.",False,406,4200203,42,"[""saya belipaket rp . xxxnumberxxx rb tapi kok tidak masuk ya ? padahal pulsanya udh kepotong"", ""sore min , ini ada keluhan nomer saya pulsa kesedot terus , padahal tidak berlangganan paket apapun . tolong di cek min + xxxnumberxxx xxxnumberxxx - xxxnumberxxx - xxxnumberxxx"", ""pagi min , ini saya top up pulsa ko gagal terus ya . itu kenapa ya min ?"", ""ini min minta tolong di cek sudah sampe mana . masa sudah xxxnumberxxx minggu blm sampe . tolong banget min di update smp mana"", ""malam , mohon info paket saya sejak tanggal xxxnumberxxx tertahan dgn status itu . blm terkirim sampai sekarang , ada apa ya ?"", ""minta pencerahan nya hu . kok saldo ga msk ya , xxxnumberxxx trip xxxnumberxxx . ada apa kah ini"", ""tetap tidak bisa min , nomor kartu kredit yg saya masukan sdh benar . tetapi tetap tidak bisa klik tombol continue . saya udah ulang berkali2 ."", ""oh begitu , tadi aku coba regristrasi ke xxxnumberxxx smsnya gagal terus kak , gimana yaa ?"", ""tolong di cek untuk , awb : xxxnumberxxx . statusya misroute itu artinya apa ? lalu untuk paket saya kapan sampainya ? terima kasih"", ""udah xxxnumberxxx menit stuck gini terus , padahal koneksi internet saya normal . tolong di bantu""]",False,10,2263,30,True,101,0.99712366,informal,1,0.8423596024513245,0.812575101852417,182.37485727341993,False,0.0
google/gemma-3-4b-it,formal,informal,dense,,"inv / xxxnumberxxx / xix / ix / xxxnumberxxx , tolong perpanjang masa ired order sampai xxxdatexxx . terima kasih moderator .","""inv / xxxnumberxxx / xix / vii / xxxnumberxxx , tolong perpanjang masa ired order sampai xxxdatexxx . makasih ya min.""",False,408,4200204,42,"[""baru saja saya membeli barang di tokopedia dan tidak bisa dibatalkan , bisa tolong dibatalkan pesanan saya inv / xxxnumberxxx / xix / ix / xxxnumberxxx"", ""pulsa saya terakhir xxxnumberxxx xxxnumberxxx xxxnumberxxx xxxnumberxxx xxxnumberxxx an , terus isi ulang xxxnumberxxx . kenapa skrg jumlahnya hanya xxxnumberxxx ya ? nomer xxxnumberxxx"", ""gaada lagi best deal yg xxxnumberxxx xxxnumberxxx gb / xxxnumberxxx hari yg harga nya xxxnumberxxx xxxnumberxxx rb kaya kmaren gitu ? hmm"", ""min . saya sebagai seller , mohon dibantu untuk penyelesaiian komplain inv / xxxnumberxxx / xix / vii / xxxnumberxxx"", ""sudah xxxnumberxxx x24 jam transaksi pengisian pulsa pd tgl xxxnumberxxx agustus xxxnumberxxx pkl xxxnumberxxx ko blm masuk jg ya min ?"", ""pagi admin , paket saya dari shopee dengan kode xxxnumberxxx xxxnumberxxx xxxnumberxxx xxxnumberxxx xxxnumberxxx xxxnumberxxx xxxnumberxxx xxxnumberxxx xxxnumberxxx xxxnumberxxx xxxnumberxxx r04b tidak kebaca nomor resinya , mohon dibantu ya . dari hari jumat masih ngendep di jne malang"", ""xxxdatexxx kan xxxnumberxxx hari kedepan , ga lebih dari xxxnumberxxx hari , gimana ?"", ""keluar update versi xxxnumberxxx . xxxnumberxxx kapan min ?"", ""cek resi ini min , delivery kurir dari jam xxxnumberxxx td belum dateng2 xxxnumberxxx xxxnumberxxx"", ""transaksi xxxnumberxxx sudah diterima tgl xxxnumberxxx jam xxxnumberxxx siang harap segera diremit dananya""]",False,10,2476,34,True,119,0.9838843,informal,1,0.9704087972640991,0.8841572999954224,219.57766346847168,False,0.0
google/gemma-3-4b-it,formal,informal,dense,,admin tolong respons komplain nomor transaksi xxxnumberxxx secepatnya . terima kasih banyak .,"min, tolong respons komplain no transaksi xxxnumberxxx secepatnya. terima kasih banyak.",False,410,4200205,42,"[""halo . paket saya dengan no resi xxxnumberxxx tidak ada pergerakan dari kemarin . tolong konfirmasi nya"", ""minta pencerahan nya hu . kok saldo ga msk ya , xxxnumberxxx trip xxxnumberxxx . ada apa kah ini"", ""min tolong di bantu cek resi xxxnumberxxx , sudah xxxnumberxxx hari ndak ada pergerakan ."", ""min , jaringan xxxnumberxxx g dilokasi ini error . tolong dibantu cek dong . tks before"", ""min bales dong . udh xxxnumberxxx x24 jam cb ga masuk2 ."", ""min , boleh minta info no puk untuk no xxxnumberxxx"", ""malam , mau komplain . paket statusnya sudah sampai . tapi saya belum terima paket . mohon bantuannya . terima kasih ."", ""admin , kok dm saya belum di respon - respon ya ? sudah xxxnumberxxx hari nih min"", ""no transaksi saya xxxnumberxxx . saya udah nunggu xxxnumberxxx hr dana ga balik2 . duit nya ga sedikit . tanggung jawab dong dana org kok di tahan2 !"", ""min . saya sebagai seller , mohon dibantu untuk penyelesaiian komplain inv / xxxnumberxxx / xix / vii / xxxnumberxxx""]",False,10,2031,21,True,87,0.99142176,informal,1,0.9611160159111023,0.9021941423416138,353.23350512982626,False,0.0
google/gemma-3-4b-it,formal,informal,dense,,"admin , sampai kapan kuota ini berlaku ? terima kasih .","min, tolong info kuota ini sampai kapan berlaku ya, terima kasih.",False,412,4200206,42,"[""malam , mohon info paket saya sejak tanggal xxxnumberxxx tertahan dgn status itu . blm terkirim sampai sekarang , ada apa ya ?"", ""selamat malam , tolong cek dm ya min , kiriman paket saya blm di kirim ."", ""baik min , sebentar lagi saya kirim lewat dm . terimakasih ."", ""min tolong cek dm ya . terima kasih"", ""selamat siang , mohon bantuannya untuk di follow up admin , karena saya butuh untuk segera dikirimkan , terima kasih"", "". ada apa dengan kurir pos . sampai saat ini belum juga update ongkir nya . padahal sudah dari tgl . xxxdatexxx sudah berlaku tarif baru ."", ""malam , mau komplain . paket statusnya sudah sampai . tapi saya belum terima paket . mohon bantuannya . terima kasih ."", ""baiklah , terimakasih . tapi saya kan tidak sedang berlangganan apa - apa tapi kenapa pulsa saya kesedot ya min ? kira - kira bagaimana ya mengeceknya ? sebelumnya tidak pernah"", ""mohon cek dm saya , terima kasih"", ""selamat siang kak , mohon dicek saya mengirimkan dm . terimakasih""]",False,10,1985,17,True,65,0.99227494,informal,1,0.8446613550186157,0.7716750502586365,148.44833541838165,False,0.0
google/gemma-3-4b-it,formal,informal,dense,,"mohon dibantu , saya sudah lakukan pembayaran tagihan xxxdatexxx bulanan tapi kenapa nomor hp masih belum bisa aktif , nomor hp matrik xxxnumberxxx .","min , saya sudah bayar tagihan xxxdatexxx tapi kenapa nomor hp masih belum aktif , nomor hp matrik xxxnumberxxx . mohon bantu 🙏",False,414,4200207,42,"[""sore min , ini ada keluhan nomer saya pulsa kesedot terus , padahal tidak berlangganan paket apapun . tolong di cek min + xxxnumberxxx xxxnumberxxx - xxxnumberxxx - xxxnumberxxx"", ""dear indosat , sy mau isi paketan , tetapi kenapa tidak bisa ya , sudah sejak jam xxxnumberxxx tadi , pulsa sdh masuk tapi tdk bisa aktip"", ""min kalau mau buat nomer kartu halo baru yang xxxnumberxxx itu bagaimana prosedur dan biayanya ?"", ""halo min tolong di bantu no resi jp xxxphonexxx dan jp xxxphonexxx status sudah diterima . tapi saya dan orang rumah belum terima paketnya . tolong dibantu ."", ""halo . paket saya dengan no resi xxxnumberxxx tidak ada pergerakan dari kemarin . tolong konfirmasi nya"", ""saya mau tanya , ini saya mau beli paket yellow kenapa sama xxxnumberxxx tidak direspon / tidak dibalas"", ""malam , mohon info paket saya sejak tanggal xxxnumberxxx tertahan dgn status itu . blm terkirim sampai sekarang , ada apa ya ?"", ""saya mau tanya , apa nomor rekening yan sudah tidak di tambah saldo selama xxxnumberxxx tahun masih aktif / di gunakan"", ""maaf min no saya tidak bisa dipakai internet , nelpon dll . mohon ditanggapi dm saya"", ""kartu sim card xl saya sudah hilang dan saya ingin mengaktifasi nomor xl saya apakah bisa ? caranya bagaimana ?""]",False,10,2353,32,False,127,0.99314487,informal,1,0.9632928967475891,0.9197043776512146,124.82215843785092,False,0.0
google/gemma-3-4b-it,formal,informal,dense,,"eh ada yang punya cerita , permisi mbak .","""eh, ada yg mau cerita, permisi mbak.""",False,416,4200208,42,"[""monggo di baca tulisan ane min kalo berkenan ."", ""mas , mbak , respon mention saya dong . lambat banget deh pelayanannya ."", "": mas , agak cpt ya udh laper nih : oke mba , ditunggu : sama nnti temenin saya ya mas rumah lagi sepi nih : ."", ""aku mau follow kalo mimin undang idol aku kalo gak ga mau"", ""siang min , email saya belom ada balesan juga"", ""malam . ini kenapa yaa ? mohon infoo . thank you"", ""begitu kak , apakah bisa diberi tau"", ""baik min , sebentar lagi saya kirim lewat dm . terimakasih ."", ""giliran ntar bikin baru , tetep ga dapet voucher"", ""sudah xxxnumberxxx hari , status belum juga berubah nih min . tadi udah telfon qc katanya cuma suruh nunggu""]",False,10,1661,14,True,38,0.9434712,informal,1,0.8585646152496338,0.7607323527336121,212.5616255377681,False,0.0
google/gemma-3-4b-it,formal,informal,dense,,alasannya tidak masuk akal . kadang perintah operator telkomsel bila lambat matikan tombol pesawat atau sebut data diri tapi tetap lambat .,"""gara2nya gak jelas sih , kadang pas komplain ke telkomsel lama banget responnya , padahal udah nyebutin data diri.""",False,418,4200209,42,"[""lagi gangguan ya tidak bisa telp , sms dan internetan"", ""kenapa pulsa saya yang dipotong internetnya bukan quota saya ? dua kali lagi duh"", ""telat bayar wifi pas mau bayar jadi xxxnumberxxx ribu"", ""saya pakai xl prioritas kok lemotnya minta ampun ya ? padahal dulu kenceng bangett , apa lagi ada maintenance ?"", ""di kebo sirih sinyal bolak balik e terus nih berhari2 . lagi ga stabil apa gimana sih ?"", ""tidak bisa akses internet sama sekali"", ""berulah lagi ? saya gk pernah klik macem² ini , pulsa tersedot banyak banget , hpnya cuma dipake buat nelp & sms"", ""iya besok rencana mau ke bank . nelpon call center ga guna anjir"", ""saya melakukan pembukaan tabungan lewat bca mobile namun saat tahap untuk video call dengan customer service , selalu tidak bisa"", ""ini kenapa abis bayar pascabayar jadi gaada kuotanya ya ?""]",False,10,1913,31,True,116,0.9986929,informal,1,0.5081846714019775,0.6173882484436035,49.58918824125923,False,0.0
google/gemma-3-4b-it,formal,informal,dense,,tolong cek dm . saya kirim screenshot sejarah top up tapi tidak masuk saldonya .,"“min, udah dm nih. ini screenshot top upnya, kok gak masuk saldo ya?”",False,420,4200210,42,"[""saya kirim uang , kenapa tidak masuk ? padahal status berhasil dan saldo sya terpotong"", ""pagi min , ini saya top up pulsa ko gagal terus ya . itu kenapa ya min ?"", ""tadi saya topup ke shopee pay , sudah berhasil tapi kok di aplikasi tetep xxxnumberxxx ya ? tolong baca dm saya ya . terimakasih"", ""pengembalian saldo karena gagal penarikan membutuhkan waktu berapa lama ya ? saya sudah laporan xxxnumberxxx hari kerja sampai skr masih proses ditindak lanjuti terus"", ""sama kayak saya pak paket saya gak saya terima claim gak jelas kapan hasilnya , jangan tunggu ini menyebar ya !"", ""sudah saya dm min , mohon di cek"", ""tetap tidak bisa min , nomor kartu kredit yg saya masukan sdh benar . tetapi tetap tidak bisa klik tombol continue . saya udah ulang berkali2 ."", ""halo saya top up grab ovo lewat atm barusan tapi kok belum masuk ya ?"", ""baiklah , terimakasih . tapi saya kan tidak sedang berlangganan apa - apa tapi kenapa pulsa saya kesedot ya min ? kira - kira bagaimana ya mengeceknya ? sebelumnya tidak pernah"", ""bos hari keberapa ini ga masuk2 kuota saya , sudah cukup sabar ya bos !""]",False,10,2126,20,True,69,0.99572635,informal,1,0.7725160121917725,0.6184220910072327,146.89015441825632,False,0.0
google/gemma-3-4b-it,formal,informal,dense,,panggil xxxuserxxx dan xxxuserxxx . mohon diperhitungkan biaya parkirnya .,"“tolong panggil xxxuserxxx dan xxxuserxxx , mohon diperhitungkan biaya parkirnya ya”",False,422,4200211,42,"[""ini xxxuserxxx kenapa ya udah xxxnumberxxx x top up ga masuk2 saldonya ?"", ""dibulan september ini semoga xxxuserxxx dan xxxuserxxx sparing promo ya"", ""asuransi link tersebut berada di posisi no xxxnumberxxx xxxuserxxx xxxuserxxx xxxuserxxx * xxxnumberxxx"", ""selamat pagi xxxuserxxx saya kan punya m - card dan xxxnumberxxx x - card , untuk free transactionnya apakah tiap kartu mendapat kuota masing - masing atau diakumulasikan dikedua kartu ?"", ""hai , xxxuserxxx tolong cek dm saya ya , thanks !"", ""gimana cara pengambilan paket datanya min xxxuserxxx ? sudah cek my telkomsel dan * xxxnumberxxx gak tersediaa ."", ""saya beli tiket lokal penataran , tapi e tiket tidak muncul , dan saldo xxxuserxxx udah berkurang . mohon solusinya"", ""xxxnumberxxx , xxxemailxxx , dan karena lupa password"", ""tolong xxxuserxxx ini di proses , modus penipuan"", ""selamat siang xxxuserxxx saya ingin menghapus akun gojek saya , mohon bantuannya . terimakasih""]",False,10,1969,24,True,84,0.96092045,informal,1,0.9273273944854736,0.8759467601776123,90.63549841823009,False,0.0
google/gemma-3-4b-it,formal,informal,dense,,sudah saya dm infonya . mohon dicek . terima kasih .,udah saya dm infonya . mohon di cek . makasiih,False,424,4200212,42,"[""min tolong cek dm ya . terima kasih"", ""min tolong cek dm ya . makasiih"", ""sudah saya dm min , mohon di cek"", ""selamat siang kak , mohon dicek saya mengirimkan dm . terimakasih"", ""selamat malam , tolong cek dm ya min , kiriman paket saya blm di kirim ."", ""sudah saya dm . mohon di balas"", ""baik min , sebentar lagi saya kirim lewat dm . terimakasih ."", ""mohon cek dm saya , terima kasih"", ""selamat siang min , saya minta bantuan untuk tracking paket . detail telah saya kirim via dm . terimakasih"", ""udah aku dm ya min , tolong responnya .""]",False,10,1546,16,False,46,0.9925052,informal,1,0.9303797483444214,0.9245884418487549,417.4697607918707,False,0.0
google/gemma-3-4b-it,formal,informal,dense,,"iya , jadi kurang tingkat kepercayaannya . tidak terbayang flexi cashnya .","""sumpah deh, udah nggak percaya lagi sama mereka. kayaknya flexi cashnya juga aneh banget.""",False,426,4200213,42,"[""halo pengaduan saya pengembalian dana ke kartu kredit belum di tangani . tolonglah jangan diam"", ""mohon dicek . kok sering limited access , terhubung tapi tidak ada internet , dan tidak ada pemberitahuan fup harian ."", ""selamat pagi , nanya dong ada nggak tabungan di bank mandiri yg buat milenial ?"", ""withdraw saldo gak masuk2 ke bri saya ."", ""kecewa sama xxxuserxxx yakin banget milih voucher cash back makanya tetap bayar ongkir , tp pas barang sampai coin cash back pun ga dapet !"", ""min nanya , ini kalau nabung emas di tokopedia nantinya bisa minta barang fisiknya nggak ?"", ""barusan ada yg telfon saya dengan nomor ini . apakah ini benar dari halo bca ?"", ""saya salah pilihan isi resi , harusnya otomatis dari sicepat tapi saya malah terlanjur bayar cash , nomor resinya bisa diedit nggak ya ?"", ""selamat malam admin xxxuserxxx xxxuserxxx m - banking sedang ada gangguan kah ? kenapa sulit sekali untuk transfer"", ""toped sudah tidak bisa cicilan lagi ?""]",False,10,1990,23,True,91,0.9944206,informal,1,0.6411129236221313,0.5415878891944885,113.06490304503673,False,0.0
google/gemma-3-4b-it,formal,informal,dense,,"selamat siang . saya dapat sms dari xxxnumberxxx , mengatasnamakan telkomsel , memberikan penawaran cc bank mega . apakah ini benar ?","min, ini ada sms dari xxxnumberxxx soal bank mega cc, bner kan?",False,428,4200214,42,"[""mengapa saya gagal beli paket flash sale ? maaf , kamu belum dapat melakukan registrasi paket ini . dapatkan penawaran terbaik di * xxxnumberxxx atau akses myim3"", ""sore min , ini ada keluhan nomer saya pulsa kesedot terus , padahal tidak berlangganan paket apapun . tolong di cek min + xxxnumberxxx xxxnumberxxx - xxxnumberxxx - xxxnumberxxx"", ""min , jaringan xxxnumberxxx g dilokasi ini error . tolong dibantu cek dong . tks before"", ""halo . dari xxxnumberxxx hari lalu saya mau bayar cc via mbanking tapi selalu keluar popup seperti ini kenapa ya ?"", ""tolong hentikan sms xxxnumberxxx ke nomor saya . xxxnumberxxx . mengurangi pulsa saya ."", ""pulsa saya terakhir xxxnumberxxx xxxnumberxxx xxxnumberxxx xxxnumberxxx xxxnumberxxx an , terus isi ulang xxxnumberxxx . kenapa skrg jumlahnya hanya xxxnumberxxx ya ? nomer xxxnumberxxx"", ""halo . paket saya dengan no resi xxxnumberxxx tidak ada pergerakan dari kemarin . tolong konfirmasi nya"", ""min , boleh minta info no puk untuk no xxxnumberxxx"", ""min infonya klo upgrade simcard ke xxxnumberxxx g dapet bonus xxxnumberxxx . xxxnumberxxx gg selama xxxnumberxxx bulan . yaa"", ""min kalo mau transfer pulsa ke telkomsel bisa ga cuma xxxnumberxxx ribu gitu""]",False,10,2290,19,True,63,0.9948389,informal,1,0.7391070127487183,0.786247730255127,1187.8902579327414,True,0.0
google/gemma-3-4b-it,formal,informal,dense,,admin ini kenapa lagi admin . sudah dari tadi pagi ini saya tidak bisa dm anda .,"min, admin lagi apa ya? udah dari tadi pagi gak bisa dm nih.",False,430,4200215,42,"[""dari tadi begini terus . . ini kenapa ya min . . aku dm mimin juga gk bs"", ""halo min , saya mau mengnonaktifkan akun gojek saya mohon dicek dmnya . sedih nih udah dari kemarin nge - mention ga di respon"", ""nomer saya aja udah di dm dari tadi ga ditangani . gimana min ?"", ""halo admin , ini kenapa saya selalu di telpon oleh cs ? dan disaat jam kerja ."", ""sudah saya dm . mohon di balas"", ""min cek dm saya lagi yaa"", ""mana dm nya admin ? belum masuk k dm saya"", ""halo kak admin , saya dm , mohon dicek makasi"", ""admin grab yang baik hati , saya minta tolong cek dm ya . terima kasih ."", ""iya kak terimakasih . tapi tadi sudah datang ke galeri indosatnya langsung . sudah normal lagi""]",False,10,1717,17,True,60,0.9975327,informal,1,0.7911317348480225,0.7892184257507324,364.265478516921,False,0.0
google/gemma-3-4b-it,formal,informal,dense,,apakah jaringan lagi jelek ? sudah xxxnumberxxx hari lambat .,"sudah xxxnumberxxx hari lambat banget tuh, jaringan nya kayaknya gak oke ya?",False,432,4200216,42,"[""udah xxxnumberxxx menit stuck gini terus , padahal koneksi internet saya normal . tolong di bantu"", ""saya mau tanya , ini saya mau beli paket yellow kenapa sama xxxnumberxxx tidak direspon / tidak dibalas"", ""sudah hampir xxxnumberxxx hari paket belum rilis ? ada apa ?"", ""ini masih gangguan sinyal xxxnumberxxx g ga bisa aktif datanya ?"", ""admin , kok dm saya belum di respon - respon ya ? sudah xxxnumberxxx hari nih min"", ""min di daerah kab . bandung sinyal xxxnumberxxx g hilang walaupun saya restart tetap hilang , mohon pengertiannya min"", ""sudah kak , sudah saya ganti ke xxxnumberxxx g tp ttp susah"", ""tolong di cek untuk , awb : xxxnumberxxx . statusya misroute itu artinya apa ? lalu untuk paket saya kapan sampainya ? terima kasih"", ""sore min , ini ada keluhan nomer saya pulsa kesedot terus , padahal tidak berlangganan paket apapun . tolong di cek min + xxxnumberxxx xxxnumberxxx - xxxnumberxxx - xxxnumberxxx"", ""sudah off , jaringannya jga udh xxxnumberxxx g / xxxnumberxxx g . tetep ga bisa""]",False,10,2021,19,True,76,0.9978205,informal,1,0.8087164163589478,0.7925423979759216,2224.1454378367816,True,0.0
google/gemma-3-4b-it,formal,informal,dense,,"admin , kalau key bca saat baru dinyalakan muncul tulisan "" batt xxxnumberxxx , artinya apa ?","admin, kalau key Bca pas baru dinyalakan muncul tulisan ""batt xxxnumberxxx, artinya apa ya?""",False,434,4200217,42,"[""udah xxxnumberxxx menit stuck gini terus , padahal koneksi internet saya normal . tolong di bantu"", ""dear indosat , sy mau isi paketan , tetapi kenapa tidak bisa ya , sudah sejak jam xxxnumberxxx tadi , pulsa sdh masuk tapi tdk bisa aktip"", ""admin , ketika mau cek tagihan listrik , kenapa tidak bisa ? muncul pesan dibawah"", ""min kalau mau buat nomer kartu halo baru yang xxxnumberxxx itu bagaimana prosedur dan biayanya ?"", ""min di daerah kab . bandung sinyal xxxnumberxxx g hilang walaupun saya restart tetap hilang , mohon pengertiannya min"", ""saya mau tanya , ini saya mau beli paket yellow kenapa sama xxxnumberxxx tidak direspon / tidak dibalas"", ""tolong di cek untuk , awb : xxxnumberxxx . statusya misroute itu artinya apa ? lalu untuk paket saya kapan sampainya ? terima kasih"", ""langganan pencet * xxxnumberxxx ga bisa , pake apps ga bisa masuk juga !"", ""maaf min mau nanya apakah bener ini nomor dari gojek ? + xxxnumberxxx"", ""sore min , ini ada keluhan nomer saya pulsa kesedot terus , padahal tidak berlangganan paket apapun . tolong di cek min + xxxnumberxxx xxxnumberxxx - xxxnumberxxx - xxxnumberxxx""]",False,10,2165,24,True,92,0.82428074,informal,1,0.9834077954292297,0.9845324754714966,930.9889834265175,False,0.0
google/gemma-3-4b-it,formal,informal,dense,,apakah ini member seventeen baru ya xxxuserxxx ? hahaha .,"""eh xxxuserxxx , kira2 ini member seventeen baru gak ya hahaha?""",False,436,4200218,42,"[""sering² gini ya xxxuserxxx biar makin sayang aku nya"", ""dear xxxuserxxx , please check my dm ."", ""sobatpd kalian tim mana nih ? tim xxxuserxxx atau tim xxxuserxxx 🤔"", ""halo admin xxxuserxxx cek dm dong"", ""ujan , ilang sinyalnya xxxuserxxx . ujan , mati lah dia xxxuserxxx kompak ya"", ""mau tanya nih xxxuserxxx , apa benar ovo sedang mengalami trouble ? saya top up via xxxuserxxx sore tadi sampai sekarang xxxnumberxxx belum masuk juga ."", ""ini sinyalnya knp ya skrg xxxuserxxx jelek bgtt"", ""nih xxxuserxxx lemot banget xxxnumberxxx g nya"", ""halo min xxxuserxxx mintul cek dm"", ""ohh gitu ya xxxuserxxx pilih kasih yaa""]",False,10,1630,17,True,64,0.9979875,informal,1,0.8421099185943604,0.8486827611923218,1874.050107352412,True,0.0
google/gemma-3-4b-it,formal,informal,dense,,"hari minggu di kantor cabang pembantu , apakah buka untuk pembelian kartu flazz ?","min, kantor cabang pembantu minggu depan buka gak buat beli kartu flazz ya? tq",False,438,4200219,42,"[""di busway dan tol bisa normal digunakan , atau buat naik commuter agak berbeda ? mohon info , sayang2 saldo flazz saya kalau dianggap kadaluarsa"", ""hanya alamat yang berubah . jadi harus ke cabang bca terdekat untuk ganti kartu atm ya . apakah ada biaya tambahan ?"", ""apakah di bca kc purwokerto ada weekend banking ? tq"", ""min , biaya transfer ke bank free terus apa ada jatah maksimal tiap bulannya ?"", ""selamat pagi , nanya dong ada nggak tabungan di bank mandiri yg buat milenial ?"", ""min tolong di bantu cek resi xxxnumberxxx , sudah xxxnumberxxx hari ndak ada pergerakan ."", ""kalo beli ginian masa aktif ikut nambah gak bossku ? tks"", ""kantor post pulo gadung buka sampai jam berapa ya ? saya pengen melakukan pembayaran"", ""shopee gabisa bayar tagihan indosat pascabayar ya min ?"", ""saya beli voucher fisik indosat xxxnumberxxx gb unlimited , tapi gagal terus kenapa ya ?""]",False,10,1914,19,False,78,0.9965487,informal,1,0.8327727317810059,0.7655509114265442,601.443167608132,False,0.0
google/gemma-3-4b-it,formal,informal,dense,,saya lupa nomor resinya . tolong periksa berdasarkan nama saya saja .,"min, tolong cek berdasarkan nama saya aja ya, soalnya saya lupa nomor resinya.",False,440,4200220,42,"[""min , ini kenapa saya gak bisa sms ya ? saya mau konfirmasi pembelian paket gagal mulu sms nya drtd ."", ""kira2 berapa lama ya prosesnyaa . saya pengajuannya kemarin . kira2 kapan saya bisa dapet notifny"", ""tolong di cek untuk , awb : xxxnumberxxx . statusya misroute itu artinya apa ? lalu untuk paket saya kapan sampainya ? terima kasih"", ""cara pakainya gmn min , saya klik gunakan sekarang masuk ke web sampai situ aja"", ""admin , ketika mau cek tagihan listrik , kenapa tidak bisa ? muncul pesan dibawah"", ""min tolong cek dm ya . terima kasih"", ""kak ini paket saya dengan nomor resi tbs000020314169 kenapa muncul keterangan nomor resi tidak ditemukan ? mohon infonya . terima kasih ."", ""hai , selamat sore . saya baru saja membeli kartu sim simpati . dan udah coba registrasi , tapi ga ada respon . tolong bantuannya ."", ""selamat malam , tolong cek dm ya min , kiriman paket saya blm di kirim ."", ""selamat malam ingin bertanya cara mengenai pendaftaran produk di gojek gmn ya ?""]",False,10,2004,20,True,78,0.99594384,informal,1,0.8789068460464478,0.8497007489204407,103.86407732600661,False,0.0
google/gemma-3-4b-it,formal,informal,dense,,"oke , saya sudah kirim via dm .","udah aku dm ya min , udah sy kirim lewat dm.",False,442,4200221,42,"[""baik min , sebentar lagi saya kirim lewat dm . terimakasih ."", ""selamat malam , tolong cek dm ya min , kiriman paket saya blm di kirim ."", ""sudah saya dm min , mohon di cek"", ""sudah saya dm . mohon di balas"", ""udah aku dm ya min , tolong responnya ."", ""mohon cek dm saya , terima kasih"", ""selamat sore , sudah sy dm ya min . jadi bagaimana ya ?"", ""selamat siang kak , mohon dicek saya mengirimkan dm . terimakasih"", ""min tolong cek dm ya . terima kasih"", ""min mohon cek dm , ditunggu responnya , makasih""]",False,10,1490,13,True,44,0.99784255,informal,1,0.8870444297790527,0.8093843460083008,1438.8655362258382,True,0.0
google/gemma-3-4b-it,formal,informal,dense,,dapat xxxnumberxxx gb hanya rp xxxnumberxxx dari .,"rp xxxnumberxxx , lumayan lah buat nonton yutup",False,444,4200222,42,"[""lumayan buat nonton youtube . terimakasih xxxuserxxx rp xxxnumberxxx dapat xxxnumberxxx gb ."", ""xxxnumberxxx hari xxxnumberxxx gb yutup , cuma berkurang xxxnumberxxx xxxnumberxxx mb , krn emang ga jalan , loading aja terus . emosi djiwa"", ""gaada lagi best deal yg xxxnumberxxx xxxnumberxxx gb / xxxnumberxxx hari yg harga nya xxxnumberxxx xxxnumberxxx rb kaya kmaren gitu ? hmm"", ""keluar update versi xxxnumberxxx . xxxnumberxxx kapan min ?"", ""min infonya klo upgrade simcard ke xxxnumberxxx g dapet bonus xxxnumberxxx . xxxnumberxxx gg selama xxxnumberxxx bulan . yaa"", ""pulsa saya terakhir xxxnumberxxx xxxnumberxxx xxxnumberxxx xxxnumberxxx xxxnumberxxx an , terus isi ulang xxxnumberxxx . kenapa skrg jumlahnya hanya xxxnumberxxx ya ? nomer xxxnumberxxx"", ""besok ada surprise deal xxxnumberxxx xxxnumberxxx gb lagi gak ? saya mau beli"", ""jam xxxnumberxxx atau jam xxxnumberxxx masih ada gak tuh min ?"", ""terimakasih , paten kali telkomsel xxxnumberxxx gb xxxnumberxxx rupiah"", ""gimana cara pengambilan paket datanya min xxxuserxxx ? sudah cek my telkomsel dan * xxxnumberxxx gak tersediaa .""]",False,10,2100,14,False,47,0.9968605,informal,1,0.6218078136444092,0.5340782403945923,1427.317644730745,True,0.0
google/gemma-3-4b-it,formal,informal,dense,,daftarkan paket yellow lambat sekali sampai xxxnumberxxx kali daftar . biasanya bisa . tapi ini terdaftar dua kali . bagaimana ini ?,"udah hampir xxxnumberxxx hari paket yellow ini belum juga bisa daftar ya min? kok lama banget sih? biasanya cepet, tapi sekarang malah terdaftar dua kali. gimana ya ini?",False,446,4200223,42,"[""halo . dari xxxnumberxxx hari lalu saya mau bayar cc via mbanking tapi selalu keluar popup seperti ini kenapa ya ?"", ""mengapa saya gagal beli paket flash sale ? maaf , kamu belum dapat melakukan registrasi paket ini . dapatkan penawaran terbaik di * xxxnumberxxx atau akses myim3"", ""saya mau tanya , ini saya mau beli paket yellow kenapa sama xxxnumberxxx tidak direspon / tidak dibalas"", ""ini kenapa lagi ya mau perpanjang internet ga bisa ? xxxnumberxxx juga ga bisa ?"", ""sudah hampir xxxnumberxxx hari paket belum rilis ? ada apa ?"", ""sudah xxxnumberxxx hari , status belum juga berubah nih min . tadi udah telfon qc katanya cuma suruh nunggu"", ""gimana cara pengambilan paket datanya min xxxuserxxx ? sudah cek my telkomsel dan * xxxnumberxxx gak tersediaa ."", ""sore min , ini ada keluhan nomer saya pulsa kesedot terus , padahal tidak berlangganan paket apapun . tolong di cek min + xxxnumberxxx xxxnumberxxx - xxxnumberxxx - xxxnumberxxx"", ""saya beli voucher fisik indosat xxxnumberxxx gb unlimited , tapi gagal terus kenapa ya ?"", ""halo . paket saya dengan no resi xxxnumberxxx tidak ada pergerakan dari kemarin . tolong konfirmasi nya""]",False,10,2229,38,True,169,0.99642193,informal,1,0.8236047029495239,0.8334945440292358,268.62069870271887,False,0.0
google/gemma-3-4b-it,formal,informal,dense,,"apakah kecepatannya hanya seperti ini di jaringan penuh xxxnumberxxx g , wahai penyedia layanan terbesar di indonesia ? mohon penjelasan logisnya .","wahai penyedia layanan , kecepatannya cuma gini di jaringan penuh xxxnumberxxx g , tolong dijelasin dong logisnya?",False,448,4200224,42,"[""ini masih gangguan sinyal xxxnumberxxx g ga bisa aktif datanya ?"", ""sinyal ku xxxnumberxxx g full tp knp buka google aja lemot apalagi yg lain ha || terpaksa ganti provid , tolong dong"", ""min , yg paket internet malam hingga pukul xxxnumberxxx pagi itu yg jadi patokan xxxnumberxxx pagi wib atau xxxnumberxxx pagi waktu lokal user ?"", ""ini kenapa lagi ya mau perpanjang internet ga bisa ? xxxnumberxxx juga ga bisa ?"", ""superlmot . xxxnumberxxx g rasa xxxnumberxxx g . mohon d perbaiki jaringannya , ngadu ke cs cuma kasih saran yg itu2 aja ."", ""min di daerah kab . bandung sinyal xxxnumberxxx g hilang walaupun saya restart tetap hilang , mohon pengertiannya min"", ""saya mau tanya , apa nomor rekening yan sudah tidak di tambah saldo selama xxxnumberxxx tahun masih aktif / di gunakan"", ""sudah off , jaringannya jga udh xxxnumberxxx g / xxxnumberxxx g . tetep ga bisa"", ""min kalo unlimited indosat xxxnumberxxx gb itu ig termasuk unlimited juga ngga ?"", ""udah xxxnumberxxx menit stuck gini terus , padahal koneksi internet saya normal . tolong di bantu""]",False,10,2156,29,True,114,0.99823135,informal,1,0.8829758167266846,0.8753018379211426,565.5485874078964,False,0.0
google/gemma-3-4b-it,formal,informal,dense,,seberapa kamu ? besok aku mau nembak kamu . terus ? aku nangisnya sekarang .,""": seberapa kamu ? : besok gue mau nembak kamu . : terus ? : gw nangisnya sekarang.""",False,450,4200225,42,"["": seberapa kamu ? 🧑 : besok dia mau nembak gue : terus ? 🧑 : gue terima cintanya sekarang"", "": seberapa kamu ? : gw besok mau nikah : terus ? : malam pertama nya sekarang"", ""ka monmaap , sebelum baper beneran mending cek dm dari aku dulu ."", ""sedih aja , shillin udah kena udara tuh macam mana rasanya"", ""ada yg pernah dpt gk sih ikutan ini , perasaan gw cepet bgt tapi udh abis aja smua"", ""pulsa hilang terus , lalu jaringan cenat cenut kaya bisul mau pecah . lagi neken biaya produksi ya ? saya bayar loh , tapi setiap hari dikerjain ."", ""ini apa mksdnya statusnya d hold ? goblok banget sih dtgguin dari pagi"", ""yg lebih cepet dari gundala ? kalo aku : ketika bilang nggak pas suami mau beli mainan baru"", ""mau nangis kesel banget paket yellow susah banget diaktifin tolong min gabisa bljr w"", ""cek dm , kalo gak kita putus""]",False,10,1858,26,True,84,0.9137347,informal,1,0.8056995272636414,0.8654807209968567,274.7778580108501,False,0.0
google/gemma-3-4b-it,formal,informal,dense,,"benar banget promonya sangat terasa , top grab !",grab promo nya beneran top dah!,False,452,4200226,42,"[""kemana - mana pake grab dan pas lagi ada promo lebih cepet dari"", ""min ada promo engga untuk pertama order go massage ?"", ""kenapa ya kode promo saya grabwae tidak bisa digunakan ? padahal sejak tgl xxxdatexxx ini saya belum pernah sekalipun pakai kode promo tersebut"", ""min , minggu ini kok promo grab kaga ada sih . gw kaga bisa makan enak harga murah dong min . min , bantu dong wkwkwk ."", ""kalau aku ketika melihat diskon xxxpercentxxx grab langsung cuepeett"", ""halo saya top up grab ovo lewat atm barusan tapi kok belum masuk ya ?"", ""grab ada kode promo utk grab send terbaru ga ? kok yg antarjkt eired ya"", ""zheyenk kenapa aku gak pernah dapet notifikasi diskon gila - gilaan zheyenk"", ""terimakasih shopee atas diskon nya dan membuat diri ini sangat kalap !"", ""malam . apakah ada promo cashback / bonus pengisian gopay ? thanks""]",False,10,1836,10,True,31,0.9980215,informal,1,0.8321751356124878,0.8185802102088928,4809.726313670323,True,0.0
google/gemma-3-4b-it,formal,informal,dense,,sudah habis vouchernya bagaimana dong ?,“udah abis vouchernya gimana dong?”,False,454,4200227,42,"[""ini kenapa abis bayar pascabayar jadi gaada kuotanya ya ?"", ""ini di umumin yg dapet vouchernya kapan ya ?"", ""ini kenapa daritadi mau pake voucher gabisa terus yaa ? udah di update juga padahal"", ""halo min , cara cek riwayat pengisian pulsa gimana ya ?"", ""baiklah , terimakasih . tapi saya kan tidak sedang berlangganan apa - apa tapi kenapa pulsa saya kesedot ya min ? kira - kira bagaimana ya mengeceknya ? sebelumnya tidak pernah"", ""min saran shopeepay later bisa juga dong buat beli pulsa , paket data , dan listrik wkwk"", ""kak gimana nih saya daftar paket yellow gak bisa bisa"", ""giliran ntar bikin baru , tetep ga dapet voucher"", ""shopee gabisa bayar tagihan indosat pascabayar ya min ?"", ""min gabisa beli paket data dong""]",False,10,1721,10,True,35,0.9977449,informal,1,0.8093957901000977,0.8079378008842468,183.80033294310553,False,0.0
google/gemma-3-4b-it,formal,informal,dense,,saya lupa id klik bca saya . bagaimana cara mengetahuinya ? untuk pin saya masih ingat .,“aku lupa id klik bca saya . gimana cara tau tuh ? pinnya masih inget.”,True,456,4200228,42,"[""kartu sim card xl saya sudah hilang dan saya ingin mengaktifasi nomor xl saya apakah bisa ? caranya bagaimana ?"", ""hanya alamat yang berubah . jadi harus ke cabang bca terdekat untuk ganti kartu atm ya . apakah ada biaya tambahan ?"", ""tetap tidak bisa min , nomor kartu kredit yg saya masukan sdh benar . tetapi tetap tidak bisa klik tombol continue . saya udah ulang berkali2 ."", ""hai admin , sy baru saja update apl bri mobile . saat may login internet banking knp muncul aktivasi ya ? bisa dibantu ?"", ""lupa pin gimana resetnya ? telpon cs ?"", ""halo min , cara cek riwayat pengisian pulsa gimana ya ?"", ""halo selamat pagi , kalo atm mandiri terblokir krn salah pswrd , mandiri online ikut keblokir tdk ? tks"", ""barusan ada yg telfon saya dengan nomor ini . apakah ini benar dari halo bca ?"", ""apakah saya bisa mendaftar online menggunakan sim sementara ?"", ""saya mau tanya , apa nomor rekening yan sudah tidak di tambah saldo selama xxxnumberxxx tahun masih aktif / di gunakan""]",False,10,2023,20,True,71,0.99356294,informal,1,0.846548318862915,0.9125150442123413,325.09539175117874,False,0.0
google/gemma-3-4b-it,formal,informal,dense,,jangan berikan kode ini kepada siapapun .,“jangan kasih kode ke siapa-siapa ya”,False,458,4200229,42,"[""lu gamau bagi bagi kode promo apa"", ""gue gapernah sms kenomor ini ya . kenapa terus terusan kepotong pulsa kaya gini !"", ""boikot aja indosat jika masih suka ngambil pulsa pelanggan"", ""aku terlihat happy sekali . makaci choro"", ""ngak bisa bedain pertanyaan dgn komplain tolol . org idiot kok bisa di pake ama ini provider bangsat xl"", ""hati - hati yang suka culak colok atm ."", ""perlu ada kampanye tertib lalu lintas ."", ""tolong xxxuserxxx antar kan dia ke rumah datuk pala botak"", ""emang terbatas koo , gak semua orang dapet"", ""aku salut sekali sama abangnya , niat banget ! boleh kali abangnya nih dikasi bonus""]",False,10,1608,12,True,37,0.9694809,informal,1,0.43985217809677124,0.854975163936615,117.64684767352621,False,0.0
google/gemma-3-4b-it,formal,informal,dense,,"sm20 . xxxnumberxxx sukses . sn / ref : xxxnumberxxx . saldo xxxnumberxxx , xxxnumberxxx - xxxnumberxxx = xxxnumberxxx , xxxnumberxxx . xxxuserxxx / xxxnumberxxx xxxtimexxx . bantu cek bos , belum masuk menurut customer .","sm20 . saldo saya terakhir xxxnumberxxx , terus isi ulang xxxnumberxxx . kenapa skrg saldo cuma xxxnumberxxx ya ? userxxx / xxxnumberxxx xxxtimexxx . bantu cek bos , belum masuk menurut customer .",False,460,4200230,42,"[""pulsa saya terakhir xxxnumberxxx xxxnumberxxx xxxnumberxxx xxxnumberxxx xxxnumberxxx an , terus isi ulang xxxnumberxxx . kenapa skrg jumlahnya hanya xxxnumberxxx ya ? nomer xxxnumberxxx"", ""sudah xxxnumberxxx x24 jam transaksi pengisian pulsa pd tgl xxxnumberxxx agustus xxxnumberxxx pkl xxxnumberxxx ko blm masuk jg ya min ?"", ""pulsa sya brkurang xxxnumberxxx pdhl ga di pake , mau beli paket jdi kurang gmn ini xxxnumberxxx"", ""pagi admin , paket saya dari shopee dengan kode xxxnumberxxx xxxnumberxxx xxxnumberxxx xxxnumberxxx xxxnumberxxx xxxnumberxxx xxxnumberxxx xxxnumberxxx xxxnumberxxx xxxnumberxxx xxxnumberxxx r04b tidak kebaca nomor resinya , mohon dibantu ya . dari hari jumat masih ngendep di jne malang"", ""xxxnumberxxx xxxnumberxxx xxxnumberxxx k , ada jg yg english version nyampe xxxnumberxxx jtan"", ""min , yg paket internet malam hingga pukul xxxnumberxxx pagi itu yg jadi patokan xxxnumberxxx pagi wib atau xxxnumberxxx pagi waktu lokal user ?"", ""transaksi xxxnumberxxx sudah diterima tgl xxxnumberxxx jam xxxnumberxxx siang harap segera diremit dananya"", ""xxxdatexxx kan xxxnumberxxx hari kedepan , ga lebih dari xxxnumberxxx hari , gimana ?"", ""xxxnumberxxx , xxxemailxxx , dan karena lupa password"", ""ini xxxuserxxx kenapa ya udah xxxnumberxxx x top up ga masuk2 saldonya ?""]",False,10,2469,48,True,196,0.20364971,formal,0,0.8611757159233093,0.7447023987770081,174.84992453685481,False,0.0
google/gemma-3-4b-it,formal,informal,dense,,sudah beberapa bulan masih saja xxxuserxxx belum bisa aktivasi imessage .,“udah lamaaa xxxxuserxxx belum bisa aktif imessage.”,False,462,4200231,42,"[""ini masih gangguan sinyal xxxnumberxxx g ga bisa aktif datanya ?"", ""cek dm coba xxxuserxxx dari tadi komplen ngga ada respon , pulsa udah kepotong kena tarif per kb"", ""tolong dong xxxuserxxx dari kmaren sore jaringan nya full tapi nggak nyambung ke internet padahal kuota dah lumayan banyak"", ""saya beli voucher fisik indosat xxxnumberxxx gb unlimited , tapi gagal terus kenapa ya ?"", ""dear xxxuserxxx : paket yellow kok nggak bisa dipaketin yaa ?"", ""dear indosat , sy mau isi paketan , tetapi kenapa tidak bisa ya , sudah sejak jam xxxnumberxxx tadi , pulsa sdh masuk tapi tdk bisa aktip"", ""maaf min no saya tidak bisa dipakai internet , nelpon dll . mohon ditanggapi dm saya"", ""sudah hampir xxxnumberxxx hari paket belum rilis ? ada apa ?"", ""satu lagi min , saya aktifin paket ig loop xxxnumberxxx gb xxxnumberxxx kali tp knp malah ga diakumulasi jumlahnya , pulsa udh kesedot xxxnumberxxx xxxnumberxxx rb"", ""min di daerah kab . bandung sinyal xxxnumberxxx g hilang walaupun saya restart tetap hilang , mohon pengertiannya min""]",False,10,2057,14,True,52,0.7980054,informal,1,0.872808039188385,0.7757205367088318,2189.5129118499253,True,0.0
google/gemma-3-4b-it,formal,informal,dense,,"sama - sama , bapak rudi . semoga berkenan dengan informasi yang kami sampaikan . terima kasih . ~ toby .","baik bapak rudi , sama-sama . semoga berkenan ya dengan info dari kami . terima kasih . ~ toby .",False,464,4200232,42,"[""oh okey terimakasih banyak info nya"", ""baik kak , ditunggu ya pick upnya . terima kasih atas perhatiannya ."", ""baik min , sebentar lagi saya kirim lewat dm . terimakasih ."", ""hai , selamat sore . saya baru saja membeli kartu sim simpati . dan udah coba registrasi , tapi ga ada respon . tolong bantuannya ."", ""min tolong cek dm ya . terima kasih"", ""baik , informasi apa saja yang harus saya berikan untuk konfirmasi"", ""selamat sore , sudah sy dm ya min . jadi bagaimana ya ?"", ""selamat siang , mohon bantuannya untuk di follow up admin , karena saya butuh untuk segera dikirimkan , terima kasih"", ""sudah saya proses lewat email juga , tolong di percepat saja melalui emailnya . thx ."", ""selamat siang kak , mohon dicek saya mengirimkan dm . terimakasih""]",False,10,1813,25,True,96,0.044919755,formal,0,0.9391852617263794,0.9168530106544495,413.91159343727895,False,0.0
google/gemma-3-4b-it,formal,informal,dense,,"hi admin . ingin bertanya , paket aku statusnya sedang dikirim . namun anehnya , di resi nama penerimanya tidak sesuai dengan yang aku tulis .","min , paket saya resi xxxnumberxxx , nama di resi gak sesuai , tolong di cek ya 🙏",False,466,4200233,42,"[""selamat malam , tolong cek dm ya min , kiriman paket saya blm di kirim ."", ""min , ini kenapa saya gak bisa sms ya ? saya mau konfirmasi pembelian paket gagal mulu sms nya drtd ."", ""malam , mohon info paket saya sejak tanggal xxxnumberxxx tertahan dgn status itu . blm terkirim sampai sekarang , ada apa ya ?"", ""malam , mau komplain . paket statusnya sudah sampai . tapi saya belum terima paket . mohon bantuannya . terima kasih ."", ""paket saya sampai mana ya ? resi xxxnumberxxx . thx"", ""malam , saya mau mengembalikan barang krn salah kirim . diinfo harus upload bukti pengirimannya . uploadnya dimana ya ? makasih"", ""admin , ketika mau cek tagihan listrik , kenapa tidak bisa ? muncul pesan dibawah"", ""min , kalau sudah melewati estimasi pengiriman , tapi barang blum smpe gimana ya . ."", ""halo . paket saya dengan no resi xxxnumberxxx tidak ada pergerakan dari kemarin . tolong konfirmasi nya"", ""hallo min selamat pagi , no resi jp xxxphonexxx diperkiran bakal diterima hari ini . tapi malah di disimpan kalau ada alamat yang salah tolong diinfo kan .""]",False,10,2152,22,False,81,0.9983777,informal,1,0.7874082326889038,0.6267831325531006,402.05128176560714,False,0.0
google/gemma-3-4b-it,formal,informal,dense,,"admin , mengapa saya tidak dapat daftar paket ?","“min , kenapa gak bisa daftar paket sih ?”",False,468,4200234,42,"[""admin , ketika mau cek tagihan listrik , kenapa tidak bisa ? muncul pesan dibawah"", ""kak gimana nih saya daftar paket yellow gak bisa bisa"", ""ni paket napa gagal kirim min ?"", ""malam , mau komplain . paket statusnya sudah sampai . tapi saya belum terima paket . mohon bantuannya . terima kasih ."", ""malam , mohon info paket saya sejak tanggal xxxnumberxxx tertahan dgn status itu . blm terkirim sampai sekarang , ada apa ya ?"", ""kenapa ya kode promo saya grabwae tidak bisa digunakan ? padahal sejak tgl xxxdatexxx ini saya belum pernah sekalipun pakai kode promo tersebut"", ""min , ini kenapa saya gak bisa sms ya ? saya mau konfirmasi pembelian paket gagal mulu sms nya drtd ."", ""pagi min , ini saya top up pulsa ko gagal terus ya . itu kenapa ya min ?"", ""saya kirim uang , kenapa tidak masuk ? padahal status berhasil dan saldo sya terpotong"", ""ini kenapa abis bayar pascabayar jadi gaada kuotanya ya ?""]",False,10,1907,11,True,42,0.9964743,informal,1,0.7525181770324707,0.8464851379394531,661.5805648350596,False,0.0
google/gemma-3-4b-it,formal,informal,dense,,"masukan dari saya . kalau bisa , perusahaan kurir diberi penilaian juga di aplikasi . jadi bisa terlihat performa perusahaan kurir tersebut .","""min , tolong dong , bisa gak ya ada penilaian buat perusahaan kurir di aplikasi . biar keliatan performanya gitu , min.""",False,470,4200235,42,"[""mas , mbak , respon mention saya dong . lambat banget deh pelayanannya ."", ""admin grab yang baik hati , saya minta tolong cek dm ya . terima kasih ."", ""kalau gitu juga saya juga tau . saya kan nanya apa ada kemungkinan menghubungi kurir . alamat tujuan pengiriman jelas . status diantar kurir . masa sehari . yaudalah ."", ""min , tolong bantuannya . gojek instant nelponin saya terus nanya supaya diselesaikan transaksinya . biasanya otomatis kan ?"", ""sudah saya proses lewat email juga , tolong di percepat saja melalui emailnya . thx ."", ""thanks ! semoga selain bagi - bagi rejeki ke customer , grab bisa terus meningkatkan kesejahteraan drivernya juga . mulai dari memperlakukan mereka sebagai ' pekerja , bukan ' mitra ."", ""selamat siang min , saya minta bantuan untuk tracking paket . detail telah saya kirim via dm . terimakasih"", ""pagi juga min . thanks sdh respon , dirumah cm ada istri aja min . ga ada yg terima . tetangga juga ga ada yg namanya sandi ."", ""min sy sdh sampai tujuan tp di aplikasi blm bisa kasih rating , bs tolong hubungi driver utk menyelesaikan perjalanan ? details sdh sy dm , thx"", ""min tolong cek dm ya . terima kasih""]",False,10,2245,29,True,121,0.9980715,informal,1,0.7681410312652588,0.716402530670166,114.35748074780857,False,0.0
google/gemma-3-4b-it,formal,informal,dense,,itu kelamaan tidak diantar . tidak di update juga sudah datang . disimpan dalam gudang jne hingga dimakan tikus xxxnumberxxx bungkus . bagaimana itu ?,"“ini lama banget gak dianter, gak ada update juga udah dateng. bungkusnya jne nyimpen di gudang, dimakan tikus xxxnumberxxx.”",False,472,4200236,42,"["". ada apa dengan kurir pos . sampai saat ini belum juga update ongkir nya . padahal sudah dari tgl . xxxdatexxx sudah berlaku tarif baru ."", ""cek resi ini min , delivery kurir dari jam xxxnumberxxx td belum dateng2 xxxnumberxxx xxxnumberxxx"", ""min , udh xxxnumberxxx hari ini saya mau gofood kok gak dapet driver terus ? apa aplikasi gojek lagi error ?"", ""no . transaksi xxxnumberxxx barang belum dikirim melebihi batas kirim , dana belum masuk ke saldo bl saya ."", ""ini min minta tolong di cek sudah sampe mana . masa sudah xxxnumberxxx minggu blm sampe . tolong banget min di update smp mana"", ""tolong dong di proses . udah xxxnumberxxx hari gak ada perkembangan . duit gopay gue bln masuk masuk jg ."", ""gak ada balasan sampai sekarang . apa karena cuma terpotong xxxnumberxxx xxxnumberxxx ribu aja ?"", ""jp xxxphonexxx min tolong dong ini paket saya ga nyampe nyampe , padahal ngirim sesama jakarta bisa xxxnumberxxx harian ."", ""tolong hentikan sms xxxnumberxxx ke nomor saya . xxxnumberxxx . mengurangi pulsa saya ."", ""udah xxxnumberxxx hari say . template csnya sih suruh nunggu terus xxxnumberxxx x24 jam . tp ga pernah dibalik2in uangnya .""]",False,10,2251,36,True,125,0.9938355,informal,1,0.8001188635826111,0.7835733890533447,104.91860832395164,False,0.0
google/gemma-3-4b-it,formal,informal,dense,,mohon respons dm dari saya . terima kasih .,"min mohon cek dm saya , ditunggu responnya , makasih",False,474,4200237,42,"[""mohon cek dm saya , terima kasih"", ""min tolong cek dm ya . terima kasih"", ""selamat siang kak , mohon dicek saya mengirimkan dm . terimakasih"", ""sudah saya dm . mohon di balas"", ""baik min , sebentar lagi saya kirim lewat dm . terimakasih ."", ""min mohon cek dm , ditunggu responnya , makasih"", ""min tolong cek dm ya . makasiih"", ""udah aku dm ya min , tolong responnya ."", ""sudah saya dm min , mohon di cek"", ""selamat siang min , saya minta bantuan untuk tracking paket . detail telah saya kirim via dm . terimakasih""]",False,10,1512,15,False,52,0.9984699,informal,1,0.8311704397201538,0.7262024879455566,246.1897455404812,False,0.0
google/gemma-3-4b-it,formal,informal,dense,,"oleh sebab itu , kalau kartunya telkomsel jangan beli pulsa xl , jadi tidak masuk , kak .","“jadi kenapa ya kalau beli kartu telkomsel, pulsa XL nggak masuk, kak?”",False,476,4200238,42,"[""saya beli voucher fisik indosat xxxnumberxxx gb unlimited , tapi gagal terus kenapa ya ?"", ""ini kenapa abis bayar pascabayar jadi gaada kuotanya ya ?"", ""sy pindah kartu simpati lama ke xxxnumberxxx g . katanya ada bonus kuota internet , tp kok sy ga dapet . mhon penjelasannya !"", ""dear indosat , sy mau isi paketan , tetapi kenapa tidak bisa ya , sudah sejak jam xxxnumberxxx tadi , pulsa sdh masuk tapi tdk bisa aktip"", ""ini kenapa lagi ya mau perpanjang internet ga bisa ? xxxnumberxxx juga ga bisa ?"", ""telat bayar wifi pas mau bayar jadi xxxnumberxxx ribu"", ""kenapa pulsa saya yang dipotong internetnya bukan quota saya ? dua kali lagi duh"", ""tolong bantu , kenapa nomor simpati saya tidak bisa menerima sms dari nomor tri , padahal ditelpon bisa ."", ""boikot aja indosat jika masih suka ngambil pulsa pelanggan"", ""min kalo mau transfer pulsa ke telkomsel bisa ga cuma xxxnumberxxx ribu gitu""]",False,10,1940,19,True,71,0.95889586,informal,1,0.8222896456718445,0.8653390407562256,157.86653094061526,False,0.0
google/gemma-3-4b-it,formal,informal,dense,,"mana dana , balasan email dan dm - nya .","“mana dana, udah bales dm juga emailnya.”",False,478,4200239,42,"[""saya kirim uang , kenapa tidak masuk ? padahal status berhasil dan saldo sya terpotong"", ""untuk no rek ponsel minimal nominal brp ya"", ""sudah saya dm min , mohon di cek"", ""mohon cek dm saya , terima kasih"", ""sudah saya dm . mohon di balas"", ""baik , informasi apa saja yang harus saya berikan untuk konfirmasi"", ""selamat malam , mau tanya kalo proses pengembalian dana ( selisih ongkir ) biasanya berapa lama ya min ?"", ""malam , saya mau mengembalikan barang krn salah kirim . diinfo harus upload bukti pengirimannya . uploadnya dimana ya ? makasih"", ""sudah saya bales lagi min . busa liat dm . krena saya sudah byr dan nominalnya tidak sebanyak yg dilaporkan"", ""selamat malam , tolong cek dm ya min , kiriman paket saya blm di kirim .""]",False,10,1730,12,True,41,0.99430335,informal,1,0.6902316808700562,0.7382716536521912,880.2762400532488,False,0.0
google/gemma-3-4b-it,formal,informal,dense,,sekelas jenius bisa terkena seperti ini juga .,"""kok bisa gini juga ke jenius, nih?""",False,480,4200240,42,"[""topup gopay ga masuk2 dari jenius , ini gimana ?"", ""biasanya cepet kok ini lama ya mas , apa lagi trouble sistemnya ?"", ""masih aktif min . ini dbs ya ."", ""mohon info kenapa dengan koneksi bukalapak ?"", ""lama sekali responnya , untuk masalah seperti ini saja ?"", ""aneh bukalapak dari kemaren kemaren balas cuma bisa itu itu saja , niat bantu apa tidak"", ""ko ga ada sinyal ini yak"", ""halo ini gimana gak bisa di dm . udah follow akunnya juga"", ""kak indosat baru troble ato gmn ya ? kok kartu saya gk ada sinyal"", ""maaf tapi saya masih bermasalah lagi""]",False,10,1550,13,True,36,0.99194324,informal,1,0.6496708393096924,0.5803660750389099,281.49368554428713,False,0.0
google/gemma-3-4b-it,formal,informal,dense,,"admin , kalau saya punya dua akun ovo karena ada dua nomor smartphone , bisakah memeriksa saldo ovo cukup di satu smartphone saja ?","min, aku punya 2 akun ovo soalnya ada 2 nomor hp , bs bantu cek saldo ovo di 1 smartphone aja gak ya?",False,482,4200241,42,"[""halo min saldo ovo ga muncul di grab , padahal nomor hp sudah sama . tolong cek dm ya min"", ""min top up di aplikasi ovo kok gabisa nyambung di ovonya grab si . padahal nomornya udah samaa )"", ""saya mau ganti device bca mobile dari android ke ios gmn cara ?"", ""saya melakukan pembukaan tabungan lewat bca mobile namun saat tahap untuk video call dengan customer service , selalu tidak bisa"", ""kenapa pulsa saya yang dipotong internetnya bukan quota saya ? dua kali lagi duh"", ""untuk no rek ponsel minimal nominal brp ya"", ""saya udh topup gopay , kenapaa saldo saya tidak bertambah ?"", ""selamat pagi , nanya dong ada nggak tabungan di bank mandiri yg buat milenial ?"", ""saya kirim uang , kenapa tidak masuk ? padahal status berhasil dan saldo sya terpotong"", ""min , cara menambah masa aktif kartu loop gmna ?""]",False,10,1893,30,True,101,0.9970708,informal,1,0.7822039127349854,0.8653532266616821,89.43769113259441,False,0.0
google/gemma-3-4b-it,formal,informal,dense,,"admin , tolong dm saya ditindaklanjuti .",min tolong dm saya ditindaklanjuti,False,484,4200242,42,"[""halo kak admin , saya dm , mohon dicek makasi"", ""mohon cek dm saya , terima kasih"", ""sudah saya dm . mohon di balas"", ""iya , admin tolong dibaca dm nya , makasih ^ ^"", ""min mohon cek dm , ditunggu responnya , makasih"", ""sudah saya dm min , mohon di cek"", ""haloo tolong respon dm saya ya"", ""selamat siang kak , mohon dicek saya mengirimkan dm . terimakasih"", ""sudah kak budi , tolong ditindak lanjuti yah . makasih"", ""min tolong respon kelanjutan keluhan saya""]",False,10,1454,11,False,34,0.998211,informal,1,0.891889750957489,0.7317423820495605,665.3072133871915,False,0.0
google/gemma-3-4b-it,formal,informal,dense,,saya juga begitu sudah di dm di tweet juga tapi tidak direspons .,"udah saya dm juga di tweet , gak direspon sih",False,486,4200243,42,"[""yah min para si reply yg lain terus tp dm gua ga direspon"", ""halo min , saya mau mengnonaktifkan akun gojek saya mohon dicek dmnya . sedih nih udah dari kemarin nge - mention ga di respon"", ""sudah saya dm . mohon di balas"", ""nomer saya aja udah di dm dari tadi ga ditangani . gimana min ?"", ""disuruh dm soal keluhan , tapi enggak di respon"", ""sudah saya dm tapi kok blm dijawab ya ?"", ""udah di coba tapi masih ngga bisa . cek dm"", ""sudah saya dm min , mohon di cek"", ""mana dm nya admin ? belum masuk k dm saya"", ""min cek dm saya lagi yaa""]",False,10,1558,12,False,45,0.99866474,informal,1,0.861617922782898,0.8900298476219177,4393.101198119691,True,0.0
google/gemma-3-4b-it,formal,informal,dense,,saya penumpang terpilih daerah semarang ? hehehe .,“Semarang ya nih? hehehe.”,False,488,4200244,42,"[""min agen mapan terpilih ada dimana aja ya ? saya mau beli paket voucher gojek nih"", ""grab ada kode promo utk grab send terbaru ga ? kok yg antarjkt eired ya"", ""semarang atau jogja ya berarti ?"", ""min , udh xxxnumberxxx hari ini saya mau gofood kok gak dapet driver terus ? apa aplikasi gojek lagi error ?"", ""kok dm ? kasihtahu dong , pengin tahu force majeure apa daerah semarang ."", ""driver grab di jogja lg pada gereja berjamaah apa kopdar si anjir masa xxxnumberxxx menit nyoba grabfood berkali kali gaada yg ambil pesenan"", ""halo grab mo tanya dong , apakah bs driver dapet xxxnumberxxx order dr org berbeda dlm xxxnumberxxx waktu ?"", ""maaf min mau nanya apakah bener ini nomor dari gojek ? + xxxnumberxxx"", ""mohon info status delivery no resi jd xxxphonexxx tujuan medan , ya min . karena masih belum diterima . paket dikirim dari bandung , tanggal xxxdatexxx . thx"", ""selamat hari minggu min kalo mau bayar tiket kereta dr go mobile , gimana ya ?""]",False,10,1958,10,True,26,0.97926235,informal,1,0.5250729322433472,0.43678417801856995,247.09532863701142,False,0.0
google/gemma-3-4b-it,formal,informal,dense,,dimana jawaban dari dm picture bukti yang sudah saya kirim ?,"“min, di mana jawaban dm picture bukti yg udah saya kirim?”",False,490,4200245,42,"[""sudah saya dm min , mohon di cek"", ""baik , informasi apa saja yang harus saya berikan untuk konfirmasi"", ""malam , saya mau mengembalikan barang krn salah kirim . diinfo harus upload bukti pengirimannya . uploadnya dimana ya ? makasih"", ""selamat malam , tolong cek dm ya min , kiriman paket saya blm di kirim ."", ""mohon cek dm saya , terima kasih"", ""sudah saya dm . mohon di balas"", ""udah min , tolong cek dm ya"", ""detil data tambahan yg diminta sudah dikirimkan via dm , mohon untuk ditindak lanjuti ."", ""kalau mau melampirkan surat keterangan domisili di kolom mana ? sdangkan saya bkum dapat sms sama sekali untuk melengkapi berkas"", ""min mohon cek dm , ditunggu responnya , makasih""]",False,10,1700,15,True,59,0.9941155,informal,1,0.8470907211303711,0.8881543874740601,805.7372356433115,False,0.0
google/gemma-3-4b-it,formal,informal,dense,,"oi , tidak ada tanggapan apa ini ?","""eh, kok nggak ada balasan sih?""",True,492,4200246,42,"[""dm terooss . gak ada respon lain yang bisa anda sampaikan ? selesaikan disini , penyelesaiannya mau seperti apa ?"", ""lama sekali responnya , untuk masalah seperti ini saja ?"", ""aneh bukalapak dari kemaren kemaren balas cuma bisa itu itu saja , niat bantu apa tidak"", ""disuruh dm soal keluhan , tapi enggak di respon"", ""halo ini gimana gak bisa di dm . udah follow akunnya juga"", ""ko ga ada sinyal ini yak"", ""haloo tolong respon dm saya ya"", ""sudah saya dm tapi kok blm dijawab ya ?"", ""ni twitter yg eror apa sinyal gw yg eror sih ? gw ig , yt , wa bisa , tp buat twitter , ama ml gak bisa ."", ""kak tolong ini halodoc orderan saya ngga terkirim tapi di status tertulis terkirim""]",False,10,1666,11,True,32,0.98409826,informal,1,0.46448859572410583,0.7390953898429871,62.34466056187808,False,0.0
google/gemma-3-4b-it,formal,informal,dense,,saya lagi pesan grabfood terus aplikasinya sangat lambat dan saya tidak bisa menghubungi drivernya . bagaimana ini ?,"min, grabfoodnya lama banget terus drivernya gak bisa dihubungi gimana ini?",True,494,4200247,42,"[""min , udh xxxnumberxxx hari ini saya mau gofood kok gak dapet driver terus ? apa aplikasi gojek lagi error ?"", ""halo xxxuserxxx , aplikasi grab di iphone se saya kok jadi berat banget ya apalagi kalau pesan grabfood suka ngehang ."", ""min , tolong bantuannya . gojek instant nelponin saya terus nanya supaya diselesaikan transaksinya . biasanya otomatis kan ?"", ""bisa jadi admin grabnya salah ketik ."", ""min maaf lagi gangguan apa gimana ? dari tadi ga konek internet terus"", ""halo min , saya mau mengnonaktifkan akun gojek saya mohon dicek dmnya . sedih nih udah dari kemarin nge - mention ga di respon"", ""grabfood error , apakah saya harus beralih ke gofood ?"", ""wah capek bener saya harus cerita lagi . udah saya telepon saya imel . seharusnya dari capture saya udah bisa terbaca . driver tidak memiliki jiwa sosial"", ""halo min saldo ovo ga muncul di grab , padahal nomor hp sudah sama . tolong cek dm ya min"", ""akun sy disuspend gara2 saya cancel terus . padahal saya buru2 dan dapatnya driver ganjil terus di hari yang genap . mohon dm saya ya""]",False,10,2119,19,True,75,0.99708754,informal,1,0.8473165035247803,0.7386572360992432,130.30574025340425,False,0.0
google/gemma-3-4b-it,formal,informal,dense,,"admin , ini saat mau bayar mengapa tidak bisa ? tulisannya "" web temporary down . kembali juga tidak bisa . harus restart hp .","“admin, kok pas mau bayar nggak bisa sih? tulisannya 'web sementara down', udah coba balik juga nggak bisa. harus restart HP.”",False,496,4200248,42,"[""admin , ketika mau cek tagihan listrik , kenapa tidak bisa ? muncul pesan dibawah"", ""tetap tidak bisa min , nomor kartu kredit yg saya masukan sdh benar . tetapi tetap tidak bisa klik tombol continue . saya udah ulang berkali2 ."", ""normal apanya min , udah beberapa hari mati nyala terus . hari ini ga tau udah berapa kali , ga ngitung saking seringnya"", ""min , kenapa jaringan idup mati terus ya ? kudu pindah2 apn baru konek ."", ""min , ini kenapa saya gak bisa sms ya ? saya mau konfirmasi pembelian paket gagal mulu sms nya drtd ."", ""pagi min , ini saya top up pulsa ko gagal terus ya . itu kenapa ya min ?"", ""min maaf lagi gangguan apa gimana ? dari tadi ga konek internet terus"", ""ini kenapa lagi ya mau perpanjang internet ga bisa ? xxxnumberxxx juga ga bisa ?"", ""iya kak terimakasih . tapi tadi sudah datang ke galeri indosatnya langsung . sudah normal lagi"", ""udah masuk email pemberitahuannya suruh cek lagi tetep saldo ga berubah , tapi yasudahlah tak mengapa""]",False,10,2051,30,True,126,0.9735213,informal,1,0.8089417219161987,0.9142719507217407,154.75739127342976,False,0.0
google/gemma-3-4b-it,formal,informal,dense,,terima kasih sudah menindaklanjuti . saya sudah sering mengobrol tidak ada balasan .,"“makasih udah lanjutin ya , udah beberapa kali ngobrol gak ada balasan.”",False,498,4200249,42,"[""selamat malam , admin . saya ingin melaporkan penipuan online yang terjadi pada saya kemarin , bisa di proses tidak ya ? terima kasih atas perhatiannya ."", ""pagi juga min . thanks sdh respon , dirumah cm ada istri aja min . ga ada yg terima . tetangga juga ga ada yg namanya sandi ."", ""malam , mau komplain . paket statusnya sudah sampai . tapi saya belum terima paket . mohon bantuannya . terima kasih ."", ""admin grab yang baik hati , saya minta tolong cek dm ya . terima kasih ."", ""mas , mbak , respon mention saya dong . lambat banget deh pelayanannya ."", ""hai , selamat sore . saya baru saja membeli kartu sim simpati . dan udah coba registrasi , tapi ga ada respon . tolong bantuannya ."", ""selamat siang , mohon bantuannya untuk di follow up admin , karena saya butuh untuk segera dikirimkan , terima kasih"", ""min tolong cek dm ya . terima kasih"", ""sudah saya proses lewat email juga , tolong di percepat saja melalui emailnya . thx ."", ""baik min , sebentar lagi saya kirim lewat dm . terimakasih .""]",False,10,2043,20,True,72,0.998466,informal,1,0.71703040599823,0.7534762024879456,68.40740187532005,False,0.0
