model_id,original_style,style_target,retrieval_method,alpha,original_message,paraphrased_message,is_human_eval
google/gemma-3-4b-it,sophistication,competence,hybrid_early,0.5,Lunch time! Dine at Palm Court and enjoy this wagyu beef burger. Pic:,"Hai Sobat Pelanggan! Jangan khawatir, nikmati saja lunch time Anda di Palm Court dan hidangkan wagyu beef burger lezat. Pic:",True
google/gemma-3-4b-it,excitement,competence,hybrid_early,0.5,Banyak menu spesial yang bisa menemani kamu hari ini hanya bersama dan PROMO-nya yang siap menemani. Yuk buruan cek di sini!,Hai Sobat BRI tidak perlu khawatir. Kami sudah merespons pesan yang dikirimkan melalui DM. Mohon kesediaannya menunggu. Dapatkan informasi terbaru seputar layanan dan PROMO-nya yang siap menemani hanya bersama BRI! Tks~Risa,False
google/gemma-3-4b-it,sophistication,competence,hybrid_early,0.5,Cek info selengkapnya di sini,Hai Sobat! Cek detailnya di link ini ya. Trims~Ciska,False
google/gemma-3-4b-it,ruggedness,competence,hybrid_early,0.5,So we're doubling up the speed here on our account to share the new goods we've been slowly fighting,Hai Sobat! Kami tingkatkan kecepatan layanan kami untuk segera sampaikan produk terbaru yang sudah kami perjuangkan. Mohon maaf atas ketidaknyamanan yang mungkin timbul. Silakan periksa DM kami untuk informasi lebih lanjut.,False
google/gemma-3-4b-it,sophistication,competence,hybrid_early,0.5,good luck dan makasih ya udah ikutan,"Semoga beruntung ya, makasih banyak udah ikutan!",False
google/gemma-3-4b-it,excitement,competence,hybrid_early,0.5,Buat kamu yang beruntung bakal dapet: 1 Smartphone buat 1 orang GoPay 500ribu buat 7 orang Pemenang akan diumumin tanggal 20 Januari 2025 ya~,"Yuk, buruan ikutan! Ada hadiah Smartphone keren buat 1 orang dan GoPay 500ribu buat 7 orang pemenang! Pemenang akan diumumkan tanggal 20 Januari 2025 ya! Jangan lupa follow akun resmi kita!",False
google/gemma-3-4b-it,sophistication,competence,hybrid_early,0.5,Bestie yuk kirim detailnya lebih lanjut via DM. We'd be happy to help you (ir),"Hai Bestie, mohon maaf atas ketidaknyamanannya. Silakan kirim detailnya lebih lanjut via DM. Kami akan bantu menyelesaikan masalah Anda. Tks~Fafa",False
google/gemma-3-4b-it,excitement,competence,hybrid_early,0.5,Kerja bagian checkout kak mumpung 10x Flash Sale Serba Rp10rb dan Bebas Ongkir Rp0 berkali-kali nih,"Hai Sobat! Mohon maaf atas ketidaknyamanannya. Sekali lagi, ada promo 10x Flash Sale Serba Rp10rb dan Bebas Ongkir Rp0 yang sering muncul, lho!",False
google/gemma-3-4b-it,ruggedness,competence,hybrid_early,0.5,2. Buat Daftar Kebutuhan Kalap berbelanja boleh saja tapi jangan sampai lupa kebutuhan yang menjadi awal tujuan datang ke booth Consina nih! Dahuluhan kebutuhan awal kemudian jika sudah terpenuhi bisa segera belanja sampai kalap deh!,"Hai Sobat Consina, jangan sampai lupa kebutuhan awal ya! Dahuluaskan kebutuhan pokok terlebih dahulu, baru jika sudah terpenuhi barulah bisa belanja sampai kalap.",False
google/gemma-3-4b-it,ruggedness,competence,hybrid_early,0.5,Pada Sharing Session CRTC Merbabu kemarin Kak Dinar Valentine membahas mengenai Self Support. Apa sih self support? Self support adalah kemampuan seseorang untuk memenuhi kebutuhan dan mengatasi tantangan hidup tanpa harus bergantung pada orang lain.,"Hai Sobat BRI, pesan sudah kami respons melalui DM dan silakan melakukan pengecekan. Dapatkan informasi terbaru seputar layanan dan promo BRI dengan Sabrina WhatsApp 0812 1214 017. Tks~Arthur",False
google/gemma-3-4b-it,sophistication,competence,hybrid_early,0.5,Hi segera kami bantu cek yaa Bestie (dr),Hai Bestie (dr). Silakan cek DM ya. Terima kasih.,False
google/gemma-3-4b-it,excitement,competence,hybrid_early,0.5,Salah anak itu spidercat,Selamat sore Kak. Mohon maaf silakan bisa cek kembali DM dari Railmin ya. Railmin imbau untuk selalu hati-hati ya terhadap akun penipuan yang mengatasnamakan KAI. Saat ini seluruh akun media sosial KAI121 sudah terverifikasi. Mohon abaikan jika ada balasan dari akun yang salah.,False
google/gemma-3-4b-it,sincerity,competence,hybrid_early,0.5,Hallo kak untuk informasi lengkap jam operasional gerai McDonald's area Tangerang dapat kamu cek di ya,"Hai Sobat BRI. Mohon maaf atas ketidaknyamanannya. Guna informasi lebih lanjut mengenai jam operasional gerai McDonald's area Tangerang, sudah kami kirimkan pesan melalui DM. Mohon kesediaan melakukan pengecekan ya. Tks~Daria",False
google/gemma-3-4b-it,ruggedness,competence,hybrid_early,0.5,Kira-kira apa lagi ya yang harus di perhatikan ketika memilih jaket? Ada saran tips? Tulis di kolom komentar~!!,"Hai Sobat BRI, tidak perlu khawatir. Ada pertanyaan mengenai jaket? Silakan tulis di kolom komentar ya.",False
google/gemma-3-4b-it,sincerity,competence,hybrid_early,0.5,Scrolling hp sore-sore Tiba-tiba MINA giveaway Yay Emina mau bagi-bagi 5 FREE TIKET BXB!! Caranya gampang banget!! Bestie tinggal: 1. RT & Like Post ini 2.Reply dengan format Pengen ke booth karena...,"Hai Sobat BRI, jangan khawatir. Informasi mengenai giveaway MINA dan Emina akan segera kami balas. Silakan lakukan pengecekan ya. Tks~Aril",False
google/gemma-3-4b-it,sophistication,competence,hybrid_early,0.5,Jangan lupa drop beauty empties kamu di Sukin Recycle Station Bestie! Cek Sociolla store terdekat di sini,“Hai Bestie! Jangan lupa lemparkan koleksi produk kecantikan bekas kamu di Sukin Recycle Station ya! Cek Sociolla store terdekat di sini.”,False
google/gemma-3-4b-it,sincerity,competence,hybrid_early,0.5,SEMANGAT!!! semoga rezekinya berlimpah ruah,"Hai Sobat BRI, tidak perlu khawatir! Semoga rezekinya berlimpah ruah. Tks~Lula",False
google/gemma-3-4b-it,ruggedness,competence,hybrid_early,0.5,Wahh semoga segera restock yaa ada juga loh kak warna-warna terbaru dari series Voodo informasi produk nya bisa hubungi mimin di DM yaa,"Hai Sobat BRI tidak perlu khawatir. Untuk informasi produk mengenai warna-warna terbaru dari series Voodo, silakan hubungi mimin di DM ya. Tks~Aril",False
google/gemma-3-4b-it,ruggedness,competence,hybrid_early,0.5,Minggu ini giveaway-in apa yaaa,"""Giveaway-in minggu ini, ada apa nihh?""",False
google/gemma-3-4b-it,excitement,competence,hybrid_early,0.5,Kak? No no no,"Hai Kak, mohon maaf atas kebingungan yang terjadi. Untuk membantu Anda, silakan informasikan detail nomor rekening dan nomor HP yang aktif melalui DM ya. Tks^Grett",False
google/gemma-3-4b-it,excitement,competence,hybrid_early,0.5,Hai We apologize for any inconvenience this may have caused. We would like to inform you that every drink purchased at Kopi Kenangan is always made with the same ingredients and recipe ensuring consistent flavor. However we greatly appreciate your feedback and will use it...,"Hai Sobat Kopi Kenangan, maaf atas ketidaknyamanan yang terjadi. Kami selalu menggunakan bahan dan resep yang sama untuk setiap minuman, sehingga rasa tetap konsisten. Kami sangat menghargai masukan Anda dan akan menggunakannya...",False
google/gemma-3-4b-it,sophistication,competence,hybrid_early,0.5,Vespa Batik suatu perpaduan ikon Italia dengan warisan Indonesia dalam suatu kesatuan yang harmonis dan penuh nilai historis. Klik untuk info lengkapnya.,"Hai Sobat BRI, mohon maaf atas ketidaknyamanan yang dialami. Vespa Batik adalah perpaduan ikon Italia dengan warisan Indonesia dalam kesatuan harmonis dan penuh nilai historis. Klik untuk info lengkapnya. Tks~Satria",False
google/gemma-3-4b-it,sophistication,competence,hybrid_early,0.5,Happy Sunday Brunch-ing! What dish did you enjoy the most at ? :),"Hai Sobat BRI, selamat menikmati hari Minggu Brunch-ing! Menu apa yang paling kamu nikmati di sana ya? 😊",False
google/gemma-3-4b-it,sincerity,competence,hybrid_early,0.5,Selamat Hari Kartini seluruh perempuan Indonesia Yuk kita rayakan semangat juang Ibu Kartini dengan menyaksikan perjalanan inspiratif para srikandi modern di Mekdi. Dengan latar belakang dan peran yang berbeda-beda mereka menunjukkan dedikasi,"Hai Sobat BRI, mari kita apresiasi para perempuan hebat! Yuk rayakan semangat perjuangan Ibu Kartini dengan saksikan kisah inspiratif para srikandi modern di Mekdi. Mereka menunjukkan dedikasi dengan berbagai latar belakang dan peran yang berbeda. Tks~Fira",False
google/gemma-3-4b-it,excitement,competence,hybrid_early,0.5,KOPI SUSU HANYA 10K Berlaku hanya HARI INI melalui apkikasi JIWA+ bisa pilih metode Pickup atau Delivery. Promo BERLAKU KELIPATAN jadi buruan ajak Teman Sejiwa lainnya biar bisa ngopi bareng-bareng,"Hai Teman Sejiwa! Kopi susu hanya 10 ribu berlaku hari ini melalui aplikasi JIWA+. Bisa pilih metode Pickup atau Delivery. Promo berlaku kelipatan, buruan ajak Teman Sejiwa lainnya biar bisa ngopi bareng-bareng!~Daria",False
google/gemma-3-4b-it,ruggedness,competence,hybrid_early,0.5,wes pokoke teko ae Bro! Perkoro jam iso diatur lha :p,Hai Sobat BRI. Tidak perlu khawatir. Informasi mengenai jam istirahat kantor akan kami atur lha :p,False
google/gemma-3-4b-it,sophistication,competence,hybrid_early,0.5,RT : Enjoy dan pasti lupa waktu ! RT Vespa_IND Apa sih yg kamu rasakan saat riding Vespa?,"Hai Sobat BRI. Mohon maaf atas kendala yang kamu rasakan saat riding Vespa. Guna tindak lanjut, silakan lakukan pengecekan melalui DM ya. Tks~Vespa_IND",False
google/gemma-3-4b-it,ruggedness,competence,hybrid_early,0.5,Free ongkir up to 20rb seluruh Indonesia. Visit Consina Official Store,"Hai Sobat BRI. Jangan khawatir! Untuk mendapatkan promo gratis ongkir hingga 20 ribu di seluruh Indonesia, silakan kunjungi Toko Resmi Consina.",False
google/gemma-3-4b-it,sincerity,competence,hybrid_early,0.5,Rayakan harimu dengan menikmati Philly Cheese Steak Burger dilengkapi bersama renyahnya Curly Fries dan segarnya Dragon Fruit Fizz. Mana lagi selain di Mekdi. Pesan sekarang di McDonald s terdekat atau McDelivery. Menu ini juga tersedia di GrabFood GoFood dan ShopeeFood.,"Hai Sobat BRI, mohon maaf atas ketidaknyamanannya. Untuk tindak lanjut, detail kendala yang dialami sudah kami sampaikan melalui DM ya. Dapatkan informasi terbaru seputar layanan dan promo BRI di Sabrina WhatsApp 0812 1214 017. Tks~Ulin",False
google/gemma-3-4b-it,ruggedness,competence,hybrid_early,0.5,halo Bro kalau boleh tau size brp Bro?,"Hai Bro, kami sudah merespons pesan melalui DM. Silakan lakukan pengecekan ya. Info lainnya seputar BRI bisa hubungi Sabrina WhatsApp 0812 1214 017. Tks~Arin",False
google/gemma-3-4b-it,sincerity,competence,hybrid_early,0.5,Hai terima kasih atas antusiasmenya akan kami infokan jika McDonald's akan hadir di daerah kamu ya,"Hai Sobat BRI, mohon maaf atas ketidaknyamanannya. Kami infokan jika McDonald's akan hadir di daerah Anda ya. Tks~Fadi",False
google/gemma-3-4b-it,ruggedness,competence,hybrid_early,0.5,Seruuu!,Mohon kesediaan menunggu dengan senang hati kami akan segera menanggapi Bapak/Ibu Pelanggan. :) Tks ^Enzy,False
google/gemma-3-4b-it,ruggedness,competence,hybrid_early,0.5,Wih kapan nih kak ?,Selamat malam Kak. Silakan cek DM ya Kak. Trims.,False
google/gemma-3-4b-it,sophistication,competence,hybrid_early,0.5,Dapatkan promo menarik di booth Vespa hall C JIEXPO Kemayoran mulai 25 April 5 Mei 2019 biar kamu bisa dan langsung,"Hai Sobat BRI, jangan khawatir! Informasi mengenai promo menarik di booth Vespa hall C JIEXPO Kemayoran mulai 25 April - 5 Mei 2019 akan segera kami balas. Mohon kesediaannya menunggu ya. Tks~Lula",False
google/gemma-3-4b-it,sophistication,competence,hybrid_early,0.5,It's a good day to have a good day. - Happy Sunday! :),Hai Sobat BRI. Hari ini adalah hari yang indah untuk hari yang indah. :D,False
google/gemma-3-4b-it,sincerity,competence,hybrid_early,0.5,Untuk pertanyaan mengenai produk-produk Nestl Anda bisa menghubungi Nestl Consumer Services melalui nomor telepon bebas pulsa 0800-1821028 atau e-mail ke sahabat.nestle.nestle.com.,"Hai Sobat Nestlé, untuk pertanyaan mengenai produk-produk Nestlé Anda bisa menghubungi Nestl Consumer Services melalui nomor telepon bebas pulsa 0800-1821028 atau e-mail ke sahabat.nestle.nestle.com. Tks~Dendi",False
google/gemma-3-4b-it,sophistication,competence,hybrid_early,0.5,RT if you need a bit of relaxation at our spa right now!,"Hai Sobat RT, jika Anda membutuhkan sedikit relaksasi di spa kami sekarang!",False
google/gemma-3-4b-it,sophistication,competence,hybrid_early,0.5,hai bestie untuk store Sociolla area Palembang sudah tidak tersedia Recycle Station ya,"Hai Bestie, mohon maaf atas ketidaknyamanan yang dialami. Untuk area Palembang, Sociolla belum lagi menyediakan Recycle Station ya.",False
google/gemma-3-4b-it,sophistication,competence,hybrid_early,0.5,Stressed is Desserts spelled backwards. :),"Hai Sobat BRI, mohon maaf atas ketidaknyamanannya. Terkait hal yang disampaikan, kami sudah kirimkan pesan melalui DM. Silakan melakukan pengecekan ya. Dapatkan informasi terbaru seputar layanan dan promo BRI di Sabrina WhatsApp 0812 1214 017. Tks~Adam",False
google/gemma-3-4b-it,sincerity,competence,hybrid_early,0.5,CUS BESTIE KE TIKTOK ATAU KE SHOPEE SEKARANG!! banyak banget promonya!! Paket viral cerah dan lembab emina lagi disc up to 50% loh bestie!,"Hai Bestie, jangan khawatir. Kami sudah membalas pesan yang masuk melalui TikTok atau Shopee. Silakan lakukan pengecekan ya. Dapatkan informasi terbaru seputar layanan dan promo BRI di Sabrina WhatsApp 0812 1214 017. Tks~Aril",False
google/gemma-3-4b-it,sincerity,competence,hybrid_early,0.5,Wah butuh sedia Double Choco Pie nih kakaknya biar bisa bikin momennya jadi lebih manis,"""Asikkk, siap-siap PO Double Choco Pie nih buat momen seru bareng kakaknya!""",False
google/gemma-3-4b-it,sincerity,competence,hybrid_early,0.5,MASIH ADA KESEMPATAN BUAT KAMU! Yuk menangkan hadiah Buku Gambar + Crayon & Paper Flying Glider dari film Harold and the Purple Crayon! Ikuti caranya di postingan ini ya,Hai Sobat! Ada kesempatan menarik nih! Cus ikutan giveaway Buku Gambar + Crayon & Paper Flying Glider dari film Harold and the Purple Crayon! Caranya ikutan di postingan ini ya!,False
google/gemma-3-4b-it,excitement,competence,hybrid_early,0.5,Adel flora,Hai Adel flora! Pesan sudah kami respons melalui DM. Silakan melakukan pengecekan ya. Tks~Adel,False
google/gemma-3-4b-it,sophistication,competence,hybrid_early,0.5,Give yourself more days to relax or do something special. Get the 3rd night free when you stay 2 consecutive nights:,“Mau punya lebih banyak waktu buat santai atau lakukan sesuatu yang istimewa? Dapatkan malam ke-3 gratis saat menginap 2 malam berturut-turut!”,False
google/gemma-3-4b-it,excitement,competence,hybrid_early,0.5,Ada disini kak,"Halo Kak, ada disini nih. Trims.",False
google/gemma-3-4b-it,sophistication,competence,hybrid_early,0.5,Kalau kamu lagi disitu ada special offer lho bonus Original Accessories untuk Vespa GTS i-get 150 dan Vespa GTS 300!,Hai Sobat Vespa! Guna informasi lebih lanjut silakan hubungi layanan pelanggan Vespa ya. Dapatkan informasi terbaru seputar layanan dan promo Vespa di Sabrina WhatsApp [nomor WhatsApp]. Tks~Winni,False
google/gemma-3-4b-it,excitement,competence,hybrid_early,0.5,Hai Kak jangan khawatir ya Kak. Aku bakal bantuin Kamu. Coba dibantu lampirkan nomor telepon dan emailnya melalui DM ya Kak. Terima kasih ^ ibl,Hai Sobat BRI jangan khawatir ya. Silakan lakukan pengecekan melalui DM ya Kak. Terima kasih ~ibl,False
google/gemma-3-4b-it,sophistication,competence,hybrid_early,0.5,Article : Elle Indonesia,"Hai Sobat Elle Indonesia! Tidak perlu khawatir. Kami informasikan bahwa Artikel Elle Indonesia akan terus hadir secara berkala. Apabila ada kendala atau pertanyaan, silakan menghubungi tim kami melalui layanan pelanggan untuk mendapatkan bantuan lebih lanjut.",False
google/gemma-3-4b-it,excitement,competence,hybrid_early,0.5,Saksikan Kartini Modern dalam merayakan Hari Kartini kemarin!,"Yuk, rayakan semangat Kartini Modern!",False
google/gemma-3-4b-it,sophistication,competence,hybrid_early,0.5,Kamu mau voucher entertainment senilai @ Rp200.000 dari Vespa? Buruan klik sekarang juga karena periodenya hanya sampai 23 Juli 2020.,Hai Sobat! Jangan ketinggalan kesempatan dapat voucher entertainment senilai Rp200.000 dari Vespa ya! Periode terbatas hanya sampai 23 Juli 2020 aja!,False
google/gemma-3-4b-it,ruggedness,competence,hybrid_early,0.5,I posted a new photo to Facebook,Silakan kirimkan tangkapan layar foto terbaru Anda ke Twitter resmi kami yang bercentang emas agar dapat kami bantu cek. Tks^Ivah,False
google/gemma-3-4b-it,sophistication,competence,hybrid_early,0.5,Escape from the busy city within the city. Our resort style pool design by Bill Bensley become an instant hit among the locals just like,"Hai Sobat! Lari dari hiruk pikuk kota? Resort gaya kita, kreasi Bill Bensley, langsung jadi favorit warga!",False
google/gemma-3-4b-it,excitement,competence,hybrid_early,0.5,Udah hilang jauh kayanya yaa,"Halo Kak, udah lama gak liat ya?",False
google/gemma-3-4b-it,excitement,competence,hybrid_early,0.5,Yang penting bawa uang pake baju dan ga ngomong sendiri,"“Mohon bawa uang dalam kondisi baik dan hindari berbicara sendiri ya, Sobat BRI.”",False
google/gemma-3-4b-it,ruggedness,competence,hybrid_early,0.5,Saddd,Oke Kak siap ya,False
google/gemma-3-4b-it,excitement,competence,hybrid_early,0.5,Wihhh,Selamat malam Kak. Mohon cek DM ya Kak. Trims.,False
google/gemma-3-4b-it,sophistication,competence,hybrid_early,0.5,Indulge in our Stay Longer promotion book for two consecutive nights and enjoy a complimentary third night!,"Hai Sobat BRI, nikmatin promo Stay Longer buat duo! Booking dua malam berturut-turut, dapat malam ketiga gratis! Tks~Cello",False
google/gemma-3-4b-it,sincerity,competence,hybrid_early,0.5,Mulai dari 65 ribuan kamu bisa merayakan ulang tahun si Kecil dengan Paket Virtual Birthday Party McD tanpa khawatir. Tinggal daftar lewat web McDonald s rencana bikin ultah si Kecil tetap aman dan meriah walaupun di rumah aja!,"""Apabila Bapak/Ibu belum mengetahui atau belum merasa melakukan pembelian tersebut, kami sarankan untuk menghubungi Customer Service McD melalui fitur Telepon di aplikasi McD yang dapat Bapak/Ibu peroleh di Play Store/App Store karena diperlukan.""",False
google/gemma-3-4b-it,sophistication,competence,hybrid_early,0.5,Care to join us and try this delicious dish for dinner at tonight?,Mohon berkenan bergabung bersama kami dan mencicipi hidangan lezat ini untuk makan malam nanti malam?,False
google/gemma-3-4b-it,ruggedness,competence,hybrid_early,0.5,Pastikan untuk minum air putih yang cukup sebelum selama dan setelah berolahraga ya Eigerian!,"“Jangan lupa hidrasi diri sebelum, selama, dan sesudah berolahraga, Eigerian!”",False
google/gemma-3-4b-it,excitement,competence,hybrid_early,0.5,Halo Kak mohon maaf buat gak nyaman. Aku butuh pengecekan dulu. Boleh infoin data kakak lewat DM cukup nomor telepon dan email yang terdaftar pada Aplikasi Gojek. Terima kasih ^yun,Hai Kak mohon maaf atas ketidaknyamanannya. Guna tindak lanjut kami sudah mengirimkan pesan melalui DM. Silakan lakukan pengecekan ya. Boleh infoin data Kak lewat DM cukup nomor telepon dan email yang terdaftar pada Aplikasi Gojek. Tks~Yun,False
google/gemma-3-4b-it,excitement,competence,hybrid_early,0.5,Hai Kak perihal tersebut sudah kami info via DM ya.Terima kasih^ekw,Hai Sobat BRI. Mohon maaf atas ketidaknyamanannya. Perihal tersebut sudah kami informasikan via DM ya. Terima kasih^ekw,False
google/gemma-3-4b-it,excitement,competence,hybrid_early,0.5,Hai Kak untuk DM kamu sudah kami balas ya. Terima kasih -IC,Hai Sobat BRI mohon maaf atas ketidaknyamanannya. DM sudah direspon ya. Tks~IC,False
google/gemma-3-4b-it,sophistication,competence,hybrid_early,0.5,Warnai hidup ini bersama Vespa,"Yuk nikmati setiap perjalanan dengan Vespa, rasakan petualangan seru dan kebebasan yang tak tertandingi!",False
google/gemma-3-4b-it,sincerity,competence,hybrid_early,0.5,Mohon maaf atas ketidaknyamanannya Boleh kamu informasikan kronologi kendala yang kamu alami melalui DM agar kami dapat menindaklanjuti kendala yang kamu alami. Terima kasih,"Hai Sobat BRI, mohon maaf atas ketidaknyamanannya. Agar kami dapat menindaklanjuti kendala yang Anda alami, mohon sampaikan kronologi kendala melalui DM ya. Terima kasih~Naya",False
google/gemma-3-4b-it,sophistication,competence,hybrid_early,0.5,Hai Vespa Lovers tidak perlu ragu lagi membawa banyak barang karena bagasi Vespa Primavera kini semakin besar,"Hai Vespa Lovers, jangan khawatir lagi membawa banyak barang karena bagasi Vespa Primavera kini semakin lapang!",True
google/gemma-3-4b-it,ruggedness,competence,hybrid_early,0.5,Come See and Try The Royal Enfield Model Lineup Tommorow at Living World Alam Sutera! @ Living,"Dengan senang hati kami informasikan, pada tanggal besok di Living World Alam Sutera yang beralamat: Jl. Alam Sutera Boulevard No. 10A Alam Sutera Serpong. Silakan hubungi kami kembali jika membutuhkan informasi lebih lanjut. Tks~Heybi :)",False
google/gemma-3-4b-it,excitement,competence,hybrid_early,0.5,2 in 1,"Selamat malam Kak. Untuk pemesanan, bisa untuk 2 orang penumpang ya. Jika ingin pesan tiket PP (pergi-pulang) diperkenankan selama penumpangnya sama (2 kode booking).",False
google/gemma-3-4b-it,sophistication,competence,hybrid_early,0.5,There is no better way to end a long day than with a delicious dinner at,"Mohon maaf atas ketidaknyamanannya. Mengenai hal tersebut, kami sudah merespons melalui mention sebelumnya. Silakan hubungi call center QLola di 150001 atau email: Qlola.co.id ya. Dengan senang hati rekan kami akan membantu.",False
google/gemma-3-4b-it,ruggedness,competence,hybrid_early,0.5,05. Ini saatnya Brothers melakukan perlindungan sepatu berbahan kulit CH dengan leather balsam.,"Hai Sobat BRI, mohon maaf atas ketidaknyamanan yang dialami. Guna tindak lanjut kami sudah mengirimkan pesan melalui DM. Mohon kesediaan melakukan pengecekan.",False
google/gemma-3-4b-it,excitement,competence,hybrid_early,0.5,Have a nice day kakak,Good luck ya Kak!,False
google/gemma-3-4b-it,sophistication,competence,hybrid_early,0.5,In focus hand-embellished details on the front-hook belt to complete your occasionwear and eveningwear. Discover more selection of the belt through the link in bio,Hai Sobat! Jangan lewatkan kesempatan untuk mempercantik penampilanmu dengan ikat pinggang yang dihiasi detail tangan. Temukan koleksi lengkapnya melalui link di bio!,False
google/gemma-3-4b-it,sophistication,competence,hybrid_early,0.5,our pleasure!,“Senang sekali bisa membantu!”,False
google/gemma-3-4b-it,sincerity,competence,hybrid_early,0.5,Hai kak mohon maaf yah atas kendala yang kamu alami. Dapatkah kamu sampaikan kronologinya melalui DM? agar kami menindaklanjuti laporan kamu. Terima kasih,Hai Sobat BRI mohon maaf atas kendala yang kamu alami. Silakan sampaikan kronologinya melalui DM ya. Kami akan menindaklanjuti laporan kamu. Tks~Celine,False
google/gemma-3-4b-it,excitement,competence,hybrid_early,0.5,Hai Kak mengenai kendala GoBiz bisa kamu hubungi nomor dan email yang sebelumnya tim kami informasikan ya. Terima kasih^ekw,Hai Sobat BRI mohon maaf atas kendala yang dialami. Terkait kendala yang disampaikan sudah kami respons melalui DM. Silakan lakukan pengecekan ya. Dapatkan informasi terbaru seputar layanan dan promo BRI di Sabrina WhatsApp 0812 1214 017. Tks~Becca,False
google/gemma-3-4b-it,ruggedness,competence,hybrid_early,0.5,masih belum gan sabar menanti ya gan untuk sepatunya :D : Produk sepatunya belum rilis ya?,"“Hai Sobat BRI. Mohon maaf atas ketidaknyamanannya. Terkait belum rilisnya produknya, kami masih menunggu informasi ya gan. Silakan melakukan pengecekan ya. Tks~Belin”",False
google/gemma-3-4b-it,sophistication,competence,hybrid_early,0.5,Hi bestie mohon maaf atas ketidaknyamanannya. Terkait kendala kamu mohon menginformasikan detailnya melalui email cs.com agar dapat kami tindaklanjuti:),Hai bestie mohon maaf atas ketidaknyamanannya. Terkait kendala yang kamu sampaikan mohon informasikan detailnya melalui email cs.com agar dapat kami tindaklanjuti:)),False
google/gemma-3-4b-it,sincerity,competence,hybrid_early,0.5,Oke kak mimin tunggu ya :),"Siap kak, segera di cek ya. Trims.",False
google/gemma-3-4b-it,sophistication,competence,hybrid_early,0.5,Untuk info lebih lengkapnya langsung cek ya!,"""Silakan hubungi kami via DM untuk informasi lebih detail ya, Kak! Terima kasih.""",False
google/gemma-3-4b-it,sophistication,competence,hybrid_early,0.5,Mariana Renata embodies the natural beauty wearing hand-embellished ensemble from our latest collection in the new issue of Dewi magazine photographed by Ryan Tandya,"Hai Sobat BRI, Mariana Renata tampil memukau mengenakan koleksi terbaru kami yang dihiasi tangan di edisi baru majalah Dewi, hasil foto Ryan Tandya.",False
google/gemma-3-4b-it,sophistication,competence,hybrid_early,0.5,Postingan kamu ditunggu sampai tanggal 23 Mei 2020 ya. Good luck!,Hai! Jangan lupa kirim postinganmu ya sampai tanggal 23 Mei 2020. Semoga beruntung!,False
google/gemma-3-4b-it,sincerity,competence,hybrid_early,0.5,Melalui efisiensi kemasan pada 2016 kami berhasil kurangi emisi CO2 setara dgn emisi 93.267 mobil/tahun:,Mohon maaf atas ketidaknyamanannya Bapak. Dikhawatirkan sedang dalam antrean ya namun keluhan yang Bapak sampaikan menjadi masukan bagi kami untuk terus memperbaiki dan memberikan layanan prima untuk kepuasan Nasabah. :) Tks~Feya,False
google/gemma-3-4b-it,sincerity,competence,hybrid_early,0.5,Let's go the Chicken Dance with NewJeans. Menangkan trip ke Korea GRATIS untuk 5 orang pemenang dan hadiah menarik lainnya! 5 Pemenang pertama: Trip ke Korea. Masing-masing pemenang mendapatkan 2 tiket.,Selamat kepada para pemenang & terima kasih untuk semua partisipan. Pemenang dimohon segera mengirimkan nama lengkap no. HP email serta alamat lengkap sebelum tanggal batas klaim hadiah. Masing-masing pemenang mendapatkan 2 tiket.,False
google/gemma-3-4b-it,excitement,competence,hybrid_early,0.5,Mewakilkan,"Hai Sobat BRI. Mohon maaf atas ketidaknyamanannya, mewakilkan tidak bisa ya. Kami informasikan, rekening yang tidak bermutasi secara berturut-turut (kecuali debit biaya administrasi pajak dan kredit bunga tabungan) dalam 180 hari sesuai dengan saldo berapa pun spesifikasi masing-masing.",False
google/gemma-3-4b-it,excitement,competence,hybrid_early,0.5,Sampe typo saking mantulnya,"""Wah, error-nya parah banget ya! Semoga segera diperbaiki.""",False
google/gemma-3-4b-it,ruggedness,competence,hybrid_early,0.5,PENDAKIAN BERSAMA CONSINA Ditanggal 25-26 November nanti Consina kembali mengajak consiners untuk bergabung dalam Pendakian Bersama ke Gunung Merbabu Jawa Tengah nih consiners!,Hai Consiners! Terima kasih atas antusiasmenya. Kami informasikan Pendakian Bersama dengan Consina berlangsung pada tanggal 25-26 November nanti di Gunung Merbabu Jawa Tengah ya. Consiners jangan pernah membagikan informasi pribadi kepada pihak manapun.,False
google/gemma-3-4b-it,sincerity,competence,hybrid_early,0.5,Melayani pesanan hingga pukul 22.00 ya kak,Selamat malam Kak. Layanan pemesanan kami tersedia hingga pukul 22.00 ya.,False
google/gemma-3-4b-it,excitement,competence,hybrid_early,0.5,Buat yang kemaren belom bisa hadir sini intip keseruan Pak & bikin Kopi Kenangan Mantan Buat yang kemaren dateng coba nonton deh kamu masuk di dalem video ini gak?,"“Buat yang kemarin belum bisa hadir, yuk intip keseruan Pak! Dan buat yang kemarin dateng, coba nonton deh kamu masuk di dalam video ini nggak?”",False
google/gemma-3-4b-it,ruggedness,competence,hybrid_early,0.5,Makin malam makin Rame Bro!,Hai Bro! Makin malam makin seru ya!,False
google/gemma-3-4b-it,ruggedness,competence,hybrid_early,0.5,Gapapa kak ulang lagi,"""Gpp kak, ulangnya lagi.""",True
google/gemma-3-4b-it,excitement,competence,hybrid_early,0.5,Hai Kak jangan khawatir ya. Yuk infokan nomor telepon dan email yang terdaftar via DM agar dapat kami cek ya. Terima kasih^ast,Hai Sobat BRI. Mohon maaf atas kendala yang dialami. Silakan mengirimkan detail nomor telepon dan email yang terdaftar melalui DM ya. Terima kasih^ast,False
google/gemma-3-4b-it,ruggedness,competence,hybrid_early,0.5,New Arrival - Urban Collection Gaya modern dan fungsional yang dirancang untuk menemani langkahmu menelusuri setiap sudut kota.,Guna tindak lanjut kami sudah sudah mengirimkan pesan melalui DM ya. Dapatkan informasi terbaru seputar produk baru Urban Collection yang modern dan fungsional untuk menemani langkahmu di kota. Tks~Heru (2),False
google/gemma-3-4b-it,sophistication,competence,hybrid_early,0.5,RT : saya pernah dari cimahi - jogja - solo - semarang min,"Halo Sobat BRI. Mengenal rute Ciamih-Yogyakarta-Solo-Semarang ya? Baik, mari kita periksa jadwalnya. Terima kasih.",False
google/gemma-3-4b-it,excitement,competence,hybrid_early,0.5,Menjelang weekend kerjaan justru makin numpuk? tenang aja PROMO siap nemenin kamu nyelesein sisa minggu ini kok!,"Hai Sobat BRI tidak perlu khawatir. Terkait pekerjaan yang semakin padat menjelang akhir minggu ini, kami siap menemanimu menyelesaikannya kok! Dapatkan informasi terbaru seputar layanan dan promo BRI di Sabrina WhatsApp 0812 1214 017. Tks~Harvin",False
google/gemma-3-4b-it,excitement,competence,hybrid_early,0.5,Toped juga happy kak,Baik terima kasih kembali Kak. Selamat beraktivitas ya.,False
google/gemma-3-4b-it,sincerity,competence,hybrid_early,0.5,Aaaakk!! hope you like it!!!,Aaaakk!! Semoga suka yaa! 🥰,False
google/gemma-3-4b-it,ruggedness,competence,hybrid_early,0.5,Tampil gaya army hari ini asik juga kayaknya Bro! Sudah punya koleksi ini?,“Asik abis jadi anak militan nih! Pasti keren juga ya bro? Udah punya yang banyak belum nih?”,False
google/gemma-3-4b-it,excitement,competence,hybrid_early,0.5,Yessica bikin sayang,"""Yessica bikin kangen, yaa~ Tks~Celine""",False
google/gemma-3-4b-it,excitement,competence,hybrid_early,0.5,Hai Kak jangan khawatir ya. Bisa diinfoin nomor telepon dan email Kakak yang terdaftar melalui DM agar aku bisa bantu cek. Tks^Ari,"Hai Kak, jangan khawatir. Silakan berikan nomor telepon dan email terdaftar melalui DM agar saya bisa bantu cek. Tks~Ari",True
google/gemma-3-4b-it,sophistication,competence,hybrid_early,0.5,Have you tried these delicious sweet treats? Grab them at today!,"Hai Sobat BRI, pesan DM sudah kami respons mohon melakukan pengecekan. Dapatkan informasi terbaru seputar layanan dan promo BRI di Sabrina WhatsApp 0812 1214 017. Tks~Fadi",False
google/gemma-3-4b-it,sophistication,competence,hybrid_early,0.5,Want to keep up with our latest news events and offers? Check out our page here:,"Hai Sobat BRI, pesan akan segera kami respons melalui DM. Silakan melakukan pengecekan. Dapatkan informasi terbaru seputar layanan dan promo BRI di Sabrina WhatsApp 0812 1214 017. Tks~Hela",False
google/gemma-3-4b-it,sophistication,competence,hybrid_early,0.5,Sweet! : ini karya saya motret prewedding pake vespa hehehe. Romantis sekali ya min :)),"Hai Sobat! Wah, keren sekali foto prewedding pakai vespa kamu hehe. Menyenangkan ya :))",False
google/gemma-3-4b-it,sophistication,competence,hybrid_early,0.5,Escape the hustle & bustle of your busy schedule today and pamper yourself to a relaxing Earth Ritual at,"Hai Sobat BRI, nikmati Earth Ritual yang menenangkan untuk lepas dari rutinitas hari ini dan manjakan diri Anda di…",False
google/gemma-3-4b-it,ruggedness,competence,hybrid_early,0.5,sudah berapa lama membawa beban bebanmu itu kak?,"Hai Sobat BRI. Mohon maaf atas kendala yang Bapak/Ibu alami terkait dengan permasalahan yang sedang dihadapi. Guna tindak lanjut, kami sudah mengirimkan pesan melalui DM. Silakan lakukan pengecekan. Tks~Diva",False
google/gemma-3-4b-it,sophistication,competence,hybrid_early,0.5,With its delicate palette and modest silhouette there is something appealingly timeless about these looks from SAPTO DJOJOKARTIKO Arabia One-Off Eid Collection 2024,"Halo, dengan desainnya yang halus dan tampilan sederhana, koleksi Ramadan Arabia One-Off 2024 dari SAPTO DJOJOKARTIKO ini terasa begitu memikat dan abadi, ya.",False
google/gemma-3-4b-it,sincerity,competence,hybrid_early,0.5,Baik Ibu saat ini kami tersedia layanan Nestl Health Science Home Delivery Services dengan menghubungi layanan WhatsApp Nestl Indonesia di 0811-1018-218. Namun domisilinya saat ini di kota mana? :),"Hai Sobat! Saat ini kami sediakan layanan Nestl Health Science Home Delivery Services ya. Mohon beritahu kami, domisil Bapak/Ibu di kota mana? Tks~Ciska",False
google/gemma-3-4b-it,ruggedness,competence,hybrid_early,0.5,Pantengin terus sosial media kami ya!,"Hai Sobat BRI, jangan lupa pantengin terus sosial media kami ya! Tks~Fayya",False
google/gemma-3-4b-it,sophistication,competence,hybrid_early,0.5,This August: Book our BNB package and receive a complimentary Executive Club access with our compliments!,Hai Sobat! Nikmati Agustus ini dengan paket BNB kami dan dapatkan akses eksklusif Executive Club gratis! Jangan lewatkan kesempatan ini!,True
google/gemma-3-4b-it,sophistication,competence,hybrid_early,0.5,Wanna try our mango mimosa cake? Please come to La Patisserie :) Pic:,Hai Sobat Pelanggan mohon maaf atas ketidaknyamanan yang dialami. Untuk pesan pada DM sudah kami respons mohon melakukan pengecekan ya. Dapatkan informasi terbaru seputar menu dan promo La Patisserie di Sabrina WhatsApp [Nomor WhatsApp]. Tks~La Patisserie,False
google/gemma-3-4b-it,sincerity,competence,hybrid_early,0.5,Ada 4 tipologi untuk menentukan personal color yang terinspirasi dari musim: Warm tone: Summer Spring Cool tone: Winter Autumn,"Hai Sobat BRI, mohon maaf atas kendala terkait personal color yang ingin kamu tentukan. Ada 4 tipe yang bisa jadi inspirasi: Warm tone: Summer Spring Cool tone: Winter Autumn.",True
google/gemma-3-4b-it,ruggedness,competence,hybrid_early,0.5,Halo kak sayangnya saat ini series tersebut tidak tersedia untuk series yang serupa bisa cek di series BEET RIVER 1.0 INSULATION ya. Info lebih lanjut kakak bisa menghubungi kami melalui DM,"“Halo Kak, sayangnya series tersebut belum tersedia untuk series serupa. Kakak bisa cek di series BEET RIVER 1.0 INSULATION ya. Info lebih lanjut bisa hubungi kami lewat DM.”",False
google/gemma-3-4b-it,ruggedness,competence,hybrid_early,0.5,hay hay hay selamat pagi para consiners. Jangan lupa sama kopi pagi nya yaa :D,"Hai Consiners! Mohon maaf atas ketidaknyamanannya. Guna informasi yang sesuai dapat disampaikan, apakah sudah menikmati kopi pagi ya? Tks~Erza",False
google/gemma-3-4b-it,excitement,competence,hybrid_early,0.5,Ikuti giveaway bagi-bagi GRATIS untuk orang tersayangmu! Cek syarat dan ketentuannya di sini ya!,"Hai Sobat BRI, selamat berpartisipasi dalam giveaway! Cek segera syarat dan ketentuannya di sini ya!",False
google/gemma-3-4b-it,sincerity,competence,hybrid_early,0.5,makasih cangtippp,Makasih banyak ya Kak!,False
google/gemma-3-4b-it,excitement,competence,hybrid_early,0.5,Minta ke hobi nya boleh ga,"""Mau tau hobi nya, boleh gak?""",False
google/gemma-3-4b-it,sincerity,competence,hybrid_early,0.5,ini tuh lebih ke sugesti gasihhh,"""Iya dong, gasss! wajib dicoba nih.""",False
google/gemma-3-4b-it,excitement,competence,hybrid_early,0.5,hadir kembali! Cek teasernya dulu yuk jangan lupa pasang reminder BESOK akan tayang di Youtube Channel Jiwa Group,"Hai Sobat! Teaser terbaru kami sudah hadir, yuk cek dulu ya jangan lupa pasang reminder, besok akan tayang di Youtube Channel Jiwa Group!",False
google/gemma-3-4b-it,ruggedness,competence,hybrid_early,0.5,Hi Rusbi sampai semalam masih ada Hari ini buka 15.30,"“Halo Rusbi, sampai semalam masih ada. Hari ini buka pukul 15.30.”",False
google/gemma-3-4b-it,ruggedness,competence,hybrid_early,0.5,favorit sih,"""Favorit tuh yaa.""",False
google/gemma-3-4b-it,sincerity,competence,hybrid_early,0.5,SERUU BANGET!,Yeay! seru banget!,False
google/gemma-3-4b-it,ruggedness,competence,hybrid_early,0.5,Mantap,"Wah, keren banget ya! Semoga lancar.",False
google/gemma-3-4b-it,sincerity,competence,hybrid_early,0.5,Hi ! Untuk estimasi harga BEAR BRAND 1 kalengnya tertinggi nih Rp8.900. Wah seneng deh ada yang perhatian sama komunikasi kami. Komunikasi kami emang bisa bikin banyak persepsi. Nah itu yang bikin BEAR BRAND unik.:),Hai Sobat BRI. Mohon maaf atas ketidaknyamanannya. Untuk estimasi harga BEAR BRAND 1 kalengnya tertinggi nih Rp8.900. Wah seneng deh ada yang perhatian sama komunikasi kami. Komunikasi kami emang bisa bikin banyak persepsi. Nah itu yang bikin BEAR BRAND unik. :),False
google/gemma-3-4b-it,ruggedness,competence,hybrid_early,0.5,Brothers bisa melihat dan mencoba seluruh koleksi sepatu Brodo. Dapat yang pas? Brothers langsung dipandu oleh shopkeeper untuk memesannya,"“Halo Bro! Bisa lihat dan coba semua koleksi sepatu Brodo, ya. Ada yang cocok? Langsung dibantu shopkeeper buat pesannya!”",False
google/gemma-3-4b-it,ruggedness,competence,hybrid_early,0.5,Mari kita bergandengan tangan untuk merawat dan memperkuat warisan budaya ini agar pesona dan keberagaman tradisi tenun terus bersinar dan dihargai oleh generasi masa depan.,"Sobat, mari kita terus berjuang bersama untuk melestarikan dan memperkokoh khazanah budaya bangsa ini, agar keindahan dan ragam tradisi tenun terus menawan serta diapresiasi sepanjang masa!",False
google/gemma-3-4b-it,excitement,competence,hybrid_early,0.5,Tanggal 15 bareng ybs,ini dia para pemenang tanggal 15 September ya! Selamat ya!,False
google/gemma-3-4b-it,sincerity,competence,hybrid_early,0.5,Halo kak mohon maaf atas kendala yang kamu alami. Prihal keluhan yang kamu sampaikan melalui DM sudah kami respon yah..,Hai Sobat BRI mohon maaf atas kendala yang kamu alami. Terkait keluhan yang kamu sampaikan melalui DM sudah kami respon yah.. Tks~Becca,False
google/gemma-3-4b-it,sophistication,competence,hybrid_early,0.5,Jerau is deep red color that resembles the color of dark rubies. This Indonesian heritage palette inspired these sophisticated looks from the new SAPTO DJOJOKARTIKO One-Off Eid Collection 2024. Discover the new collection at SAPTO DJOJOKARTIKO Plaza Senayan.,Hai Sobat BRI perihal apa yang dapat kami bantu terkait produk dan layanan BRI? Informasi lainnya seputar BRI dapat hubungi Sabrina WhatsApp 0812 1214 017 atau akun resmi media sosial BRI yang terverifikasi. Tks~Ciska,False
google/gemma-3-4b-it,sincerity,competence,hybrid_early,0.5,Awali pagimu dengan sarapan lezat Chicken Muffin agar lebih semangat! Nah kamu berkesempatan untuk dapat menikmati Chicken Muffin gratis nanti dengan berpartisipasi kegiatan National Breakfast Day ke-13 pada 24 Februari 2025 nanti ya. Tungguin informasi selengkapnya ya,"Hai Sobat BRI, mohon maaf atas ketidaknyamanannya.  Untuk tindak lanjut, detail kegiatan National Breakfast Day ke-13 pada 24 Februari 2025 ya. Tunggu informasi selengkapnya ya~Becca",False
google/gemma-3-4b-it,sophistication,competence,hybrid_early,0.5,Our cake boutique is a true sweet sensation amongst our delightful cakes is the beloved strawberry shortcake.,Hai Sobat BRI. Tidak perlu khawatir. Untuk pesan yang dikirimkan melalui DM sudah kami respons. Silakan dilakukan pengecekan ya. Dapatkan informasi terbaru seputar layanan dan promo BRI di Sabrina WhatsApp 0812 1214 017. Tks~Thomas,False
google/gemma-3-4b-it,sophistication,competence,hybrid_early,0.5,Fresh in sunny day,"Hai Sobat! Siang cerah begini, asyik ya!",False
google/gemma-3-4b-it,sophistication,competence,hybrid_early,0.5,Desy Sarce Natalia,"Hai Desy Sarce Natalia, mohon maaf atas ketidaknyamanannya. Silakan melakukan pengecekan ya. Tks~Cessa",False
google/gemma-3-4b-it,ruggedness,competence,hybrid_early,0.5,Pantengin terus giveaway selanjutnya ya,"""Jangan sampai ketinggalan giveaway selanjutnya yaa! Buruan cek DM-nya buat info lengkapnya!""",False
google/gemma-3-4b-it,sophistication,competence,hybrid_early,0.5,Talent. Grace. Grit. s many qualities have propelled her all the way to Grand Slam glory at the . But her greatest achievement has been to win hearts and inspire millions around the world. More,"Hai, penggemar! Kehebatan, pesona, dan semangatnya membawa dia meraih kejayaan di Grand Slam! Ia telah mencuri hati dan menginspirasi jutaan orang di seluruh dunia. Lebih lanjut…",False
google/gemma-3-4b-it,sophistication,competence,hybrid_early,0.5,Ramadhan telah tiba mari kita sambut bulan suci ini dengan hati yang bersih dan penuh suka cita. Selamat menunaikan ibadah puasa teman-teman!,"“Selamat datang bulan Ramadhan, mari kita isi dengan doa dan syukur ya, Sobat! Semoga puasa ini jadi semangat baru buat kita semua.”",False
google/gemma-3-4b-it,excitement,competence,hybrid_early,0.5,New trucker denim jacket,"Hai Sobat BRI, kami informasikan hadir jaket denim baru untuk para pengemudi! Jangan ragu untuk membalas pesan melalui DM ya. Tks~Tedi",False
google/gemma-3-4b-it,ruggedness,competence,hybrid_early,0.5,paling mudah dilakukan biar badan tetep sehat dan bugar!,"""Paling gampang kok buat badan tetep oke dan semangat!""",False
google/gemma-3-4b-it,sophistication,competence,hybrid_early,0.5,21 Sep On the path of Marco Polo's Journey- Wine Dinner feat Italian wines from Winery. Call 2523456,"“Pesan yang dikirimkan melalui telepon akan segera kami respons ya. Dapatkan informasi terbaru seputar layanan dan promo BRI di 2523456. Tks~Heru (2)""",False
google/gemma-3-4b-it,excitement,competence,hybrid_early,0.5,Run guys run biar sehat,"Terima kasih kembali, jaga kesehatan ya!",False
google/gemma-3-4b-it,sincerity,competence,hybrid_early,0.5,Kabar gembira buat kamu pecinta ayam McD! Makin banyak nikmatnya makin hemat bayarnya! Nikmati 4 Ayam McD cuma Rp49 ribuan atau 6 Ayam McD hanya Rp73 ribuan hanya di 22-24 November. Langsung pesan ke Mekdi terdekat atau lewat McDelivery GrabFood GoFood ShopeeFood dan,"Hai pelanggan McD! Kabar baik nih buat kamu yang suka ayam McD! Makin banyak nikmat makin hemat lagi! Nikmati 4 Ayam McD cuma Rp49 ribuan atau 6 Ayam McD hanya Rp73 ribuan, cuma di 22-24 November. Langsung pesan ke Mekdi terdekat atau lewat GrabFood GoFood ShopeeFood ya!~Beni",False
google/gemma-3-4b-it,sincerity,competence,hybrid_early,0.5,Tap your way to flawless complexion with Daily Matte Cushion! Dapetin complexion yang healthy matte finish look dengan easy tap dan oil & sweat absorb Siapa yang udah setia banget sama Daily Matte Cushion nih?,Hai Sobat! Coba deh tap Daily Matte Cushion buat tampilan flawless dan sehat. Dijamin oil & sweat langsung diserap! Siapa yang udah jadi pelanggan setia Daily Matte Cushion?,False
google/gemma-3-4b-it,excitement,competence,hybrid_early,0.5,Hai mohon maaf sebelumnya. Perihal keluhan kamu mohon kesediaanya untuk membuat laporan kepada pihak E-Commerce terkait terlebih dahulu agar dapat ditindaklanjuti oleh tim kami ya. Terima kasih^yun,"Hai, mohon maaf atas ketidaknyamanan yang dialami. Silakan lakukan pengecekan pada pesan melalui DM kami ya. Terima kasih^yun",False
google/gemma-3-4b-it,excitement,competence,hybrid_early,0.5,Hati-hati dekat api kalo gak kuat sama cinta yang membara,"Takkan kuat hati jika terjerumus dalam api yang membara. Hati-hati, ya, Sobat.",False
google/gemma-3-4b-it,ruggedness,competence,hybrid_early,0.5,Inilah wajah pemenang Golden Ticket to Everest Trip ke Kinabalu (4095mdpl) Malaysia. (Dari Ki-Ka) Chandra H Lukmana (asal Nganjuk) Nurfadilah (asal Bogor) Imam Badrudin (asal Situbondo). Good luck guys!!,"Hai Sobat BRI, mohon maaf atas ketidaknyamanannya. Kami sudah merespons melalui DM ya. Silakan melakukan pengecekan. Informasi lainnya seputar BRI dapat hubungi Sabrina WhatsApp 0812 1214 017 atau akun resmi media sosial BRI yang terverifikasi. Tks~Oman",False
google/gemma-3-4b-it,sophistication,competence,hybrid_early,0.5,It's never too early to raise a glass to the weekend especially with this tasty at !,"""Mau ngerayain weekend? Jangan lewatkan momen seru ini!""",False
google/gemma-3-4b-it,sophistication,competence,hybrid_early,0.5,The Saros a most ingenious watchmaking complication. The beauty of our system is in the calendar s minimalism only four gear wheels and two gear ratios. More,"Hai Sobat BRI, Saros itu komplikasi jam tangan yang sangat brilian. Keindahan sistem kami terletak pada kalender yang minimalis, hanya empat roda gigi dan dua rasio gigi. Lebih…",False
google/gemma-3-4b-it,sincerity,competence,hybrid_early,0.5,How to use Shade Match 1 Buka website Wardah 2 Klik Experience lalu klik Shade Match atau klik link 3 Setelah itu klik Try Now,"Hai Sobat Wardah. Untuk menggunakan Shade Match, pertama buka website Wardah. Kedua, klik Experience lalu klik Shade Match atau klik link yang tersedia. Ketiga, setelah itu klik Try Now.",False
google/gemma-3-4b-it,excitement,competence,hybrid_early,0.5,I am very serious,"Hai Sobat. Kami mohon maaf atas kendala yang Anda alami. Jika tampil respons seperti gambar yang kami terima, mohon gunakan data seluler pada nomor ponsel terdaftar dan pastikan sinyal dalam keadaan penuh. Kemudian, on-off kan mode pesawat untuk beberapa waktu terlebih dahulu.",True
google/gemma-3-4b-it,sophistication,competence,hybrid_early,0.5,Travel far enough you meet yourself. ~ David Mitchell,"""Wah, perjalanan jauh itu kadang bikin ketemu sama diri sendiri ya Kak? ~ David Mitchell""",False
google/gemma-3-4b-it,excitement,competence,hybrid_early,0.5,Udah kaya raya dong,"Hai Sobat BRI, semoga hari ini Anda semakin sukses dan meraih segala impian. Jangan lupa pantau saldo rekening Anda, ya, karena terkadang ada penyesuaian jika ada cicilan atau autodebet. Kami siap membantu jika ada pertanyaan, segera hubungi 1500017!",False
google/gemma-3-4b-it,sophistication,competence,hybrid_early,0.5,Layer up and knot your Ikat selendang over the polychromatic embroidered ensemble for a profoundly practical twist,Hai Sobat BRI. Mohon maaf atas kendala terkait penggunaan selendang yang dialami. Silakan lakukan pengecekan ya. Tks~Erza,False
google/gemma-3-4b-it,excitement,competence,hybrid_early,0.5,Kakak bisa klik tombol di bawah ini ya nanti kakak dapat infokan detailnya melalui DM.,"Hai Kak, silakan klik tombol di bawah ini ya. Nanti kakak bisa informasikan detailnya melalui DM.",False
google/gemma-3-4b-it,excitement,competence,hybrid_early,0.5,Pas collabs sama JKT48 mencoba untuk tau dan mengerti dunia idol sekarang collabs sama Onic mencoba cari tau dan mengerti dunia esports. Seru dan menarik,"Hai Sobat BRI, pesan sudah kami respons melalui DM. Silakan melakukan pengecekan. Dapatkan informasi terbaru seputar layanan dan promo BRI di Sabrina WhatsApp 0812 1214 017. Tks~Aril",True
google/gemma-3-4b-it,ruggedness,competence,hybrid_early,0.5,Selamat atas selesainya perjalanan 405 6 Kilometer Sea Kayak Wanadri! 14 September lalu tim Ekspedisi Dayung Jelajah Nusantara berhasil menyelesaikan perjalanannya. Begitu banyak cerita dari 8 pendayung yang mengarungi lautan Belitong.,"Hai Sobat! Selamat atas selesainya perjalanan 405 kilometer Sea Kayak Wanadri! Pada 14 September lalu, Tim Ekspedisi Dayung Jelajah Nusantara telah berhasil menyelesaikan perjalanannya. Banyak sekali cerita dari 8 pendayung yang mengarungi lautan Belitong. Tks~Arin",False
google/gemma-3-4b-it,excitement,competence,hybrid_early,0.5,Maaf min kita musuhan. Aku tim kak icel,"Halo kak, mimin mohon maaf atas ketidaknyamanan yang terjadi. Agar kami bisa memberikan solusi terbaik, mohon hubungi tim kami lewat nomor bebas pulsa 0-800-112-888 atau via live chat di aplikasi Samsung Members ya.",False
google/gemma-3-4b-it,sophistication,competence,hybrid_early,0.5,Egon Schiele's expressive strokes is embodied in the collection through the pattern mixing and nonchalantly fluid silhouettes,Hai Sobat BRI. Mohon maaf atas kendala dalam menikmati karya seni Egon Schiele yang memiliki corak perpaduan dan siluet yang mengalir santai. Silakan lakukan pengecekan ya. Tks~Erza,True
google/gemma-3-4b-it,sophistication,competence,hybrid_early,0.5,Kece juga nih si jalan-jalan sambil refreshing jelajahi kawasan Bromo Primavera! Yuk share jalan-jalan yang enggak terlupakan kamu bareng Vespa di kolom komen! (IG: ),"“Wah, seru juga ya jalan-jalan sambil rehat-rehat sambil nemenin nyelayah kawasan Bromo Primavera! Cerita dong pengalaman seru kamu bareng Vespa di kolom komentar ya! (IG: )”",True
google/gemma-3-4b-it,sincerity,competence,hybrid_early,0.5,Halo kak kamu bisa simpan alamat pengantaran kamu di McDelivery jika alamat kamu terjangkau maka kamu bisa melanjutkan pesanan kamu yaa,"Hai Sobat BRI, pesan sudah kami respons melalui DM. Silakan melakukan pengecekan ya. Dapatkan informasi terbaru seputar layanan dan promo BRI di Sabrina WhatsApp 0812 1214 017. Tks~Dean",False
google/gemma-3-4b-it,sincerity,competence,hybrid_early,0.5,Hai kak mohon maaf atas ketidaknyamanannya apakah pesannamu masih terkendala ?,"Hai Kak, mohon maaf atas ketidaknyamanannya. Terkait kendala pesanan, kami sudah mengirimkan pesan melalui DM ya. Mohon lakukan pengecekan, trims~Nadim",False
google/gemma-3-4b-it,sophistication,competence,hybrid_early,0.5,kita hadir di Gambir Expo Canopi Gambir Auto-G3 Arena Pekan Raya Jakarta,Selamat pagi Kak. Kami hadir di Stasiun Gambir Expo Canopi Gambir Auto-G3 Arena Pekan Raya Jakarta.,False
google/gemma-3-4b-it,excitement,competence,hybrid_early,0.5,Halo Kak mohon maaf buat gak nyaman. Aku butuh pengecekan dulu. Boleh infoin data kakak lewat DM cukup nomor telepon dan email yang terdaftar pada Aplikasi Gojek. Terima kasih ^yun,Hai Kak mohon maaf atas ketidaknyamanannya. Guna tindak lanjut kami sudah mengirimkan pesan melalui DM. Silakan lakukan pengecekan ya. Boleh infoin data Kak lewat DM cukup nomor telepon dan email yang terdaftar pada Aplikasi Gojek. Tks~Yun,False
google/gemma-3-4b-it,sophistication,competence,hybrid_early,0.5,SAPTO DJOJOKARTIKO One-Off Eid Collection 2024 The collection will be available at SAPTO DJOJOKARTIKO Plaza Senayan on 18 March 2024 Hair and makeup Sissy Sosro and team Location The Dharmawangsa Set design LXE Moments & Stupa Caspea,"Hai Sobat BRI, perihal apa yang dapat kami bantu terkait koleksi One-Off Eid 2024 SAPTO DJOJOKARTIKO? Koleksi akan tersedia di SAPTO DJOJOKARTIKO Plaza Senayan pada 18 Maret 2024. Hair and makeup Sissy Sosro dan team. Lokasi The Dharmawangsa Set design LXE Moments & Stupa Caspea. Tks~Duta",False
google/gemma-3-4b-it,sophistication,competence,hybrid_early,0.5,- The ikat embroidered details and ruffled sleeves on Samara top complements your modest Ramadhan look. Shop at tagged stockists,Hai Sobat BRI. Detail bordir ikat dan lengan renda pada atasan Samara akan melengkapi penampilan Ramadhan Anda yang sopan. Belanja sekarang di stockist yang ter-tag ya!,False
google/gemma-3-4b-it,excitement,competence,hybrid_early,0.5,Singkat banget menghadapi kehidupan,"Hai Sobat BRI, memang begitu ya. Saat ini, mungkin ada sedikit kendala pada layanan kami. Mohon ulangi transaksi beberapa saat lagi ya. Dan ingat, jangan bagikan data pribadi seperti PIN OTP kepada siapapun, Sobat BRI.",False
google/gemma-3-4b-it,excitement,competence,hybrid_early,0.5,V IS COMING?!?!?!?!?! YASSS New songs for Christmas! TAEHYUNG IS COMING,Hai Sobat! Kabar gembira nih! V IS COMING?!?!?!?!? YASSS! Lagu-lagu baru untuk Natal! TAEHYUNG SUDAH HADIR!,False
google/gemma-3-4b-it,sophistication,competence,hybrid_early,0.5,Thank you for letting us be a part of your special day! :),Hai Sobat! Senang sekali bisa menjadi bagian dari momen istimewa Anda. 😊,True
google/gemma-3-4b-it,ruggedness,competence,hybrid_early,0.5,Beberapa jam lagi tapi kak,“Sebentar lagi kok Kak”,False
google/gemma-3-4b-it,sophistication,competence,hybrid_early,0.5,Did you enjoy your weekend with Vespa? Share it with us on,"""Asik kan weekendnya bareng Vespa? Yuk, share momen serunya ke kita!""",False
google/gemma-3-4b-it,sophistication,competence,hybrid_early,0.5,ditunggu ya foto riding nya. jangan lupa juga untuk tag nanti fotomu akan kami repost,Hai Sobat BRI. Mohon maaf atas ketidaknyamanannya. Silakan kirim foto riding Anda ya. Jangan lupa untuk tag juga nanti fotomu akan kami repost. Tks~Erza,False
google/gemma-3-4b-it,excitement,competence,hybrid_early,0.5,Waterproof,"Siap!

""Siap sdr.""",False
google/gemma-3-4b-it,ruggedness,competence,hybrid_early,0.5,Bertanggung jawab terhadap lingkungan berarti kita sebagai pendaki harus bertanggung jawab terhadap kebersihan ketentraman serta keasrian lingkungan camp atau lingkungan pendakian terlebih dari SAMPAH. Bawa turun kembali sampahmu ya!,“Turut prihatin atas kendala yang Bapak/Ibu pendaki alami. Untuk saat ini tidak ada informasi kendala ya. Pastikan membawa turun kembali sampahmu ya!”,False
google/gemma-3-4b-it,excitement,competence,hybrid_early,0.5,Mending yang pasti-pasti aja kaya Mega Guncang 12.12 Tokopedia Belanja Apapun Diskon s.d 120rb dan Bebas Ongkir Rp0 kak,"Hai Sobat BRI. Mending yang pasti-pasti aja, Mega Guncang 12.12 Tokopedia Belanja Apapun Diskon s.d Rp120.000 dan Bebas Ongkir Rp0 ya kak!",False
google/gemma-3-4b-it,excitement,competence,hybrid_early,0.5,Seimut ini loh kak,"Hai kak, seimut ini lho!",False
google/gemma-3-4b-it,excitement,competence,hybrid_early,0.5,Hai Kak jangan khawatir ya yuk infokan no hp dan email yg terdaftar melalui DM supaya bisa aku bantu cek ya. Tks^feb,Hai Sobat BRI mohon informasikan nomor HP dan email terdaftar melalui DM supaya bisa saya bantu cek ya. Tks~Feb,False
google/gemma-3-4b-it,sophistication,competence,hybrid_early,0.5,Hai Bestie saat ini permintaan order di Sociolla Beauty Wonderland sedang tinggi jadi estimasi tunggu lebih lama. Bisa mengambil produk pemesanan kamu besok ya. Mohon maaf atas ketidaknyamanannya.,"Hai Bestie, saat ini pesanan di Sociolla Beauty Wonderland sedang tinggi jadi estimasi tunggu lebih lama. Bisa mengambil produk pemesanan kamu besok ya. Mohon maaf atas ketidaknyamanannya.",False
google/gemma-3-4b-it,ruggedness,competence,hybrid_early,0.5,mantaapps!,Selamat sore Sobat! Silakan cek DM ya. Trims.,False
google/gemma-3-4b-it,excitement,competence,hybrid_early,0.5,HARI TERAKHIR Nikmati DISKON FLASH SALE 50% hanya di Rabu kamu gak kelabu karena segarnya menu kopi susu ^^,"Hai Sobat BRI, jangan khawatir! Nikmati DISKON FLASH SALE 50% hanya di hari Rabu kamu gak kelabu karena segarnya menu kopi susu ^^.",False
google/gemma-3-4b-it,sophistication,competence,hybrid_early,0.5,Temukan the new Vespa Primavera Sean Wotherspoon di sekarang juga.,"Halo Sobat! Jangan khawatir, Vespa Primavera Sean Wotherspoon sudah bisa kamu temukan sekarang juga. Tks~Aril",False
google/gemma-3-4b-it,excitement,competence,hybrid_early,0.5,Stay tuned Kal! Semoga segera buka di Jogja ya,"“Aman Kak, semoga segera buka di Jogja ya!”",False
google/gemma-3-4b-it,ruggedness,competence,hybrid_early,0.5,Onok maneh rek! Carane posting fotomu pas ning lan entukno Kaos Kaki Gratis!!,“Halo teman! Cara upload fotomu pas nang lan terus dapat Kaos Kaki Gratis!!”,False
google/gemma-3-4b-it,ruggedness,competence,hybrid_early,0.5,[EVENT D-2] Our last but not least promo for our event: Free seewhatsinside T-shirt for every IDR,Hai Sobat BRI mohon maaf atas ketidaknyamanannya. [EVENT D-2] Promo terakhir kami: Free seewhatsinside T-shirt untuk setiap IDR. Tks~Fadi,False
google/gemma-3-4b-it,sophistication,competence,hybrid_early,0.5,Cerahkan berbagai kegiatan ditemani Vespa idaman More info,"“Yuk, manjakan berbagai kegiatan dengan Vespa impianmu! Info lebih lanjut segera hadir.”",False
google/gemma-3-4b-it,sophistication,competence,hybrid_early,0.5,Enjoy these excellent Executive Club benefits to enhance your business travel in !,Yuk nikmatin benefit luar biasa Executive Club buat bikin perjalanan bisnis lo makin berkelas! Let’s enjoy these amazing Executive Club benefits to make your business trips even more premium!,False
google/gemma-3-4b-it,sincerity,competence,hybrid_early,0.5,Dari Ladang & Peternak ke Sajian Favoritmu Di balik kerenyahan Ayam McD di setiap segarnya sayuran yang kami sajikan ada perjalanan panjang yang dimulai jauh sebelum makanan itu sampai ke meja kamu.,"Mohon maaf atas ketidaknyamanannya. Terkait perjalanan panjang dari Ladang & Peternak hingga menjadi sajian favoritmu, kami sudah mengirimkan pesan melalui DM. Mohon kesediaan melakukan pengecekan.",False
google/gemma-3-4b-it,sophistication,competence,hybrid_early,0.5,This graceful sleeveless number is abundantly embroidered in our signature Penara patterns in the similar affluent aubergine colorway,"Hai Sobat BRI, kami mohon maaf atas ketidaknyamanan yang terjadi. Terkait produk yang kamu sebutkan, mohon konsultasikan lebih lanjut dengan tim CS kami ya untuk dibantu pengecekannya.",False
google/gemma-3-4b-it,sophistication,competence,hybrid_early,0.5,Hai Bestie sudah kami reply ya DM kamu,Hai Bestie. Pesan yang dikirimkan melalui DM sudah kami respons. Silakan lakukan pengecekan ya. Tks~Arthur,False
google/gemma-3-4b-it,ruggedness,competence,hybrid_early,0.5,Semoga segera punya kak! Mimin doakan,"Hai! Semoga segera punya ya, Kak. Mimin doakan yang terbaik!",False
google/gemma-3-4b-it,sophistication,competence,hybrid_early,0.5,Front row beauty Jessie Setiono wore Saptodjojokartiko Couture 2014 gown to the Capsule Collection show last Saturday,Hai Sobat BRI. Mohon kesediaan melakukan pengecekan ya. Informasi mengenai penampilan Jessie Setiono yang mengenakan gaun Saptodjojokartiko Couture 2014 pada acara Capsule Collection last Saturday. Tks~Heru (3),False
google/gemma-3-4b-it,excitement,competence,hybrid_early,0.5,Hai Kak jangan khawatir ya yuk infokan no hp dan email yg terdaftar melalui DM supaya bisa aku bantu cek ya. Tks^feb,Hai Sobat BRI mohon infokan no HP dan email terdaftar melalui DM ya supaya bisa aku bantu cek. Tks~Feb,False
google/gemma-3-4b-it,sophistication,competence,hybrid_early,0.5,We ve been setting the fun in motion since 1946 and continue to do so with a dazzling new special edition,"Hai Sobat BRI, sejak tahun 1946 kami terus menghadirkan keseruan dan kini kami meluncurkan edisi spesial yang memukau!",False
google/gemma-3-4b-it,sincerity,competence,hybrid_early,0.5,aaa ini emang cakep banget buat daily!,"""Wah, gemes banget sih, buat sehari-hari gemoyy!""",False
google/gemma-3-4b-it,sincerity,competence,hybrid_early,0.5,Duh nyeseknya sampe sini nih bestie,Waaah nyeseknya sampe sini nih bestie!,False
google/gemma-3-4b-it,sophistication,competence,hybrid_early,0.5,Siap! akan dibalas secepatnya yaa!,Siap Kak! Akan segera di balas ya. Trims.,False
google/gemma-3-4b-it,excitement,competence,hybrid_early,0.5,Hai Kak maaf ya jadi buat kamu ga nyaman. Agar kendala kamu dapat segera kami tindaklanjuti kami mohon kesediaan kamu untuk menginformasikan nomor HP dan email yang terdaftar melalui DM ya. Terima kasih^shl,Hai Sobat BRI mohon maaf atas ketidaknyamanannya. Terkait kendala yang dialami kami sudah kirimkan pesan melalui DM. Silakan melakukan pengecekan ya. Dapatkan informasi terbaru seputar layanan dan promo BRI di Sabrina WhatsApp 0812 1214 017. Tks~Adam,False
google/gemma-3-4b-it,sophistication,competence,hybrid_early,0.5,Add a casually effortless twist on your pixelated Ikat long-sleeved shirt with Penara bucket bag and woven slip-on,Hai Sobat! Tambahkan kesan santai pada kemeja Ikat lengan panjang pixelated kamu dengan tas Penara dan sepatu slip-on anyaman.,False
google/gemma-3-4b-it,excitement,competence,hybrid_early,0.5,Terima kasihhh,Baik ya Kak. Terima kasih.,True
google/gemma-3-4b-it,sincerity,competence,hybrid_early,0.5,Akses bersih dan fasilitas sanitasi - untuk kehidupan masyarakat yang lebih sehat.,"Yuk, mari bersama-sama wujudkan lingkungan yang sehat dan sanitasi bersih demi kehidupan masyarakat yang lebih baik!",False
google/gemma-3-4b-it,sincerity,competence,hybrid_early,0.5,Waktu terus berjalan tapi kenangannya masih teringat. Satu rasa yang berkesan bisa membawa kita kembali ke momen paling berharga. Lepaskan kangenmu bersama orang tersayang dengan McSpaghetti hanya di Mekdi.,"“Meski waktu berputar, jejak indah tetap terukir. Sebuah rindu, sebuah kenangan, bisa membawa kita pada momen terhebat.  Biarkan rindu itu meluap bersama orang-orang tercinta dengan McSpaghetti, hanya di Mekdi.”",False
google/gemma-3-4b-it,excitement,competence,hybrid_early,0.5,Keluarnya antri kali kak semangat yaaa,"“Semangat Kak, antriannya keluar yaaa.”",False
google/gemma-3-4b-it,sophistication,competence,hybrid_early,0.5,RT : Wah senangnya yah berlibur : Tabanan broo ...,Selamat pagi Kak. DM sudah Railmin respon ya. Silakan cek kembali. Railmin imbau untuk selalu hati-hati ya terhadap akun penipuan yang mengatasnamakan KAI. Saat ini seluruh akun media sosial KAI121 sudah terverifikasi. Mohon abaikan jika ada balasan dari akun yang...,False
google/gemma-3-4b-it,ruggedness,competence,hybrid_early,0.5,Alam bebas atau perkotaan selalu saja punya ceritanya sendiri keduanya ada untuk saling melengkapi cerita.,"Hai Sobat BRI. Dengan senang hati kami informasikan. Alam bebas maupun perkotaan, keduanya memiliki kisah-kisah yang berbeda, dan saling melengkapi satu sama lain.",False
google/gemma-3-4b-it,sophistication,competence,hybrid_early,0.5,Enjoy selections of finest wine & cheese at . Ask our award-wining Master Sommelier for the best pairing!,Hai Sahabat BRI. Mohon maaf atas kendala yang dialami. Terkait hal yang disampaikan kami sudah kirimkan pesan melalui DM. Silakan melakukan pengecekan ya. Tks~Arin,False
google/gemma-3-4b-it,excitement,competence,hybrid_early,0.5,miss you too,"""Miss you tooo juga yaaa! Kangen kamu juga! 🥰""",False
google/gemma-3-4b-it,excitement,competence,hybrid_early,0.5,Mungkin karena kita jodoh,"""Siapa tahu, memang sudah ditakdirkan.""",False
google/gemma-3-4b-it,excitement,competence,hybrid_early,0.5,Prosedur selalu dilaksanakan oleh setiap Barista,"Hai Sobat BRI, kami sampaikan bahwa prosedur selalu dilaksanakan oleh setiap Barista.",False
google/gemma-3-4b-it,sophistication,competence,hybrid_early,0.5,Hii Bestie untuk kendalanya silahkan konfirmasi detail akun SOCO kamu via DM agar dapat dibantu pengecekan ya,Hai Bestie mohon maaf atas kendala yang dialami. Guna tindak lanjut pesan sudah kami respons melalui DM. Silakan lakukan pengecekan ya. Dapatkan informasi terbaru seputar layanan dan promo BRI di Sabrina WhatsApp 0812 1214 017. Tks~Caca,False
google/gemma-3-4b-it,excitement,competence,hybrid_early,0.5,Ga akan bisa kak,"“Bisa nggak ya, Kak?”",False
google/gemma-3-4b-it,ruggedness,competence,hybrid_early,0.5,Hanya 3 hari lagi nih diskonnya berlaku Eigerian! Yuk kunjungi EIGER store sekarang dan dapetin banyak diskonnya!,"Hai Eigerian! Jangan sampai ketinggalan ya, diskon spesialmu akan segera berakhir. Kunjungi EIGER store sekarang juga dan manfaatkan penawaran menarik ini!",True
google/gemma-3-4b-it,sophistication,competence,hybrid_early,0.5,This one is hard to resist. Grab our Thai Beef Ciabatta at Dolcetto,"Hai Sobat BRI, menarik sekali penawaran ini! Jangan lewatkan Thai Beef Ciabatta kami di Dolcetto. Tks~Caca",True
google/gemma-3-4b-it,sophistication,competence,hybrid_early,0.5,Plans for tonight? Head over to and enjoy a special price on our Ketel One !,Hai Sobat! Ada rencana malam ini? Jangan lewatkan penawaran spesial untuk Ketel One di sini!,False
google/gemma-3-4b-it,ruggedness,competence,hybrid_early,0.5,Wahh selamattt!,Wahh selamattt!,False
google/gemma-3-4b-it,sophistication,competence,hybrid_early,0.5,Christmas Eve Dinner will feature a set menu at Alto Restaurant & Bar. IDR 1 300 000++ per person. Info +622122771888 pic:,“Mohon kesediaannya untuk menghubungi kami jika ada pertanyaan. Silakan melakukan pengecekan. Info detail mengenai menu dan harga Christmas Eve Dinner di Alto Restaurant & Bar IDR 1 300 000++ per person. Hubungi +622122771888. Tks~Beni”,False
google/gemma-3-4b-it,excitement,competence,hybrid_early,0.5,Tenang aja selama ada Tokopedia Kasih Tenang produk yang kalian beli pasti sesuai sama deskripsi kak,"Hai Kak, Tenang aja selama ada Tokopedia. Kasih Tenang, produk yang kalian beli pasti sesuai sama deskripsi ya, Kak!",False
google/gemma-3-4b-it,ruggedness,competence,hybrid_early,0.5,Credits by : bentara.id Consina - The Outdoor Lifestyle,"Hai Sobat BRI, dengan senang hati kami informasikan. Pemasangan oleh bentara.id Consina - The Outdoor Lifestyle telah difasilitasi ya. Silakan melakukan pengecekan.",False
google/gemma-3-4b-it,sophistication,competence,hybrid_early,0.5,Vespa S 150ie 3V celebrates the individualism of a Vespa that made it legendary in the 1970s,"Hai Sobat Vespa, kami turut prihatin atas pengalaman yang Anda alami. Guna tindak lanjut, silakan sampaikan jenis transaksi yang sedang dilakukan. Dapatkan informasi terbaru seputar layanan dan promo BRI di Sabrina WhatsApp 0812 1214 017. Tks~Winni",False
google/gemma-3-4b-it,sincerity,competence,hybrid_early,0.5,Bestie this is your skin-prep essentials! Here s what you need to know about bright stuff micellar water face wash & face toner! Siapa yang udah pake bright stuff sebagai daily skin prep?,"Hai Bestie! Ini dia essentials skincare-mu nih! Yuk, kenalan sama Bright Stuff micellar water dan face wash, face toner! Siapa yang udah coba Bright Stuff buat daily skin prep?",False
google/gemma-3-4b-it,excitement,competence,hybrid_early,0.5,Hi kak. Terima kasih atas antusiasme dan masukannya. Masukan dari kakak kami catat terlebih dahulu dan tunggu kehadiran kami di dekat kakak ya.,"Hai kak, terima kasih atas masukannya. Kami sudah mencatat masukan dari kakak dan akan segera menghubungi kakak ya.",True
google/gemma-3-4b-it,excitement,competence,hybrid_early,0.5,Coba kita tanya beliau,Coba kita konfirmasi ke beliau ya Ibu. Tks ^Clara,False
google/gemma-3-4b-it,sincerity,competence,hybrid_early,0.5,Promo berlaku untuk pemesanan datang langsung ke gerai ya :),Hai Sobat! Promo berlaku untuk pemesanan langsung ke gerai ya. :),False
google/gemma-3-4b-it,excitement,competence,hybrid_early,0.5,Semangat kakkk,Hai kak semangat!,False
google/gemma-3-4b-it,sophistication,competence,hybrid_early,0.5,Hii kak Lintang akan kami bantu followup kembali yaa terkait dengan kendala pengiriman pesanan kamu. Mohon maaf atas ketidaknyamanannya. Untuk update info selanjutnya akan kami balas via email yaa kak,"Hai kak Lintang, mohon maaf atas ketidaknyamanannya. Guna tindak lanjut kami sudah balas via email ya kak. Tks~Arin",False
google/gemma-3-4b-it,sophistication,competence,hybrid_early,0.5,[ds],"Siap Kak, sudah dibalas DM nya ya. Trims.",True
google/gemma-3-4b-it,excitement,competence,hybrid_early,0.5,Untuk sementara waktu menghimbau untuk merayakan ya dan untuk menemani ada menu baru yang akan hadir untuk ! Stay tuned di ya,"Hai Sobat BRI, mohon maaf atas ketidaknyamanan yang mungkin terjadi. Kami informasikan akan segera hadir menu baru yang menarik! Nantikan kejutan menarik lainnya ya. Tks~Fadi",False
google/gemma-3-4b-it,ruggedness,competence,hybrid_early,0.5,Photo by : rivaldymk Consina Backpack Lotus 28 L IDR : 325.000 Dapatkan segera di,Mohon kesediaan melakukan pengecekan ya. Photo by : rivaldymk Consina Backpack Lotus 28 L IDR : 325.000 Dapatkan segera di,False
google/gemma-3-4b-it,sophistication,competence,hybrid_early,0.5,Sapto Djojokartiko Couture FW13/14 baby blue pleated dress w/ crystals was featured in Investasi Glamour in,"Guna informasi mengenai produk terbaru, Sapto Djojokartiko Couture FW13/14 baby blue pleated dress w/ crystals telah ditampilkan di Investasi Glamour ya. Tks~Yoda",False
google/gemma-3-4b-it,excitement,competence,hybrid_early,0.5,[PENGUMUMAN ] SELAMAT KEPADA PEMENANG QUIZ GoRide Comfort Yuk kirimkan data diri kamu lewat DM gaes~ Mimintunggu ya!,"Hai Sobat BRI, mohon maaf atas ketidaknyamanannya. Guna tindak lanjut informasi mengenai pemenang QUIZ GoRide Comfort, silakan kirimkan data diri kamu lewat DM ya~ Jangan tunggu lagi!~Fafa",False
google/gemma-3-4b-it,ruggedness,competence,hybrid_early,0.5,Photo by : enson_samosir Thanks for support Consina! THE OUTDOOR LIFESTYLE INSPIRED BY,"""Foto oleh : enson_samosir Terima kasih atas dukungan Consina! HIDUP LUAR RUANGAN TERINSPIRASI""",False
google/gemma-3-4b-it,sincerity,competence,hybrid_early,0.5,Cus checkout sekarang karena lagi diskon banget bestie!,Jangan lupa daftar dulu biar gak ketinggalan promo spesialnya~ Siap-siap terpesona di nanti!,True
google/gemma-3-4b-it,sincerity,competence,hybrid_early,0.5,hari minggu makan gelato enak nihhh apalagi kalo bisa dapet face wash wardah!,"Hai Sobat BRI, jangan khawatir! Kalau bisa dapat face wash Wardah lagi enak nihhh, apalagi pas hari Minggu. Tks~Sukma",False
google/gemma-3-4b-it,sophistication,competence,hybrid_early,0.5,Bandung 1957. Sejak dulu kala kebersamaan sudah menjadi budaya dalam jiwa pengendara Vespa.,"Hai Sobat, kabar kurang menyenangkan ya. Sejak dulu, kebersamaan selalu menjadi bagian penting bagi para pengendara Vespa di Bandung. Kami akan memantau hal ini demi kenyamanan Anda. Terkait informasi yang disampaikan, kami sudah mengirimkan pesan melalui DM. Silakan lakukan pengecekan ya.",False
google/gemma-3-4b-it,excitement,competence,hybrid_early,0.5,Yang lain ku belom dapet fotonya. Ini yang dikasih juga belom yang hires banget,"""Yang lain belom dapet fotonya. Ini yang dikasih juga belum yang tinggi resolusinya nih.""",False
google/gemma-3-4b-it,sophistication,competence,hybrid_early,0.5,Come and join us for a laid back Saturday afternoon at Pool now.Experience an extravagant pop up cocktail bar. From 4:30 pm to 8:00 pm.,Hai Sobat! Kami sudah bantu respons DM. Silakan melakukan pengecekan ya. Datang dan bergabunglah bersama kami untuk sore hari Sabtu yang santai di Pool. Rasakan bar koktail pop-up yang mewah. Dari pukul 4:30 hingga 8:00 malam. Tks~Heru (2),False
google/gemma-3-4b-it,ruggedness,competence,hybrid_early,0.5,Wihh mantapp nih,"Siap, sudah dibalas DM nya ya. Trims.",False
google/gemma-3-4b-it,excitement,competence,hybrid_early,0.5,Emang yang paling benar cuma Mega Guncang 12.12 Tokopedia karena DIJAMIN DAPET SEMUA promonya!,Hai Sobat BRI. Benar ya. Kami informasikan promo Mega Guncang 12.12 Tokopedia karena DIJAMIN DAPET SEMUA promonya!,False
google/gemma-3-4b-it,sophistication,competence,hybrid_early,0.5,Put your busy lives on hold and start planning a romantic date night this 's Day with your loved one:,"Hai Sahabat! Jangan tunda lagi, rencanakan malam romantis spesial untuk pasanganmu di 'Hari Ini' ini!",False
google/gemma-3-4b-it,excitement,competence,hybrid_early,0.5,Wkwkwkwkkw,"Waduh, maaf ya Kak! Untuk penggantiannya memang harus inden dulu, dan unitnya akan ditinggal sebagai bagian dari pengecekan teknis.",False
google/gemma-3-4b-it,excitement,competence,hybrid_early,0.5,Hai Kak jangan khawatir ya Kak. Aku bakal bantuin Kamu. Coba dibantu lampirkan nomor telepon dan emailnya melalui DM ya Kak. Terima kasih ^ ibl,Hai Sobat BRI jangan khawatir ya. Silakan lampirkan nomor telepon dan emailnya melalui DM ya Kak. Terima kasih ^ ibl,False
google/gemma-3-4b-it,sincerity,competence,hybrid_early,0.5,Mohon maaf atas ketidaknyamanannya Boleh kamu informasikan kronologi kendala yang kamu alami melalui DM agar kami dapat menindaklanjuti kendala yang kamu alami. Terima kasih,"Hai Sobat BRI, mohon maaf atas ketidaknyamanan yang dialami. Silakan informasikan kronologi kendala yang kamu alami melalui DM agar kami dapat menindaklanjuti. Terima kasih~Naya",False
google/gemma-3-4b-it,sophistication,competence,hybrid_early,0.5,The new fluted motif on the Oyster Perpetual 36 dial showcases the pattern found on a range of Rolex bezels that has become one of the brand s signature aesthetic styles. Discover more,"Hai Sobat BRI, pesan DM sudah kami respons silakan melakukan pengecekan. Dapatkan informasi terbaru seputar layanan dan promo BRI di Sabrina WhatsApp 0812 1214 017. Tks~Thomas",False
google/gemma-3-4b-it,excitement,competence,hybrid_early,0.5,Yeay ditunggu ya beb,Done ya beb. Silakan cek lagi pesan pada DM ya.,True
google/gemma-3-4b-it,sincerity,competence,hybrid_early,0.5,Berikan kejutan manis untuk yang tersayang dengan Sweet Surprise Gift yang gemes dan praktis! Cuma Rp40 Ribuan saja udah dapat HK Plush Bag Tag dan 1pc Apple Pie dalam kemasan yang menggemaskan tersedia mulai 13 Februari persediaan terbatas ya McD ers. Ciptakan momen,"Hai Sobat BRI, sudah kami balas DM ya. Dapatkan informasi terbaru seputar layanan dan promo BRI di Sabrina WhatsApp 0812 1214 017. Tks~Heru (2)",False
google/gemma-3-4b-it,excitement,competence,hybrid_early,0.5,Hari Rabu impianku ingin bertemu dengan orangtua mu. Berharap mendapat restu. Supaya bisa menjadi orangtua mu dan aku bisa bersatu denganmu,"Hai Sobat BRI, mohon maaf atas kendala yang ingin Anda sampaikan. Guna pengecekan, mohon kesediaan mengirimkan detail mengenai harapan Anda melalui DM. Dapatkan informasi terbaru seputar layanan dan promo BRI di Sabrina WhatsApp 0812 1214 017. Tks~Nadim",False
google/gemma-3-4b-it,sophistication,competence,hybrid_early,0.5,MOTHER OF PEARL : Cover-Age High Coverage Creamy Concealer Tekstur yang creamy namun powdery concealer bisa digunakan pada area wajah dan mata. Wajib punya karena waterproof dan punya coverage-nya tinggi Bestie!,"Hai Bestie! MOTHER OF PEARL ini cover-age high coverage creamy concealer, teksturnya creamy tapi powdery, bisa buat area wajah dan mata lho. Wajib punya banget karena waterproof dan coverage-nya tinggi!",False
google/gemma-3-4b-it,excitement,competence,hybrid_early,0.5,Selamat Hari Raya Waisak untuk kalian semua yang merayakannya Semoga damai selalu menyertai kita semua,Hai Sobat! Selamat Hari Raya Waisak ya buat yang merayakan. Semoga kedamaian selalu menyertai kita semua.,True
google/gemma-3-4b-it,ruggedness,competence,hybrid_early,0.5,Bisa bro check caranya :,Boleh dicek lagi ya Kak. Trims.,False
google/gemma-3-4b-it,ruggedness,competence,hybrid_early,0.5,Wanita Karir atau wanita Keril? You can do both Photo: Hayati Saputri,Guna informasi yang sesuai kapan Sobat BRI melakukan konfirmasi mengenai Wanita Karir atau wanita Keril? Dapatkan informasi terbaru seputar layanan dan promo BRI di Sabrina WhatsApp 0812 1214 017. Tks~Fadi,False
google/gemma-3-4b-it,excitement,competence,hybrid_early,0.5,Liat TikTok dari kak Anggi jadi keinget kriteria kakak idaman semua orang nih! Kak Anggi ngerti banget sama apa yang disukain sama adiknya. Penasaran apa yang dilakukan kak Anggi sama nya? Yuk nonton videonya sampai habis,"Hai kak! Minat banget sama video dari kak Anggi, ya? Kayak kita, kak Anggi juga paham banget sama apa yang disukai adik-adik semua. Penasaran apa yang dilakukan kak Anggi? Yuk, tonton videonya sampai selesai!",False
google/gemma-3-4b-it,excitement,competence,hybrid_early,0.5,Cobain KENANGAN FRAPPE di 1000 outlet Kopi Kenangan dan bikin kombinasi favoritmu Beb! Mulai dari 25RB aja kamu bisa rasakan keunikan ice blended yang ditambahkan whipped cream vanilla/coklat di atasnya!,"Hai Sobat BRI! Jangan ketinggalan cobain KENANGAN FRAPPE di 1000 outlet Kopi Kenangan ya! Bikin kombinasi favorit kamu, mulai dari 25RB aja kamu udah bisa nikmatin ice blended yang creamy dengan whipped cream vanilla/coklat! Tks~Becca",False
google/gemma-3-4b-it,sincerity,competence,hybrid_early,0.5,Habis coblos pas Pemilu jangan lupa mampir ke Mekdi! Yuk tunjukkan bukti jari kelingkingmu dan dapatkan promo khusus Pemilu di tanggal 14 Februari. Hanya Rp14 Ribuan aja kamu sudah dapat 1 Ayam McD + 1 Blueberry Cheesecake Pie nih,"Hai Sobat BRI tidak perlu khawatir. Setelah mencoblos di Pemilu, yuk kunjungi Mekdi! Tunjukkan bukti jari kelingkingmu dan dapatkan promo khusus Pemilu pada tanggal 14 Februari. Hanya Rp14 Ribuan saja kamu sudah dapat 1 Ayam McD + 1 Blueberry Cheesecake Pie nih. Tks~Risa",False
google/gemma-3-4b-it,sophistication,competence,hybrid_early,0.5,A mix of fashion colors and urban culture,"“Dengan perpaduan warna-warna trendi dan semangat budaya perkotaan, nikmati pengalaman yang tak terlupakan!”",False
google/gemma-3-4b-it,sophistication,competence,hybrid_early,0.5,Retweet dongg! Sociolla beneran mau bagi-bagi shopping voucher lho Cek pinned tweet Sociolla deh,"Hai Sobat Sociolla! Jangan ketinggalan, Sociolla mau bagi-bagi shopping voucher lho! Cek tweet utama ya! Tks~[Nama Pengirim]",False
google/gemma-3-4b-it,excitement,competence,hybrid_early,0.5,Hai Kak jangan khawatir ya Kak. Aku bakal bantuin Kamu. Coba dibantu lampirkan nomor telepon dan emailnya melalui DM ya Kak. Terima kasih ^ ibl,Hai Sobat BRI jangan khawatir ya. Silakan lakukan pengecekan melalui DM ya Kak. Terima kasih ^ ibl,False
google/gemma-3-4b-it,excitement,competence,hybrid_early,0.5,Hai Kak maaf banget ya tapi jangan khawatir ya. Yuk sini aku bantu cek lebih lanjut dengan infoin ke aku nomor telepon email yang terdaftar dan screenshot syarat ketentuan promo melalui DM ya. Terima kasih -NSA,Hai Sobat BRI tidak perlu khawatir. Yuk sini aku bantu cek lebih lanjut dengan infoin ke aku nomor telepon email yang terdaftar dan screenshot syarat ketentuan promo melalui DM ya. Tks~NSA,False
google/gemma-3-4b-it,excitement,competence,hybrid_early,0.5,Hai Para Mantan kalau menjelang sore gini kalian ngapain sih? Coba share dong,"Hai Sobat BRI, mohon maaf atas ketidaknyamanan yang dialami. Coba share dong apa yang sedang kalian lakukan menjelang sore ini?",False
google/gemma-3-4b-it,sophistication,competence,hybrid_early,0.5,Put your dancing shoes on and get ready to salsa tonight with live performance from Latin band Los Morenitos! Starts at 8!,"Hai Sobat BRI, ada penawaran menarik malam ini! Nikmati penampilan live dari band Latin Los Morenitos dan bersiaplah untuk berdansa! Dimulai pukul 8! Tks~Caca",False
google/gemma-3-4b-it,excitement,competence,hybrid_early,0.5,Stay tune terus yaa kak pakai voucher lain juga gass kan,"Hai Sobat BRI, jangan khawatir. Teruslah stay tune ya dengan voucher lain, gass kan! Tks~Aril",False
google/gemma-3-4b-it,sophistication,competence,hybrid_early,0.5,Your go-to for every occasion. *Unit accessories and merchandise are subject to availability.,Halo Sobat. Aksesori dan merchandise pilihanmu mungkin ada batas ketersediaannya.,False
google/gemma-3-4b-it,sophistication,competence,hybrid_early,0.5,RT : Registration for Jakarta RACE 2012 is still open! at Lobby from 09:00 AM - 09:00 PM!,Selamat siang Kak. Pendaftaran Jakarta RACE 2012 masih terbuka pada Lobby dari pukul 09.00 hingga 21.00 ya. Railmin imbau untuk selalu hati-hati ya terhadap akun penipuan yang mengatasnamakan event RACE. Silakan dapat melakukan pengecekan informasi selengkapnya melalui media sosial resmi RACE2012.,False
google/gemma-3-4b-it,ruggedness,competence,hybrid_early,0.5,untuk Mandalika Vintage Wood yang tersedia di tinggal size 43 Bro :),"Hai Sobat BRI. Mengenai Mandalika Vintage Wood size 43 tersedia, mohon konfirmasi ya Bro! Tks~Dino",False
google/gemma-3-4b-it,sophistication,competence,hybrid_early,0.5,Let our experienced Catering Sales team help you to plan your memorable gatherings during the Ramadhan period,"Hai Sobat BRI, mohon maaf atas ketidaknyamanan yang mungkin timbul. Terkait informasi yang ingin disampaikan, kami sudah merespons melalui DM ya. Dapatkan informasi terbaru seputar layanan dan promo BRI di Sabrina WhatsApp 0812 1214 017. Tks~Fadi",False
google/gemma-3-4b-it,sophistication,competence,hybrid_early,0.5,Aprillia Hermansyah,"Hai Aprillia Hermansyah, mohon maaf atas ketidaknyamanan yang Anda alami. Kami informasikan bahwa pengajuan pinjaman KUR hanya bisa dilakukan menggunakan dokumen dan agunan sesuai calon debitur serta akan dilakukan survey di lokasi usaha yang diajukan. Guna tindak lanjut sudah kami kirimkan pesan. Tks~Adel",False
google/gemma-3-4b-it,sophistication,competence,hybrid_early,0.5,Rossa seen in SAPTO DJOJOKARTIKO Spring Summer 2025 Capri geometric hand-stitch organza dress styled by Yoland Handoko,"“Rossa tampil dalam SAPTO DJOJOKARTIKO Spring Summer 2025, gaun organza geometris dengan jahitan tangan yang stylish, didesain oleh Yoland Handoko.”",False
google/gemma-3-4b-it,sophistication,competence,hybrid_early,0.5,Cara bikin Bestie auto happy Tinggal kirimin Sociolla E-Gift Card aja~ Udahhh Apalagi sekarang Sociolla E-Gift Card bisa kamu customize pakai foto yang kamu mauu Makin gemesss kann? Cek cara belinya yuk,Hai Sobat BRI pesan sudah kami respons melalui DM. Silakan melakukan pengecekan ya. Dapatkan informasi terbaru seputar layanan dan promo BRI di Sociolla E-Gift Card. Tks~Belin,True
google/gemma-3-4b-it,sophistication,competence,hybrid_early,0.5,Who's hungry and ready for lunch? Check out our all you can eat selections at !,"""Awww, siapa yang laper dan siap makan siang? Yuk lihat pilihan all you can eat-nya di sini ya! Seneng banget bisa bantu!""",False
google/gemma-3-4b-it,excitement,competence,hybrid_early,0.5,Thank you . See you again,"""Makasih banyak yaa! Sampai jumpa lagi, Kak! Jangan sungkan DM kalau ada apa-apa, yaa 😊""",False
google/gemma-3-4b-it,sincerity,competence,hybrid_early,0.5,Visi kami untuk 2030: Membantu 50 juta anak hidup lebih sehat dan mendorong tercapainya :,"Mari bersama-sama wujudkan masa depan Indonesia yang lebih sehat, di mana 50 juta anak dapat tumbuh dan berkembang dengan optimal!",False
google/gemma-3-4b-it,sincerity,competence,hybrid_early,0.5,Sudah punya Kalender McD 2022 kan McD'ers? Ayo segera warnai Kalender McD Bulan Januari kamu lalu post di akun media sosialmu untuk menangkan hadiah menariknya! Untuk 10 pemenang yang terpilih akan mendapatkan hadiah McD Gift Card masing-masing senilai Rp100 ribu loh.,Hai McD'ers! Sudah punya Kalender McD 2022? Ayo segera warnai Kalender McD Bulan Januari kamu lalu post di akun media sosialmu untuk menangkan hadiah menariknya! Untuk 10 pemenang yang terpilih akan mendapatkan hadiah McD Gift Card masing-masing senilai Rp100 ribu loh. Tks~Fadi,False
google/gemma-3-4b-it,sincerity,competence,hybrid_early,0.5,Siapa yang lagi keracunan lippies Wardah juga? Pas banget karena lagi ada DISKON HINGGA 30% untuk berbagai lip product Wardah di Wardah Official Store di E-commerce kesayanganmu lho! Yuk dapatkan lippies idaman kamu sekarang,“Hai Kak! Jangan ketinggalan promo gila-gilaan buat lippen Wardah di Shopee dan Tokopedia! Diskon sampai 30% nih buat kamu yang lagi pengen update koleksi bibir. Buruan dapat lippen impianmu sekarang!”,False
google/gemma-3-4b-it,sincerity,competence,hybrid_early,0.5,McDonald s Indonesia dengan semangat selalu berkomitmen untuk berbagi kepada mereka yang membutuhkan. Baru-baru ini McDonald s Indonesia telah memberikan lebih dari 2.500 paket makanan kepada anak-anak di 30 panti asuhan yang tersebar di seluruh wilayah Indonesia.,“Hai Sobat McDonald’s Indonesia! Mohon maaf atas ketidaknyamanannya. Baru-baru ini McDonald’s Indonesia telah memberikan lebih dari 2.500 paket makanan kepada anak-anak di 30 panti asuhan yang tersebar di seluruh Indonesia. Hal tersebut akan menjadi perhatian bagi kami untuk ke depannya dalam meningkatkan kualitas layanan nasabah. Terkait informasi yang disampaikan kami sudah mengirimkan pesan melalui DM. Mohon kesediaan melakukan”,False
google/gemma-3-4b-it,sincerity,competence,hybrid_early,0.5,Terima kasih atas apresiasi yang Anda berikan kepada McDonald's Indonesia. Saran dari kamu mimin sampaikan ke tim ya,Hai Sobat BRI. Terima kasih atas apresiasi yang diberikan kepada McDonald's Indonesia. Saran dari Anda akan kami sampaikan ke tim ya.,False
google/gemma-3-4b-it,sincerity,competence,hybrid_early,0.5,Mohon maaf atas ketidaknyamanannya Boleh kamu informasikan kronologi kendala yang kamu alami melalui DM agar kami dapat menindaklanjuti kendala yang kamu alami. Terima kasih,"Hai Sobat BRI, mohon maaf atas ketidaknyamanannya. Agar kami dapat menindaklanjuti kendala yang kamu alami, mohon sampaikan kronologi kendala melalui DM ya. Terima kasih~Naya",False
google/gemma-3-4b-it,sophistication,competence,hybrid_early,0.5,Love it! RT : It's yummy have u tried this sweets? Only in The Deli :),"Hai Sobat BRI. Cocok banget! RT : Ini enaknya, udah coba manis-manis ini? Cuma di The Deli aja~ Tks~Arin",False
google/gemma-3-4b-it,ruggedness,competence,hybrid_early,0.5,Kita tidak akan pernah mampu menaklukan gunung karena bukan gununglah yang kita taklukan melainkan diri kita sendiri. - Edmund Hillary Selamat Hari Senin Consiners Semoga kebahagiaan selalu bersamamu~!,"Hai Sobat Consiners. Semoga hari Senin ini membawa semangat baru dan keberuntungan untukmu! Ingat, janganlah terpaku pada tujuan, tapi fokuslah pada dirimu sendiri. Selamat menjalani hari!",False
google/gemma-3-4b-it,sincerity,competence,hybrid_early,0.5,Share yuk di profil Anda foto dan cerita saat berolahraga bersama anak. Cerita yang menarik akan mendapatkan satu set mug dan tumbler menarik dari Nestl. Kami tunggu sampai 30 September 2019 ya! Cek info selengkapnya di,Hai Sobat Nestl! Share yuk foto dan cerita seru saat berolahraga bersama anak di profilmu. Cerita yang paling menarik akan dapatkan satu set mug dan tumbler keren dari kami! Kami tunggu sampai 30 September ya. Dapatkan info selengkapnya di… Tks~Dino,False
google/gemma-3-4b-it,excitement,competence,hybrid_early,0.5,Hmm... lebih baik uangnya memang disimpen ya tapi bisa kali liburan sejenak biar fresh dikit,"Hai Sobat BRI. Mohon maaf atas ketidaknyamanannya terkait saldo rekening yang berkurang. Sebaiknya simpan uangnya saja, tapi bisa sekali liburan sejenak biar segar dikit.",False
google/gemma-3-4b-it,sophistication,competence,hybrid_early,0.5,Specially crafted to bring back the memories of your family Ramadan tradition our team has put together special delicacies including Stuffed Dates Lapis and Eid Homemade Festive such as Kastangel Nastar Chocolate Cookies and Putri Salju. For more information +62 2122 771888,"Hai Sobat BRI, mohon maaf atas ketidaknyamanan yang dialami. Tim kami telah menyiapkan hidangan spesial untuk menghadirkan kembali tradisi keluarga Ramadhan, termasuk Kurma Isi, Lapis, dan Eid Homemade Festive seperti Kastangel, Nastar, Chocolate Cookies, dan Putri Salju. Untuk informasi lebih lanjut +62 2122 771888. Tks~Fadi",False
google/gemma-3-4b-it,ruggedness,competence,hybrid_early,0.5,Semoga giveaway kali ini beruntung,"“Wah, semoga beruntung ya buat giveawaynya!”",False
google/gemma-3-4b-it,sincerity,competence,hybrid_early,0.5,Nah nggak sabar buat sheet mask-an? Yuk cobain dengan 6 variant Superserum Mask sesuai kebutuhan kulimu! Perfect Bright: Melembabkan Acnederm: Kulit Berjerawat Nature Daily: Moisturizing Lightening: Mencerahkan Crystal Secret: Skin Barrier C-Defense: Antioksidant,"Hai Sobat! Jangan khawatir. Yuk cobain 6 varian Superserum Mask sesuai kebutuhan kulitmu! Perfect Bright: Melembabkan, Acnederm: Kulit Berjerawat, Nature Daily: Moisturizing, Lightening: Mencerahkan, Crystal Secret: Skin Barrier, C-Defense: Antioksidant. Tks~Thomas",False
google/gemma-3-4b-it,sophistication,competence,hybrid_early,0.5,Beautiful!,"""Sangat memuaskan, Kak!""",False
google/gemma-3-4b-it,sincerity,competence,hybrid_early,0.5,Pemahaman lebih dalam tentang cara membaca tanggal yang tercantum pada kemasan makanan agar tetap aman untuk dikonsumsi.,Selamat pagi Kak. Agar dapat Railmin bantu proses pengecekan silakan diinformasikan detail mengenai tanggal yang tertera pada kemasan makanan tersebut. Railmin imbau untuk selalu waspada terhadap potensi penipuan yang mengatasnamakan layanan kami. Pastikan selalu periksa tanggal kedaluwarsa sebelum mengonsumsi makanan ya.,False
google/gemma-3-4b-it,sophistication,competence,hybrid_early,0.5,Head over to and enjoy complimentary Guinness Beer on your first purchase!,"Hai Sobat BRI, nikmati Guinness Beer gratis di pembelian pertama Anda!",False
google/gemma-3-4b-it,sophistication,competence,hybrid_early,0.5,Next season s earthenware-coloured looks suggests a certain groundedness. The recently released Spring/Summer 2021 collection takes the elaborate embroideries into new terrain discover them from up close for a limited time for private viewing at SAPTO DJOJOKARTIKO Plaza Senayan,"Hai Sobat. Kami informasikan, koleksi selanjutnya dengan tampilan tanah liat berwarna akan memberikan kesan yang cukup kokoh. Koleksi Spring/Summer 2021 yang baru dirilis membawa bordir-bordir yang rumit ke ranah yang baru. Segera temukan detailnya untuk penawaran pemirsaan pribadi terbatas di SAPTO DJOJOKARTIKO Plaza Senayan.",True
google/gemma-3-4b-it,ruggedness,competence,hybrid_early,0.5,Dibuat dari material halus dan lembut dengan desain yang stylish Kemeja Koko ini bisa banget jadi outfit lebaranmu bikin tampil makin kece di hari yang fitri!!,"Wah, kemeja koko ini terbuat dari bahan halus lembut dengan desain yang keren! Bikin outfit lebaran makin kece, pasti asik banget!",False
google/gemma-3-4b-it,sophistication,competence,hybrid_early,0.5,The 2021 season of the pinnacle of motor sport starts this weekend in Bahrain. As Global Partner and Official Timepiece since 2013 we support this leading series with which we share a passion for innovation technical precision and performance excellence.,"Hai Sobat! Ada ya. Kami dari [Nama Perusahaan] dengan bangga mendukung rangkaian balap motor tertinggi ini sejak 2013. Kami berbagi semangat inovasi, presisi teknis, dan keunggulan kinerja dengan seri balap terkemuka ini.",False
google/gemma-3-4b-it,sincerity,competence,hybrid_early,0.5,Faktanya banyak manfaat dalam membantu tubuh kita menjadi lebih sehat saat mengonsumsinya. Salah satu kandungan susu yang penting untuk tubuh kita saat ini adalah vitamin D.,"Hai Sobat BRI, tidak perlu khawatir. Fakta menunjukkan banyak manfaat dalam membantu tubuh kita menjadi lebih sehat saat mengonsumsi vitamin D.",True
google/gemma-3-4b-it,sophistication,competence,hybrid_early,0.5,Tities Sapoetra,"Terima kasih kembali. Jika ada hal lain yang ingin ditanyakan, Bapak/Ibu Pelanggan bisa DM/Mention kembali ke X (Twitter) WhatsApp Halo BCA 08111500998 atau menghubungi via aplikasi haloBCA. Tks ^Javi",False
google/gemma-3-4b-it,sincerity,competence,hybrid_early,0.5,One of our favorite too!,"""Wah, pilihan bagus sekali!""",False
google/gemma-3-4b-it,excitement,competence,hybrid_early,0.5,Hai Kak mohon maaf sebelumnya. Bisa diinformasikan nomor telepon dan e-mail yang terdaftar pada aplikasi Gojek melalui DM agar kami bantu cek. Terima kasih -IC,Hai Sobat BRI. Mohon maaf atas kendala terkait pengecekan nomor telepon dan e-mail yang terdaftar pada aplikasi Gojek. Silakan lakukan pengecekan ya melalui DM. Terima kasih -IC,False
google/gemma-3-4b-it,ruggedness,competence,hybrid_early,0.5,Berbeda dgn konsep toko Om Bro di Jakarta & Bandung Brodo Gallery Surabaya nantinya akan jd tempat berbelanja yg unik di Surabaya. Kenapa?,"Hai Sobat BRI, sebelum terlambat. Surabaya sebentar lagi akan memiliki tempat berbelanja yang unik, layaknya toko Om Bro di Jakarta & Bandung Brodo Gallery. Kenapa?",False
google/gemma-3-4b-it,sincerity,competence,hybrid_early,0.5,Sambil ngobrol sambil nikmatin renyahnya Curly Fries bareng bestie udah pas deh! Apalagi kalau topik bahasan masih seru bareng bestie yakin satu aja cukup nih? Tersedia juga di GrabFood GoFood dan ShopeeFood!,"Hai Sobat! Nikmatin momen seru bareng bestie sambil makan Curly Fries yang renyah, pasti asik ya! Jangan lupa cek ya di GrabFood, GoFood, dan ShopeeFood! Tks~Thomas",False
google/gemma-3-4b-it,excitement,competence,hybrid_early,0.5,Seruuu banget sih,"""Wah, seru banget ya!""",False
google/gemma-3-4b-it,sophistication,competence,hybrid_early,0.5,Add freshness Add coolness Add zing to your life!,"“Yuk, bikin hidup makin seru dan kece! ✨”",False
google/gemma-3-4b-it,excitement,competence,hybrid_early,0.5,Hai Kak Kami mohon maaf atas tindakan mitra driver kami. Terkait keluhan kamu kami akan memberikan pengarahan & edukasi kembali kepada mitra driver sesuai dg kebijakan yg berlaku di Gojek Indonesia agar ke depannya dapat lebih baik dlm memberikan pelayanan ya. Terima kasih ^NSA,"Hai Sobat BRI, mohon maaf atas ketidaknyamanan yang Anda alami. Terkait keluhan Bapak/Ibu, kami akan memberikan pengarahan & edukasi kembali kepada mitra driver sesuai dengan kebijakan yang berlaku di Gojek Indonesia agar ke depannya dapat lebih baik dalam memberikan pelayanan. Terima kasih ~NSA",True
google/gemma-3-4b-it,ruggedness,competence,hybrid_early,0.5,hehehe thanks Bro!,Hai Bro! Mohon maaf atas ketidaknyamanan yang dialami. Guna tindak lanjut kami sudah mengirimkan pesan melalui DM. Tks~Beni,False
google/gemma-3-4b-it,ruggedness,competence,hybrid_early,0.5,Are you ready for the start? Bet you already had a great fun and you're ready to continue your,Siap untuk memulai? Pasti seru banget ya dan kamu udah siap lanjut ke yang berikutnya!,False
google/gemma-3-4b-it,sophistication,competence,hybrid_early,0.5,Over 30 varieties of delicious offered for lunch at . Come and join us today!,"Hai Sobat BRI, mohon maaf atas ketidaknyamanannya. Kami informasikan terdapat beragam pilihan menu lezat untuk hidangan siang di sini. Silakan bergabung bersama kami hari ini!",False
google/gemma-3-4b-it,excitement,competence,hybrid_early,0.5,Harga 99K. Borong-Borong. Bareng-Bareng. Teman-Teman. Cus ke store erigo terdekat. Kecuali di departement store ya :D,"Hai Sobat BRI. Kami turut prihatin atas pengalaman yang Anda alami. Guna tindak lanjut, mohon buat laporan melalui aplikasi BRImo dengan tahapan: 1. Pilih menu Akun. 2. Pilih Pusat Bantuan. 3. Pilih Ajukan Pengaduan. 4. Pilih [Informasi yang relevan dengan teks sumber]. Pengecekan proses laporan.",False
google/gemma-3-4b-it,ruggedness,competence,hybrid_early,0.5,Siapp! Ditunggu ya,"Siap ya Kak, ditunggu!",True
google/gemma-3-4b-it,ruggedness,competence,hybrid_early,0.5,Alamat Gallery Brodo Surabaya ning dalan Jemursari II no. 2 Surabaya jam buka toko weekdays 11.00 - 20.00 weekend 10.00 - 21.00,"Hai Sobat! Info terbaru dari Gallery Brodo Surabaya nih. Jam buka weekdays pukul 11.00 - 20.00, weekend pukul 10.00 - 21.00 ya. Semoga membantu!",False
google/gemma-3-4b-it,ruggedness,competence,hybrid_early,0.5,Consina tshirt seri Everest. Price : 85.000 - 90.000 Why you climb Everest? Because is there. - G.,"Hai Sobat Consina, terima kasih atas kepercayaannya terhadap produk kami. Mohon maaf atas ketidaknyamanannya. Mengenai t-shirt seri Everest dengan harga Rp 85.000 - Rp 90.000, kami akan segera membalas proposal melalui email corsec.co.id. Mohon kesediaannya menunggu respons balasan pada email.",False
google/gemma-3-4b-it,ruggedness,competence,hybrid_early,0.5,Peduli sama diri sendiri dan Brothers lainnya. Ayo ikutan gerakan Bro! Info :,"Hai Sobat BRI, kami turut prihatin atas kejadian yang dialami. Mari ikuti gerakan untuk peduli diri dan teman-teman lainnya! Info:",False
google/gemma-3-4b-it,sincerity,competence,hybrid_early,0.5,Untuk Dine In dan Take Away wajib menunjukkan bukti vaksin boleh dalam bentuk bukti kartu fisik aplikasi maupun website ya kak,"Mohon maaf atas ketidaknyamanannya. Untuk Dine In dan Take Away, silakan tunjukkan bukti vaksin ya, bisa dalam bentuk kartu fisik atau aplikasi/website. Tks~Hera",False
google/gemma-3-4b-it,sincerity,competence,hybrid_early,0.5,Sblm memasuki kelas interaktif utk belajar ttg gizi para siswa diajak berkreasi dgn topi chef mereka.,"Mohon maaf atas ketidaknyamanannya. Sebelum mengikuti kelas interaktif mengenai gizi, para siswa diajak berkreasi dengan topi chef mereka.",False
google/gemma-3-4b-it,ruggedness,competence,hybrid_early,0.5,Atau Eigerian bisa melihat secara online melalui live streaming untuk menyaksikan gerhana matahari hibrida Jadi cara mana nih yang bakal Eigerian gunakan? Yang terpenting utamakan keamananya Eigerian!,"Hai Eigerian, mohon maaf atas kendala yang dialami. Jika Eigerian ingin menyaksikan gerhana matahari hibrida, Eigerian bisa melihat secara online melalui live streaming ya. Yang terpenting, utamakan keamanannya Eigerian!",False
google/gemma-3-4b-it,sophistication,competence,hybrid_early,0.5,Skin Relief Moisturizing Lotion Cuma butuh 20 detik produk ini mampu menenangkan kulit kering dan sensitif berkat kandungan triple oat complex.,"Hai Sobat BRI. Skin Relief Moisturizing Lotion cuma butuh 20 detik, produk ini mampu menenangkan kulit kering dan sensitif berkat kandungan triple oat complex. Tks~Vani",False
google/gemma-3-4b-it,sophistication,competence,hybrid_early,0.5,Lekukan body tegas untuk memperjelas karakternya yang sporty. Ada yang tau nama warna Vespa S 125 i-get yang ada di foto ini? Klik: untuk cari tau jawabannya.,"Hai Sobat BRI, mohon maaf atas kendala pada teks tersebut. Guna tindak lanjut kami akan segera membalas pesan melalui DM. Silakan melakukan pengecekan ya. Dapatkan informasi terbaru seputar layanan dan promo BRI di Sabrina WhatsApp 0812 1214 017. Tks~Satria",False
google/gemma-3-4b-it,sincerity,competence,hybrid_early,0.5,Dengan akan selalu ada kebaikan disetiap gigitannya untuk bangun harapan baru bersama. Dapatkan Prosperity Burger McD hanya di McDonald's!,"Hai Sobat McD, mohon maaf atas ketidaknyamanannya. Dikhawatirkan sedang dalam antrean ya, namun informasi yang Bapak/Ibu sampaikan menjadi masukan bagi kami untuk terus memperbaiki dan memberikan layanan prima untuk kepuasan Nasabah. :) Tks^Feya",False
google/gemma-3-4b-it,excitement,competence,hybrid_early,0.5,Wishing your special day full of blessings love and happiness. Happy birthday to a special girl,Selamat untuk hari istimewamu ya! Semoga hari ini penuh berkat cinta dan kebahagiaan. Happy birthday untuk gadis spesialmu.,False
google/gemma-3-4b-it,sincerity,competence,hybrid_early,0.5,formula baru juga kak!,Makasih ya Kak!,False
google/gemma-3-4b-it,sophistication,competence,hybrid_early,0.5,Hai Kak bisa diinformasikan untuk kode ordernya agar dapat kami bantu pengecekan lebih lanjut?,"Hai Kak, mohon berikan detail kode pesanan ya untuk pengecekan lebih lanjut. Terima kasih.",False
google/gemma-3-4b-it,excitement,competence,hybrid_early,0.5,Kamu pengen ya,Gas mau tuh?,False
google/gemma-3-4b-it,ruggedness,competence,hybrid_early,0.5,Dalam ini Eigerian akan mendapatkan banyak materi sambil mengenal Kawasan Gn. Rinjani. Mountain and Jungle Course 2024 24 Juli - 31 Juli 2024 Kawasan Taman Nasional Gunung Rinjani Kuota terbatas (melalui tahap seleksi),"“Halo Eigerian! Nantinya kamu bakal dapat banyak materi seru sekaligus eksplorasi di Kawasan Gn. Rinjani lho! Mountain and Jungle Course 2024 akan berlangsung tanggal 24 Juli - 31 Juli 2024 di Taman Nasional Gunung Rinjani. Kuota terbatas ya, jadi ikutan tahap seleksi, ya!”",True
google/gemma-3-4b-it,sincerity,competence,hybrid_early,0.5,Baik Bapak seperti yang kami informasikan sebelumnya silakan Bapak bisa mengunjungi Facebook kami di DANCOW Parenting Center atau Instagram kami di untuk informasi lebih lengkap mengenai DANCOW dengan Nutritods. :),"“Baik Bapak, seperti yang kami sampaikan sebelumnya silakan Bapak mengunjungi Facebook kami di DANCOW Parenting Center atau Instagram kami di untuk informasi lebih lengkap mengenai DANCOW dengan Nutritods. 😊”",False
google/gemma-3-4b-it,sophistication,competence,hybrid_early,0.5,wearing Saptodjojokartiko custom emerald green kebaya for Idul Fitri open house,Pesan yang dikirimkan melalui DM sudah kami respons. Silakan dilakukan pengecekan ya. Dapatkan informasi terbaru seputar layanan dan promo BRI di Sabrina WhatsApp 0812 1214 017. Tks~Bevi,False
google/gemma-3-4b-it,sophistication,competence,hybrid_early,0.5,Baru hari Rabu nih ayo semangat kerjanya si Vespa sudah menanti!,"Hai Sobat BRI, jangan khawatir. Pesan Anda akan segera kami respons. Silakan lakukan pengecekan ya. Dapatkan informasi terbaru seputar layanan dan promo BRI di Sabrina WhatsApp 0812 1214 017. Tks~Chesy",False
google/gemma-3-4b-it,excitement,competence,hybrid_early,0.5,Hai Kak mohon maaf sebelumnya. Bisa diinformasikan nomor telepon dan e-mail yang terdaftar pada aplikasi Gojek melalui DM agar kami bantu cek. Terima kasih -IC,Hai Sobat BRI. Mohon maaf atas kendala terkait informasi yang dibutuhkan. Silakan lakukan pengecekan melalui DM dengan nomor telepon dan e-mail yang terdaftar pada aplikasi Gojek ya. Tks~IC,False
google/gemma-3-4b-it,sincerity,competence,hybrid_early,0.5,Apa aja sih keunggulan Wardah Colorfit Fresh Matte Lip Ink? Fresh matte finish with watery texture Tekstur yang watery sehingga menjaga kelembapan bibir Ultimate bare lip sensation Super ringan dan memberikan tampilan bibir yang sehat,"“Hai Sobat! Mau tahu apa sih keunggulan Wardah Colorfit Fresh Matte Lip Ink? Ada fresh matte finish dengan tekstur yang watery, bikin bibir lembap. Rasanya super ringan dan bikin tampilan bibir sehat, loh! Dijamin bare lip sensation-nya ultimate!”",True
google/gemma-3-4b-it,sophistication,competence,hybrid_early,0.5,It's never too early to start making dinner plans especially when you have choices like this at,"Jangan lewatkan kesempatan untuk merencanakan makan malammu sekarang juga, pilihan menarik menantimu!",False
google/gemma-3-4b-it,sincerity,competence,hybrid_early,0.5,Nikmati Paket HeBat McSpaghetti Ayam McD! Lebih mengenyangkan dengan porsi spaghetti 30% yang lebih banyak dengan berpadu dengan Ayam McD hanya Rp27 Ribuan aja! Buruan cobain sekarang di Mekdi terdekatmu sekarang ya McD ers!,Mohon bersedia menunggu sebentar ya kami lakukan verifikasi detail. Jangan lewatkan Paket HeBat McSpaghetti Ayam McD! Lebih memuaskan dengan porsi spaghetti 30% lebih banyak berpadu dengan Ayam McD hanya Rp27 Ribuan. Segera coba di Mekdi terdekat sekarang juga McD ers!,False
google/gemma-3-4b-it,ruggedness,competence,hybrid_early,0.5,iyaaa.. Hadiah valentine.. Hahahaa. Kirim data diri nya yaa.. Terima kasih :),"Hai Sobat BRI. Jangan khawatir! Untuk hadiah Valentine, hehehe. Silakan kirim data diri kamu yaa. Terima kasih :))",False
google/gemma-3-4b-it,sophistication,competence,hybrid_early,0.5,3. DAILY SURPRISE GIVEAWAY Ada 100 goodie bag gratis yang total hadiahnya senilai 99JT! Cek postingan ini untuk detailnya,"“Wow, ada 100 goodie bag gratis total hadiahnya 99JT! Buruan cek postingan ini buat detailnya!”",False
google/gemma-3-4b-it,excitement,competence,hybrid_early,0.5,Hai Kak maaf banget ya udah bikin ngga nyaman. Terkait dengan keluhanmu mohon diinformasikan nomor telepon dan email kamu yang terdaftar melalui DM supaya bisa kami bantu cek ya. Tks^Ari,Hai Sobat BRI mohon maaf atas ketidaknyamanannya. Terkait keluhan yang disampaikan kami sudah kirimkan pesan melalui DM. Silakan lakukan pengecekan ya. Dapatkan informasi terbaru seputar layanan dan promo BRI dengan Sabrina WhatsApp 0812 1214 017. Tks~Ari,False
google/gemma-3-4b-it,sincerity,competence,hybrid_early,0.5,fluffy!,"Mohon maaf atas ketidaknyamanannya, fluffy!",False
google/gemma-3-4b-it,excitement,competence,hybrid_early,0.5,Hai Kak Nia maaf banget ya Kak silakan infokan no hp dan email yg terdaftar melalui DM supaya bisa aku bantu cek ya. Tks^feb,Hai Sobat BRI. Mohon maaf atas ketidaknyamanan yang dialami. Guna pengecekan silakan infokan no hp dan email yang terdaftar melalui DM ya. Tks~Feb,False
google/gemma-3-4b-it,excitement,competence,hybrid_early,0.5,Halo kak terkait Jiwa Point saat ini masih dalam perbaikan ya. Jiwa Point akan segera bisa digunakan dalam waktu dekat. Mohon maaf sudah buat kakak kecewa ya,Hai Sobat BRI. Mohon maaf atas ketidaknyamanan yang dialami terkait Jiwa Point. Jiwa Point akan segera bisa digunakan dalam waktu dekat. Guna tindak lanjut kami sudah mengirimkan pesan melalui DM. Silakan lakukan pengecekan. Tks~Daria,False
google/gemma-3-4b-it,excitement,competence,hybrid_early,0.5,yang lain ada tau nggak ini dimana?,"“Eh, Kak, tahu nggak ini di mana?”",False
google/gemma-3-4b-it,excitement,competence,hybrid_early,0.5,Met siang gaes~ Siang-siang gini enaknya ngasih tau kamu promo buat dukung Timnas Indonesia! Cek ini deh,"Hai Sobat BRI, mohon maaf atas ketidaknyamanannya. Untuk informasinya sudah kami respons di DM ya. Silakan lakukan pengecekan. Dapatkan informasi terbaru seputar layanan dan promo BRI di Sabrina WhatsApp 0812 1214 017. Tks~Fadi",False
google/gemma-3-4b-it,excitement,competence,hybrid_early,0.5,Dirgahayu Indonesia-ku yang ke-75! Sudah banyak kenangan yang dilalui sampai ke titik ini. Mari rayakan dengan penuh suka cita dan kebersamaan,"Selamat ulang tahun ke-75, Indonesia tercinta! Berkat doa dan dukungan, telah banyak kenangan indah yang kita lalui bersama. Mari syukuri dan rayakan dengan penuh kebahagiaan serta kebersamaan, wahai Sobat Indonesia!",False
google/gemma-3-4b-it,sincerity,competence,hybrid_early,0.5,Tersedia juga di McDelivery GrabFood GoFood dan ShopeeFood. Saksikan A Minecraft Movie di bioskop April ini.,Hai Sobat BRI tidak perlu khawatir. Informasi mengenai penawaran di McDelivery GrabFood GoFood dan ShopeeFood sudah kami tangani. Silakan melakukan pengecekan ya. Jangan lupa saksikan A Minecraft Movie di bioskop April ini. Tks~Raden,False
google/gemma-3-4b-it,excitement,competence,hybrid_early,0.5,Hai Kak untuk promo diberikan kepada pelanggan secara acak oleh sistem dan untuk ketersediaannya memiliki jumlah yang terbatas. Untuk informasi promo lainnya kamu dapat mengunjungi ya. Terima kasih^shl,"Hai Kak, tidak perlu khawatir. Informasi promo diberikan secara acak oleh sistem dan jumlahnya terbatas. Untuk informasi promo lainnya, silakan kunjungi ya. Terima kasih^shl",False
google/gemma-3-4b-it,excitement,competence,hybrid_early,0.5,nah setuju nih,"""Setuju banget nih!""",False
google/gemma-3-4b-it,ruggedness,competence,hybrid_early,0.5,Ada rencana ke mana sore ini Bro? Pulang ngampus atau ngantor main aja ke .,Halo Bro. Layanan Customer Service Stasiun tersedia pukul 07.00-20.00 WIB ya. Trims.,False
google/gemma-3-4b-it,sophistication,competence,hybrid_early,0.5,Happy New Year Vespa Lovers May you have a prosperous year ahead!!,"Hai Vespa Lovers, selamat tahun baru! Semoga tahun ini penuh keberuntungan dan kesuksesan untuk kalian semua!",False
google/gemma-3-4b-it,excitement,competence,hybrid_early,0.5,gn,pada device yang digunakan ya. Tks ^Sukma,False
google/gemma-3-4b-it,ruggedness,competence,hybrid_early,0.5,Paling diukuran 45 Liter yaa kak,"""Benar Kak, kapasitasnya paling 45 Liter ya.""",False
google/gemma-3-4b-it,sincerity,competence,hybrid_early,0.5,siapa yg udah ngabisin symradiance moisturizer & serum? punya minty akhirnya abis nih next coba yg mana yaa,"Hai Sobat BRI. Siapa yang sudah pakai Symradiance moisturizer & serum? Aku punya minty yang udah abis nih, next coba yang mana yaa?",False
google/gemma-3-4b-it,excitement,competence,hybrid_early,0.5,Saingan banyak2an checkout di Guncang 10.10 kali mumpung 10x Flash Sale Serba Rp10rb dan Bebas Ongkir Rp0 berkali-kali gasss,"“Sangat disayangkan atas kendala yang Bapak/Ibu alami terkait promo Guncang 10.10.  Untuk transaksi online, kami sarankan melakukan transaksi kembali secara berkala dan pastikan koneksi internet stabil serta aplikasi BRImo Anda dalam versi terbaru.  BRI tidak pernah meminta data rahasia perbankan seperti user ID, password, dan PIN dengan paksa.”",True
google/gemma-3-4b-it,sincerity,competence,hybrid_early,0.5,Hai indah untuk saat ini McDonald's belum membuka cabang di kota Pontianak. Namun tidak menutup kemungkinan akan buka di kotamu. Tunggu pengumumannya di website kami ya.,"Hai Indah. Mohon maaf, belum ya. McDonald’s belum buka cabang di kota Pontianak. Tapi, nggak menutup kemungkinan akan buka di kotamu. Tunggu pengumumannya di website kami ya. Tks~Bowo",False
google/gemma-3-4b-it,sophistication,competence,hybrid_early,0.5,Drift away in the perpetual charm.,"Hai Sobat BRI, drifting dalam pesona abadi ya. Trims~Helma",False
google/gemma-3-4b-it,ruggedness,competence,hybrid_early,0.5,Aduuuh racun hihi,"Aduuuh, racun hihi 🥰",False
google/gemma-3-4b-it,sophistication,competence,hybrid_early,0.5,Pantau terus akun yaa,"""Silakan pantau terus akun ya, Kak.""",False
google/gemma-3-4b-it,excitement,competence,hybrid_early,0.5,Tjakep . Sudah beli paketnya belum Beb?,Hai Sobat BRI. Sudah beli paketnya belum? Tks~Cello,True
google/gemma-3-4b-it,sophistication,competence,hybrid_early,0.5,Hai Piaggio Family riding yuk hari Sabtu 12 Maret jam 8:00 wib kumpul di Dealer Saluyu Ariajipang jgn lupa bw SIM,"Hai Piaggio Family, mohon maaf atas ketidaknyamanan yang mungkin timbul. Untuk informasi mengenai kegiatan touring Sabtu 12 Maret pukul 08.00 WIB di Dealer Saluyu Ariajipang, jangan lupa bawa SIM ya. Tks~",False
google/gemma-3-4b-it,excitement,competence,hybrid_early,0.5,Hai Kak sudah kami konfirmasi via DM ya. Terima kasih^yb,Hai Sobat BRI. Pesan sudah kami konfirmasi melalui DM ya. Silakan melakukan pengecekan. Tks~Agny,False
google/gemma-3-4b-it,excitement,competence,hybrid_early,0.5,Halo Kak. maaf banget ya buat kamu ga nyaman. Boleh diinfokan melalui DM untuk nomor telepon dan alamat email Kakak agar aku bantu pengecekan. Terima kasih ^DW,"Hai Sobat BRI, mohon maaf atas ketidaknyamanannya. Silakan informasikan nomor telepon dan alamat email Anda melalui DM agar kami bantu pengecekan. Terima kasih ^DW",False
google/gemma-3-4b-it,ruggedness,competence,hybrid_early,0.5,Merayakan anniversary Consina ke 18 lengkapi gear Consinamu di Consina stores terdekat! Disc 10%,"Hai Sobat Consina, jangan khawatir! Merayakan anniversary ke-18 Consina, lengkapi gear Consinamu di toko Consina terdekat! Diskon 10% menantimu. Tks~Thomas",False
google/gemma-3-4b-it,excitement,competence,hybrid_early,0.5,Pengen gaa kakkk,Pengen juga ya Kak?,True
google/gemma-3-4b-it,sophistication,competence,hybrid_early,0.5,Weekend vibes be like: get out and ride Vespa. Have a nice weekend stay safe and healthy ya guys.,"Hai Sobat BRI, mohon maaf atas ketidaknyamanannya. Terkait masalah Vespa di akhir pekan, silakan nikmati dan tetap aman serta sehat selalu ya. Tks~Agny",True
google/gemma-3-4b-it,sophistication,competence,hybrid_early,0.5,Be hurry to chase our 25% off at SATU Beachwalk Kuta Bali. Last offer March 30th,Hai Sobat BRI. Jangan lewatkan penawaran menarik 25% diskon di SATU Beachwalk Kuta Bali. Penawaran terbatas hingga tanggal 30 Maret ya.,False
google/gemma-3-4b-it,sincerity,competence,hybrid_early,0.5,Awali hari Seninmu dengan semangat baru karena McD ada promo I LOVE Monday. Beli 2 Cheeseburger + 2 Small French Fries cuma Rp50.000 Yuk pesan lewat McDelivery di Aplikasi McDonald s! HANYA HARI INI mulai jam 11 siang. Jangan sampai kehabisan ya!,Hai Sobat McDonald's mohon maaf atas ketidaknyamanannya. Guna tindak lanjut dapat disampaikan jenis menu apa yang dilakukan? Dapatkan informasi terbaru seputar layanan dan promo McDonald's di Sabrina WhatsApp 0812 1214 017. Tks~Becca,False
google/gemma-3-4b-it,sophistication,competence,hybrid_early,0.5,semoga beruntung ya,"Semoga beruntung ya, Kak!",False
google/gemma-3-4b-it,ruggedness,competence,hybrid_early,0.5,I posted 4 photos on Facebook in the album Daypack - Marathon,“Saya telah memposting 4 foto di album Daypack - Marathon.”,False
google/gemma-3-4b-it,ruggedness,competence,hybrid_early,0.5,You re the reason it s happening Eigerian!,Hai Eigerian! Kamu adalah alasan semua ini terjadi!,False
google/gemma-3-4b-it,ruggedness,competence,hybrid_early,0.5,Cakeppp bangettt!,"Wah, cakeppp banget! Mantap jiwa!",False
google/gemma-3-4b-it,ruggedness,competence,hybrid_early,0.5,BESOK!!! Kita dukung Veddriq Leonardo buat bawa pulang medali,"""Besok!!! Mari kita dukung Veddriq Leonardo untuk membawa pulang medali!""",False
google/gemma-3-4b-it,excitement,competence,hybrid_early,0.5,Hai kak Aya maaf banget ya kak silakan infokan no hp dan email yg terdaftar melalui DM supaya bisa aku bantu cek ya. Tks^feb,Hai Sobat BRI. Mohon maaf atas ketidaknyamanannya. Guna pengecekan silakan infokan no hp dan email yang terdaftar melalui DM ya. Tks~Feb,False
google/gemma-3-4b-it,sincerity,competence,hybrid_early,0.5,Masalah utama di masa pandemi ini ya dear :(,"Hai Sobat BRI, mohon maaf atas kendala yang dialami. Guna informasi yang sesuai mohon informasikan detail kendala yang dialami. Tks~Agny",False
google/gemma-3-4b-it,sincerity,competence,hybrid_early,0.5,wah ini dia sebuah adiksi yg patut ditiru!,"""Keren banget nih, jadi inspirasi buat kita semua!""",True
google/gemma-3-4b-it,sincerity,competence,hybrid_early,0.5,oi bogel (memanggil dengan ramah),"Hai Sobat BRI, pesan yang masuk via DM bakal segera direspon kok. Mohon sabar menunggu ya. Dapatkan info terbaru layanan dan promo BRI di Sabrina WhatsApp. Tks~Banu",False
google/gemma-3-4b-it,excitement,competence,hybrid_early,0.5,Padahal bisa buat borong di Guncang 11.11 eh taunya ada lanjutannya,"“Hai Sobat! Kalau ada yang sempat nemu promo menarik di Guncang 11.11 tapi ada kelanjutannya, yuk share detailnya di DM ya!”",False
google/gemma-3-4b-it,sincerity,competence,hybrid_early,0.5,Mohon maaf atas ketidaknyamanannya. Bolehkah kamu mengirimkan informasi dan juga keluhan melalui DM McDonald's? Agar tim kami dapat menindaklanjuti laporan kamu dan dapat memberikan pelayanan yang lebih baik lagi. Terima kasih,"Mohon maaf atas ketidaknyamanannya. Silakan kirimkan informasi dan keluhan melalui DM McDonald's ya. Guna menindaklanjuti laporan Anda dan memberikan pelayanan yang lebih baik, terima kasih.",False
google/gemma-3-4b-it,sincerity,competence,hybrid_early,0.5,Saat ini Manggo Pie belum tersedia ya kak,"“Mohon maaf Kak, saat ini Manggo Pie belum tersedia ya.”",False
google/gemma-3-4b-it,sophistication,competence,hybrid_early,0.5,Saptodjojokartiko Capsule Collection 2014 Posedo will be unveiled during 2014 on February 22nd 730PM,"Hai Sobat BRI, informasi mengenai koleksi Saptodjojokartiko Capsule Collection 2014 Posedo akan diungkapkan pada 22 Februari 2014 pukul 7:30 malam. Tks~Oris",False
google/gemma-3-4b-it,sophistication,competence,hybrid_early,0.5,Love is everywhere including in our rooms,"Hai Sobat BRI, cinta ada di mana-mana termasuk di ruangan kita.",False
google/gemma-3-4b-it,excitement,competence,hybrid_early,0.5,Hai Kak mohon maaf ya. Mengenai kendala kamu silakan melakukan permintaan perubahan nomor telepon atau email dengan mengirimkan email ke customerservice.com menggunakan alamat email kamu yang terdaftar di aplikasi Gojek ya. Terima kasih^ast,Hai Sobat BRI. Mohon maaf atas kendala yang kamu alami. Silakan lakukan permintaan perubahan nomor telepon atau email dengan mengirimkan email ke customerservice.com menggunakan alamat email kamu yang terdaftar di aplikasi Gojek ya. Terima kasih~Lula,False
google/gemma-3-4b-it,sophistication,competence,hybrid_early,0.5,Tying the knot? Allow our wedding specialists to make your dream come true!,"""Gonna tie the knot? Let our wedding specialists make your dream a reality! Dapatkan penawaran spesial dan hadiah-hadiah menarik! Jangan lewatkan kesempatan ini!""",False
google/gemma-3-4b-it,ruggedness,competence,hybrid_early,0.5,pantengin aja fanpage consina gan. :D : Jangan lupa japri ane ya gan inget gan jangan lupa :* RT : pastinya ada,Hai Sobat Konsina. Jangan lupa japri ya gan inget gan jangan lupa :* Pastinya ada.,False
google/gemma-3-4b-it,sophistication,competence,hybrid_early,0.5,Congratulations to for hosting the exciting 6th event of Season 2 in Cdiz where claimed victory.,Hai Sobat BRI. Selamat atas perhelatan menarik acara ke-6 musim ke-2 di Cdiz di mana telah diraih kemenangan!,False
google/gemma-3-4b-it,sophistication,competence,hybrid_early,0.5,Call and reserve your table for our special Mother's Day buffet this Sunday!,"Hai Sobat Pelanggan, dengan senang hati kami sarankan untuk menghubungi Contact Center Officer Halo BCA di nomor 1500888 agar dilakukan pengecekan dan pembuatan laporan untuk diproses lebih lanjut. Tks^Clara",False
google/gemma-3-4b-it,sophistication,competence,hybrid_early,0.5,We pay tribute to Don Walsh who in 1960 made history with Jacques Piccard on the first manned dive to the deepest point on Earth. An eminent oceanographer he dedicated his life to understanding the oceans ever pushing the boundaries of human adventure.,"""Terima kasih banyak untuk Don Walsh, yang pada tahun 1960 menciptakan sejarah bersama Jacques Piccard dalam penyelaman pertama yang awak manusia ke titik terdalam di Bumi. Seorang ahli oseanografi yang ulung, ia mendedikasikan hidupnya untuk memahami lautan, terus mendorong batas-batas petualangan manusia.""",False
google/gemma-3-4b-it,sophistication,competence,hybrid_early,0.5,: the second chapter of our lifestyle journey is here.,"“Mari sambut bab kedua perjalanan gaya hidup kita! Dapatkan penawaran spesial dan manfaat eksklusif, yuk!”",False
google/gemma-3-4b-it,ruggedness,competence,hybrid_early,0.5,Berapa pun durasinya Spider Rock siap menemani pendakianmu! Seri ini dilengkapi dengan teknologi backsystem Aerovent & Aerovoid V yang menghadirkan sirkulasi udara optimal di bagian punggung untuk kenyamanan saat membawa beban.,"“Apapun durasinya, Spider Rock siap menemani pendakian Anda! Seri ini telah dilengkapi dengan teknologi backsystem Aerovent & Aerovoid V yang memberikan sirkulasi udara optimal di bagian punggung, menciptakan kenyamanan saat memikul beban.”",False
google/gemma-3-4b-it,excitement,competence,hybrid_early,0.5,Yes sir but i am in first line,"“Siap, Pak! Saya di baris pertama.”",False
google/gemma-3-4b-it,sophistication,competence,hybrid_early,0.5,Pada tahun 1951 Vespa Siluro (Torpedo) memecahkan rekor bergengsi!,"Hai Sobat! Dengan senang hati kami informasikan, pada tahun 1951 Vespa Siluro (Torpedo) telah berhasil memecahkan rekor bergengsi! Tidak ya. Tks ^Dares",False
google/gemma-3-4b-it,sincerity,competence,hybrid_early,0.5,loppp,"Siap loh Kak, silakan cek DM ya. Trims.",False
google/gemma-3-4b-it,sincerity,competence,hybrid_early,0.5,Selalu ada BEST momen yang tak terlupakan. Yuk bagikan momen terbaik versi kamu dengan serunya gunakan template 'Add Yours' pada Instagram Story-mu. Temukan template di highlight pada profile ya.,"Kirim cerita seru momen-momen terbaikmu! Pakai template ‘Add Yours’ di Instagram Story, yuk! Cari template di highlight profil ya!",False
google/gemma-3-4b-it,excitement,competence,hybrid_early,0.5,Kak?,Selamat sore Kak?,False
google/gemma-3-4b-it,excitement,competence,hybrid_early,0.5,PROMO PAYDAY DISC 40% hanya di . Order sekarang untuk nikmati PROMOnya! Tersedia sampai 31 Januari 2020,Hai Sobat! Jangan khawatir. Pesan sekarang untuk nikmati PROMO PAYDAY DISC 40%! Tersedia sampai 31 Januari 2020. Tks~Aril,False
google/gemma-3-4b-it,ruggedness,competence,hybrid_early,0.5,Semoga beruntung yaaa kak,"""Semoga beruntung ya, Kak!""",False
google/gemma-3-4b-it,excitement,competence,hybrid_early,0.5,Hai Kak maaf banget ya. Yuk infokan nomor telepon screenshot promo yang kamu makasud dan nomor order via DM agar dapat kami cek ya. Terima kasih^ast,Hai Sobat BRI mohon maaf atas ketidaknyamanan yang dialami. Yuk infokan nomor telepon screenshot promo yang kamu maksud dan nomor order via DM agar dapat kami cek ya. Terima kasih~Fadi,False
google/gemma-3-4b-it,excitement,competence,hybrid_early,0.5,Udah sarapan? Jangan lupa ngopi. Jangan lupa upgrade outfit kuliah ngantor atau nongkrong lo ya! Gas kuy -->,“Sudah sarapan? Jangan lupa ngopi! Jangan lupa update penampilan kuliah atau kerja ya! Yuk buruan! ”,False
google/gemma-3-4b-it,excitement,competence,hybrid_early,0.5,Bentar lagi Ramadan nih~ Gimana persiapan Ramadan kamu gaes?,"“Wah, sebentar lagi Ramadan ya, bro! Ada rencana seru apa nih buat bulan ini?”",False
google/gemma-3-4b-it,excitement,competence,hybrid_early,0.5,Hai Beb terima kasih untuk antusiasnya. Terkait hal ini akan admin follow up ke bagian terkait lebih dulu ya -K,"Hai Beb, mohon maaf atas ketidaknyamanannya. Kami akan segera tindak lanjut ke bagian terkait ya -K.",False
google/gemma-3-4b-it,sincerity,competence,hybrid_early,0.5,dan ditutup dengan tausiyah yang menyentuh hati dari ulama setempat. Kebersamaan yang tercipta semakin erat dengan momen berbuka puasa yang penuh kehangatan.,"Hai Sobat! Dengan penuh kehangatan, momen buka puasa semakin erat memperkuat kebersamaan kita. Jangan lupa, ada tausiyah yang menyentuh hati dari ulama setempat. Semoga berbuka bersama membawa kebaikan dan keberkahan.",False
google/gemma-3-4b-it,ruggedness,competence,hybrid_early,0.5,Makasih udah pilih EIGER,"""Asik banget Kak, makasih banyak udah milih EIGER!""",True
google/gemma-3-4b-it,sophistication,competence,hybrid_early,0.5,Yuk yang mau bibirnya auto lembap bisa checkout di SOCO App dan Sociolla Store ya Bestie~,"""Hai Bestie~ Kalo pengen bibir auto lembap, yuk checkout di SOCO App dan Sociolla Store! 😉""",False
google/gemma-3-4b-it,excitement,competence,hybrid_early,0.5,Gomawoo,"Hai Sobat BRI, pesan DM sudah kami respons. Mohon melakukan pengecekan. Dapatkan informasi terbaru seputar layanan dan promo BRI di Sabrina WhatsApp 0812 1214 017. Tks~Oris",False
google/gemma-3-4b-it,excitement,competence,hybrid_early,0.5,Punya acara apa untuk menghabiskan malam tahun baru nanti ? Boleh dong di share ke,"""Mau ngerencanain sesuatu buat malam Tahun Baru nih? Cerita dong ke siapa, Sobat!""",False
google/gemma-3-4b-it,ruggedness,competence,hybrid_early,0.5,Harrier lebih menarik Eigerian,"Hai Eigerian, Harrier pasti lebih seru!",False
google/gemma-3-4b-it,excitement,competence,hybrid_early,0.5,Setelah apa yang kuberikan dua hari ini masihkah ada keraguan?,"Hai Sobat BRI, mohon kesediaan untuk menunggu sebentar akan kami lakukan pengecekan terlebih dahulu. Dapatkan informasi terbaru seputar layanan dan promo BRI di Sabrina WhatsApp 0812 1214 017. Tks~Beni",False
google/gemma-3-4b-it,ruggedness,competence,hybrid_early,0.5,Hallo Bro untuk koleksi kemeja di SBY stocknya kosong Bro tinggal kaos dan jacket dan untuk Sandal masih tersedia.,"Hai Sobat BRI. Mohon maaf atas ketidaknyamanannya. Saat ini, koleksi kemeja di SBY sedang kosong, Sobat. Tersedia hanya kaos dan jacket. Untuk Sandal, masih tersedia. Silakan melakukan pengecekan ya. Tks~Agny",False
google/gemma-3-4b-it,sophistication,competence,hybrid_early,0.5,Craving for a tasty sandwich for your today? We have several selections to suit any taste at !,"""Feeling hungry for a delicious sandwich today? We've got amazing choices to satisfy every craving!""",False
google/gemma-3-4b-it,ruggedness,competence,hybrid_early,0.5,Dengan melakukan tektok kamu bisa menghemat waktu dengan mencapai puncak gunung dalam waktu yang lebih singkat. Selama melakukan tektok pastikan fisikmu prima dan mentalmu kuat ya Eigerian.,"Hai Eigerian, mohon maaf atas kendala dalam melakukan tektok. Pastikan fisik dan mentalmu prima selama melakukan tektok ya.",False
google/gemma-3-4b-it,ruggedness,competence,hybrid_early,0.5,Zeta ber-outsole Peta Komando terbaru yang ringan kini tersedia dalam warna Vintage Brown.,Guna memberikan informasi yang sesuai mohon pastikan metode transaksi yang dilakukan melalui DM. Dapatkan informasi terbaru seputar layanan dan promo BRI di Sabrina WhatsApp 0812 1214 017. Tks~Yoda,False
google/gemma-3-4b-it,sincerity,competence,hybrid_early,0.5,Penasaran dengan kisah Pangeran Antasari lebih lengkap? Kamu bisa menonton kisah lengkapnya melalui Saksikan Aksi Cosplay Pahlawan Nasional lebih dekat dengan cara yang lebih menarik dan seru! Yuk kunjungi Mekdi terdekatmu dan scan poster pahlawan untuk,"Hai Sobat BRI, perihal kisah Pangeran Antasari yang lebih lengkap? Yuk kunjungi Mekdi terdekat dan scan poster pahlawan untuk melihatnya! Dapatkan informasi terbaru seputar konten menarik BRI dengan Sabrina WhatsApp 0812 1214 017. Tks~Arthur",False
google/gemma-3-4b-it,excitement,competence,hybrid_early,0.5,Hai Kak jangan khawatir ya. Bisa diinfoin nomor telepon dan email Kakak yang terdaftar melalui DM agar aku bisa bantu cek. Tks^Ari,Hai Kak. Jangan khawatir ya. Silakan berikan nomor telepon dan email yang terdaftar melalui DM agar bisa bantu cek. Tks^Ari,False
google/gemma-3-4b-it,excitement,competence,hybrid_early,0.5,Emang yang paling benar cuma Mega Guncang 12.12 Tokopedia karena DIJAMIN DAPET SEMUA promonya!,Hai Sobat BRI. Benar ya. Kami informasikan promo Mega Guncang 12.12 Tokopedia karena DIJAMIN DAPET SEMUA promonya!,False
google/gemma-3-4b-it,sophistication,competence,hybrid_early,0.5,- wears peach halter top & skirt photographed by Kinez Riza at Atacama Desert,"Hai Sobat BRI. Mengenakan halter top & skirt yang dipotret oleh Kinez Riza di Atacama Desert, ya. Silakan melakukan pengecekan. Tks~Agny",False
google/gemma-3-4b-it,excitement,competence,hybrid_early,0.5,Woww,"Wah, keren banget! 👍",False
google/gemma-3-4b-it,excitement,competence,hybrid_early,0.5,Rehatkan sejenak pikiranmu dari berbagai aktivitas dengan yang menyegarkan ya beb! . . Nah yang mana nih pilihan kamu? Jangan lupa mention teman-temanmu ya beb! . . Kenangan,"""Hai beb! Mau relaksasi sesaat dari semua aktivitas yang melelahkan? Pilih yang mana nih? Jangan lupa sebutin teman-temanmu ya beb! . . Kenangan""",False
google/gemma-3-4b-it,ruggedness,competence,hybrid_early,0.5,Memiliki keunggulan yang dapat menahan angin kencang hujan deras hingga dingin yang ekstrim di kawasan bersalju. Namun tetap memiliki sifat material yang bernafas untuk memastikan uap keringat dapat ke luar dengan baik dalam kondisi ekstrim sekalipun.,"Hai Sobat BRI, kami informasikan produk ini memiliki keunggulan yang mampu menahan kondisi cuaca ekstrem, termasuk angin kencang, hujan deras, hingga suhu dingin di kawasan bersalju. Namun, tetaplah memiliki sifat material yang bernafas, memastikan uap keringat dapat keluar dengan baik, bahkan dalam kondisi ekstrem sekalipun.",False
google/gemma-3-4b-it,excitement,competence,hybrid_early,0.5,Nah ini baru bener promonya,"Hai Sobat BRI, mohon maaf atas ketidaknyamanannya. Guna pengecekan kami sudah mengirimkan pesan melalui DM. Silakan lakukan pengecekan ya. Dapatkan informasi terbaru seputar layanan dan promo BRI di Sabrina WhatsApp 0812 1214 017. Tks~Belin",False
google/gemma-3-4b-it,excitement,competence,hybrid_early,0.5,yang mana kak,Boleh dicek lagi ya Kak. Trims.,False
google/gemma-3-4b-it,sincerity,competence,hybrid_early,0.5,Renew You Cell Renewal Serum 1% Retinol Microcapsule + Ceramide for faster skin renewal serum ini cocok bgt buat kamu yang mau merawat kulit wajah dari umur 20an lho!karena ada kandungan Retinol yang dapat membantu mengurangi garis-garis halus dan memperbaiki tekstur kulit,"“Halo, Sobat! Untuk Renew You Cell Renewal Serum 1% Retinol Microcapsule + Ceramide ini, sangat cocok untuk kamu yang usia 20-an lho! Karena ada kandungan Retinol yang bisa membantu mengurangi garis-garis halus dan memperbaiki tekstur kulitmu.”",True
google/gemma-3-4b-it,sincerity,competence,hybrid_early,0.5,Hi Ibu senangnya sudah setia dengan DANCOW. Biasanya suka stok DANCOW varian apa? :),Dengan senang hati kami akan cek informasi yang diberikan melalui DM. Tks Tks ^Zoro,False
google/gemma-3-4b-it,sincerity,competence,hybrid_early,0.5,di sini ujaannn,"Hai Sobat BRI, mohon maaf atas ketidaknyamanan yang Anda alami. Saat ini, proses pembayaran masih dalam keadaan normal. Apabila saldo sudah berkurang, kami sarankan untuk melakukan pengecekan nomor token listrik melalui aplikasi BRImo dengan cara: 1. Login.",False
google/gemma-3-4b-it,sincerity,competence,hybrid_early,0.5,Mohon maaf atas ketidaknyamanannya. Dapatkah kamu sampaikan kendala yang kamu alami melalui DM ? agar kami dapat menindaklanjuti laporan kamu. Terima kasih,"Hai Sobat BRI. Mohon maaf atas ketidaknyamanan yang dialami. Silakan sampaikan kendala yang kamu alami melalui DM ya, agar kami dapat menindaklanjuti laporanmu. Terima kasih~Arthur",False
google/gemma-3-4b-it,ruggedness,competence,hybrid_early,0.5,New Release! Consina Daypack Grand Canyon 28L IDR : 275.000 Dapatkan segera di Consins,Hai Sobat Konsina! Jangan khawatir. Pesan kami sudah kami respons melalui DM. Silakan lakukan pengecekan ya. Dapatkan informasi terbaru seputar produk dan promo Konsina di Sabrina WhatsApp [Nomor WhatsApp]. Tks~Oris,True
google/gemma-3-4b-it,excitement,competence,hybrid_early,0.5,Jangan boong,"Hai Sobat BRI, mohon maaf atas ketidaknyamanan yang Anda alami. Kami sarankan untuk melakukan pengecekan saldo secara berkala dan pastikan penggunaan BRImo selalu diperbarui.",True
google/gemma-3-4b-it,ruggedness,competence,hybrid_early,0.5,Consina expert series coming soon di store!,"Hai Sobat BRI, informasi mengenai Consina Expert Series yang akan segera hadir di store kami akan segera kami sampaikan ya. Silakan pantau terus ya! Tks~Luis",False
google/gemma-3-4b-it,sophistication,competence,hybrid_early,0.5,Extend your stay and give yourself more days to relax explore or do whatever you want - on us!,"""Mau liburan lebih lama? Kami kasih tambahan hari buat relaksasi, eksplorasi, atau apapun yang kamu mau - gratis!""",False
google/gemma-3-4b-it,sincerity,competence,hybrid_early,0.5,Hai Bapak untuk pengajuan sponsorship silakan kirimkan proposal lengkapnya melalui email ke nestle.indonesia.nestle.com dengan file dalam bentuk Word atau PDF maksimal 3MB ya,"Hai Bapak. Untuk pengajuan sponsorship, silakan kirimkan proposal lengkapnya melalui email ke nestle.indonesia.nestle.com dengan file dalam format Word atau PDF maksimal 3MB ya.",False
google/gemma-3-4b-it,excitement,competence,hybrid_early,0.5,Omg,Keren banget ya! Semoga sukses!,False
google/gemma-3-4b-it,sophistication,competence,hybrid_early,0.5,Be curious be passionate. Dreaming in colors. Vespa Primavera Color Vibe! More info:,"“Yuk, jadi penasaran dan bersemangat! Bermimpi dengan warna-warni. Vespa Primavera Color Vibe! Info lebih lanjut:”",False
google/gemma-3-4b-it,excitement,competence,hybrid_early,0.5,Siang-siang biar nggak ngantuk mendingan ngopi dulu. Pas banget nih ada PROMO spesial dari buat kamu. Order sekarang yuk >,"""Nggak mau siang-siang ngantuk? Yuk, ngopi dulu! Ada PROMO mantap buat kamu nih, buruan order sekarang!""",False
google/gemma-3-4b-it,sophistication,competence,hybrid_early,0.5,Vespa is coming to GIIAS at ICE BSD Hall 9 - C15 today say hello to Vespa GTS Super 150 i-get ABS and other Vespa model!,"Hai Sobat BRI! Jangan khawatir. Terkait informasi mengenai Vespa yang hadir di GIIAS, kami sudah merespons melalui Mention sebelumnya. Silakan lakukan pengecekan. Dapatkan informasi terbaru seputar Vespa dan promo BRI di Sabrina WhatsApp 0812 1214 017. Tks~Aril",False
google/gemma-3-4b-it,sincerity,competence,hybrid_early,0.5,lop bgt si biru,Selamat malam Kak. Mohon cek DM ya Kak. Trims.,False
google/gemma-3-4b-it,ruggedness,competence,hybrid_early,0.5,Persiapan weekend besok udah pada punya sneakers terbaru Brodo belum? Dapatkan di,"Hai Bro, mimin mohon maaf atas ketidaknyamanan yang dialami. Jika sudah punya sneakers terbaru dari Brodo, bisa didapatkan di…",False
google/gemma-3-4b-it,ruggedness,competence,hybrid_early,0.5,Desak Made Rita Kusuma 6.52 detik,"“Desak Made Rita Kusuma, waktu deteksi 6.52 detik.”",False
google/gemma-3-4b-it,sophistication,competence,hybrid_early,0.5,ada di bsd bro.. Seberang hypermart sebelum bunderan alam sutra,"“Hai Sobat BRI. Ada ya di BSD bro, seberang hypermart sebelum bunderan Alam Sutra. Info lebih lanjut bisa cek link berikut ya.”",False
google/gemma-3-4b-it,excitement,competence,hybrid_early,0.5,PROMO THR hampir habis!! Sisa 2 hari lagi nih jangan sampe kelewatan~,"Hai Sobat BRI, jangan khawatir! Promo THR hampir habis, sisanya cuma 2 hari lagi ya. Jangan sampai ketinggalan! Dapatkan informasi terbaru seputar layanan dan promo BRI di Sabrina WhatsApp 0812 1214 017. Tks~Harvin",False
google/gemma-3-4b-it,sophistication,competence,hybrid_early,0.5,Hai Bestie apabila memiliki pertanyaan atau kendala mengenai pemesanan akun SOCO atau yang lainnya mohon menghubungi kami via email ke Cs.com,"Hai Bestie, mohon maaf atas ketidaknyamanannya. Terkait pertanyaan atau kendala mengenai pemesanan akun SOCO atau yang lainnya, silakan hubungi kami via email ke Cs.com ya. Tks~Geral",False
google/gemma-3-4b-it,sophistication,competence,hybrid_early,0.5,Satisfy your craving for delicious authentic Chinese for today at !,Hai Sobat BRI. Nikmati selera lezat hidangan Cina otentik Anda hari ini! Tks~Enzy,False
google/gemma-3-4b-it,excitement,competence,hybrid_early,0.5,Hi para Mantan Kopi Kenangan sekarang hadir di Bandung Indah Plaza lantai dasar sebagai outlet pertama di kota Bandung . Ga cuma itu aja kalian juga bisa nikmatin promo Beli 1 gratis 1 loh! Mention partner ngopi mu ya Beb!,"Hai para pecinta kopi! Sekarang, hadir di Bandung Indah Plaza lantai dasar sebagai outlet pertama di Bandung. Jangan lewatkan promo Beli 1 Gratis 1! Mention teman ngopi kamu ya Beb!",False
google/gemma-3-4b-it,excitement,competence,hybrid_early,0.5,Pacar jadi mood booster Mas mas Gojek jadi mood booster Emang dibekelin apa sih Driver Gojeknya? Nih aku kasih tau di ending video.,"Hai Sobat Gojek, pesan sudah kami respons melalui DM. Silakan melakukan pengecekan. Dapatkan informasi terbaru seputar layanan dan promo Gojek di Sabrina WhatsApp [Nomor WhatsApp]. Tks~Belin",False
google/gemma-3-4b-it,ruggedness,competence,hybrid_early,0.5,Ayo reply dengan foto CARRIER EIGER TERFAVORIT DI 2024 Caranya: 1. Follow 2. Repost & Like tweet ini 3. Ceritain kisah menarik dengan carrier EIGER kamu 4. Pakai hashtag 1 Eigerian akan dipilih pada 30 Desember 2024!,Hai Eigerian! Mohon maaf atas ketidaknyamanannya. Caranya: 1. Follow akun resmi kami 2. Repost & Like tweet ini 3. Ceritakan kisah seru dengan koleksi carrier EIGER kamu 4. Gunakan hashtag #Eigerian. Akan ada 1 Eigerian yang terpilih pada 30 Desember 2024!,False
google/gemma-3-4b-it,sincerity,competence,hybrid_early,0.5,iii baik bgt mamahhhyg abu jg cangtippp,Mohon kesediaan menunggu dengan senang hati kami akan segera Mention pelanggan. Tks ^Ivah,False
google/gemma-3-4b-it,sophistication,competence,hybrid_early,0.5,Nazhira Emally Charfima,"Hai Sobat BRI Nazhira Emally Charfima, mohon maaf atas ketidaknyamanannya. Saat ini layanan BRI sudah kembali normal. Mohon selalu menjaga kerahasiaan data perbankan seperti PIN.",True
google/gemma-3-4b-it,sophistication,competence,hybrid_early,0.5,offers an array of options for your holy month celebration of Ramadhan with your loved ones. Spice up your small family gatherings with our Iftar2Go or relish the fine craftsmanship from our talented Chefs with our Ramadan - Family Style Menu for larger gathering,"""Jangan lewatkan kesempatan berburu promo spesial Ramadhan untuk merayakan bersama orang tersayang! Nikmati Iftar2Go seru atau hidangan istimewa dari Chef-Chef BRI kami dengan menu Ramadan - Family Style untuk kumpul-kumpul besar!""",False
google/gemma-3-4b-it,ruggedness,competence,hybrid_early,0.5,Benerrr! ga pernah bosen ya kak,"""Siap Kak, segera dicek ya. Trimsss.""",False
google/gemma-3-4b-it,excitement,competence,hybrid_early,0.5,Ajak kakak adik dan teman-temanmu smuanya buat menikmati Satu Janji bareng-bareng!! Mumpung lagi PROMO nih jangan kehabisan ya!!,"“Ajak teman-teman semua buat seru-seruan Satu Janji bareng! Jangan kehabisan, mumpung lagi diskon spesial nih~”",False
google/gemma-3-4b-it,sincerity,competence,hybrid_early,0.5,Ingin mencoba ? Anda bisa melakukannya sendiri bersama teman keluarga atau komunitas olahraga. Persiapannya pun sederhana selain perlengkapan olahraga lari cukup sediakan sarung tangan & kantong sampah. Jgn lupa pemanasan dulu dan selalu berhati2 saat di jalan ya!,"Hai Sobat! Tertarik coba? Bisa kok, seru banget lari bareng teman, keluarga, atau komunitas olahraga! Persiapannya gampang, selain sepatu lari, sediakan sarung tangan sama kantong sampah ya. Jangan lupa pemanasan sebelum mulai, dan selalu hati-hati di jalan, ya! Tks~Diva",False
google/gemma-3-4b-it,sophistication,competence,hybrid_early,0.5,Each piece from the collection serves as a canvas for rich textures blending tactile fabrics intricate appliqu and elegant draping to create depth and dimension in-store from tomorrow 13 March,"Hai Sobat! Info menarik nih, koleksi terbaru kita udah siap mulai besok, 13 Maret. Setiap produknya bakalan jadi kanvas tekstur kaya, kombinasi kain bertekstur, aplikasi detail, dan draping elegan, biar makin berdimensi di toko ya!",False
google/gemma-3-4b-it,ruggedness,competence,hybrid_early,0.5,Selamat pagi para petualang Seduh kopi dulu yuk.. Photo by: THE,"Hai para petualang Seduh! Mohon maaf atas kendala yang mungkin timbul. Guna tindak lanjut, kami sudah mengirimkan pesan melalui DM. Silakan lakukan pengecekan ya. Tks~Erza",False
google/gemma-3-4b-it,sophistication,competence,hybrid_early,0.5,Info lebih lanjut segera klik sekarang juga.,Yuk klik sekarang juga untuk info lebih lanjut!,False
google/gemma-3-4b-it,sophistication,competence,hybrid_early,0.5,Heritage-inspired color palette distinguishes the SAPTO DJOJOKARTIKO One-Off Eid Collection 2024. Be sure to get the looks for your Eid wardrobe.,"“Guna mendapatkan penampilan yang sesuai untuk koleksi Eid One-Off SAPTO DJOJOKARTIKO 2024, manfaatkan palet warna terinspirasi warisan. Silakan cek ya!”",False
google/gemma-3-4b-it,excitement,competence,hybrid_early,0.5,Hari libur saatnya melepas penat dengan minuman yang bisa balikin semangat! Es Kopi Susu cocok banget manjain hari liburmu saat ini. Rayakan akhir pekanmu bersama mu ya,"""Wah, hari libur nih! Cocok banget buat nyemilin es kopi susu yang bikin semangat lagi! Yuk, rayain weekendnya bareng teman-teman!""",False
google/gemma-3-4b-it,ruggedness,competence,hybrid_early,0.5,Sementara bagian belakangnya bisa Brothers gunakan buat menyimpan ID lain atau kartu-kartu yang sering digunakan.,"Hai Sobat BRI, sementara untuk bagian belakang handphone, bisa digunakan untuk menyimpan ID atau kartu-kartu yang sering dipakai. Tks~Ulin",False
google/gemma-3-4b-it,sophistication,competence,hybrid_early,0.5,Terimakasih banyak buat yang seru. Selamat tahun baru . Take care pas pulangnya yah ^^,"Hai Sobat BRI, mohon maaf atas ketidaknyamanan yang dialami. Selamat tahun baru untuk Anda semua. Jaga diri baik-baik saat pulang ya ^^ Tks~Fadi",False
google/gemma-3-4b-it,excitement,competence,hybrid_early,0.5,Salting karena dikirimin bunga Salting karena diminta Bagikan Perjalanan Jadi berasa aman karena ada yang mantau~ Kayak di video ini gaes,"“Maaf baru balas ya karena banyak yang mengirimkan bunga dan meminta untuk membagikan perjalanan. Rasanya aman karena ada yang selalu memantau~ Seperti di video ini, guys.”",False
google/gemma-3-4b-it,ruggedness,competence,hybrid_early,0.5,Whatsapp down tidak jadi masalah untuk anak-anak pendakian,"“Mohon maaf atas ketidaknyamanannya. Jika kendala masih berlanjut, kami sarankan Bapak untuk menghubungi layanan Halo BCA 1500888 untuk pengecekan lebih lanjut. Tks ^Ketlyn”",False
google/gemma-3-4b-it,excitement,competence,hybrid_early,0.5,Hai Kak maaf banget atas kendala promo aplikasi Gojeknya ya Kak. Boleh informasikan nomor telepon dan email terdaftar via DM supaya kendala kamu bisa kami cek. Terima kasih^ekw,Hai Sobat BRI mohon maaf atas ketidaknyamanannya. Terkait kendala yang disampaikan kami sudah kirimkan pesan melalui DM. Silakan lakukan pengecekan ya. Dapatkan informasi terbaru seputar layanan dan promo BRI di Sabrina WhatsApp 0812 1214 017. Tks~Adam,False
google/gemma-3-4b-it,sophistication,competence,hybrid_early,0.5,The hand-embroidered selendang is the perfect accompaniment for your occasionwear tie the look together with your favourite brooch,"“Jika Anda menyukainya, mengapa tidak jadikan milik Anda? Pesan sekarang dan dapatkan total manfaat hingga Rp7,2 mio!”",False
google/gemma-3-4b-it,sincerity,competence,hybrid_early,0.5,Toys Happy Meal Minions sudah tersedia di sulurh gerai McDonald's Indonesia ya :),"Sangat disayangkan atas kendala yang mungkin timbul. Untuk hal tersebut, kami sarankan Bapak/Ibu dapat menghubungi layanan Halo BCA 1500888 atau melalui fitur Call pada aplikasi haloBCA (bebas pulsa) ya :) Tks^Javi",False
google/gemma-3-4b-it,ruggedness,competence,hybrid_early,0.5,Ah memang senyaman itu consiners! Eitsss tenang untuk kalian yang belum kebagian Everest coba Centurion Commander aja sama nyamannya kok,"Hai Sobat BRI! Maaf banget atas pengalaman kurang memuaskan. Coba deh Centurion Commander, lumayan nyaman kok! 😉",False
google/gemma-3-4b-it,ruggedness,competence,hybrid_early,0.5,Membuat tapai pakai ragi Minuman segar ada dinampan Ini pantun selamat pagi Untuk dirimu wahai Eigerian,Hai Sobat Eiger tidak perlu khawatir. Kami akan segera membalas pesan yang dikirimkan melalui DM. Mohon kesediaannya menunggu. Dapatkan informasi terbaru seputar layanan dan promo Eiger di Sabrina WhatsApp [nomor WhatsApp]. Tks~Fadi,False
google/gemma-3-4b-it,sincerity,competence,hybrid_early,0.5,Aplikasikan pada titik nadi (pergelangan tangan leher area belakang telinga belakang lutut) Jangan digosok setelah menyemprotkan parfum Bisa disemprotkan ke sisir dan disisir ke rambut Sini coba spill siapa aja nih yang udah cobain?,"Hai Sobat! Mohon maaf atas kendala saat menggunakan parfum. Jangan digosok setelah menyemprot, bisa disemprotkan ke sisir dan disisir ke rambut. Siapa coba spill siapa aja yang udah cobain? Tks~Arin",False
google/gemma-3-4b-it,sophistication,competence,hybrid_early,0.5,: Si bajigurs a.k.a di Caringin Tilu..josss | vespa_IND [pic],"Hai Sobat BRI, mohon maaf atas ketidaknyamanan yang dialami. Untuk pesan pada DM sudah kami respons mohon melakukan pengecekan ya. Dapatkan informasi terbaru seputar layanan dan promo BRI di Sabrina WhatsApp 0812 1214 017. Tks~Fadi",False
google/gemma-3-4b-it,sophistication,competence,hybrid_early,0.5,Detail sporty dengan warna yang berani = Vespa Sprint S 150 i-get ABS. Lengkapi gaya kamu dengan menjadikan Vespa sebagai kendaraan harianmu. Segera klik link yang ada di bio untuk info selengkapnya.,Hai Sobat BRI. Lengkapi gaya kamu dengan Vespa Sprint S 150 i-get ABS yang sporty dan berani! Jadikan Vespa sebagai kendaraan harianmu. Segera klik link di bio untuk info selengkapnya. Tks~,False
google/gemma-3-4b-it,excitement,competence,hybrid_early,0.5,Hai Kak jangan khawatir ya. Yuk infokan nomor telepon dan email yang terdaftar via DM agar dapat kami cek ya. Terima kasih^ast,Hai Sobat BRI. Mohon maaf atas ketidaknyamanan yang dialami. Silakan mengirimkan detail nomor telepon dan email yang terdaftar melalui DM agar dapat kami cek ya. Terima kasih^ast,False
google/gemma-3-4b-it,excitement,competence,hybrid_early,0.5,Hmm... Ada yang tau ngga kenapa bisa demikian ya Beb? Mention juga temen-temen kamu yang pernah ngalamin Beb!,"Hai Sobat BRI, mohon maaf atas ketidaknyamanannya. Terkait kendala yang dialami, kami sudah bantu respons melalui Mention sebelumnya. Silakan lakukan pengecekan ya. Dapatkan informasi terbaru seputar layanan dan promo BRI di Sabrina WhatsApp. Tks~Daria",False
google/gemma-3-4b-it,sincerity,competence,hybrid_early,0.5,Bolehkah kamu informasikan lokasi gerai McDonald's yang ingin kamu tuju ?,Mohon dapat diinformasikan lokasi gerai McDonald's yang ingin Bapak/Ibu tuju? Tks ^Groho,False
google/gemma-3-4b-it,sophistication,competence,hybrid_early,0.5,Visit Maison Saptodjojokartiko and enjoy our special discount for last season's collections samples & accessories,Selamat siang Bapak/Ibu pengunjung. Nikmati penawaran khusus untuk koleksi sampel & aksesori musim lalu di Maison Saptodjojokartiko. Info lengkapnya dapat follow dan mention Twitter ya. Tks~Rudi (1),False
google/gemma-3-4b-it,sophistication,competence,hybrid_early,0.5,Rachel Vennya and her children,"Halo kak Rachel Vennya, mohon maaf atas ketidaknyamanannya ya. Untuk memastikan kondisi anak-anaknya dan mendapatkan estimasi biaya yang akurat, kami sarankan untuk melakukan pengecekan langsung ke layanan profesional yang berkualifikasi.",False
google/gemma-3-4b-it,sincerity,competence,hybrid_early,0.5,Spotted Anissa Aziza di booth yang lagi skin check! Abis panas-panasan jangan lupa buat re-apply sunscreen ya beauties,"Hai Sobat BRI. Jangan khawatir. Terkait pertanyaan yang disampaikan, kami sudah mengirimkan pesan melalui DM. Silakan melakukan pengecekan ya. Tks~Erza",False
google/gemma-3-4b-it,ruggedness,competence,hybrid_early,0.5,Onok maneh rek! Carane posting fotomu pas ning lan entukno Kaos Kaki Gratis!!,“Halo teman! Cara posting foto kamu dan dapat Kaos Kaki Gratis!”,False
google/gemma-3-4b-it,ruggedness,competence,hybrid_early,0.5,Lengkapi outfit Brothers dengan terbaru Javelin Full Black. Dapatkan di,"Hai Sobat BRI, pesan DM sudah kami respons. Mohon lakukan pengecekan. Dapatkan informasi terbaru seputar layanan dan promo BRI di Sabrina WhatsApp 0812 1214 017. Tks~Oris",False
google/gemma-3-4b-it,sophistication,competence,hybrid_early,0.5,The Primavera 50th Anniversary edition is now available in Brown Matt!,"Hai Sobat BRI, informasi terbaru seputar Primavera 50th Anniversary edition Brown Matt telah kami respons melalui DM. Silakan melakukan pengecekan. Dapatkan informasi terbaru seputar layanan dan promo BRI di Sabrina WhatsApp 0812 1214 017. Tks~Bowo",False
google/gemma-3-4b-it,sincerity,competence,hybrid_early,0.5,emang kita gaboleh nunda nunda ya kalo mau jajan,"""Boleh banget tuh kalau mau jajan, asal jangan sampai telat ya!""",False
google/gemma-3-4b-it,sophistication,competence,hybrid_early,0.5,Menghadapi cuaca ekstrim lindungi vespa kalian dengan vehicle cover resmi dari Vespa,"Hai Sobat Vespa, mohon maaf atas ketidaknyamanan yang mungkin terjadi. Hal ini dilakukan demi menjaga keamanan kendaraan kesayangan Anda. Guna tindak lanjut, kami sudah mengirimkan pesan melalui DM. Silakan lakukan pengecekan. Dapatkan informasi terbaru seputar produk dan perlindungan Vespa di Sabrina WhatsApp [Nomor WhatsApp]. Tks~Heybi",False
google/gemma-3-4b-it,excitement,competence,hybrid_early,0.5,Hai Kak maaf ya. Mengenai langganan/Subscription diberikan secara acak sehingga tiap akun memiliki penawaran yang berbeda-beda dan kamu dapat memilih sesuai promo yang tersedia pada halaman Promo/Promos aplikasi Gojek ya. Terima kasih^ast,"Hai Sobat BRI tidak perlu khawatir. Mengenai langganan, diberikan secara acak sehingga tiap akun memiliki penawaran yang berbeda-beda dan kamu dapat memilih sesuai promo yang tersedia pada halaman Promo/Promos aplikasi Gojek ya. Terima kasih^ast",False
google/gemma-3-4b-it,excitement,competence,hybrid_early,0.5,Hi kak terima kasih untuk masukannya. Masukan dari kakak kami catat terlebih dahulu ya.,"Hai kak, terima kasih atas masukan yang telah diberikan. Kami sudah mencatat masukan dari kakak ya.",False
google/gemma-3-4b-it,ruggedness,competence,hybrid_early,0.5,Men s Lead Climbing Category FIRST PLACE: M Rizky Syahrafli SECOND PLACE: Musauwir THIRD PLACE: M Ramzi F,"Hai Sobat! Dengan bangga kami umumkan, M Rizky Syahrafli meraih juara pertama, Musauwir juara kedua, dan M Ramzi F juara ketiga dalam kompetisi Lead Climbing.",True
google/gemma-3-4b-it,sophistication,competence,hybrid_early,0.5,Bestie boleh kirim detailnya lebih lanjut via DM atau email ke cs.com yaa! We'd be happy to help you.,"Hai Bestie, mohon maaf atas ketidaknyamanannya. Terkait hal yang disampaikan, kami sudah balas melalui DM. Silakan lakukan pengecekan ya. Dapatkan informasi terbaru seputar layanan dan promo BRI dengan CS kami di cs.com. Tks~Geral",True
google/gemma-3-4b-it,sophistication,competence,hybrid_early,0.5,the name of cheongsam came from Canton language means long dress ?,"Hai Sobat BRI, menanyakan mengenai nama cheongsam dari bahasa Canton berarti gaun panjang?",False
google/gemma-3-4b-it,sophistication,competence,hybrid_early,0.5,What's happening in this July? Check out our latest e-newsletter to find out:,Hai Sobat BRI tidak perlu khawatir. Silakan lihat buletin elektronik terbaru kami bulan Juli untuk mengetahui apa saja yang terjadi: Tks~Harvin,False
google/gemma-3-4b-it,excitement,competence,hybrid_early,0.5,Hai Kak jangan khawatir ya Kak. Aku bakal bantuin Kamu. Coba dibantu lampirkan nomor telepon dan emailnya melalui DM ya Kak. Terima kasih ^ ibl,Hai Sobat BRI jangan khawatir ya. Silakan lakukan pengecekan melalui DM ya Kak. Terima kasih ~ibl,False
google/gemma-3-4b-it,sophistication,competence,hybrid_early,0.5,Nah ini dia contoh postingan Digital Content Competition saat dari yang bisa menangin hadiah genuine Vespa helmet dan Fila x Vespa caps. Caranya gampang banget klik sekarang juga.,"“Hai Sobat! Ada kesempatan emas nih buat kamu! Ikutan Digital Content Competition, bisa dapat hadiah keren, Vespa helmet original dan topi Fila x Vespa! Caranya super gampang: 1. Klik sekarang juga! 2. Buat postingan seru dan jangan lupa mention akun media sosial kita!”",False
google/gemma-3-4b-it,sophistication,competence,hybrid_early,0.5,Selamat Hari Raya Idul Adha 1434 H,"Hai Sobat BRI, Selamat Hari Raya Idul Adha 1434 H ya!",False
google/gemma-3-4b-it,excitement,competence,hybrid_early,0.5,Siapa yang Car Free Day kemarin mampir ke event Erigo di Sarinah?,Hai Sobat! Siapa yang hadir di event Erigo di Sarinah kemarin waktu Car Free Day?,False
google/gemma-3-4b-it,sophistication,competence,hybrid_early,0.5,New post! Magazine Cover: July 2012 styled by ...,Hai Sobat BRI. Tidak perlu khawatir. Postingan baru! Sampul Majalah: Juli 2012 yang di-styling oleh… Tks~Yoda,False
google/gemma-3-4b-it,sincerity,competence,hybrid_early,0.5,Selain koleksi mainannya yuk mainkan juga game digital Sonic 3 dengan cara scan QR code-nya di box Happy Meal kamu! Setelah berhasil scan QR-nya kamu bisa pilih karakter favoritmu lalu lari dan kumpulkan semua hadiah emeralds sebanyak-banyaknya dengan waktu yang tercepat!,"Hai Sobat! Jangan khawatir. Yuk, mainkan game digital Sonic 3 dengan scan QR code di box Happy Meal kamu! Setelah scan, pilih karakter favoritmu dan lari kumpulkan semua hadiah emeralds dengan waktu tercepat ya! Dapatkan informasi terbaru seputar layanan dan promo KFC di Sabrina WhatsApp 0812 1214 017. Tks~Lula",False
google/gemma-3-4b-it,ruggedness,competence,hybrid_early,0.5,hai ka keperluannya biasa di pakai pada saat apa? sehari hari atau untuk ke musim dingin ka?,"Hai Kak, untuk keperluan apa biasanya dipakainya? Sehari-hari atau untuk ke musim dingin ya Kak?",False
google/gemma-3-4b-it,excitement,competence,hybrid_early,0.5,Yeayy.. semoga selalu menjadi faboritmu ya Beb!,Hai Sobat BRI. Tidak perlu khawatir. Semoga selalu menjadi favoritmu ya! Tks~Yoda,False
google/gemma-3-4b-it,sophistication,competence,hybrid_early,0.5,Fashion Spread : Elle Indonesia February 2010,"Hai Sobat BRI, mohon maaf atas ketidaknyamanannya. Saat ini, kami informasikan bahwa Fashion Spread: Elle Indonesia February 2010 sudah kembali normal.",False
google/gemma-3-4b-it,excitement,competence,hybrid_early,0.5,Meskipun belum bisa menikmati langsung di Jilid kamu masih bisa pesan menu favoritmu dengan datang langsung dan melakukan pemesanan secara Take Away. Jangan lupa untuk tetap patuhi protokol kesehatan dan jangan lupa selalu pakai masker ya,"Hai! Jangan khawatir, Kak. Walaupun belum bisa dinikmati langsung, kamu tetap bisa pesan menu kesukaanmu dengan langsung datang dan melakukan pemesanan Take Away. Tetap patuhi protokol kesehatan ya, dan jangan lupa selalu pakai masker!",False
google/gemma-3-4b-it,sincerity,competence,hybrid_early,0.5,Ladies siapa yang masih suka galau bentuk alis mana yang tepat untuk wajahmu? Kalau kamu memiliki bentuk wajah bulat merapat ya ada tips nih!,"Hai Sobat BRI, apakah masih bingung memilih bentuk alis yang cocok untuk wajahmu? Jika kamu memiliki wajah bulat, kami punya tips nih!",False
google/gemma-3-4b-it,sophistication,competence,hybrid_early,0.5,Berkendara dengan skuter asal Italia yang kental dengan unsur kebudayaan Indonesia: Vespa Batik merupakan suatu hal membanggakan dalam kehidupan Klik link untuk info selengkapnya.,Hai Sobat BRI. Mohon maaf atas ketidaknyamanan yang dialami. Guna tindak lanjut kami sudah mengirimkan pesan melalui DM. Silakan melakukan pengecekan. Dapatkan informasi selengkapnya mengenai Vespa Batik melalui link ini. Tks~Satria,False
google/gemma-3-4b-it,excitement,competence,hybrid_early,0.5,Hallo para Mantan! mulai hari ini para Mantan sudah bisa menikmati menu baru Kopi Kenangan Red Velvet Oreo. Menu ini tersedia 2 ukuran loh! Bisa pilih regular atau large! Yuk segera pesan Beb!,Hai Mantan! Guna tindak lanjut kami sudah sudah mengirimkan pesan melalui DM ya. Dapatkan informasi terbaru seputar layanan dan promo Kopi Kenangan Red Velvet Oreo yang baru tersedia 2 ukuran loh! Bisa pilih regular atau large! Yuk segera pesan Beb!~Fadi,False
google/gemma-3-4b-it,ruggedness,competence,hybrid_early,0.5,yang diskon apa aja sih?? Cek disini yuk Eigerian!,"Hai Eigerian tidak perlu khawatir. Guna informasi yang sesuai mohon disampaikan, apakah yang dimaksud diskon apa saja? Dapatkan informasi terbaru seputar layanan dan promo Eiger di Sabrina WhatsApp 0812 1214 017. Tks~Thomas",False
google/gemma-3-4b-it,sophistication,competence,hybrid_early,0.5,Hi bestie bisa dibantu untuk mengirimkan ulang pesannya melalui DM/ email cs.com agar dapat kami bantu untuk pengecekan.,"Hai bestie, mohon maaf atas ketidaknyamanannya. Terkait permintaan pengiriman ulang pesan melalui DM/email cs.com, sudah kami respons ya. Silakan lakukan pengecekan. Tks~Belin",False
google/gemma-3-4b-it,sophistication,competence,hybrid_early,0.5,Weekend plans? Treat your family and friends to a delicious at !,"Hai Sobat BRI, rencana akhir pekan? Nikmati hidangan lezat bersama keluarga dan teman-teman! Tks~Dino",False
google/gemma-3-4b-it,sophistication,competence,hybrid_early,0.5,In conjunction with the private viewing of SAPTO DJOJOKARTIKO Spring/Summer 2021 collection we are also launching the collector's item selendang at the event. We are introducing two new patterns for the selendang Penara and Candi motif,"Hai Sobat Pelanggan! Untuk informasi terbaru seputar koleksi selendang Penara dan Candi motif, silakan cek DM kami ya. Tks~Luis",True
google/gemma-3-4b-it,sincerity,competence,hybrid_early,0.5,Mulai dari konvoi motor ke restoran Mekdi pengecekan kendaraan gratis permainan seru berhadiah menarik hingga promo spesial khusus pengguna motor yang pesan lewat Drive Thru McDonald s di hari itu saja.,"Hai Sobat BRI, mohon maaf atas ketidaknyamanannya. Mulai dari konvoi motor ke restoran Mekdi, ada pengecekan kendaraan gratis, permainan seru berhadiah menarik, hingga promo spesial khusus pengguna motor yang pesan lewat Drive Thru McDonald’s di hari itu saja. Tks~Winni",False
google/gemma-3-4b-it,sophistication,competence,hybrid_early,0.5,and Mikha Tambayong show what they wore when tuned in to the live unveiling of collection film yesterday,"Hai Sobat BRI, pesan DM sudah kami respons. Mohon melakukan pengecekan ya. Dapatkan informasi terbaru seputar layanan dan promo BRI di Sabrina WhatsApp 0812 1214 017. Tks~Oris",False
google/gemma-3-4b-it,sincerity,competence,hybrid_early,0.5,IYAKAANNN langsung ketar ketir heu,"Hai Sobat BRI, jangan panik. Kami sudah mengirimkan pesan melalui DM. Silakan lakukan pengecekan ya. Informasi lain seputar BRI bisa hubungi Sabrina WhatsApp 0812 1214 017. Tks~Priska",False
google/gemma-3-4b-it,excitement,competence,hybrid_early,0.5,Sembab dikit ga ngaruh yaa,"Hai Sobat BRI, mohon maaf atas kendala yang terjadi. Jika saldo sedikit berkurang, mungkin tidak berpengaruh ya.",False
google/gemma-3-4b-it,ruggedness,competence,hybrid_early,0.5,Panita mmbimbing para atlet mnuju lintasan untuk sesi latihan sore ini,Hai Sobat BRI. Mohon maaf atas ketidaknyamanannya. Kami informasikan Panita membimbing para atlet menuju lintasan untuk sesi latihan sore ini. Tks~Agny,False
google/gemma-3-4b-it,sincerity,competence,hybrid_early,0.5,Mohon maaf atas ketidaknyamanannya Boleh kamu informasikan kronologi kendala yang kamu alami melalui DM agar kami dapat menindaklanjuti kendala yang kamu alami. Terima kasih,"Hai Sobat BRI, mohon maaf atas ketidaknyamanan yang dialami. Silakan sampaikan kronologi kendala yang kamu alami melalui DM agar kami dapat menindaklanjuti. Terima kasih~Naya",False
google/gemma-3-4b-it,sophistication,competence,hybrid_early,0.5,Want to keep up with our latest news events and offers? Connect with us on here:,Hai Sobat BRI! Mau update berita terbaru dan penawaran menarik dari kami? Silakan hubungi kami di sini:,False
google/gemma-3-4b-it,sophistication,competence,hybrid_early,0.5,Happy Monday!! Spill ke Mimins please gimana cara naikin mood kalian hari ini,Hai Sobat BRI mohon maaf atas ketidaknyamanan yang dialami. Silakan ceritakan bagaimana cara meningkatkan mood kalian hari ini. Tks~Fadi,False
google/gemma-3-4b-it,sophistication,competence,hybrid_early,0.5,Craving for a tasty sandwich for your today? We have several selections to suit any taste at !,"""Feeling hungry for a delicious sandwich today? We’ve got amazing choices to satisfy every craving!""",False
google/gemma-3-4b-it,excitement,competence,hybrid_early,0.5,CONGRATULATIONS JUNGKOOK!!! Proud of u!!!,"Dengan senang hati, kami ikut berbahagia atas pencapaian Jungkookie!!! Proud of you! ^Groho",True
google/gemma-3-4b-it,excitement,competence,hybrid_early,0.5,Hai Kak mohon maaf sebelumnya. Bisa diinformasikan nomor telepon dan e-mail yang terdaftar pada aplikasi Gojek melalui DM agar kami bantu cek. Terima kasih -IC,Hai Sobat BRI. Mohon maaf atas kendala terkait informasi yang Anda sampaikan. Silakan lakukan pengecekan melalui DM dengan nomor telepon dan e-mail yang terdaftar pada aplikasi Gojek ya. Terima kasih -IC,False
google/gemma-3-4b-it,sincerity,competence,hybrid_early,0.5,THE WAIT IS LITERALLY OVER! Emina presents your bestie since day 1 our NEW Emina Bright Stuff with oxybiome This improved formula helps boost your skin's oxygen for a brighter bouncy glow in 14 days! How do you feel bestie?,"Hai Sobat Emina! Akhirnya sudah tiba! Emina perkenalkan Bright Stuff baru dengan oxybiome-mu! Formula yang lebih baik ini bantu tingkatkan oksigen di kulitmu untuk glowing cerah dalam 14 hari! Gimana rasanya, bestie?",False
google/gemma-3-4b-it,sophistication,competence,hybrid_early,0.5,Black Penara embellished dress and onyx Ikana mules,"Hai Sobat BRI. Mohon maaf atas ketidaknyamanannya. Kami informasikan, dress Black Penara embellished dan onyx Ikana mules telah kami proses. Silakan melakukan pengecekan. Tks~Agny",False
google/gemma-3-4b-it,sophistication,competence,hybrid_early,0.5,Makasih banget buat antusiasnya,Yeay! terima kasih banyak buat antusiasnya,False
google/gemma-3-4b-it,sophistication,competence,hybrid_early,0.5,Julient Frysca,"“Julient Frysca, mohon cek DM ya Kak.”",False
google/gemma-3-4b-it,sophistication,competence,hybrid_early,0.5,To explore more about Four Seasons Jakarta visit:,dapat kami sarankan untuk mengunjungi lebih lanjut mengenai Four Seasons Jakarta dengan menghubungi Contact Center Officer Halo BCA di nomor 1500888. Tks^Ivah,False
google/gemma-3-4b-it,sincerity,competence,hybrid_early,0.5,Tenangin hati dulu dengan Iced Coffee aja Kak. Kesegarannya bisa bikin kamu jadi makin adem dan siapa tahu bikin jadi lebih lancar buat diungkapin,"“Tenangin diri dulu yuk, Kak, minum Iced Coffee aja! Rasanya yang seger bisa bikin kita jadi lebih adem dan siapa tau lebih lancar buat ngungkapin perasaan.”",False
google/gemma-3-4b-it,sincerity,competence,hybrid_early,0.5,Apapun momen yang kamu nikmati kalau dengan Big Mac Beef Rasher pasti momenmu bisa dinikmati lebih lama! Bayangin 2 lapis daging sapi asli disajikan dengan 3 lembar Beef Rasher selada segar keju gurih acar timun bawang & saus spesial diapit roti lembut bertabur wijen,"Guna tindak lanjut kami sudah mengirimkan pesan melalui DM ya. Bayangin, momenmu bisa dinikmati lebih lama dengan Big Mac Beef Rasher!",False
