model_id,original_style,style_target,retrieval_method,alpha,original_message,paraphrased_message,is_human_eval,sample_index,sample_seed,run_seed,retrieved_exemplars,retrieval_fallback,n_exemplars,prompt_chars,output_tokens,eos_reached,output_chars
google/gemma-3-4b-it,informal,formal,centroid,N/A,halo selamat malam mau konfirmasi bisa gak kita melakukan pembatalan pesanan tanpa power merchantnya harus dicabut . karena ini kebetulan saya ( konsumen ) yang mau membatalkan,"“Halo, selamat malam. Saya ingin menanyakan apakah pembatalan pesanan bisa dilakukan, namun sepertinya power merchantnya belum dicabut. Ini kebetulan saya, konsumen yang ingin membatalkan.”",False,1,4300000,43,"[""selamat malam . mohon saya diberi informasi . paket saya sejak tanggal xxxnumberxxx tertahan dengan status itu dan belum terkirim sampai sekarang . ada apa ?"", ""sudah xxxnumberxxx hari , status belum juga berubah admin . tadi sudah telepon qc katanya cuma disuruh menunggu ."", ""sore admin . ini ada keluhan nomor saya , pulsa terpotong terus . padahal tidak berlangganan paket apapun . tolong diperiksa min + xxxnumberxxx xxxnumberxxx - xxxnumberxxx - xxxnumberxxx ."", ""grab paket hemat saya billingnya itu tanggal xxxnumberxxx juli xxxnumberxxx . sekarang sudah agustus mengapa subscribe - nya masih aktif ?"", ""dear indosat , saya mau isi paket , tetapi mengapa tidak bisa ya ? sudah sejak jam xxxtimexxx tadi pulsa sudah masuk tetapi tidak bisa aktif .""]",False,5,1775,45,False,189
google/gemma-3-4b-it,informal,formal,centroid,N/A,"min , tolong di menu favorite , agar barang bisa di filter seperti pada menu pencarian barang lainnya , bisa disortir harga , jasa pengiriman dll","“Halo, tolong diatur ya, di bagian favorit, biar barang bisa difilter kayak di menu pencarian barang lain, bisa disortir harga, jasa pengiriman, gitu lho.”",False,3,4300001,43,"[""selamat malam . mohon saya diberi informasi . paket saya sejak tanggal xxxnumberxxx tertahan dengan status itu dan belum terkirim sampai sekarang . ada apa ?"", ""sudah xxxnumberxxx hari , status belum juga berubah admin . tadi sudah telepon qc katanya cuma disuruh menunggu ."", ""sore admin . ini ada keluhan nomor saya , pulsa terpotong terus . padahal tidak berlangganan paket apapun . tolong diperiksa min + xxxnumberxxx xxxnumberxxx - xxxnumberxxx - xxxnumberxxx ."", ""grab paket hemat saya billingnya itu tanggal xxxnumberxxx juli xxxnumberxxx . sekarang sudah agustus mengapa subscribe - nya masih aktif ?"", ""dear indosat , saya mau isi paket , tetapi mengapa tidak bisa ya ? sudah sejak jam xxxtimexxx tadi pulsa sudah masuk tetapi tidak bisa aktif .""]",False,5,1744,43,False,155
google/gemma-3-4b-it,informal,formal,centroid,N/A,pembelian paket internet malam kok ga bisa ya min ?,"“Halo, kok pembelian paket internet malam saya kok nggak bisa ya, min?”",False,5,4300002,43,"[""selamat malam . mohon saya diberi informasi . paket saya sejak tanggal xxxnumberxxx tertahan dengan status itu dan belum terkirim sampai sekarang . ada apa ?"", ""sudah xxxnumberxxx hari , status belum juga berubah admin . tadi sudah telepon qc katanya cuma disuruh menunggu ."", ""sore admin . ini ada keluhan nomor saya , pulsa terpotong terus . padahal tidak berlangganan paket apapun . tolong diperiksa min + xxxnumberxxx xxxnumberxxx - xxxnumberxxx - xxxnumberxxx ."", ""grab paket hemat saya billingnya itu tanggal xxxnumberxxx juli xxxnumberxxx . sekarang sudah agustus mengapa subscribe - nya masih aktif ?"", ""dear indosat , saya mau isi paket , tetapi mengapa tidak bisa ya ? sudah sejak jam xxxtimexxx tadi pulsa sudah masuk tetapi tidak bisa aktif .""]",False,5,1650,18,False,71
google/gemma-3-4b-it,informal,formal,centroid,N/A,transaksi xxxnumberxxx . pembeli meminta kami untuk membatalkan transaksi ini . mohon bantuannya,"“Pak, transaksi nomor xxxnumberxxx ini dibatalkan oleh pembeli. Mohon bantuannya ya.”",False,7,4300003,43,"[""selamat malam . mohon saya diberi informasi . paket saya sejak tanggal xxxnumberxxx tertahan dengan status itu dan belum terkirim sampai sekarang . ada apa ?"", ""sudah xxxnumberxxx hari , status belum juga berubah admin . tadi sudah telepon qc katanya cuma disuruh menunggu ."", ""sore admin . ini ada keluhan nomor saya , pulsa terpotong terus . padahal tidak berlangganan paket apapun . tolong diperiksa min + xxxnumberxxx xxxnumberxxx - xxxnumberxxx - xxxnumberxxx ."", ""grab paket hemat saya billingnya itu tanggal xxxnumberxxx juli xxxnumberxxx . sekarang sudah agustus mengapa subscribe - nya masih aktif ?"", ""dear indosat , saya mau isi paket , tetapi mengapa tidak bisa ya ? sudah sejak jam xxxtimexxx tadi pulsa sudah masuk tetapi tidak bisa aktif .""]",False,5,1695,24,False,85
google/gemma-3-4b-it,informal,formal,centroid,N/A,enak ae . iku subscription ku yo . bayar bulanan . masalahnya yg gaada nasi . gimana cara makannya we . kalo sayur asem yg ada gpp ikhlas -_-,"“Wah, langgananku enak banget. Bayar bulanan. Masalahnya nggak ada nasi. Gimana cara makannya ya? Kalo sayur asem yang ada, ya udah ikhlas -_-”",False,9,4300004,43,"[""selamat malam . mohon saya diberi informasi . paket saya sejak tanggal xxxnumberxxx tertahan dengan status itu dan belum terkirim sampai sekarang . ada apa ?"", ""sudah xxxnumberxxx hari , status belum juga berubah admin . tadi sudah telepon qc katanya cuma disuruh menunggu ."", ""sore admin . ini ada keluhan nomor saya , pulsa terpotong terus . padahal tidak berlangganan paket apapun . tolong diperiksa min + xxxnumberxxx xxxnumberxxx - xxxnumberxxx - xxxnumberxxx ."", ""grab paket hemat saya billingnya itu tanggal xxxnumberxxx juli xxxnumberxxx . sekarang sudah agustus mengapa subscribe - nya masih aktif ?"", ""dear indosat , saya mau isi paket , tetapi mengapa tidak bisa ya ? sudah sejak jam xxxtimexxx tadi pulsa sudah masuk tetapi tidak bisa aktif .""]",False,5,1740,45,False,143
google/gemma-3-4b-it,informal,formal,centroid,N/A,"receiver tidak di rumah saat paket tiba , sprinter tsb ga ada konfirmasi ke receiver sama sekali . ga ada telepon . padahal sopnya begitu kan ? ( xxxnumberxxx )","“Paketnya belum sampai karena penerima tidak ada di rumah waktu tiba, kok admin? Sopir seharusnya menelepon, kan? ( xxxnumberxxx )”",False,11,4300005,43,"[""selamat malam . mohon saya diberi informasi . paket saya sejak tanggal xxxnumberxxx tertahan dengan status itu dan belum terkirim sampai sekarang . ada apa ?"", ""sudah xxxnumberxxx hari , status belum juga berubah admin . tadi sudah telepon qc katanya cuma disuruh menunggu ."", ""sore admin . ini ada keluhan nomor saya , pulsa terpotong terus . padahal tidak berlangganan paket apapun . tolong diperiksa min + xxxnumberxxx xxxnumberxxx - xxxnumberxxx - xxxnumberxxx ."", ""grab paket hemat saya billingnya itu tanggal xxxnumberxxx juli xxxnumberxxx . sekarang sudah agustus mengapa subscribe - nya masih aktif ?"", ""dear indosat , saya mau isi paket , tetapi mengapa tidak bisa ya ? sudah sejak jam xxxtimexxx tadi pulsa sudah masuk tetapi tidak bisa aktif .""]",False,5,1759,36,False,131
google/gemma-3-4b-it,informal,formal,centroid,N/A,"halo indosat lagi gangguan kah didaerah cileungsi , dari kemaren susah sinyal","“Halo Indosat, saya mau tanya, sejak kemarin di daerah Cileungsi sinyalnya susah sekali, ada gangguan ya?”",True,13,4300006,43,"[""selamat malam . mohon saya diberi informasi . paket saya sejak tanggal xxxnumberxxx tertahan dengan status itu dan belum terkirim sampai sekarang . ada apa ?"", ""sudah xxxnumberxxx hari , status belum juga berubah admin . tadi sudah telepon qc katanya cuma disuruh menunggu ."", ""sore admin . ini ada keluhan nomor saya , pulsa terpotong terus . padahal tidak berlangganan paket apapun . tolong diperiksa min + xxxnumberxxx xxxnumberxxx - xxxnumberxxx - xxxnumberxxx ."", ""grab paket hemat saya billingnya itu tanggal xxxnumberxxx juli xxxnumberxxx . sekarang sudah agustus mengapa subscribe - nya masih aktif ?"", ""dear indosat , saya mau isi paket , tetapi mengapa tidak bisa ya ? sudah sejak jam xxxtimexxx tadi pulsa sudah masuk tetapi tidak bisa aktif .""]",False,5,1676,30,False,106
google/gemma-3-4b-it,informal,formal,centroid,N/A,"haloo , min mau tanya dong kenapa yaa setiap jam segini internet xxxnumberxxx g aku gabisa internetan padahal jaringanya bagus . boleh tolong bantuanya ?","“Halo, permisi mau menanyakan kenapa ya setiap jam ini internetku tidak bisa dipakai padahal sinyalnya bagus. Mohon bantuannya.”",True,15,4300007,43,"[""selamat malam . mohon saya diberi informasi . paket saya sejak tanggal xxxnumberxxx tertahan dengan status itu dan belum terkirim sampai sekarang . ada apa ?"", ""sudah xxxnumberxxx hari , status belum juga berubah admin . tadi sudah telepon qc katanya cuma disuruh menunggu ."", ""sore admin . ini ada keluhan nomor saya , pulsa terpotong terus . padahal tidak berlangganan paket apapun . tolong diperiksa min + xxxnumberxxx xxxnumberxxx - xxxnumberxxx - xxxnumberxxx ."", ""grab paket hemat saya billingnya itu tanggal xxxnumberxxx juli xxxnumberxxx . sekarang sudah agustus mengapa subscribe - nya masih aktif ?"", ""dear indosat , saya mau isi paket , tetapi mengapa tidak bisa ya ? sudah sejak jam xxxtimexxx tadi pulsa sudah masuk tetapi tidak bisa aktif .""]",False,5,1752,32,False,128
google/gemma-3-4b-it,informal,formal,centroid,N/A,aku udah jelaskan panjang lebar di dmnya doi,“sudah kubilang detailnya lewat DM dia.”,True,17,4300008,43,"[""selamat malam . mohon saya diberi informasi . paket saya sejak tanggal xxxnumberxxx tertahan dengan status itu dan belum terkirim sampai sekarang . ada apa ?"", ""sudah xxxnumberxxx hari , status belum juga berubah admin . tadi sudah telepon qc katanya cuma disuruh menunggu ."", ""sore admin . ini ada keluhan nomor saya , pulsa terpotong terus . padahal tidak berlangganan paket apapun . tolong diperiksa min + xxxnumberxxx xxxnumberxxx - xxxnumberxxx - xxxnumberxxx ."", ""grab paket hemat saya billingnya itu tanggal xxxnumberxxx juli xxxnumberxxx . sekarang sudah agustus mengapa subscribe - nya masih aktif ?"", ""dear indosat , saya mau isi paket , tetapi mengapa tidak bisa ya ? sudah sejak jam xxxtimexxx tadi pulsa sudah masuk tetapi tidak bisa aktif .""]",False,5,1643,13,False,40
google/gemma-3-4b-it,informal,formal,centroid,N/A,percuma ! itu² saja jawabannya . tidak membantu sama sekali !,"""dasar admin, jawabannya nggak jelas! sama sekali nggak ada solusinya!""",False,19,4300009,43,"[""selamat malam . mohon saya diberi informasi . paket saya sejak tanggal xxxnumberxxx tertahan dengan status itu dan belum terkirim sampai sekarang . ada apa ?"", ""sudah xxxnumberxxx hari , status belum juga berubah admin . tadi sudah telepon qc katanya cuma disuruh menunggu ."", ""sore admin . ini ada keluhan nomor saya , pulsa terpotong terus . padahal tidak berlangganan paket apapun . tolong diperiksa min + xxxnumberxxx xxxnumberxxx - xxxnumberxxx - xxxnumberxxx ."", ""grab paket hemat saya billingnya itu tanggal xxxnumberxxx juli xxxnumberxxx . sekarang sudah agustus mengapa subscribe - nya masih aktif ?"", ""dear indosat , saya mau isi paket , tetapi mengapa tidak bisa ya ? sudah sejak jam xxxtimexxx tadi pulsa sudah masuk tetapi tidak bisa aktif .""]",False,5,1660,20,False,71
google/gemma-3-4b-it,informal,formal,centroid,N/A,udah tak dm ya boleh di cek aja,"“sudah saya hubungi lewat chat, mohon bantu cek juga”",False,21,4300010,43,"[""selamat malam . mohon saya diberi informasi . paket saya sejak tanggal xxxnumberxxx tertahan dengan status itu dan belum terkirim sampai sekarang . ada apa ?"", ""sudah xxxnumberxxx hari , status belum juga berubah admin . tadi sudah telepon qc katanya cuma disuruh menunggu ."", ""sore admin . ini ada keluhan nomor saya , pulsa terpotong terus . padahal tidak berlangganan paket apapun . tolong diperiksa min + xxxnumberxxx xxxnumberxxx - xxxnumberxxx - xxxnumberxxx ."", ""grab paket hemat saya billingnya itu tanggal xxxnumberxxx juli xxxnumberxxx . sekarang sudah agustus mengapa subscribe - nya masih aktif ?"", ""dear indosat , saya mau isi paket , tetapi mengapa tidak bisa ya ? sudah sejak jam xxxtimexxx tadi pulsa sudah masuk tetapi tidak bisa aktif .""]",False,5,1630,17,False,53
google/gemma-3-4b-it,informal,formal,centroid,N/A,ketika ema nyuru beli belanjaan ke warung,"“saat ema datang, mau beli belanjaan ke warung.”",False,23,4300011,43,"[""selamat malam . mohon saya diberi informasi . paket saya sejak tanggal xxxnumberxxx tertahan dengan status itu dan belum terkirim sampai sekarang . ada apa ?"", ""sudah xxxnumberxxx hari , status belum juga berubah admin . tadi sudah telepon qc katanya cuma disuruh menunggu ."", ""sore admin . ini ada keluhan nomor saya , pulsa terpotong terus . padahal tidak berlangganan paket apapun . tolong diperiksa min + xxxnumberxxx xxxnumberxxx - xxxnumberxxx - xxxnumberxxx ."", ""grab paket hemat saya billingnya itu tanggal xxxnumberxxx juli xxxnumberxxx . sekarang sudah agustus mengapa subscribe - nya masih aktif ?"", ""dear indosat , saya mau isi paket , tetapi mengapa tidak bisa ya ? sudah sejak jam xxxtimexxx tadi pulsa sudah masuk tetapi tidak bisa aktif .""]",False,5,1640,16,False,48
google/gemma-3-4b-it,informal,formal,centroid,N/A,kok tau ! kamu mata - matai aku ya !,“apa sih?! kenapa kamu ngintip aku?”,False,25,4300012,43,"[""selamat malam . mohon saya diberi informasi . paket saya sejak tanggal xxxnumberxxx tertahan dengan status itu dan belum terkirim sampai sekarang . ada apa ?"", ""sudah xxxnumberxxx hari , status belum juga berubah admin . tadi sudah telepon qc katanya cuma disuruh menunggu ."", ""sore admin . ini ada keluhan nomor saya , pulsa terpotong terus . padahal tidak berlangganan paket apapun . tolong diperiksa min + xxxnumberxxx xxxnumberxxx - xxxnumberxxx - xxxnumberxxx ."", ""grab paket hemat saya billingnya itu tanggal xxxnumberxxx juli xxxnumberxxx . sekarang sudah agustus mengapa subscribe - nya masih aktif ?"", ""dear indosat , saya mau isi paket , tetapi mengapa tidak bisa ya ? sudah sejak jam xxxtimexxx tadi pulsa sudah masuk tetapi tidak bisa aktif .""]",False,5,1635,12,False,36
google/gemma-3-4b-it,informal,formal,centroid,N/A,hai indosat kenapa pulsa saya kesedot,"“Halo Indosat, kok pulsa saya terus berkurang?”",False,27,4300013,43,"[""selamat malam . mohon saya diberi informasi . paket saya sejak tanggal xxxnumberxxx tertahan dengan status itu dan belum terkirim sampai sekarang . ada apa ?"", ""sudah xxxnumberxxx hari , status belum juga berubah admin . tadi sudah telepon qc katanya cuma disuruh menunggu ."", ""sore admin . ini ada keluhan nomor saya , pulsa terpotong terus . padahal tidak berlangganan paket apapun . tolong diperiksa min + xxxnumberxxx xxxnumberxxx - xxxnumberxxx - xxxnumberxxx ."", ""grab paket hemat saya billingnya itu tanggal xxxnumberxxx juli xxxnumberxxx . sekarang sudah agustus mengapa subscribe - nya masih aktif ?"", ""dear indosat , saya mau isi paket , tetapi mengapa tidak bisa ya ? sudah sejak jam xxxtimexxx tadi pulsa sudah masuk tetapi tidak bisa aktif .""]",False,5,1636,16,False,47
google/gemma-3-4b-it,informal,formal,centroid,N/A,tfr ke rek rdn dari jum ' at siang sampe sekarang belum masuk juga help,"""Halo admin, saya mau tanya tfr ke RDN dari jam Jumat siang sampai sekarang belum masuk ya?""",False,29,4300014,43,"[""selamat malam . mohon saya diberi informasi . paket saya sejak tanggal xxxnumberxxx tertahan dengan status itu dan belum terkirim sampai sekarang . ada apa ?"", ""sudah xxxnumberxxx hari , status belum juga berubah admin . tadi sudah telepon qc katanya cuma disuruh menunggu ."", ""sore admin . ini ada keluhan nomor saya , pulsa terpotong terus . padahal tidak berlangganan paket apapun . tolong diperiksa min + xxxnumberxxx xxxnumberxxx - xxxnumberxxx - xxxnumberxxx ."", ""grab paket hemat saya billingnya itu tanggal xxxnumberxxx juli xxxnumberxxx . sekarang sudah agustus mengapa subscribe - nya masih aktif ?"", ""dear indosat , saya mau isi paket , tetapi mengapa tidak bisa ya ? sudah sejak jam xxxtimexxx tadi pulsa sudah masuk tetapi tidak bisa aktif .""]",False,5,1670,24,False,92
google/gemma-3-4b-it,informal,formal,centroid,N/A,"oh iyaa . pak eko , kalo xxxuserxxx gue pake modem andromax nya , lumayan kenceng internetan dan jaringan uda xxxnumberxxx g lte pula","“Halo Pak Eko, mengenai modem Andromax saya, lumayan cepat internetnya dan sinyal LTE-nya juga sudah xxxnumberxxx.”",False,31,4300015,43,"[""selamat malam . mohon saya diberi informasi . paket saya sejak tanggal xxxnumberxxx tertahan dengan status itu dan belum terkirim sampai sekarang . ada apa ?"", ""sudah xxxnumberxxx hari , status belum juga berubah admin . tadi sudah telepon qc katanya cuma disuruh menunggu ."", ""sore admin . ini ada keluhan nomor saya , pulsa terpotong terus . padahal tidak berlangganan paket apapun . tolong diperiksa min + xxxnumberxxx xxxnumberxxx - xxxnumberxxx - xxxnumberxxx ."", ""grab paket hemat saya billingnya itu tanggal xxxnumberxxx juli xxxnumberxxx . sekarang sudah agustus mengapa subscribe - nya masih aktif ?"", ""dear indosat , saya mau isi paket , tetapi mengapa tidak bisa ya ? sudah sejak jam xxxtimexxx tadi pulsa sudah masuk tetapi tidak bisa aktif .""]",False,5,1732,31,False,115
google/gemma-3-4b-it,informal,formal,centroid,N/A,"gojek sepersepuluh hidupku , makasih gojek telah membawaku keluar dari zona nyaman","“tolong, admin, paket gojek saya sudah terkirim sejak tanggal xxxnumberxxx dan belum sampai sekarang. kenapa ya?”",False,33,4300016,43,"[""selamat malam . mohon saya diberi informasi . paket saya sejak tanggal xxxnumberxxx tertahan dengan status itu dan belum terkirim sampai sekarang . ada apa ?"", ""sudah xxxnumberxxx hari , status belum juga berubah admin . tadi sudah telepon qc katanya cuma disuruh menunggu ."", ""sore admin . ini ada keluhan nomor saya , pulsa terpotong terus . padahal tidak berlangganan paket apapun . tolong diperiksa min + xxxnumberxxx xxxnumberxxx - xxxnumberxxx - xxxnumberxxx ."", ""grab paket hemat saya billingnya itu tanggal xxxnumberxxx juli xxxnumberxxx . sekarang sudah agustus mengapa subscribe - nya masih aktif ?"", ""dear indosat , saya mau isi paket , tetapi mengapa tidak bisa ya ? sudah sejak jam xxxtimexxx tadi pulsa sudah masuk tetapi tidak bisa aktif .""]",False,5,1681,29,False,113
google/gemma-3-4b-it,informal,formal,centroid,N/A,tolong dong udah xxxnumberxxx xxxnumberxxx x kayagini . kenapa ya ?,"“Halo, sudah xxxnumberxxx hari, kok belum aktif ya?”",False,35,4300017,43,"[""selamat malam . mohon saya diberi informasi . paket saya sejak tanggal xxxnumberxxx tertahan dengan status itu dan belum terkirim sampai sekarang . ada apa ?"", ""sudah xxxnumberxxx hari , status belum juga berubah admin . tadi sudah telepon qc katanya cuma disuruh menunggu ."", ""sore admin . ini ada keluhan nomor saya , pulsa terpotong terus . padahal tidak berlangganan paket apapun . tolong diperiksa min + xxxnumberxxx xxxnumberxxx - xxxnumberxxx - xxxnumberxxx ."", ""grab paket hemat saya billingnya itu tanggal xxxnumberxxx juli xxxnumberxxx . sekarang sudah agustus mengapa subscribe - nya masih aktif ?"", ""dear indosat , saya mau isi paket , tetapi mengapa tidak bisa ya ? sudah sejak jam xxxtimexxx tadi pulsa sudah masuk tetapi tidak bisa aktif .""]",False,5,1666,16,False,52
google/gemma-3-4b-it,informal,formal,centroid,N/A,ada di nomor xxxnumberxxx yuk kawan ikutan : xxxuserxxx xxxuserxxx xxxuserxxx done follow sosial media xxxuserxxx semoga beruntung,"""Halo teman, ada di nomor xxxnumberxxx yuk ikutan : xxxuserxxx xxxuserxxx xxxuserxxx. semoga berhasil!""",False,37,4300018,43,"[""selamat malam . mohon saya diberi informasi . paket saya sejak tanggal xxxnumberxxx tertahan dengan status itu dan belum terkirim sampai sekarang . ada apa ?"", ""sudah xxxnumberxxx hari , status belum juga berubah admin . tadi sudah telepon qc katanya cuma disuruh menunggu ."", ""sore admin . ini ada keluhan nomor saya , pulsa terpotong terus . padahal tidak berlangganan paket apapun . tolong diperiksa min + xxxnumberxxx xxxnumberxxx - xxxnumberxxx - xxxnumberxxx ."", ""grab paket hemat saya billingnya itu tanggal xxxnumberxxx juli xxxnumberxxx . sekarang sudah agustus mengapa subscribe - nya masih aktif ?"", ""dear indosat , saya mau isi paket , tetapi mengapa tidak bisa ya ? sudah sejak jam xxxtimexxx tadi pulsa sudah masuk tetapi tidak bisa aktif .""]",False,5,1729,29,False,103
google/gemma-3-4b-it,informal,formal,centroid,N/A,min xxxuserxxx ini kenapa sinyalku daritadi g terus ya ? tolong min cuman bisa bergantung sm wifi nih heu,"“Halo, admin. Sinyal saya dari tadi terus saja tidak stabil. Mohon bantu, hanya bisa bergantung pada Wi-Fi saja ya, pak.”",False,39,4300019,43,"[""selamat malam . mohon saya diberi informasi . paket saya sejak tanggal xxxnumberxxx tertahan dengan status itu dan belum terkirim sampai sekarang . ada apa ?"", ""sudah xxxnumberxxx hari , status belum juga berubah admin . tadi sudah telepon qc katanya cuma disuruh menunggu ."", ""sore admin . ini ada keluhan nomor saya , pulsa terpotong terus . padahal tidak berlangganan paket apapun . tolong diperiksa min + xxxnumberxxx xxxnumberxxx - xxxnumberxxx - xxxnumberxxx ."", ""grab paket hemat saya billingnya itu tanggal xxxnumberxxx juli xxxnumberxxx . sekarang sudah agustus mengapa subscribe - nya masih aktif ?"", ""dear indosat , saya mau isi paket , tetapi mengapa tidak bisa ya ? sudah sejak jam xxxtimexxx tadi pulsa sudah masuk tetapi tidak bisa aktif .""]",False,5,1704,34,False,121
google/gemma-3-4b-it,informal,formal,centroid,N/A,"dicoba nugget nya sosisnya , sapatau mau endorse","""permisi admin, saya mau tanya soal promo nugget sosisnya, kok belum aktif ya? mau coba endorse nih.""",False,41,4300020,43,"[""selamat malam . mohon saya diberi informasi . paket saya sejak tanggal xxxnumberxxx tertahan dengan status itu dan belum terkirim sampai sekarang . ada apa ?"", ""sudah xxxnumberxxx hari , status belum juga berubah admin . tadi sudah telepon qc katanya cuma disuruh menunggu ."", ""sore admin . ini ada keluhan nomor saya , pulsa terpotong terus . padahal tidak berlangganan paket apapun . tolong diperiksa min + xxxnumberxxx xxxnumberxxx - xxxnumberxxx - xxxnumberxxx ."", ""grab paket hemat saya billingnya itu tanggal xxxnumberxxx juli xxxnumberxxx . sekarang sudah agustus mengapa subscribe - nya masih aktif ?"", ""dear indosat , saya mau isi paket , tetapi mengapa tidak bisa ya ? sudah sejak jam xxxtimexxx tadi pulsa sudah masuk tetapi tidak bisa aktif .""]",False,5,1647,27,False,101
google/gemma-3-4b-it,informal,formal,centroid,N/A,"kalo mau request insta cash , telepon ke halo bca yak ? ada requirement kah ?","“buat request insta cash, telepon ke halo bca ya? ada persyaratan kah?”",False,43,4300021,43,"[""selamat malam . mohon saya diberi informasi . paket saya sejak tanggal xxxnumberxxx tertahan dengan status itu dan belum terkirim sampai sekarang . ada apa ?"", ""sudah xxxnumberxxx hari , status belum juga berubah admin . tadi sudah telepon qc katanya cuma disuruh menunggu ."", ""sore admin . ini ada keluhan nomor saya , pulsa terpotong terus . padahal tidak berlangganan paket apapun . tolong diperiksa min + xxxnumberxxx xxxnumberxxx - xxxnumberxxx - xxxnumberxxx ."", ""grab paket hemat saya billingnya itu tanggal xxxnumberxxx juli xxxnumberxxx . sekarang sudah agustus mengapa subscribe - nya masih aktif ?"", ""dear indosat , saya mau isi paket , tetapi mengapa tidak bisa ya ? sudah sejak jam xxxtimexxx tadi pulsa sudah masuk tetapi tidak bisa aktif .""]",False,5,1676,19,False,71
google/gemma-3-4b-it,informal,formal,centroid,N/A,bakaar terooss sampe abis tu duit,"""uangku abis semua, bener-bener habis.""",True,45,4300022,43,"[""selamat malam . mohon saya diberi informasi . paket saya sejak tanggal xxxnumberxxx tertahan dengan status itu dan belum terkirim sampai sekarang . ada apa ?"", ""sudah xxxnumberxxx hari , status belum juga berubah admin . tadi sudah telepon qc katanya cuma disuruh menunggu ."", ""sore admin . ini ada keluhan nomor saya , pulsa terpotong terus . padahal tidak berlangganan paket apapun . tolong diperiksa min + xxxnumberxxx xxxnumberxxx - xxxnumberxxx - xxxnumberxxx ."", ""grab paket hemat saya billingnya itu tanggal xxxnumberxxx juli xxxnumberxxx . sekarang sudah agustus mengapa subscribe - nya masih aktif ?"", ""dear indosat , saya mau isi paket , tetapi mengapa tidak bisa ya ? sudah sejak jam xxxtimexxx tadi pulsa sudah masuk tetapi tidak bisa aktif .""]",False,5,1632,16,False,39
google/gemma-3-4b-it,informal,formal,centroid,N/A,iyah sudah tolong cek dm saya min,tolong cek dm saya ya min,True,47,4300023,43,"[""selamat malam . mohon saya diberi informasi . paket saya sejak tanggal xxxnumberxxx tertahan dengan status itu dan belum terkirim sampai sekarang . ada apa ?"", ""sudah xxxnumberxxx hari , status belum juga berubah admin . tadi sudah telepon qc katanya cuma disuruh menunggu ."", ""sore admin . ini ada keluhan nomor saya , pulsa terpotong terus . padahal tidak berlangganan paket apapun . tolong diperiksa min + xxxnumberxxx xxxnumberxxx - xxxnumberxxx - xxxnumberxxx ."", ""grab paket hemat saya billingnya itu tanggal xxxnumberxxx juli xxxnumberxxx . sekarang sudah agustus mengapa subscribe - nya masih aktif ?"", ""dear indosat , saya mau isi paket , tetapi mengapa tidak bisa ya ? sudah sejak jam xxxtimexxx tadi pulsa sudah masuk tetapi tidak bisa aktif .""]",False,5,1632,9,False,25
google/gemma-3-4b-it,informal,formal,centroid,N/A,miinn paketan aku gabisa mulu mau sampe kapan ini mau ngerjain tugas jadi gabisaa,"""min, paketku kok nggak bisa ya? udah mau sampe kapan ini, mau ngerjain tugas jadi nggak bisa.""",False,49,4300024,43,"[""selamat malam . mohon saya diberi informasi . paket saya sejak tanggal xxxnumberxxx tertahan dengan status itu dan belum terkirim sampai sekarang . ada apa ?"", ""sudah xxxnumberxxx hari , status belum juga berubah admin . tadi sudah telepon qc katanya cuma disuruh menunggu ."", ""sore admin . ini ada keluhan nomor saya , pulsa terpotong terus . padahal tidak berlangganan paket apapun . tolong diperiksa min + xxxnumberxxx xxxnumberxxx - xxxnumberxxx - xxxnumberxxx ."", ""grab paket hemat saya billingnya itu tanggal xxxnumberxxx juli xxxnumberxxx . sekarang sudah agustus mengapa subscribe - nya masih aktif ?"", ""dear indosat , saya mau isi paket , tetapi mengapa tidak bisa ya ? sudah sejak jam xxxtimexxx tadi pulsa sudah masuk tetapi tidak bisa aktif .""]",False,5,1680,28,False,95
google/gemma-3-4b-it,informal,formal,centroid,N/A,"bukan saya mba , saya pengguna setia telkomsel . coba mba cek tweet temen saya","“Halo, saya pengguna telkomsel. Tolong lihat postingan teman saya di Twitter.”",False,51,4300025,43,"[""selamat malam . mohon saya diberi informasi . paket saya sejak tanggal xxxnumberxxx tertahan dengan status itu dan belum terkirim sampai sekarang . ada apa ?"", ""sudah xxxnumberxxx hari , status belum juga berubah admin . tadi sudah telepon qc katanya cuma disuruh menunggu ."", ""sore admin . ini ada keluhan nomor saya , pulsa terpotong terus . padahal tidak berlangganan paket apapun . tolong diperiksa min + xxxnumberxxx xxxnumberxxx - xxxnumberxxx - xxxnumberxxx ."", ""grab paket hemat saya billingnya itu tanggal xxxnumberxxx juli xxxnumberxxx . sekarang sudah agustus mengapa subscribe - nya masih aktif ?"", ""dear indosat , saya mau isi paket , tetapi mengapa tidak bisa ya ? sudah sejak jam xxxtimexxx tadi pulsa sudah masuk tetapi tidak bisa aktif .""]",False,5,1677,20,False,78
google/gemma-3-4b-it,informal,formal,centroid,N/A,"chat aja ul , pilih di menu pusat bantuan","“Uli, coba chat aja ke pusat bantuan ya.”",True,53,4300026,43,"[""selamat malam . mohon saya diberi informasi . paket saya sejak tanggal xxxnumberxxx tertahan dengan status itu dan belum terkirim sampai sekarang . ada apa ?"", ""sudah xxxnumberxxx hari , status belum juga berubah admin . tadi sudah telepon qc katanya cuma disuruh menunggu ."", ""sore admin . ini ada keluhan nomor saya , pulsa terpotong terus . padahal tidak berlangganan paket apapun . tolong diperiksa min + xxxnumberxxx xxxnumberxxx - xxxnumberxxx - xxxnumberxxx ."", ""grab paket hemat saya billingnya itu tanggal xxxnumberxxx juli xxxnumberxxx . sekarang sudah agustus mengapa subscribe - nya masih aktif ?"", ""dear indosat , saya mau isi paket , tetapi mengapa tidak bisa ya ? sudah sejak jam xxxtimexxx tadi pulsa sudah masuk tetapi tidak bisa aktif .""]",False,5,1640,14,False,41
google/gemma-3-4b-it,informal,formal,centroid,N/A,lagi eror bukan ? kok mau cari barang ga bisa mulu,“Kok lagi error ya? Mau cek barang nggak bisa-bisanya.”,False,55,4300027,43,"[""selamat malam . mohon saya diberi informasi . paket saya sejak tanggal xxxnumberxxx tertahan dengan status itu dan belum terkirim sampai sekarang . ada apa ?"", ""sudah xxxnumberxxx hari , status belum juga berubah admin . tadi sudah telepon qc katanya cuma disuruh menunggu ."", ""sore admin . ini ada keluhan nomor saya , pulsa terpotong terus . padahal tidak berlangganan paket apapun . tolong diperiksa min + xxxnumberxxx xxxnumberxxx - xxxnumberxxx - xxxnumberxxx ."", ""grab paket hemat saya billingnya itu tanggal xxxnumberxxx juli xxxnumberxxx . sekarang sudah agustus mengapa subscribe - nya masih aktif ?"", ""dear indosat , saya mau isi paket , tetapi mengapa tidak bisa ya ? sudah sejak jam xxxtimexxx tadi pulsa sudah masuk tetapi tidak bisa aktif .""]",False,5,1649,17,False,55
google/gemma-3-4b-it,informal,formal,centroid,N/A,fitur asuransi link aja ada di nomor xxxnumberxxx . kuy ramaikan .,"“Pak, fitur asuransi ada di nomor xxxnumberxxx. Yuk, coba pakai.”",True,57,4300028,43,"[""selamat malam . mohon saya diberi informasi . paket saya sejak tanggal xxxnumberxxx tertahan dengan status itu dan belum terkirim sampai sekarang . ada apa ?"", ""sudah xxxnumberxxx hari , status belum juga berubah admin . tadi sudah telepon qc katanya cuma disuruh menunggu ."", ""sore admin . ini ada keluhan nomor saya , pulsa terpotong terus . padahal tidak berlangganan paket apapun . tolong diperiksa min + xxxnumberxxx xxxnumberxxx - xxxnumberxxx - xxxnumberxxx ."", ""grab paket hemat saya billingnya itu tanggal xxxnumberxxx juli xxxnumberxxx . sekarang sudah agustus mengapa subscribe - nya masih aktif ?"", ""dear indosat , saya mau isi paket , tetapi mengapa tidak bisa ya ? sudah sejak jam xxxtimexxx tadi pulsa sudah masuk tetapi tidak bisa aktif .""]",False,5,1665,21,False,65
google/gemma-3-4b-it,informal,formal,centroid,N/A,"kontak aja ke adminnya xxxuserxxx oom , mungkin bisa dibantu","“tolong hubungi adminnya, xxxuserxxx, mungkin bisa membantu.”",False,59,4300029,43,"[""selamat malam . mohon saya diberi informasi . paket saya sejak tanggal xxxnumberxxx tertahan dengan status itu dan belum terkirim sampai sekarang . ada apa ?"", ""sudah xxxnumberxxx hari , status belum juga berubah admin . tadi sudah telepon qc katanya cuma disuruh menunggu ."", ""sore admin . ini ada keluhan nomor saya , pulsa terpotong terus . padahal tidak berlangganan paket apapun . tolong diperiksa min + xxxnumberxxx xxxnumberxxx - xxxnumberxxx - xxxnumberxxx ."", ""grab paket hemat saya billingnya itu tanggal xxxnumberxxx juli xxxnumberxxx . sekarang sudah agustus mengapa subscribe - nya masih aktif ?"", ""dear indosat , saya mau isi paket , tetapi mengapa tidak bisa ya ? sudah sejak jam xxxtimexxx tadi pulsa sudah masuk tetapi tidak bisa aktif .""]",False,5,1659,18,False,61
google/gemma-3-4b-it,informal,formal,centroid,N/A,yang terhormat indosat ini kenapa cek paketan isi voucher pakatan tidak bisa . tolong jawab . jangan jawab cuma hai hai hai kak terus,"“Halo Indosat, saya mau tanya kenapa isi voucher paket saya tidak bisa diaktifkan. Tolong segera bantu, jangan hanya basa-basi.”",False,61,4300030,43,"[""selamat malam . mohon saya diberi informasi . paket saya sejak tanggal xxxnumberxxx tertahan dengan status itu dan belum terkirim sampai sekarang . ada apa ?"", ""sudah xxxnumberxxx hari , status belum juga berubah admin . tadi sudah telepon qc katanya cuma disuruh menunggu ."", ""sore admin . ini ada keluhan nomor saya , pulsa terpotong terus . padahal tidak berlangganan paket apapun . tolong diperiksa min + xxxnumberxxx xxxnumberxxx - xxxnumberxxx - xxxnumberxxx ."", ""grab paket hemat saya billingnya itu tanggal xxxnumberxxx juli xxxnumberxxx . sekarang sudah agustus mengapa subscribe - nya masih aktif ?"", ""dear indosat , saya mau isi paket , tetapi mengapa tidak bisa ya ? sudah sejak jam xxxtimexxx tadi pulsa sudah masuk tetapi tidak bisa aktif .""]",False,5,1732,33,False,128
google/gemma-3-4b-it,informal,formal,centroid,N/A,"baik kak dewa , silakan cek dm kembali","""Halo kak dewa, mohon cek DM kembali ya.""",False,63,4300031,43,"[""selamat malam . mohon saya diberi informasi . paket saya sejak tanggal xxxnumberxxx tertahan dengan status itu dan belum terkirim sampai sekarang . ada apa ?"", ""sudah xxxnumberxxx hari , status belum juga berubah admin . tadi sudah telepon qc katanya cuma disuruh menunggu ."", ""sore admin . ini ada keluhan nomor saya , pulsa terpotong terus . padahal tidak berlangganan paket apapun . tolong diperiksa min + xxxnumberxxx xxxnumberxxx - xxxnumberxxx - xxxnumberxxx ."", ""grab paket hemat saya billingnya itu tanggal xxxnumberxxx juli xxxnumberxxx . sekarang sudah agustus mengapa subscribe - nya masih aktif ?"", ""dear indosat , saya mau isi paket , tetapi mengapa tidak bisa ya ? sudah sejak jam xxxtimexxx tadi pulsa sudah masuk tetapi tidak bisa aktif .""]",False,5,1637,15,False,41
google/gemma-3-4b-it,informal,formal,centroid,N/A,cobain aja pake xxxuserxxx di mbd wan,“coba deh pakai xxxuserxxx di MBD Wan.”,False,65,4300032,43,"[""selamat malam . mohon saya diberi informasi . paket saya sejak tanggal xxxnumberxxx tertahan dengan status itu dan belum terkirim sampai sekarang . ada apa ?"", ""sudah xxxnumberxxx hari , status belum juga berubah admin . tadi sudah telepon qc katanya cuma disuruh menunggu ."", ""sore admin . ini ada keluhan nomor saya , pulsa terpotong terus . padahal tidak berlangganan paket apapun . tolong diperiksa min + xxxnumberxxx xxxnumberxxx - xxxnumberxxx - xxxnumberxxx ."", ""grab paket hemat saya billingnya itu tanggal xxxnumberxxx juli xxxnumberxxx . sekarang sudah agustus mengapa subscribe - nya masih aktif ?"", ""dear indosat , saya mau isi paket , tetapi mengapa tidak bisa ya ? sudah sejak jam xxxtimexxx tadi pulsa sudah masuk tetapi tidak bisa aktif .""]",False,5,1636,15,False,39
google/gemma-3-4b-it,informal,formal,centroid,N/A,"mohon maaf atas kesalahan penyebutan nama ibu novi . untuk email ibu akan kami tindaklanjuti , mohon kesediaanya menunggu . tks ~ toby","""maaf ya , soalnya nama ibu novi salah ketik . email ibu bakal di lanjutin ya , mohon sabar nunggu . thanks ~ toby""",False,67,4300033,43,"[""selamat malam . mohon saya diberi informasi . paket saya sejak tanggal xxxnumberxxx tertahan dengan status itu dan belum terkirim sampai sekarang . ada apa ?"", ""sudah xxxnumberxxx hari , status belum juga berubah admin . tadi sudah telepon qc katanya cuma disuruh menunggu ."", ""sore admin . ini ada keluhan nomor saya , pulsa terpotong terus . padahal tidak berlangganan paket apapun . tolong diperiksa min + xxxnumberxxx xxxnumberxxx - xxxnumberxxx - xxxnumberxxx ."", ""grab paket hemat saya billingnya itu tanggal xxxnumberxxx juli xxxnumberxxx . sekarang sudah agustus mengapa subscribe - nya masih aktif ?"", ""dear indosat , saya mau isi paket , tetapi mengapa tidak bisa ya ? sudah sejak jam xxxtimexxx tadi pulsa sudah masuk tetapi tidak bisa aktif .""]",False,5,1733,36,False,115
google/gemma-3-4b-it,informal,formal,centroid,N/A,opini yang mana ? memang rokok itu mengerikan dan membunuh . titik .,"“ini jelas banget ya, rokok itu bahaya dan bikin sakit. bener kan?”",False,69,4300034,43,"[""selamat malam . mohon saya diberi informasi . paket saya sejak tanggal xxxnumberxxx tertahan dengan status itu dan belum terkirim sampai sekarang . ada apa ?"", ""sudah xxxnumberxxx hari , status belum juga berubah admin . tadi sudah telepon qc katanya cuma disuruh menunggu ."", ""sore admin . ini ada keluhan nomor saya , pulsa terpotong terus . padahal tidak berlangganan paket apapun . tolong diperiksa min + xxxnumberxxx xxxnumberxxx - xxxnumberxxx - xxxnumberxxx ."", ""grab paket hemat saya billingnya itu tanggal xxxnumberxxx juli xxxnumberxxx . sekarang sudah agustus mengapa subscribe - nya masih aktif ?"", ""dear indosat , saya mau isi paket , tetapi mengapa tidak bisa ya ? sudah sejak jam xxxtimexxx tadi pulsa sudah masuk tetapi tidak bisa aktif .""]",False,5,1667,21,False,67
google/gemma-3-4b-it,informal,formal,centroid,N/A,same power mau pesen go - clean kok ga ada ya ?,"“Hai, kok paket Go Clean-nya gak bisa dipesan ya? Sudah jam berapa ini?”",True,71,4300035,43,"[""selamat malam . mohon saya diberi informasi . paket saya sejak tanggal xxxnumberxxx tertahan dengan status itu dan belum terkirim sampai sekarang . ada apa ?"", ""sudah xxxnumberxxx hari , status belum juga berubah admin . tadi sudah telepon qc katanya cuma disuruh menunggu ."", ""sore admin . ini ada keluhan nomor saya , pulsa terpotong terus . padahal tidak berlangganan paket apapun . tolong diperiksa min + xxxnumberxxx xxxnumberxxx - xxxnumberxxx - xxxnumberxxx ."", ""grab paket hemat saya billingnya itu tanggal xxxnumberxxx juli xxxnumberxxx . sekarang sudah agustus mengapa subscribe - nya masih aktif ?"", ""dear indosat , saya mau isi paket , tetapi mengapa tidak bisa ya ? sudah sejak jam xxxtimexxx tadi pulsa sudah masuk tetapi tidak bisa aktif .""]",False,5,1646,21,False,72
google/gemma-3-4b-it,informal,formal,centroid,N/A,"dari tadi susah nggak dapat driver , kenapa sih ? nyusahin ya nggak ada respon pula ditanya .","“Wah, kok susah ya nemuin drivernya? bikin repot juga, nggak ada respon sama sekali kalau ditanya.”",False,73,4300036,43,"[""selamat malam . mohon saya diberi informasi . paket saya sejak tanggal xxxnumberxxx tertahan dengan status itu dan belum terkirim sampai sekarang . ada apa ?"", ""sudah xxxnumberxxx hari , status belum juga berubah admin . tadi sudah telepon qc katanya cuma disuruh menunggu ."", ""sore admin . ini ada keluhan nomor saya , pulsa terpotong terus . padahal tidak berlangganan paket apapun . tolong diperiksa min + xxxnumberxxx xxxnumberxxx - xxxnumberxxx - xxxnumberxxx ."", ""grab paket hemat saya billingnya itu tanggal xxxnumberxxx juli xxxnumberxxx . sekarang sudah agustus mengapa subscribe - nya masih aktif ?"", ""dear indosat , saya mau isi paket , tetapi mengapa tidak bisa ya ? sudah sejak jam xxxtimexxx tadi pulsa sudah masuk tetapi tidak bisa aktif .""]",False,5,1692,27,False,99
google/gemma-3-4b-it,informal,formal,centroid,N/A,"malam , mohon infonya , apakah sedang ada gangguan di aplikasi mbanking bni ?","Malam, tolong info dong, ada masalah di aplikasi mbanking BNI gak ya?",False,75,4300037,43,"[""selamat malam . mohon saya diberi informasi . paket saya sejak tanggal xxxnumberxxx tertahan dengan status itu dan belum terkirim sampai sekarang . ada apa ?"", ""sudah xxxnumberxxx hari , status belum juga berubah admin . tadi sudah telepon qc katanya cuma disuruh menunggu ."", ""sore admin . ini ada keluhan nomor saya , pulsa terpotong terus . padahal tidak berlangganan paket apapun . tolong diperiksa min + xxxnumberxxx xxxnumberxxx - xxxnumberxxx - xxxnumberxxx ."", ""grab paket hemat saya billingnya itu tanggal xxxnumberxxx juli xxxnumberxxx . sekarang sudah agustus mengapa subscribe - nya masih aktif ?"", ""dear indosat , saya mau isi paket , tetapi mengapa tidak bisa ya ? sudah sejak jam xxxtimexxx tadi pulsa sudah masuk tetapi tidak bisa aktif .""]",False,5,1676,20,False,69
google/gemma-3-4b-it,informal,formal,centroid,N/A,"min , mohon bantuannya . tolong cek dm saya , terima kasih","“Hai, tolong bantu cek DM saya ya, makasih banyak.”",False,77,4300038,43,"[""selamat malam . mohon saya diberi informasi . paket saya sejak tanggal xxxnumberxxx tertahan dengan status itu dan belum terkirim sampai sekarang . ada apa ?"", ""sudah xxxnumberxxx hari , status belum juga berubah admin . tadi sudah telepon qc katanya cuma disuruh menunggu ."", ""sore admin . ini ada keluhan nomor saya , pulsa terpotong terus . padahal tidak berlangganan paket apapun . tolong diperiksa min + xxxnumberxxx xxxnumberxxx - xxxnumberxxx - xxxnumberxxx ."", ""grab paket hemat saya billingnya itu tanggal xxxnumberxxx juli xxxnumberxxx . sekarang sudah agustus mengapa subscribe - nya masih aktif ?"", ""dear indosat , saya mau isi paket , tetapi mengapa tidak bisa ya ? sudah sejak jam xxxtimexxx tadi pulsa sudah masuk tetapi tidak bisa aktif .""]",False,5,1657,17,False,51
google/gemma-3-4b-it,informal,formal,centroid,N/A,"berkat dana xxxuserxxx dong , beli pulsa total xxxnumberxxx bayarnya cukup xxxnumberxxx . pulsa xxxnumberxxx langsung aku pake buat beli paket data tsel xxxnumberxxx gb .","“Terima kasih banyak, xxxuserxxx, atas dana pulsan sebesar xxxnumberxxx.  Pulsa xxxnumberxxx yang didapat, saya pakai untuk beli paket data Tsel xxxnumberxxx gb.”",False,79,4300039,43,"[""selamat malam . mohon saya diberi informasi . paket saya sejak tanggal xxxnumberxxx tertahan dengan status itu dan belum terkirim sampai sekarang . ada apa ?"", ""sudah xxxnumberxxx hari , status belum juga berubah admin . tadi sudah telepon qc katanya cuma disuruh menunggu ."", ""sore admin . ini ada keluhan nomor saya , pulsa terpotong terus . padahal tidak berlangganan paket apapun . tolong diperiksa min + xxxnumberxxx xxxnumberxxx - xxxnumberxxx - xxxnumberxxx ."", ""grab paket hemat saya billingnya itu tanggal xxxnumberxxx juli xxxnumberxxx . sekarang sudah agustus mengapa subscribe - nya masih aktif ?"", ""dear indosat , saya mau isi paket , tetapi mengapa tidak bisa ya ? sudah sejak jam xxxtimexxx tadi pulsa sudah masuk tetapi tidak bisa aktif .""]",False,5,1769,44,False,162
google/gemma-3-4b-it,informal,formal,centroid,N/A,apakah paketan bhyplastic saya akan di lanjut otomatis apabila telah isi pulsa,"“buat paket bhyplastic saya, kalau pulsa udah diisi, otomatis lanjut nggak ya?”",False,81,4300040,43,"[""selamat malam . mohon saya diberi informasi . paket saya sejak tanggal xxxnumberxxx tertahan dengan status itu dan belum terkirim sampai sekarang . ada apa ?"", ""sudah xxxnumberxxx hari , status belum juga berubah admin . tadi sudah telepon qc katanya cuma disuruh menunggu ."", ""sore admin . ini ada keluhan nomor saya , pulsa terpotong terus . padahal tidak berlangganan paket apapun . tolong diperiksa min + xxxnumberxxx xxxnumberxxx - xxxnumberxxx - xxxnumberxxx ."", ""grab paket hemat saya billingnya itu tanggal xxxnumberxxx juli xxxnumberxxx . sekarang sudah agustus mengapa subscribe - nya masih aktif ?"", ""dear indosat , saya mau isi paket , tetapi mengapa tidak bisa ya ? sudah sejak jam xxxtimexxx tadi pulsa sudah masuk tetapi tidak bisa aktif .""]",False,5,1677,22,False,79
google/gemma-3-4b-it,informal,formal,centroid,N/A,kalo chips ny rusak emang masih bisa di isi saldo ? masih bisa ke detect pas cek sisa saldo ?,"“Halo, saya mau tanya soal chip bekas. Masih bisa diisi saldo, ya? Terus, masih bisa diceetin saldo pas cek sisa saldo juga?”",False,83,4300041,43,"[""selamat malam . mohon saya diberi informasi . paket saya sejak tanggal xxxnumberxxx tertahan dengan status itu dan belum terkirim sampai sekarang . ada apa ?"", ""sudah xxxnumberxxx hari , status belum juga berubah admin . tadi sudah telepon qc katanya cuma disuruh menunggu ."", ""sore admin . ini ada keluhan nomor saya , pulsa terpotong terus . padahal tidak berlangganan paket apapun . tolong diperiksa min + xxxnumberxxx xxxnumberxxx - xxxnumberxxx - xxxnumberxxx ."", ""grab paket hemat saya billingnya itu tanggal xxxnumberxxx juli xxxnumberxxx . sekarang sudah agustus mengapa subscribe - nya masih aktif ?"", ""dear indosat , saya mau isi paket , tetapi mengapa tidak bisa ya ? sudah sejak jam xxxtimexxx tadi pulsa sudah masuk tetapi tidak bisa aktif .""]",False,5,1692,36,False,125
google/gemma-3-4b-it,informal,formal,centroid,N/A,"hi , mohon maaf atas ketidaknyamananya . kamu bisa message nomor dan pertanyaan terkait melalui twitter xxxuserxxx agar dapat dibantu ditindaklanjuti . semoga cukup membantu , terima kasih","“halo , maaf atas ketidaknyamanannya . bisa bantu kirim pesan ke nomor dan pertanyaan terkait via twitter @xxxuserxxx biar bisa ditindaklanjuti . semoga membantu , terima kasih.”",False,85,4300042,43,"[""selamat malam . mohon saya diberi informasi . paket saya sejak tanggal xxxnumberxxx tertahan dengan status itu dan belum terkirim sampai sekarang . ada apa ?"", ""sudah xxxnumberxxx hari , status belum juga berubah admin . tadi sudah telepon qc katanya cuma disuruh menunggu ."", ""sore admin . ini ada keluhan nomor saya , pulsa terpotong terus . padahal tidak berlangganan paket apapun . tolong diperiksa min + xxxnumberxxx xxxnumberxxx - xxxnumberxxx - xxxnumberxxx ."", ""grab paket hemat saya billingnya itu tanggal xxxnumberxxx juli xxxnumberxxx . sekarang sudah agustus mengapa subscribe - nya masih aktif ?"", ""dear indosat , saya mau isi paket , tetapi mengapa tidak bisa ya ? sudah sejak jam xxxtimexxx tadi pulsa sudah masuk tetapi tidak bisa aktif .""]",False,5,1787,43,False,178
google/gemma-3-4b-it,informal,formal,centroid,N/A,bagaimana cara menghapus akun gojek ? trims,"“tolong bantu saya , bagaimana cara menghapus akun gojek ya ? makasih.”",False,87,4300043,43,"[""selamat malam . mohon saya diberi informasi . paket saya sejak tanggal xxxnumberxxx tertahan dengan status itu dan belum terkirim sampai sekarang . ada apa ?"", ""sudah xxxnumberxxx hari , status belum juga berubah admin . tadi sudah telepon qc katanya cuma disuruh menunggu ."", ""sore admin . ini ada keluhan nomor saya , pulsa terpotong terus . padahal tidak berlangganan paket apapun . tolong diperiksa min + xxxnumberxxx xxxnumberxxx - xxxnumberxxx - xxxnumberxxx ."", ""grab paket hemat saya billingnya itu tanggal xxxnumberxxx juli xxxnumberxxx . sekarang sudah agustus mengapa subscribe - nya masih aktif ?"", ""dear indosat , saya mau isi paket , tetapi mengapa tidak bisa ya ? sudah sejak jam xxxtimexxx tadi pulsa sudah masuk tetapi tidak bisa aktif .""]",False,5,1642,20,False,71
google/gemma-3-4b-it,informal,formal,centroid,N/A,jaringan di kota malang gari ini melambat,"“Pak, jaringan di Malang lagi lemot banget nih.”",False,89,4300044,43,"[""selamat malam . mohon saya diberi informasi . paket saya sejak tanggal xxxnumberxxx tertahan dengan status itu dan belum terkirim sampai sekarang . ada apa ?"", ""sudah xxxnumberxxx hari , status belum juga berubah admin . tadi sudah telepon qc katanya cuma disuruh menunggu ."", ""sore admin . ini ada keluhan nomor saya , pulsa terpotong terus . padahal tidak berlangganan paket apapun . tolong diperiksa min + xxxnumberxxx xxxnumberxxx - xxxnumberxxx - xxxnumberxxx ."", ""grab paket hemat saya billingnya itu tanggal xxxnumberxxx juli xxxnumberxxx . sekarang sudah agustus mengapa subscribe - nya masih aktif ?"", ""dear indosat , saya mau isi paket , tetapi mengapa tidak bisa ya ? sudah sejak jam xxxtimexxx tadi pulsa sudah masuk tetapi tidak bisa aktif .""]",False,5,1640,13,False,48
google/gemma-3-4b-it,informal,formal,centroid,N/A,"min koneksi internet indosat disetiap malam akhir2 ini jeleknya kelewatan , mohon untuk segera tindaklanjuti permasalahan ini krn sangat merugikan kami sbg pengguna .","“admin, koneksi internet Indosat akhir-akhir ini sering putus-putus, sangat merugikan kami sebagai pengguna. mohon segera ditindaklanjuti ya.”",False,91,4300045,43,"[""selamat malam . mohon saya diberi informasi . paket saya sejak tanggal xxxnumberxxx tertahan dengan status itu dan belum terkirim sampai sekarang . ada apa ?"", ""sudah xxxnumberxxx hari , status belum juga berubah admin . tadi sudah telepon qc katanya cuma disuruh menunggu ."", ""sore admin . ini ada keluhan nomor saya , pulsa terpotong terus . padahal tidak berlangganan paket apapun . tolong diperiksa min + xxxnumberxxx xxxnumberxxx - xxxnumberxxx - xxxnumberxxx ."", ""grab paket hemat saya billingnya itu tanggal xxxnumberxxx juli xxxnumberxxx . sekarang sudah agustus mengapa subscribe - nya masih aktif ?"", ""dear indosat , saya mau isi paket , tetapi mengapa tidak bisa ya ? sudah sejak jam xxxtimexxx tadi pulsa sudah masuk tetapi tidak bisa aktif .""]",False,5,1765,40,False,142
google/gemma-3-4b-it,informal,formal,centroid,N/A,min boleh tau detail dan harha paket yg xxxnumberxxx bulan ?,"“Halo, bisa tolong jelaskan detail dan harga paket yang saya beli xxxbulan?”",False,93,4300046,43,"[""selamat malam . mohon saya diberi informasi . paket saya sejak tanggal xxxnumberxxx tertahan dengan status itu dan belum terkirim sampai sekarang . ada apa ?"", ""sudah xxxnumberxxx hari , status belum juga berubah admin . tadi sudah telepon qc katanya cuma disuruh menunggu ."", ""sore admin . ini ada keluhan nomor saya , pulsa terpotong terus . padahal tidak berlangganan paket apapun . tolong diperiksa min + xxxnumberxxx xxxnumberxxx - xxxnumberxxx - xxxnumberxxx ."", ""grab paket hemat saya billingnya itu tanggal xxxnumberxxx juli xxxnumberxxx . sekarang sudah agustus mengapa subscribe - nya masih aktif ?"", ""dear indosat , saya mau isi paket , tetapi mengapa tidak bisa ya ? sudah sejak jam xxxtimexxx tadi pulsa sudah masuk tetapi tidak bisa aktif .""]",False,5,1659,20,False,76
google/gemma-3-4b-it,informal,formal,centroid,N/A,balikin pulsa gw ! kesedot mulu arkhh,"“tolong, pulsa saya terus-terusan habis! sumpah deh.”",False,95,4300047,43,"[""selamat malam . mohon saya diberi informasi . paket saya sejak tanggal xxxnumberxxx tertahan dengan status itu dan belum terkirim sampai sekarang . ada apa ?"", ""sudah xxxnumberxxx hari , status belum juga berubah admin . tadi sudah telepon qc katanya cuma disuruh menunggu ."", ""sore admin . ini ada keluhan nomor saya , pulsa terpotong terus . padahal tidak berlangganan paket apapun . tolong diperiksa min + xxxnumberxxx xxxnumberxxx - xxxnumberxxx - xxxnumberxxx ."", ""grab paket hemat saya billingnya itu tanggal xxxnumberxxx juli xxxnumberxxx . sekarang sudah agustus mengapa subscribe - nya masih aktif ?"", ""dear indosat , saya mau isi paket , tetapi mengapa tidak bisa ya ? sudah sejak jam xxxtimexxx tadi pulsa sudah masuk tetapi tidak bisa aktif .""]",False,5,1636,19,False,53
google/gemma-3-4b-it,informal,formal,centroid,N/A,ga sampai kok min aku tau mbaknya nipu,"“kok belum datang ya, Bu? aku tahu dia curang.”",False,97,4300048,43,"[""selamat malam . mohon saya diberi informasi . paket saya sejak tanggal xxxnumberxxx tertahan dengan status itu dan belum terkirim sampai sekarang . ada apa ?"", ""sudah xxxnumberxxx hari , status belum juga berubah admin . tadi sudah telepon qc katanya cuma disuruh menunggu ."", ""sore admin . ini ada keluhan nomor saya , pulsa terpotong terus . padahal tidak berlangganan paket apapun . tolong diperiksa min + xxxnumberxxx xxxnumberxxx - xxxnumberxxx - xxxnumberxxx ."", ""grab paket hemat saya billingnya itu tanggal xxxnumberxxx juli xxxnumberxxx . sekarang sudah agustus mengapa subscribe - nya masih aktif ?"", ""dear indosat , saya mau isi paket , tetapi mengapa tidak bisa ya ? sudah sejak jam xxxtimexxx tadi pulsa sudah masuk tetapi tidak bisa aktif .""]",False,5,1637,16,False,47
google/gemma-3-4b-it,informal,formal,centroid,N/A,slamat malam admin . saya masang paket malam dan paket nya aktif pas saya menghidup kan data knpa pulsa saya hilang ?,selamat malam admin . saya memasang paket malam dan paketnya aktif saat saya menghidupkan data. kenapa pulsa saya hilang?,False,99,4300049,43,"[""selamat malam . mohon saya diberi informasi . paket saya sejak tanggal xxxnumberxxx tertahan dengan status itu dan belum terkirim sampai sekarang . ada apa ?"", ""sudah xxxnumberxxx hari , status belum juga berubah admin . tadi sudah telepon qc katanya cuma disuruh menunggu ."", ""sore admin . ini ada keluhan nomor saya , pulsa terpotong terus . padahal tidak berlangganan paket apapun . tolong diperiksa min + xxxnumberxxx xxxnumberxxx - xxxnumberxxx - xxxnumberxxx ."", ""grab paket hemat saya billingnya itu tanggal xxxnumberxxx juli xxxnumberxxx . sekarang sudah agustus mengapa subscribe - nya masih aktif ?"", ""dear indosat , saya mau isi paket , tetapi mengapa tidak bisa ya ? sudah sejak jam xxxtimexxx tadi pulsa sudah masuk tetapi tidak bisa aktif .""]",False,5,1716,29,False,121
google/gemma-3-4b-it,informal,formal,centroid,N/A,kok malah tambah lemot jaringan saya,“Kok malah jaringan saya jadi nggak responsif ya?”,False,101,4300050,43,"[""selamat malam . mohon saya diberi informasi . paket saya sejak tanggal xxxnumberxxx tertahan dengan status itu dan belum terkirim sampai sekarang . ada apa ?"", ""sudah xxxnumberxxx hari , status belum juga berubah admin . tadi sudah telepon qc katanya cuma disuruh menunggu ."", ""sore admin . ini ada keluhan nomor saya , pulsa terpotong terus . padahal tidak berlangganan paket apapun . tolong diperiksa min + xxxnumberxxx xxxnumberxxx - xxxnumberxxx - xxxnumberxxx ."", ""grab paket hemat saya billingnya itu tanggal xxxnumberxxx juli xxxnumberxxx . sekarang sudah agustus mengapa subscribe - nya masih aktif ?"", ""dear indosat , saya mau isi paket , tetapi mengapa tidak bisa ya ? sudah sejak jam xxxtimexxx tadi pulsa sudah masuk tetapi tidak bisa aktif .""]",False,5,1635,13,False,50
google/gemma-3-4b-it,informal,formal,centroid,N/A,"min pembelian token pln apa ada kendala , ini blm masuk udah xxxnumberxxx jam lebih ?","“Halo, kok pembelian token PLN-nya belum masuk ya? Sudah lebih dari xxxnumberxxx jam ini?”",False,103,4300051,43,"[""selamat malam . mohon saya diberi informasi . paket saya sejak tanggal xxxnumberxxx tertahan dengan status itu dan belum terkirim sampai sekarang . ada apa ?"", ""sudah xxxnumberxxx hari , status belum juga berubah admin . tadi sudah telepon qc katanya cuma disuruh menunggu ."", ""sore admin . ini ada keluhan nomor saya , pulsa terpotong terus . padahal tidak berlangganan paket apapun . tolong diperiksa min + xxxnumberxxx xxxnumberxxx - xxxnumberxxx - xxxnumberxxx ."", ""grab paket hemat saya billingnya itu tanggal xxxnumberxxx juli xxxnumberxxx . sekarang sudah agustus mengapa subscribe - nya masih aktif ?"", ""dear indosat , saya mau isi paket , tetapi mengapa tidak bisa ya ? sudah sejak jam xxxtimexxx tadi pulsa sudah masuk tetapi tidak bisa aktif .""]",False,5,1684,24,False,90
google/gemma-3-4b-it,informal,formal,centroid,N/A,udah udah sampe mana ya ? masa ke bintara aja ga sampe ? ( tolong follow up,"“tolong informasikan perkembangannya, sudah sampai mana paket saya? kenapa sampai Bintara saja belum sampai?”",False,105,4300052,43,"[""selamat malam . mohon saya diberi informasi . paket saya sejak tanggal xxxnumberxxx tertahan dengan status itu dan belum terkirim sampai sekarang . ada apa ?"", ""sudah xxxnumberxxx hari , status belum juga berubah admin . tadi sudah telepon qc katanya cuma disuruh menunggu ."", ""sore admin . ini ada keluhan nomor saya , pulsa terpotong terus . padahal tidak berlangganan paket apapun . tolong diperiksa min + xxxnumberxxx xxxnumberxxx - xxxnumberxxx - xxxnumberxxx ."", ""grab paket hemat saya billingnya itu tanggal xxxnumberxxx juli xxxnumberxxx . sekarang sudah agustus mengapa subscribe - nya masih aktif ?"", ""dear indosat , saya mau isi paket , tetapi mengapa tidak bisa ya ? sudah sejak jam xxxtimexxx tadi pulsa sudah masuk tetapi tidak bisa aktif .""]",False,5,1674,26,False,109
google/gemma-3-4b-it,informal,formal,centroid,N/A,jaringan xxxuserxxx tertutup kabut gak bisa konek,"“Halo, jaringan saya kok gak bisa konek, kayaknya kabut ya?”",False,107,4300053,43,"[""selamat malam . mohon saya diberi informasi . paket saya sejak tanggal xxxnumberxxx tertahan dengan status itu dan belum terkirim sampai sekarang . ada apa ?"", ""sudah xxxnumberxxx hari , status belum juga berubah admin . tadi sudah telepon qc katanya cuma disuruh menunggu ."", ""sore admin . ini ada keluhan nomor saya , pulsa terpotong terus . padahal tidak berlangganan paket apapun . tolong diperiksa min + xxxnumberxxx xxxnumberxxx - xxxnumberxxx - xxxnumberxxx ."", ""grab paket hemat saya billingnya itu tanggal xxxnumberxxx juli xxxnumberxxx . sekarang sudah agustus mengapa subscribe - nya masih aktif ?"", ""dear indosat , saya mau isi paket , tetapi mengapa tidak bisa ya ? sudah sejak jam xxxtimexxx tadi pulsa sudah masuk tetapi tidak bisa aktif .""]",False,5,1648,18,False,60
google/gemma-3-4b-it,informal,formal,centroid,N/A,tuh min xxxuserxxx perlu dicontoh nih anak baik yang bekelnya selalu habis !,"“min, tolong ini contoh ya, pelanggan baik yang paketnya selalu habis!”",False,109,4300054,43,"[""selamat malam . mohon saya diberi informasi . paket saya sejak tanggal xxxnumberxxx tertahan dengan status itu dan belum terkirim sampai sekarang . ada apa ?"", ""sudah xxxnumberxxx hari , status belum juga berubah admin . tadi sudah telepon qc katanya cuma disuruh menunggu ."", ""sore admin . ini ada keluhan nomor saya , pulsa terpotong terus . padahal tidak berlangganan paket apapun . tolong diperiksa min + xxxnumberxxx xxxnumberxxx - xxxnumberxxx - xxxnumberxxx ."", ""grab paket hemat saya billingnya itu tanggal xxxnumberxxx juli xxxnumberxxx . sekarang sudah agustus mengapa subscribe - nya masih aktif ?"", ""dear indosat , saya mau isi paket , tetapi mengapa tidak bisa ya ? sudah sejak jam xxxtimexxx tadi pulsa sudah masuk tetapi tidak bisa aktif .""]",False,5,1675,19,False,71
google/gemma-3-4b-it,informal,formal,centroid,N/A,tolong cek dm dari saya . thankyou,"“tolong cek DM dari saya, ya. makasih.”",True,111,4300055,43,"[""selamat malam . mohon saya diberi informasi . paket saya sejak tanggal xxxnumberxxx tertahan dengan status itu dan belum terkirim sampai sekarang . ada apa ?"", ""sudah xxxnumberxxx hari , status belum juga berubah admin . tadi sudah telepon qc katanya cuma disuruh menunggu ."", ""sore admin . ini ada keluhan nomor saya , pulsa terpotong terus . padahal tidak berlangganan paket apapun . tolong diperiksa min + xxxnumberxxx xxxnumberxxx - xxxnumberxxx - xxxnumberxxx ."", ""grab paket hemat saya billingnya itu tanggal xxxnumberxxx juli xxxnumberxxx . sekarang sudah agustus mengapa subscribe - nya masih aktif ?"", ""dear indosat , saya mau isi paket , tetapi mengapa tidak bisa ya ? sudah sejak jam xxxtimexxx tadi pulsa sudah masuk tetapi tidak bisa aktif .""]",False,5,1633,15,False,39
google/gemma-3-4b-it,informal,formal,centroid,N/A,min tolong dong kenapaa paket xxxnumberxxx xxxnumberxxx gb yang xxxnumberxxx xxxnumberxxx k nya kok hilaang,"“permisi admin, kenapa paket xxxnumberxxx gb saya yang xxxnumberxxx k hilang ya?”",False,113,4300056,43,"[""selamat malam . mohon saya diberi informasi . paket saya sejak tanggal xxxnumberxxx tertahan dengan status itu dan belum terkirim sampai sekarang . ada apa ?"", ""sudah xxxnumberxxx hari , status belum juga berubah admin . tadi sudah telepon qc katanya cuma disuruh menunggu ."", ""sore admin . ini ada keluhan nomor saya , pulsa terpotong terus . padahal tidak berlangganan paket apapun . tolong diperiksa min + xxxnumberxxx xxxnumberxxx - xxxnumberxxx - xxxnumberxxx ."", ""grab paket hemat saya billingnya itu tanggal xxxnumberxxx juli xxxnumberxxx . sekarang sudah agustus mengapa subscribe - nya masih aktif ?"", ""dear indosat , saya mau isi paket , tetapi mengapa tidak bisa ya ? sudah sejak jam xxxtimexxx tadi pulsa sudah masuk tetapi tidak bisa aktif .""]",False,5,1706,22,False,81
google/gemma-3-4b-it,informal,formal,centroid,N/A,lama sekali ini ! barang belum sampai ! resi : xxxnumberxxx,"“Wah, lama sekali ya! Barangku kok belum sampai? Resi: xxxnumberxxx.”",True,115,4300057,43,"[""selamat malam . mohon saya diberi informasi . paket saya sejak tanggal xxxnumberxxx tertahan dengan status itu dan belum terkirim sampai sekarang . ada apa ?"", ""sudah xxxnumberxxx hari , status belum juga berubah admin . tadi sudah telepon qc katanya cuma disuruh menunggu ."", ""sore admin . ini ada keluhan nomor saya , pulsa terpotong terus . padahal tidak berlangganan paket apapun . tolong diperiksa min + xxxnumberxxx xxxnumberxxx - xxxnumberxxx - xxxnumberxxx ."", ""grab paket hemat saya billingnya itu tanggal xxxnumberxxx juli xxxnumberxxx . sekarang sudah agustus mengapa subscribe - nya masih aktif ?"", ""dear indosat , saya mau isi paket , tetapi mengapa tidak bisa ya ? sudah sejak jam xxxtimexxx tadi pulsa sudah masuk tetapi tidak bisa aktif .""]",False,5,1658,22,False,69
google/gemma-3-4b-it,informal,formal,centroid,N/A,min resi xxxnumberxxx posisi udh dmna ?,"""admin, mohon info lokasi resi nomor saya, xxxnumberxxx?""",False,117,4300058,43,"[""selamat malam . mohon saya diberi informasi . paket saya sejak tanggal xxxnumberxxx tertahan dengan status itu dan belum terkirim sampai sekarang . ada apa ?"", ""sudah xxxnumberxxx hari , status belum juga berubah admin . tadi sudah telepon qc katanya cuma disuruh menunggu ."", ""sore admin . ini ada keluhan nomor saya , pulsa terpotong terus . padahal tidak berlangganan paket apapun . tolong diperiksa min + xxxnumberxxx xxxnumberxxx - xxxnumberxxx - xxxnumberxxx ."", ""grab paket hemat saya billingnya itu tanggal xxxnumberxxx juli xxxnumberxxx . sekarang sudah agustus mengapa subscribe - nya masih aktif ?"", ""dear indosat , saya mau isi paket , tetapi mengapa tidak bisa ya ? sudah sejak jam xxxtimexxx tadi pulsa sudah masuk tetapi tidak bisa aktif .""]",False,5,1638,18,False,57
google/gemma-3-4b-it,informal,formal,centroid,N/A,pastinya masih dong ditunggu nih kejutannya selalu on pokoknya patengin timeline nya,"“Masih nunggu nih, selalu on kok pokoknya pantengin timeline-nya.”",True,119,4300059,43,"[""selamat malam . mohon saya diberi informasi . paket saya sejak tanggal xxxnumberxxx tertahan dengan status itu dan belum terkirim sampai sekarang . ada apa ?"", ""sudah xxxnumberxxx hari , status belum juga berubah admin . tadi sudah telepon qc katanya cuma disuruh menunggu ."", ""sore admin . ini ada keluhan nomor saya , pulsa terpotong terus . padahal tidak berlangganan paket apapun . tolong diperiksa min + xxxnumberxxx xxxnumberxxx - xxxnumberxxx - xxxnumberxxx ."", ""grab paket hemat saya billingnya itu tanggal xxxnumberxxx juli xxxnumberxxx . sekarang sudah agustus mengapa subscribe - nya masih aktif ?"", ""dear indosat , saya mau isi paket , tetapi mengapa tidak bisa ya ? sudah sejak jam xxxtimexxx tadi pulsa sudah masuk tetapi tidak bisa aktif .""]",False,5,1683,20,False,66
google/gemma-3-4b-it,informal,formal,centroid,N/A,"no saya kok gak bisa di dftarin paket data , no + xxxnumberxxx","“buat, kok nomor +xxxnumberxxx gak bisa di-dftarin paket data sih?”",False,121,4300060,43,"[""selamat malam . mohon saya diberi informasi . paket saya sejak tanggal xxxnumberxxx tertahan dengan status itu dan belum terkirim sampai sekarang . ada apa ?"", ""sudah xxxnumberxxx hari , status belum juga berubah admin . tadi sudah telepon qc katanya cuma disuruh menunggu ."", ""sore admin . ini ada keluhan nomor saya , pulsa terpotong terus . padahal tidak berlangganan paket apapun . tolong diperiksa min + xxxnumberxxx xxxnumberxxx - xxxnumberxxx - xxxnumberxxx ."", ""grab paket hemat saya billingnya itu tanggal xxxnumberxxx juli xxxnumberxxx . sekarang sudah agustus mengapa subscribe - nya masih aktif ?"", ""dear indosat , saya mau isi paket , tetapi mengapa tidak bisa ya ? sudah sejak jam xxxtimexxx tadi pulsa sudah masuk tetapi tidak bisa aktif .""]",False,5,1661,22,False,67
google/gemma-3-4b-it,informal,formal,centroid,N/A,"sudah saya dm min , tolong respon","""sudah saya DM, tolong segera balas.""",False,123,4300061,43,"[""selamat malam . mohon saya diberi informasi . paket saya sejak tanggal xxxnumberxxx tertahan dengan status itu dan belum terkirim sampai sekarang . ada apa ?"", ""sudah xxxnumberxxx hari , status belum juga berubah admin . tadi sudah telepon qc katanya cuma disuruh menunggu ."", ""sore admin . ini ada keluhan nomor saya , pulsa terpotong terus . padahal tidak berlangganan paket apapun . tolong diperiksa min + xxxnumberxxx xxxnumberxxx - xxxnumberxxx - xxxnumberxxx ."", ""grab paket hemat saya billingnya itu tanggal xxxnumberxxx juli xxxnumberxxx . sekarang sudah agustus mengapa subscribe - nya masih aktif ?"", ""dear indosat , saya mau isi paket , tetapi mengapa tidak bisa ya ? sudah sejak jam xxxtimexxx tadi pulsa sudah masuk tetapi tidak bisa aktif .""]",False,5,1632,13,False,37
google/gemma-3-4b-it,informal,formal,centroid,N/A,"min , ini ordran saya kenap ga sampe2 yaa ? resinya gabisa cek juga lagi . gimana nihh . dibantu cek dong","“Halo, ini pesanan saya, kenapa belum sampai ya? Resi juga tidak bisa dicek. Tolong bantu cek ya.”",True,125,4300062,43,"[""selamat malam . mohon saya diberi informasi . paket saya sejak tanggal xxxnumberxxx tertahan dengan status itu dan belum terkirim sampai sekarang . ada apa ?"", ""sudah xxxnumberxxx hari , status belum juga berubah admin . tadi sudah telepon qc katanya cuma disuruh menunggu ."", ""sore admin . ini ada keluhan nomor saya , pulsa terpotong terus . padahal tidak berlangganan paket apapun . tolong diperiksa min + xxxnumberxxx xxxnumberxxx - xxxnumberxxx - xxxnumberxxx ."", ""grab paket hemat saya billingnya itu tanggal xxxnumberxxx juli xxxnumberxxx . sekarang sudah agustus mengapa subscribe - nya masih aktif ?"", ""dear indosat , saya mau isi paket , tetapi mengapa tidak bisa ya ? sudah sejak jam xxxtimexxx tadi pulsa sudah masuk tetapi tidak bisa aktif .""]",False,5,1704,29,False,98
google/gemma-3-4b-it,informal,formal,centroid,N/A,"tanggal berapa ini , mas xxxuserxxx pakai kartu apa , kartu halo juga ?","""dari kapan ya, Bapak/Ibu xxxuserxxx pakai nomor apa, nomor Halo juga?""",False,127,4300063,43,"[""selamat malam . mohon saya diberi informasi . paket saya sejak tanggal xxxnumberxxx tertahan dengan status itu dan belum terkirim sampai sekarang . ada apa ?"", ""sudah xxxnumberxxx hari , status belum juga berubah admin . tadi sudah telepon qc katanya cuma disuruh menunggu ."", ""sore admin . ini ada keluhan nomor saya , pulsa terpotong terus . padahal tidak berlangganan paket apapun . tolong diperiksa min + xxxnumberxxx xxxnumberxxx - xxxnumberxxx - xxxnumberxxx ."", ""grab paket hemat saya billingnya itu tanggal xxxnumberxxx juli xxxnumberxxx . sekarang sudah agustus mengapa subscribe - nya masih aktif ?"", ""dear indosat , saya mau isi paket , tetapi mengapa tidak bisa ya ? sudah sejak jam xxxtimexxx tadi pulsa sudah masuk tetapi tidak bisa aktif .""]",False,5,1670,22,False,71
google/gemma-3-4b-it,informal,formal,centroid,N/A,aamiin . semoga juga sinyal internet indosat nggak ilang - iangan terus ya . aku belum berniat ganti provider soalnya .,“Aamiin. Semoga sinyal internet Indosat nggak hilang terus ya. Belum mau ganti provider soalnya.”,False,129,4300064,43,"[""selamat malam . mohon saya diberi informasi . paket saya sejak tanggal xxxnumberxxx tertahan dengan status itu dan belum terkirim sampai sekarang . ada apa ?"", ""sudah xxxnumberxxx hari , status belum juga berubah admin . tadi sudah telepon qc katanya cuma disuruh menunggu ."", ""sore admin . ini ada keluhan nomor saya , pulsa terpotong terus . padahal tidak berlangganan paket apapun . tolong diperiksa min + xxxnumberxxx xxxnumberxxx - xxxnumberxxx - xxxnumberxxx ."", ""grab paket hemat saya billingnya itu tanggal xxxnumberxxx juli xxxnumberxxx . sekarang sudah agustus mengapa subscribe - nya masih aktif ?"", ""dear indosat , saya mau isi paket , tetapi mengapa tidak bisa ya ? sudah sejak jam xxxtimexxx tadi pulsa sudah masuk tetapi tidak bisa aktif .""]",False,5,1718,28,False,97
google/gemma-3-4b-it,informal,formal,centroid,N/A,"coba cek dmnya yaya , kaya sepupu gua lu namanya yaya","“Coba cek DM dari Yaya, sepupu aku, namanya Yaya.”",False,131,4300065,43,"[""selamat malam . mohon saya diberi informasi . paket saya sejak tanggal xxxnumberxxx tertahan dengan status itu dan belum terkirim sampai sekarang . ada apa ?"", ""sudah xxxnumberxxx hari , status belum juga berubah admin . tadi sudah telepon qc katanya cuma disuruh menunggu ."", ""sore admin . ini ada keluhan nomor saya , pulsa terpotong terus . padahal tidak berlangganan paket apapun . tolong diperiksa min + xxxnumberxxx xxxnumberxxx - xxxnumberxxx - xxxnumberxxx ."", ""grab paket hemat saya billingnya itu tanggal xxxnumberxxx juli xxxnumberxxx . sekarang sudah agustus mengapa subscribe - nya masih aktif ?"", ""dear indosat , saya mau isi paket , tetapi mengapa tidak bisa ya ? sudah sejak jam xxxtimexxx tadi pulsa sudah masuk tetapi tidak bisa aktif .""]",False,5,1652,18,False,50
google/gemma-3-4b-it,informal,formal,centroid,N/A,haloo xxxuserxxx kok grabfoodmu gbs dari kmrn knp - _ -,"halo , kok grabfoodku masih belum masuk dari kemarin ya? -_-",False,133,4300066,43,"[""selamat malam . mohon saya diberi informasi . paket saya sejak tanggal xxxnumberxxx tertahan dengan status itu dan belum terkirim sampai sekarang . ada apa ?"", ""sudah xxxnumberxxx hari , status belum juga berubah admin . tadi sudah telepon qc katanya cuma disuruh menunggu ."", ""sore admin . ini ada keluhan nomor saya , pulsa terpotong terus . padahal tidak berlangganan paket apapun . tolong diperiksa min + xxxnumberxxx xxxnumberxxx - xxxnumberxxx - xxxnumberxxx ."", ""grab paket hemat saya billingnya itu tanggal xxxnumberxxx juli xxxnumberxxx . sekarang sudah agustus mengapa subscribe - nya masih aktif ?"", ""dear indosat , saya mau isi paket , tetapi mengapa tidak bisa ya ? sudah sejak jam xxxtimexxx tadi pulsa sudah masuk tetapi tidak bisa aktif .""]",False,5,1654,17,False,60
google/gemma-3-4b-it,informal,formal,centroid,N/A,halo xxxuserxxx temen saya transfer via gopay kok blm masuk ya,"“halo , temen saya transfer pakai gopay , kok lama banget belum masuk ya ?”",False,135,4300067,43,"[""selamat malam . mohon saya diberi informasi . paket saya sejak tanggal xxxnumberxxx tertahan dengan status itu dan belum terkirim sampai sekarang . ada apa ?"", ""sudah xxxnumberxxx hari , status belum juga berubah admin . tadi sudah telepon qc katanya cuma disuruh menunggu ."", ""sore admin . ini ada keluhan nomor saya , pulsa terpotong terus . padahal tidak berlangganan paket apapun . tolong diperiksa min + xxxnumberxxx xxxnumberxxx - xxxnumberxxx - xxxnumberxxx ."", ""grab paket hemat saya billingnya itu tanggal xxxnumberxxx juli xxxnumberxxx . sekarang sudah agustus mengapa subscribe - nya masih aktif ?"", ""dear indosat , saya mau isi paket , tetapi mengapa tidak bisa ya ? sudah sejak jam xxxtimexxx tadi pulsa sudah masuk tetapi tidak bisa aktif .""]",False,5,1661,21,False,75
google/gemma-3-4b-it,informal,formal,centroid,N/A,"yg dihina pun ulama , otak nya ngak ada isi ya gitu bng","“Kenapa bisa ulama dihinain, pikirannya kosong ya gitu sih?”",False,137,4300068,43,"[""selamat malam . mohon saya diberi informasi . paket saya sejak tanggal xxxnumberxxx tertahan dengan status itu dan belum terkirim sampai sekarang . ada apa ?"", ""sudah xxxnumberxxx hari , status belum juga berubah admin . tadi sudah telepon qc katanya cuma disuruh menunggu ."", ""sore admin . ini ada keluhan nomor saya , pulsa terpotong terus . padahal tidak berlangganan paket apapun . tolong diperiksa min + xxxnumberxxx xxxnumberxxx - xxxnumberxxx - xxxnumberxxx ."", ""grab paket hemat saya billingnya itu tanggal xxxnumberxxx juli xxxnumberxxx . sekarang sudah agustus mengapa subscribe - nya masih aktif ?"", ""dear indosat , saya mau isi paket , tetapi mengapa tidak bisa ya ? sudah sejak jam xxxtimexxx tadi pulsa sudah masuk tetapi tidak bisa aktif .""]",False,5,1654,18,False,60
google/gemma-3-4b-it,informal,formal,centroid,N/A,halo selamat malam . saya mau tanya kalo program kkb bisa dipergunakan untuk mobil bekas atau tidak ? terima kasih .,"“Halo, mau tanya nih, bisa gak program KKB buat mobil bekas? Makasih.”",False,139,4300069,43,"[""selamat malam . mohon saya diberi informasi . paket saya sejak tanggal xxxnumberxxx tertahan dengan status itu dan belum terkirim sampai sekarang . ada apa ?"", ""sudah xxxnumberxxx hari , status belum juga berubah admin . tadi sudah telepon qc katanya cuma disuruh menunggu ."", ""sore admin . ini ada keluhan nomor saya , pulsa terpotong terus . padahal tidak berlangganan paket apapun . tolong diperiksa min + xxxnumberxxx xxxnumberxxx - xxxnumberxxx - xxxnumberxxx ."", ""grab paket hemat saya billingnya itu tanggal xxxnumberxxx juli xxxnumberxxx . sekarang sudah agustus mengapa subscribe - nya masih aktif ?"", ""dear indosat , saya mau isi paket , tetapi mengapa tidak bisa ya ? sudah sejak jam xxxtimexxx tadi pulsa sudah masuk tetapi tidak bisa aktif .""]",False,5,1715,21,False,70
google/gemma-3-4b-it,informal,formal,centroid,N/A,haloo gimana ini dengan paket saya yang ngga di kirim2 . status nya masih di simpan,"“Halo, permisi. Saya ingin menanyakan perihal paket saya yang sepertinya belum terkirim. Statusnya masih tertahan, apa yang terjadi?”",True,141,4300070,43,"[""selamat malam . mohon saya diberi informasi . paket saya sejak tanggal xxxnumberxxx tertahan dengan status itu dan belum terkirim sampai sekarang . ada apa ?"", ""sudah xxxnumberxxx hari , status belum juga berubah admin . tadi sudah telepon qc katanya cuma disuruh menunggu ."", ""sore admin . ini ada keluhan nomor saya , pulsa terpotong terus . padahal tidak berlangganan paket apapun . tolong diperiksa min + xxxnumberxxx xxxnumberxxx - xxxnumberxxx - xxxnumberxxx ."", ""grab paket hemat saya billingnya itu tanggal xxxnumberxxx juli xxxnumberxxx . sekarang sudah agustus mengapa subscribe - nya masih aktif ?"", ""dear indosat , saya mau isi paket , tetapi mengapa tidak bisa ya ? sudah sejak jam xxxtimexxx tadi pulsa sudah masuk tetapi tidak bisa aktif .""]",False,5,1682,35,False,133
google/gemma-3-4b-it,informal,formal,centroid,N/A,tolong di perluas lagi ya min jangkauan jaringannya . aku tunggu kabar baiknya min .,"“Min, mohon bantu perbaikan jangkauan jaringan ya. Saya harap ada kabar baik tentang ini.”",False,143,4300071,43,"[""selamat malam . mohon saya diberi informasi . paket saya sejak tanggal xxxnumberxxx tertahan dengan status itu dan belum terkirim sampai sekarang . ada apa ?"", ""sudah xxxnumberxxx hari , status belum juga berubah admin . tadi sudah telepon qc katanya cuma disuruh menunggu ."", ""sore admin . ini ada keluhan nomor saya , pulsa terpotong terus . padahal tidak berlangganan paket apapun . tolong diperiksa min + xxxnumberxxx xxxnumberxxx - xxxnumberxxx - xxxnumberxxx ."", ""grab paket hemat saya billingnya itu tanggal xxxnumberxxx juli xxxnumberxxx . sekarang sudah agustus mengapa subscribe - nya masih aktif ?"", ""dear indosat , saya mau isi paket , tetapi mengapa tidak bisa ya ? sudah sejak jam xxxtimexxx tadi pulsa sudah masuk tetapi tidak bisa aktif .""]",False,5,1683,24,False,90
google/gemma-3-4b-it,informal,formal,centroid,N/A,admin tolong ini ada apa dengan toko saya ?,"“admin, kok toko saya ada masalah ya?”",False,145,4300072,43,"[""selamat malam . mohon saya diberi informasi . paket saya sejak tanggal xxxnumberxxx tertahan dengan status itu dan belum terkirim sampai sekarang . ada apa ?"", ""sudah xxxnumberxxx hari , status belum juga berubah admin . tadi sudah telepon qc katanya cuma disuruh menunggu ."", ""sore admin . ini ada keluhan nomor saya , pulsa terpotong terus . padahal tidak berlangganan paket apapun . tolong diperiksa min + xxxnumberxxx xxxnumberxxx - xxxnumberxxx - xxxnumberxxx ."", ""grab paket hemat saya billingnya itu tanggal xxxnumberxxx juli xxxnumberxxx . sekarang sudah agustus mengapa subscribe - nya masih aktif ?"", ""dear indosat , saya mau isi paket , tetapi mengapa tidak bisa ya ? sudah sejak jam xxxtimexxx tadi pulsa sudah masuk tetapi tidak bisa aktif .""]",False,5,1642,12,False,38
google/gemma-3-4b-it,informal,formal,centroid,N/A,"hallo min , saya kok beli fore cofee tidak dapat cashback yaa ? kenapa minn ? bisa di refund tidakk","halo , kok beli fore cofee gak dapat cashback yaa ? kenapa ya? bisa di refund gak nih?",False,147,4300073,43,"[""selamat malam . mohon saya diberi informasi . paket saya sejak tanggal xxxnumberxxx tertahan dengan status itu dan belum terkirim sampai sekarang . ada apa ?"", ""sudah xxxnumberxxx hari , status belum juga berubah admin . tadi sudah telepon qc katanya cuma disuruh menunggu ."", ""sore admin . ini ada keluhan nomor saya , pulsa terpotong terus . padahal tidak berlangganan paket apapun . tolong diperiksa min + xxxnumberxxx xxxnumberxxx - xxxnumberxxx - xxxnumberxxx ."", ""grab paket hemat saya billingnya itu tanggal xxxnumberxxx juli xxxnumberxxx . sekarang sudah agustus mengapa subscribe - nya masih aktif ?"", ""dear indosat , saya mau isi paket , tetapi mengapa tidak bisa ya ? sudah sejak jam xxxtimexxx tadi pulsa sudah masuk tetapi tidak bisa aktif .""]",False,5,1698,23,False,86
google/gemma-3-4b-it,informal,formal,centroid,N/A,gimana mau terbantu . dm aja ngga slow respon . sudah xxxnumberxxx hari dm saya tidak direspon,"""gimana nih mau dibantu. udah xxxnumberxxx hari DM gak direspon, ngga cepet-cepet jawab.""",False,149,4300074,43,"[""selamat malam . mohon saya diberi informasi . paket saya sejak tanggal xxxnumberxxx tertahan dengan status itu dan belum terkirim sampai sekarang . ada apa ?"", ""sudah xxxnumberxxx hari , status belum juga berubah admin . tadi sudah telepon qc katanya cuma disuruh menunggu ."", ""sore admin . ini ada keluhan nomor saya , pulsa terpotong terus . padahal tidak berlangganan paket apapun . tolong diperiksa min + xxxnumberxxx xxxnumberxxx - xxxnumberxxx - xxxnumberxxx ."", ""grab paket hemat saya billingnya itu tanggal xxxnumberxxx juli xxxnumberxxx . sekarang sudah agustus mengapa subscribe - nya masih aktif ?"", ""dear indosat , saya mau isi paket , tetapi mengapa tidak bisa ya ? sudah sejak jam xxxtimexxx tadi pulsa sudah masuk tetapi tidak bisa aktif .""]",False,5,1693,30,False,89
google/gemma-3-4b-it,informal,formal,centroid,N/A,"frustasi dgn atm mandiri , hampir tiap hari bermasalah di seputar tang sel , knp bank lain spt b * * jarang sekali masalah , segera berbenah , menyebalkan","“saya sangat kecewa dengan atm mandiri, hampir setiap hari ada masalah terkait tang sel. kenapa bank lain spt b* * jarang sekali masalah, tolong segera diperbaiki, sungguh membuat jengkel.”",False,151,4300075,43,"[""selamat malam . mohon saya diberi informasi . paket saya sejak tanggal xxxnumberxxx tertahan dengan status itu dan belum terkirim sampai sekarang . ada apa ?"", ""sudah xxxnumberxxx hari , status belum juga berubah admin . tadi sudah telepon qc katanya cuma disuruh menunggu ."", ""sore admin . ini ada keluhan nomor saya , pulsa terpotong terus . padahal tidak berlangganan paket apapun . tolong diperiksa min + xxxnumberxxx xxxnumberxxx - xxxnumberxxx - xxxnumberxxx ."", ""grab paket hemat saya billingnya itu tanggal xxxnumberxxx juli xxxnumberxxx . sekarang sudah agustus mengapa subscribe - nya masih aktif ?"", ""dear indosat , saya mau isi paket , tetapi mengapa tidak bisa ya ? sudah sejak jam xxxtimexxx tadi pulsa sudah masuk tetapi tidak bisa aktif .""]",False,5,1753,45,False,189
google/gemma-3-4b-it,informal,formal,centroid,N/A,"akun grabnya buat ngorder kimcil po , makanya ditangguhkan",“akun grab saya ditangguhkan karena dipakai untuk order kimcil po.”,False,153,4300076,43,"[""selamat malam . mohon saya diberi informasi . paket saya sejak tanggal xxxnumberxxx tertahan dengan status itu dan belum terkirim sampai sekarang . ada apa ?"", ""sudah xxxnumberxxx hari , status belum juga berubah admin . tadi sudah telepon qc katanya cuma disuruh menunggu ."", ""sore admin . ini ada keluhan nomor saya , pulsa terpotong terus . padahal tidak berlangganan paket apapun . tolong diperiksa min + xxxnumberxxx xxxnumberxxx - xxxnumberxxx - xxxnumberxxx ."", ""grab paket hemat saya billingnya itu tanggal xxxnumberxxx juli xxxnumberxxx . sekarang sudah agustus mengapa subscribe - nya masih aktif ?"", ""dear indosat , saya mau isi paket , tetapi mengapa tidak bisa ya ? sudah sejak jam xxxtimexxx tadi pulsa sudah masuk tetapi tidak bisa aktif .""]",False,5,1657,16,False,67
google/gemma-3-4b-it,informal,formal,centroid,N/A,jika saya tutup akun tanpa ke kantor cabang dengan cara mengosongkan saldo rekening apakah bisa ?,"""kalau saya tutup akun dari rumah lewat saldo rekening, bisa nggak ya?""",False,155,4300077,43,"[""selamat malam . mohon saya diberi informasi . paket saya sejak tanggal xxxnumberxxx tertahan dengan status itu dan belum terkirim sampai sekarang . ada apa ?"", ""sudah xxxnumberxxx hari , status belum juga berubah admin . tadi sudah telepon qc katanya cuma disuruh menunggu ."", ""sore admin . ini ada keluhan nomor saya , pulsa terpotong terus . padahal tidak berlangganan paket apapun . tolong diperiksa min + xxxnumberxxx xxxnumberxxx - xxxnumberxxx - xxxnumberxxx ."", ""grab paket hemat saya billingnya itu tanggal xxxnumberxxx juli xxxnumberxxx . sekarang sudah agustus mengapa subscribe - nya masih aktif ?"", ""dear indosat , saya mau isi paket , tetapi mengapa tidak bisa ya ? sudah sejak jam xxxtimexxx tadi pulsa sudah masuk tetapi tidak bisa aktif .""]",False,5,1696,18,False,71
google/gemma-3-4b-it,informal,formal,centroid,N/A,maksudnya sales counter / agen yg online bagaimana kak ?,"“Halo, saya mau tanya ke sales counter/agen online, bagaimana ya?”",False,157,4300078,43,"[""selamat malam . mohon saya diberi informasi . paket saya sejak tanggal xxxnumberxxx tertahan dengan status itu dan belum terkirim sampai sekarang . ada apa ?"", ""sudah xxxnumberxxx hari , status belum juga berubah admin . tadi sudah telepon qc katanya cuma disuruh menunggu ."", ""sore admin . ini ada keluhan nomor saya , pulsa terpotong terus . padahal tidak berlangganan paket apapun . tolong diperiksa min + xxxnumberxxx xxxnumberxxx - xxxnumberxxx - xxxnumberxxx ."", ""grab paket hemat saya billingnya itu tanggal xxxnumberxxx juli xxxnumberxxx . sekarang sudah agustus mengapa subscribe - nya masih aktif ?"", ""dear indosat , saya mau isi paket , tetapi mengapa tidak bisa ya ? sudah sejak jam xxxtimexxx tadi pulsa sudah masuk tetapi tidak bisa aktif .""]",False,5,1655,18,False,66
google/gemma-3-4b-it,informal,formal,centroid,N/A,hallo bisa balas twitt saya dan dm ?,"“Halo, tolong balas tweet saya dan DM?”",False,159,4300079,43,"[""selamat malam . mohon saya diberi informasi . paket saya sejak tanggal xxxnumberxxx tertahan dengan status itu dan belum terkirim sampai sekarang . ada apa ?"", ""sudah xxxnumberxxx hari , status belum juga berubah admin . tadi sudah telepon qc katanya cuma disuruh menunggu ."", ""sore admin . ini ada keluhan nomor saya , pulsa terpotong terus . padahal tidak berlangganan paket apapun . tolong diperiksa min + xxxnumberxxx xxxnumberxxx - xxxnumberxxx - xxxnumberxxx ."", ""grab paket hemat saya billingnya itu tanggal xxxnumberxxx juli xxxnumberxxx . sekarang sudah agustus mengapa subscribe - nya masih aktif ?"", ""dear indosat , saya mau isi paket , tetapi mengapa tidak bisa ya ? sudah sejak jam xxxtimexxx tadi pulsa sudah masuk tetapi tidak bisa aktif .""]",False,5,1635,12,False,39
google/gemma-3-4b-it,informal,formal,centroid,N/A,"hallo kak , untuk kendala pada nomor prabayar telkomsel - nya dapat langsung menghubungi rekan kami di xxxuserxxx . terima kasih - mina","Halo, untuk masalah nomor prabayar Telkomsel Anda, silakan hubungi rekan kami di xxxuserxxx. Terima kasih – Mina",False,161,4300080,43,"[""selamat malam . mohon saya diberi informasi . paket saya sejak tanggal xxxnumberxxx tertahan dengan status itu dan belum terkirim sampai sekarang . ada apa ?"", ""sudah xxxnumberxxx hari , status belum juga berubah admin . tadi sudah telepon qc katanya cuma disuruh menunggu ."", ""sore admin . ini ada keluhan nomor saya , pulsa terpotong terus . padahal tidak berlangganan paket apapun . tolong diperiksa min + xxxnumberxxx xxxnumberxxx - xxxnumberxxx - xxxnumberxxx ."", ""grab paket hemat saya billingnya itu tanggal xxxnumberxxx juli xxxnumberxxx . sekarang sudah agustus mengapa subscribe - nya masih aktif ?"", ""dear indosat , saya mau isi paket , tetapi mengapa tidak bisa ya ? sudah sejak jam xxxtimexxx tadi pulsa sudah masuk tetapi tidak bisa aktif .""]",False,5,1734,29,False,112
google/gemma-3-4b-it,informal,formal,centroid,N/A,"hmm bentar , aku bakal bikin videonya",“sedang aku buat videonya.”,False,163,4300081,43,"[""selamat malam . mohon saya diberi informasi . paket saya sejak tanggal xxxnumberxxx tertahan dengan status itu dan belum terkirim sampai sekarang . ada apa ?"", ""sudah xxxnumberxxx hari , status belum juga berubah admin . tadi sudah telepon qc katanya cuma disuruh menunggu ."", ""sore admin . ini ada keluhan nomor saya , pulsa terpotong terus . padahal tidak berlangganan paket apapun . tolong diperiksa min + xxxnumberxxx xxxnumberxxx - xxxnumberxxx - xxxnumberxxx ."", ""grab paket hemat saya billingnya itu tanggal xxxnumberxxx juli xxxnumberxxx . sekarang sudah agustus mengapa subscribe - nya masih aktif ?"", ""dear indosat , saya mau isi paket , tetapi mengapa tidak bisa ya ? sudah sejak jam xxxtimexxx tadi pulsa sudah masuk tetapi tidak bisa aktif .""]",False,5,1636,10,False,27
google/gemma-3-4b-it,informal,formal,centroid,N/A,"selamat siang . mau tanya , saya kok sulit untuk menerima dan melakukan panggilan setelah penggantian kartu . mohon bantuannya . terima kasih","Selamat siang, admin. Sejak penggantian kartu saya, sulit sekali menerima panggilan dan melakukan panggilan. Mohon bantuannya, terima kasih.",False,165,4300082,43,"[""selamat malam . mohon saya diberi informasi . paket saya sejak tanggal xxxnumberxxx tertahan dengan status itu dan belum terkirim sampai sekarang . ada apa ?"", ""sudah xxxnumberxxx hari , status belum juga berubah admin . tadi sudah telepon qc katanya cuma disuruh menunggu ."", ""sore admin . ini ada keluhan nomor saya , pulsa terpotong terus . padahal tidak berlangganan paket apapun . tolong diperiksa min + xxxnumberxxx xxxnumberxxx - xxxnumberxxx - xxxnumberxxx ."", ""grab paket hemat saya billingnya itu tanggal xxxnumberxxx juli xxxnumberxxx . sekarang sudah agustus mengapa subscribe - nya masih aktif ?"", ""dear indosat , saya mau isi paket , tetapi mengapa tidak bisa ya ? sudah sejak jam xxxtimexxx tadi pulsa sudah masuk tetapi tidak bisa aktif .""]",False,5,1740,29,False,140
google/gemma-3-4b-it,informal,formal,centroid,N/A,halo apa ini emg lagi gangguan top up via m banking ? kok saldo saya ga nambah ya ?,"“Assalamualaikum, admin. kok saldo saya nggak naik ya, waktu top up lewat mbanking?”",False,167,4300083,43,"[""selamat malam . mohon saya diberi informasi . paket saya sejak tanggal xxxnumberxxx tertahan dengan status itu dan belum terkirim sampai sekarang . ada apa ?"", ""sudah xxxnumberxxx hari , status belum juga berubah admin . tadi sudah telepon qc katanya cuma disuruh menunggu ."", ""sore admin . ini ada keluhan nomor saya , pulsa terpotong terus . padahal tidak berlangganan paket apapun . tolong diperiksa min + xxxnumberxxx xxxnumberxxx - xxxnumberxxx - xxxnumberxxx ."", ""grab paket hemat saya billingnya itu tanggal xxxnumberxxx juli xxxnumberxxx . sekarang sudah agustus mengapa subscribe - nya masih aktif ?"", ""dear indosat , saya mau isi paket , tetapi mengapa tidak bisa ya ? sudah sejak jam xxxtimexxx tadi pulsa sudah masuk tetapi tidak bisa aktif .""]",False,5,1682,21,False,84
google/gemma-3-4b-it,informal,formal,centroid,N/A,ya om . rawan banget bagi driver maupun konsumen .,"“bro, ini tuh risikonya gede banget buat pengemudi sama penumpang.”",False,169,4300084,43,"[""selamat malam . mohon saya diberi informasi . paket saya sejak tanggal xxxnumberxxx tertahan dengan status itu dan belum terkirim sampai sekarang . ada apa ?"", ""sudah xxxnumberxxx hari , status belum juga berubah admin . tadi sudah telepon qc katanya cuma disuruh menunggu ."", ""sore admin . ini ada keluhan nomor saya , pulsa terpotong terus . padahal tidak berlangganan paket apapun . tolong diperiksa min + xxxnumberxxx xxxnumberxxx - xxxnumberxxx - xxxnumberxxx ."", ""grab paket hemat saya billingnya itu tanggal xxxnumberxxx juli xxxnumberxxx . sekarang sudah agustus mengapa subscribe - nya masih aktif ?"", ""dear indosat , saya mau isi paket , tetapi mengapa tidak bisa ya ? sudah sejak jam xxxtimexxx tadi pulsa sudah masuk tetapi tidak bisa aktif .""]",False,5,1649,18,False,67
google/gemma-3-4b-it,informal,formal,centroid,N/A,barang dengan nomor id1913953782285 sudah lebih satu minggu tidak datang .,"""barang id1913953782285 ini udah lebih seminggu nggak dateng nih, admin.""",False,171,4300085,43,"[""selamat malam . mohon saya diberi informasi . paket saya sejak tanggal xxxnumberxxx tertahan dengan status itu dan belum terkirim sampai sekarang . ada apa ?"", ""sudah xxxnumberxxx hari , status belum juga berubah admin . tadi sudah telepon qc katanya cuma disuruh menunggu ."", ""sore admin . ini ada keluhan nomor saya , pulsa terpotong terus . padahal tidak berlangganan paket apapun . tolong diperiksa min + xxxnumberxxx xxxnumberxxx - xxxnumberxxx - xxxnumberxxx ."", ""grab paket hemat saya billingnya itu tanggal xxxnumberxxx juli xxxnumberxxx . sekarang sudah agustus mengapa subscribe - nya masih aktif ?"", ""dear indosat , saya mau isi paket , tetapi mengapa tidak bisa ya ? sudah sejak jam xxxtimexxx tadi pulsa sudah masuk tetapi tidak bisa aktif .""]",False,5,1673,31,False,73
google/gemma-3-4b-it,informal,formal,centroid,N/A,"saya juga curiga karena uang yg diambil dalam jumlah yg sama besar , saya sangaat kecewa , mohon kejelasannya","“Saya juga bingung, soal uang yang diambil banyak sekali. Saya betul-betul kecewa, mohon dijelaskan.”",False,173,4300086,43,"[""selamat malam . mohon saya diberi informasi . paket saya sejak tanggal xxxnumberxxx tertahan dengan status itu dan belum terkirim sampai sekarang . ada apa ?"", ""sudah xxxnumberxxx hari , status belum juga berubah admin . tadi sudah telepon qc katanya cuma disuruh menunggu ."", ""sore admin . ini ada keluhan nomor saya , pulsa terpotong terus . padahal tidak berlangganan paket apapun . tolong diperiksa min + xxxnumberxxx xxxnumberxxx - xxxnumberxxx - xxxnumberxxx ."", ""grab paket hemat saya billingnya itu tanggal xxxnumberxxx juli xxxnumberxxx . sekarang sudah agustus mengapa subscribe - nya masih aktif ?"", ""dear indosat , saya mau isi paket , tetapi mengapa tidak bisa ya ? sudah sejak jam xxxtimexxx tadi pulsa sudah masuk tetapi tidak bisa aktif .""]",False,5,1708,28,False,101
google/gemma-3-4b-it,informal,formal,centroid,N/A,"orderan g sampe , duit ilang . bener2 de driver xxxuserxxx kecewa makin banyak aja org jahat y","“pesanan saya masih belum sampai, uang saya hilang. benar-benar kecewa, pak. makin banyak saja orang jahat ya.”",False,175,4300087,43,"[""selamat malam . mohon saya diberi informasi . paket saya sejak tanggal xxxnumberxxx tertahan dengan status itu dan belum terkirim sampai sekarang . ada apa ?"", ""sudah xxxnumberxxx hari , status belum juga berubah admin . tadi sudah telepon qc katanya cuma disuruh menunggu ."", ""sore admin . ini ada keluhan nomor saya , pulsa terpotong terus . padahal tidak berlangganan paket apapun . tolong diperiksa min + xxxnumberxxx xxxnumberxxx - xxxnumberxxx - xxxnumberxxx ."", ""grab paket hemat saya billingnya itu tanggal xxxnumberxxx juli xxxnumberxxx . sekarang sudah agustus mengapa subscribe - nya masih aktif ?"", ""dear indosat , saya mau isi paket , tetapi mengapa tidak bisa ya ? sudah sejak jam xxxtimexxx tadi pulsa sudah masuk tetapi tidak bisa aktif .""]",False,5,1693,30,False,111
google/gemma-3-4b-it,informal,formal,centroid,N/A,"baik , di tunggu progress nya ya . terimakasih","""sudah, tunggu kabar terbaru ya. terima kasih.""",False,177,4300088,43,"[""selamat malam . mohon saya diberi informasi . paket saya sejak tanggal xxxnumberxxx tertahan dengan status itu dan belum terkirim sampai sekarang . ada apa ?"", ""sudah xxxnumberxxx hari , status belum juga berubah admin . tadi sudah telepon qc katanya cuma disuruh menunggu ."", ""sore admin . ini ada keluhan nomor saya , pulsa terpotong terus . padahal tidak berlangganan paket apapun . tolong diperiksa min + xxxnumberxxx xxxnumberxxx - xxxnumberxxx - xxxnumberxxx ."", ""grab paket hemat saya billingnya itu tanggal xxxnumberxxx juli xxxnumberxxx . sekarang sudah agustus mengapa subscribe - nya masih aktif ?"", ""dear indosat , saya mau isi paket , tetapi mengapa tidak bisa ya ? sudah sejak jam xxxtimexxx tadi pulsa sudah masuk tetapi tidak bisa aktif .""]",False,5,1645,14,False,47
google/gemma-3-4b-it,informal,formal,centroid,N/A,saya gabisa mengirim dm ke akun ini .,"""kok gak bisa saya kirim DM ke akun ini ya?""",False,179,4300089,43,"[""selamat malam . mohon saya diberi informasi . paket saya sejak tanggal xxxnumberxxx tertahan dengan status itu dan belum terkirim sampai sekarang . ada apa ?"", ""sudah xxxnumberxxx hari , status belum juga berubah admin . tadi sudah telepon qc katanya cuma disuruh menunggu ."", ""sore admin . ini ada keluhan nomor saya , pulsa terpotong terus . padahal tidak berlangganan paket apapun . tolong diperiksa min + xxxnumberxxx xxxnumberxxx - xxxnumberxxx - xxxnumberxxx ."", ""grab paket hemat saya billingnya itu tanggal xxxnumberxxx juli xxxnumberxxx . sekarang sudah agustus mengapa subscribe - nya masih aktif ?"", ""dear indosat , saya mau isi paket , tetapi mengapa tidak bisa ya ? sudah sejak jam xxxtimexxx tadi pulsa sudah masuk tetapi tidak bisa aktif .""]",False,5,1636,15,False,44
google/gemma-3-4b-it,informal,formal,centroid,N/A,"udah aku dm lho kak dari tadi pagi , fyi aja","“sudah aku kirim DM kak dari tadi pagi, cuma FYI aja.”",False,181,4300090,43,"[""selamat malam . mohon saya diberi informasi . paket saya sejak tanggal xxxnumberxxx tertahan dengan status itu dan belum terkirim sampai sekarang . ada apa ?"", ""sudah xxxnumberxxx hari , status belum juga berubah admin . tadi sudah telepon qc katanya cuma disuruh menunggu ."", ""sore admin . ini ada keluhan nomor saya , pulsa terpotong terus . padahal tidak berlangganan paket apapun . tolong diperiksa min + xxxnumberxxx xxxnumberxxx - xxxnumberxxx - xxxnumberxxx ."", ""grab paket hemat saya billingnya itu tanggal xxxnumberxxx juli xxxnumberxxx . sekarang sudah agustus mengapa subscribe - nya masih aktif ?"", ""dear indosat , saya mau isi paket , tetapi mengapa tidak bisa ya ? sudah sejak jam xxxtimexxx tadi pulsa sudah masuk tetapi tidak bisa aktif .""]",False,5,1643,18,False,54
google/gemma-3-4b-it,informal,formal,centroid,N/A,dari tadi mention terus gak dibalas . tolong dong dibalas . dm saya juga tolong dibalas,"“admin, udah beberapa kali ngingat, tapi gak dibales. tolong balas DM juga ya.”",False,183,4300091,43,"[""selamat malam . mohon saya diberi informasi . paket saya sejak tanggal xxxnumberxxx tertahan dengan status itu dan belum terkirim sampai sekarang . ada apa ?"", ""sudah xxxnumberxxx hari , status belum juga berubah admin . tadi sudah telepon qc katanya cuma disuruh menunggu ."", ""sore admin . ini ada keluhan nomor saya , pulsa terpotong terus . padahal tidak berlangganan paket apapun . tolong diperiksa min + xxxnumberxxx xxxnumberxxx - xxxnumberxxx - xxxnumberxxx ."", ""grab paket hemat saya billingnya itu tanggal xxxnumberxxx juli xxxnumberxxx . sekarang sudah agustus mengapa subscribe - nya masih aktif ?"", ""dear indosat , saya mau isi paket , tetapi mengapa tidak bisa ya ? sudah sejak jam xxxtimexxx tadi pulsa sudah masuk tetapi tidak bisa aktif .""]",False,5,1686,24,False,79
google/gemma-3-4b-it,informal,formal,centroid,N/A,kalo saya setuju dan kemudian saya menolak tidak bisa di setujui ya ? jadi gimana solusinya buat saya ?,"“kalau saya setuju, lalu saya menolak, bisa di setujui ya? jadi, bagaimana solusinya untuk saya?”",False,185,4300092,43,"[""selamat malam . mohon saya diberi informasi . paket saya sejak tanggal xxxnumberxxx tertahan dengan status itu dan belum terkirim sampai sekarang . ada apa ?"", ""sudah xxxnumberxxx hari , status belum juga berubah admin . tadi sudah telepon qc katanya cuma disuruh menunggu ."", ""sore admin . ini ada keluhan nomor saya , pulsa terpotong terus . padahal tidak berlangganan paket apapun . tolong diperiksa min + xxxnumberxxx xxxnumberxxx - xxxnumberxxx - xxxnumberxxx ."", ""grab paket hemat saya billingnya itu tanggal xxxnumberxxx juli xxxnumberxxx . sekarang sudah agustus mengapa subscribe - nya masih aktif ?"", ""dear indosat , saya mau isi paket , tetapi mengapa tidak bisa ya ? sudah sejak jam xxxtimexxx tadi pulsa sudah masuk tetapi tidak bisa aktif .""]",False,5,1702,30,False,97
google/gemma-3-4b-it,informal,formal,centroid,N/A,maaf saya kok gk bisa dm ya ? no saya xxxnumberxxx mau daftar paket freedom yg xxxnumberxxx xxxnumberxxx k dapat xxxnumberxxx giga kak,"“Halo, kenapa ya saya nggak bisa DM? Nomor saya xxxnumberxxx mau daftar paket freedom yang xxxnumberxxx xxxnumberxxx, dapat xxxnumberxxx giga kak.”",False,187,4300093,43,"[""selamat malam . mohon saya diberi informasi . paket saya sejak tanggal xxxnumberxxx tertahan dengan status itu dan belum terkirim sampai sekarang . ada apa ?"", ""sudah xxxnumberxxx hari , status belum juga berubah admin . tadi sudah telepon qc katanya cuma disuruh menunggu ."", ""sore admin . ini ada keluhan nomor saya , pulsa terpotong terus . padahal tidak berlangganan paket apapun . tolong diperiksa min + xxxnumberxxx xxxnumberxxx - xxxnumberxxx - xxxnumberxxx ."", ""grab paket hemat saya billingnya itu tanggal xxxnumberxxx juli xxxnumberxxx . sekarang sudah agustus mengapa subscribe - nya masih aktif ?"", ""dear indosat , saya mau isi paket , tetapi mengapa tidak bisa ya ? sudah sejak jam xxxtimexxx tadi pulsa sudah masuk tetapi tidak bisa aktif .""]",False,5,1733,37,False,147
google/gemma-3-4b-it,informal,formal,centroid,N/A,min jne trucking dr medan ke pinang ranti berat sekitar xxxnumberxxx - xxxnumberxxx kilo brp y min ? sya cek kok malah tambah mahal min ?,"“Halo, JNE Trucking dari Medan ke Pinang Ranti, berat sekitar xxxnumberxxx - xxxnumberxxx kilo, berapa ya min? Saya cek kok malah tambah mahal min?”",False,189,4300094,43,"[""selamat malam . mohon saya diberi informasi . paket saya sejak tanggal xxxnumberxxx tertahan dengan status itu dan belum terkirim sampai sekarang . ada apa ?"", ""sudah xxxnumberxxx hari , status belum juga berubah admin . tadi sudah telepon qc katanya cuma disuruh menunggu ."", ""sore admin . ini ada keluhan nomor saya , pulsa terpotong terus . padahal tidak berlangganan paket apapun . tolong diperiksa min + xxxnumberxxx xxxnumberxxx - xxxnumberxxx - xxxnumberxxx ."", ""grab paket hemat saya billingnya itu tanggal xxxnumberxxx juli xxxnumberxxx . sekarang sudah agustus mengapa subscribe - nya masih aktif ?"", ""dear indosat , saya mau isi paket , tetapi mengapa tidak bisa ya ? sudah sejak jam xxxtimexxx tadi pulsa sudah masuk tetapi tidak bisa aktif .""]",False,5,1736,40,False,148
google/gemma-3-4b-it,informal,formal,centroid,N/A,"min m - banking saya keblokir gara gara lupa password , boleh dibantu cara aktivasi kembali m - banking saya ?","“Halo, saya mau tanya soal aplikasi m-banking saya. Terkunci gara-gara lupa password, tolong bantu aktifkan kembali ya?”",False,191,4300095,43,"[""selamat malam . mohon saya diberi informasi . paket saya sejak tanggal xxxnumberxxx tertahan dengan status itu dan belum terkirim sampai sekarang . ada apa ?"", ""sudah xxxnumberxxx hari , status belum juga berubah admin . tadi sudah telepon qc katanya cuma disuruh menunggu ."", ""sore admin . ini ada keluhan nomor saya , pulsa terpotong terus . padahal tidak berlangganan paket apapun . tolong diperiksa min + xxxnumberxxx xxxnumberxxx - xxxnumberxxx - xxxnumberxxx ."", ""grab paket hemat saya billingnya itu tanggal xxxnumberxxx juli xxxnumberxxx . sekarang sudah agustus mengapa subscribe - nya masih aktif ?"", ""dear indosat , saya mau isi paket , tetapi mengapa tidak bisa ya ? sudah sejak jam xxxtimexxx tadi pulsa sudah masuk tetapi tidak bisa aktif .""]",False,5,1709,32,False,120
google/gemma-3-4b-it,informal,formal,centroid,N/A,udah dua hari stuck gitu dari tanggal xxxnumberxxx gak dianterin padahal udah di kota saya ini kurirnya kenapa ya tolong follow up jp xxxphonexxx,"“sudah dua hari, statusnya masih sama. admin, tolong di-follow up ya, paket saya sejak tanggal xxxnumberxxx belum sampai di kota saya. kurir kenapa?”",False,193,4300096,43,"[""selamat malam . mohon saya diberi informasi . paket saya sejak tanggal xxxnumberxxx tertahan dengan status itu dan belum terkirim sampai sekarang . ada apa ?"", ""sudah xxxnumberxxx hari , status belum juga berubah admin . tadi sudah telepon qc katanya cuma disuruh menunggu ."", ""sore admin . ini ada keluhan nomor saya , pulsa terpotong terus . padahal tidak berlangganan paket apapun . tolong diperiksa min + xxxnumberxxx xxxnumberxxx - xxxnumberxxx - xxxnumberxxx ."", ""grab paket hemat saya billingnya itu tanggal xxxnumberxxx juli xxxnumberxxx . sekarang sudah agustus mengapa subscribe - nya masih aktif ?"", ""dear indosat , saya mau isi paket , tetapi mengapa tidak bisa ya ? sudah sejak jam xxxtimexxx tadi pulsa sudah masuk tetapi tidak bisa aktif .""]",False,5,1744,40,False,149
google/gemma-3-4b-it,informal,formal,centroid,N/A,"jaringn internet xxxnumberxxx g saya error , hanya bisa h + itupun lemot sekali .","“internet xxxnumberxxx saya error, baru bisa + itu juga cepet banget.”",False,195,4300097,43,"[""selamat malam . mohon saya diberi informasi . paket saya sejak tanggal xxxnumberxxx tertahan dengan status itu dan belum terkirim sampai sekarang . ada apa ?"", ""sudah xxxnumberxxx hari , status belum juga berubah admin . tadi sudah telepon qc katanya cuma disuruh menunggu ."", ""sore admin . ini ada keluhan nomor saya , pulsa terpotong terus . padahal tidak berlangganan paket apapun . tolong diperiksa min + xxxnumberxxx xxxnumberxxx - xxxnumberxxx - xxxnumberxxx ."", ""grab paket hemat saya billingnya itu tanggal xxxnumberxxx juli xxxnumberxxx . sekarang sudah agustus mengapa subscribe - nya masih aktif ?"", ""dear indosat , saya mau isi paket , tetapi mengapa tidak bisa ya ? sudah sejak jam xxxtimexxx tadi pulsa sudah masuk tetapi tidak bisa aktif .""]",False,5,1680,19,False,70
google/gemma-3-4b-it,informal,formal,centroid,N/A,"gimana nih , j & t udah xxxnumberxxx hari paket saya gak ada perkembangan !","""halo , expedisi j & t , paket saya sudah xxxnumberxxx hari tidak ada informasi perkembangannya !"".",False,197,4300098,43,"[""selamat malam . mohon saya diberi informasi . paket saya sejak tanggal xxxnumberxxx tertahan dengan status itu dan belum terkirim sampai sekarang . ada apa ?"", ""sudah xxxnumberxxx hari , status belum juga berubah admin . tadi sudah telepon qc katanya cuma disuruh menunggu ."", ""sore admin . ini ada keluhan nomor saya , pulsa terpotong terus . padahal tidak berlangganan paket apapun . tolong diperiksa min + xxxnumberxxx xxxnumberxxx - xxxnumberxxx - xxxnumberxxx ."", ""grab paket hemat saya billingnya itu tanggal xxxnumberxxx juli xxxnumberxxx . sekarang sudah agustus mengapa subscribe - nya masih aktif ?"", ""dear indosat , saya mau isi paket , tetapi mengapa tidak bisa ya ? sudah sejak jam xxxtimexxx tadi pulsa sudah masuk tetapi tidak bisa aktif .""]",False,5,1674,26,False,99
google/gemma-3-4b-it,informal,formal,centroid,N/A,main ps sama sinb ga ada ?,"“Halo, kok paket game PS dan sinbiarnya nggak aktif ya? udah coba beberapa kali, kok nggak muncul?”",False,199,4300099,43,"[""selamat malam . mohon saya diberi informasi . paket saya sejak tanggal xxxnumberxxx tertahan dengan status itu dan belum terkirim sampai sekarang . ada apa ?"", ""sudah xxxnumberxxx hari , status belum juga berubah admin . tadi sudah telepon qc katanya cuma disuruh menunggu ."", ""sore admin . ini ada keluhan nomor saya , pulsa terpotong terus . padahal tidak berlangganan paket apapun . tolong diperiksa min + xxxnumberxxx xxxnumberxxx - xxxnumberxxx - xxxnumberxxx ."", ""grab paket hemat saya billingnya itu tanggal xxxnumberxxx juli xxxnumberxxx . sekarang sudah agustus mengapa subscribe - nya masih aktif ?"", ""dear indosat , saya mau isi paket , tetapi mengapa tidak bisa ya ? sudah sejak jam xxxtimexxx tadi pulsa sudah masuk tetapi tidak bisa aktif .""]",False,5,1625,26,False,99
google/gemma-3-4b-it,informal,formal,centroid,N/A,mantap xxxuserxxx segini + soup cream cuman xxxnumberxxx,"""halo, kok bisa paket segini + soup cream cuma xxxnumberxxx?""",False,201,4300100,43,"[""selamat malam . mohon saya diberi informasi . paket saya sejak tanggal xxxnumberxxx tertahan dengan status itu dan belum terkirim sampai sekarang . ada apa ?"", ""sudah xxxnumberxxx hari , status belum juga berubah admin . tadi sudah telepon qc katanya cuma disuruh menunggu ."", ""sore admin . ini ada keluhan nomor saya , pulsa terpotong terus . padahal tidak berlangganan paket apapun . tolong diperiksa min + xxxnumberxxx xxxnumberxxx - xxxnumberxxx - xxxnumberxxx ."", ""grab paket hemat saya billingnya itu tanggal xxxnumberxxx juli xxxnumberxxx . sekarang sudah agustus mengapa subscribe - nya masih aktif ?"", ""dear indosat , saya mau isi paket , tetapi mengapa tidak bisa ya ? sudah sejak jam xxxtimexxx tadi pulsa sudah masuk tetapi tidak bisa aktif .""]",False,5,1655,18,False,61
google/gemma-3-4b-it,informal,formal,centroid,N/A,"mas , mbak , seventeen mau upload teaser nanti malem jam xxxnumberxxx , tolong aplikasinya jangan error mulu saya mau beli paket . makasih . jangan lupa stan seventeen .","“Halo, tolong bantu. Seventeen mau upload teaser malam ini jam xxxnumberxxx, mohon aplikasinya jangan bermasalah ya. Saya mau beli paket. Makasih. Jangan lupa stan Seventeen.”",False,203,4300101,43,"[""selamat malam . mohon saya diberi informasi . paket saya sejak tanggal xxxnumberxxx tertahan dengan status itu dan belum terkirim sampai sekarang . ada apa ?"", ""sudah xxxnumberxxx hari , status belum juga berubah admin . tadi sudah telepon qc katanya cuma disuruh menunggu ."", ""sore admin . ini ada keluhan nomor saya , pulsa terpotong terus . padahal tidak berlangganan paket apapun . tolong diperiksa min + xxxnumberxxx xxxnumberxxx - xxxnumberxxx - xxxnumberxxx ."", ""grab paket hemat saya billingnya itu tanggal xxxnumberxxx juli xxxnumberxxx . sekarang sudah agustus mengapa subscribe - nya masih aktif ?"", ""dear indosat , saya mau isi paket , tetapi mengapa tidak bisa ya ? sudah sejak jam xxxtimexxx tadi pulsa sudah masuk tetapi tidak bisa aktif .""]",False,5,1768,43,False,175
google/gemma-3-4b-it,informal,formal,centroid,N/A,lagi pada beli motor gan masih inden xxxnumberxxx taun,"“Halo, lagi inden motor nih, udah xxxnumberxxx tahun.”",False,205,4300102,43,"[""selamat malam . mohon saya diberi informasi . paket saya sejak tanggal xxxnumberxxx tertahan dengan status itu dan belum terkirim sampai sekarang . ada apa ?"", ""sudah xxxnumberxxx hari , status belum juga berubah admin . tadi sudah telepon qc katanya cuma disuruh menunggu ."", ""sore admin . ini ada keluhan nomor saya , pulsa terpotong terus . padahal tidak berlangganan paket apapun . tolong diperiksa min + xxxnumberxxx xxxnumberxxx - xxxnumberxxx - xxxnumberxxx ."", ""grab paket hemat saya billingnya itu tanggal xxxnumberxxx juli xxxnumberxxx . sekarang sudah agustus mengapa subscribe - nya masih aktif ?"", ""dear indosat , saya mau isi paket , tetapi mengapa tidak bisa ya ? sudah sejak jam xxxtimexxx tadi pulsa sudah masuk tetapi tidak bisa aktif .""]",False,5,1653,15,False,54
google/gemma-3-4b-it,informal,formal,centroid,N/A,"kak ko saya gabisa beli paket ya ? saya mau beli yg xxxnumberxxx , pulsa saya juga pas xxxnumberxxx . tapi disini malah tulisannya pulsa tidak cukup ?","“Halo, kok saya nggak bisa beli paket ya? Mau beli yang xxxnumberxxx, pulsa saya juga pas xxxnumberxxx. Tapi di sini malah tulisannya pulsa kurang?”",False,207,4300103,43,"[""selamat malam . mohon saya diberi informasi . paket saya sejak tanggal xxxnumberxxx tertahan dengan status itu dan belum terkirim sampai sekarang . ada apa ?"", ""sudah xxxnumberxxx hari , status belum juga berubah admin . tadi sudah telepon qc katanya cuma disuruh menunggu ."", ""sore admin . ini ada keluhan nomor saya , pulsa terpotong terus . padahal tidak berlangganan paket apapun . tolong diperiksa min + xxxnumberxxx xxxnumberxxx - xxxnumberxxx - xxxnumberxxx ."", ""grab paket hemat saya billingnya itu tanggal xxxnumberxxx juli xxxnumberxxx . sekarang sudah agustus mengapa subscribe - nya masih aktif ?"", ""dear indosat , saya mau isi paket , tetapi mengapa tidak bisa ya ? sudah sejak jam xxxtimexxx tadi pulsa sudah masuk tetapi tidak bisa aktif .""]",False,5,1749,39,False,148
google/gemma-3-4b-it,informal,formal,centroid,N/A,"kak xxxuserxxx check dm ya , terimakasih","“Hai, xxxuserxxx, cek DM ya, makasih.”",False,209,4300104,43,"[""selamat malam . mohon saya diberi informasi . paket saya sejak tanggal xxxnumberxxx tertahan dengan status itu dan belum terkirim sampai sekarang . ada apa ?"", ""sudah xxxnumberxxx hari , status belum juga berubah admin . tadi sudah telepon qc katanya cuma disuruh menunggu ."", ""sore admin . ini ada keluhan nomor saya , pulsa terpotong terus . padahal tidak berlangganan paket apapun . tolong diperiksa min + xxxnumberxxx xxxnumberxxx - xxxnumberxxx - xxxnumberxxx ."", ""grab paket hemat saya billingnya itu tanggal xxxnumberxxx juli xxxnumberxxx . sekarang sudah agustus mengapa subscribe - nya masih aktif ?"", ""dear indosat , saya mau isi paket , tetapi mengapa tidak bisa ya ? sudah sejak jam xxxtimexxx tadi pulsa sudah masuk tetapi tidak bisa aktif .""]",False,5,1639,16,False,38
google/gemma-3-4b-it,informal,formal,centroid,N/A,halo xxxuserxxx apa three lagi gangguan ? kenapa lemot bgt internet sy,"“halo , kenapa internet saya kok lama banget ya?”",False,211,4300105,43,"[""selamat malam . mohon saya diberi informasi . paket saya sejak tanggal xxxnumberxxx tertahan dengan status itu dan belum terkirim sampai sekarang . ada apa ?"", ""sudah xxxnumberxxx hari , status belum juga berubah admin . tadi sudah telepon qc katanya cuma disuruh menunggu ."", ""sore admin . ini ada keluhan nomor saya , pulsa terpotong terus . padahal tidak berlangganan paket apapun . tolong diperiksa min + xxxnumberxxx xxxnumberxxx - xxxnumberxxx - xxxnumberxxx ."", ""grab paket hemat saya billingnya itu tanggal xxxnumberxxx juli xxxnumberxxx . sekarang sudah agustus mengapa subscribe - nya masih aktif ?"", ""dear indosat , saya mau isi paket , tetapi mengapa tidak bisa ya ? sudah sejak jam xxxtimexxx tadi pulsa sudah masuk tetapi tidak bisa aktif .""]",False,5,1669,12,False,49
google/gemma-3-4b-it,informal,formal,centroid,N/A,sudah saya kirim min mohon di cek,"“sudah saya kirim, tolong dicek ya min.”",False,213,4300106,43,"[""selamat malam . mohon saya diberi informasi . paket saya sejak tanggal xxxnumberxxx tertahan dengan status itu dan belum terkirim sampai sekarang . ada apa ?"", ""sudah xxxnumberxxx hari , status belum juga berubah admin . tadi sudah telepon qc katanya cuma disuruh menunggu ."", ""sore admin . ini ada keluhan nomor saya , pulsa terpotong terus . padahal tidak berlangganan paket apapun . tolong diperiksa min + xxxnumberxxx xxxnumberxxx - xxxnumberxxx - xxxnumberxxx ."", ""grab paket hemat saya billingnya itu tanggal xxxnumberxxx juli xxxnumberxxx . sekarang sudah agustus mengapa subscribe - nya masih aktif ?"", ""dear indosat , saya mau isi paket , tetapi mengapa tidak bisa ya ? sudah sejak jam xxxtimexxx tadi pulsa sudah masuk tetapi tidak bisa aktif .""]",False,5,1632,16,False,40
google/gemma-3-4b-it,informal,formal,centroid,N/A,owhh haha typo bikin salah paham,"“eh, maaf salah ketik, jadi salah paham ya?”",False,215,4300107,43,"[""selamat malam . mohon saya diberi informasi . paket saya sejak tanggal xxxnumberxxx tertahan dengan status itu dan belum terkirim sampai sekarang . ada apa ?"", ""sudah xxxnumberxxx hari , status belum juga berubah admin . tadi sudah telepon qc katanya cuma disuruh menunggu ."", ""sore admin . ini ada keluhan nomor saya , pulsa terpotong terus . padahal tidak berlangganan paket apapun . tolong diperiksa min + xxxnumberxxx xxxnumberxxx - xxxnumberxxx - xxxnumberxxx ."", ""grab paket hemat saya billingnya itu tanggal xxxnumberxxx juli xxxnumberxxx . sekarang sudah agustus mengapa subscribe - nya masih aktif ?"", ""dear indosat , saya mau isi paket , tetapi mengapa tidak bisa ya ? sudah sejak jam xxxtimexxx tadi pulsa sudah masuk tetapi tidak bisa aktif .""]",False,5,1631,14,False,44
google/gemma-3-4b-it,informal,formal,centroid,N/A,"sinyal xxxnumberxxx g full tapi ga bisa dipake , daerah jogja ini kenapa udh hampir seminggu","“sinyal xxxnumberxxx kurang, tapi kok gak bisa dipakai ya? di Jogja ini udah hampir seminggu, kok anehnya.”",True,217,4300108,43,"[""selamat malam . mohon saya diberi informasi . paket saya sejak tanggal xxxnumberxxx tertahan dengan status itu dan belum terkirim sampai sekarang . ada apa ?"", ""sudah xxxnumberxxx hari , status belum juga berubah admin . tadi sudah telepon qc katanya cuma disuruh menunggu ."", ""sore admin . ini ada keluhan nomor saya , pulsa terpotong terus . padahal tidak berlangganan paket apapun . tolong diperiksa min + xxxnumberxxx xxxnumberxxx - xxxnumberxxx - xxxnumberxxx ."", ""grab paket hemat saya billingnya itu tanggal xxxnumberxxx juli xxxnumberxxx . sekarang sudah agustus mengapa subscribe - nya masih aktif ?"", ""dear indosat , saya mau isi paket , tetapi mengapa tidak bisa ya ? sudah sejak jam xxxtimexxx tadi pulsa sudah masuk tetapi tidak bisa aktif .""]",False,5,1691,32,False,107
google/gemma-3-4b-it,informal,formal,centroid,N/A,"halo admin , saya mau melaporkan sebuah toko . jadi penjualnya itu bersikap tidak sopan ke saya ( selaku pembeli ) dan saya merasa tersinggung dengan perkataan penjualnya .","“halo admin, saya mau komplain soal satu toko. penjualnya gak ramah sama saya (sebagai pembeli) dan saya kesel sama perkataannya.”",False,219,4300109,43,"[""selamat malam . mohon saya diberi informasi . paket saya sejak tanggal xxxnumberxxx tertahan dengan status itu dan belum terkirim sampai sekarang . ada apa ?"", ""sudah xxxnumberxxx hari , status belum juga berubah admin . tadi sudah telepon qc katanya cuma disuruh menunggu ."", ""sore admin . ini ada keluhan nomor saya , pulsa terpotong terus . padahal tidak berlangganan paket apapun . tolong diperiksa min + xxxnumberxxx xxxnumberxxx - xxxnumberxxx - xxxnumberxxx ."", ""grab paket hemat saya billingnya itu tanggal xxxnumberxxx juli xxxnumberxxx . sekarang sudah agustus mengapa subscribe - nya masih aktif ?"", ""dear indosat , saya mau isi paket , tetapi mengapa tidak bisa ya ? sudah sejak jam xxxtimexxx tadi pulsa sudah masuk tetapi tidak bisa aktif .""]",False,5,1771,36,False,130
google/gemma-3-4b-it,informal,formal,centroid,N/A,harus punya pulsa banyak klo hub . nomer itu ya min ? emang gak ada twitter brilink ya,"“Saya butuh pulsa banyak untuk hubung-hubung, nomor itu ya, Min? Kenapa nggak ada Twitter Brilink sih?”",False,221,4300110,43,"[""selamat malam . mohon saya diberi informasi . paket saya sejak tanggal xxxnumberxxx tertahan dengan status itu dan belum terkirim sampai sekarang . ada apa ?"", ""sudah xxxnumberxxx hari , status belum juga berubah admin . tadi sudah telepon qc katanya cuma disuruh menunggu ."", ""sore admin . ini ada keluhan nomor saya , pulsa terpotong terus . padahal tidak berlangganan paket apapun . tolong diperiksa min + xxxnumberxxx xxxnumberxxx - xxxnumberxxx - xxxnumberxxx ."", ""grab paket hemat saya billingnya itu tanggal xxxnumberxxx juli xxxnumberxxx . sekarang sudah agustus mengapa subscribe - nya masih aktif ?"", ""dear indosat , saya mau isi paket , tetapi mengapa tidak bisa ya ? sudah sejak jam xxxtimexxx tadi pulsa sudah masuk tetapi tidak bisa aktif .""]",False,5,1685,31,False,103
google/gemma-3-4b-it,informal,formal,centroid,N/A,"xxxnumberxxx hari ini jaringan xxxnumberxxx g ngadat , xxxnumberxxx g pun ngos - ngosan . sekedar buka web saja luaamaa . tolong dong di tindak lanjuti","“Sudah xxxnumberxxx hari ini jaringan xxxnumberxxx terasa aneh, xxxnumberxxx terasa sangat lambat. Bahkan hanya membuka website lama saja membuat frustrasi. Mohon ditindaklanjuti.”",False,223,4300111,43,"[""selamat malam . mohon saya diberi informasi . paket saya sejak tanggal xxxnumberxxx tertahan dengan status itu dan belum terkirim sampai sekarang . ada apa ?"", ""sudah xxxnumberxxx hari , status belum juga berubah admin . tadi sudah telepon qc katanya cuma disuruh menunggu ."", ""sore admin . ini ada keluhan nomor saya , pulsa terpotong terus . padahal tidak berlangganan paket apapun . tolong diperiksa min + xxxnumberxxx xxxnumberxxx - xxxnumberxxx - xxxnumberxxx ."", ""grab paket hemat saya billingnya itu tanggal xxxnumberxxx juli xxxnumberxxx . sekarang sudah agustus mengapa subscribe - nya masih aktif ?"", ""dear indosat , saya mau isi paket , tetapi mengapa tidak bisa ya ? sudah sejak jam xxxtimexxx tadi pulsa sudah masuk tetapi tidak bisa aktif .""]",False,5,1750,44,False,180
google/gemma-3-4b-it,informal,formal,centroid,N/A,sy sudah menyelesaikan mission jugglenaut pas masih ada xxxnumberxxx + rewards left nya smoe skrg blm dikirim rewardsnya,"“Halo, sudah selesai misi Jugglenaut, tapi rewardnya belum sampai. Ada yang salah ya?”",False,225,4300112,43,"[""selamat malam . mohon saya diberi informasi . paket saya sejak tanggal xxxnumberxxx tertahan dengan status itu dan belum terkirim sampai sekarang . ada apa ?"", ""sudah xxxnumberxxx hari , status belum juga berubah admin . tadi sudah telepon qc katanya cuma disuruh menunggu ."", ""sore admin . ini ada keluhan nomor saya , pulsa terpotong terus . padahal tidak berlangganan paket apapun . tolong diperiksa min + xxxnumberxxx xxxnumberxxx - xxxnumberxxx - xxxnumberxxx ."", ""grab paket hemat saya billingnya itu tanggal xxxnumberxxx juli xxxnumberxxx . sekarang sudah agustus mengapa subscribe - nya masih aktif ?"", ""dear indosat , saya mau isi paket , tetapi mengapa tidak bisa ya ? sudah sejak jam xxxtimexxx tadi pulsa sudah masuk tetapi tidak bisa aktif .""]",False,5,1719,24,False,86
google/gemma-3-4b-it,informal,formal,centroid,N/A,tolong xxxuserxxx di tindak lanjuti yang beginian,"“tolong, mohon tindak lanjut terkait masalah ini, ya, admin.”",False,227,4300113,43,"[""selamat malam . mohon saya diberi informasi . paket saya sejak tanggal xxxnumberxxx tertahan dengan status itu dan belum terkirim sampai sekarang . ada apa ?"", ""sudah xxxnumberxxx hari , status belum juga berubah admin . tadi sudah telepon qc katanya cuma disuruh menunggu ."", ""sore admin . ini ada keluhan nomor saya , pulsa terpotong terus . padahal tidak berlangganan paket apapun . tolong diperiksa min + xxxnumberxxx xxxnumberxxx - xxxnumberxxx - xxxnumberxxx ."", ""grab paket hemat saya billingnya itu tanggal xxxnumberxxx juli xxxnumberxxx . sekarang sudah agustus mengapa subscribe - nya masih aktif ?"", ""dear indosat , saya mau isi paket , tetapi mengapa tidak bisa ya ? sudah sejak jam xxxtimexxx tadi pulsa sudah masuk tetapi tidak bisa aktif .""]",False,5,1648,19,False,61
google/gemma-3-4b-it,informal,formal,centroid,N/A,"klo paketan cod gagal dikirim , gimana kelanjutannya ? pembeli susah dihubungi","“Kok paket COD-nya gagal kirim, bagaimana kelanjutannya? Pembelinya susah dihubungi.”",False,229,4300114,43,"[""selamat malam . mohon saya diberi informasi . paket saya sejak tanggal xxxnumberxxx tertahan dengan status itu dan belum terkirim sampai sekarang . ada apa ?"", ""sudah xxxnumberxxx hari , status belum juga berubah admin . tadi sudah telepon qc katanya cuma disuruh menunggu ."", ""sore admin . ini ada keluhan nomor saya , pulsa terpotong terus . padahal tidak berlangganan paket apapun . tolong diperiksa min + xxxnumberxxx xxxnumberxxx - xxxnumberxxx - xxxnumberxxx ."", ""grab paket hemat saya billingnya itu tanggal xxxnumberxxx juli xxxnumberxxx . sekarang sudah agustus mengapa subscribe - nya masih aktif ?"", ""dear indosat , saya mau isi paket , tetapi mengapa tidak bisa ya ? sudah sejak jam xxxtimexxx tadi pulsa sudah masuk tetapi tidak bisa aktif .""]",False,5,1677,25,False,85
google/gemma-3-4b-it,informal,formal,centroid,N/A,"bingung sama xxxuserxxx sinyal ga pernah stabil , sebanyak apapun isi kuota kayanya ga ngaruh . udh ubah xxxnumberxxx g pun ttp aja .","“ane bingung nih, sinyalnya nggak stabil sama sekali. udah isi kuota sebanyak apa aja kayaknya nggak ada gunanya. udah coba ganti xxxnumberxxx juga nggak berubah.”",False,231,4300115,43,"[""selamat malam . mohon saya diberi informasi . paket saya sejak tanggal xxxnumberxxx tertahan dengan status itu dan belum terkirim sampai sekarang . ada apa ?"", ""sudah xxxnumberxxx hari , status belum juga berubah admin . tadi sudah telepon qc katanya cuma disuruh menunggu ."", ""sore admin . ini ada keluhan nomor saya , pulsa terpotong terus . padahal tidak berlangganan paket apapun . tolong diperiksa min + xxxnumberxxx xxxnumberxxx - xxxnumberxxx - xxxnumberxxx ."", ""grab paket hemat saya billingnya itu tanggal xxxnumberxxx juli xxxnumberxxx . sekarang sudah agustus mengapa subscribe - nya masih aktif ?"", ""dear indosat , saya mau isi paket , tetapi mengapa tidak bisa ya ? sudah sejak jam xxxtimexxx tadi pulsa sudah masuk tetapi tidak bisa aktif .""]",False,5,1732,41,False,163
google/gemma-3-4b-it,informal,formal,centroid,N/A,kenapa ya internet jadi lemot ? padahal udah di pengaturan terus pilih jaringan manual tapi tetap saja lemot,"“Kok, internetnya lama banget sih? Padahal udah diatur manual pilih jaringan, tapi tetep aja lambat.”",False,233,4300116,43,"[""selamat malam . mohon saya diberi informasi . paket saya sejak tanggal xxxnumberxxx tertahan dengan status itu dan belum terkirim sampai sekarang . ada apa ?"", ""sudah xxxnumberxxx hari , status belum juga berubah admin . tadi sudah telepon qc katanya cuma disuruh menunggu ."", ""sore admin . ini ada keluhan nomor saya , pulsa terpotong terus . padahal tidak berlangganan paket apapun . tolong diperiksa min + xxxnumberxxx xxxnumberxxx - xxxnumberxxx - xxxnumberxxx ."", ""grab paket hemat saya billingnya itu tanggal xxxnumberxxx juli xxxnumberxxx . sekarang sudah agustus mengapa subscribe - nya masih aktif ?"", ""dear indosat , saya mau isi paket , tetapi mengapa tidak bisa ya ? sudah sejak jam xxxtimexxx tadi pulsa sudah masuk tetapi tidak bisa aktif .""]",False,5,1707,27,False,101
google/gemma-3-4b-it,informal,formal,centroid,N/A,"iye di kasih kopi , kopi sudah mendarah daging","“iya, sudah dikasih kopi, kopinya udah ngerak.”",False,235,4300117,43,"[""selamat malam . mohon saya diberi informasi . paket saya sejak tanggal xxxnumberxxx tertahan dengan status itu dan belum terkirim sampai sekarang . ada apa ?"", ""sudah xxxnumberxxx hari , status belum juga berubah admin . tadi sudah telepon qc katanya cuma disuruh menunggu ."", ""sore admin . ini ada keluhan nomor saya , pulsa terpotong terus . padahal tidak berlangganan paket apapun . tolong diperiksa min + xxxnumberxxx xxxnumberxxx - xxxnumberxxx - xxxnumberxxx ."", ""grab paket hemat saya billingnya itu tanggal xxxnumberxxx juli xxxnumberxxx . sekarang sudah agustus mengapa subscribe - nya masih aktif ?"", ""dear indosat , saya mau isi paket , tetapi mengapa tidak bisa ya ? sudah sejak jam xxxtimexxx tadi pulsa sudah masuk tetapi tidak bisa aktif .""]",False,5,1645,17,False,47
google/gemma-3-4b-it,informal,formal,centroid,N/A,"masih error , saya beralih aja ke kartu yang lain","“udah lama error, ya udah saya ganti kartu aja.”",False,237,4300118,43,"[""selamat malam . mohon saya diberi informasi . paket saya sejak tanggal xxxnumberxxx tertahan dengan status itu dan belum terkirim sampai sekarang . ada apa ?"", ""sudah xxxnumberxxx hari , status belum juga berubah admin . tadi sudah telepon qc katanya cuma disuruh menunggu ."", ""sore admin . ini ada keluhan nomor saya , pulsa terpotong terus . padahal tidak berlangganan paket apapun . tolong diperiksa min + xxxnumberxxx xxxnumberxxx - xxxnumberxxx - xxxnumberxxx ."", ""grab paket hemat saya billingnya itu tanggal xxxnumberxxx juli xxxnumberxxx . sekarang sudah agustus mengapa subscribe - nya masih aktif ?"", ""dear indosat , saya mau isi paket , tetapi mengapa tidak bisa ya ? sudah sejak jam xxxtimexxx tadi pulsa sudah masuk tetapi tidak bisa aktif .""]",False,5,1648,15,False,48
google/gemma-3-4b-it,informal,formal,centroid,N/A,"malam admin xxxuserxxx saya baru isi pulsa xxxnumberxxx xxxnumberxxx k , tiba2 pulsa ilang entah kenapa . padahal belum saya apa2in . sebel saya","“admin malam, pulsa xxxnumberxxx baru diisi, tiba-tiba ilang. nggak ngerti kenapa, soalnya belum aku lakukan apa-apa. kesel banget.”",False,239,4300119,43,"[""selamat malam . mohon saya diberi informasi . paket saya sejak tanggal xxxnumberxxx tertahan dengan status itu dan belum terkirim sampai sekarang . ada apa ?"", ""sudah xxxnumberxxx hari , status belum juga berubah admin . tadi sudah telepon qc katanya cuma disuruh menunggu ."", ""sore admin . ini ada keluhan nomor saya , pulsa terpotong terus . padahal tidak berlangganan paket apapun . tolong diperiksa min + xxxnumberxxx xxxnumberxxx - xxxnumberxxx - xxxnumberxxx ."", ""grab paket hemat saya billingnya itu tanggal xxxnumberxxx juli xxxnumberxxx . sekarang sudah agustus mengapa subscribe - nya masih aktif ?"", ""dear indosat , saya mau isi paket , tetapi mengapa tidak bisa ya ? sudah sejak jam xxxtimexxx tadi pulsa sudah masuk tetapi tidak bisa aktif .""]",False,5,1743,37,False,132
google/gemma-3-4b-it,informal,formal,centroid,N/A,"kencan bahagia itu dinner bareng kekasih di kfc bayarnya , kenyangnya dapet , romantisnya dapet , plus dapat cashback xxxpercentxxx dari xxxuserxxx . mantul mantul mantul .","“akhirnya bisa kencan sama pacar makan di KFC, bayarnya gampang, romantisnya juga ada, ditambah dapat cashback xxxpercentxxx dari xxxuserxxx. keren banget!”",False,241,4300120,43,"[""selamat malam . mohon saya diberi informasi . paket saya sejak tanggal xxxnumberxxx tertahan dengan status itu dan belum terkirim sampai sekarang . ada apa ?"", ""sudah xxxnumberxxx hari , status belum juga berubah admin . tadi sudah telepon qc katanya cuma disuruh menunggu ."", ""sore admin . ini ada keluhan nomor saya , pulsa terpotong terus . padahal tidak berlangganan paket apapun . tolong diperiksa min + xxxnumberxxx xxxnumberxxx - xxxnumberxxx - xxxnumberxxx ."", ""grab paket hemat saya billingnya itu tanggal xxxnumberxxx juli xxxnumberxxx . sekarang sudah agustus mengapa subscribe - nya masih aktif ?"", ""dear indosat , saya mau isi paket , tetapi mengapa tidak bisa ya ? sudah sejak jam xxxtimexxx tadi pulsa sudah masuk tetapi tidak bisa aktif .""]",False,5,1771,40,False,156
google/gemma-3-4b-it,informal,formal,centroid,N/A,min transaksi xxxnumberxxx belum dipick up kurir terus sudah xxxnumberxxx hari . bisa bantu percepat ?,"“admin, transaksi nomor saya xxxnumberxxx belum dipick up kurir sudah xxxnumberxxx hari. Tolong bantu percepat ya?”",False,243,4300121,43,"[""selamat malam . mohon saya diberi informasi . paket saya sejak tanggal xxxnumberxxx tertahan dengan status itu dan belum terkirim sampai sekarang . ada apa ?"", ""sudah xxxnumberxxx hari , status belum juga berubah admin . tadi sudah telepon qc katanya cuma disuruh menunggu ."", ""sore admin . ini ada keluhan nomor saya , pulsa terpotong terus . padahal tidak berlangganan paket apapun . tolong diperiksa min + xxxnumberxxx xxxnumberxxx - xxxnumberxxx - xxxnumberxxx ."", ""grab paket hemat saya billingnya itu tanggal xxxnumberxxx juli xxxnumberxxx . sekarang sudah agustus mengapa subscribe - nya masih aktif ?"", ""dear indosat , saya mau isi paket , tetapi mengapa tidak bisa ya ? sudah sejak jam xxxtimexxx tadi pulsa sudah masuk tetapi tidak bisa aktif .""]",False,5,1701,30,False,115
google/gemma-3-4b-it,informal,formal,centroid,N/A,saya tarik saldo dari aplikasi linkaja ke rekening bank bri saya kenapa sampe sekarang masih pending ya ?,"“Kenapa masih pending ya, dari aplikasi Linkaja saya tarik saldo ke rekening BRI?”",False,245,4300122,43,"[""selamat malam . mohon saya diberi informasi . paket saya sejak tanggal xxxnumberxxx tertahan dengan status itu dan belum terkirim sampai sekarang . ada apa ?"", ""sudah xxxnumberxxx hari , status belum juga berubah admin . tadi sudah telepon qc katanya cuma disuruh menunggu ."", ""sore admin . ini ada keluhan nomor saya , pulsa terpotong terus . padahal tidak berlangganan paket apapun . tolong diperiksa min + xxxnumberxxx xxxnumberxxx - xxxnumberxxx - xxxnumberxxx ."", ""grab paket hemat saya billingnya itu tanggal xxxnumberxxx juli xxxnumberxxx . sekarang sudah agustus mengapa subscribe - nya masih aktif ?"", ""dear indosat , saya mau isi paket , tetapi mengapa tidak bisa ya ? sudah sejak jam xxxtimexxx tadi pulsa sudah masuk tetapi tidak bisa aktif .""]",False,5,1704,19,False,82
google/gemma-3-4b-it,informal,formal,centroid,N/A,jawaban nya a . asuransi ikutan yuk xxxuserxxx xxxuserxxx xxxuserxxx done follow semua sosmed,"dear indosat, asuransi ikutan yuk sudah selesai semua sosmed.",False,247,4300123,43,"[""selamat malam . mohon saya diberi informasi . paket saya sejak tanggal xxxnumberxxx tertahan dengan status itu dan belum terkirim sampai sekarang . ada apa ?"", ""sudah xxxnumberxxx hari , status belum juga berubah admin . tadi sudah telepon qc katanya cuma disuruh menunggu ."", ""sore admin . ini ada keluhan nomor saya , pulsa terpotong terus . padahal tidak berlangganan paket apapun . tolong diperiksa min + xxxnumberxxx xxxnumberxxx - xxxnumberxxx - xxxnumberxxx ."", ""grab paket hemat saya billingnya itu tanggal xxxnumberxxx juli xxxnumberxxx . sekarang sudah agustus mengapa subscribe - nya masih aktif ?"", ""dear indosat , saya mau isi paket , tetapi mengapa tidak bisa ya ? sudah sejak jam xxxtimexxx tadi pulsa sudah masuk tetapi tidak bisa aktif .""]",False,5,1692,18,False,61
google/gemma-3-4b-it,informal,formal,centroid,N/A,berarti kalo ga di on / off kan dulu airplane mode nya tetep pake kuota reguler gitu ?,"“jadi, kalau belum dinyalakan airplane mode, tetap bisa pakai kuota reguler ya?”",False,249,4300124,43,"[""selamat malam . mohon saya diberi informasi . paket saya sejak tanggal xxxnumberxxx tertahan dengan status itu dan belum terkirim sampai sekarang . ada apa ?"", ""sudah xxxnumberxxx hari , status belum juga berubah admin . tadi sudah telepon qc katanya cuma disuruh menunggu ."", ""sore admin . ini ada keluhan nomor saya , pulsa terpotong terus . padahal tidak berlangganan paket apapun . tolong diperiksa min + xxxnumberxxx xxxnumberxxx - xxxnumberxxx - xxxnumberxxx ."", ""grab paket hemat saya billingnya itu tanggal xxxnumberxxx juli xxxnumberxxx . sekarang sudah agustus mengapa subscribe - nya masih aktif ?"", ""dear indosat , saya mau isi paket , tetapi mengapa tidak bisa ya ? sudah sejak jam xxxtimexxx tadi pulsa sudah masuk tetapi tidak bisa aktif .""]",False,5,1685,22,False,80
google/gemma-3-4b-it,informal,formal,centroid,N/A,"sy tunggu responnya disini , segera ! sblm dpt jwban sy retweet simultan biar inget !","tolong balas segera ya admin , biar aku bisa nge-retweet terus biar gak lupa!",False,251,4300125,43,"[""selamat malam . mohon saya diberi informasi . paket saya sejak tanggal xxxnumberxxx tertahan dengan status itu dan belum terkirim sampai sekarang . ada apa ?"", ""sudah xxxnumberxxx hari , status belum juga berubah admin . tadi sudah telepon qc katanya cuma disuruh menunggu ."", ""sore admin . ini ada keluhan nomor saya , pulsa terpotong terus . padahal tidak berlangganan paket apapun . tolong diperiksa min + xxxnumberxxx xxxnumberxxx - xxxnumberxxx - xxxnumberxxx ."", ""grab paket hemat saya billingnya itu tanggal xxxnumberxxx juli xxxnumberxxx . sekarang sudah agustus mengapa subscribe - nya masih aktif ?"", ""dear indosat , saya mau isi paket , tetapi mengapa tidak bisa ya ? sudah sejak jam xxxtimexxx tadi pulsa sudah masuk tetapi tidak bisa aktif .""]",False,5,1684,21,False,77
google/gemma-3-4b-it,informal,formal,centroid,N/A,maaf memang lg gangguan ya ? mulai td gak bisa cek & beli kuota .,"“Halo, maaf ya, kok dari tadi nggak bisa cek dan beli kuota?”",False,253,4300126,43,"[""selamat malam . mohon saya diberi informasi . paket saya sejak tanggal xxxnumberxxx tertahan dengan status itu dan belum terkirim sampai sekarang . ada apa ?"", ""sudah xxxnumberxxx hari , status belum juga berubah admin . tadi sudah telepon qc katanya cuma disuruh menunggu ."", ""sore admin . ini ada keluhan nomor saya , pulsa terpotong terus . padahal tidak berlangganan paket apapun . tolong diperiksa min + xxxnumberxxx xxxnumberxxx - xxxnumberxxx - xxxnumberxxx ."", ""grab paket hemat saya billingnya itu tanggal xxxnumberxxx juli xxxnumberxxx . sekarang sudah agustus mengapa subscribe - nya masih aktif ?"", ""dear indosat , saya mau isi paket , tetapi mengapa tidak bisa ya ? sudah sejak jam xxxtimexxx tadi pulsa sudah masuk tetapi tidak bisa aktif .""]",False,5,1664,18,False,61
google/gemma-3-4b-it,informal,formal,centroid,N/A,"beli token listrik min , udah mau abis soalnya","“permisi admin, token listrik saya mau habis nih, tolong diisi dong.”",False,255,4300127,43,"[""selamat malam . mohon saya diberi informasi . paket saya sejak tanggal xxxnumberxxx tertahan dengan status itu dan belum terkirim sampai sekarang . ada apa ?"", ""sudah xxxnumberxxx hari , status belum juga berubah admin . tadi sudah telepon qc katanya cuma disuruh menunggu ."", ""sore admin . ini ada keluhan nomor saya , pulsa terpotong terus . padahal tidak berlangganan paket apapun . tolong diperiksa min + xxxnumberxxx xxxnumberxxx - xxxnumberxxx - xxxnumberxxx ."", ""grab paket hemat saya billingnya itu tanggal xxxnumberxxx juli xxxnumberxxx . sekarang sudah agustus mengapa subscribe - nya masih aktif ?"", ""dear indosat , saya mau isi paket , tetapi mengapa tidak bisa ya ? sudah sejak jam xxxtimexxx tadi pulsa sudah masuk tetapi tidak bisa aktif .""]",False,5,1645,20,False,69
google/gemma-3-4b-it,informal,formal,centroid,N/A,saldo grab dan ovo kan udah nyatu sekarang .,“Saldo Grab dan Ovo kan sudah gabung sekarang ya?”,False,257,4300128,43,"[""selamat malam . mohon saya diberi informasi . paket saya sejak tanggal xxxnumberxxx tertahan dengan status itu dan belum terkirim sampai sekarang . ada apa ?"", ""sudah xxxnumberxxx hari , status belum juga berubah admin . tadi sudah telepon qc katanya cuma disuruh menunggu ."", ""sore admin . ini ada keluhan nomor saya , pulsa terpotong terus . padahal tidak berlangganan paket apapun . tolong diperiksa min + xxxnumberxxx xxxnumberxxx - xxxnumberxxx - xxxnumberxxx ."", ""grab paket hemat saya billingnya itu tanggal xxxnumberxxx juli xxxnumberxxx . sekarang sudah agustus mengapa subscribe - nya masih aktif ?"", ""dear indosat , saya mau isi paket , tetapi mengapa tidak bisa ya ? sudah sejak jam xxxtimexxx tadi pulsa sudah masuk tetapi tidak bisa aktif .""]",False,5,1643,14,False,50
google/gemma-3-4b-it,informal,formal,centroid,N/A,tolong min dikasih bonus buat masnya,"“tolong, bisa kasih bonus buat saya ya?”",True,259,4300129,43,"[""selamat malam . mohon saya diberi informasi . paket saya sejak tanggal xxxnumberxxx tertahan dengan status itu dan belum terkirim sampai sekarang . ada apa ?"", ""sudah xxxnumberxxx hari , status belum juga berubah admin . tadi sudah telepon qc katanya cuma disuruh menunggu ."", ""sore admin . ini ada keluhan nomor saya , pulsa terpotong terus . padahal tidak berlangganan paket apapun . tolong diperiksa min + xxxnumberxxx xxxnumberxxx - xxxnumberxxx - xxxnumberxxx ."", ""grab paket hemat saya billingnya itu tanggal xxxnumberxxx juli xxxnumberxxx . sekarang sudah agustus mengapa subscribe - nya masih aktif ?"", ""dear indosat , saya mau isi paket , tetapi mengapa tidak bisa ya ? sudah sejak jam xxxtimexxx tadi pulsa sudah masuk tetapi tidak bisa aktif .""]",False,5,1635,12,False,40
google/gemma-3-4b-it,informal,formal,centroid,N/A,"halo xl , saya mau lapor untuk tujuan pemblokiran nomor handphone yang dipakai untuk menipu , bagaimana caranya ? surat polisi sudah siap","“Halo XL, saya ingin melaporkan tentang pemblokiran nomor handphone yang dipakai untuk penipuan, bagaimana prosedurnya ya? Surat polisi sudah siap.”",False,261,4300130,43,"[""selamat malam . mohon saya diberi informasi . paket saya sejak tanggal xxxnumberxxx tertahan dengan status itu dan belum terkirim sampai sekarang . ada apa ?"", ""sudah xxxnumberxxx hari , status belum juga berubah admin . tadi sudah telepon qc katanya cuma disuruh menunggu ."", ""sore admin . ini ada keluhan nomor saya , pulsa terpotong terus . padahal tidak berlangganan paket apapun . tolong diperiksa min + xxxnumberxxx xxxnumberxxx - xxxnumberxxx - xxxnumberxxx ."", ""grab paket hemat saya billingnya itu tanggal xxxnumberxxx juli xxxnumberxxx . sekarang sudah agustus mengapa subscribe - nya masih aktif ?"", ""dear indosat , saya mau isi paket , tetapi mengapa tidak bisa ya ? sudah sejak jam xxxtimexxx tadi pulsa sudah masuk tetapi tidak bisa aktif .""]",False,5,1736,34,False,148
google/gemma-3-4b-it,informal,formal,centroid,N/A,min proses pengembalian pulsanya berapa lama ?,"""Assalamualaikum, admin. Mau tanya, kira-kira berapa lama ya proses pengembalian pulsa saya?""",False,263,4300131,43,"[""selamat malam . mohon saya diberi informasi . paket saya sejak tanggal xxxnumberxxx tertahan dengan status itu dan belum terkirim sampai sekarang . ada apa ?"", ""sudah xxxnumberxxx hari , status belum juga berubah admin . tadi sudah telepon qc katanya cuma disuruh menunggu ."", ""sore admin . ini ada keluhan nomor saya , pulsa terpotong terus . padahal tidak berlangganan paket apapun . tolong diperiksa min + xxxnumberxxx xxxnumberxxx - xxxnumberxxx - xxxnumberxxx ."", ""grab paket hemat saya billingnya itu tanggal xxxnumberxxx juli xxxnumberxxx . sekarang sudah agustus mengapa subscribe - nya masih aktif ?"", ""dear indosat , saya mau isi paket , tetapi mengapa tidak bisa ya ? sudah sejak jam xxxtimexxx tadi pulsa sudah masuk tetapi tidak bisa aktif .""]",False,5,1645,24,False,93
google/gemma-3-4b-it,informal,formal,centroid,N/A,untuk grapari jogja diman ya min,"“Halo Grapari Jogja, ada kendala ya?”",False,265,4300132,43,"[""selamat malam . mohon saya diberi informasi . paket saya sejak tanggal xxxnumberxxx tertahan dengan status itu dan belum terkirim sampai sekarang . ada apa ?"", ""sudah xxxnumberxxx hari , status belum juga berubah admin . tadi sudah telepon qc katanya cuma disuruh menunggu ."", ""sore admin . ini ada keluhan nomor saya , pulsa terpotong terus . padahal tidak berlangganan paket apapun . tolong diperiksa min + xxxnumberxxx xxxnumberxxx - xxxnumberxxx - xxxnumberxxx ."", ""grab paket hemat saya billingnya itu tanggal xxxnumberxxx juli xxxnumberxxx . sekarang sudah agustus mengapa subscribe - nya masih aktif ?"", ""dear indosat , saya mau isi paket , tetapi mengapa tidak bisa ya ? sudah sejak jam xxxtimexxx tadi pulsa sudah masuk tetapi tidak bisa aktif .""]",False,5,1631,15,False,37
google/gemma-3-4b-it,informal,formal,centroid,N/A,biar bisa mabar di sela nyusun laporan magang dan skripsian,“kalau bisa main bareng di sela ngerjain laporan tugas akhir dan skripsi.”,False,267,4300133,43,"[""selamat malam . mohon saya diberi informasi . paket saya sejak tanggal xxxnumberxxx tertahan dengan status itu dan belum terkirim sampai sekarang . ada apa ?"", ""sudah xxxnumberxxx hari , status belum juga berubah admin . tadi sudah telepon qc katanya cuma disuruh menunggu ."", ""sore admin . ini ada keluhan nomor saya , pulsa terpotong terus . padahal tidak berlangganan paket apapun . tolong diperiksa min + xxxnumberxxx xxxnumberxxx - xxxnumberxxx - xxxnumberxxx ."", ""grab paket hemat saya billingnya itu tanggal xxxnumberxxx juli xxxnumberxxx . sekarang sudah agustus mengapa subscribe - nya masih aktif ?"", ""dear indosat , saya mau isi paket , tetapi mengapa tidak bisa ya ? sudah sejak jam xxxtimexxx tadi pulsa sudah masuk tetapi tidak bisa aktif .""]",False,5,1658,23,False,74
google/gemma-3-4b-it,informal,formal,centroid,N/A,nilai pelanggraran rp . xxxnumberxxx ribu dikurangi biaya ojek ( standard harga xxxuserxxx : rp . xxxnumberxxx ribu . total bayar : rp . xxxnumberxxx rebu ),“ada penyesuaian biaya rp . xxxnumberxxx ribu karena ongkos ojek ( tarif standar xxxuserxxx : rp . xxxnumberxxx ribu . total : rp . xxxnumberxxx ribu )”,False,269,4300134,43,"[""selamat malam . mohon saya diberi informasi . paket saya sejak tanggal xxxnumberxxx tertahan dengan status itu dan belum terkirim sampai sekarang . ada apa ?"", ""sudah xxxnumberxxx hari , status belum juga berubah admin . tadi sudah telepon qc katanya cuma disuruh menunggu ."", ""sore admin . ini ada keluhan nomor saya , pulsa terpotong terus . padahal tidak berlangganan paket apapun . tolong diperiksa min + xxxnumberxxx xxxnumberxxx - xxxnumberxxx - xxxnumberxxx ."", ""grab paket hemat saya billingnya itu tanggal xxxnumberxxx juli xxxnumberxxx . sekarang sudah agustus mengapa subscribe - nya masih aktif ?"", ""dear indosat , saya mau isi paket , tetapi mengapa tidak bisa ya ? sudah sejak jam xxxtimexxx tadi pulsa sudah masuk tetapi tidak bisa aktif .""]",False,5,1755,44,False,152
google/gemma-3-4b-it,informal,formal,centroid,N/A,sudah mulai goyah sm indosat wkaka,"“Indosat lagi nggak stabil nih, parah…”",False,271,4300135,43,"[""selamat malam . mohon saya diberi informasi . paket saya sejak tanggal xxxnumberxxx tertahan dengan status itu dan belum terkirim sampai sekarang . ada apa ?"", ""sudah xxxnumberxxx hari , status belum juga berubah admin . tadi sudah telepon qc katanya cuma disuruh menunggu ."", ""sore admin . ini ada keluhan nomor saya , pulsa terpotong terus . padahal tidak berlangganan paket apapun . tolong diperiksa min + xxxnumberxxx xxxnumberxxx - xxxnumberxxx - xxxnumberxxx ."", ""grab paket hemat saya billingnya itu tanggal xxxnumberxxx juli xxxnumberxxx . sekarang sudah agustus mengapa subscribe - nya masih aktif ?"", ""dear indosat , saya mau isi paket , tetapi mengapa tidak bisa ya ? sudah sejak jam xxxtimexxx tadi pulsa sudah masuk tetapi tidak bisa aktif .""]",False,5,1633,14,False,39
google/gemma-3-4b-it,informal,formal,centroid,N/A,"yeayy shopee terbaik , bisa pake dua voucher dalam sekali checkoutt yuhuu ~","“Wah, Shopee hebat! Bisa pakai dua voucher dalam satu transaksi, keren banget!”",False,273,4300136,43,"[""selamat malam . mohon saya diberi informasi . paket saya sejak tanggal xxxnumberxxx tertahan dengan status itu dan belum terkirim sampai sekarang . ada apa ?"", ""sudah xxxnumberxxx hari , status belum juga berubah admin . tadi sudah telepon qc katanya cuma disuruh menunggu ."", ""sore admin . ini ada keluhan nomor saya , pulsa terpotong terus . padahal tidak berlangganan paket apapun . tolong diperiksa min + xxxnumberxxx xxxnumberxxx - xxxnumberxxx - xxxnumberxxx ."", ""grab paket hemat saya billingnya itu tanggal xxxnumberxxx juli xxxnumberxxx . sekarang sudah agustus mengapa subscribe - nya masih aktif ?"", ""dear indosat , saya mau isi paket , tetapi mengapa tidak bisa ya ? sudah sejak jam xxxtimexxx tadi pulsa sudah masuk tetapi tidak bisa aktif .""]",False,5,1674,20,False,79
google/gemma-3-4b-it,informal,formal,centroid,N/A,hay min saya suda pesen barang sudah transfer juga tp kenapa habis banyar tulisannya pemesanan tidak sah ya ?,"“halo, kok pesanan saya masih stuck ya? sudah transfer juga, tapi tulisannya pemesanan tidak sah. kenapa bisa begitu?”",False,275,4300137,43,"[""selamat malam . mohon saya diberi informasi . paket saya sejak tanggal xxxnumberxxx tertahan dengan status itu dan belum terkirim sampai sekarang . ada apa ?"", ""sudah xxxnumberxxx hari , status belum juga berubah admin . tadi sudah telepon qc katanya cuma disuruh menunggu ."", ""sore admin . ini ada keluhan nomor saya , pulsa terpotong terus . padahal tidak berlangganan paket apapun . tolong diperiksa min + xxxnumberxxx xxxnumberxxx - xxxnumberxxx - xxxnumberxxx ."", ""grab paket hemat saya billingnya itu tanggal xxxnumberxxx juli xxxnumberxxx . sekarang sudah agustus mengapa subscribe - nya masih aktif ?"", ""dear indosat , saya mau isi paket , tetapi mengapa tidak bisa ya ? sudah sejak jam xxxtimexxx tadi pulsa sudah masuk tetapi tidak bisa aktif .""]",False,5,1708,30,False,118
google/gemma-3-4b-it,informal,formal,centroid,N/A,"min ini knp yahh saya topup ovo dr alfamart kata mbanya udh kekirim dan udh ada bukti transaksinya , knp saldo saya blm bertambah ?","“hei, kok bisa sih? aku top-up ovo dari alfamart, menurut marketing udah dikirim dan ada bukti transaksinya, kenapa saldo saya belum bertambah?”",False,277,4300138,43,"[""selamat malam . mohon saya diberi informasi . paket saya sejak tanggal xxxnumberxxx tertahan dengan status itu dan belum terkirim sampai sekarang . ada apa ?"", ""sudah xxxnumberxxx hari , status belum juga berubah admin . tadi sudah telepon qc katanya cuma disuruh menunggu ."", ""sore admin . ini ada keluhan nomor saya , pulsa terpotong terus . padahal tidak berlangganan paket apapun . tolong diperiksa min + xxxnumberxxx xxxnumberxxx - xxxnumberxxx - xxxnumberxxx ."", ""grab paket hemat saya billingnya itu tanggal xxxnumberxxx juli xxxnumberxxx . sekarang sudah agustus mengapa subscribe - nya masih aktif ?"", ""dear indosat , saya mau isi paket , tetapi mengapa tidak bisa ya ? sudah sejak jam xxxtimexxx tadi pulsa sudah masuk tetapi tidak bisa aktif .""]",False,5,1730,38,False,144
google/gemma-3-4b-it,informal,formal,centroid,N/A,sini sini . tapi jauh dr tempatmu dek .,"“tolong, sini sebentar di sini.”",True,279,4300139,43,"[""selamat malam . mohon saya diberi informasi . paket saya sejak tanggal xxxnumberxxx tertahan dengan status itu dan belum terkirim sampai sekarang . ada apa ?"", ""sudah xxxnumberxxx hari , status belum juga berubah admin . tadi sudah telepon qc katanya cuma disuruh menunggu ."", ""sore admin . ini ada keluhan nomor saya , pulsa terpotong terus . padahal tidak berlangganan paket apapun . tolong diperiksa min + xxxnumberxxx xxxnumberxxx - xxxnumberxxx - xxxnumberxxx ."", ""grab paket hemat saya billingnya itu tanggal xxxnumberxxx juli xxxnumberxxx . sekarang sudah agustus mengapa subscribe - nya masih aktif ?"", ""dear indosat , saya mau isi paket , tetapi mengapa tidak bisa ya ? sudah sejak jam xxxtimexxx tadi pulsa sudah masuk tetapi tidak bisa aktif .""]",False,5,1638,12,False,32
google/gemma-3-4b-it,informal,formal,centroid,N/A,"min , hari ini kok loadingnya super slow ya buka apapun sloow banget","“eh, kok lama banget pas buka aplikasinya ya? semuanya tuh super lambat banget.”",False,281,4300140,43,"[""selamat malam . mohon saya diberi informasi . paket saya sejak tanggal xxxnumberxxx tertahan dengan status itu dan belum terkirim sampai sekarang . ada apa ?"", ""sudah xxxnumberxxx hari , status belum juga berubah admin . tadi sudah telepon qc katanya cuma disuruh menunggu ."", ""sore admin . ini ada keluhan nomor saya , pulsa terpotong terus . padahal tidak berlangganan paket apapun . tolong diperiksa min + xxxnumberxxx xxxnumberxxx - xxxnumberxxx - xxxnumberxxx ."", ""grab paket hemat saya billingnya itu tanggal xxxnumberxxx juli xxxnumberxxx . sekarang sudah agustus mengapa subscribe - nya masih aktif ?"", ""dear indosat , saya mau isi paket , tetapi mengapa tidak bisa ya ? sudah sejak jam xxxtimexxx tadi pulsa sudah masuk tetapi tidak bisa aktif .""]",False,5,1667,21,False,80
google/gemma-3-4b-it,informal,formal,centroid,N/A,"sudah bisa min , saya coba di atm lokasi lain . trimakasih","""udah, fix min, gue coba di ATM tempat lain. makasih.""",False,283,4300141,43,"[""selamat malam . mohon saya diberi informasi . paket saya sejak tanggal xxxnumberxxx tertahan dengan status itu dan belum terkirim sampai sekarang . ada apa ?"", ""sudah xxxnumberxxx hari , status belum juga berubah admin . tadi sudah telepon qc katanya cuma disuruh menunggu ."", ""sore admin . ini ada keluhan nomor saya , pulsa terpotong terus . padahal tidak berlangganan paket apapun . tolong diperiksa min + xxxnumberxxx xxxnumberxxx - xxxnumberxxx - xxxnumberxxx ."", ""grab paket hemat saya billingnya itu tanggal xxxnumberxxx juli xxxnumberxxx . sekarang sudah agustus mengapa subscribe - nya masih aktif ?"", ""dear indosat , saya mau isi paket , tetapi mengapa tidak bisa ya ? sudah sejak jam xxxtimexxx tadi pulsa sudah masuk tetapi tidak bisa aktif .""]",False,5,1657,18,False,54
google/gemma-3-4b-it,informal,formal,centroid,N/A,"halo , mohon dibantu dipercepat dan info perkiraan barang tiba ke alamat penerima : jp xxxphonexxx tujuan ntb . saya pengirim . trimakasih bantuannya !","""Assalamualaikum, admin. Mohon info cepat mengenai paket saya yang ditujukan ke NTT, JP xxxphonexxx. Saya pengirim, terima kasih banyak bantuannya!""",False,285,4300142,43,"[""selamat malam . mohon saya diberi informasi . paket saya sejak tanggal xxxnumberxxx tertahan dengan status itu dan belum terkirim sampai sekarang . ada apa ?"", ""sudah xxxnumberxxx hari , status belum juga berubah admin . tadi sudah telepon qc katanya cuma disuruh menunggu ."", ""sore admin . ini ada keluhan nomor saya , pulsa terpotong terus . padahal tidak berlangganan paket apapun . tolong diperiksa min + xxxnumberxxx xxxnumberxxx - xxxnumberxxx - xxxnumberxxx ."", ""grab paket hemat saya billingnya itu tanggal xxxnumberxxx juli xxxnumberxxx . sekarang sudah agustus mengapa subscribe - nya masih aktif ?"", ""dear indosat , saya mau isi paket , tetapi mengapa tidak bisa ya ? sudah sejak jam xxxtimexxx tadi pulsa sudah masuk tetapi tidak bisa aktif .""]",False,5,1750,35,False,148
google/gemma-3-4b-it,informal,formal,centroid,N/A,"min . mo tanya , kalo driver performa bintang ngaruhnya gimana ya ? apa berpengaruh ke pendapatan orderan juga ?","“Halo, mau nanya, kira-kira driver Performance Bintang berpengaruh ke pendapatan orderan juga ya?”",False,287,4300143,43,"[""selamat malam . mohon saya diberi informasi . paket saya sejak tanggal xxxnumberxxx tertahan dengan status itu dan belum terkirim sampai sekarang . ada apa ?"", ""sudah xxxnumberxxx hari , status belum juga berubah admin . tadi sudah telepon qc katanya cuma disuruh menunggu ."", ""sore admin . ini ada keluhan nomor saya , pulsa terpotong terus . padahal tidak berlangganan paket apapun . tolong diperiksa min + xxxnumberxxx xxxnumberxxx - xxxnumberxxx - xxxnumberxxx ."", ""grab paket hemat saya billingnya itu tanggal xxxnumberxxx juli xxxnumberxxx . sekarang sudah agustus mengapa subscribe - nya masih aktif ?"", ""dear indosat , saya mau isi paket , tetapi mengapa tidak bisa ya ? sudah sejak jam xxxtimexxx tadi pulsa sudah masuk tetapi tidak bisa aktif .""]",False,5,1711,25,False,98
google/gemma-3-4b-it,informal,formal,centroid,N/A,ini kenapa dari tadi pagi server penuh terus,“Kenapa dari tadi pagi servernya selalu penuh ya?”,False,289,4300144,43,"[""selamat malam . mohon saya diberi informasi . paket saya sejak tanggal xxxnumberxxx tertahan dengan status itu dan belum terkirim sampai sekarang . ada apa ?"", ""sudah xxxnumberxxx hari , status belum juga berubah admin . tadi sudah telepon qc katanya cuma disuruh menunggu ."", ""sore admin . ini ada keluhan nomor saya , pulsa terpotong terus . padahal tidak berlangganan paket apapun . tolong diperiksa min + xxxnumberxxx xxxnumberxxx - xxxnumberxxx - xxxnumberxxx ."", ""grab paket hemat saya billingnya itu tanggal xxxnumberxxx juli xxxnumberxxx . sekarang sudah agustus mengapa subscribe - nya masih aktif ?"", ""dear indosat , saya mau isi paket , tetapi mengapa tidak bisa ya ? sudah sejak jam xxxtimexxx tadi pulsa sudah masuk tetapi tidak bisa aktif .""]",False,5,1643,13,False,50
google/gemma-3-4b-it,informal,formal,centroid,N/A,ini min . biasanya combo terbaik untukmu ada yg xxxnumberxxx xxxnumberxxx gb xxxnumberxxx xxxnumberxxx rb dan xxxnumberxxx xxxnumberxxx gb xxxnumberxxx xxxnumberxxx rb . ini dia hilang gk ad lg 🤔,"“Hai, kok combo terbaik buatku ilang ya? Biasanya ada yang xxxnumberxxx gb xxxnumberxxx rb sama xxxnumberxxx gb xxxnumberxxx rb. Gk ada lagi nih 🤔”",False,291,4300145,43,"[""selamat malam . mohon saya diberi informasi . paket saya sejak tanggal xxxnumberxxx tertahan dengan status itu dan belum terkirim sampai sekarang . ada apa ?"", ""sudah xxxnumberxxx hari , status belum juga berubah admin . tadi sudah telepon qc katanya cuma disuruh menunggu ."", ""sore admin . ini ada keluhan nomor saya , pulsa terpotong terus . padahal tidak berlangganan paket apapun . tolong diperiksa min + xxxnumberxxx xxxnumberxxx - xxxnumberxxx - xxxnumberxxx ."", ""grab paket hemat saya billingnya itu tanggal xxxnumberxxx juli xxxnumberxxx . sekarang sudah agustus mengapa subscribe - nya masih aktif ?"", ""dear indosat , saya mau isi paket , tetapi mengapa tidak bisa ya ? sudah sejak jam xxxtimexxx tadi pulsa sudah masuk tetapi tidak bisa aktif .""]",False,5,1794,41,False,147
google/gemma-3-4b-it,informal,formal,centroid,N/A,"hai tolong bantuannya saya baru top up ovo tp tulisannya di ovo gagal terus gak bisa nampilin saldo , gimana ya ?","“halo, tolong bantu saya. saya mau top up ovo, tapi tulisannya ‘ovo gagal’ terus muncul dan saldo tidak bisa ditampilkan. bagaimana ya?”",False,293,4300146,43,"[""selamat malam . mohon saya diberi informasi . paket saya sejak tanggal xxxnumberxxx tertahan dengan status itu dan belum terkirim sampai sekarang . ada apa ?"", ""sudah xxxnumberxxx hari , status belum juga berubah admin . tadi sudah telepon qc katanya cuma disuruh menunggu ."", ""sore admin . ini ada keluhan nomor saya , pulsa terpotong terus . padahal tidak berlangganan paket apapun . tolong diperiksa min + xxxnumberxxx xxxnumberxxx - xxxnumberxxx - xxxnumberxxx ."", ""grab paket hemat saya billingnya itu tanggal xxxnumberxxx juli xxxnumberxxx . sekarang sudah agustus mengapa subscribe - nya masih aktif ?"", ""dear indosat , saya mau isi paket , tetapi mengapa tidak bisa ya ? sudah sejak jam xxxtimexxx tadi pulsa sudah masuk tetapi tidak bisa aktif .""]",False,5,1712,34,False,136
google/gemma-3-4b-it,informal,formal,centroid,N/A,"ini chattingan sama triva , cepet banget responnya jadi gak lama nunggu kaya chat dari dia","“Halo Triva, responnya cepat sekali, jadi tidak perlu lama menunggu seperti chat dari operator lain.”",False,295,4300147,43,"[""selamat malam . mohon saya diberi informasi . paket saya sejak tanggal xxxnumberxxx tertahan dengan status itu dan belum terkirim sampai sekarang . ada apa ?"", ""sudah xxxnumberxxx hari , status belum juga berubah admin . tadi sudah telepon qc katanya cuma disuruh menunggu ."", ""sore admin . ini ada keluhan nomor saya , pulsa terpotong terus . padahal tidak berlangganan paket apapun . tolong diperiksa min + xxxnumberxxx xxxnumberxxx - xxxnumberxxx - xxxnumberxxx ."", ""grab paket hemat saya billingnya itu tanggal xxxnumberxxx juli xxxnumberxxx . sekarang sudah agustus mengapa subscribe - nya masih aktif ?"", ""dear indosat , saya mau isi paket , tetapi mengapa tidak bisa ya ? sudah sejak jam xxxtimexxx tadi pulsa sudah masuk tetapi tidak bisa aktif .""]",False,5,1689,23,False,101
google/gemma-3-4b-it,informal,formal,centroid,N/A,ini kok muncul ginian terus sih min ? bisa xxxnumberxxx - xxxnumberxxx x semenit . gmn cara ilanginnya ?,“kok lama-lama muncul begini sih min? bisa xxxnumberxxx - xxxnumberxxx x semenit. gimana caranya biar hilang?”,False,297,4300148,43,"[""selamat malam . mohon saya diberi informasi . paket saya sejak tanggal xxxnumberxxx tertahan dengan status itu dan belum terkirim sampai sekarang . ada apa ?"", ""sudah xxxnumberxxx hari , status belum juga berubah admin . tadi sudah telepon qc katanya cuma disuruh menunggu ."", ""sore admin . ini ada keluhan nomor saya , pulsa terpotong terus . padahal tidak berlangganan paket apapun . tolong diperiksa min + xxxnumberxxx xxxnumberxxx - xxxnumberxxx - xxxnumberxxx ."", ""grab paket hemat saya billingnya itu tanggal xxxnumberxxx juli xxxnumberxxx . sekarang sudah agustus mengapa subscribe - nya masih aktif ?"", ""dear indosat , saya mau isi paket , tetapi mengapa tidak bisa ya ? sudah sejak jam xxxtimexxx tadi pulsa sudah masuk tetapi tidak bisa aktif .""]",False,5,1703,30,False,110
google/gemma-3-4b-it,informal,formal,centroid,N/A,"halo jenius , untuk pengiriman kartu ke domisili biasanya dibutuhkan waktu brp lama ya ? ty","“Halo, saya mau tanya soal pengiriman kartu ke rumah. kira-kira berapa lama ya yang dibutuhkan? makasih.”",False,299,4300149,43,"[""selamat malam . mohon saya diberi informasi . paket saya sejak tanggal xxxnumberxxx tertahan dengan status itu dan belum terkirim sampai sekarang . ada apa ?"", ""sudah xxxnumberxxx hari , status belum juga berubah admin . tadi sudah telepon qc katanya cuma disuruh menunggu ."", ""sore admin . ini ada keluhan nomor saya , pulsa terpotong terus . padahal tidak berlangganan paket apapun . tolong diperiksa min + xxxnumberxxx xxxnumberxxx - xxxnumberxxx - xxxnumberxxx ."", ""grab paket hemat saya billingnya itu tanggal xxxnumberxxx juli xxxnumberxxx . sekarang sudah agustus mengapa subscribe - nya masih aktif ?"", ""dear indosat , saya mau isi paket , tetapi mengapa tidak bisa ya ? sudah sejak jam xxxtimexxx tadi pulsa sudah masuk tetapi tidak bisa aktif .""]",False,5,1690,27,False,105
google/gemma-3-4b-it,informal,formal,centroid,N/A,"min , kok pulsa saya selalu tersedot terus ya ? padahal data selalu saya matiin ?","“Halo, kok pulsa saya terus berkurang? Padahal data udah matiin terus.”",False,301,4300150,43,"[""selamat malam . mohon saya diberi informasi . paket saya sejak tanggal xxxnumberxxx tertahan dengan status itu dan belum terkirim sampai sekarang . ada apa ?"", ""sudah xxxnumberxxx hari , status belum juga berubah admin . tadi sudah telepon qc katanya cuma disuruh menunggu ."", ""sore admin . ini ada keluhan nomor saya , pulsa terpotong terus . padahal tidak berlangganan paket apapun . tolong diperiksa min + xxxnumberxxx xxxnumberxxx - xxxnumberxxx - xxxnumberxxx ."", ""grab paket hemat saya billingnya itu tanggal xxxnumberxxx juli xxxnumberxxx . sekarang sudah agustus mengapa subscribe - nya masih aktif ?"", ""dear indosat , saya mau isi paket , tetapi mengapa tidak bisa ya ? sudah sejak jam xxxtimexxx tadi pulsa sudah masuk tetapi tidak bisa aktif .""]",False,5,1680,21,False,71
google/gemma-3-4b-it,informal,formal,centroid,N/A,"halo , mau tanya . untuk transaksi ini kok resinya gak update ya ? padahal status di jne nya sudah diproses . xxxnumberxxx thanks","“Assalamualaikum, permisi. Untuk transaksi ini, kenapa resinya belum juga update ya? Sejak tanggal xxxnumberxxx, statusnya sudah diproses di JNE, tapi kok belum muncul ya? Terima kasih.”",True,303,4300151,43,"[""selamat malam . mohon saya diberi informasi . paket saya sejak tanggal xxxnumberxxx tertahan dengan status itu dan belum terkirim sampai sekarang . ada apa ?"", ""sudah xxxnumberxxx hari , status belum juga berubah admin . tadi sudah telepon qc katanya cuma disuruh menunggu ."", ""sore admin . ini ada keluhan nomor saya , pulsa terpotong terus . padahal tidak berlangganan paket apapun . tolong diperiksa min + xxxnumberxxx xxxnumberxxx - xxxnumberxxx - xxxnumberxxx ."", ""grab paket hemat saya billingnya itu tanggal xxxnumberxxx juli xxxnumberxxx . sekarang sudah agustus mengapa subscribe - nya masih aktif ?"", ""dear indosat , saya mau isi paket , tetapi mengapa tidak bisa ya ? sudah sejak jam xxxtimexxx tadi pulsa sudah masuk tetapi tidak bisa aktif .""]",False,5,1728,45,False,186
google/gemma-3-4b-it,informal,formal,centroid,N/A,yah . lupa . dulu waktu aktivasi di ceklis apa enggak .,"“eh, kok bisa? dulu waktu pas aktif di ceklis, itu nggak dicek ya?”",False,305,4300152,43,"[""selamat malam . mohon saya diberi informasi . paket saya sejak tanggal xxxnumberxxx tertahan dengan status itu dan belum terkirim sampai sekarang . ada apa ?"", ""sudah xxxnumberxxx hari , status belum juga berubah admin . tadi sudah telepon qc katanya cuma disuruh menunggu ."", ""sore admin . ini ada keluhan nomor saya , pulsa terpotong terus . padahal tidak berlangganan paket apapun . tolong diperiksa min + xxxnumberxxx xxxnumberxxx - xxxnumberxxx - xxxnumberxxx ."", ""grab paket hemat saya billingnya itu tanggal xxxnumberxxx juli xxxnumberxxx . sekarang sudah agustus mengapa subscribe - nya masih aktif ?"", ""dear indosat , saya mau isi paket , tetapi mengapa tidak bisa ya ? sudah sejak jam xxxtimexxx tadi pulsa sudah masuk tetapi tidak bisa aktif .""]",False,5,1654,22,False,67
google/gemma-3-4b-it,informal,formal,centroid,N/A,"halo kak , tolong di cek jp xxxphonexxx saya belum menerima barangnya .","“Hai, tolong cek paket xxxphonexxx saya, barangnya belum sampai.”",False,307,4300153,43,"[""selamat malam . mohon saya diberi informasi . paket saya sejak tanggal xxxnumberxxx tertahan dengan status itu dan belum terkirim sampai sekarang . ada apa ?"", ""sudah xxxnumberxxx hari , status belum juga berubah admin . tadi sudah telepon qc katanya cuma disuruh menunggu ."", ""sore admin . ini ada keluhan nomor saya , pulsa terpotong terus . padahal tidak berlangganan paket apapun . tolong diperiksa min + xxxnumberxxx xxxnumberxxx - xxxnumberxxx - xxxnumberxxx ."", ""grab paket hemat saya billingnya itu tanggal xxxnumberxxx juli xxxnumberxxx . sekarang sudah agustus mengapa subscribe - nya masih aktif ?"", ""dear indosat , saya mau isi paket , tetapi mengapa tidak bisa ya ? sudah sejak jam xxxtimexxx tadi pulsa sudah masuk tetapi tidak bisa aktif .""]",False,5,1670,20,False,65
google/gemma-3-4b-it,informal,formal,centroid,N/A,"milenial bang , sibuk di kantor . banyak online shop juga , ada ojol juga . gak ada manfaatnya dong nih online shop sama ojol","""Halo, saya mau tanya soal paket internet saya. Sejak tanggal xxxnumberxxx, paket saya masih tertahan dengan status seperti itu dan belum dikirim sampai sekarang. Ada masalah apa ya?""",True,309,4300154,43,"[""selamat malam . mohon saya diberi informasi . paket saya sejak tanggal xxxnumberxxx tertahan dengan status itu dan belum terkirim sampai sekarang . ada apa ?"", ""sudah xxxnumberxxx hari , status belum juga berubah admin . tadi sudah telepon qc katanya cuma disuruh menunggu ."", ""sore admin . ini ada keluhan nomor saya , pulsa terpotong terus . padahal tidak berlangganan paket apapun . tolong diperiksa min + xxxnumberxxx xxxnumberxxx - xxxnumberxxx - xxxnumberxxx ."", ""grab paket hemat saya billingnya itu tanggal xxxnumberxxx juli xxxnumberxxx . sekarang sudah agustus mengapa subscribe - nya masih aktif ?"", ""dear indosat , saya mau isi paket , tetapi mengapa tidak bisa ya ? sudah sejak jam xxxtimexxx tadi pulsa sudah masuk tetapi tidak bisa aktif .""]",False,5,1724,41,False,183
google/gemma-3-4b-it,informal,formal,centroid,N/A,ke asyikan ya kaya operator punya bapak kamu sendiri wkwkwkwk,"“Wah, seru ya jadi punya operator sendiri kayak bapak kamu… hehe.”",False,311,4300155,43,"[""selamat malam . mohon saya diberi informasi . paket saya sejak tanggal xxxnumberxxx tertahan dengan status itu dan belum terkirim sampai sekarang . ada apa ?"", ""sudah xxxnumberxxx hari , status belum juga berubah admin . tadi sudah telepon qc katanya cuma disuruh menunggu ."", ""sore admin . ini ada keluhan nomor saya , pulsa terpotong terus . padahal tidak berlangganan paket apapun . tolong diperiksa min + xxxnumberxxx xxxnumberxxx - xxxnumberxxx - xxxnumberxxx ."", ""grab paket hemat saya billingnya itu tanggal xxxnumberxxx juli xxxnumberxxx . sekarang sudah agustus mengapa subscribe - nya masih aktif ?"", ""dear indosat , saya mau isi paket , tetapi mengapa tidak bisa ya ? sudah sejak jam xxxtimexxx tadi pulsa sudah masuk tetapi tidak bisa aktif .""]",False,5,1660,19,False,66
google/gemma-3-4b-it,informal,formal,centroid,N/A,"jam xxxnumberxxx tadi di telpon kurir , gw ketiduran min . bisa diambil sendiri ke gudang tidak ? sampai jam berapa ya ? thanks","“Halo, tadi jam xxxnumberxxx saya dihubungi kurir, saya ketiduran. Bisa diambil sendiri di gudang tidak ya? Sampai jam berapa ya? Terima kasih.”",False,313,4300156,43,"[""selamat malam . mohon saya diberi informasi . paket saya sejak tanggal xxxnumberxxx tertahan dengan status itu dan belum terkirim sampai sekarang . ada apa ?"", ""sudah xxxnumberxxx hari , status belum juga berubah admin . tadi sudah telepon qc katanya cuma disuruh menunggu ."", ""sore admin . ini ada keluhan nomor saya , pulsa terpotong terus . padahal tidak berlangganan paket apapun . tolong diperiksa min + xxxnumberxxx xxxnumberxxx - xxxnumberxxx - xxxnumberxxx ."", ""grab paket hemat saya billingnya itu tanggal xxxnumberxxx juli xxxnumberxxx . sekarang sudah agustus mengapa subscribe - nya masih aktif ?"", ""dear indosat , saya mau isi paket , tetapi mengapa tidak bisa ya ? sudah sejak jam xxxtimexxx tadi pulsa sudah masuk tetapi tidak bisa aktif .""]",False,5,1726,40,False,144
google/gemma-3-4b-it,informal,formal,centroid,N/A,knapa sekarang foto driver gak bisa di klik utk memperbesar / memperjelas ? bagaimana penukpang mau merasa aman kalau foto driver terlalu kecil untuk dilihat ?,“Kenapa sekarang foto drivernya gak bisa diklik buat diperbesar/memperjelas? gimana caranya penumpang mau merasa aman kalau fotonya terlalu kecil buat dilihat?”,False,315,4300157,43,"[""selamat malam . mohon saya diberi informasi . paket saya sejak tanggal xxxnumberxxx tertahan dengan status itu dan belum terkirim sampai sekarang . ada apa ?"", ""sudah xxxnumberxxx hari , status belum juga berubah admin . tadi sudah telepon qc katanya cuma disuruh menunggu ."", ""sore admin . ini ada keluhan nomor saya , pulsa terpotong terus . padahal tidak berlangganan paket apapun . tolong diperiksa min + xxxnumberxxx xxxnumberxxx - xxxnumberxxx - xxxnumberxxx ."", ""grab paket hemat saya billingnya itu tanggal xxxnumberxxx juli xxxnumberxxx . sekarang sudah agustus mengapa subscribe - nya masih aktif ?"", ""dear indosat , saya mau isi paket , tetapi mengapa tidak bisa ya ? sudah sejak jam xxxtimexxx tadi pulsa sudah masuk tetapi tidak bisa aktif .""]",False,5,1758,36,False,160
google/gemma-3-4b-it,informal,formal,centroid,N/A,ni toko online tp ga mau ngerespon chat nya ? kalo emang ga mau dagang ga usah dagang mendingan .,"“kok toko online ini nggak bales chat sih? kalau mau nggak mau jualan, mendingan nggak usah.”",False,317,4300158,43,"[""selamat malam . mohon saya diberi informasi . paket saya sejak tanggal xxxnumberxxx tertahan dengan status itu dan belum terkirim sampai sekarang . ada apa ?"", ""sudah xxxnumberxxx hari , status belum juga berubah admin . tadi sudah telepon qc katanya cuma disuruh menunggu ."", ""sore admin . ini ada keluhan nomor saya , pulsa terpotong terus . padahal tidak berlangganan paket apapun . tolong diperiksa min + xxxnumberxxx xxxnumberxxx - xxxnumberxxx - xxxnumberxxx ."", ""grab paket hemat saya billingnya itu tanggal xxxnumberxxx juli xxxnumberxxx . sekarang sudah agustus mengapa subscribe - nya masih aktif ?"", ""dear indosat , saya mau isi paket , tetapi mengapa tidak bisa ya ? sudah sejak jam xxxtimexxx tadi pulsa sudah masuk tetapi tidak bisa aktif .""]",False,5,1696,26,False,93
google/gemma-3-4b-it,informal,formal,centroid,N/A,no barcode rv417785365gb hampir xxxnumberxxx hari tidak ada pergerakan mengenai barang saya,"“Halo, nomor saya rv417785365gb, sudah hampir xxxnumberxxx hari, barang saya kok belum ada perkembangan ya?”",False,319,4300159,43,"[""selamat malam . mohon saya diberi informasi . paket saya sejak tanggal xxxnumberxxx tertahan dengan status itu dan belum terkirim sampai sekarang . ada apa ?"", ""sudah xxxnumberxxx hari , status belum juga berubah admin . tadi sudah telepon qc katanya cuma disuruh menunggu ."", ""sore admin . ini ada keluhan nomor saya , pulsa terpotong terus . padahal tidak berlangganan paket apapun . tolong diperiksa min + xxxnumberxxx xxxnumberxxx - xxxnumberxxx - xxxnumberxxx ."", ""grab paket hemat saya billingnya itu tanggal xxxnumberxxx juli xxxnumberxxx . sekarang sudah agustus mengapa subscribe - nya masih aktif ?"", ""dear indosat , saya mau isi paket , tetapi mengapa tidak bisa ya ? sudah sejak jam xxxtimexxx tadi pulsa sudah masuk tetapi tidak bisa aktif .""]",False,5,1690,34,False,108
google/gemma-3-4b-it,informal,formal,centroid,N/A,"coba juga di jam tengah malam , biasanya jam² im3 lancar","“coba cek juga pas tengah malem, biasanya Im3 lancar jaya.”",False,321,4300160,43,"[""selamat malam . mohon saya diberi informasi . paket saya sejak tanggal xxxnumberxxx tertahan dengan status itu dan belum terkirim sampai sekarang . ada apa ?"", ""sudah xxxnumberxxx hari , status belum juga berubah admin . tadi sudah telepon qc katanya cuma disuruh menunggu ."", ""sore admin . ini ada keluhan nomor saya , pulsa terpotong terus . padahal tidak berlangganan paket apapun . tolong diperiksa min + xxxnumberxxx xxxnumberxxx - xxxnumberxxx - xxxnumberxxx ."", ""grab paket hemat saya billingnya itu tanggal xxxnumberxxx juli xxxnumberxxx . sekarang sudah agustus mengapa subscribe - nya masih aktif ?"", ""dear indosat , saya mau isi paket , tetapi mengapa tidak bisa ya ? sudah sejak jam xxxtimexxx tadi pulsa sudah masuk tetapi tidak bisa aktif .""]",False,5,1655,20,False,59
google/gemma-3-4b-it,informal,formal,centroid,N/A,baik intinya kuota trf gratis ke rekening bank itu xxxnumberxxx kali ya,"“kira-kira, kuota trf gratis ke bank itu sekitar xxxnumberxxx kali ya?”",False,323,4300161,43,"[""selamat malam . mohon saya diberi informasi . paket saya sejak tanggal xxxnumberxxx tertahan dengan status itu dan belum terkirim sampai sekarang . ada apa ?"", ""sudah xxxnumberxxx hari , status belum juga berubah admin . tadi sudah telepon qc katanya cuma disuruh menunggu ."", ""sore admin . ini ada keluhan nomor saya , pulsa terpotong terus . padahal tidak berlangganan paket apapun . tolong diperiksa min + xxxnumberxxx xxxnumberxxx - xxxnumberxxx - xxxnumberxxx ."", ""grab paket hemat saya billingnya itu tanggal xxxnumberxxx juli xxxnumberxxx . sekarang sudah agustus mengapa subscribe - nya masih aktif ?"", ""dear indosat , saya mau isi paket , tetapi mengapa tidak bisa ya ? sudah sejak jam xxxtimexxx tadi pulsa sudah masuk tetapi tidak bisa aktif .""]",False,5,1670,22,False,71
google/gemma-3-4b-it,informal,formal,centroid,N/A,"selamat pagi min xxxuserxxx , tolong trouble ticket id ttb000003452245 di follow up . terima kasih","pagi admin , tolong di-follow up ticket ttb000003452245 ya , makasih.",False,325,4300162,43,"[""selamat malam . mohon saya diberi informasi . paket saya sejak tanggal xxxnumberxxx tertahan dengan status itu dan belum terkirim sampai sekarang . ada apa ?"", ""sudah xxxnumberxxx hari , status belum juga berubah admin . tadi sudah telepon qc katanya cuma disuruh menunggu ."", ""sore admin . ini ada keluhan nomor saya , pulsa terpotong terus . padahal tidak berlangganan paket apapun . tolong diperiksa min + xxxnumberxxx xxxnumberxxx - xxxnumberxxx - xxxnumberxxx ."", ""grab paket hemat saya billingnya itu tanggal xxxnumberxxx juli xxxnumberxxx . sekarang sudah agustus mengapa subscribe - nya masih aktif ?"", ""dear indosat , saya mau isi paket , tetapi mengapa tidak bisa ya ? sudah sejak jam xxxtimexxx tadi pulsa sudah masuk tetapi tidak bisa aktif .""]",False,5,1697,31,False,69
google/gemma-3-4b-it,informal,formal,centroid,N/A,"jaringan bermasalah ga ada ? kemarin baru ngisi , sore ini sudah lemot parah , blm fup ya ! sinyal perbaiki daerah neglasari , tangerang .","“Halo, kok jaringannya bermasalah ya? Kemarin baru isi pulsa, sore ini udah lemot banget, belum FUP juga! Sinyal tolong diperbaiki di daerah Neglasari, Tangerang.”",True,327,4300163,43,"[""selamat malam . mohon saya diberi informasi . paket saya sejak tanggal xxxnumberxxx tertahan dengan status itu dan belum terkirim sampai sekarang . ada apa ?"", ""sudah xxxnumberxxx hari , status belum juga berubah admin . tadi sudah telepon qc katanya cuma disuruh menunggu ."", ""sore admin . ini ada keluhan nomor saya , pulsa terpotong terus . padahal tidak berlangganan paket apapun . tolong diperiksa min + xxxnumberxxx xxxnumberxxx - xxxnumberxxx - xxxnumberxxx ."", ""grab paket hemat saya billingnya itu tanggal xxxnumberxxx juli xxxnumberxxx . sekarang sudah agustus mengapa subscribe - nya masih aktif ?"", ""dear indosat , saya mau isi paket , tetapi mengapa tidak bisa ya ? sudah sejak jam xxxtimexxx tadi pulsa sudah masuk tetapi tidak bisa aktif .""]",False,5,1737,48,False,163
google/gemma-3-4b-it,informal,formal,centroid,N/A,pesta kuota apa ya min ?,"“Halo, kok kuota saya kok nggak ada ya, min?”",False,329,4300164,43,"[""selamat malam . mohon saya diberi informasi . paket saya sejak tanggal xxxnumberxxx tertahan dengan status itu dan belum terkirim sampai sekarang . ada apa ?"", ""sudah xxxnumberxxx hari , status belum juga berubah admin . tadi sudah telepon qc katanya cuma disuruh menunggu ."", ""sore admin . ini ada keluhan nomor saya , pulsa terpotong terus . padahal tidak berlangganan paket apapun . tolong diperiksa min + xxxnumberxxx xxxnumberxxx - xxxnumberxxx - xxxnumberxxx ."", ""grab paket hemat saya billingnya itu tanggal xxxnumberxxx juli xxxnumberxxx . sekarang sudah agustus mengapa subscribe - nya masih aktif ?"", ""dear indosat , saya mau isi paket , tetapi mengapa tidak bisa ya ? sudah sejak jam xxxtimexxx tadi pulsa sudah masuk tetapi tidak bisa aktif .""]",False,5,1623,16,False,45
google/gemma-3-4b-it,informal,formal,centroid,N/A,gak gitu min disini pada demo2 gakjls kasian para driver yang uangnya di gopay kaya saya min,"""selamat siang admin . saya mau menanyakan mengenai driver yang uangnya lewat gopay seperti saya admin.""",False,331,4300165,43,"[""selamat malam . mohon saya diberi informasi . paket saya sejak tanggal xxxnumberxxx tertahan dengan status itu dan belum terkirim sampai sekarang . ada apa ?"", ""sudah xxxnumberxxx hari , status belum juga berubah admin . tadi sudah telepon qc katanya cuma disuruh menunggu ."", ""sore admin . ini ada keluhan nomor saya , pulsa terpotong terus . padahal tidak berlangganan paket apapun . tolong diperiksa min + xxxnumberxxx xxxnumberxxx - xxxnumberxxx - xxxnumberxxx ."", ""grab paket hemat saya billingnya itu tanggal xxxnumberxxx juli xxxnumberxxx . sekarang sudah agustus mengapa subscribe - nya masih aktif ?"", ""dear indosat , saya mau isi paket , tetapi mengapa tidak bisa ya ? sudah sejak jam xxxtimexxx tadi pulsa sudah masuk tetapi tidak bisa aktif .""]",False,5,1691,25,False,104
google/gemma-3-4b-it,informal,formal,centroid,N/A,gua ga pernah begini soalnya wkwkwk,"“Aduh, parah banget kayak gini, nggak nyangka…”",False,333,4300166,43,"[""selamat malam . mohon saya diberi informasi . paket saya sejak tanggal xxxnumberxxx tertahan dengan status itu dan belum terkirim sampai sekarang . ada apa ?"", ""sudah xxxnumberxxx hari , status belum juga berubah admin . tadi sudah telepon qc katanya cuma disuruh menunggu ."", ""sore admin . ini ada keluhan nomor saya , pulsa terpotong terus . padahal tidak berlangganan paket apapun . tolong diperiksa min + xxxnumberxxx xxxnumberxxx - xxxnumberxxx - xxxnumberxxx ."", ""grab paket hemat saya billingnya itu tanggal xxxnumberxxx juli xxxnumberxxx . sekarang sudah agustus mengapa subscribe - nya masih aktif ?"", ""dear indosat , saya mau isi paket , tetapi mengapa tidak bisa ya ? sudah sejak jam xxxtimexxx tadi pulsa sudah masuk tetapi tidak bisa aktif .""]",False,5,1634,16,False,47
google/gemma-3-4b-it,informal,formal,centroid,N/A,min tolong cek riwayat pulsa transfer yg masuk ke nomor xxxnumberxxx pada tanggal xxxnumberxxx agustus xxxnumberxxx,"“admin, tolong cek transfer pulsa ke nomor xxxnumberxxx tanggal xxxnumberxxx agustus, ya?”",False,335,4300167,43,"[""selamat malam . mohon saya diberi informasi . paket saya sejak tanggal xxxnumberxxx tertahan dengan status itu dan belum terkirim sampai sekarang . ada apa ?"", ""sudah xxxnumberxxx hari , status belum juga berubah admin . tadi sudah telepon qc katanya cuma disuruh menunggu ."", ""sore admin . ini ada keluhan nomor saya , pulsa terpotong terus . padahal tidak berlangganan paket apapun . tolong diperiksa min + xxxnumberxxx xxxnumberxxx - xxxnumberxxx - xxxnumberxxx ."", ""grab paket hemat saya billingnya itu tanggal xxxnumberxxx juli xxxnumberxxx . sekarang sudah agustus mengapa subscribe - nya masih aktif ?"", ""dear indosat , saya mau isi paket , tetapi mengapa tidak bisa ya ? sudah sejak jam xxxtimexxx tadi pulsa sudah masuk tetapi tidak bisa aktif .""]",False,5,1714,25,False,90
google/gemma-3-4b-it,informal,formal,centroid,N/A,sudah . masih tetep ngga bisa dari tadi,"“udah, masih sama aja dari tadi.”",False,337,4300168,43,"[""selamat malam . mohon saya diberi informasi . paket saya sejak tanggal xxxnumberxxx tertahan dengan status itu dan belum terkirim sampai sekarang . ada apa ?"", ""sudah xxxnumberxxx hari , status belum juga berubah admin . tadi sudah telepon qc katanya cuma disuruh menunggu ."", ""sore admin . ini ada keluhan nomor saya , pulsa terpotong terus . padahal tidak berlangganan paket apapun . tolong diperiksa min + xxxnumberxxx xxxnumberxxx - xxxnumberxxx - xxxnumberxxx ."", ""grab paket hemat saya billingnya itu tanggal xxxnumberxxx juli xxxnumberxxx . sekarang sudah agustus mengapa subscribe - nya masih aktif ?"", ""dear indosat , saya mau isi paket , tetapi mengapa tidak bisa ya ? sudah sejak jam xxxtimexxx tadi pulsa sudah masuk tetapi tidak bisa aktif .""]",False,5,1638,11,False,33
google/gemma-3-4b-it,informal,formal,centroid,N/A,nah bener nih dipesen itu grabfoodnya dan jangan lupa apapun makanannya minumannya teh botol sosro ( endorse dong xxxuserxxx ),"“akhirnya grabfoodnya datang juga , jangan lupa ya minum teh botol sosro ( @xxxuserxxx , endorse dong )”",False,339,4300169,43,"[""selamat malam . mohon saya diberi informasi . paket saya sejak tanggal xxxnumberxxx tertahan dengan status itu dan belum terkirim sampai sekarang . ada apa ?"", ""sudah xxxnumberxxx hari , status belum juga berubah admin . tadi sudah telepon qc katanya cuma disuruh menunggu ."", ""sore admin . ini ada keluhan nomor saya , pulsa terpotong terus . padahal tidak berlangganan paket apapun . tolong diperiksa min + xxxnumberxxx xxxnumberxxx - xxxnumberxxx - xxxnumberxxx ."", ""grab paket hemat saya billingnya itu tanggal xxxnumberxxx juli xxxnumberxxx . sekarang sudah agustus mengapa subscribe - nya masih aktif ?"", ""dear indosat , saya mau isi paket , tetapi mengapa tidak bisa ya ? sudah sejak jam xxxtimexxx tadi pulsa sudah masuk tetapi tidak bisa aktif .""]",False,5,1725,30,False,104
google/gemma-3-4b-it,informal,formal,centroid,N/A,tidak . krn banyak mitra berkerumun didepan saya,"“tidak, karena banyak rekan kerja yang mendekatiku.”",False,341,4300170,43,"[""selamat malam . mohon saya diberi informasi . paket saya sejak tanggal xxxnumberxxx tertahan dengan status itu dan belum terkirim sampai sekarang . ada apa ?"", ""sudah xxxnumberxxx hari , status belum juga berubah admin . tadi sudah telepon qc katanya cuma disuruh menunggu ."", ""sore admin . ini ada keluhan nomor saya , pulsa terpotong terus . padahal tidak berlangganan paket apapun . tolong diperiksa min + xxxnumberxxx xxxnumberxxx - xxxnumberxxx - xxxnumberxxx ."", ""grab paket hemat saya billingnya itu tanggal xxxnumberxxx juli xxxnumberxxx . sekarang sudah agustus mengapa subscribe - nya masih aktif ?"", ""dear indosat , saya mau isi paket , tetapi mengapa tidak bisa ya ? sudah sejak jam xxxtimexxx tadi pulsa sudah masuk tetapi tidak bisa aktif .""]",False,5,1647,14,False,52
google/gemma-3-4b-it,informal,formal,centroid,N/A,min . saya coba buat transfer ke bank lain pakai m - banking pagi ini gagal terus ya ? tp buat transfer ke virtual account lancar . ada solusikah ?,"“eh, kok pagi ini pas coba transfer ke bank lain lewat m-banking gagal terus ya? tapi transfer ke virtual account lancar jaya. ada solusinya nggak nih?”",False,343,4300171,43,"[""selamat malam . mohon saya diberi informasi . paket saya sejak tanggal xxxnumberxxx tertahan dengan status itu dan belum terkirim sampai sekarang . ada apa ?"", ""sudah xxxnumberxxx hari , status belum juga berubah admin . tadi sudah telepon qc katanya cuma disuruh menunggu ."", ""sore admin . ini ada keluhan nomor saya , pulsa terpotong terus . padahal tidak berlangganan paket apapun . tolong diperiksa min + xxxnumberxxx xxxnumberxxx - xxxnumberxxx - xxxnumberxxx ."", ""grab paket hemat saya billingnya itu tanggal xxxnumberxxx juli xxxnumberxxx . sekarang sudah agustus mengapa subscribe - nya masih aktif ?"", ""dear indosat , saya mau isi paket , tetapi mengapa tidak bisa ya ? sudah sejak jam xxxtimexxx tadi pulsa sudah masuk tetapi tidak bisa aktif .""]",False,5,1746,39,False,152
google/gemma-3-4b-it,informal,formal,centroid,N/A,pengen liatt min tpi gimana yaa,"“Mau lihat min, tapi kok nggak bisa ya?”",False,345,4300172,43,"[""selamat malam . mohon saya diberi informasi . paket saya sejak tanggal xxxnumberxxx tertahan dengan status itu dan belum terkirim sampai sekarang . ada apa ?"", ""sudah xxxnumberxxx hari , status belum juga berubah admin . tadi sudah telepon qc katanya cuma disuruh menunggu ."", ""sore admin . ini ada keluhan nomor saya , pulsa terpotong terus . padahal tidak berlangganan paket apapun . tolong diperiksa min + xxxnumberxxx xxxnumberxxx - xxxnumberxxx - xxxnumberxxx ."", ""grab paket hemat saya billingnya itu tanggal xxxnumberxxx juli xxxnumberxxx . sekarang sudah agustus mengapa subscribe - nya masih aktif ?"", ""dear indosat , saya mau isi paket , tetapi mengapa tidak bisa ya ? sudah sejak jam xxxtimexxx tadi pulsa sudah masuk tetapi tidak bisa aktif .""]",False,5,1630,12,False,40
google/gemma-3-4b-it,informal,formal,centroid,N/A,halo min xxxuserxxx tolong cek dm ya .,"""hai admin , tolong cek dm ya.""",True,347,4300173,43,"[""selamat malam . mohon saya diberi informasi . paket saya sejak tanggal xxxnumberxxx tertahan dengan status itu dan belum terkirim sampai sekarang . ada apa ?"", ""sudah xxxnumberxxx hari , status belum juga berubah admin . tadi sudah telepon qc katanya cuma disuruh menunggu ."", ""sore admin . ini ada keluhan nomor saya , pulsa terpotong terus . padahal tidak berlangganan paket apapun . tolong diperiksa min + xxxnumberxxx xxxnumberxxx - xxxnumberxxx - xxxnumberxxx ."", ""grab paket hemat saya billingnya itu tanggal xxxnumberxxx juli xxxnumberxxx . sekarang sudah agustus mengapa subscribe - nya masih aktif ?"", ""dear indosat , saya mau isi paket , tetapi mengapa tidak bisa ya ? sudah sejak jam xxxtimexxx tadi pulsa sudah masuk tetapi tidak bisa aktif .""]",False,5,1637,12,False,31
google/gemma-3-4b-it,informal,formal,centroid,N/A,"pakdok ga usah ikutan , traktir saya ngopi aja deh .","""admin, boleh nggak ikut traktir kopi? daripada ikut-ikutan pakdok.""",False,349,4300174,43,"[""selamat malam . mohon saya diberi informasi . paket saya sejak tanggal xxxnumberxxx tertahan dengan status itu dan belum terkirim sampai sekarang . ada apa ?"", ""sudah xxxnumberxxx hari , status belum juga berubah admin . tadi sudah telepon qc katanya cuma disuruh menunggu ."", ""sore admin . ini ada keluhan nomor saya , pulsa terpotong terus . padahal tidak berlangganan paket apapun . tolong diperiksa min + xxxnumberxxx xxxnumberxxx - xxxnumberxxx - xxxnumberxxx ."", ""grab paket hemat saya billingnya itu tanggal xxxnumberxxx juli xxxnumberxxx . sekarang sudah agustus mengapa subscribe - nya masih aktif ?"", ""dear indosat , saya mau isi paket , tetapi mengapa tidak bisa ya ? sudah sejak jam xxxtimexxx tadi pulsa sudah masuk tetapi tidak bisa aktif .""]",False,5,1651,20,False,68
google/gemma-3-4b-it,informal,formal,centroid,N/A,"kencan bahagia versi gue itu yang gak pake ribet , sederhana , saling ngerti , gak harus nuntut dan paling penting dia seneng ketika ketemu gue","“pacaran sederhana versi aku itu yang santai, paham satu sama lain, nggak perlu maksa, dan yang paling penting dia senang waktu ketemu aku.”",False,351,4300175,43,"[""selamat malam . mohon saya diberi informasi . paket saya sejak tanggal xxxnumberxxx tertahan dengan status itu dan belum terkirim sampai sekarang . ada apa ?"", ""sudah xxxnumberxxx hari , status belum juga berubah admin . tadi sudah telepon qc katanya cuma disuruh menunggu ."", ""sore admin . ini ada keluhan nomor saya , pulsa terpotong terus . padahal tidak berlangganan paket apapun . tolong diperiksa min + xxxnumberxxx xxxnumberxxx - xxxnumberxxx - xxxnumberxxx ."", ""grab paket hemat saya billingnya itu tanggal xxxnumberxxx juli xxxnumberxxx . sekarang sudah agustus mengapa subscribe - nya masih aktif ?"", ""dear indosat , saya mau isi paket , tetapi mengapa tidak bisa ya ? sudah sejak jam xxxtimexxx tadi pulsa sudah masuk tetapi tidak bisa aktif .""]",False,5,1742,33,False,140
google/gemma-3-4b-it,informal,formal,centroid,N/A,kalau lokasi bank terdekat dimana ya ?,“di mana lokasi kantor cabang terdekat ya?”,False,353,4300176,43,"[""selamat malam . mohon saya diberi informasi . paket saya sejak tanggal xxxnumberxxx tertahan dengan status itu dan belum terkirim sampai sekarang . ada apa ?"", ""sudah xxxnumberxxx hari , status belum juga berubah admin . tadi sudah telepon qc katanya cuma disuruh menunggu ."", ""sore admin . ini ada keluhan nomor saya , pulsa terpotong terus . padahal tidak berlangganan paket apapun . tolong diperiksa min + xxxnumberxxx xxxnumberxxx - xxxnumberxxx - xxxnumberxxx ."", ""grab paket hemat saya billingnya itu tanggal xxxnumberxxx juli xxxnumberxxx . sekarang sudah agustus mengapa subscribe - nya masih aktif ?"", ""dear indosat , saya mau isi paket , tetapi mengapa tidak bisa ya ? sudah sejak jam xxxtimexxx tadi pulsa sudah masuk tetapi tidak bisa aktif .""]",False,5,1637,11,False,43
google/gemma-3-4b-it,informal,formal,centroid,N/A,bisa tolong cek dm dr saya,tolong cek dm dari saya,False,355,4300177,43,"[""selamat malam . mohon saya diberi informasi . paket saya sejak tanggal xxxnumberxxx tertahan dengan status itu dan belum terkirim sampai sekarang . ada apa ?"", ""sudah xxxnumberxxx hari , status belum juga berubah admin . tadi sudah telepon qc katanya cuma disuruh menunggu ."", ""sore admin . ini ada keluhan nomor saya , pulsa terpotong terus . padahal tidak berlangganan paket apapun . tolong diperiksa min + xxxnumberxxx xxxnumberxxx - xxxnumberxxx - xxxnumberxxx ."", ""grab paket hemat saya billingnya itu tanggal xxxnumberxxx juli xxxnumberxxx . sekarang sudah agustus mengapa subscribe - nya masih aktif ?"", ""dear indosat , saya mau isi paket , tetapi mengapa tidak bisa ya ? sudah sejak jam xxxtimexxx tadi pulsa sudah masuk tetapi tidak bisa aktif .""]",False,5,1625,8,False,23
google/gemma-3-4b-it,informal,formal,centroid,N/A,itu seler kurang aja . iklan palsu dan aku sudah tertipu .,"""ini seler, kurang memuaskan. iklan yang ditawarkan ternyata menyesatkan dan saya merasa tertipu.""",False,357,4300178,43,"[""selamat malam . mohon saya diberi informasi . paket saya sejak tanggal xxxnumberxxx tertahan dengan status itu dan belum terkirim sampai sekarang . ada apa ?"", ""sudah xxxnumberxxx hari , status belum juga berubah admin . tadi sudah telepon qc katanya cuma disuruh menunggu ."", ""sore admin . ini ada keluhan nomor saya , pulsa terpotong terus . padahal tidak berlangganan paket apapun . tolong diperiksa min + xxxnumberxxx xxxnumberxxx - xxxnumberxxx - xxxnumberxxx ."", ""grab paket hemat saya billingnya itu tanggal xxxnumberxxx juli xxxnumberxxx . sekarang sudah agustus mengapa subscribe - nya masih aktif ?"", ""dear indosat , saya mau isi paket , tetapi mengapa tidak bisa ya ? sudah sejak jam xxxtimexxx tadi pulsa sudah masuk tetapi tidak bisa aktif .""]",False,5,1657,25,False,98
google/gemma-3-4b-it,informal,formal,centroid,N/A,"besok "" pas udh ketemu tanya , kemarin kamu isiin gopay sapa aja","“besok, pas udah ketemu tanya, kemarin kamu isi G-Pay sama siapa aja?”",False,359,4300179,43,"[""selamat malam . mohon saya diberi informasi . paket saya sejak tanggal xxxnumberxxx tertahan dengan status itu dan belum terkirim sampai sekarang . ada apa ?"", ""sudah xxxnumberxxx hari , status belum juga berubah admin . tadi sudah telepon qc katanya cuma disuruh menunggu ."", ""sore admin . ini ada keluhan nomor saya , pulsa terpotong terus . padahal tidak berlangganan paket apapun . tolong diperiksa min + xxxnumberxxx xxxnumberxxx - xxxnumberxxx - xxxnumberxxx ."", ""grab paket hemat saya billingnya itu tanggal xxxnumberxxx juli xxxnumberxxx . sekarang sudah agustus mengapa subscribe - nya masih aktif ?"", ""dear indosat , saya mau isi paket , tetapi mengapa tidak bisa ya ? sudah sejak jam xxxtimexxx tadi pulsa sudah masuk tetapi tidak bisa aktif .""]",False,5,1663,20,False,70
google/gemma-3-4b-it,informal,formal,centroid,N/A,"cek saha ma , so tau kamu mah","“Halo, mau tanya sedikit ya.”",False,361,4300180,43,"[""selamat malam . mohon saya diberi informasi . paket saya sejak tanggal xxxnumberxxx tertahan dengan status itu dan belum terkirim sampai sekarang . ada apa ?"", ""sudah xxxnumberxxx hari , status belum juga berubah admin . tadi sudah telepon qc katanya cuma disuruh menunggu ."", ""sore admin . ini ada keluhan nomor saya , pulsa terpotong terus . padahal tidak berlangganan paket apapun . tolong diperiksa min + xxxnumberxxx xxxnumberxxx - xxxnumberxxx - xxxnumberxxx ."", ""grab paket hemat saya billingnya itu tanggal xxxnumberxxx juli xxxnumberxxx . sekarang sudah agustus mengapa subscribe - nya masih aktif ?"", ""dear indosat , saya mau isi paket , tetapi mengapa tidak bisa ya ? sudah sejak jam xxxtimexxx tadi pulsa sudah masuk tetapi tidak bisa aktif .""]",False,5,1628,9,False,29
google/gemma-3-4b-it,informal,formal,centroid,N/A,sampe jam segini masih belum bisa daftarin paket loh,"“Sudah jam berapa ini, masih belum bisa daftar paket ya?”",False,363,4300181,43,"[""selamat malam . mohon saya diberi informasi . paket saya sejak tanggal xxxnumberxxx tertahan dengan status itu dan belum terkirim sampai sekarang . ada apa ?"", ""sudah xxxnumberxxx hari , status belum juga berubah admin . tadi sudah telepon qc katanya cuma disuruh menunggu ."", ""sore admin . ini ada keluhan nomor saya , pulsa terpotong terus . padahal tidak berlangganan paket apapun . tolong diperiksa min + xxxnumberxxx xxxnumberxxx - xxxnumberxxx - xxxnumberxxx ."", ""grab paket hemat saya billingnya itu tanggal xxxnumberxxx juli xxxnumberxxx . sekarang sudah agustus mengapa subscribe - nya masih aktif ?"", ""dear indosat , saya mau isi paket , tetapi mengapa tidak bisa ya ? sudah sejak jam xxxtimexxx tadi pulsa sudah masuk tetapi tidak bisa aktif .""]",False,5,1651,15,False,57
google/gemma-3-4b-it,informal,formal,centroid,N/A,"kota malang min , biasanya cepet dapet driver . hari ini yg parah .","“malang nih, min. biasanya cepat dapat driver, tapi hari ini parah banget.”",False,365,4300182,43,"[""selamat malam . mohon saya diberi informasi . paket saya sejak tanggal xxxnumberxxx tertahan dengan status itu dan belum terkirim sampai sekarang . ada apa ?"", ""sudah xxxnumberxxx hari , status belum juga berubah admin . tadi sudah telepon qc katanya cuma disuruh menunggu ."", ""sore admin . ini ada keluhan nomor saya , pulsa terpotong terus . padahal tidak berlangganan paket apapun . tolong diperiksa min + xxxnumberxxx xxxnumberxxx - xxxnumberxxx - xxxnumberxxx ."", ""grab paket hemat saya billingnya itu tanggal xxxnumberxxx juli xxxnumberxxx . sekarang sudah agustus mengapa subscribe - nya masih aktif ?"", ""dear indosat , saya mau isi paket , tetapi mengapa tidak bisa ya ? sudah sejak jam xxxtimexxx tadi pulsa sudah masuk tetapi tidak bisa aktif .""]",False,5,1666,21,False,75
google/gemma-3-4b-it,informal,formal,centroid,N/A,"menu pembaharuan password itu kaya gini , kenapa sih susah amat ambil dana yang ada di akun sendiri ke rekening sendiri","“menu ganti passwordnya kayak gini, kok susah banget menarik dana yang ada di akun ke rekening pribadi sih?”",False,367,4300183,43,"[""selamat malam . mohon saya diberi informasi . paket saya sejak tanggal xxxnumberxxx tertahan dengan status itu dan belum terkirim sampai sekarang . ada apa ?"", ""sudah xxxnumberxxx hari , status belum juga berubah admin . tadi sudah telepon qc katanya cuma disuruh menunggu ."", ""sore admin . ini ada keluhan nomor saya , pulsa terpotong terus . padahal tidak berlangganan paket apapun . tolong diperiksa min + xxxnumberxxx xxxnumberxxx - xxxnumberxxx - xxxnumberxxx ."", ""grab paket hemat saya billingnya itu tanggal xxxnumberxxx juli xxxnumberxxx . sekarang sudah agustus mengapa subscribe - nya masih aktif ?"", ""dear indosat , saya mau isi paket , tetapi mengapa tidak bisa ya ? sudah sejak jam xxxtimexxx tadi pulsa sudah masuk tetapi tidak bisa aktif .""]",False,5,1718,25,False,108
google/gemma-3-4b-it,informal,formal,centroid,N/A,ini sudah terkirim tp pesanan belum selesai d sistem karna saya menggunakan kurir berbeda,"“sudah xxxnumberxxx hari, kok pesanan saya belum selesai di sistem ya? soalnya saya pakai kurir lain.”",False,369,4300184,43,"[""selamat malam . mohon saya diberi informasi . paket saya sejak tanggal xxxnumberxxx tertahan dengan status itu dan belum terkirim sampai sekarang . ada apa ?"", ""sudah xxxnumberxxx hari , status belum juga berubah admin . tadi sudah telepon qc katanya cuma disuruh menunggu ."", ""sore admin . ini ada keluhan nomor saya , pulsa terpotong terus . padahal tidak berlangganan paket apapun . tolong diperiksa min + xxxnumberxxx xxxnumberxxx - xxxnumberxxx - xxxnumberxxx ."", ""grab paket hemat saya billingnya itu tanggal xxxnumberxxx juli xxxnumberxxx . sekarang sudah agustus mengapa subscribe - nya masih aktif ?"", ""dear indosat , saya mau isi paket , tetapi mengapa tidak bisa ya ? sudah sejak jam xxxtimexxx tadi pulsa sudah masuk tetapi tidak bisa aktif .""]",False,5,1688,28,False,102
google/gemma-3-4b-it,informal,formal,centroid,N/A,dr kmaren kok xl no service . ada penjelasan ?,"“Halo, sejak kemarin nomor saya tidak berfungsi. Mohon dijelaskan, ya?”",False,371,4300185,43,"[""selamat malam . mohon saya diberi informasi . paket saya sejak tanggal xxxnumberxxx tertahan dengan status itu dan belum terkirim sampai sekarang . ada apa ?"", ""sudah xxxnumberxxx hari , status belum juga berubah admin . tadi sudah telepon qc katanya cuma disuruh menunggu ."", ""sore admin . ini ada keluhan nomor saya , pulsa terpotong terus . padahal tidak berlangganan paket apapun . tolong diperiksa min + xxxnumberxxx xxxnumberxxx - xxxnumberxxx - xxxnumberxxx ."", ""grab paket hemat saya billingnya itu tanggal xxxnumberxxx juli xxxnumberxxx . sekarang sudah agustus mengapa subscribe - nya masih aktif ?"", ""dear indosat , saya mau isi paket , tetapi mengapa tidak bisa ya ? sudah sejak jam xxxtimexxx tadi pulsa sudah masuk tetapi tidak bisa aktif .""]",False,5,1645,19,False,71
google/gemma-3-4b-it,informal,formal,centroid,N/A,"apakah tanpa buku tabungan bisa , untuk upgrade nya , sama mau setor tunai soalnya pecahan xxxnumberxxx ribu , trimakasih","“Bisa nggak, untuk upgrade, tanpa buku tabungan? Terus, mau setor tunai nih, pecahan xxxnumberxxx ribu, makasih.”",False,373,4300186,43,"[""selamat malam . mohon saya diberi informasi . paket saya sejak tanggal xxxnumberxxx tertahan dengan status itu dan belum terkirim sampai sekarang . ada apa ?"", ""sudah xxxnumberxxx hari , status belum juga berubah admin . tadi sudah telepon qc katanya cuma disuruh menunggu ."", ""sore admin . ini ada keluhan nomor saya , pulsa terpotong terus . padahal tidak berlangganan paket apapun . tolong diperiksa min + xxxnumberxxx xxxnumberxxx - xxxnumberxxx - xxxnumberxxx ."", ""grab paket hemat saya billingnya itu tanggal xxxnumberxxx juli xxxnumberxxx . sekarang sudah agustus mengapa subscribe - nya masih aktif ?"", ""dear indosat , saya mau isi paket , tetapi mengapa tidak bisa ya ? sudah sejak jam xxxtimexxx tadi pulsa sudah masuk tetapi tidak bisa aktif .""]",False,5,1720,33,False,113
google/gemma-3-4b-it,informal,formal,centroid,N/A,mau tanya udh beli paket kok ga masuk2 gimana nii ?,"“Halo, saya mau menanyakan soal paket yang sudah saya beli, kok belum aktif ya?”",False,375,4300187,43,"[""selamat malam . mohon saya diberi informasi . paket saya sejak tanggal xxxnumberxxx tertahan dengan status itu dan belum terkirim sampai sekarang . ada apa ?"", ""sudah xxxnumberxxx hari , status belum juga berubah admin . tadi sudah telepon qc katanya cuma disuruh menunggu ."", ""sore admin . ini ada keluhan nomor saya , pulsa terpotong terus . padahal tidak berlangganan paket apapun . tolong diperiksa min + xxxnumberxxx xxxnumberxxx - xxxnumberxxx - xxxnumberxxx ."", ""grab paket hemat saya billingnya itu tanggal xxxnumberxxx juli xxxnumberxxx . sekarang sudah agustus mengapa subscribe - nya masih aktif ?"", ""dear indosat , saya mau isi paket , tetapi mengapa tidak bisa ya ? sudah sejak jam xxxtimexxx tadi pulsa sudah masuk tetapi tidak bisa aktif .""]",False,5,1650,20,False,80
google/gemma-3-4b-it,informal,formal,centroid,N/A,hhahaha yg trakhir pas kiss eresiinya lutcuu bangett njirr 🤣 🤣 🤣 🤣 🤣 ada xxxnumberxxx wink kayanya,"“Aduh, terakhir pas lagi nyentuh lutut, bener-bener njirrr 🤣 🤣 🤣 🤣 🤣 kayak ada xxxnumberxxx emoji wink gitu.”",True,377,4300188,43,"[""selamat malam . mohon saya diberi informasi . paket saya sejak tanggal xxxnumberxxx tertahan dengan status itu dan belum terkirim sampai sekarang . ada apa ?"", ""sudah xxxnumberxxx hari , status belum juga berubah admin . tadi sudah telepon qc katanya cuma disuruh menunggu ."", ""sore admin . ini ada keluhan nomor saya , pulsa terpotong terus . padahal tidak berlangganan paket apapun . tolong diperiksa min + xxxnumberxxx xxxnumberxxx - xxxnumberxxx - xxxnumberxxx ."", ""grab paket hemat saya billingnya itu tanggal xxxnumberxxx juli xxxnumberxxx . sekarang sudah agustus mengapa subscribe - nya masih aktif ?"", ""dear indosat , saya mau isi paket , tetapi mengapa tidak bisa ya ? sudah sejak jam xxxtimexxx tadi pulsa sudah masuk tetapi tidak bisa aktif .""]",False,5,1697,42,False,109
google/gemma-3-4b-it,informal,formal,centroid,N/A,selamat siang . dua hari ini orderan grabfood di denpasar kok drivernya jauh - jauh dari resto ya ? kebetulan atau memang ada error ? terima kasih,selamat siang . dua hari ini pesanan grabfood di denpasar kok drivernya jauh - jauh dari restoran ya ? kebetulan atau memang ada masalah ? terima kasih,True,379,4300189,43,"[""selamat malam . mohon saya diberi informasi . paket saya sejak tanggal xxxnumberxxx tertahan dengan status itu dan belum terkirim sampai sekarang . ada apa ?"", ""sudah xxxnumberxxx hari , status belum juga berubah admin . tadi sudah telepon qc katanya cuma disuruh menunggu ."", ""sore admin . ini ada keluhan nomor saya , pulsa terpotong terus . padahal tidak berlangganan paket apapun . tolong diperiksa min + xxxnumberxxx xxxnumberxxx - xxxnumberxxx - xxxnumberxxx ."", ""grab paket hemat saya billingnya itu tanggal xxxnumberxxx juli xxxnumberxxx . sekarang sudah agustus mengapa subscribe - nya masih aktif ?"", ""dear indosat , saya mau isi paket , tetapi mengapa tidak bisa ya ? sudah sejak jam xxxtimexxx tadi pulsa sudah masuk tetapi tidak bisa aktif .""]",False,5,1745,36,False,151
google/gemma-3-4b-it,informal,formal,centroid,N/A,"halo , ini saya login gabisa2 dari tadi , kodenya ga ke send2 di nomor saya . soalnya mau ganti nomor tolong dong","“Halo, saya lagi coba login tapi kok nggak bisa ya dari tadi? Kode verifikasi nggak masuk ke nomor saya. Tolong bantu dong, mau ganti nomor.”",False,381,4300190,43,"[""selamat malam . mohon saya diberi informasi . paket saya sejak tanggal xxxnumberxxx tertahan dengan status itu dan belum terkirim sampai sekarang . ada apa ?"", ""sudah xxxnumberxxx hari , status belum juga berubah admin . tadi sudah telepon qc katanya cuma disuruh menunggu ."", ""sore admin . ini ada keluhan nomor saya , pulsa terpotong terus . padahal tidak berlangganan paket apapun . tolong diperiksa min + xxxnumberxxx xxxnumberxxx - xxxnumberxxx - xxxnumberxxx ."", ""grab paket hemat saya billingnya itu tanggal xxxnumberxxx juli xxxnumberxxx . sekarang sudah agustus mengapa subscribe - nya masih aktif ?"", ""dear indosat , saya mau isi paket , tetapi mengapa tidak bisa ya ? sudah sejak jam xxxtimexxx tadi pulsa sudah masuk tetapi tidak bisa aktif .""]",False,5,1712,36,False,141
google/gemma-3-4b-it,informal,formal,centroid,N/A,bandwidth xxxnumberxxx xxxnumberxxx xxxnumberxxx kbps buat youtubean menggunakan indosat buffering terus tidak ?,"“kok, bandwidth xxxnumberxxx xxxnumberxxx xxxnumberxxx kbps buat YouTubean pakai Indosat masih buffering terus ya?”",False,383,4300191,43,"[""selamat malam . mohon saya diberi informasi . paket saya sejak tanggal xxxnumberxxx tertahan dengan status itu dan belum terkirim sampai sekarang . ada apa ?"", ""sudah xxxnumberxxx hari , status belum juga berubah admin . tadi sudah telepon qc katanya cuma disuruh menunggu ."", ""sore admin . ini ada keluhan nomor saya , pulsa terpotong terus . padahal tidak berlangganan paket apapun . tolong diperiksa min + xxxnumberxxx xxxnumberxxx - xxxnumberxxx - xxxnumberxxx ."", ""grab paket hemat saya billingnya itu tanggal xxxnumberxxx juli xxxnumberxxx . sekarang sudah agustus mengapa subscribe - nya masih aktif ?"", ""dear indosat , saya mau isi paket , tetapi mengapa tidak bisa ya ? sudah sejak jam xxxtimexxx tadi pulsa sudah masuk tetapi tidak bisa aktif .""]",False,5,1711,29,False,115
google/gemma-3-4b-it,informal,formal,centroid,N/A,cek dm min disana ada nomer nomer kartu yg baru dibeli dan tidak bisa dipake internet . monggo solusinya,"“Halo admin, di DM ada nomor-nomor kartu baru yang dibeli dan nggak bisa dipakai internet. Mohon bantuannya ya.”",False,385,4300192,43,"[""selamat malam . mohon saya diberi informasi . paket saya sejak tanggal xxxnumberxxx tertahan dengan status itu dan belum terkirim sampai sekarang . ada apa ?"", ""sudah xxxnumberxxx hari , status belum juga berubah admin . tadi sudah telepon qc katanya cuma disuruh menunggu ."", ""sore admin . ini ada keluhan nomor saya , pulsa terpotong terus . padahal tidak berlangganan paket apapun . tolong diperiksa min + xxxnumberxxx xxxnumberxxx - xxxnumberxxx - xxxnumberxxx ."", ""grab paket hemat saya billingnya itu tanggal xxxnumberxxx juli xxxnumberxxx . sekarang sudah agustus mengapa subscribe - nya masih aktif ?"", ""dear indosat , saya mau isi paket , tetapi mengapa tidak bisa ya ? sudah sejak jam xxxtimexxx tadi pulsa sudah masuk tetapi tidak bisa aktif .""]",False,5,1703,30,False,112
google/gemma-3-4b-it,informal,formal,centroid,N/A,driver online yg ngocol pasti kesel terus nyinyir liat beginian . ngoceh bla . bla bukannya istighfar sambil bilang gw juga mau kaya gini ahh,"“Driver online yang ngocol pasti kesel terus ngomel lihat begini. ngoceh saja. bla, bla bukannya istighfar sambil bilang, ‘wah, aku juga mau kaya gini.’”",False,387,4300193,43,"[""selamat malam . mohon saya diberi informasi . paket saya sejak tanggal xxxnumberxxx tertahan dengan status itu dan belum terkirim sampai sekarang . ada apa ?"", ""sudah xxxnumberxxx hari , status belum juga berubah admin . tadi sudah telepon qc katanya cuma disuruh menunggu ."", ""sore admin . ini ada keluhan nomor saya , pulsa terpotong terus . padahal tidak berlangganan paket apapun . tolong diperiksa min + xxxnumberxxx xxxnumberxxx - xxxnumberxxx - xxxnumberxxx ."", ""grab paket hemat saya billingnya itu tanggal xxxnumberxxx juli xxxnumberxxx . sekarang sudah agustus mengapa subscribe - nya masih aktif ?"", ""dear indosat , saya mau isi paket , tetapi mengapa tidak bisa ya ? sudah sejak jam xxxtimexxx tadi pulsa sudah masuk tetapi tidak bisa aktif .""]",False,5,1740,42,False,153
google/gemma-3-4b-it,informal,formal,centroid,N/A,kurang adil ya kayanya di tokped aja penjual bisa ngasih reputasi ke akun pembeli 🤭,"“lumayan aneh ya, di Tokopedia penjual bisa kasih reputasi ke akun pembeli 🤭”",False,389,4300194,43,"[""selamat malam . mohon saya diberi informasi . paket saya sejak tanggal xxxnumberxxx tertahan dengan status itu dan belum terkirim sampai sekarang . ada apa ?"", ""sudah xxxnumberxxx hari , status belum juga berubah admin . tadi sudah telepon qc katanya cuma disuruh menunggu ."", ""sore admin . ini ada keluhan nomor saya , pulsa terpotong terus . padahal tidak berlangganan paket apapun . tolong diperiksa min + xxxnumberxxx xxxnumberxxx - xxxnumberxxx - xxxnumberxxx ."", ""grab paket hemat saya billingnya itu tanggal xxxnumberxxx juli xxxnumberxxx . sekarang sudah agustus mengapa subscribe - nya masih aktif ?"", ""dear indosat , saya mau isi paket , tetapi mengapa tidak bisa ya ? sudah sejak jam xxxtimexxx tadi pulsa sudah masuk tetapi tidak bisa aktif .""]",False,5,1682,25,False,77
google/gemma-3-4b-it,informal,formal,centroid,N/A,kak kenapa ga bisa bales sms ke xxxnumberxxx ?,"“Kok, kenapa nggak bisa bales SMS ke nomor xxxnumberxxx ya?”",False,391,4300195,43,"[""selamat malam . mohon saya diberi informasi . paket saya sejak tanggal xxxnumberxxx tertahan dengan status itu dan belum terkirim sampai sekarang . ada apa ?"", ""sudah xxxnumberxxx hari , status belum juga berubah admin . tadi sudah telepon qc katanya cuma disuruh menunggu ."", ""sore admin . ini ada keluhan nomor saya , pulsa terpotong terus . padahal tidak berlangganan paket apapun . tolong diperiksa min + xxxnumberxxx xxxnumberxxx - xxxnumberxxx - xxxnumberxxx ."", ""grab paket hemat saya billingnya itu tanggal xxxnumberxxx juli xxxnumberxxx . sekarang sudah agustus mengapa subscribe - nya masih aktif ?"", ""dear indosat , saya mau isi paket , tetapi mengapa tidak bisa ya ? sudah sejak jam xxxtimexxx tadi pulsa sudah masuk tetapi tidak bisa aktif .""]",False,5,1645,17,False,60
google/gemma-3-4b-it,informal,formal,centroid,N/A,"iya , paham . yg saya protes kan kenapa smsnya bilang bakal diantar hari ini ? kalo","“iya, betul. soal sms yang bilang bakal diantar hari ini, itu yang saya protes.”",False,393,4300196,43,"[""selamat malam . mohon saya diberi informasi . paket saya sejak tanggal xxxnumberxxx tertahan dengan status itu dan belum terkirim sampai sekarang . ada apa ?"", ""sudah xxxnumberxxx hari , status belum juga berubah admin . tadi sudah telepon qc katanya cuma disuruh menunggu ."", ""sore admin . ini ada keluhan nomor saya , pulsa terpotong terus . padahal tidak berlangganan paket apapun . tolong diperiksa min + xxxnumberxxx xxxnumberxxx - xxxnumberxxx - xxxnumberxxx ."", ""grab paket hemat saya billingnya itu tanggal xxxnumberxxx juli xxxnumberxxx . sekarang sudah agustus mengapa subscribe - nya masih aktif ?"", ""dear indosat , saya mau isi paket , tetapi mengapa tidak bisa ya ? sudah sejak jam xxxtimexxx tadi pulsa sudah masuk tetapi tidak bisa aktif .""]",False,5,1682,22,False,80
google/gemma-3-4b-it,informal,formal,centroid,N/A,"min saya mau hapus akun gojek cust , gmn cranya ? soal nya kna bajak orang","“Halo, mau minta tolong hapus akun Gojek pelanggan, gimana caranya? soalnya sering dibajak orang.”",False,395,4300197,43,"[""selamat malam . mohon saya diberi informasi . paket saya sejak tanggal xxxnumberxxx tertahan dengan status itu dan belum terkirim sampai sekarang . ada apa ?"", ""sudah xxxnumberxxx hari , status belum juga berubah admin . tadi sudah telepon qc katanya cuma disuruh menunggu ."", ""sore admin . ini ada keluhan nomor saya , pulsa terpotong terus . padahal tidak berlangganan paket apapun . tolong diperiksa min + xxxnumberxxx xxxnumberxxx - xxxnumberxxx - xxxnumberxxx ."", ""grab paket hemat saya billingnya itu tanggal xxxnumberxxx juli xxxnumberxxx . sekarang sudah agustus mengapa subscribe - nya masih aktif ?"", ""dear indosat , saya mau isi paket , tetapi mengapa tidak bisa ya ? sudah sejak jam xxxtimexxx tadi pulsa sudah masuk tetapi tidak bisa aktif .""]",False,5,1673,27,False,98
google/gemma-3-4b-it,informal,formal,centroid,N/A,mksdnya gimana min ? buka dimana itu ?,"“Min, maksudnya gimana ya? di mana ya tempatnya buka?”",False,397,4300198,43,"[""selamat malam . mohon saya diberi informasi . paket saya sejak tanggal xxxnumberxxx tertahan dengan status itu dan belum terkirim sampai sekarang . ada apa ?"", ""sudah xxxnumberxxx hari , status belum juga berubah admin . tadi sudah telepon qc katanya cuma disuruh menunggu ."", ""sore admin . ini ada keluhan nomor saya , pulsa terpotong terus . padahal tidak berlangganan paket apapun . tolong diperiksa min + xxxnumberxxx xxxnumberxxx - xxxnumberxxx - xxxnumberxxx ."", ""grab paket hemat saya billingnya itu tanggal xxxnumberxxx juli xxxnumberxxx . sekarang sudah agustus mengapa subscribe - nya masih aktif ?"", ""dear indosat , saya mau isi paket , tetapi mengapa tidak bisa ya ? sudah sejak jam xxxtimexxx tadi pulsa sudah masuk tetapi tidak bisa aktif .""]",False,5,1637,16,False,54
google/gemma-3-4b-it,informal,formal,centroid,N/A,cc xxxuserxxx kayak ginian dulu udah digiles sama xxxuserxxx . kemkominfo xxxuserxxx sekarang mana berani .,"“Cc xxxuserxxx, sejak dulu seperti ini sudah di-cancel oleh xxxuserxxx. Komkeminfo xxxuserxxx, sekarang berani apa?”",False,399,4300199,43,"[""selamat malam . mohon saya diberi informasi . paket saya sejak tanggal xxxnumberxxx tertahan dengan status itu dan belum terkirim sampai sekarang . ada apa ?"", ""sudah xxxnumberxxx hari , status belum juga berubah admin . tadi sudah telepon qc katanya cuma disuruh menunggu ."", ""sore admin . ini ada keluhan nomor saya , pulsa terpotong terus . padahal tidak berlangganan paket apapun . tolong diperiksa min + xxxnumberxxx xxxnumberxxx - xxxnumberxxx - xxxnumberxxx ."", ""grab paket hemat saya billingnya itu tanggal xxxnumberxxx juli xxxnumberxxx . sekarang sudah agustus mengapa subscribe - nya masih aktif ?"", ""dear indosat , saya mau isi paket , tetapi mengapa tidak bisa ya ? sudah sejak jam xxxtimexxx tadi pulsa sudah masuk tetapi tidak bisa aktif .""]",False,5,1706,33,False,116
google/gemma-3-4b-it,informal,formal,centroid,N/A,udah mana lagi jagain jodoh orang digangguin pula sama sinyal,"“Sudah, kok bisa sinyalnya sering mati-mati ya? Bikin kesel banget nih, kayak lagi ngurusin orang lain.”",False,401,4300200,43,"[""selamat malam . mohon saya diberi informasi . paket saya sejak tanggal xxxnumberxxx tertahan dengan status itu dan belum terkirim sampai sekarang . ada apa ?"", ""sudah xxxnumberxxx hari , status belum juga berubah admin . tadi sudah telepon qc katanya cuma disuruh menunggu ."", ""sore admin . ini ada keluhan nomor saya , pulsa terpotong terus . padahal tidak berlangganan paket apapun . tolong diperiksa min + xxxnumberxxx xxxnumberxxx - xxxnumberxxx - xxxnumberxxx ."", ""grab paket hemat saya billingnya itu tanggal xxxnumberxxx juli xxxnumberxxx . sekarang sudah agustus mengapa subscribe - nya masih aktif ?"", ""dear indosat , saya mau isi paket , tetapi mengapa tidak bisa ya ? sudah sejak jam xxxtimexxx tadi pulsa sudah masuk tetapi tidak bisa aktif .""]",False,5,1660,31,False,104
google/gemma-3-4b-it,informal,formal,centroid,N/A,"halo , min saya ga bisa registrasi nomer kenapa ya ?","“Halo, kenapa saya tidak bisa melakukan registrasi nomor ini ya?”",False,403,4300201,43,"[""selamat malam . mohon saya diberi informasi . paket saya sejak tanggal xxxnumberxxx tertahan dengan status itu dan belum terkirim sampai sekarang . ada apa ?"", ""sudah xxxnumberxxx hari , status belum juga berubah admin . tadi sudah telepon qc katanya cuma disuruh menunggu ."", ""sore admin . ini ada keluhan nomor saya , pulsa terpotong terus . padahal tidak berlangganan paket apapun . tolong diperiksa min + xxxnumberxxx xxxnumberxxx - xxxnumberxxx - xxxnumberxxx ."", ""grab paket hemat saya billingnya itu tanggal xxxnumberxxx juli xxxnumberxxx . sekarang sudah agustus mengapa subscribe - nya masih aktif ?"", ""dear indosat , saya mau isi paket , tetapi mengapa tidak bisa ya ? sudah sejak jam xxxtimexxx tadi pulsa sudah masuk tetapi tidak bisa aktif .""]",False,5,1651,15,False,65
google/gemma-3-4b-it,informal,formal,centroid,N/A,"halo . sistem lazada sedang error kah ? saya tidak bisa checkout dan bayar . sudah dicoba via app , browser hp & pc , sudah restart hp juga","“Halo, kok Lazada-nya lagi error ya? Gagal mau checkout dan bayar. Udah coba lewat aplikasi, browser HP, sama PC juga, HP-nya udah di restart.”",False,405,4300202,43,"[""selamat malam . mohon saya diberi informasi . paket saya sejak tanggal xxxnumberxxx tertahan dengan status itu dan belum terkirim sampai sekarang . ada apa ?"", ""sudah xxxnumberxxx hari , status belum juga berubah admin . tadi sudah telepon qc katanya cuma disuruh menunggu ."", ""sore admin . ini ada keluhan nomor saya , pulsa terpotong terus . padahal tidak berlangganan paket apapun . tolong diperiksa min + xxxnumberxxx xxxnumberxxx - xxxnumberxxx - xxxnumberxxx ."", ""grab paket hemat saya billingnya itu tanggal xxxnumberxxx juli xxxnumberxxx . sekarang sudah agustus mengapa subscribe - nya masih aktif ?"", ""dear indosat , saya mau isi paket , tetapi mengapa tidak bisa ya ? sudah sejak jam xxxtimexxx tadi pulsa sudah masuk tetapi tidak bisa aktif .""]",False,5,1738,41,False,143
google/gemma-3-4b-it,informal,formal,centroid,N/A,"min , saya sudah isi pulsa xxxnumberxxx xxxnumberxxx rb tapi kok gak masuk ya ? padahal nomor sudah benar min","“Halo, kok pulsa saya xxxnumberxxx gak masuk ya? Padahal nomornya udah bener, min.”",False,407,4300203,43,"[""selamat malam . mohon saya diberi informasi . paket saya sejak tanggal xxxnumberxxx tertahan dengan status itu dan belum terkirim sampai sekarang . ada apa ?"", ""sudah xxxnumberxxx hari , status belum juga berubah admin . tadi sudah telepon qc katanya cuma disuruh menunggu ."", ""sore admin . ini ada keluhan nomor saya , pulsa terpotong terus . padahal tidak berlangganan paket apapun . tolong diperiksa min + xxxnumberxxx xxxnumberxxx - xxxnumberxxx - xxxnumberxxx ."", ""grab paket hemat saya billingnya itu tanggal xxxnumberxxx juli xxxnumberxxx . sekarang sudah agustus mengapa subscribe - nya masih aktif ?"", ""dear indosat , saya mau isi paket , tetapi mengapa tidak bisa ya ? sudah sejak jam xxxtimexxx tadi pulsa sudah masuk tetapi tidak bisa aktif .""]",False,5,1708,26,False,83
google/gemma-3-4b-it,informal,formal,centroid,N/A,"inv / xxxnumberxxx / xix / ix / xxxnumberxxx , tlg perpanjang masa ired order sampai xxxdatexxx , tq mod","“Halo, bisa tolong perpanjang masa aktif ired order saya nomor inv / xxxnumberxxx / xix / ix / xxxnumberxxx sampai tanggal xxxdatexxx, makasih banyak ya, mod.”",False,409,4300204,43,"[""selamat malam . mohon saya diberi informasi . paket saya sejak tanggal xxxnumberxxx tertahan dengan status itu dan belum terkirim sampai sekarang . ada apa ?"", ""sudah xxxnumberxxx hari , status belum juga berubah admin . tadi sudah telepon qc katanya cuma disuruh menunggu ."", ""sore admin . ini ada keluhan nomor saya , pulsa terpotong terus . padahal tidak berlangganan paket apapun . tolong diperiksa min + xxxnumberxxx xxxnumberxxx - xxxnumberxxx - xxxnumberxxx ."", ""grab paket hemat saya billingnya itu tanggal xxxnumberxxx juli xxxnumberxxx . sekarang sudah agustus mengapa subscribe - nya masih aktif ?"", ""dear indosat , saya mau isi paket , tetapi mengapa tidak bisa ya ? sudah sejak jam xxxtimexxx tadi pulsa sudah masuk tetapi tidak bisa aktif .""]",False,5,1703,44,False,159
google/gemma-3-4b-it,informal,formal,centroid,N/A,min tolong respon komplain no transaksi xxxnumberxxx secepatnya . trimakasih banyak,"“admin, tolong tanggapi keluhan nomor transaksi xxxnumberxxx secepatnya. terima kasih.”",False,411,4300205,43,"[""selamat malam . mohon saya diberi informasi . paket saya sejak tanggal xxxnumberxxx tertahan dengan status itu dan belum terkirim sampai sekarang . ada apa ?"", ""sudah xxxnumberxxx hari , status belum juga berubah admin . tadi sudah telepon qc katanya cuma disuruh menunggu ."", ""sore admin . ini ada keluhan nomor saya , pulsa terpotong terus . padahal tidak berlangganan paket apapun . tolong diperiksa min + xxxnumberxxx xxxnumberxxx - xxxnumberxxx - xxxnumberxxx ."", ""grab paket hemat saya billingnya itu tanggal xxxnumberxxx juli xxxnumberxxx . sekarang sudah agustus mengapa subscribe - nya masih aktif ?"", ""dear indosat , saya mau isi paket , tetapi mengapa tidak bisa ya ? sudah sejak jam xxxtimexxx tadi pulsa sudah masuk tetapi tidak bisa aktif .""]",False,5,1682,24,False,87
google/gemma-3-4b-it,informal,formal,centroid,N/A,minn kuota ini berlaku sampai kapan ya ? trims,"“Halo, mau tanya masa berlaku kuota ini sampai kapan ya? Terima kasih.”",False,413,4300206,43,"[""selamat malam . mohon saya diberi informasi . paket saya sejak tanggal xxxnumberxxx tertahan dengan status itu dan belum terkirim sampai sekarang . ada apa ?"", ""sudah xxxnumberxxx hari , status belum juga berubah admin . tadi sudah telepon qc katanya cuma disuruh menunggu ."", ""sore admin . ini ada keluhan nomor saya , pulsa terpotong terus . padahal tidak berlangganan paket apapun . tolong diperiksa min + xxxnumberxxx xxxnumberxxx - xxxnumberxxx - xxxnumberxxx ."", ""grab paket hemat saya billingnya itu tanggal xxxnumberxxx juli xxxnumberxxx . sekarang sudah agustus mengapa subscribe - nya masih aktif ?"", ""dear indosat , saya mau isi paket , tetapi mengapa tidak bisa ya ? sudah sejak jam xxxtimexxx tadi pulsa sudah masuk tetapi tidak bisa aktif .""]",False,5,1645,19,False,71
google/gemma-3-4b-it,informal,formal,centroid,N/A,mohon dibantu saya sdh lakukan pembayaran tagihan xxxdatexxx bulanan tapi knpa no hp masih belum bisa aktiv no hp matrik xxxnumberxxx,"“admin, saya sudah bayar tagihan bulanan tanggal xxxdatexxx, tapi kok nomor HP masih belum aktif ya? Nomor HP matrik xxxnumberxxx.”",False,415,4300207,43,"[""selamat malam . mohon saya diberi informasi . paket saya sejak tanggal xxxnumberxxx tertahan dengan status itu dan belum terkirim sampai sekarang . ada apa ?"", ""sudah xxxnumberxxx hari , status belum juga berubah admin . tadi sudah telepon qc katanya cuma disuruh menunggu ."", ""sore admin . ini ada keluhan nomor saya , pulsa terpotong terus . padahal tidak berlangganan paket apapun . tolong diperiksa min + xxxnumberxxx xxxnumberxxx - xxxnumberxxx - xxxnumberxxx ."", ""grab paket hemat saya billingnya itu tanggal xxxnumberxxx juli xxxnumberxxx . sekarang sudah agustus mengapa subscribe - nya masih aktif ?"", ""dear indosat , saya mau isi paket , tetapi mengapa tidak bisa ya ? sudah sejak jam xxxtimexxx tadi pulsa sudah masuk tetapi tidak bisa aktif .""]",False,5,1732,35,False,131
google/gemma-3-4b-it,informal,formal,centroid,N/A,"eh ada yg punya setori , misi ya mbaa","“Halo, ada pertanyaan mengenai paket, Bu/Pak?”",False,417,4300208,43,"[""selamat malam . mohon saya diberi informasi . paket saya sejak tanggal xxxnumberxxx tertahan dengan status itu dan belum terkirim sampai sekarang . ada apa ?"", ""sudah xxxnumberxxx hari , status belum juga berubah admin . tadi sudah telepon qc katanya cuma disuruh menunggu ."", ""sore admin . ini ada keluhan nomor saya , pulsa terpotong terus . padahal tidak berlangganan paket apapun . tolong diperiksa min + xxxnumberxxx xxxnumberxxx - xxxnumberxxx - xxxnumberxxx ."", ""grab paket hemat saya billingnya itu tanggal xxxnumberxxx juli xxxnumberxxx . sekarang sudah agustus mengapa subscribe - nya masih aktif ?"", ""dear indosat , saya mau isi paket , tetapi mengapa tidak bisa ya ? sudah sejak jam xxxtimexxx tadi pulsa sudah masuk tetapi tidak bisa aktif .""]",False,5,1636,13,False,46
google/gemma-3-4b-it,informal,formal,centroid,N/A,alasannya tdk masuk akal kadang perintah operator telkomsel bila lelet matikan tombol pesawat atau sebut data diri tp tetap lelet,"“aneh banget sih, kadang pas minta tolong operator Telkomsel lama juga responnya. udah nyebutin data diri juga, tetep aja lelet.”",False,419,4300209,43,"[""selamat malam . mohon saya diberi informasi . paket saya sejak tanggal xxxnumberxxx tertahan dengan status itu dan belum terkirim sampai sekarang . ada apa ?"", ""sudah xxxnumberxxx hari , status belum juga berubah admin . tadi sudah telepon qc katanya cuma disuruh menunggu ."", ""sore admin . ini ada keluhan nomor saya , pulsa terpotong terus . padahal tidak berlangganan paket apapun . tolong diperiksa min + xxxnumberxxx xxxnumberxxx - xxxnumberxxx - xxxnumberxxx ."", ""grab paket hemat saya billingnya itu tanggal xxxnumberxxx juli xxxnumberxxx . sekarang sudah agustus mengapa subscribe - nya masih aktif ?"", ""dear indosat , saya mau isi paket , tetapi mengapa tidak bisa ya ? sudah sejak jam xxxtimexxx tadi pulsa sudah masuk tetapi tidak bisa aktif .""]",False,5,1728,36,False,129
google/gemma-3-4b-it,informal,formal,centroid,N/A,"tolong cek dm , saya kirim screenshot history topup tapi gak masuk yah saldonya","""tolong cek DM, saya kirim screenshot history top-up, tapi saldo tidak masuk ya?""",False,421,4300210,43,"[""selamat malam . mohon saya diberi informasi . paket saya sejak tanggal xxxnumberxxx tertahan dengan status itu dan belum terkirim sampai sekarang . ada apa ?"", ""sudah xxxnumberxxx hari , status belum juga berubah admin . tadi sudah telepon qc katanya cuma disuruh menunggu ."", ""sore admin . ini ada keluhan nomor saya , pulsa terpotong terus . padahal tidak berlangganan paket apapun . tolong diperiksa min + xxxnumberxxx xxxnumberxxx - xxxnumberxxx - xxxnumberxxx ."", ""grab paket hemat saya billingnya itu tanggal xxxnumberxxx juli xxxnumberxxx . sekarang sudah agustus mengapa subscribe - nya masih aktif ?"", ""dear indosat , saya mau isi paket , tetapi mengapa tidak bisa ya ? sudah sejak jam xxxtimexxx tadi pulsa sudah masuk tetapi tidak bisa aktif .""]",False,5,1678,23,False,81
google/gemma-3-4b-it,informal,formal,centroid,N/A,colek xxxuserxxx dan xxxuserxxx mohon diperhitungkan biaya parkir,"“Halo @xxxuserxxx dan @xxxuserxxx, mohon diperhitungkan biaya parkir untuk saya.”",False,423,4300211,43,"[""selamat malam . mohon saya diberi informasi . paket saya sejak tanggal xxxnumberxxx tertahan dengan status itu dan belum terkirim sampai sekarang . ada apa ?"", ""sudah xxxnumberxxx hari , status belum juga berubah admin . tadi sudah telepon qc katanya cuma disuruh menunggu ."", ""sore admin . ini ada keluhan nomor saya , pulsa terpotong terus . padahal tidak berlangganan paket apapun . tolong diperiksa min + xxxnumberxxx xxxnumberxxx - xxxnumberxxx - xxxnumberxxx ."", ""grab paket hemat saya billingnya itu tanggal xxxnumberxxx juli xxxnumberxxx . sekarang sudah agustus mengapa subscribe - nya masih aktif ?"", ""dear indosat , saya mau isi paket , tetapi mengapa tidak bisa ya ? sudah sejak jam xxxtimexxx tadi pulsa sudah masuk tetapi tidak bisa aktif .""]",False,5,1664,25,False,81
google/gemma-3-4b-it,informal,formal,centroid,N/A,sudah saya dm infonya . mohon dicek . terima kasih .,"""udah gue dm infonya, tolong dicek ya. makasih.""",False,425,4300212,43,"[""selamat malam . mohon saya diberi informasi . paket saya sejak tanggal xxxnumberxxx tertahan dengan status itu dan belum terkirim sampai sekarang . ada apa ?"", ""sudah xxxnumberxxx hari , status belum juga berubah admin . tadi sudah telepon qc katanya cuma disuruh menunggu ."", ""sore admin . ini ada keluhan nomor saya , pulsa terpotong terus . padahal tidak berlangganan paket apapun . tolong diperiksa min + xxxnumberxxx xxxnumberxxx - xxxnumberxxx - xxxnumberxxx ."", ""grab paket hemat saya billingnya itu tanggal xxxnumberxxx juli xxxnumberxxx . sekarang sudah agustus mengapa subscribe - nya masih aktif ?"", ""dear indosat , saya mau isi paket , tetapi mengapa tidak bisa ya ? sudah sejak jam xxxtimexxx tadi pulsa sudah masuk tetapi tidak bisa aktif .""]",False,5,1651,18,False,48
google/gemma-3-4b-it,informal,formal,centroid,N/A,"iya jadi kurang tingkat kepercayaan nya , gak kebayang flexi cash nya","“iya, jadi agak kecewa juga nih, soalnya fleksi cashnya.”",False,427,4300213,43,"[""selamat malam . mohon saya diberi informasi . paket saya sejak tanggal xxxnumberxxx tertahan dengan status itu dan belum terkirim sampai sekarang . ada apa ?"", ""sudah xxxnumberxxx hari , status belum juga berubah admin . tadi sudah telepon qc katanya cuma disuruh menunggu ."", ""sore admin . ini ada keluhan nomor saya , pulsa terpotong terus . padahal tidak berlangganan paket apapun . tolong diperiksa min + xxxnumberxxx xxxnumberxxx - xxxnumberxxx - xxxnumberxxx ."", ""grab paket hemat saya billingnya itu tanggal xxxnumberxxx juli xxxnumberxxx . sekarang sudah agustus mengapa subscribe - nya masih aktif ?"", ""dear indosat , saya mau isi paket , tetapi mengapa tidak bisa ya ? sudah sejak jam xxxtimexxx tadi pulsa sudah masuk tetapi tidak bisa aktif .""]",False,5,1668,19,False,57
google/gemma-3-4b-it,informal,formal,centroid,N/A,"selamat siang , saya dapet sms dari xxxnumberxxx xxxnumberxxx . mengatas namakan telsel . memberikan penawaran cc bankmega . apakah ini benar ?","“Halo, saya menerima pesan dari nomor xxxnumberxxx xxxnumberxxx atas nama operator. Ada penawaran kerjasama dengan BankMega, apakah ini benar?”",False,429,4300214,43,"[""selamat malam . mohon saya diberi informasi . paket saya sejak tanggal xxxnumberxxx tertahan dengan status itu dan belum terkirim sampai sekarang . ada apa ?"", ""sudah xxxnumberxxx hari , status belum juga berubah admin . tadi sudah telepon qc katanya cuma disuruh menunggu ."", ""sore admin . ini ada keluhan nomor saya , pulsa terpotong terus . padahal tidak berlangganan paket apapun . tolong diperiksa min + xxxnumberxxx xxxnumberxxx - xxxnumberxxx - xxxnumberxxx ."", ""grab paket hemat saya billingnya itu tanggal xxxnumberxxx juli xxxnumberxxx . sekarang sudah agustus mengapa subscribe - nya masih aktif ?"", ""dear indosat , saya mau isi paket , tetapi mengapa tidak bisa ya ? sudah sejak jam xxxtimexxx tadi pulsa sudah masuk tetapi tidak bisa aktif .""]",False,5,1742,33,False,143
google/gemma-3-4b-it,informal,formal,centroid,N/A,min ini kenapa lagi min udah dari tadi pagi ini sy gak bisa dm situ btw,"“permisi admin, kenapa nih lagi? udah dari tadi pagi aku gak bisa DM.”",False,431,4300215,43,"[""selamat malam . mohon saya diberi informasi . paket saya sejak tanggal xxxnumberxxx tertahan dengan status itu dan belum terkirim sampai sekarang . ada apa ?"", ""sudah xxxnumberxxx hari , status belum juga berubah admin . tadi sudah telepon qc katanya cuma disuruh menunggu ."", ""sore admin . ini ada keluhan nomor saya , pulsa terpotong terus . padahal tidak berlangganan paket apapun . tolong diperiksa min + xxxnumberxxx xxxnumberxxx - xxxnumberxxx - xxxnumberxxx ."", ""grab paket hemat saya billingnya itu tanggal xxxnumberxxx juli xxxnumberxxx . sekarang sudah agustus mengapa subscribe - nya masih aktif ?"", ""dear indosat , saya mau isi paket , tetapi mengapa tidak bisa ya ? sudah sejak jam xxxtimexxx tadi pulsa sudah masuk tetapi tidak bisa aktif .""]",False,5,1670,20,False,70
google/gemma-3-4b-it,informal,formal,centroid,N/A,jaringan lagi jelek kah ? dah xxxnumberxxx hari lemot,"“admin, jaringan lagi lama banget ya? Sudah xxxnumberxxx hari kayak gini.”",False,433,4300216,43,"[""selamat malam . mohon saya diberi informasi . paket saya sejak tanggal xxxnumberxxx tertahan dengan status itu dan belum terkirim sampai sekarang . ada apa ?"", ""sudah xxxnumberxxx hari , status belum juga berubah admin . tadi sudah telepon qc katanya cuma disuruh menunggu ."", ""sore admin . ini ada keluhan nomor saya , pulsa terpotong terus . padahal tidak berlangganan paket apapun . tolong diperiksa min + xxxnumberxxx xxxnumberxxx - xxxnumberxxx - xxxnumberxxx ."", ""grab paket hemat saya billingnya itu tanggal xxxnumberxxx juli xxxnumberxxx . sekarang sudah agustus mengapa subscribe - nya masih aktif ?"", ""dear indosat , saya mau isi paket , tetapi mengapa tidak bisa ya ? sudah sejak jam xxxtimexxx tadi pulsa sudah masuk tetapi tidak bisa aktif .""]",False,5,1652,19,False,74
google/gemma-3-4b-it,informal,formal,centroid,N/A,min kalo pada key bca saat baru dinyalakan muncul tulisan batt xxxnumberxxx artinya apa,"“Halo, kok pas buka BCA baru, muncul tulisan batt xxxnumberxxx sih? artinya apa ya?”",False,435,4300217,43,"[""selamat malam . mohon saya diberi informasi . paket saya sejak tanggal xxxnumberxxx tertahan dengan status itu dan belum terkirim sampai sekarang . ada apa ?"", ""sudah xxxnumberxxx hari , status belum juga berubah admin . tadi sudah telepon qc katanya cuma disuruh menunggu ."", ""sore admin . ini ada keluhan nomor saya , pulsa terpotong terus . padahal tidak berlangganan paket apapun . tolong diperiksa min + xxxnumberxxx xxxnumberxxx - xxxnumberxxx - xxxnumberxxx ."", ""grab paket hemat saya billingnya itu tanggal xxxnumberxxx juli xxxnumberxxx . sekarang sudah agustus mengapa subscribe - nya masih aktif ?"", ""dear indosat , saya mau isi paket , tetapi mengapa tidak bisa ya ? sudah sejak jam xxxtimexxx tadi pulsa sudah masuk tetapi tidak bisa aktif .""]",False,5,1686,24,False,84
google/gemma-3-4b-it,informal,formal,centroid,N/A,ini member seventeen baru ya xxxuserxxx ? wkwk,"“Halo, pelanggan baru Seventeen, xixixi.”",False,437,4300218,43,"[""selamat malam . mohon saya diberi informasi . paket saya sejak tanggal xxxnumberxxx tertahan dengan status itu dan belum terkirim sampai sekarang . ada apa ?"", ""sudah xxxnumberxxx hari , status belum juga berubah admin . tadi sudah telepon qc katanya cuma disuruh menunggu ."", ""sore admin . ini ada keluhan nomor saya , pulsa terpotong terus . padahal tidak berlangganan paket apapun . tolong diperiksa min + xxxnumberxxx xxxnumberxxx - xxxnumberxxx - xxxnumberxxx ."", ""grab paket hemat saya billingnya itu tanggal xxxnumberxxx juli xxxnumberxxx . sekarang sudah agustus mengapa subscribe - nya masih aktif ?"", ""dear indosat , saya mau isi paket , tetapi mengapa tidak bisa ya ? sudah sejak jam xxxtimexxx tadi pulsa sudah masuk tetapi tidak bisa aktif .""]",False,5,1645,12,False,41
google/gemma-3-4b-it,informal,formal,centroid,N/A,"hari minggu , di kcp buka untuk pembelian kartu flazz ngak ?","""Selamat sore, KCP buka hari Minggu untuk pembelian kartu Flazz, ya?""",False,439,4300219,43,"[""selamat malam . mohon saya diberi informasi . paket saya sejak tanggal xxxnumberxxx tertahan dengan status itu dan belum terkirim sampai sekarang . ada apa ?"", ""sudah xxxnumberxxx hari , status belum juga berubah admin . tadi sudah telepon qc katanya cuma disuruh menunggu ."", ""sore admin . ini ada keluhan nomor saya , pulsa terpotong terus . padahal tidak berlangganan paket apapun . tolong diperiksa min + xxxnumberxxx xxxnumberxxx - xxxnumberxxx - xxxnumberxxx ."", ""grab paket hemat saya billingnya itu tanggal xxxnumberxxx juli xxxnumberxxx . sekarang sudah agustus mengapa subscribe - nya masih aktif ?"", ""dear indosat , saya mau isi paket , tetapi mengapa tidak bisa ya ? sudah sejak jam xxxtimexxx tadi pulsa sudah masuk tetapi tidak bisa aktif .""]",False,5,1659,19,False,69
google/gemma-3-4b-it,informal,formal,centroid,N/A,"lupa saya resinya , tolong cek by nama saya aja","“permisi, saya agak lupa nomor resi. mohon dicek saja berdasarkan nama saya.”",False,441,4300220,43,"[""selamat malam . mohon saya diberi informasi . paket saya sejak tanggal xxxnumberxxx tertahan dengan status itu dan belum terkirim sampai sekarang . ada apa ?"", ""sudah xxxnumberxxx hari , status belum juga berubah admin . tadi sudah telepon qc katanya cuma disuruh menunggu ."", ""sore admin . ini ada keluhan nomor saya , pulsa terpotong terus . padahal tidak berlangganan paket apapun . tolong diperiksa min + xxxnumberxxx xxxnumberxxx - xxxnumberxxx - xxxnumberxxx ."", ""grab paket hemat saya billingnya itu tanggal xxxnumberxxx juli xxxnumberxxx . sekarang sudah agustus mengapa subscribe - nya masih aktif ?"", ""dear indosat , saya mau isi paket , tetapi mengapa tidak bisa ya ? sudah sejak jam xxxtimexxx tadi pulsa sudah masuk tetapi tidak bisa aktif .""]",False,5,1646,22,False,77
google/gemma-3-4b-it,informal,formal,centroid,N/A,"oke , sudah saya kirim via dm","“Sudah saya kirimkan via DM, ya.”",False,443,4300221,43,"[""selamat malam . mohon saya diberi informasi . paket saya sejak tanggal xxxnumberxxx tertahan dengan status itu dan belum terkirim sampai sekarang . ada apa ?"", ""sudah xxxnumberxxx hari , status belum juga berubah admin . tadi sudah telepon qc katanya cuma disuruh menunggu ."", ""sore admin . ini ada keluhan nomor saya , pulsa terpotong terus . padahal tidak berlangganan paket apapun . tolong diperiksa min + xxxnumberxxx xxxnumberxxx - xxxnumberxxx - xxxnumberxxx ."", ""grab paket hemat saya billingnya itu tanggal xxxnumberxxx juli xxxnumberxxx . sekarang sudah agustus mengapa subscribe - nya masih aktif ?"", ""dear indosat , saya mau isi paket , tetapi mengapa tidak bisa ya ? sudah sejak jam xxxtimexxx tadi pulsa sudah masuk tetapi tidak bisa aktif .""]",False,5,1628,14,False,33
google/gemma-3-4b-it,informal,formal,centroid,N/A,dapat xxxnumberxxx gb cuman rp xxxnumberxxx dari,“ada xxxgb cuman Rp xxx ribu dari”,False,445,4300222,43,"[""selamat malam . mohon saya diberi informasi . paket saya sejak tanggal xxxnumberxxx tertahan dengan status itu dan belum terkirim sampai sekarang . ada apa ?"", ""sudah xxxnumberxxx hari , status belum juga berubah admin . tadi sudah telepon qc katanya cuma disuruh menunggu ."", ""sore admin . ini ada keluhan nomor saya , pulsa terpotong terus . padahal tidak berlangganan paket apapun . tolong diperiksa min + xxxnumberxxx xxxnumberxxx - xxxnumberxxx - xxxnumberxxx ."", ""grab paket hemat saya billingnya itu tanggal xxxnumberxxx juli xxxnumberxxx . sekarang sudah agustus mengapa subscribe - nya masih aktif ?"", ""dear indosat , saya mau isi paket , tetapi mengapa tidak bisa ya ? sudah sejak jam xxxtimexxx tadi pulsa sudah masuk tetapi tidak bisa aktif .""]",False,5,1647,12,False,34
google/gemma-3-4b-it,informal,formal,centroid,N/A,daftarin paket yellow lemot bgt sampe xxxnumberxxx kali daftarin . biasanya bisa . tapi ini kedaftar double . gemana sih ah .,"“udah xxxnumberxxx kali gue daftarin paket kuningnya, lama banget. Biasanya bisa, tapi sekarang malah double daftarnya. gimana sih ini, aaaaa.”",False,447,4300223,43,"[""selamat malam . mohon saya diberi informasi . paket saya sejak tanggal xxxnumberxxx tertahan dengan status itu dan belum terkirim sampai sekarang . ada apa ?"", ""sudah xxxnumberxxx hari , status belum juga berubah admin . tadi sudah telepon qc katanya cuma disuruh menunggu ."", ""sore admin . ini ada keluhan nomor saya , pulsa terpotong terus . padahal tidak berlangganan paket apapun . tolong diperiksa min + xxxnumberxxx xxxnumberxxx - xxxnumberxxx - xxxnumberxxx ."", ""grab paket hemat saya billingnya itu tanggal xxxnumberxxx juli xxxnumberxxx . sekarang sudah agustus mengapa subscribe - nya masih aktif ?"", ""dear indosat , saya mau isi paket , tetapi mengapa tidak bisa ya ? sudah sejak jam xxxtimexxx tadi pulsa sudah masuk tetapi tidak bisa aktif .""]",False,5,1724,37,False,143
google/gemma-3-4b-it,informal,formal,centroid,N/A,ini speed nya segini doang di jaringan full xxxnumberxxx g wahai provider terbesar di indonesia ? mohon penjelasan logisnya,"“Wah, kecepatannya cuma segini di jaringan yang katanya full, ya? Mohon dijelaskan, Pak/Bu Provider terbesar di Indonesia?”",False,449,4300224,43,"[""selamat malam . mohon saya diberi informasi . paket saya sejak tanggal xxxnumberxxx tertahan dengan status itu dan belum terkirim sampai sekarang . ada apa ?"", ""sudah xxxnumberxxx hari , status belum juga berubah admin . tadi sudah telepon qc katanya cuma disuruh menunggu ."", ""sore admin . ini ada keluhan nomor saya , pulsa terpotong terus . padahal tidak berlangganan paket apapun . tolong diperiksa min + xxxnumberxxx xxxnumberxxx - xxxnumberxxx - xxxnumberxxx ."", ""grab paket hemat saya billingnya itu tanggal xxxnumberxxx juli xxxnumberxxx . sekarang sudah agustus mengapa subscribe - nya masih aktif ?"", ""dear indosat , saya mau isi paket , tetapi mengapa tidak bisa ya ? sudah sejak jam xxxtimexxx tadi pulsa sudah masuk tetapi tidak bisa aktif .""]",False,5,1722,32,False,123
google/gemma-3-4b-it,informal,formal,centroid,N/A,: seberapa kamu ? : besok gw mau nembak loe : terus ? : gw nangisnya sekarang,"“Assalamualaikum, apa kabar? Besok saya mau melamar kamu, terus gimana? Sekarang saya menangis.”",False,451,4300225,43,"[""selamat malam . mohon saya diberi informasi . paket saya sejak tanggal xxxnumberxxx tertahan dengan status itu dan belum terkirim sampai sekarang . ada apa ?"", ""sudah xxxnumberxxx hari , status belum juga berubah admin . tadi sudah telepon qc katanya cuma disuruh menunggu ."", ""sore admin . ini ada keluhan nomor saya , pulsa terpotong terus . padahal tidak berlangganan paket apapun . tolong diperiksa min + xxxnumberxxx xxxnumberxxx - xxxnumberxxx - xxxnumberxxx ."", ""grab paket hemat saya billingnya itu tanggal xxxnumberxxx juli xxxnumberxxx . sekarang sudah agustus mengapa subscribe - nya masih aktif ?"", ""dear indosat , saya mau isi paket , tetapi mengapa tidak bisa ya ? sudah sejak jam xxxtimexxx tadi pulsa sudah masuk tetapi tidak bisa aktif .""]",False,5,1676,24,False,96
google/gemma-3-4b-it,informal,formal,centroid,N/A,"bener banget promonya kerasa bgt lah , top grab !","""Wah, promonya bener-bener kelihatan banget, mantap Grab!""",False,453,4300226,43,"[""selamat malam . mohon saya diberi informasi . paket saya sejak tanggal xxxnumberxxx tertahan dengan status itu dan belum terkirim sampai sekarang . ada apa ?"", ""sudah xxxnumberxxx hari , status belum juga berubah admin . tadi sudah telepon qc katanya cuma disuruh menunggu ."", ""sore admin . ini ada keluhan nomor saya , pulsa terpotong terus . padahal tidak berlangganan paket apapun . tolong diperiksa min + xxxnumberxxx xxxnumberxxx - xxxnumberxxx - xxxnumberxxx ."", ""grab paket hemat saya billingnya itu tanggal xxxnumberxxx juli xxxnumberxxx . sekarang sudah agustus mengapa subscribe - nya masih aktif ?"", ""dear indosat , saya mau isi paket , tetapi mengapa tidak bisa ya ? sudah sejak jam xxxtimexxx tadi pulsa sudah masuk tetapi tidak bisa aktif .""]",False,5,1648,20,False,58
google/gemma-3-4b-it,informal,formal,centroid,N/A,udah habis voucher nya gmna donkk,“kenapa habis voucher nya ya?”,False,455,4300227,43,"[""selamat malam . mohon saya diberi informasi . paket saya sejak tanggal xxxnumberxxx tertahan dengan status itu dan belum terkirim sampai sekarang . ada apa ?"", ""sudah xxxnumberxxx hari , status belum juga berubah admin . tadi sudah telepon qc katanya cuma disuruh menunggu ."", ""sore admin . ini ada keluhan nomor saya , pulsa terpotong terus . padahal tidak berlangganan paket apapun . tolong diperiksa min + xxxnumberxxx xxxnumberxxx - xxxnumberxxx - xxxnumberxxx ."", ""grab paket hemat saya billingnya itu tanggal xxxnumberxxx juli xxxnumberxxx . sekarang sudah agustus mengapa subscribe - nya masih aktif ?"", ""dear indosat , saya mau isi paket , tetapi mengapa tidak bisa ya ? sudah sejak jam xxxtimexxx tadi pulsa sudah masuk tetapi tidak bisa aktif .""]",False,5,1632,9,False,30
google/gemma-3-4b-it,informal,formal,centroid,N/A,saya lupa id klik bca saya bagaimana cara mengetahuinya ? untuk pin saya masih ingat .,"""permisi, saya mau tanya, bagaimana cara saya mengecek ID klik BCA saya? PIN saya masih ingat.""",True,457,4300228,43,"[""selamat malam . mohon saya diberi informasi . paket saya sejak tanggal xxxnumberxxx tertahan dengan status itu dan belum terkirim sampai sekarang . ada apa ?"", ""sudah xxxnumberxxx hari , status belum juga berubah admin . tadi sudah telepon qc katanya cuma disuruh menunggu ."", ""sore admin . ini ada keluhan nomor saya , pulsa terpotong terus . padahal tidak berlangganan paket apapun . tolong diperiksa min + xxxnumberxxx xxxnumberxxx - xxxnumberxxx - xxxnumberxxx ."", ""grab paket hemat saya billingnya itu tanggal xxxnumberxxx juli xxxnumberxxx . sekarang sudah agustus mengapa subscribe - nya masih aktif ?"", ""dear indosat , saya mau isi paket , tetapi mengapa tidak bisa ya ? sudah sejak jam xxxtimexxx tadi pulsa sudah masuk tetapi tidak bisa aktif .""]",False,5,1685,25,False,95
google/gemma-3-4b-it,informal,formal,centroid,N/A,jangan berikan kode ini kepada siapapun,"“tolong jangan sampai kode ini jatuh ke tangan orang lain, ya.”",False,459,4300229,43,"[""selamat malam . mohon saya diberi informasi . paket saya sejak tanggal xxxnumberxxx tertahan dengan status itu dan belum terkirim sampai sekarang . ada apa ?"", ""sudah xxxnumberxxx hari , status belum juga berubah admin . tadi sudah telepon qc katanya cuma disuruh menunggu ."", ""sore admin . ini ada keluhan nomor saya , pulsa terpotong terus . padahal tidak berlangganan paket apapun . tolong diperiksa min + xxxnumberxxx xxxnumberxxx - xxxnumberxxx - xxxnumberxxx ."", ""grab paket hemat saya billingnya itu tanggal xxxnumberxxx juli xxxnumberxxx . sekarang sudah agustus mengapa subscribe - nya masih aktif ?"", ""dear indosat , saya mau isi paket , tetapi mengapa tidak bisa ya ? sudah sejak jam xxxtimexxx tadi pulsa sudah masuk tetapi tidak bisa aktif .""]",False,5,1638,17,False,63
google/gemma-3-4b-it,informal,formal,centroid,N/A,"sm20 . xxxnumberxxx sukses . sn / ref : xxxnumberxxx . saldo xxxnumberxxx , xxxnumberxxx - xxxnumberxxx = xxxnumberxxx , xxxnumberxxx xxxuserxxx / xxxnumberxxx xxxtimexxx bantu cek bos , blm masuk menerut customer","“Halo, saya mau menanyakan soal saldo saya. SN/Ref: xxxnumberxxx. Saldo xxxnumberxxx, xxxnumberxxx - xxxnumberxxx = xxxnumberxxx, xxxuserxxx/xxxnumberxxx xxxtimexxx. Tolong bantu cek ya, bos, blm masuk menurut customer.”",False,461,4300230,43,"[""selamat malam . mohon saya diberi informasi . paket saya sejak tanggal xxxnumberxxx tertahan dengan status itu dan belum terkirim sampai sekarang . ada apa ?"", ""sudah xxxnumberxxx hari , status belum juga berubah admin . tadi sudah telepon qc katanya cuma disuruh menunggu ."", ""sore admin . ini ada keluhan nomor saya , pulsa terpotong terus . padahal tidak berlangganan paket apapun . tolong diperiksa min + xxxnumberxxx xxxnumberxxx - xxxnumberxxx - xxxnumberxxx ."", ""grab paket hemat saya billingnya itu tanggal xxxnumberxxx juli xxxnumberxxx . sekarang sudah agustus mengapa subscribe - nya masih aktif ?"", ""dear indosat , saya mau isi paket , tetapi mengapa tidak bisa ya ? sudah sejak jam xxxtimexxx tadi pulsa sudah masuk tetapi tidak bisa aktif .""]",False,5,1812,66,False,220
google/gemma-3-4b-it,informal,formal,centroid,N/A,udah brapa bulan ini masi aja xxxuserxxx blom bisa aktivasi imessage,"""sudah berapa bulan ini, saya masih belum bisa aktivasi iMessage.""",False,463,4300231,43,"[""selamat malam . mohon saya diberi informasi . paket saya sejak tanggal xxxnumberxxx tertahan dengan status itu dan belum terkirim sampai sekarang . ada apa ?"", ""sudah xxxnumberxxx hari , status belum juga berubah admin . tadi sudah telepon qc katanya cuma disuruh menunggu ."", ""sore admin . ini ada keluhan nomor saya , pulsa terpotong terus . padahal tidak berlangganan paket apapun . tolong diperiksa min + xxxnumberxxx xxxnumberxxx - xxxnumberxxx - xxxnumberxxx ."", ""grab paket hemat saya billingnya itu tanggal xxxnumberxxx juli xxxnumberxxx . sekarang sudah agustus mengapa subscribe - nya masih aktif ?"", ""dear indosat , saya mau isi paket , tetapi mengapa tidak bisa ya ? sudah sejak jam xxxtimexxx tadi pulsa sudah masuk tetapi tidak bisa aktif .""]",False,5,1667,18,False,66
google/gemma-3-4b-it,informal,formal,centroid,N/A,"sama - sama bpk rudi , semoga berkenan dengan informasi yang kami sampaikan . tks ~ toby","“Halo Bapak Rudi, selamat sore. Mohon info mengenai paket saya, sejak tanggal xxxnumberxxx statusnya masih sama dan belum terkirim hingga saat ini. Ada kendala apa ya?”",False,465,4300232,43,"[""selamat malam . mohon saya diberi informasi . paket saya sejak tanggal xxxnumberxxx tertahan dengan status itu dan belum terkirim sampai sekarang . ada apa ?"", ""sudah xxxnumberxxx hari , status belum juga berubah admin . tadi sudah telepon qc katanya cuma disuruh menunggu ."", ""sore admin . ini ada keluhan nomor saya , pulsa terpotong terus . padahal tidak berlangganan paket apapun . tolong diperiksa min + xxxnumberxxx xxxnumberxxx - xxxnumberxxx - xxxnumberxxx ."", ""grab paket hemat saya billingnya itu tanggal xxxnumberxxx juli xxxnumberxxx . sekarang sudah agustus mengapa subscribe - nya masih aktif ?"", ""dear indosat , saya mau isi paket , tetapi mengapa tidak bisa ya ? sudah sejak jam xxxtimexxx tadi pulsa sudah masuk tetapi tidak bisa aktif .""]",False,5,1687,41,False,168
google/gemma-3-4b-it,informal,formal,centroid,N/A,"hi min , mau tanya ini paketku statusnya sedang di kiri cuma anehnya pas di resi namanya penerima gak sesuai dg yg aku tulis .","“halo , mau menanyakan paket saya . statusnya masih di proses , tapi kok pas resinya nama penerima tidak sesuai dengan yang saya tulis ya ?”",False,467,4300233,43,"[""selamat malam . mohon saya diberi informasi . paket saya sejak tanggal xxxnumberxxx tertahan dengan status itu dan belum terkirim sampai sekarang . ada apa ?"", ""sudah xxxnumberxxx hari , status belum juga berubah admin . tadi sudah telepon qc katanya cuma disuruh menunggu ."", ""sore admin . ini ada keluhan nomor saya , pulsa terpotong terus . padahal tidak berlangganan paket apapun . tolong diperiksa min + xxxnumberxxx xxxnumberxxx - xxxnumberxxx - xxxnumberxxx ."", ""grab paket hemat saya billingnya itu tanggal xxxnumberxxx juli xxxnumberxxx . sekarang sudah agustus mengapa subscribe - nya masih aktif ?"", ""dear indosat , saya mau isi paket , tetapi mengapa tidak bisa ya ? sudah sejak jam xxxtimexxx tadi pulsa sudah masuk tetapi tidak bisa aktif .""]",False,5,1725,33,False,140
google/gemma-3-4b-it,informal,formal,centroid,N/A,min kok saya nggak bisa daftar paket ya ?,"“Halo, kok saya kok nggak bisa daftar paket ya?”",False,469,4300234,43,"[""selamat malam . mohon saya diberi informasi . paket saya sejak tanggal xxxnumberxxx tertahan dengan status itu dan belum terkirim sampai sekarang . ada apa ?"", ""sudah xxxnumberxxx hari , status belum juga berubah admin . tadi sudah telepon qc katanya cuma disuruh menunggu ."", ""sore admin . ini ada keluhan nomor saya , pulsa terpotong terus . padahal tidak berlangganan paket apapun . tolong diperiksa min + xxxnumberxxx xxxnumberxxx - xxxnumberxxx - xxxnumberxxx ."", ""grab paket hemat saya billingnya itu tanggal xxxnumberxxx juli xxxnumberxxx . sekarang sudah agustus mengapa subscribe - nya masih aktif ?"", ""dear indosat , saya mau isi paket , tetapi mengapa tidak bisa ya ? sudah sejak jam xxxtimexxx tadi pulsa sudah masuk tetapi tidak bisa aktif .""]",False,5,1640,13,False,48
google/gemma-3-4b-it,informal,formal,centroid,N/A,oh iya masukan dari saya kalau bisa untuk perusahaan kurir di beri rating juga di apps . jadi bisa kelihatan performa perusahaan kurirnya .,"""permisi admin , boleh minta rating buat perusahaan kurir di aplikasi juga ya ? biar kelihatan performanya .""",False,471,4300235,43,"[""selamat malam . mohon saya diberi informasi . paket saya sejak tanggal xxxnumberxxx tertahan dengan status itu dan belum terkirim sampai sekarang . ada apa ?"", ""sudah xxxnumberxxx hari , status belum juga berubah admin . tadi sudah telepon qc katanya cuma disuruh menunggu ."", ""sore admin . ini ada keluhan nomor saya , pulsa terpotong terus . padahal tidak berlangganan paket apapun . tolong diperiksa min + xxxnumberxxx xxxnumberxxx - xxxnumberxxx - xxxnumberxxx ."", ""grab paket hemat saya billingnya itu tanggal xxxnumberxxx juli xxxnumberxxx . sekarang sudah agustus mengapa subscribe - nya masih aktif ?"", ""dear indosat , saya mau isi paket , tetapi mengapa tidak bisa ya ? sudah sejak jam xxxtimexxx tadi pulsa sudah masuk tetapi tidak bisa aktif .""]",False,5,1738,25,False,109
google/gemma-3-4b-it,informal,formal,centroid,N/A,itu kelamaan gak diantar . gak diupdate jg udah datang . disimpan dlm gudang jne hingga dimakan tikus xxxnumberxxx bungkus . gmn tuh ?,"“Wah, lama sekali tidak terantar. Statusnya juga belum diperbarui, padahal katanya sudah datang. Disimpan di gudang JNE sampai dimakan tikus sebanyak xxxnumberxxx bungkus. Bagaimana kelanjutannya?”",False,473,4300236,43,"[""selamat malam . mohon saya diberi informasi . paket saya sejak tanggal xxxnumberxxx tertahan dengan status itu dan belum terkirim sampai sekarang . ada apa ?"", ""sudah xxxnumberxxx hari , status belum juga berubah admin . tadi sudah telepon qc katanya cuma disuruh menunggu ."", ""sore admin . ini ada keluhan nomor saya , pulsa terpotong terus . padahal tidak berlangganan paket apapun . tolong diperiksa min + xxxnumberxxx xxxnumberxxx - xxxnumberxxx - xxxnumberxxx ."", ""grab paket hemat saya billingnya itu tanggal xxxnumberxxx juli xxxnumberxxx . sekarang sudah agustus mengapa subscribe - nya masih aktif ?"", ""dear indosat , saya mau isi paket , tetapi mengapa tidak bisa ya ? sudah sejak jam xxxtimexxx tadi pulsa sudah masuk tetapi tidak bisa aktif .""]",False,5,1733,48,False,197
google/gemma-3-4b-it,informal,formal,centroid,N/A,mohon respon dm dari saya . terimakasih .,"""tolong balas DM saya ya, makasih.""",False,475,4300237,43,"[""selamat malam . mohon saya diberi informasi . paket saya sejak tanggal xxxnumberxxx tertahan dengan status itu dan belum terkirim sampai sekarang . ada apa ?"", ""sudah xxxnumberxxx hari , status belum juga berubah admin . tadi sudah telepon qc katanya cuma disuruh menunggu ."", ""sore admin . ini ada keluhan nomor saya , pulsa terpotong terus . padahal tidak berlangganan paket apapun . tolong diperiksa min + xxxnumberxxx xxxnumberxxx - xxxnumberxxx - xxxnumberxxx ."", ""grab paket hemat saya billingnya itu tanggal xxxnumberxxx juli xxxnumberxxx . sekarang sudah agustus mengapa subscribe - nya masih aktif ?"", ""dear indosat , saya mau isi paket , tetapi mengapa tidak bisa ya ? sudah sejak jam xxxtimexxx tadi pulsa sudah masuk tetapi tidak bisa aktif .""]",False,5,1640,13,False,35
google/gemma-3-4b-it,informal,formal,centroid,N/A,mangkannya kalo kartu nya telkomsel jangan beli pulsa xl jadi ga masuk kak,"“terus, kalau kartunya Telkomsel mending jangan beli pulsa XL, jadi nggak masuk, Kak?”",False,477,4300238,43,"[""selamat malam . mohon saya diberi informasi . paket saya sejak tanggal xxxnumberxxx tertahan dengan status itu dan belum terkirim sampai sekarang . ada apa ?"", ""sudah xxxnumberxxx hari , status belum juga berubah admin . tadi sudah telepon qc katanya cuma disuruh menunggu ."", ""sore admin . ini ada keluhan nomor saya , pulsa terpotong terus . padahal tidak berlangganan paket apapun . tolong diperiksa min + xxxnumberxxx xxxnumberxxx - xxxnumberxxx - xxxnumberxxx ."", ""grab paket hemat saya billingnya itu tanggal xxxnumberxxx juli xxxnumberxxx . sekarang sudah agustus mengapa subscribe - nya masih aktif ?"", ""dear indosat , saya mau isi paket , tetapi mengapa tidak bisa ya ? sudah sejak jam xxxtimexxx tadi pulsa sudah masuk tetapi tidak bisa aktif .""]",False,5,1673,25,False,86
google/gemma-3-4b-it,informal,formal,centroid,N/A,mana nih dana reply email dan dm nya ?,“di mana balasan dana untuk email dan DM saya?”,False,479,4300239,43,"[""selamat malam . mohon saya diberi informasi . paket saya sejak tanggal xxxnumberxxx tertahan dengan status itu dan belum terkirim sampai sekarang . ada apa ?"", ""sudah xxxnumberxxx hari , status belum juga berubah admin . tadi sudah telepon qc katanya cuma disuruh menunggu ."", ""sore admin . ini ada keluhan nomor saya , pulsa terpotong terus . padahal tidak berlangganan paket apapun . tolong diperiksa min + xxxnumberxxx xxxnumberxxx - xxxnumberxxx - xxxnumberxxx ."", ""grab paket hemat saya billingnya itu tanggal xxxnumberxxx juli xxxnumberxxx . sekarang sudah agustus mengapa subscribe - nya masih aktif ?"", ""dear indosat , saya mau isi paket , tetapi mengapa tidak bisa ya ? sudah sejak jam xxxtimexxx tadi pulsa sudah masuk tetapi tidak bisa aktif .""]",False,5,1637,13,False,47
google/gemma-3-4b-it,informal,formal,centroid,N/A,sekelas jenius bisa kena begini juga ya,“Kok bisa saya juga kena masalah kayak gini ya?”,False,481,4300240,43,"[""selamat malam . mohon saya diberi informasi . paket saya sejak tanggal xxxnumberxxx tertahan dengan status itu dan belum terkirim sampai sekarang . ada apa ?"", ""sudah xxxnumberxxx hari , status belum juga berubah admin . tadi sudah telepon qc katanya cuma disuruh menunggu ."", ""sore admin . ini ada keluhan nomor saya , pulsa terpotong terus . padahal tidak berlangganan paket apapun . tolong diperiksa min + xxxnumberxxx xxxnumberxxx - xxxnumberxxx - xxxnumberxxx ."", ""grab paket hemat saya billingnya itu tanggal xxxnumberxxx juli xxxnumberxxx . sekarang sudah agustus mengapa subscribe - nya masih aktif ?"", ""dear indosat , saya mau isi paket , tetapi mengapa tidak bisa ya ? sudah sejak jam xxxtimexxx tadi pulsa sudah masuk tetapi tidak bisa aktif .""]",False,5,1638,13,False,48
google/gemma-3-4b-it,informal,formal,centroid,N/A,"min , kalo sy punya xxxnumberxxx akun ovo karena ada xxxnumberxxx no smartphone , bisa nggak cek saldo ovo cukup di xxxnumberxxx smartphone aja .","“Halo, bisa tolong cek saldo Ovo saya ya? Karena punya akun Ovo pakai nomor smartphone xxxnumberxxx, kok bisa saldo cuma cukup di satu smartphone aja?”",False,483,4300241,43,"[""selamat malam . mohon saya diberi informasi . paket saya sejak tanggal xxxnumberxxx tertahan dengan status itu dan belum terkirim sampai sekarang . ada apa ?"", ""sudah xxxnumberxxx hari , status belum juga berubah admin . tadi sudah telepon qc katanya cuma disuruh menunggu ."", ""sore admin . ini ada keluhan nomor saya , pulsa terpotong terus . padahal tidak berlangganan paket apapun . tolong diperiksa min + xxxnumberxxx xxxnumberxxx - xxxnumberxxx - xxxnumberxxx ."", ""grab paket hemat saya billingnya itu tanggal xxxnumberxxx juli xxxnumberxxx . sekarang sudah agustus mengapa subscribe - nya masih aktif ?"", ""dear indosat , saya mau isi paket , tetapi mengapa tidak bisa ya ? sudah sejak jam xxxtimexxx tadi pulsa sudah masuk tetapi tidak bisa aktif .""]",False,5,1744,35,False,151
google/gemma-3-4b-it,informal,formal,centroid,N/A,min tolong dm sy di folow up,"“Hai, tolong bantu *follow up* aku ya.”",False,485,4300242,43,"[""selamat malam . mohon saya diberi informasi . paket saya sejak tanggal xxxnumberxxx tertahan dengan status itu dan belum terkirim sampai sekarang . ada apa ?"", ""sudah xxxnumberxxx hari , status belum juga berubah admin . tadi sudah telepon qc katanya cuma disuruh menunggu ."", ""sore admin . ini ada keluhan nomor saya , pulsa terpotong terus . padahal tidak berlangganan paket apapun . tolong diperiksa min + xxxnumberxxx xxxnumberxxx - xxxnumberxxx - xxxnumberxxx ."", ""grab paket hemat saya billingnya itu tanggal xxxnumberxxx juli xxxnumberxxx . sekarang sudah agustus mengapa subscribe - nya masih aktif ?"", ""dear indosat , saya mau isi paket , tetapi mengapa tidak bisa ya ? sudah sejak jam xxxtimexxx tadi pulsa sudah masuk tetapi tidak bisa aktif .""]",False,5,1627,15,False,39
google/gemma-3-4b-it,informal,formal,centroid,N/A,saya juga gitu udah di dm di tweet juga tapi gak fi gubris taik,"“aku juga gitu, udah DM di Twitter juga nggak direspons.”",False,487,4300243,43,"[""selamat malam . mohon saya diberi informasi . paket saya sejak tanggal xxxnumberxxx tertahan dengan status itu dan belum terkirim sampai sekarang . ada apa ?"", ""sudah xxxnumberxxx hari , status belum juga berubah admin . tadi sudah telepon qc katanya cuma disuruh menunggu ."", ""sore admin . ini ada keluhan nomor saya , pulsa terpotong terus . padahal tidak berlangganan paket apapun . tolong diperiksa min + xxxnumberxxx xxxnumberxxx - xxxnumberxxx - xxxnumberxxx ."", ""grab paket hemat saya billingnya itu tanggal xxxnumberxxx juli xxxnumberxxx . sekarang sudah agustus mengapa subscribe - nya masih aktif ?"", ""dear indosat , saya mau isi paket , tetapi mengapa tidak bisa ya ? sudah sejak jam xxxtimexxx tadi pulsa sudah masuk tetapi tidak bisa aktif .""]",False,5,1662,16,False,57
google/gemma-3-4b-it,informal,formal,centroid,N/A,sy penumpang terpilih daerah semarang ? hehehe,"""Halo, Bapak/Ibu penumpang dari Semarang?""",False,489,4300244,43,"[""selamat malam . mohon saya diberi informasi . paket saya sejak tanggal xxxnumberxxx tertahan dengan status itu dan belum terkirim sampai sekarang . ada apa ?"", ""sudah xxxnumberxxx hari , status belum juga berubah admin . tadi sudah telepon qc katanya cuma disuruh menunggu ."", ""sore admin . ini ada keluhan nomor saya , pulsa terpotong terus . padahal tidak berlangganan paket apapun . tolong diperiksa min + xxxnumberxxx xxxnumberxxx - xxxnumberxxx - xxxnumberxxx ."", ""grab paket hemat saya billingnya itu tanggal xxxnumberxxx juli xxxnumberxxx . sekarang sudah agustus mengapa subscribe - nya masih aktif ?"", ""dear indosat , saya mau isi paket , tetapi mengapa tidak bisa ya ? sudah sejak jam xxxtimexxx tadi pulsa sudah masuk tetapi tidak bisa aktif .""]",False,5,1645,12,False,42
google/gemma-3-4b-it,informal,formal,centroid,N/A,mana jawaban dari dm pict bukti yg sudah saya kirim ?,“Di mana tanggapan atas DM bukti yang sudah saya kirim?”,False,491,4300245,43,"[""selamat malam . mohon saya diberi informasi . paket saya sejak tanggal xxxnumberxxx tertahan dengan status itu dan belum terkirim sampai sekarang . ada apa ?"", ""sudah xxxnumberxxx hari , status belum juga berubah admin . tadi sudah telepon qc katanya cuma disuruh menunggu ."", ""sore admin . ini ada keluhan nomor saya , pulsa terpotong terus . padahal tidak berlangganan paket apapun . tolong diperiksa min + xxxnumberxxx xxxnumberxxx - xxxnumberxxx - xxxnumberxxx ."", ""grab paket hemat saya billingnya itu tanggal xxxnumberxxx juli xxxnumberxxx . sekarang sudah agustus mengapa subscribe - nya masih aktif ?"", ""dear indosat , saya mau isi paket , tetapi mengapa tidak bisa ya ? sudah sejak jam xxxtimexxx tadi pulsa sudah masuk tetapi tidak bisa aktif .""]",False,5,1652,17,False,56
google/gemma-3-4b-it,informal,formal,centroid,N/A,wooy gak ada tanggepan apa nih !,"“Halo, kok nggak ada balasan ya?”",True,493,4300246,43,"[""selamat malam . mohon saya diberi informasi . paket saya sejak tanggal xxxnumberxxx tertahan dengan status itu dan belum terkirim sampai sekarang . ada apa ?"", ""sudah xxxnumberxxx hari , status belum juga berubah admin . tadi sudah telepon qc katanya cuma disuruh menunggu ."", ""sore admin . ini ada keluhan nomor saya , pulsa terpotong terus . padahal tidak berlangganan paket apapun . tolong diperiksa min + xxxnumberxxx xxxnumberxxx - xxxnumberxxx - xxxnumberxxx ."", ""grab paket hemat saya billingnya itu tanggal xxxnumberxxx juli xxxnumberxxx . sekarang sudah agustus mengapa subscribe - nya masih aktif ?"", ""dear indosat , saya mau isi paket , tetapi mengapa tidak bisa ya ? sudah sejak jam xxxtimexxx tadi pulsa sudah masuk tetapi tidak bisa aktif .""]",False,5,1631,11,False,33
google/gemma-3-4b-it,informal,formal,centroid,N/A,saya lg pesen grabfood trus app nya lemot bgt dan saya gabisa hubungin driver nya . gimana nih ?,"“Halo, aplikasi Grab saya jadi lambat banget dan saya nggak bisa hubungi driver. Tolong bantu ya?”",True,495,4300247,43,"[""selamat malam . mohon saya diberi informasi . paket saya sejak tanggal xxxnumberxxx tertahan dengan status itu dan belum terkirim sampai sekarang . ada apa ?"", ""sudah xxxnumberxxx hari , status belum juga berubah admin . tadi sudah telepon qc katanya cuma disuruh menunggu ."", ""sore admin . ini ada keluhan nomor saya , pulsa terpotong terus . padahal tidak berlangganan paket apapun . tolong diperiksa min + xxxnumberxxx xxxnumberxxx - xxxnumberxxx - xxxnumberxxx ."", ""grab paket hemat saya billingnya itu tanggal xxxnumberxxx juli xxxnumberxxx . sekarang sudah agustus mengapa subscribe - nya masih aktif ?"", ""dear indosat , saya mau isi paket , tetapi mengapa tidak bisa ya ? sudah sejak jam xxxtimexxx tadi pulsa sudah masuk tetapi tidak bisa aktif .""]",False,5,1695,25,False,98
google/gemma-3-4b-it,informal,formal,centroid,N/A,min ni pas mau bayar kok gak bisa ya ? tulisannya web temporary down . di back juga gak bisa . musti restart hape .,"“Halo, kok pas mau bayar nggak bisa ya? tulisannya web sementara down. di back juga nggak bisa. harus restart HP.”",False,497,4300248,43,"[""selamat malam . mohon saya diberi informasi . paket saya sejak tanggal xxxnumberxxx tertahan dengan status itu dan belum terkirim sampai sekarang . ada apa ?"", ""sudah xxxnumberxxx hari , status belum juga berubah admin . tadi sudah telepon qc katanya cuma disuruh menunggu ."", ""sore admin . ini ada keluhan nomor saya , pulsa terpotong terus . padahal tidak berlangganan paket apapun . tolong diperiksa min + xxxnumberxxx xxxnumberxxx - xxxnumberxxx - xxxnumberxxx ."", ""grab paket hemat saya billingnya itu tanggal xxxnumberxxx juli xxxnumberxxx . sekarang sudah agustus mengapa subscribe - nya masih aktif ?"", ""dear indosat , saya mau isi paket , tetapi mengapa tidak bisa ya ? sudah sejak jam xxxtimexxx tadi pulsa sudah masuk tetapi tidak bisa aktif .""]",False,5,1714,30,False,114
google/gemma-3-4b-it,informal,formal,centroid,N/A,"terima kasih sudah followup , saya sudah sering chat tidak ada balasan","“udah lama banget, nggak ada balasan chat. kok bisa?”",False,499,4300249,43,"[""selamat malam . mohon saya diberi informasi . paket saya sejak tanggal xxxnumberxxx tertahan dengan status itu dan belum terkirim sampai sekarang . ada apa ?"", ""sudah xxxnumberxxx hari , status belum juga berubah admin . tadi sudah telepon qc katanya cuma disuruh menunggu ."", ""sore admin . ini ada keluhan nomor saya , pulsa terpotong terus . padahal tidak berlangganan paket apapun . tolong diperiksa min + xxxnumberxxx xxxnumberxxx - xxxnumberxxx - xxxnumberxxx ."", ""grab paket hemat saya billingnya itu tanggal xxxnumberxxx juli xxxnumberxxx . sekarang sudah agustus mengapa subscribe - nya masih aktif ?"", ""dear indosat , saya mau isi paket , tetapi mengapa tidak bisa ya ? sudah sejak jam xxxtimexxx tadi pulsa sudah masuk tetapi tidak bisa aktif .""]",False,5,1669,16,False,53
