model_id,original_style,style_target,retrieval_method,alpha,original_message,paraphrased_message,is_human_eval,sample_index,sample_seed,run_seed,retrieved_exemplars,retrieval_fallback,n_exemplars,prompt_chars,output_tokens,eos_reached,output_chars
google/gemma-3-4b-it,informal,formal,random,N/A,halo selamat malam mau konfirmasi bisa gak kita melakukan pembatalan pesanan tanpa power merchantnya harus dicabut . karena ini kebetulan saya ( konsumen ) yang mau membatalkan,"“iya , kok bisa sih ? pengen batalkan pesanan nih , tapi power merchantnya gak dicabut , ya ?”",False,1,4400000,44,"[""akun virtual bca sedang bersalahkah , admin ?"", ""kak , tadi coba mau beli pulsa telkomsel xxxnumberxxx xxxnumberxxx xxxnumberxxx k , tapi kenapa dibatalkan terus ? apa stoknya lagi kosong ?"", ""bca mobile sudah berjalan dengan baik di android xxxnumberxxx per update hari ini . terima kasih ."", ""sudah masuk email , pemberitahuannya . disuruh cek lagi , tetap saldo tidak berubah . tapi sudahlah tak mengapa ."", ""iya . padahal sisa kuota masih cukup . xxxnumberxxx g + padahal .""]",False,5,1498,27,False,94
google/gemma-3-4b-it,informal,formal,random,N/A,"min , tolong di menu favorite , agar barang bisa di filter seperti pada menu pencarian barang lainnya , bisa disortir harga , jasa pengiriman dll","“Eh, Min, tolong di-favorit ya, biar barangnya bisa difilter kayak di menu pencarian barang gitu, bisa disortir harga, jasa kirim, lah gitu.”",False,3,4400001,44,"[""ok baik kak bella . terima kasih atas bantuannya ."", ""ada yang pernah dapat tidak ikutan ini ? perasaan saya sangat cepat tapi sudah habis saja semua ."", ""halo , tolong cek dm . penting ."", ""tolong hentikan sms xxxnumberxxx ke nomor saya xxxnumberxxx . mengurangi pulsa saya ."", ""enak banget parah . kalau aku , jangankan mendapatkan kuota . yang ada justru sering ketarik pulsanya .""]",False,5,1373,43,False,141
google/gemma-3-4b-it,informal,formal,random,N/A,pembelian paket internet malam kok ga bisa ya min ?,"“Paket internet malemnya kok nggak jalan sih, min?”",False,5,4400002,44,"[""tanya saja pasien - pasien bpjs yang marah - marah hari ini . saya kenyang sekali dimarahi gara - gara \"" bpjs yang merepotkan ."", ""intinya telkomsel tidak mau susah . terima masuk saja . seperti itu lah ."", ""ini masih gangguan sinyal xxxnumberxxx g . tidak bisa aktif datanya ?"", ""transaksi xxxnumberxxx sudah diterima tanggal xxxnumberxxx jam xxxnumberxxx siang . harap segera diremit dananya ."", ""kecepatannya saja menurun , sangat tidak stabil padahal tersambung xxxnumberxxx g + .""]",False,5,1380,15,False,51
google/gemma-3-4b-it,informal,formal,random,N/A,transaksi xxxnumberxxx . pembeli meminta kami untuk membatalkan transaksi ini . mohon bantuannya,"""transaksi nomor xxxnumberxxx . pembeli minta batalin transaksi ini dong . tolong bantu ya""",False,7,4400003,44,"[""blacklist saja ini toko kalau seperti ini hahaha ."", ""kode promonya ada di televisi . di rumah selebriti ."", ""turun peringkat , setiap kali pertempuran tim , pingnya langsung merah ."", ""aku tunggu klarifikasinya ya , wahai xxxuserxxx yang ( masih ) saya hormati ."", ""admin nomor resi jp xxxphonexxx mengapa belum dikirim - kirim dari hari sabtu ?""]",False,5,1287,24,False,91
google/gemma-3-4b-it,informal,formal,random,N/A,enak ae . iku subscription ku yo . bayar bulanan . masalahnya yg gaada nasi . gimana cara makannya we . kalo sayur asem yg ada gpp ikhlas -_-,"admin . kenapa subscription aku gini . bayar bulanan . tapi gak ada nasi . gimana cara nyantol . kalo sayur asem yg ada yaudah , syukur rejeki - rejeki",False,9,4400004,44,"[""halo admin . mohon dicek untuk paket dengan nomor resi di bawah ini . sudah xxxnumberxxx hari masih di situ - situ saja . darurat soalnya . terima kasih ."", ""admin . kalau lupa akun shopee bagaimana ? aku daftar lagi tetapi tidak bisa shopeepay karena sudah terdaftar . jadi bagaimana ?"", ""jp xxxphonexxx admin , tolong ini paket saya tidak sampai - sampai , padahal pengiriman sesama jakarta bisa xxxnumberxxx hari ."", ""mengapa tidak ada sinyal ini ?"", ""kantor pos pulo gadung buka sampai jam berapa ? saya ingin melakukan pembayaran .""]",False,5,1522,41,False,151
google/gemma-3-4b-it,informal,formal,random,N/A,"receiver tidak di rumah saat paket tiba , sprinter tsb ga ada konfirmasi ke receiver sama sekali . ga ada telepon . padahal sopnya begitu kan ? ( xxxnumberxxx )","“receiver gak ada di rumah pas paket dateng, sprinternya gak ngasih tau ke receiver sama sekali. gak ada telepon. padahal sopnya gitu kan? (xxxnumberxxx)”",False,11,4400005,44,"[""eh salah admin , maksudnya a hahaha ."", ""mengapa error terus , hanya sekali tahu tap nya ."", ""saya gagal dan kuota saya tidak ada . itu bukan hanya satu kali tetapi dua kali dan nominalnya xxxnumberxxx ."", ""sama seperti saya , pak . paket saya tidak saya terima . klaimnya tidak jelas kapan hasilnya . jangan tunggu ini menyebar !"", ""sering - sering seperti ini xxxuserxxx agar makin sayang aku .""]",False,5,1401,40,False,154
google/gemma-3-4b-it,informal,formal,random,N/A,"halo indosat lagi gangguan kah didaerah cileungsi , dari kemaren susah sinyal","“Halo Indosat, ada gangguan di Cileungsi dari kemarin sinyalnya susah banget.”",True,13,4400006,44,"[""kalau sudah minta kode otp sudah pasti xxxpercentxxx penipuan , langsung matikan hp atau maki - maki penelponnya ."", ""admin tolong cek dm . terima kasih ."", ""xxxnumberxxx hari xxxnumberxxx gb youtube hanya berkurang xxxnumberxxx xxxnumberxxx mb , karena memang tidak jalan , loading saja terus . emosi di jiwa ."", ""tadi barusan habis pakai aplikasi sebelah ."", ""admin . untuk resi jp xxxphonexxx , estimasinya berapa hari sampai ?""]",False,5,1352,23,False,78
google/gemma-3-4b-it,informal,formal,random,N/A,"haloo , min mau tanya dong kenapa yaa setiap jam segini internet xxxnumberxxx g aku gabisa internetan padahal jaringanya bagus . boleh tolong bantuanya ?","“halo, kok bisa gitu? internetnya lemot tiap jam segini, padahal sinyalnya bagus.”",True,15,4400007,44,"[""bca mobile sudah berjalan dengan baik di android xxxnumberxxx per update hari ini . terima kasih ."", ""masih tidak bisa . hilang terus jaringannya dari tadi ."", ""akun saya ditangguhkan karena saya cancel terus . padahal saya sedang buru - buru dan dapatnya pengemudi ganjil terus di hari yang genap . mohon dm saya ."", ""pacar , sudah membuat sayang , menghilangnya cepat ."", ""kira - kira berapa lama prosesnya ? saya mengajukan kemarin , kira - kira kapan saya bisa mendapatkan notifikasinya ?""]",False,5,1490,25,False,82
google/gemma-3-4b-it,informal,formal,random,N/A,aku udah jelaskan panjang lebar di dmnya doi,“udah jelasin detailnya di DM dia.”,True,17,4400008,44,"[""hal apa yang lebih cepat dari gundala ? ketika pengemudi dan costumer service sama - sama mengirim pesan \"" okay ."", ""boikot saja indosat jika masih suka mengambil pulsa pelanggan ."", ""bego hahaha . saya cek gojek lebih murah . kita coba lihat besok pagi . hahaha ."", ""tolong demi apapun , tolong tambahkan voucher diskon btsxlazada lagi . malam ini saja . jiwa miskin saya meronta - ronta ini ."", ""wilayah pontianak abang dari xxxnumberxxx menjadi xxxnumberxxx .""]",False,5,1351,12,False,35
google/gemma-3-4b-it,informal,formal,random,N/A,percuma ! itu² saja jawabannya . tidak membantu sama sekali !,"""tidak ada gunanya, jawaban itu saja sudah cukup mengecewakan, sama sekali tidak memberikan solusi.""",False,19,4400009,44,"["": seberapa kamu ? : barusan order grabbike : terus ? : setelah klik order langsung menunggu di depan rumah ."", ""parah sekali xxxuserxxx , tetapi baik selalu memberi diskon ."", ""salah satu cerdikiawan tetapi disayangkan memakai plastik . bagaimana ini ? xxxuserxxx dan para ibu ."", ""di antara ini , adakah koresponden bank untuk cimb niaga dan sebaiknya yang mana yang saya gunakan ?"", ""admin , tolong dibantu periksa resi xxxnumberxxx , sudah xxxnumberxxx hari tidak ada pergerakan .""]",False,5,1389,24,False,100
google/gemma-3-4b-it,informal,formal,random,N/A,udah tak dm ya boleh di cek aja,"dm ya, cek aja nih.",False,21,4400010,44,"[""tadi ke bank xxxuserxxx . terus , tidak ada apa - apa . justru dipaksa buka tabungan anak sekolah ."", ""ikon fitur asuransi linkaja di nomor xxxnumberxxx ."", ""hujan , hilang sinyalnya xxxuserxxx . hujan , matilah dia xxxuserxxx . kompak ya ."", ""xxxdatexxx hari kedepan bukan ? tidak lebih dari xxxnumberxxx hari , bagaimana ?"", ""admin , saya mau bertanya . ini kalau menabung emas di tokopedia , nanti bisa minta barang fisiknya tidak ?""]",False,5,1311,9,False,19
google/gemma-3-4b-it,informal,formal,random,N/A,ketika ema nyuru beli belanjaan ke warung,"“pas ema dateng beliin belanjaan ke warung, ya?”",False,23,4400011,44,"[""hai admin . saya baru saja memperbaharui aplikasi bri mobile . saat mau masuk ke internet banking , mengapa muncul aktivasi ? bisa tolong dibantu ?"", ""selesai jam ? tolong cepat mama ammy , salam buat rafatar ."", ""bagaimana cara dmnya kak ? nomor saya xxxnumberxxx ."", ""kode promonya ada di televisi . di rumah selebriti ."", ""nah betul , aov juga sama . kartu ini memang tidak ada solusinya . saya lelah memberi data terus - menerus lewat dm . solusi yang diberikan seperti template .""]",False,5,1370,17,False,48
google/gemma-3-4b-it,informal,formal,random,N/A,kok tau ! kamu mata - matai aku ya !,"""kok ngerti sih, beneran ngedoongin gue ya?!""",False,25,4400012,44,"[""kak , paket nomor resi ini xxxnumberxxx sudah sampai di mana ?"", ""ke supermall karawaci untuk upgrade ovo . saat sudah balik dapat email ovo premier ditolak . wtf ?"", ""belum ada promo lagi . bisa - bisa ganti operator jika seperti ini ."", ""gimana dana ? akun saya sudah hampir sebulan tidak pulih - pulih . berpuluh - puluh spin zonk semua selama sebulan ini ."", ""dikira serius , ku hapus juga ini aplikasi .""]",False,5,1289,18,False,45
google/gemma-3-4b-it,informal,formal,random,N/A,hai indosat kenapa pulsa saya kesedot,"“halo indosat , kenapa pulsa saya terus berkurang ya ?”",False,27,4400013,44,"[""bos , hari keberapa ini tidak kunjung masuk kuota saya ? saya sudah cukup sabar ya bos !"", ""admin , mohon periksa dm . ditunggu balasannya . terima kasih ."", ""sudah di coba tapi masih tidak bisa . cek dm ."", ""ke grapari niatnya ingin mengganti sim ke xxxnumberxxx g . eh , antriannya habis . saat pulang ditawarin nomor sama tukang parkir . bagaimana itu ?"", ""malam , koneksi telkomsel semakin lama semakin buruk bukan membaik , sudah seminggu lebih seperti ini , jadi bagaimana solusi terbaik ?""]",False,5,1377,17,False,55
google/gemma-3-4b-it,informal,formal,random,N/A,tfr ke rek rdn dari jum ' at siang sampe sekarang belum masuk juga help,"“Tfr ke rekening RDN dari jam siang jumat sampai sekarang belum masuk juga, tolong bantu ya.”",False,29,4400014,44,"[""gampang sekali ternyata menjadi mitra bonstri . tidak percaya ? saya kasih caranya ."", ""selamat malam , admin . saya ingin melaporkan penipuan online yang terjadi pada saya kemarin . apakah bisa diproses ? terima kasih atas perhatiannya ."", ""hai xxxuserxxx . tolong periksa dm saya . terima kasih !"", ""maaf kakak . sebabnya sering memakai jne , kukira jne . ok kakak . have a nicr day to you ."", ""tadi ke bank xxxuserxxx . terus , tidak ada apa - apa . justru dipaksa buka tabungan anak sekolah .""]",False,5,1412,25,False,93
google/gemma-3-4b-it,informal,formal,random,N/A,"oh iyaa . pak eko , kalo xxxuserxxx gue pake modem andromax nya , lumayan kenceng internetan dan jaringan uda xxxnumberxxx g lte pula","“eh, Pak Eko, modem Andromax gue lumayan kenceng internetnya, jaringan juga udah 345 g LTE pula.”",False,31,4400015,44,"[""malas menghitungnya . banyak pelanggan mengalami hal yang sama , kami berinisiatif akan beralih ke yang lain saja ."", ""kenapa seharian ini tidak bisa pesan gocar di kota baru , jawa timur ?"", ""bang / mpok xxxuserxxx , indosat mengapa upload - nya jelek banget ? diomelin terus ini main counter - strike ."", ""maaf tapi saya masih bermasalah lagi ."", ""di bulan september ini semoga xxxuserxxx dan xxxuserxxx memberikan promo .""]",False,5,1402,32,False,97
google/gemma-3-4b-it,informal,formal,random,N/A,"gojek sepersepuluh hidupku , makasih gojek telah membawaku keluar dari zona nyaman","""gojek, sepuluh persen dari hidupku, makasih gojek udah bawa aku keluar dari zona nyaman""",False,33,4400016,44,"[""xtra kuota kenapa tidak ada di aplikasi ?"", ""mengambil saldo tidak masuk - masuk ke bri saya ."", ""ha sungwoon , red velvet , tiffany , young kyuhyun"", ""halo admin , bagaimana kalau paket saya misroute ?"", ""pengembalian saldo karena gagal penarikan membutuhkan waktu berapa lama ? saya sudah melaporkan xxxnumberxxx hari kerja sampai sekarang masih proses ditindaklanjuti terus .""]",False,5,1305,25,False,89
google/gemma-3-4b-it,informal,formal,random,N/A,tolong dong udah xxxnumberxxx xxxnumberxxx x kayagini . kenapa ya ?,halo admin . kenapa ya udah xxxnumberxxx xxxnumberxxx x kayagini ?,False,35,4400017,44,"[""halo , saya top up grab ovo lewat atm barusan , tapi kenapa belum masuk ?"", ""halo ! kenapa resi wahana tidak update di history pengirimannya ?"", ""besok dipanggil lagi ke bpsk ? tidak ada malu itu memang tidak ada batasnya ."", ""sudah xxxnumberxxx x24 jam transaksi pengisian pulsa pada tanggal xxxnumberxxx agustus xxxnumberxxx pukul xxxnumberxxx tetapi belum masuk juga ya admin ?"", ""hai admin . mohon bantu untuk hapus akun gojek saya yang lama . terima kasih .""]",False,5,1374,17,False,66
google/gemma-3-4b-it,informal,formal,random,N/A,ada di nomor xxxnumberxxx yuk kawan ikutan : xxxuserxxx xxxuserxxx xxxuserxxx done follow sosial media xxxuserxxx semoga beruntung,"xxxnumberxxx, yuk ikutan? xxxuserxxx, xxxuserxxx, xxxuserxxx udah done follow sosial media, semoga menang!",False,37,4400018,44,"[""besok dipanggil lagi ke bpsk ? tidak ada malu itu memang tidak ada batasnya ."", ""nomor transaksi saya xxxnumberxxx . saya sudah tunggu xxxnumberxxx hari tapi dana tidak balik - balik . duitnya tidak sedikit . tanggung jawab . mengapa dana orang ditahan - tahan ?"", ""lambat sekali . xxxnumberxxx g rasa xxxnumberxxx g . mohon diperbaiki jaringannya . mengadu ke customer service hanya kasih saran yang itu - itu saja ."", ""selesai jam ? tolong cepat mama ammy , salam buat rafatar ."", ""yang lebih cepat dari gundala ? kalau aku : ketika bilang tidak saat suami mau beli mainan baru .""]",False,5,1556,30,False,106
google/gemma-3-4b-it,informal,formal,random,N/A,min xxxuserxxx ini kenapa sinyalku daritadi g terus ya ? tolong min cuman bisa bergantung sm wifi nih heu,"""halo min . sinyalnya lama banget dari tadi . ya min , cuma bisa pake wifi aja nih .""",False,39,4400019,44,"[""biasanya cepat . mengapa ini lama ya mas ? apa lagi trouble sistemnya ?"", ""halo admin . mohon dicek untuk paket dengan nomor resi di bawah ini . sudah xxxnumberxxx hari masih di situ - situ saja . darurat soalnya . terima kasih ."", ""walah malah lambat pakai vpn ."", ""ini twitter yang error apa sinyal saya yang error ? saya ig , yt , wa bisa , tapi untuk twitter sama ml tidak bisa ."", ""halo admin . saldo ovo tidak muncul di grab . padahal nomor hp sudah sama . tolong cek dm admin .""]",False,5,1434,24,False,85
google/gemma-3-4b-it,informal,formal,random,N/A,"dicoba nugget nya sosisnya , sapatau mau endorse","""coba nugget sosisnya, kira-kira mau endorse?""",False,41,4400020,44,"[""mau jajan aset / saham xxxuserxxx xxxnumberxxx ribu dapat berapa persen ?"", ""ini xxxuserxxx lambat sekali xxxnumberxxx g - nya ."", ""menyerbu tempat makan kalau sedang lapar ."", ""sudah xxxnumberxxx x24 jam transaksi pengisian pulsa pada tanggal xxxnumberxxx agustus xxxnumberxxx pukul xxxnumberxxx tetapi belum masuk juga ya admin ?"", ""apa yang dinilai ? kecepatan ngunyah ?""]",False,5,1266,16,False,46
google/gemma-3-4b-it,informal,formal,random,N/A,"kalo mau request insta cash , telepon ke halo bca yak ? ada requirement kah ?","“kok aku gak pernah dapat notifikasi diskon gila-gilaan tuh, di Halo BCA nya?”",False,43,4400021,44,"[""untungnya aku download aplikasi gojek hahaha , terima kasih ."", ""maaf admin , nomor saya tidak bisa dipakai internet , nelpon , dll . mohon ditanggapi dm saya ."", ""admin , kenapa jaringan selalu hidup mati ? harus pindah - pindah apn baru tersambung ."", ""provider ini isinya hanya orang jahat yang hanya menipu konsumen - konsumennya dengan alasan dm agar konsumen lain tidak tahu . kenapa harus dm , bodoh ! xl ?"", ""mengapa aku tidak pernah dapat notifikasi diskon gila - gilaan ?""]",False,5,1403,24,False,78
google/gemma-3-4b-it,informal,formal,random,N/A,bakaar terooss sampe abis tu duit,"""Uuh, habisnya saya bakar semua uangnya tuh!""",True,45,4400022,44,"[""segera kirim pesanan saya sudah lewat dari batas waktu ."", ""kategori fitur bpjs kesehatan berada di a ."", ""pelayanan untuk pelanggan sangat ramah . tapi saya mau bertanya . potongan kuota xxxnumberxxx xxxnumberxxx mb itu untuk donasi apakah ?"", ""selamat malam . ini kenapa ? mohon info . terima kasih ."", ""masalahnya , akun driver bisa - bisanya kena bajak . tidak ada pilihan membatalkan karena itu yang membuat mbak ini tertipu , bang jek !""]",False,5,1320,15,False,45
google/gemma-3-4b-it,informal,formal,random,N/A,iyah sudah tolong cek dm saya min,"admin , cek dm dong min .",True,47,4400023,44,"[""admin , yang paket internet malam hingga pukul xxxnumberxxx pagi itu yang jadi patokan xxxnumberxxx pagi wib atau xxxnumberxxx pagi waktu lokal pengguna ?"", ""eh salah admin , maksudnya a hahaha ."", ""sudah admin , tolong cek dm ."", ""admin , bagaimana ini ? kita warga twitter yang hobi rebahan menjadi bad mood karena sinyal susah . sinyal xxxnumberxxx g berasa xxxnumberxxx g malah e ."", "": seberapa kamu ? : barusan order grabbike : terus ? : setelah klik order langsung menunggu di depan rumah .""]",False,5,1375,8,False,25
google/gemma-3-4b-it,informal,formal,random,N/A,miinn paketan aku gabisa mulu mau sampe kapan ini mau ngerjain tugas jadi gabisaa,“paketku kenapa nggak bisa ya sampe kapan ini nggunain tugasnya jadi nggak bisa”,False,49,4400024,44,"[""ha sung woon , red velvet , tiffany hwang , kyuhyun ."", ""masalahnya ngarak hanya ke gedung sebelah . tidak terasa hahahaha . kecuali araknya dari gor unair ke pens , baru terasa ."", ""fitur bayar bpjs terdapat pada gambar a , yaitu fitur asuransi ."", ""ini paket mengapa gagal kirim admin ?"", ""monopoli dom aku mengapa tidak ada admin ?""]",False,5,1260,22,False,80
google/gemma-3-4b-it,informal,formal,random,N/A,"bukan saya mba , saya pengguna setia telkomsel . coba mba cek tweet temen saya","“Bukan saya, ini lihat tweet teman saya, nih.”",False,51,4400025,44,"[""terima kasih xxxuserxxx , khususnya mbak devi karyawan xl center cibinong city mall yang sudah membereskan masalahnya ."", ""baik , saya masih di depan mesin atm ."", ""baru saja saya membeli barang di tokopedia dan tidak bisa dibatalkan , bisa tolong dibatalkan pesanan saya inv / xxxnumberxxx / xix / ix / xxxnumberxxx ?"", ""ini titiknya hanya beda xxxnumberxxx meter , beda harga lumayan hahaha xxxuserxxx . bagaimana ?"", ""admin , kenapa saya tidak bisa sms ? saya mau konfirmasi pembelian paket selalu gagal smsnya dari tadi .""]",False,5,1448,15,False,46
google/gemma-3-4b-it,informal,formal,random,N/A,"chat aja ul , pilih di menu pusat bantuan","halo ul , coba chat ke pusat bantuan ya , pilih di menu yang tersedia.",True,53,4400026,44,"[""ingin bertanya ke xxxuserxxx tentang grab wheelsnya , ini ditujukan untuk commuting dari satu parking spot ke parking lainnya ? atau untuk round trip ?"", ""admin tolong cek dm . terima kasih ."", ""baik , saya masih di depan mesin atm ."", ""halo admin , barang saya sejak tanggal xxxdatexxx sudah di jakarta , tetapi tidak sampai - sampai . admin tolong diperiksa ."", ""fyi , android xxxnumberxxx baru saja launch tanggal xxxdatexxx kemarin . dan hampir semua aplikasi banking tidak support .""]",False,5,1373,17,False,70
google/gemma-3-4b-it,informal,formal,random,N/A,lagi eror bukan ? kok mau cari barang ga bisa mulu,"""lagi error gak sih ini? kok mau nyari barang gak bisa ya?""",False,55,4400027,44,"[""kira - kira berapa lama prosesnya ? saya mengajukan kemarin , kira - kira kapan saya bisa mendapatkan notifikasinya ?"", ""siap . mas xxxuserxxx kalau bisa sebelum xxxnumberxxx jam tolong dicek . lagi urgent perlu nelpon ."", ""fotonya sama dengan yang punya ktp atau kita yang foto sama ktp lainnya , admin ?"", ""hati - hati bang , di depan ada jurang . nanti jatuh kita terjun . sakit neng ."", ""mengapa tidak ada sinyal ini ?""]",False,5,1317,19,False,59
google/gemma-3-4b-it,informal,formal,random,N/A,fitur asuransi link aja ada di nomor xxxnumberxxx . kuy ramaikan .,"“fitur asuransi link ada di nomor xxxnumberxxx , yuk ramaikan .”",True,57,4400028,44,"[""pulpen ditaruh meja depan mata hilang diambil teman ."", ""selamat pagi xxxuserxxx , saya punya m - card dan satu x - card , untuk transaksi gratisnya apakah setiap kartu mendapat kuota masing - masing atau diakumulasikan di kedua kartu ?"", ""bagaimana ini ? seharian tidak bisa , pulsa terpotong terus ."", ""admin . untuk resi jp xxxphonexxx , estimasinya berapa hari sampai ?"", ""tolong ka nas , kasihan tidak ada yang chat ini admin .""]",False,5,1343,20,False,64
google/gemma-3-4b-it,informal,formal,random,N/A,"kontak aja ke adminnya xxxuserxxx oom , mungkin bisa dibantu","admin , coba hubungi xxxuserxxx oom , mungkin bisa di bantu.",False,59,4400029,44,"[""ha sung woon , red velvet , tiffany young , kyu hyun . sini merapat nak ."", ""halo , tolong respons dm saya ."", ""kenapa seharian ini tidak bisa pesan gocar di kota baru , jawa timur ?"", ""admin , informasinya jika upgrade kartu sim ke xxxnumberxxx g dapat bonus xxxnumberxxx giga selama xxxnumberxxx bulan ya ?"", ""saldo terpotong , tapi uang tidak keluar . ini sudah kali kedua saya melakukan penarikan tunai di atm .""]",False,5,1320,17,False,60
google/gemma-3-4b-it,informal,formal,random,N/A,yang terhormat indosat ini kenapa cek paketan isi voucher pakatan tidak bisa . tolong jawab . jangan jawab cuma hai hai hai kak terus,"“kok, kenapa sih cek paket isi voucher gak bisa ya? tolong dong jawab, jangan cuma bilang ‘hai hai’ terus.”",False,61,4400030,44,"[""ha sung woon , red velvet , tiffany hwang , kyuhyun ."", ""kak , tadi coba mau beli pulsa telkomsel xxxnumberxxx xxxnumberxxx xxxnumberxxx k , tapi kenapa dibatalkan terus ? apa stoknya lagi kosong ?"", ""kapan ini dikirimnya ? terlalu banyak transit dari cilandak ke depok padahal dekat ."", ""aku mau follow jika admin undang idol aku . jika tidak , aku tidak mau ."", ""terima kasih xxxuserxxx , khususnya mbak devi karyawan xl center cibinong city mall yang sudah membereskan masalahnya .""]",False,5,1462,29,False,107
google/gemma-3-4b-it,informal,formal,random,N/A,"baik kak dewa , silakan cek dm kembali","“Kak, cek DM bolak-balik dong, ya.”",False,63,4400031,44,"[""sekencang - kencangnya mantan incaran cewek yang baru sehabis putus , lebih kencang lagi admin twitter xxxuserxxx dan tim kreatifnya memanfaatkan konten viral dengan menjadikannya konten marketing ."", ""barusan bu , di rumah . aku tidak enak badan , jadi menggunakan go - food ."", ""halo , saya top up grab ovo lewat atm barusan , tapi kenapa belum masuk ?"", ""blacklist saja ini toko kalau seperti ini hahaha ."", ""mengapa bank bca belum ada di sibolga ?""]",False,5,1334,15,False,35
google/gemma-3-4b-it,informal,formal,random,N/A,cobain aja pake xxxuserxxx di mbd wan,"""cobain deh pake xxxuserxxx di mbd wan, cepetan!""",False,65,4400032,44,"[""halo admin xxxuserxxx minta tolong cek pesan ."", ""ini apa maksudnya status di hold ? goblok banget . ditunggu dari pagi ."", ""mohon dicek . mengapa sering limited access ? terhubung tapi tidak ada internet dan tidak ada pemberitahuan fup harian ."", ""sudah xxxnumberxxx hari , status belum juga berubah admin . tadi sudah telepon qc katanya cuma disuruh menunggu ."", ""kak pute sudah malam masih saja mengucapi kak kopir selamat siang .""]",False,5,1315,18,False,49
google/gemma-3-4b-it,informal,formal,random,N/A,"mohon maaf atas kesalahan penyebutan nama ibu novi . untuk email ibu akan kami tindaklanjuti , mohon kesediaanya menunggu . tks ~ toby","mohon maaf ya kak , email ibu novi bakal kita tindau , tunggu kesedianya aja . tks ~ toby",False,67,4400033,44,"[""lambat sekali . xxxnumberxxx g rasa xxxnumberxxx g . mohon diperbaiki jaringannya . mengadu ke customer service hanya kasih saran yang itu - itu saja ."", ""hai kak , terus pantau web kita dan jangan lupa follow xxxuserxxx juga . terima kasih sobat setia smartfren . mirza"", ""admin , sinyal saya udah balik lagi . senang banget . mau nangis ."", ""apakah bisa , memblokir nomor telepon dari pihak ovonya langsung ?"", ""iya mas ndang , dibenarkan ya . apalagi untuk airlangga kampus c , telkomsel lambat .""]",False,5,1478,27,False,89
google/gemma-3-4b-it,informal,formal,random,N/A,opini yang mana ? memang rokok itu mengerikan dan membunuh . titik .,"admin , kok gini sih ? rokok itu jahat banget , tau ngga sih . bener aja .",False,69,4400034,44,"[""selamat malam , admin . saya ingin melaporkan penipuan online yang terjadi pada saya kemarin . apakah bisa diproses ? terima kasih atas perhatiannya ."", ""admin . sudah xxxnumberxxx hari saya mau gofood , kenapa tidak mendapat driver terus - menerus ? apakah aplikasi gojek sedang error ?"", ""admin , tadi pesan grabfood dan tidak sengaja tertekan rating xxxnumberxxx . cara membalikannya bagaimana ? kasihan dengan bapaknya tidak tega ."", ""saya salah pilihan isi resi . harusnya otomatis dari si cepat , tapi saya sudah terlanjut bayar tunai . nomor resinya , apakah bisa dirubah ?"", ""sudah saya dm tetapi kenapa belum dijawab ?""]",False,5,1540,23,False,74
google/gemma-3-4b-it,informal,formal,random,N/A,same power mau pesen go - clean kok ga ada ya ?,“kok gak ada ya go clean yang power sama ?”,True,71,4400035,44,"[""coba cek ke website jnt langsung . kadang suka beda track di shopee dan di website ."", ""lumayan sekali dapat xxxnumberxxx gb hanya bayar rp xxxnumberxxx"", ""aku pelanggan yang pulsanya suka tiba - tiba hilang ."", ""bl1913pytauginv transaksi batal tapi saldo bl dan dana saya belum kembali . tolong diproses . terima kasih ."", ""seyakin apa admin sama aku ?""]",False,5,1245,13,False,43
google/gemma-3-4b-it,informal,formal,random,N/A,"dari tadi susah nggak dapat driver , kenapa sih ? nyusahin ya nggak ada respon pula ditanya .","“ane udah lama banget susah nemuin supir, kok ribet gini sih nggak ada balasan juga.”",False,73,4400036,44,"[""paket saya dengan nomor resi xxxnumberxxx dilaporkan oleh pihak jtr bandung bahwa barangnya hilang karena kapal terbakar . bagaimana ini ?"", ""malam , saya mau komplain . paket statusnya sudah sampai , tetapi saya belum menerimanya . mohon bantuannya . terima kasih ."", ""xxxnumberxxx . hari ini xxxnumberxxx . sribhawono lampung timur"", ""di busway dan tol bisa normal digunakan atau untuk naik komuter agak berbeda ? mohon infonya . sayang saldo flazz saya kalau dianggap kadaluarsa ."", ""boikot saja indosat jika masih suka mengambil pulsa pelanggan .""]",False,5,1488,24,False,85
google/gemma-3-4b-it,informal,formal,random,N/A,"malam , mohon infonya , apakah sedang ada gangguan di aplikasi mbanking bni ?","“malem, minta info, ada gangguan di aplikasi mbanking bni gak nih?”",False,75,4400037,44,"[""tidak . malas tidak ada kuota ."", ""bales dm kawan , dari pagi di - dm ."", ""segera kirim pesanan saya sudah lewat dari batas waktu ."", ""normal apanya admin ? sudah beberapa hari mati nyala terus . hari ini tidak tahu sudah berapa kali , tidak menghitung saking seringnya ."", ""maaf admin , ingin bertanya apakah benar ini nomor dari gojek ? + xxxnumberxxx .""]",False,5,1277,20,False,67
google/gemma-3-4b-it,informal,formal,random,N/A,"min , mohon bantuannya . tolong cek dm saya , terima kasih","“min , tolong bantu dong . cek dm aku ya , makasih banyak.”",False,77,4400038,44,"[""bang / mpok xxxuserxxx , indosat mengapa upload - nya jelek banget ? diomelin terus ini main counter - strike ."", ""kak , mohon maaf , sebelum bawa perasaan , sebaiknya periksa dm dari aku dahulu ."", ""kamu tidak mau berbagi kode promo apa !"", ""yang benar ? aku sudah ganti ponsel mahal untuk menuruti sinyal xl ini padahal ."", ""nomor transaksi xxxnumberxxx . barang belum dikirim melebihi batas kirim , dana belum masuk ke saldo bl saya .""]",False,5,1340,19,False,59
google/gemma-3-4b-it,informal,formal,random,N/A,"berkat dana xxxuserxxx dong , beli pulsa total xxxnumberxxx bayarnya cukup xxxnumberxxx . pulsa xxxnumberxxx langsung aku pake buat beli paket data tsel xxxnumberxxx gb .","""thanks banget dana xxxuserxxx, beli pulsa total xxxnumberxxx bayarnya lumayan xxxnumberxxx. pulsa xxxnumberxxx langsung gue pake buat beli paket data tsel xxxnumberxxx gb.""",False,79,4400039,44,"[""bisa di cek nomor resi ini . mengapa tidak valid lewat app jp xxxphonexxx ?"", ""sinyal xxxuserxxx jelek sekali . tidak di kos , tidak di mal jelek sekali ."", ""saya gagal dan kuota saya tidak ada . itu bukan hanya satu kali tetapi dua kali dan nominalnya xxxnumberxxx ."", ""halo xxxuserxxx . bagaimana caranya kontak driver untuk kirim paket same day xxxnumberxxx hours ? sama sekali tidak bisa mengirimkan . terima kasih ."", ""dengan aplikasi go - pay xxxuserxxx , go - jek xxxuserxxx berhasil masuk dalam daftar perusahaan yang dinilai berhasil merubah dunia . wow !""]",False,5,1579,44,False,173
google/gemma-3-4b-it,informal,formal,random,N/A,apakah paketan bhyplastic saya akan di lanjut otomatis apabila telah isi pulsa,"“Paket Bhyplastic lanjut otomatis kalau pulsa udah kehabisan, ya?”",False,81,4400040,44,"[""hal apa yang lebih cepat dari gundala ? ketika pengemudi dan costumer service sama - sama mengirim pesan \"" okay ."", ""pulsa saya berkurang xxxnumberxxx padahal tidak digunakan . saya mau beli paket jadi kurang , bagaimana ini ? xxxnumberxxx"", ""mengambil saldo tidak masuk - masuk ke bri saya ."", ""tanpa bermaksud menyinggung . tapi , diisikan go - pay secara tiba - tiba di hari go - pay payday , jadi bisa ikut merasakan cashbacknya akan benar - benar menyebalkan !"", ""ayo m - bca kolaborasi dengan kai agar makin mudah . lihat tampilan klikpay di handphone itu tidak nyaman .""]",False,5,1499,20,False,66
google/gemma-3-4b-it,informal,formal,random,N/A,kalo chips ny rusak emang masih bisa di isi saldo ? masih bisa ke detect pas cek sisa saldo ?,"wah, chipnya rusak, bisa diisi saldo lagi nggak sih? terus, pas cek sisa saldo, masih bisa deteteksi nggak ya?",False,83,4400041,44,"[""halo admin . mohon dicek untuk paket dengan nomor resi di bawah ini . sudah xxxnumberxxx hari masih di situ - situ saja . darurat soalnya . terima kasih ."", ""hujan saja sinyal hilang xxxuserxxx . bangkai !"", ""nah , sudah saya unreg namun seperti itu responnya . membuat bingung ."", ""ok . siap kak . terima kasih responnya , kak ."", ""lama sekali responsnya untuk masalah seperti ini saja .""]",False,5,1326,31,False,110
google/gemma-3-4b-it,informal,formal,random,N/A,"hi , mohon maaf atas ketidaknyamananya . kamu bisa message nomor dan pertanyaan terkait melalui twitter xxxuserxxx agar dapat dibantu ditindaklanjuti . semoga cukup membantu , terima kasih","eh maaf atasnya , bsalah ketik no n tny lewat twitter xxxuserxxx yaa , semoga bs bantu , thanks.",False,85,4400042,44,"[""cara aktifkan pay later - nya bagaimana , admin ? saya mau pakai di tokopedia ."", ""admin , minta naik gaji admin , ganti hp ."", ""produk yang saya pesan bocor sebelumnya saya terima . tanggal orderan xxxnumberxxx / xxxnumberxxx xxxnumberxxx saya ajukan refund dan apology voucher . yang apology langsung ditolak . xxxuserxxx ."", ""lagi gangguan tidak bisa telepon , sms , dan internet ."", ""eh salah admin , maksudnya a hahaha .""]",False,5,1458,28,False,96
google/gemma-3-4b-it,informal,formal,random,N/A,bagaimana cara menghapus akun gojek ? trims,"""cara hapus akun gojek gimana ya? thanks""",False,87,4400043,44,"[""bales dm admin , sudah xxxnumberxxx hari tidak dibalas ."", ""selamat hari minggu admin . kalau mau bayar tiket kereta dari go - mobile bagaimana ?"", ""nomor transaksi xxxnumberxxx . barang belum dikirim melebihi batas kirim , dana belum masuk ke saldo bl saya ."", ""grab paket hemat saya billingnya itu tanggal xxxnumberxxx juli xxxnumberxxx . sekarang sudah agustus mengapa subscribe - nya masih aktif ?"", ""pulsa saya terakhir , sekitar xxxnumberxxx . lalu isi ulang xxxnumberxxx . mengapa sekarang jumlahnya hanya xxxnumberxxx ? nomornya xxxnumberxxx .""]",False,5,1439,14,False,41
google/gemma-3-4b-it,informal,formal,random,N/A,jaringan di kota malang gari ini melambat,“aneh banget sinyal malang sekarang lemot gini.”,False,89,4400044,44,"[""kenapa setelah membayar pascabayar menjadi tidak ada kuotanya ?"", ""yang benar ? aku sudah ganti ponsel mahal untuk menuruti sinyal xl ini padahal ."", ""sudah di coba tapi masih tidak bisa . cek dm ."", ""tidak rugi banyak secara finansial tapi rugi secara waktu dan kepercayaan . menghambat kerja ."", ""halo admin . saya ingin menonaktifkan akun go - jek saya . mohon diperiksa dmnya . saya sedih , sudah dari kemarin mention namun tidak ada tanggapan .""]",False,5,1335,15,False,48
google/gemma-3-4b-it,informal,formal,random,N/A,"min koneksi internet indosat disetiap malam akhir2 ini jeleknya kelewatan , mohon untuk segera tindaklanjuti permasalahan ini krn sangat merugikan kami sbg pengguna .","“kak, koneksi internet Indosat tiap malem akhir-akhir ini bego banget, mohon segera tindau masalahnya krn lumayan rugi buat saya sebagai pengguna.”",False,91,4400045,44,"[""saya mau ganti device bca mobile dari android ke ios bagaimana caranya ?"", ""terima kasih admin atas perhatiannya . tidak seperti \"" dia \"" yang sikapnya dingin dan acuh seperti es batu ."", ""ya kalau cancel bisa , maksudnya tidak bisa transaksi karena layarnya tidak bisa diapa - apakan ."", ""kak kenapa paket saya dengan nomor resi tbs000020314169 muncul keterangan nomor resi tidak ditemukan ? mohon infonya . terima kasih ."", ""saya gagal dan kuota saya tidak ada . itu bukan hanya satu kali tetapi dua kali dan nominalnya xxxnumberxxx .""]",False,5,1546,40,False,147
google/gemma-3-4b-it,informal,formal,random,N/A,min boleh tau detail dan harha paket yg xxxnumberxxx bulan ?,"min , detail harga paket xxxnumberxxx bulan dong?",False,93,4400046,44,"[""selamat malam . apakah ada promo cashback / bonus pengisian gopay ? terima kasih"", ""saya mau tanya , ini saya mau beli paket yellow kenapa sama xxxnumberxxx tidak direspons / tidak dibalas ?"", ""kakak banyu isi xxxnumberxxx bukan ? kalau ya , isi ovo dari mandiri minimal xxxnumberxxx sekarang ."", ""lama sekali responsnya untuk masalah seperti ini saja ."", ""fyi , android xxxnumberxxx baru saja launch tanggal xxxdatexxx kemarin . dan hampir semua aplikasi banking tidak support .""]",False,5,1384,12,False,49
google/gemma-3-4b-it,informal,formal,random,N/A,balikin pulsa gw ! kesedot mulu arkhh,"“Admin, kenapa terus kehabisan pulsa sih? Kesedotan terus, argh!”",False,95,4400047,44,"[""admin , saya ingin membayar transaksi bukalapak . mengapa selalu gagal ?"", ""tadi barusan habis pakai aplikasi sebelah ."", ""paket saya dengan nomor resi xxxnumberxxx dilaporkan oleh pihak jtr bandung bahwa barangnya hilang karena kapal terbakar . bagaimana ini ?"", ""admin . apakah ada promo untuk pertama order gomassage ?"", ""respon awal katanya harus masukin kata sandi salah , padahal sudah benar . dan yang ke dua setelah terblokir , tidak bisa memasukkan kode otp ke aplikasi .""]",False,5,1362,22,False,65
google/gemma-3-4b-it,informal,formal,random,N/A,ga sampai kok min aku tau mbaknya nipu,"“gak sampe tuh min, aku tau kok mbaknya nipu.”",False,97,4400048,44,"[""mas , mbak , respons mention saya dong . sangat lambat pelayanannya ."", ""besok dipanggil lagi ke bpsk ? tidak ada malu itu memang tidak ada batasnya ."", ""jp xxxphonexxx . paket saya kemana ! ini tidak ada tanggapan sama sekali setan . kurirnya bodoh cs tuli ."", ""kode promonya ada di televisi . di rumah selebriti ."", ""belum ada konfirmasi lagikah , admin ?""]",False,5,1240,16,False,46
google/gemma-3-4b-it,informal,formal,random,N/A,slamat malam admin . saya masang paket malam dan paket nya aktif pas saya menghidup kan data knpa pulsa saya hilang ?,"admin . pas aku aktifin data , knpa pulsa aku ilang pas pake paket malam ?",False,99,4400049,44,"[""iya sama , sudah saya dm dari tadi , mbak yang cantik ini . ini signalnya hai !"", ""ikon fitur asuransi linkaja di nomor xxxnumberxxx ."", ""admin . sudah xxxnumberxxx hari saya mau gofood , kenapa tidak mendapat driver terus - menerus ? apakah aplikasi gojek sedang error ?"", ""aku pernah seperti begitu . karena saldo ovonya kurang dari nominal yang harus dibayar ."", ""admin . kenapa jaringan di karawaci mengalami gangguan terus - menerus ?""]",False,5,1401,20,False,74
google/gemma-3-4b-it,informal,formal,random,N/A,kok malah tambah lemot jaringan saya,“Kenapa jaringan malah lama banget sih?”,False,101,4400050,44,"[""mengapa error terus , hanya sekali tahu tap nya ."", ""sudah xxxnumberxxx x24 jam transaksi pengisian pulsa pada tanggal xxxnumberxxx agustus xxxnumberxxx pukul xxxnumberxxx tetapi belum masuk juga ya admin ?"", ""selamat malam . ini kenapa ? mohon info . terima kasih ."", ""admin . ketika ingin mengecek tagihan listrik , mengapa tidak bisa ? muncul pesan di bawah ."", ""mohon maaf . itu dm aku yang belum dibalas .""]",False,5,1291,10,False,40
google/gemma-3-4b-it,informal,formal,random,N/A,"min pembelian token pln apa ada kendala , ini blm masuk udah xxxnumberxxx jam lebih ?","“min, pembelian token pln ada kendala, ini blom masuk udah xxxnumberxxx jam lebih? udah lewaiteee.”",False,103,4400051,44,"[""xxxnumberxxx . hari ini xxxnumberxxx . sribhawono lampung timur"", ""saya sudah aktifkan paket , namun tidak ada balasan . padahal saya sudah melakukan konfirmasi ."", ""blacklist saja ini toko kalau seperti ini hahaha ."", ""sama . masih juga jaringan naik turun ."", ""saya pernah seperti ini , untung sadar .""]",False,5,1233,28,False,99
google/gemma-3-4b-it,informal,formal,random,N/A,udah udah sampe mana ya ? masa ke bintara aja ga sampe ? ( tolong follow up,udah udah sampai mana nih? masa ke bintara aja nggak sampai? (tolong follow up dong),False,105,4400052,44,"[""jawabannya xxxnumberxxx . ayo ikut kuis ."", ""halo admin , bagaimana kalau paket saya misroute ?"", ""mas , tolong sedikit lebih cepat ya . saya sudah lapar . siap mbak , ditunggu . sama nanti , tolong temani saya ya mas . rumahnya lagi sepi ."", ""tadi ke bank xxxuserxxx . terus , tidak ada apa - apa . justru dipaksa buka tabungan anak sekolah ."", ""kira - kira berapa lama prosesnya ? saya mengajukan kemarin , kira - kira kapan saya bisa mendapatkan notifikasinya ?""]",False,5,1384,24,False,84
google/gemma-3-4b-it,informal,formal,random,N/A,jaringan xxxuserxxx tertutup kabut gak bisa konek,"""kok jaringan xxxuserxxx gak bisa konek, kayak kabut gitu ya?""",False,107,4400053,44,"[""kenapa seharian ini tidak bisa pesan gocar di kota baru , jawa timur ?"", ""apakah bisa menggunakan xxxnumberxxx paket sekaligus ( xtra combo vip + xtra kuota ?"", ""eh salah admin , maksudnya a hahaha ."", ""ini isi pulsa telkomsel via i - banking transaksi gagal kenapa tetap terdebit ? xxxuserxxx cek dm . terimakasih ."", ""sudah admin , tolong cek dm .""]",False,5,1243,19,False,62
google/gemma-3-4b-it,informal,formal,random,N/A,tuh min xxxuserxxx perlu dicontoh nih anak baik yang bekelnya selalu habis !,"""tuh, liat nih xxxuserxxx anak baik yang bekelnya selalu abis!""",False,109,4400054,44,"[""hujan saja sinyal hilang xxxuserxxx . bangkai !"", ""kak pute sudah malam masih saja mengucapi kak kopir selamat siang ."", ""apakah tidak ada kerjaan ? dimana - mana ada ."", ""tolong cek jb xxxphonexxx dari tanggal xxxnumberxxx mengapa tidak ada status lagi ?"", ""untuk nomor rekening ponsel minimal nominal berapa ?""]",False,5,1232,22,False,63
google/gemma-3-4b-it,informal,formal,random,N/A,tolong cek dm dari saya . thankyou,tolong liat dm dari gue ya . makasih,True,111,4400055,44,"[""kita balas - membalas pesan otomatis masuk notification - nya markonah ."", ""fitur bayar bpjs terdapat pada gambar a , yang merupakan gambar dari fitur asuransi ."", ""ini mengapa admin ? mengapa seperti ini dari sore tadi . sudah aku setting lokasi masih sama saja . tolong dibantu dari sore belum makan ."", ""ada masalah apa di poris ? ping , packet loss , kecepatan tidak jelas semua . mohon direspon ."", ""xtra kuota kenapa tidak ada di aplikasi ?""]",False,5,1325,13,False,36
google/gemma-3-4b-it,informal,formal,random,N/A,min tolong dong kenapaa paket xxxnumberxxx xxxnumberxxx gb yang xxxnumberxxx xxxnumberxxx k nya kok hilaang,"“Kak, kenapa paket xxxnumberxxx xxxnumberxxx gb yang xxxnumberxxx xxxnumberxxx k nya kok hilang? mohon infonya, terima kasih.”",False,113,4400056,44,"[""tokopedia sudah tidak bisa cicilan lagi ?"", ""halo xxxuserxxx , sudah dibalas kembali ya . dmnya isi penjelasan saya . mohon diperiksa kembali . terima kasih ."", ""admin , kalau mau mendaftar sponsorship untuk mahasiswa yang mau ikut event ke luar negeri bisa apa tidak ? mohon bimbingannya . terima kasih ."", ""belum ada promo lagi . bisa - bisa ganti operator jika seperti ini ."", ""kak kenapa paket saya dengan nomor resi tbs000020314169 muncul keterangan nomor resi tidak ditemukan ? mohon infonya . terima kasih .""]",False,5,1466,34,False,126
google/gemma-3-4b-it,informal,formal,random,N/A,lama sekali ini ! barang belum sampai ! resi : xxxnumberxxx,"""Wah, lama banget sih kayak gini! barangnya masih di mana ya? resi : xxxnumberxxx""",True,115,4400057,44,"[""bos , hari keberapa ini tidak kunjung masuk kuota saya ? saya sudah cukup sabar ya bos !"", ""aduh memang indosat bermasalah terus ini . mana pulsa terpakai tiba - tiba . ingin rasanya ganti provider saja ."", ""oh begitu . oke terimakasih kak ."", ""mau pesan gofood rich brian saja bisa ? tolong xxxuserxxx bantu kak abigel yang pacaran jarak jauh indonesia - rusia !"", ""tokopedia sudah tidak bisa cicilan lagi ?""]",False,5,1312,25,False,82
google/gemma-3-4b-it,informal,formal,random,N/A,min resi xxxnumberxxx posisi udh dmna ?,"“min, resi nomor xxxnumberxxx, posisi udh di mana?”",False,117,4400058,44,"[""ke supermall karawaci untuk upgrade ovo . saat sudah balik dapat email ovo premier ditolak . wtf ?"", ""tolong xxxuserxxx , dari kemarin sore jaringanya penuh tapi tidak terhubung ke internet . padahal kuota masih lumayan banyak ."", ""silahkan dibaca tulisan saya admin kalau berkenan ."", ""promo grabfood semuanya terpental tidak bisa dipakai . sedih aku itu , xxxuserxxx . huhuhu ."", ""terima kasih admin atas perhatiannya . tidak seperti \"" dia \"" yang sikapnya dingin dan acuh seperti es batu .""]",False,5,1375,17,False,51
google/gemma-3-4b-it,informal,formal,random,N/A,pastinya masih dong ditunggu nih kejutannya selalu on pokoknya patengin timeline nya,"“ya pastiin terus ditunggu kabar baiknya, selalu on kok, patengin timeline aja.”",True,119,4400059,44,"[""ada masalah apa di poris ? ping , packet loss , kecepatan tidak jelas semua . mohon direspon ."", ""tolong di cek untuk , awb : xxxnumberxxx . statusnya misroute itu artinya apa ? lalu untuk paket saya kapan sampainya ? terima kasih ."", ""mantap belanja eh dapat bonus . yuk yang disekitaran boleh rapatkan barisan berburu bonus lewat xxxnumberxxx store terdekat ."", ""mantap . jadi semakin baik penjualannya ."", ""bang xxxuserxxx , gagal memuat saldo . bagaimana maksudnya ? jadinya tidak bisa dipakai transaksi .""]",False,5,1438,22,False,80
google/gemma-3-4b-it,informal,formal,random,N/A,"no saya kok gak bisa di dftarin paket data , no + xxxnumberxxx","“nomor + xxxnumberxxx kok gak bisa di-dftarin paket data, ini gimana ya?”",False,121,4400060,44,"[""akun saya ditangguhkan karena saya cancel terus . padahal saya sedang buru - buru dan dapatnya pengemudi ganjil terus di hari yang genap . mohon dm saya ."", ""mengapa aku tidak pernah dapat notifikasi diskon gila - gilaan ?"", ""jp xxxphonexxx . paket saya kemana ! ini tidak ada tanggapan sama sekali setan . kurirnya bodoh cs tuli ."", ""admin , haruskah nomor dan koordinat rumahku dipost lengkap ?"", ""kenapa pulsa saya yang dipotong internetnya , bukan kuota saya ? dua kali pula .""]",False,5,1387,24,False,73
google/gemma-3-4b-it,informal,formal,random,N/A,"sudah saya dm min , tolong respon","udah gue DM min, tolong bales dong.",False,123,4400061,44,"[""nabi muhammad ber - isra mi ' raj hanya sekedip sudah sampai pakai burok ."", ""sudah dicoba semuanya sama . sinyal penuh tetapi lambatnya luar biasa ."", ""tanya saja pasien - pasien bpjs yang marah - marah hari ini . saya kenyang sekali dimarahi gara - gara \"" bpjs yang merepotkan ."", ""sepanjang sejarah papua di nkri , kepemimpinan om xxxuserxxx terburuk dalam membina rasa indonesia ."", ""selesai jam ? tolong cepat mama ammy , salam buat rafatar .""]",False,5,1325,11,False,35
google/gemma-3-4b-it,informal,formal,random,N/A,"min , ini ordran saya kenap ga sampe2 yaa ? resinya gabisa cek juga lagi . gimana nihh . dibantu cek dong","min , ini ordran saya , kenapa belum sampai yaa ? resinya juga gak bisa dicek lagi . gimana nihh , dibantu cek dong",True,125,4400062,44,"[""selamat sore , sudah saya dm ya , admin . jadi bagaimana ?"", ""kasihan temanku ini , sedang kelaparan malah dijahati pengemudi grab ."", ""barusan bu , di rumah . aku tidak enak badan , jadi menggunakan go - food ."", ""saya pindah kartu simpati lama ke xxxnumberxxx g . katanya ada bonus kuota internet , namun mengapa saya tidak mendapatkannya ? mohon penjelasannya !"", ""bca mobile sudah berjalan dengan baik di android xxxnumberxxx per update hari ini . terima kasih .""]",False,5,1416,32,False,115
google/gemma-3-4b-it,informal,formal,random,N/A,"tanggal berapa ini , mas xxxuserxxx pakai kartu apa , kartu halo juga ?","tanggal berapa nih, mas? kartu apa yang dipake? kartu halo juga?",False,127,4400063,44,"[""parah bukan ? apa karena akunnya ? hahaha ."", ""apakah saya bisa mendaftar online menggunakan sim sementara ?"", ""kalau aku , ketika melihat diskon xxxpercentxxx grab , langsung cepat ."", ""agar dapat hadiah ulang tahun bagaimanakah ? saya mau ."", ""kategori fitur bpjs kesehatan berada di a .""]",False,5,1205,17,False,64
google/gemma-3-4b-it,informal,formal,random,N/A,aamiin . semoga juga sinyal internet indosat nggak ilang - iangan terus ya . aku belum berniat ganti provider soalnya .,"""aamiin , semoga sinyal indosat juga nggak nyilang terus . belum mau ganti provider sih , soalnya.""",False,129,4400064,44,"[""tetap tidak bisa , admin . nomor kartu kredit yang saya masukkan sudah benar , tetapi tetap tidak bisa klik tombol continue . saya sudah mengulanginya berkali - kali ."", ""jp xxxphonexxx . paket saya kemana ! ini tidak ada tanggapan sama sekali setan . kurirnya bodoh cs tuli ."", ""mana dm - nya admin ? belum masuk ke dm saya ."", ""ok baik kak bella . terima kasih atas bantuannya ."", ""tidak sempat mengambil foto . namun pesannya , \"" kartu / rekening tidak benar \"" di negara xxxnumberxxx hume hwy , casula nsw xxxnumberxxx , australia .""]",False,5,1499,29,False,99
google/gemma-3-4b-it,informal,formal,random,N/A,"coba cek dmnya yaya , kaya sepupu gua lu namanya yaya","“cek dm yaya, sepupu gua tuh namanya yaya.”",False,131,4400065,44,"[""wilayah pontianak abang dari xxxnumberxxx menjadi xxxnumberxxx ."", "": seberapa kamu ? : barusan order grabbike : terus ? : setelah klik order langsung menunggu di depan rumah ."", ""halo grab , mau tanya . apakah bisa driver dapat xxxnumberxxx order dari orang berbeda dalam xxxnumberxxx waktu ?"", ""admin , saran shopeepay bisa juga untuk membeli pulsa , paket data , dan listrik . hahaha ."", ""kartu e - money dengan logo gojek terbaru ada tidak ?""]",False,5,1343,16,False,43
google/gemma-3-4b-it,informal,formal,random,N/A,haloo xxxuserxxx kok grabfoodmu gbs dari kmrn knp - _ -,"tolong admin , grabfoodku kenapa gak masuk dari kemarin - _ -",False,133,4400066,44,"[""admin , mohon dibalas . sudah xxxnumberxxx x24 jam mencoba , tidak masuk - masuk ."", ""hai jnt xxxuserxxx . mau tanya mengapa paket yang saya kirim masih begini saja . mohon pencerahannya ."", ""mengapa tidak ada sinyal ini ?"", ""jl . politeknik , kec . tamalanrea , makassar , sulawesi selatan . jaringan di sini jelek sekali , mengapa tidak diperbaiki ? kuota banyak , namun jaringan sangat jelek seperti ini ."", ""tolong admin , paket saya belum terkirim dengan resi jp xxxphonexxx .""]",False,5,1381,17,False,61
google/gemma-3-4b-it,informal,formal,random,N/A,halo xxxuserxxx temen saya transfer via gopay kok blm masuk ya,"“Halo, permisi. Kenapa dana dari transfer Gopay teman saya belum masuk ya?”",False,135,4400067,44,"[""admin , saya mau bertanya . ini kalau menabung emas di tokopedia , nanti bisa minta barang fisiknya tidak ?"", ""apakah bisa , memblokir nomor telepon dari pihak ovonya langsung ?"", ""mengapa jaringan di permainan selalu buruk ? selalu turun , ping tidak pernah stabil ."", ""mengapa sinyal ini jelek sekali ? sudah saya hidupkan ulang , masih saja lambat ."", ""di antara ini , adakah koresponden bank untuk cimb niaga dan sebaiknya yang mana yang saya gunakan ?""]",False,5,1363,21,False,75
google/gemma-3-4b-it,informal,formal,random,N/A,"yg dihina pun ulama , otak nya ngak ada isi ya gitu bng","“yg diompet juga ulama, pikirannya kosong gitu dah.”",False,137,4400068,44,"[""paket dengan resi xxxnumberxxx bagaimana kabarnya ? mengapa statusnya tidak berubah ya ? padahal yes ."", ""sudah admin , tolong , beli token listrik lancar ."", ""sekarang dm mereka yang berkata kalau pulsa sudah dikembalikan dihapus oleh mereka . begitukah cara mencari uang sekarang ?"", ""admin , ini bagaimana ? saya baru beli voucher xxxnumberxxx xxxnumberxxx k pakai go - points . saat dipakai hanya dapat potongan xxxnumberxxx xxxnumberxxx k ?"", ""hati - hati yang cuka colok - colok atm .""]",False,5,1390,17,False,52
google/gemma-3-4b-it,informal,formal,random,N/A,halo selamat malam . saya mau tanya kalo program kkb bisa dipergunakan untuk mobil bekas atau tidak ? terima kasih .,"admin, mau tanya nih, program KKB bisa buat mobil bekas gak ya? makasih.",False,139,4400069,44,"[""permisi admin , maaf malam minggu malah tanya . kalau mau ganti nomor rekening ponsel akun gojek driver bagaimana ? soalnya kartunya hilang ."", ""silahkan dibaca tulisan saya admin kalau berkenan ."", ""kepada xxxuserxxx : mengapa paket yellow tidak dapat dipaketkan ?"", ""admin , periksa dm saya lagi ."", ""batas pengiriman dari bca ke bank lain per hari berapa melalu klikbca ?""]",False,5,1335,20,False,72
google/gemma-3-4b-it,informal,formal,random,N/A,haloo gimana ini dengan paket saya yang ngga di kirim2 . status nya masih di simpan,"“Halo admin, paket saya kok nggak dikirim-kirim ya? Statusnya masih stuck di ‘simpan’.”",True,141,4400070,44,"[""tidak rugi banyak secara finansial tapi rugi secara waktu dan kepercayaan . menghambat kerja ."", ""cara aktifkan pay later - nya bagaimana , admin ? saya mau pakai di tokopedia ."", ""kenapa seharian ini tidak bisa pesan gocar di kota baru , jawa timur ?"", ""admin , cara memasukkan ke akun spotify - nya bagaimana ? saya tetap tidak mengerti padahal sudah membaca pusat bantuannya hahaha ."", ""hai admin . saya baru saja memperbaharui aplikasi bri mobile . saat mau masuk ke internet banking , mengapa muncul aktivasi ? bisa tolong dibantu ?""]",False,5,1465,27,False,87
google/gemma-3-4b-it,informal,formal,random,N/A,tolong di perluas lagi ya min jangkauan jaringannya . aku tunggu kabar baiknya min .,"“Min, tolong tingkatkan lagi cak jangkauan jaringan ya? Penasaran gue kapan kabar baiknya turun.”",False,143,4400071,44,"[""normal apanya admin ? sudah beberapa hari mati nyala terus . hari ini tidak tahu sudah berapa kali , tidak menghitung saking seringnya ."", ""di busway dan tol bisa normal digunakan atau untuk naik komuter agak berbeda ? mohon infonya . sayang saldo flazz saya kalau dianggap kadaluarsa ."", ""lagi membeli kue di resto pilihan , tapi kata pengemudinya toko tersebut tidak ada kerja sama dengan grab , pengemudi minta dibatalkan . detail di dm . terima kasih ."", ""lebih bangsat ini xxxuserxxx . mahal saja . kencang tidak , lag iya ."", ""ini kenapa balik lagi admin ?""]",False,5,1491,27,False,97
google/gemma-3-4b-it,informal,formal,random,N/A,admin tolong ini ada apa dengan toko saya ?,"""admin, kenapa nih toko gue ada masalah?""",False,145,4400072,44,"[""lagi membeli kue di resto pilihan , tapi kata pengemudinya toko tersebut tidak ada kerja sama dengan grab , pengemudi minta dibatalkan . detail di dm . terima kasih ."", ""halo admin . mohon dicek untuk paket dengan nomor resi di bawah ini . sudah xxxnumberxxx hari masih di situ - situ saja . darurat soalnya . terima kasih ."", ""kan akun kamu private , jadi mereka tidak bisa lihat ."", ""kalau kerja hanya menjadi buzzer seperti ini yang mau murah , malu dengan daerah yang tidak ada internetnya ."", ""kalian pengiriman dari jakarta ke jakarta butuh waktu berapa lama ?""]",False,5,1454,11,False,41
google/gemma-3-4b-it,informal,formal,random,N/A,"hallo min , saya kok beli fore cofee tidak dapat cashback yaa ? kenapa minn ? bisa di refund tidakk","""halo min, beli fore coffee gak dapet cashback, kenapa min? bisa di refund gak sih?""",False,147,4400073,44,"[""kenapa nomor saya tiba - tiba terdaftar ?"", ""pagi admin . ini saya top up pulsa mengapa gagal terus ? itu kenapa admin ?"", ""sedih saja . shillin sudah kena udara itu bagaimana rasanya ?"", ""tidak bisa membedakan pertanyaan dengan komplain . tolol . orang idiot mengapa bisa dipakai sama penyedia layanan ini . bangsat xl !"", ""selesai jam ? tolong cepat mama ammy , salam buat rafatar .""]",False,5,1328,23,False,84
google/gemma-3-4b-it,informal,formal,random,N/A,gimana mau terbantu . dm aja ngga slow respon . sudah xxxnumberxxx hari dm saya tidak direspon,“gimana mau dibantu sih. dm ngga slow respon. udah xxxnumberxxx hari dm gue ngga dibales.”,False,149,4400074,44,"[""ini twitter yang error apa sinyal saya yang error ? saya ig , yt , wa bisa , tapi untuk twitter sama ml tidak bisa ."", ""normal apanya admin ? sudah beberapa hari mati nyala terus . hari ini tidak tahu sudah berapa kali , tidak menghitung saking seringnya ."", ""malam , saya mau komplain . paket statusnya sudah sampai , tetapi saya belum menerimanya . mohon bantuannya . terima kasih ."", ""nah betul , aov juga sama . kartu ini memang tidak ada solusinya . saya lelah memberi data terus - menerus lewat dm . solusi yang diberikan seperti template ."", ""aduh memang indosat bermasalah terus ini . mana pulsa terpakai tiba - tiba . ingin rasanya ganti provider saja .""]",False,5,1601,29,False,90
google/gemma-3-4b-it,informal,formal,random,N/A,"frustasi dgn atm mandiri , hampir tiap hari bermasalah di seputar tang sel , knp bank lain spt b * * jarang sekali masalah , segera berbenah , menyebalkan","“sangat kecewa dengan atm mandiri, sering sekali bermasalah terkait transfer, kenapa bank lain spt b* * jarang sekali masalah, segera perbaiki, bikin kesel.”",False,151,4400075,44,"[""kepada xxxuserxxx : mengapa paket yellow tidak dapat dipaketkan ?"", ""kenapa nomor saya tiba - tiba terdaftar ?"", ""baru saja saya membeli barang di tokopedia dan tidak bisa dibatalkan , bisa tolong dibatalkan pesanan saya inv / xxxnumberxxx / xix / ix / xxxnumberxxx ?"", ""disuruh dm soal keluhan , tapi tidak direspons ."", ""isi pulsa jam xxxnumberxxx siang . saldo dana sudah terpotong , namun mengapa pulsa belum masuk ?""]",False,5,1419,38,False,157
google/gemma-3-4b-it,informal,formal,random,N/A,"akun grabnya buat ngorder kimcil po , makanya ditangguhkan","“grabnya ditangguhkan buat order kimcil, admin.”",False,153,4400076,44,"[""oke sip admin , ini nomornya saya tidak hapal admin ."", ""maaf admin , nomor saya tidak bisa dipakai internet , nelpon , dll . mohon ditanggapi dm saya ."", ""kuota internet langsung habis kalau buka youtube sama streaming seharian ."", ""selempak . kenapa anda atur pengaturan tetap paylater ? bayar xxxnumberxxx terkena penagihan paylater xxxnumberxxx ribu ."", ""shopee tidak bisa bayar tagihan indosat pascabayar admin ?""]",False,5,1320,15,False,48
google/gemma-3-4b-it,informal,formal,random,N/A,jika saya tutup akun tanpa ke kantor cabang dengan cara mengosongkan saldo rekening apakah bisa ?,"“kalau aku tutup akun dari rumah lewat transfer saldo ke rekening, bisa gak ya?”",False,155,4400077,44,"[""mau pesan gofood rich brian saja bisa ? tolong xxxuserxxx bantu kak abigel yang pacaran jarak jauh indonesia - rusia !"", ""saya beli paket rp . xxxnumberxxx ribu tapi mengapa tidak masuk ? padahal pulsanya sudah terpotong ."", ""saya mencoba free trial paylater . mengapa tagihannya harus dibayar xxxnumberxxx hari setelahnya ?"", ""cek dm dari saya admin ."", ""kotak masuk tidak penuh dan jaringan cukup stabil .""]",False,5,1349,20,False,80
google/gemma-3-4b-it,informal,formal,random,N/A,maksudnya sales counter / agen yg online bagaimana kak ?,"""min, tolong info dong, sales counter/agen online gimana nih?""",False,157,4400078,44,"[""ya kalau cancel bisa , maksudnya tidak bisa transaksi karena layarnya tidak bisa diapa - apakan ."", ""betul . karena tidak mungkin saya menyampaikan keluhan via cuitan . karena terdapat informasi penting ."", ""ini min , minta tolong diperiksa sudah sampai mana . masa , sudah xxxnumberxxx minggu belum sampai . tolong banget admin , diperbaharui sampai mana ."", ""halo grab , mau tanya . apakah bisa driver dapat xxxnumberxxx order dari orang berbeda dalam xxxnumberxxx waktu ?"", ""selamat pagi xxxuserxxx , saya punya m - card dan satu x - card , untuk transaksi gratisnya apakah setiap kartu mendapat kuota masing - masing atau diakumulasikan di kedua kartu ?""]",False,5,1558,18,False,62
google/gemma-3-4b-it,informal,formal,random,N/A,hallo bisa balas twitt saya dan dm ?,mohon maaf . bisa balas dm aku yang belum dibales ya?,False,159,4400079,44,"[""mohon maaf . itu dm aku yang belum dibalas ."", ""sama kak , herannya rutenya berubah per hari ini . kemarin normal saja . bingung tidak ?"", ""ini xxxuserxxx lambat sekali xxxnumberxxx g - nya ."", ""di kebon sirih sinyal terulang e terus berhari - hari . sedang tidak stabil atau bagaimana ?"", ""saya beli paket rp . xxxnumberxxx ribu tapi mengapa tidak masuk ? padahal pulsanya sudah terpotong .""]",False,5,1272,15,False,53
google/gemma-3-4b-it,informal,formal,random,N/A,"hallo kak , untuk kendala pada nomor prabayar telkomsel - nya dapat langsung menghubungi rekan kami di xxxuserxxx . terima kasih - mina","""halo kak, masalah prabayar telkomsel bisa hubungin rekan kami di xxxuserxxx ya. makasih - mina""",False,161,4400080,44,"[""alhamdulillah setelah libur xxxnumberxxx hari onbid langsung diberi order , makanan lagi . terima kasih xxxuserxxx cc ."", ""mengapa kalau baca kkn terngiangnya di saya kkn desa penari ?"", ""iya mbak ini belum terupdate , sudah dm adminnya ."", ""agar dapat hadiah ulang tahun bagaimanakah ? saya mau ."", ""detail data tambahan yang diminta sudah dikirimkan melalui dm . mohon untuk ditindaklanjuti .""]",False,5,1374,30,False,96
google/gemma-3-4b-it,informal,formal,random,N/A,"hmm bentar , aku bakal bikin videonya","hmm, sebentar, nanti aku bikin videonya.",False,163,4400081,44,"[""produk yang saya pesan bocor sebelumnya saya terima . tanggal orderan xxxnumberxxx / xxxnumberxxx xxxnumberxxx saya ajukan refund dan apology voucher . yang apology langsung ditolak . xxxuserxxx ."", ""sayang xxxuserxxx , saya mengikuti ini ya ."", ""sedih saja . shillin sudah kena udara itu bagaimana rasanya ?"", ""iya . mau ditelepon juga tidak akan bisa . auto - cancel . tetapi kalau tembakan , saya agak ragu , karena jarak pengantarannya xxxnumberxxx ."", ""apa perbedaan kurs e - rate , transfer tt , dan bank notes ?""]",False,5,1400,12,False,40
google/gemma-3-4b-it,informal,formal,random,N/A,"selamat siang . mau tanya , saya kok sulit untuk menerima dan melakukan panggilan setelah penggantian kartu . mohon bantuannya . terima kasih","Selamat siang, mau nanya nih, kok susah bgt buat telp setelah ganti kartu ya? tolong bantu dong, makasih.",False,165,4400082,44,"[""ditunggu penyelesaian kasusnya . cek dm . terima kasih ."", ""admin , saya mau bertanya . ini kalau menabung emas di tokopedia , nanti bisa minta barang fisiknya tidak ?"", ""sudah admin , tolong cek dm ."", ""mengapa jaringan di permainan selalu buruk ? selalu turun , ping tidak pernah stabil ."", ""kakak banyu isi xxxnumberxxx bukan ? kalau ya , isi ovo dari mandiri minimal xxxnumberxxx sekarang .""]",False,5,1380,31,False,105
google/gemma-3-4b-it,informal,formal,random,N/A,halo apa ini emg lagi gangguan top up via m banking ? kok saldo saya ga nambah ya ?,"halo , kok saldo saya gak naik pas top up via m banking nih ?",False,167,4400083,44,"[""nah betul , aov juga sama . kartu ini memang tidak ada solusinya . saya lelah memberi data terus - menerus lewat dm . solusi yang diberikan seperti template ."", ""halo xxxuserxxx . mohon input resi sicepat xxxnumberxxx dari nomor transaksi xxxnumberxxx , produk dropship ke alamat sesuai aplikasi bukalapak . terima kasih ."", ""halo admin xxxuserxxx , apakah masih diperlukan surat kehilangan dari polsek / polres untuk mengurus kartu atm yang hilang ?"", ""hati - hati yang cuka colok - colok atm ."", ""akun saya ditangguhkan karena saya cancel terus . padahal saya sedang buru - buru dan dapatnya pengemudi ganjil terus di hari yang genap . mohon dm saya .""]",False,5,1581,17,False,61
google/gemma-3-4b-it,informal,formal,random,N/A,ya om . rawan banget bagi driver maupun konsumen .,"admin , ini riskan banget buat driver sama pembeli .",False,169,4400084,44,"[""halo admin xxxuserxxx . tolong periksa dm ."", ""halo grab , mau tanya . apakah bisa driver dapat xxxnumberxxx order dari orang berbeda dalam xxxnumberxxx waktu ?"", ""admin , apakah ada kontak telepon yang dapat dihubungi ?"", ""paket saya sampai mana ? resi xxxnumberxxx . terima kasih ."", ""admin , top - up di aplikasi ovo kenapa tidak bisa tersambung di ovo - nya grab ? padahal nomornya sudah sama .""]",False,5,1293,13,False,52
google/gemma-3-4b-it,informal,formal,random,N/A,barang dengan nomor id1913953782285 sudah lebih satu minggu tidak datang .,"""barang id1913953782285 udah seminggu nggak dateng dong.""",False,171,4400085,44,"[""oi , kira - kira ! koneksi internet butut begini ."", ""perasaan saya tidak pernah registrasi ke layanan / fitur tersebut . mengapa bisa tiba - tiba ada sms begitu ?"", ""mau tanya xxxuserxxx , apa benar ovo sedang mengalami masalah ? saya top up via xxxuserxxx sore tadi sampai sekarang xxxnumberxxx belum masuk juga ."", ""monopoli dom aku mengapa tidak ada admin ?"", ""sudah xxxnumberxxx x24 jam transaksi pengisian pulsa pada tanggal xxxnumberxxx agustus xxxnumberxxx pukul xxxnumberxxx tetapi belum masuk juga ya admin ?""]",False,5,1437,27,False,57
google/gemma-3-4b-it,informal,formal,random,N/A,"saya juga curiga karena uang yg diambil dalam jumlah yg sama besar , saya sangaat kecewa , mohon kejelasannya","“kok bisa sih? sama kayaknya, sumpah kecewa berat, mohon dijelasin dong.”",False,173,4400086,44,"[""tidak ada yang mau mengambil karena destinasinya jauh ?"", ""ok baik kak bella . terima kasih atas bantuannya ."", ""admin , tadi pesan grabfood dan tidak sengaja tertekan rating xxxnumberxxx . cara membalikannya bagaimana ? kasihan dengan bapaknya tidak tega ."", ""hujan , hilang sinyalnya xxxuserxxx . hujan , matilah dia xxxuserxxx . kompak ya ."", ""rio suruh dorong gerobak anjir hahaha .""]",False,5,1340,23,False,73
google/gemma-3-4b-it,informal,formal,random,N/A,"orderan g sampe , duit ilang . bener2 de driver xxxuserxxx kecewa makin banyak aja org jahat y","“orderan belum dateng, duitnya hilang. beneran deh, driver xxxuserxxx juga kecewa, makin banyak aja orang jahat ya.”",False,175,4400087,44,"[""seperti itu , xxxuserxxx pilih kasih ."", ""dikira serius , ku hapus juga ini aplikasi ."", ""oi xxxuserxxx , mengapa kamu memaksa saya isi kolom hobi ? faedahnya apa ? bank paling primitif sepertinya . harus ada kk ? kasihan e - ktp menganggur ."", ""halo xxxuserxxx , kalau paket salah tulis nomor rumah apakah bisa diganti ? sudah terlanjur dikirim baru tahu kalau nomor rumahnya salah ."", ""admin tolong cek dm . terima kasih .""]",False,5,1363,34,False,116
google/gemma-3-4b-it,informal,formal,random,N/A,"baik , di tunggu progress nya ya . terimakasih","oke , cek lagi ya progressnya . makasih .",False,177,4400088,44,"[""oh begitu . oke terimakasih kak ."", ""admin , maaf . sedang gangguan atau bagaimana ? dari tadi selalu tidak dapat menghubungkan ke internet ."", ""tidak . benar gangguan sepertinya . makanya , wa dia sudah masuk hahaha ."", ""baik , saya masih di depan mesin atm ."", ""cek dm dari saya admin .""]",False,5,1179,12,False,41
google/gemma-3-4b-it,informal,formal,random,N/A,saya gabisa mengirim dm ke akun ini .,“gak bisa kirim dm ke sini.”,False,179,4400089,44,"[""tidak usah mas tono . saya hanya mau curhat saja . nanti si driver diputus kemitraan , saya jadi merasa bersalah ."", ""saldo terpotong , tapi uang tidak keluar . ini sudah kali kedua saya melakukan penarikan tunai di atm ."", ""mantap . jadi semakin baik penjualannya ."", ""halo gojek . tolong masalah diselesaikan . dan xxxuserxxx saya sudah follow up lagi ini ."", ""halo admin . saya ingin menonaktifkan akun go - jek saya . mohon diperiksa dmnya . saya sedih , sudah dari kemarin mention namun tidak ada tanggapan .""]",False,5,1395,11,False,28
google/gemma-3-4b-it,informal,formal,random,N/A,"udah aku dm lho kak dari tadi pagi , fyi aja","udah aku dm juga nih kak, dari tadi pagi. seriusan.",False,181,4400090,44,"[""sudah aku dm ya min . tolong responnya ."", ""parah bukan ? apa karena akunnya ? hahaha ."", ""tadi aku dm telkomsel menanyakan kapan aku dapat hadiah ? hahaha ."", ""lumayan untuk menonton youtube . terima kasih xxxuserxxx , rp xxxnumberxxx dapat xxxnumberxxx gb ."", ""internet saya lambat sekali . apa ada yang salah dengan jaringan disini ? atau karena paket data saya yang masalah ?""]",False,5,1268,15,False,51
google/gemma-3-4b-it,informal,formal,random,N/A,dari tadi mention terus gak dibalas . tolong dong dibalas . dm saya juga tolong dibalas,"""admin, kok lama banget nggak dibales sih? tolong bales DM juga dong.""",False,183,4400091,44,"[""selamat malam . mohon saya diberi informasi . paket saya sejak tanggal xxxnumberxxx tertahan dengan status itu dan belum terkirim sampai sekarang . ada apa ?"", ""halo xxxuserxxx . paket saya malah bolak - balik seperti ini ."", ""masih aktif admin . ini dbs ."", ""apaan malah minta kamu yang dibalas ."", ""admin , kalau unlimited indosat xxxnumberxxx gb itu , ig termasuk unlimited juga tidak ?""]",False,5,1321,20,False,70
google/gemma-3-4b-it,informal,formal,random,N/A,kalo saya setuju dan kemudian saya menolak tidak bisa di setujui ya ? jadi gimana solusinya buat saya ?,"""jadi gimana nih, kalau setuju terus ditolak, gak bisa disetujuin ya? bingung banget nih.""",False,185,4400092,44,"[""bagaimana ini admin parah , selalu membalas yang lain tetapi dm saya tidak direspons ."", ""xxxnumberxxx hari xxxnumberxxx gb youtube hanya berkurang xxxnumberxxx xxxnumberxxx mb , karena memang tidak jalan , loading saja terus . emosi di jiwa ."", ""aku tunggu klarifikasinya ya , wahai xxxuserxxx yang ( masih ) saya hormati ."", ""kalau kerja hanya menjadi buzzer seperti ini yang mau murah , malu dengan daerah yang tidak ada internetnya ."", ""kecewa dengan xxxuserxxx . yakin memilih voucher cashback sehingga tetap bayar ongkos kirim , tetapi saat barang sampai koin cashback tidak didapat !""]",False,5,1538,27,False,90
google/gemma-3-4b-it,informal,formal,random,N/A,maaf saya kok gk bisa dm ya ? no saya xxxnumberxxx mau daftar paket freedom yg xxxnumberxxx xxxnumberxxx k dapat xxxnumberxxx giga kak,"mas, kenapa aku gak bisa dm ya? no aku xxxnumberxxx mau daftar paket freedom yg xxxnumberxxx xxxnumberxxx, k dapet xxxnumberxxx giga kak",False,187,4400093,44,"[""kenapa voucher xxxnumberxxx ribu gofood sekarang kalau deket malah tetap bayar ? dan juga dapatnya hanya xxxnumberxxx ribu bukan xxxnumberxxx ribu . padahal dulu ongkos kirim gratis ."", ""aku terlihat senang sekali . makasih choro ."", ""tidak paham dengan kenikmatan awal bulan ini . terima kasih xxxuserxxx makan siang saya hari ini cuma seribu lima ratus ."", ""mengapa aku ada disana minum kopi ?"", ""mas , mbak , respons mention saya dong . sangat lambat pelayanannya .""]",False,5,1447,36,False,136
google/gemma-3-4b-it,informal,formal,random,N/A,min jne trucking dr medan ke pinang ranti berat sekitar xxxnumberxxx - xxxnumberxxx kilo brp y min ? sya cek kok malah tambah mahal min ?,"jne medan ke pinang ranti beratnya sekitar xxxnumberxxx - xxxnumberxxx kilo, kok bisa mahal ya min? sya cek, malah tambah mahal min?",False,189,4400094,44,"[""xxxnumberxxx g + nya seperti mantan , saat lagi sayang - sayangnya malah hilang tidak jelas . sangat tidak enak pakai xxxnumberxxx g , kirim email saja loadingnya xxxnumberxxx menit ."", ""mau tanya xxxuserxxx , apa benar ovo sedang mengalami masalah ? saya top up via xxxuserxxx sore tadi sampai sekarang xxxnumberxxx belum masuk juga ."", ""admin , minta naik gaji admin , ganti hp ."", ""aku tunggu klarifikasinya ya , wahai xxxuserxxx yang ( masih ) saya hormati ."", ""kenapa pulsa saya yang dipotong internetnya , bukan kuota saya ? dua kali pula .""]",False,5,1528,34,False,132
google/gemma-3-4b-it,informal,formal,random,N/A,"min m - banking saya keblokir gara gara lupa password , boleh dibantu cara aktivasi kembali m - banking saya ?","""min , m-banking gue keblokir gara-gara lupa password , tolong bantu aktifin m-banking lagi dong?""",False,191,4400095,44,"[""grab paket hemat saya billingnya itu tanggal xxxnumberxxx juli xxxnumberxxx . sekarang sudah agustus mengapa subscribe - nya masih aktif ?"", ""nabi muhammad ber - isra mi ' raj hanya sekedip sudah sampai pakai burok ."", ""dengan aplikasi go - pay xxxuserxxx , go - jek xxxuserxxx berhasil masuk dalam daftar perusahaan yang dinilai berhasil merubah dunia . wow !"", ""ayo xxxuserxxx atau xxxuserxxx , ambil alih pembinaan bulu tangkis ."", ""beli handphone baru mau jadi drivernya , mohon bantuannya .""]",False,5,1450,29,False,98
google/gemma-3-4b-it,informal,formal,random,N/A,udah dua hari stuck gitu dari tanggal xxxnumberxxx gak dianterin padahal udah di kota saya ini kurirnya kenapa ya tolong follow up jp xxxphonexxx,"""udah seminggu stuck kayak gini dari tanggal xxxnumberxxx , kurir nya kenapa nih tolong di follow up ya jp xxxphonexxx""",False,193,4400096,44,"[""kita sama dari minggu disuruh dm email dan nomor hp tapi sampai sekarang belum benar . astaga . ini bagaimana ?"", ""di bulan september ini semoga xxxuserxxx dan xxxuserxxx memberikan promo ."", ""mbaknya panik saat itu . mungkin buru - buru mau ke kantor ."", ""admin , informasinya jika upgrade kartu sim ke xxxnumberxxx g dapat bonus xxxnumberxxx giga selama xxxnumberxxx bulan ya ?"", ""ini min , minta tolong diperiksa sudah sampai mana . masa , sudah xxxnumberxxx minggu belum sampai . tolong banget admin , diperbaharui sampai mana .""]",False,5,1522,33,False,119
google/gemma-3-4b-it,informal,formal,random,N/A,"jaringn internet xxxnumberxxx g saya error , hanya bisa h + itupun lemot sekali .","“Jaringan internet xxxnumberxxx saya error, cuma bisa H, lumayan juga lemot banget.”",False,195,4400097,44,"[""kotak masuk tidak penuh dan jaringan cukup stabil ."", ""masalah sambungan atau kode mmi tidak valid , sial !"", ""kembalikan uang saya . kalau tidak , masukkan uang saya yang sudah saya top up ke gopay . saya minta tanggung jawab dan respon cepatnya . terima kasih ."", ""tetap tidak bisa , admin . nomor kartu kredit yang saya masukkan sudah benar , tetapi tetap tidak bisa klik tombol continue . saya sudah mengulanginya berkali - kali ."", ""selamat siang , mohon bantuannya untuk di follow up admin , karena saya butuh untuk segera dikirimkan , terima kasih .""]",False,5,1482,23,False,84
google/gemma-3-4b-it,informal,formal,random,N/A,"gimana nih , j & t udah xxxnumberxxx hari paket saya gak ada perkembangan !","“kok gini, paket J&T udah xxxnumberxxx hari nggak ada perkembangan tuh!”",False,197,4400098,44,"[""mohon dicek . mengapa sering limited access ? terhubung tapi tidak ada internet dan tidak ada pemberitahuan fup harian ."", ""bagaimana ini dana top - up shopeepay saya tidak masuk padahal sudah transfer ."", ""pengemudi yang bersangkutan , tidak ditelusuri oleh pihak go - jek mbak ?"", ""kemana - mana pakai grab dan saat sedang ada promo lebih cepat dari"", ""iya mbak ini belum terupdate , sudah dm adminnya .""]",False,5,1325,20,False,72
google/gemma-3-4b-it,informal,formal,random,N/A,main ps sama sinb ga ada ?,“Ada masalah dengan game PS dan sinb nggak ya?”,False,199,4400099,44,"[""bagaimana cara pengambilan paket datanya admin xxxuserxxx ? sudah cek mytelkomsel dan * xxxnumberxxx * tidak tersedia ."", ""pulsa hilang terus , lalu jaringan berdenyut seperti bisul mau pecah . lagi menekan biaya produksikah ? saya bayar , tapi setiap hari dikerjai ."", ""halo gojek . tolong masalah diselesaikan . dan xxxuserxxx saya sudah follow up lagi ini ."", ""kalau membeli ini , apakah masa aktif ikut bertambah ? terima kasih ."", ""ikon fitur asuransi linkaja di nomor xxxnumberxxx .""]",False,5,1359,13,False,47
google/gemma-3-4b-it,informal,formal,random,N/A,mantap xxxuserxxx segini + soup cream cuman xxxnumberxxx,mantap xxxuserxxx segini + soup cream cuma xxxnumberxxx,False,201,4400100,44,"[""apa maksud dari sms autocopy ? karena ada seseorang yang mendaftarkan nomor saya ke autocopy ."", ""nabi muhammad ber - isra mi ' raj hanya sekedip sudah sampai pakai burok ."", ""admin . sudah xxxnumberxxx hari saya mau gofood , kenapa tidak mendapat driver terus - menerus ? apakah aplikasi gojek sedang error ?"", ""tadi ke bank xxxuserxxx . terus , tidak ada apa - apa . justru dipaksa buka tabungan anak sekolah ."", ""admin , apakah dm lagi cuti admin ? saya saja melamar jadi admin xxxuserxxx khusus balaskan dm . jari - jari lentik saya cekatan ngetiknya .""]",False,5,1457,15,False,55
google/gemma-3-4b-it,informal,formal,random,N/A,"mas , mbak , seventeen mau upload teaser nanti malem jam xxxnumberxxx , tolong aplikasinya jangan error mulu saya mau beli paket . makasih . jangan lupa stan seventeen .","“Mas, Mbak, teaser Seventeen mau di-upload malam ini jam xxxnumberxxx, tolong aplikasinya jangan error ya, mau beli paket. Makasih. Jangan lupa stan Seventeen!”",False,203,4400101,44,"[""admin . ketika ingin mengecek tagihan listrik , mengapa tidak bisa ? muncul pesan di bawah ."", ""ayo pantau timeline smartfren terus ya . jangan lupa follow xxxuserxxx juga kak . terima kasih sobat setia smartfren . via"", ""saya mencoba free trial paylater . mengapa tagihannya harus dibayar xxxnumberxxx hari setelahnya ?"", ""bismillah . jawaban : a . ayo ikutan xxxuserxxx xxxuserxxx xxxuserxxx ."", ""masalah terselesaikan ! terima kasih gojek . terima kasih juga sudah di follow kembali ! gerak cepat sekali .""]",False,5,1522,41,False,160
google/gemma-3-4b-it,informal,formal,random,N/A,lagi pada beli motor gan masih inden xxxnumberxxx taun,"""weh, banyak orang beli motor gan, inden tuh xxxnumberxxx udah lama banget.""",False,205,4400102,44,"[""tadi barusan habis pakai aplikasi sebelah ."", ""halo admin , tolong dibantu nomor resi jp xxxphonexxx dan jp xxxphonexxx status sudah diterima . tapi saya dan orang rumah belum terima paketnya . tolong dibantu ."", ""ini apa maksudnya status di hold ? goblok banget . ditunggu dari pagi ."", ""grabfood error , apakah saya harus beralih ke gofood ?"", ""terima kasih shopee atas diskonnya dan membuat diri ini sangat kalap !""]",False,5,1316,20,False,76
google/gemma-3-4b-it,informal,formal,random,N/A,"kak ko saya gabisa beli paket ya ? saya mau beli yg xxxnumberxxx , pulsa saya juga pas xxxnumberxxx . tapi disini malah tulisannya pulsa tidak cukup ?","admin, kok gue gak bisa beli paket ya? mau beli yang xxxnumberxxx, pulsa juga pas xxxnumberxxx. tapi di sini malah tulisan pulsa gak cukup?",False,207,4400103,44,"[""satu lagi , admin . saya aktifkan paket ig loop xxxnumberxxx xxxnumberxxx gb xxxnumberxxx kali tapi kenapa malah tidak diakumulasi jumlahnya ? pulsa sudah terpakai xxxnumberxxx ribu ."", ""admin , tidak bisa ganti nomor hp ."", ""lebih bangsat ini xxxuserxxx . mahal saja . kencang tidak , lag iya ."", ""ini kenapa balik lagi admin ?"", ""admin , saya mau bertanya . ini kalau menabung emas di tokopedia , nanti bisa minta barang fisiknya tidak ?""]",False,5,1434,37,False,139
google/gemma-3-4b-it,informal,formal,random,N/A,"kak xxxuserxxx check dm ya , terimakasih","sangat kecewa sekali xxxuserxxx , cek dm ya dong , makasih.",False,209,4400104,44,"[""paket saya dengan nomor resi xxxnumberxxx dilaporkan oleh pihak jtr bandung bahwa barangnya hilang karena kapal terbakar . bagaimana ini ?"", ""berarti sudah berubah aturannya , kalau tidak salah dulu bisa dilakukan melalui atm ."", ""mau menangis , kesal sekali paket yellow susah sekali diaktifkan . tolong admin , saya tidak bisa belajar ."", ""dengan aplikasi go - pay xxxuserxxx , go - jek xxxuserxxx berhasil masuk dalam daftar perusahaan yang dinilai berhasil merubah dunia . wow !"", ""sangat tidak rela sekali xxxnumberxxx xxxnumberxxx xxxnumberxxx k saya tersedot begitu saja , tapi kuota tidak masuk - masuk oi .""]",False,5,1500,18,False,59
google/gemma-3-4b-it,informal,formal,random,N/A,halo xxxuserxxx apa three lagi gangguan ? kenapa lemot bgt internet sy,"""halo kak . ada kendala lagi gak sih ? internet saya kok lama banget ya.""",False,211,4400105,44,"[""sama seperti saya , pak . paket saya tidak saya terima . klaimnya tidak jelas kapan hasilnya . jangan tunggu ini menyebar !"", ""sudah di coba tapi masih tidak bisa . cek dm ."", ""selamat malam , ingin bertanya , cara mengenai pendaftaran produk di gojek bagaimana ?"", ""tolong tindak lanjuti . bayar kemana ?"", ""halo kak admin . saya sudah dm . mohon di cek . terima kasih .""]",False,5,1286,20,False,73
google/gemma-3-4b-it,informal,formal,random,N/A,sudah saya kirim min mohon di cek,"udah gue kirim nih, tolong dicek ya",False,213,4400106,44,"[""tidak . malas tidak ada kuota ."", ""admin , tidak bisa ganti nomor hp ."", ""akun saya ditangguhkan karena saya cancel terus . padahal saya sedang buru - buru dan dapatnya pengemudi ganjil terus di hari yang genap . mohon dm saya ."", ""barusan ada yang telepon saya dengan nomor ini . apakah ini benar dari halo bca ?"", ""iklan dari grab hahaha . lucu sekali""]",False,5,1231,13,False,35
google/gemma-3-4b-it,informal,formal,random,N/A,owhh haha typo bikin salah paham,"""ah, typo bikin salah paham aja, ya ampun.""",False,215,4400107,44,"[""saya membeli tiket lokal penataran , tapi e - tiket tidak muncul dan saldo xxxuserxxx sudah berkurang . mohon solusinya ."", ""ke supermall karawaci untuk upgrade ovo . saat sudah balik dapat email ovo premier ditolak . wtf ?"", ""kita balas - membalas pesan otomatis masuk notification - nya markonah ."", ""admin , bagaimana ini ? kita warga twitter yang hobi rebahan menjadi bad mood karena sinyal susah . sinyal xxxnumberxxx g berasa xxxnumberxxx g malah e ."", ""saldo terpotong , tapi uang tidak keluar . ini sudah kali kedua saya melakukan penarikan tunai di atm .""]",False,5,1440,15,False,43
google/gemma-3-4b-it,informal,formal,random,N/A,"sinyal xxxnumberxxx g full tapi ga bisa dipake , daerah jogja ini kenapa udh hampir seminggu","“sinyal xxxnumberxxx-nya penuh, tapi nggak bisa dipakai. daerah jogja ini kenapa sih, udah hampir seminggu?”",True,217,4400108,44,"[""sekembalinya ke rumah serasa masuk gua lagi . sinyal hilang - hilangan ."", ""kalau begitu juga saya juga tahu . saya tanya apa ada kemungkinan menghubungi kurir . alamat tujuan pengiriman jelas . status diantar kurir . masa sehari . ya sudah ."", ""oh , oke , terima kasih banyak infonya ."", ""kenapa nomor saya tiba - tiba terdaftar ?"", ""sudah saya dm admin , mohon dicek .""]",False,5,1307,29,False,108
google/gemma-3-4b-it,informal,formal,random,N/A,"halo admin , saya mau melaporkan sebuah toko . jadi penjualnya itu bersikap tidak sopan ke saya ( selaku pembeli ) dan saya merasa tersinggung dengan perkataan penjualnya .","kak, udah dilaporkan nih, tokonya gak ramah ke pembeli, kesel banget sama kata penjualnya.",False,219,4400109,44,"[""sudah admin , tolong , beli token listrik lancar ."", ""sudah diturunkan ke xxxnumberxxx g / xxxnumberxxx g , namun selalu gagal . cc ."", ""hai kak , terus pantau web kita dan jangan lupa follow xxxuserxxx juga . terima kasih sobat setia smartfren . mirza"", ""ha sung woon , red velvet , tiffany young , kyu hyun . sini merapat nak ."", ""kakak . misteri boks nya kenapa tidak ada saat jam xxxnumberxxx ?""]",False,5,1415,25,False,90
google/gemma-3-4b-it,informal,formal,random,N/A,harus punya pulsa banyak klo hub . nomer itu ya min ? emang gak ada twitter brilink ya,"“butuh pulsa banyak buat hubung-hubungin nomor itu ya, Kak? Ada Twitter Brilink nggak sih?”",False,221,4400110,44,"[""saya mau tanya , apa nomor rekening yang sudah tidak ditambah saldo selama xxxnumberxxx tahun masih aktif / digunakan ?"", ""admin , kalau mau kirim pulsa ke telkomsel bisa tidak hanya xxxnumberxxx ribu begitu ?"", ""apakah bisa , memblokir nomor telepon dari pihak ovonya langsung ?"", ""sudah ada di dm semua , lokasi dan nomor ."", ""saat ini sudah di jogja belum ?""]",False,5,1291,27,False,91
google/gemma-3-4b-it,informal,formal,random,N/A,"xxxnumberxxx hari ini jaringan xxxnumberxxx g ngadat , xxxnumberxxx g pun ngos - ngosan . sekedar buka web saja luaamaa . tolong dong di tindak lanjuti","“Pak, hari ini jaringan lumayan lancar, nggak ada masalah. Cuma buka website lama aja kok. Tolong di-tindak lanjut ya.”",False,223,4400111,44,"[""adaptasi teknologi yang tidak diimbangi dengan sdm mumpuni merupakan permasalahan utama di indonesia ."", ""baru minggu kemarin peningkatan sistem . tapi kenapa selalu ada peningkatan sistem ?"", ""admin , maaf . sedang gangguan atau bagaimana ? dari tadi selalu tidak dapat menghubungkan ke internet ."", ""di mytelkomsel muncul seperti itu kak ."", ""pagi admin . paket saya dari shopee dengan kode xxxnumberxxx xxxnumberxxx xxxnumberxxx xxxnumberxxx xxxnumberxxx xxxnumberxxx xxxnumberxxx xxxnumberxxx xxxnumberxxx xxxnumberxxx xxxnumberxxx r04b tidak terbaca nomor resinya . mohon dibantu . dari hari jumat masih mengendap di jne malang .""]",False,5,1630,34,False,119
google/gemma-3-4b-it,informal,formal,random,N/A,sy sudah menyelesaikan mission jugglenaut pas masih ada xxxnumberxxx + rewards left nya smoe skrg blm dikirim rewardsnya,"“udah kelar misi jugglenaut + xxxnumberxxx , rewardnya masih kurang nih, kenapa belum dikirim?”",False,225,4400112,44,"[""kenapa dm ? beri tahu , ingin tahu halangan apa di daerah semarang ."", ""admin . nomor resi xxxnumberxxx , manifested hingga kapan ?"", ""walah malah lambat pakai vpn ."", ""sampai kapan ini ? sangat butuh internet ."", ""halo xxxuserxxx , kalau paket salah tulis nomor rumah apakah bisa diganti ? sudah terlanjur dikirim baru tahu kalau nomor rumahnya salah .""]",False,5,1318,27,False,95
google/gemma-3-4b-it,informal,formal,random,N/A,tolong xxxuserxxx di tindak lanjuti yang beginian,tolong xxxuserxxx di tangani dong,False,227,4400113,44,"[""turun peringkat , setiap kali pertempuran tim , pingnya langsung merah ."", ""maaf admin , nomor saya tidak bisa dipakai internet , nelpon , dll . mohon ditanggapi dm saya ."", ""ha sung woon , red velvet , tiffany young , kyu hyun . sini merapat nak ."", ""halo , saya top up grab ovo lewat atm barusan , tapi kenapa belum masuk ?"", ""gaji saya setiap xxxnumberxxx bulan , admin . enak dirimu , admin .""]",False,5,1290,11,False,33
google/gemma-3-4b-it,informal,formal,random,N/A,"klo paketan cod gagal dikirim , gimana kelanjutannya ? pembeli susah dihubungi","“kalau paketnya gagal dikirim, lanjutannya gimana nih? pembelinya susah dihubungi banget.”",False,229,4400114,44,"[""mengapa aku ada disana minum kopi ?"", ""tidak paham dengan kenikmatan awal bulan ini . terima kasih xxxuserxxx makan siang saya hari ini cuma seribu lima ratus ."", ""admin , sinyal saya udah balik lagi . senang banget . mau nangis ."", ""percuma , pulsa aku saja sisa xxxnumberxxx dan sedikit lagi berakhir ."", ""kira - kira berapa lama prosesnya ? saya mengajukan kemarin , kira - kira kapan saya bisa mendapatkan notifikasinya ?""]",False,5,1348,25,False,90
google/gemma-3-4b-it,informal,formal,random,N/A,"bingung sama xxxuserxxx sinyal ga pernah stabil , sebanyak apapun isi kuota kayanya ga ngaruh . udh ubah xxxnumberxxx g pun ttp aja .","“kok sinyalnya aneh banget ya, xxxuserxxx? padahal kuotanya banyak, kok gak stabil sih? udah ganti xxxnumberxxx g juga gak ngaruh.”",False,231,4400115,44,"[""pulsa hilang terus , lalu jaringan berdenyut seperti bisul mau pecah . lagi menekan biaya produksikah ? saya bayar , tapi setiap hari dikerjai ."", ""admin , ini kenapa pulsa tiba - tiba hilang ? paket internet masih banyak tapi pulsa terpakai terus . mohon tindak lanjutnya ."", ""btw , saya habis makan es krim mochi rasa durian dan itu enak banget . kalau es krim rasa buah cempedak belum ada kan ?"", ""parah sekali xxxuserxxx , tetapi baik selalu memberi diskon ."", ""apakah tidak ada lagi best deal yang xxxnumberxxx gb / xxxnumberxxx hari yang harganya xxxnumberxxx ribu seperti kemarin ?""]",False,5,1566,40,False,131
google/gemma-3-4b-it,informal,formal,random,N/A,kenapa ya internet jadi lemot ? padahal udah di pengaturan terus pilih jaringan manual tapi tetap saja lemot,"“kok internetnya lama banget sih? padahal udah diatur manual, tetep aja lemot.”",False,233,4400116,44,"[""internet saya lambat sekali . apa ada yang salah dengan jaringan disini ? atau karena paket data saya yang masalah ?"", ""saya barusan isi saldo gopay tapi tidak masuk ."", ""aku pernah gitu terpotong . namun , dia nanti balik kembali jika keadannya masih proses ."", ""cek dm coba xxxuserxxx dari tadi komplain tidak ada respons , pulsa sudah terpotong kena tarik per kb ."", ""hai admin . saya baru saja memperbaharui aplikasi bri mobile . saat mau masuk ke internet banking , mengapa muncul aktivasi ? bisa tolong dibantu ?""]",False,5,1471,23,False,79
google/gemma-3-4b-it,informal,formal,random,N/A,"iye di kasih kopi , kopi sudah mendarah daging","""eh, udah dikasih kopi, kopi udah mampet.""",False,235,4400117,44,"[""oi xxxuserxxx , mengapa kamu memaksa saya isi kolom hobi ? faedahnya apa ? bank paling primitif sepertinya . harus ada kk ? kasihan e - ktp menganggur ."", ""apaan malah minta kamu yang dibalas ."", ""turun peringkat , setiap kali pertempuran tim , pingnya langsung merah ."", ""saya mencoba restoran lain juga sama . jadi bagaimana ini sistemnya ?"", ""bisa cek saja aplikasi mytelkomsel kalau tidak bisa * xxxnumberxxx *""]",False,5,1305,16,False,42
google/gemma-3-4b-it,informal,formal,random,N/A,"masih error , saya beralih aja ke kartu yang lain","“udah gak mau nutup nih, jadi pindah ke kartu yang lain deh.”",False,237,4400118,44,"[""saya sudah aktifkan paket , namun tidak ada balasan . padahal saya sudah melakukan konfirmasi ."", ""halo , saya top up grab ovo lewat atm barusan , tapi kenapa belum masuk ?"", ""saldo terpotong , tapi uang tidak keluar . ini sudah kali kedua saya melakukan penarikan tunai di atm ."", ""xxxnumberxxx ribu . ada juga yang versi inggrisnya sampai xxxnumberxxx jutaan ."", ""masalahnya email saya pada akun tersebut lupa password . saya sudah mengikuti cara mengganti email hanya saja tidak bisa terganti email tersebut .""]",False,5,1406,19,False,61
google/gemma-3-4b-it,informal,formal,random,N/A,"malam admin xxxuserxxx saya baru isi pulsa xxxnumberxxx xxxnumberxxx k , tiba2 pulsa ilang entah kenapa . padahal belum saya apa2in . sebel saya","“malem admin xxxuserxxx, baru isi pulsa xxxnumberxxx , tiba2 ilang. beneran gak ngerti. kesel banget.”",False,239,4400119,44,"[""tidak ada niat untuk menambahkan fitur bisa topup flazz melalui aplikasi ?"", ""halo admin xxxuserxxx , apakah masih diperlukan surat kehilangan dari polsek / polres untuk mengurus kartu atm yang hilang ?"", ""capai sekali saya harus cerita lagi . sudah saya telepon , saya kirim email . seharusnya dari tangkapan layar saya sudah bisa terbaca . pengemudi tidak memiliki jiwa sosial ."", ""selamat sore , sudah saya dm ya , admin . jadi bagaimana ?"", ""nabi muhammad ber - isra mi ' raj hanya sekedip sudah sampai pakai burok .""]",False,5,1509,32,False,102
google/gemma-3-4b-it,informal,formal,random,N/A,"kencan bahagia itu dinner bareng kekasih di kfc bayarnya , kenyangnya dapet , romantisnya dapet , plus dapat cashback xxxpercentxxx dari xxxuserxxx . mantul mantul mantul .","siang admin , email saya belum ada balasan juga . sedih banget , xxxuserxxx . huhuhu .",False,241,4400120,44,"[""halo admin . mohon dicek untuk paket dengan nomor resi di bawah ini . sudah xxxnumberxxx hari masih di situ - situ saja . darurat soalnya . terima kasih ."", ""promo grabfood semuanya terpental tidak bisa dipakai . sedih aku itu , xxxuserxxx . huhuhu ."", ""selamat malam admin xxxuserxxx xxxuserxxx . apakah m - banking sedang ada gangguan ? mengapa sulit sekali untuk transfer ?"", ""tolong cek jb xxxphonexxx dari tanggal xxxnumberxxx mengapa tidak ada status lagi ?"", ""siang admin , email saya belum ada balasan juga .""]",False,5,1533,25,False,86
google/gemma-3-4b-it,informal,formal,random,N/A,min transaksi xxxnumberxxx belum dipick up kurir terus sudah xxxnumberxxx hari . bisa bantu percepat ?,"“Halo, transaksi xxxnumberxxx ini udah xxxnumberxxx hari belum dipick up kurirnya. Ada solusi biar cepet diantar? Makasih.”",False,243,4400121,44,"[""halo xxxuserxxx . sudah sejak kemarin jaringan anda lambat sekali di kendari , pekerjaan berantakan , ada solusi untuk saya ? terima kasih ."", ""iya . mau ditelepon juga tidak akan bisa . auto - cancel . tetapi kalau tembakan , saya agak ragu , karena jarak pengantarannya xxxnumberxxx ."", ""halo , tolong respons dm saya ."", ""saya beli paket rp . xxxnumberxxx ribu tapi mengapa tidak masuk ? padahal pulsanya sudah terpotong ."", ""xxxuserxxx menunjuk mantan petinggi di unilever dan uber untuk memperkuat pemasaran secara global .""]",False,5,1475,33,False,123
google/gemma-3-4b-it,informal,formal,random,N/A,saya tarik saldo dari aplikasi linkaja ke rekening bank bri saya kenapa sampe sekarang masih pending ya ?,“Kenapa saldo Linkaja yang aku tarik masih *pending* sampe sekarang ya?”,False,245,4400122,44,"[""bagaimana ini dana top - up shopeepay saya tidak masuk padahal sudah transfer ."", ""yang lebih cepat dari gundala ? kalau aku : ketika bilang tidak saat suami mau beli mainan baru ."", ""sudah ada di dm semua , lokasi dan nomor ."", ""admin nomor resi jp xxxphonexxx mengapa belum dikirim - kirim dari hari sabtu ?"", ""admin , kalau sudah melewati estimasi pengiriman , tapi barang belum sampai bagaimana ?""]",False,5,1350,19,False,72
google/gemma-3-4b-it,informal,formal,random,N/A,jawaban nya a . asuransi ikutan yuk xxxuserxxx xxxuserxxx xxxuserxxx done follow semua sosmed,"admin, jawaban nya a. asuransi ikutan yuk, done follow semua sosmed.",False,247,4400123,44,"[""kalau kerja hanya menjadi buzzer seperti ini yang mau murah , malu dengan daerah yang tidak ada internetnya ."", ""tolong tindak lanjuti . bayar kemana ?"", ""tetapi , saat berangkatnya lebih murah , ini bagaimana ? botani bergeser xxxnumberxxx km ?"", ""oi , kira - kira ! koneksi internet butut begini ."", ""admin , kalau mau mendaftar sponsorship untuk mahasiswa yang mau ikut event ke luar negeri bisa apa tidak ? mohon bimbingannya . terima kasih .""]",False,5,1384,20,False,68
google/gemma-3-4b-it,informal,formal,random,N/A,berarti kalo ga di on / off kan dulu airplane mode nya tetep pake kuota reguler gitu ?,"""terus kalau nggak di-on/di-off airplane mode, tetep pakai kuota reguler gitu?""",False,249,4400124,44,"[""telat bayar wifi saat mau bayar jadi xxxnumberxxx ribu ."", ""kak , mengapa sudah memesan xxxnumberxxx x gofood pakai gopay tidak dapat cashback gopay ?"", ""kalau dari australia mau mengirim xxxmoneyxxx apakah terkena charge ? dan apakah harus bayar charge terlebih dahulu baru bisa mendapatkan uang kita yang dikirim ?"", ""tidak usah mas tono . saya hanya mau curhat saja . nanti si driver diputus kemitraan , saya jadi merasa bersalah ."", ""mengapa error terus , hanya sekali tahu tap nya .""]",False,5,1418,25,False,79
google/gemma-3-4b-it,informal,formal,random,N/A,"sy tunggu responnya disini , segera ! sblm dpt jwban sy retweet simultan biar inget !","udah nungguin nih responnya disini, cepet banget! biar gak lupa, aku retweet sekaligus ya.",False,251,4400125,44,"[""nah , sudah saya unreg namun seperti itu responnya . membuat bingung ."", ""di kebon sirih sinyal terulang e terus berhari - hari . sedang tidak stabil atau bagaimana ?"", ""semakin buruk . langganan paket saja tidak berguna , karena sinyalnya semakin hari semakin buruk ."", ""ini isi pulsa telkomsel via i - banking transaksi gagal kenapa tetap terdebit ? xxxuserxxx cek dm . terimakasih ."", ""apakah ini betul - betul tidak ditanggapi , wahai xxxuserxxx ? baik , cukup tahu saja .""]",False,5,1406,23,False,90
google/gemma-3-4b-it,informal,formal,random,N/A,maaf memang lg gangguan ya ? mulai td gak bisa cek & beli kuota .,"“eh, kok lagi gangguan ya? dari tadi gak bisa liat sama cek kuota nih.”",False,253,4400126,44,"[""paket saya dengan nomor resi xxxnumberxxx dilaporkan oleh pihak jtr bandung bahwa barangnya hilang karena kapal terbakar . bagaimana ini ?"", ""balas chatnya mas crush . padahal dia balas berjam - jam kemudian ."", ""monopoli dom aku mengapa tidak ada admin ?"", ""admin , ini tidak bisa beli paket . ayo ! xxxnumberxxx menit lagi paketku habis ."", ""hai xxxuserxxx xxxuserxxx , kenapa setelah di - update versinya jadi loading lama dan tidak bisa lihat apa - apa ? saya mau lihat status pesanan saya .""]",False,5,1405,22,False,71
google/gemma-3-4b-it,informal,formal,random,N/A,"beli token listrik min , udah mau abis soalnya","""tolong belikan token listrik ya, hampir habis nih.""",False,255,4400127,44,"[""semoga cepat masuk kak saldonya . admin xxxuserxxx mohon cepat ditindaklanjuti masalahnya ."", ""gaji saya setiap xxxnumberxxx bulan , admin . enak dirimu , admin ."", ""fitur bayar bpjs terdapat pada gambar a , yaitu fitur asuransi ."", ""dear indosat , saya mau isi paket , tetapi mengapa tidak bisa ya ? sudah sejak jam xxxtimexxx tadi pulsa sudah masuk tetapi tidak bisa aktif ."", ""tadi aku dm telkomsel menanyakan kapan aku dapat hadiah ? hahaha .""]",False,5,1337,14,False,52
google/gemma-3-4b-it,informal,formal,random,N/A,saldo grab dan ovo kan udah nyatu sekarang .,"""udah gabung ya saldo grab sama ovo sekarang.""",False,257,4400128,44,"[""ini sinyalnya kenapa ya sekarang xxxuserxxx jelek sekali ."", ""pasti pelanggan setia dong min . sudah xxxnumberxxx tahun menggunakan tri . sangat merakyat jika menggunakan tri , bikin irit keuangan ."", ""walah malah lambat pakai vpn ."", ""sudah habis masa berlaku tantangannya ."", ""halo admin xxxuserxxx . tolong periksa dm .""]",False,5,1211,13,False,46
google/gemma-3-4b-it,informal,formal,random,N/A,tolong min dikasih bonus buat masnya,"“Min, tolong kasih bonus buat Masnya dong.”",True,259,4400129,44,"[""admin , yang paket internet malam hingga pukul xxxnumberxxx pagi itu yang jadi patokan xxxnumberxxx pagi wib atau xxxnumberxxx pagi waktu lokal pengguna ?"", ""lagi gangguan tidak bisa telepon , sms , dan internet ."", ""hai admin . saya baru saja memperbaharui aplikasi bri mobile . saat mau masuk ke internet banking , mengapa muncul aktivasi ? bisa tolong dibantu ?"", ""sama seperti saya , pak . paket saya tidak saya terima . klaimnya tidak jelas kapan hasilnya . jangan tunggu ini menyebar !"", ""apakah sedang gangguan ? mengapa transaksi saya selalu gagal .""]",False,5,1438,14,False,43
google/gemma-3-4b-it,informal,formal,random,N/A,"halo xl , saya mau lapor untuk tujuan pemblokiran nomor handphone yang dipakai untuk menipu , bagaimana caranya ? surat polisi sudah siap","“XL, tolong blokir nomor ini buat laporan penipuan. udah ada surat polisi, bisa diurus gak ya?”",False,261,4400130,44,"[""sore admin . ini ada keluhan nomor saya , pulsa terpotong terus . padahal tidak berlangganan paket apapun . tolong diperiksa min + xxxnumberxxx xxxnumberxxx - xxxnumberxxx - xxxnumberxxx ."", ""blacklist saja ini toko kalau seperti ini hahaha ."", ""kalau mau melampirkan surat keterangan domisili di kolom mana ? sedangkan saya belum dapat sms sama sekali untuk melengkapi berkas ."", ""xtra kuota kenapa tidak ada di aplikasi ?"", ""saya berencana menutup kartu pascabayar saya hari ini . tidak bisa ditutup dengan alasan harus menunggu siklus . apakah harus begitu ?""]",False,5,1543,28,False,95
google/gemma-3-4b-it,informal,formal,random,N/A,min proses pengembalian pulsanya berapa lama ?,"""kak, proses pengembalian pulsa berapa lama ya?""",False,263,4400131,44,"[""gimana dana ? akun saya sudah hampir sebulan tidak pulih - pulih . berpuluh - puluh spin zonk semua selama sebulan ini ."", ""masalahnya email saya pada akun tersebut lupa password . saya sudah mengikuti cara mengganti email hanya saja tidak bisa terganti email tersebut ."", ""tetapi kak , orang kalian menelpon saya dan menyebutkan bahwa akan dikirimkan password rahasia , dan benar - benar dari sms ( telkomsel . apakah ini benar ?"", ""halo admin . mohon dicek untuk paket dengan nomor resi di bawah ini . sudah xxxnumberxxx hari masih di situ - situ saja . darurat soalnya . terima kasih ."", ""motor honda spacy xxxnumberxxx xxxnumberxxx xxxnumberxxx cc ke arcawinangun , purwokerto timur .""]",False,5,1579,15,False,48
google/gemma-3-4b-it,informal,formal,random,N/A,untuk grapari jogja diman ya min,"""halo grapari jogja, di mana ya min?""",False,265,4400132,44,"[""apakah bisa , memblokir nomor telepon dari pihak ovonya langsung ?"", ""ya allah kakak kelas sma saya viral !"", ""ingin bertanya ke xxxuserxxx tentang grab wheelsnya , ini ditujukan untuk commuting dari satu parking spot ke parking lainnya ? atau untuk round trip ?"", ""halo xxxuserxxx , mohon cek dm saya ."", ""sudah admin , tolong cek dm .""]",False,5,1213,14,False,37
google/gemma-3-4b-it,informal,formal,random,N/A,biar bisa mabar di sela nyusun laporan magang dan skripsian,"admin, tolong bantu , gimana caranya biar bisa main bareng di sela nyusun laporan magang dan skripsian?",False,267,4400133,44,"[""tolong bantu , kenapa nomor simpati saya tidak bisa menerima sms dari nomor tri , padahal ditelepon bisa ."", ""admin kalau mau membuat nomor kartu halo baru yang xxxnumberxxx itu bagaimana prosedur dan biayanya ?"", ""admin , jaringannya kenapa lagi ? xxxnumberxxx g tapi tidak ada internet . yang sebelah malah lancar jaya ."", ""halo admin , barang saya sejak tanggal xxxdatexxx sudah di jakarta , tetapi tidak sampai - sampai . admin tolong diperiksa ."", ""admin , bagaimana ini ? kita warga twitter yang hobi rebahan menjadi bad mood karena sinyal susah . sinyal xxxnumberxxx g berasa xxxnumberxxx g malah e .""]",False,5,1511,27,False,103
google/gemma-3-4b-it,informal,formal,random,N/A,nilai pelanggraran rp . xxxnumberxxx ribu dikurangi biaya ojek ( standard harga xxxuserxxx : rp . xxxnumberxxx ribu . total bayar : rp . xxxnumberxxx rebu ),“nilai pelanggraran rp . xxxnumberxxx ribu dikurangi ongkir ( standar xxxuserxxx : rp . xxxnumberxxx ribu . total : rp . xxxnumberxxx ribu )”,False,269,4400134,44,"[""tadi ke bank xxxuserxxx . terus , tidak ada apa - apa . justru dipaksa buka tabungan anak sekolah ."", ""kapan diumumkan yang akan mendapatkan vouchernya ?"", ""cek dm dari saya admin ."", ""aneh , bukalapak dari kemarin - kemmarin balas cuma bisa itu - itu saja . niat membantu atau tidak ?"", ""admin , jaringannya kenapa lagi ? xxxnumberxxx g tapi tidak ada internet . yang sebelah malah lancar jaya .""]",False,5,1397,40,False,141
google/gemma-3-4b-it,informal,formal,random,N/A,sudah mulai goyah sm indosat wkaka,"“Wah, kok Indosatnya udah nggak stabil ya… parah banget.”",False,271,4400135,44,"[""baiklah , terima kasih . tapi saya tidak sedang berlangganan apa - apa . namun , mengapa pulsa terpotong min ? kira - kira , bagaimana cara memeriksanya ? sebelumnya tidak pernah ."", ""mengapa jaringan di permainan selalu buruk ? selalu turun , ping tidak pernah stabil ."", ""kawan , bagaimana cara mengaktifkan paket internet ?"", ""sudah kak . sudah saya ganti ke xxxnumberxxx g , tapi tetap susah ."", ""admin xxxuserxxx . saya mau komplain terkait dengan nomor resi jp xxxphonexxx . barang diterima dalam keadaan plastik terbuka , sehingga barang ada yang jatuh dan hilang .""]",False,5,1451,19,False,57
google/gemma-3-4b-it,informal,formal,random,N/A,"yeayy shopee terbaik , bisa pake dua voucher dalam sekali checkoutt yuhuu ~","""Wah , Shopee paling oke , bisa pakai dua voucher dalam satu belanja , seru banget ~""",False,273,4400136,44,"[""kak , indosat baru saja trouble atau bagaimana ya ? mengapa kartu saya tidak ada sinyal ?"", ""jam xxxnumberxxx lama sekali ! saya mau menghabiskan kuota malem xxxuserxxx ! apakah tidak bisa , kuota malamnya diganti jadi kuota siang ?"", ""ikon fitur asuransi linkaja di nomor xxxnumberxxx ."", ""malam , saya mau komplain . paket statusnya sudah sampai , tetapi saya belum menerimanya . mohon bantuannya . terima kasih ."", ""kode promonya ada di televisi . di rumah selebriti .""]",False,5,1391,23,False,85
google/gemma-3-4b-it,informal,formal,random,N/A,hay min saya suda pesen barang sudah transfer juga tp kenapa habis banyar tulisannya pemesanan tidak sah ya ?,"“hay min, saya sudah pesan barang, sudah transfer juga, tapi kenapa habis banyaar tulisannya pemesanan tidak sah ya?”",False,275,4400137,44,"[""gaji saya setiap xxxnumberxxx bulan , admin . enak dirimu , admin ."", ""satu lagi , admin . saya aktifkan paket ig loop xxxnumberxxx xxxnumberxxx gb xxxnumberxxx kali tapi kenapa malah tidak diakumulasi jumlahnya ? pulsa sudah terpakai xxxnumberxxx ribu ."", ""apakah tidak ada lagi best deal yang xxxnumberxxx gb / xxxnumberxxx hari yang harganya xxxnumberxxx ribu seperti kemarin ?"", ""sama kak , herannya rutenya berubah per hari ini . kemarin normal saja . bingung tidak ?"", ""kak , tolong ini halodoc pesanan saya tidak terkirim , tapi di status tertulis terkirim .""]",False,5,1519,30,False,117
google/gemma-3-4b-it,informal,formal,random,N/A,"min ini knp yahh saya topup ovo dr alfamart kata mbanya udh kekirim dan udh ada bukti transaksinya , knp saldo saya blm bertambah ?","min, kok kenapa sih? gue top up ovo dari alfamart, kata mantunya udah dikirim dan ada bukti transaksinya, kok saldo gue blom naik sih?",False,277,4400138,44,"[""admin . ketika ingin mengecek tagihan listrik , mengapa tidak bisa ? muncul pesan di bawah ."", ""percuma , pulsa aku saja sisa xxxnumberxxx dan sedikit lagi berakhir ."", ""kode promonya ada di televisi . di rumah selebriti ."", ""mau jajan aset / saham xxxuserxxx xxxnumberxxx ribu dapat berapa persen ?"", ""ya allah kakak kelas sma saya viral !""]",False,5,1316,36,False,134
google/gemma-3-4b-it,informal,formal,random,N/A,sini sini . tapi jauh dr tempatmu dek .,"sini ya, sayang. lumayan jauh dari kamu, nih.",True,279,4400139,44,"[""jam xxxnumberxxx lama sekali ! saya mau menghabiskan kuota malem xxxuserxxx ! apakah tidak bisa , kuota malamnya diganti jadi kuota siang ?"", ""yang lebih cepat dari gundala saat jalan - jalan ke ancol naik gondala ! hahaha ."", ""saya melakukan pembukaan tabungan lewat bca mobile , namun saat tahap panggilan video dengan pelayanan pelanggan , selalu tidak bisa ."", ""masalahnya email saya pada akun tersebut lupa password . saya sudah mengikuti cara mengganti email hanya saja tidak bisa terganti email tersebut ."", ""tolong ya , antar paket saya ke rumah . sudah terlalu lama menunggunya . nomor resi jp xxxphonexxx dan jp xxxphonexxx .""]",False,5,1519,14,False,45
google/gemma-3-4b-it,informal,formal,random,N/A,"min , hari ini kok loadingnya super slow ya buka apapun sloow banget","“eh, kok hari ini loadingnya lama banget pas buka apaan aja tuh, lama banget sih?”",False,281,4400140,44,"[""ada masalah apa di poris ? ping , packet loss , kecepatan tidak jelas semua . mohon direspon ."", ""yang benar ? aku sudah ganti ponsel mahal untuk menuruti sinyal xl ini padahal ."", ""saya mau tanya , ini saya mau beli paket yellow kenapa sama xxxnumberxxx tidak direspons / tidak dibalas ?"", ""kak , indosat baru saja trouble atau bagaimana ya ? mengapa kartu saya tidak ada sinyal ?"", ""kode promonya ada di televisi . di rumah selebriti .""]",False,5,1350,23,False,82
google/gemma-3-4b-it,informal,formal,random,N/A,"sudah bisa min , saya coba di atm lokasi lain . trimakasih","""udah bisa nih, gue coba di atm lokasi lain. makasih.""",False,283,4400141,44,"[""dm saya tidak dipedulikan , layanan jelek ."", ""batas pengiriman dari bca ke bank lain per hari berapa melalu klikbca ?"", ""ada masalah apa di poris ? ping , packet loss , kecepatan tidak jelas semua . mohon direspon ."", ""selamat malam . tolong cek pesan admin , kirim paket saya belum dikirim ."", ""mau tanya xxxuserxxx , apa benar ovo sedang mengalami masalah ? saya top up via xxxuserxxx sore tadi sampai sekarang xxxnumberxxx belum masuk juga .""]",False,5,1348,17,False,54
google/gemma-3-4b-it,informal,formal,random,N/A,"halo , mohon dibantu dipercepat dan info perkiraan barang tiba ke alamat penerima : jp xxxphonexxx tujuan ntb . saya pengirim . trimakasih bantuannya !","“halo admin , tolong bantu percepat ya , dan info perkiraan barang sampai ke ntbb , dari aku pengirim . makasih banyak !”",False,285,4400142,44,"[""iya nih xxxuserxxx sangat parah , masa kalah sama yang lain ."", ""xxxnumberxxx , xxxemailxxx , dan karena lupa password ."", ""selamat hari minggu admin . kalau mau bayar tiket kereta dari go - mobile bagaimana ?"", ""kan akun kamu private , jadi mereka tidak bisa lihat ."", ""halo admin . saya ingin menonaktifkan akun go - jek saya . mohon diperiksa dmnya . saya sedih , sudah dari kemarin mention namun tidak ada tanggapan .""]",False,5,1417,32,False,121
google/gemma-3-4b-it,informal,formal,random,N/A,"min . mo tanya , kalo driver performa bintang ngaruhnya gimana ya ? apa berpengaruh ke pendapatan orderan juga ?","“weh, min, kalau driver performa bintang tuh dampaknya gimana ya? kira-kira ke pendapatan orderan juga nggak, nih?”",False,287,4400143,44,"[""halo , ini bagaimana tidak bisa di dm . sudah follow akunnya juga ."", ""iya mas ndang , dibenarkan ya . apalagi untuk airlangga kampus c , telkomsel lambat ."", ""ini sinyalnya kenapa ya sekarang xxxuserxxx jelek sekali ."", ""kenapa voucher xxxnumberxxx ribu gofood sekarang kalau deket malah tetap bayar ? dan juga dapatnya hanya xxxnumberxxx ribu bukan xxxnumberxxx ribu . padahal dulu ongkos kirim gratis ."", ""sinyal indosat di tempat aku , lebih baik dibandingkan dengan sinyal provider merah . padahal sama - sama menggunakan menara bersama . terima kasih .""]",False,5,1515,30,False,115
google/gemma-3-4b-it,informal,formal,random,N/A,ini kenapa dari tadi pagi server penuh terus,“kok servernya lama banget dari tadi pagi sih?”,False,289,4400144,44,"[""balas chatnya mas crush . padahal dia balas berjam - jam kemudian ."", ""batas pengiriman dari bca ke bank lain per hari berapa melalu klikbca ?"", ""sudah saya dm admin , mohon dicek ."", "": seberapa kamu ? : deadline tugas masih sebulan lagi : terus ? : saya mengerjakannya xxxnumberxxx minggu lalu ! * alah tipu - tipu"", ""admin . apakah ada promo untuk pertama order gomassage ?""]",False,5,1265,12,False,47
google/gemma-3-4b-it,informal,formal,random,N/A,ini min . biasanya combo terbaik untukmu ada yg xxxnumberxxx xxxnumberxxx gb xxxnumberxxx xxxnumberxxx rb dan xxxnumberxxx xxxnumberxxx gb xxxnumberxxx xxxnumberxxx rb . ini dia hilang gk ad lg 🤔,"“Min, kenapa ya combo terbaiknya hilang? Ada yang xxxnumberxxx xxxnumberxxx gb xxxnumberxxx xxxnumberxxx rb dan xxxnumberxxx xxxnumberxxx gb xxxnumberxxx xxxnumberxxx rb. Gk ada lagi nih 🤔”",False,291,4400145,44,"[""admin , top - up di aplikasi ovo kenapa tidak bisa tersambung di ovo - nya grab ? padahal nomornya sudah sama ."", ""selamat malam . ini kenapa ? mohon info . terima kasih ."", ""ini sinyalnya kenapa ya sekarang xxxuserxxx jelek sekali ."", ""selamat malam . tolong cek pesan admin , kirim paket saya belum dikirim ."", ""terima kasih , paten sekali telkomsel xxxnumberxxx gb xxxnumberxxx rupiah .""]",False,5,1429,51,False,189
google/gemma-3-4b-it,informal,formal,random,N/A,"hai tolong bantuannya saya baru top up ovo tp tulisannya di ovo gagal terus gak bisa nampilin saldo , gimana ya ?","“halo , tolong bantu , aku baru top up ovo tapi tulisannya di ovo gagal terus gak muncul saldo , gimana ya ?”",False,293,4400146,44,"[""apakah bisa , memblokir nomor telepon dari pihak ovonya langsung ?"", ""xxxnumberxxx hari xxxnumberxxx gb youtube hanya berkurang xxxnumberxxx xxxnumberxxx mb , karena memang tidak jalan , loading saja terus . emosi di jiwa ."", ""akun virtual bca sedang bersalahkah , admin ?"", ""saya mau tanya , ini saya mau beli paket yellow kenapa sama xxxnumberxxx tidak direspons / tidak dibalas ?"", ""admin . saya sudah sampai tujuan . namun di aplikasi belum dapat memberikan penilaian . bisa tolong menghubungi pengemudi untuk menyelesaikan perjalanan ? rincinya , sudah saya dm . terima kasih .""]",False,5,1540,28,False,109
google/gemma-3-4b-it,informal,formal,random,N/A,"ini chattingan sama triva , cepet banget responnya jadi gak lama nunggu kaya chat dari dia","""ini chat sama triva, cepet bgt responnya, jadi gak nunggu lama kayak chat dari dia.""",False,295,4400147,44,"[""aku kasih nomorku tetapi jangan whatsapp yang aneh - aneh , admin . aku mudah membawa perasaan sebabnya ."", ""sudah dicoba semuanya sama . sinyal penuh tetapi lambatnya luar biasa ."", ""ayo pantau timeline smartfren terus ya . jangan lupa follow xxxuserxxx juga kak . terima kasih sobat setia smartfren . via"", ""apakah dia lulusan kkn di desa penari ?"", ""ini min , minta tolong diperiksa sudah sampai mana . masa , sudah xxxnumberxxx minggu belum sampai . tolong banget admin , diperbaharui sampai mana .""]",False,5,1437,26,False,85
google/gemma-3-4b-it,informal,formal,random,N/A,ini kok muncul ginian terus sih min ? bisa xxxnumberxxx - xxxnumberxxx x semenit . gmn cara ilanginnya ?,“kok gini terus sih min? bisa xxxnumberxxx - xxxnumberxxx x semenit. gimana caranya ilanginnya?”,False,297,4400148,44,"[""tetapi , saat berangkatnya lebih murah , ini bagaimana ? botani bergeser xxxnumberxxx km ?"", ""bisa cek saja aplikasi mytelkomsel kalau tidak bisa * xxxnumberxxx *"", ""cek resi ini admin . delivery kurir dari jam xxxnumberxxx tadi belum datang - datang . xxxnumberxxx xxxnumberxxx ."", ""benar , aku sering sekali setiap setelah isi kuota sinyal tidak ada ."", ""kode promonya ada di televisi . di rumah selebriti .""]",False,5,1358,27,False,96
google/gemma-3-4b-it,informal,formal,random,N/A,"halo jenius , untuk pengiriman kartu ke domisili biasanya dibutuhkan waktu brp lama ya ? ty","""halo admin , kira kira lama pengiriman kartu ke rumah berapa ya nih ? makasih ya.""",False,299,4400149,44,"[""hallo admin . bagaimana cara melihat riwayat pengisian pulsa ?"", ""kalau sudah minta kode otp sudah pasti xxxpercentxxx penipuan , langsung matikan hp atau maki - maki penelponnya ."", ""ayo pantau timeline smartfren terus ya . jangan lupa follow xxxuserxxx juga kak . terima kasih sobat setia smartfren . via"", ""saya kira hanya saya saja yang seperti ini ."", ""admin . sudah xxxnumberxxx hari saya mau gofood , kenapa tidak mendapat driver terus - menerus ? apakah aplikasi gojek sedang error ?""]",False,5,1427,22,False,83
google/gemma-3-4b-it,informal,formal,random,N/A,"min , kok pulsa saya selalu tersedot terus ya ? padahal data selalu saya matiin ?","""weh, terus-teruus pulsa gue abis tuh? padahal data udah off semua.""",False,301,4400150,44,"[""intinya telkomsel tidak mau susah . terima masuk saja . seperti itu lah ."", ""admin , bagaimana ini ? kita warga twitter yang hobi rebahan menjadi bad mood karena sinyal susah . sinyal xxxnumberxxx g berasa xxxnumberxxx g malah e ."", ""adaptasi teknologi yang tidak diimbangi dengan sdm mumpuni merupakan permasalahan utama di indonesia ."", ""saya melakukan pembukaan tabungan lewat bca mobile , namun saat tahap panggilan video dengan pelayanan pelanggan , selalu tidak bisa ."", ""selesai jam ? tolong cepat mama ammy , salam buat rafatar .""]",False,5,1463,23,False,68
google/gemma-3-4b-it,informal,formal,random,N/A,"halo , mau tanya . untuk transaksi ini kok resinya gak update ya ? padahal status di jne nya sudah diproses . xxxnumberxxx thanks","halo , resi kok gak update ya ? jne udah diproses , xxxnumberxxx thanks .",True,303,4400151,44,"[""halo , tolong cek dm . penting ."", ""sampai kapan ini ? sangat butuh internet ."", ""sudah saya dm admin , mohon dicek ."", ""yang lebih cepat dari gundala ? kalau aku : ketika bilang tidak saat suami mau beli mainan baru ."", ""lumayan sekali dapat xxxnumberxxx gb hanya bayar rp xxxnumberxxx""]",False,5,1260,21,False,73
google/gemma-3-4b-it,informal,formal,random,N/A,yah . lupa . dulu waktu aktivasi di ceklis apa enggak .,"“eh, aku lupa. waktu pertama kali diaktifin di ceklis itu, udah dicek belum sih.”",False,305,4400152,44,"[""setelah baca kasus ini , mari kita biasakan tidak isi gopay terlalu banyak biar kalau ada ancaman disedot kita bisa berfikir tenang dengan kemungkinan terburuknya ."", ""halo admin , tolong periksa dm , terima kasih ."", ""pengembalian saldo karena gagal penarikan membutuhkan waktu berapa lama ? saya sudah melaporkan xxxnumberxxx hari kerja sampai sekarang masih proses ditindaklanjuti terus ."", ""kasih aku tiket konser day xxxnumberxxx saja ."", ""admin , top - up di aplikasi ovo kenapa tidak bisa tersambung di ovo - nya grab ? padahal nomornya sudah sama .""]",False,5,1456,25,False,81
google/gemma-3-4b-it,informal,formal,random,N/A,"halo kak , tolong di cek jp xxxphonexxx saya belum menerima barangnya .","""halo kak , tolong cek jp xxxphonexxx saya belum terima barang . klaimnya belum jelas kapan hasilnya . jangan tunggu ini menyebar !""",False,307,4400153,44,"[""admin , mengapa dm saya belum di respon - respons ? sudah xxxnumberxxx hari admin ."", ""admin . boleh minta informasi nomor puk untuk nomor xxxnumberxxx ?"", ""berarti sudah berubah aturannya , kalau tidak salah dulu bisa dilakukan melalui atm ."", ""sama seperti saya , pak . paket saya tidak saya terima . klaimnya tidak jelas kapan hasilnya . jangan tunggu ini menyebar !"", ""untuk nomor rekening ponsel minimal nominal berapa ?""]",False,5,1341,33,False,132
google/gemma-3-4b-it,informal,formal,random,N/A,"milenial bang , sibuk di kantor . banyak online shop juga , ada ojol juga . gak ada manfaatnya dong nih online shop sama ojol","“admin, online shop sama ojol tuh, kayaknya gak ada gunanya lagi ya? banyak banget tuh yang online.”",True,309,4400154,44,"[""admin , kenapa saya tidak bisa sms ? saya mau konfirmasi pembelian paket selalu gagal smsnya dari tadi ."", ""eh salah admin , maksudnya a hahaha ."", ""halo admin , bagaimana kalau paket saya misroute ?"", ""nomor resi xxxnumberxxx mohon dibantu admin . belum diantar kurirnya ."", ""halo xxxuserxxx . mohon input resi sicepat xxxnumberxxx dari nomor transaksi xxxnumberxxx , produk dropship ke alamat sesuai aplikasi bukalapak . terima kasih .""]",False,5,1407,27,False,100
google/gemma-3-4b-it,informal,formal,random,N/A,ke asyikan ya kaya operator punya bapak kamu sendiri wkwkwkwk,"waw, keren juga ya kayak operator punya bapak sendiri gitu hahaha.",False,311,4400155,44,"[""mengapa jaringan di permainan selalu buruk ? selalu turun , ping tidak pernah stabil ."", ""eh salah admin , maksudnya a hahaha ."", ""astaga . suka sekali kalau lagi berbicara , vi ."", ""ada masalah apa dengan grabfood ? di semarang , dari pagi pesanan tidak ada yang menempel . semua sibuk . ganti restoran pun sama ."", ""dari tadi selalu seperti ini . ini kenapa ya admin . aku kirim pesan admin juga tidak bisa .""]",False,5,1316,16,False,66
google/gemma-3-4b-it,informal,formal,random,N/A,"jam xxxnumberxxx tadi di telpon kurir , gw ketiduran min . bisa diambil sendiri ke gudang tidak ? sampai jam berapa ya ? thanks","“jam xxxnumberxxx tadi di telpon kurir, gue ngantuk min. bisa diambil sendiri ke gudang gak? sampai jam berapa ya? thanks.”",False,313,4400156,44,"[""hati - hati yang cuka colok - colok atm ."", ""kotak masuk tidak penuh dan jaringan cukup stabil ."", ""senang melihatnya . ub bukanlah ub tanpa pria ini . legenda !"", ""halo admin xxxuserxxx , apakah masih diperlukan surat kehilangan dari polsek / polres untuk mengurus kartu atm yang hilang ?"", ""kasih aku tiket konser day xxxnumberxxx saja .""]",False,5,1311,35,False,123
google/gemma-3-4b-it,informal,formal,random,N/A,knapa sekarang foto driver gak bisa di klik utk memperbesar / memperjelas ? bagaimana penukpang mau merasa aman kalau foto driver terlalu kecil untuk dilihat ?,"""kenapa sekarang foto driver gak bisa di klik utk gedein/jelasin? gimana mau merasa aman kalo fotonya kecil banget buat dilihat?""",False,315,4400157,44,"[""admin , minta naik gaji admin , ganti hp ."", ""apakah ini pekerjaan bukalapak resi sudah benar mengapa dana saya dikembalikan ke pembeli ?"", ""xxxnumberxxx hari xxxnumberxxx gb youtube hanya berkurang xxxnumberxxx xxxnumberxxx mb , karena memang tidak jalan , loading saja terus . emosi di jiwa ."", ""kalau dari australia mau mengirim xxxmoneyxxx apakah terkena charge ? dan apakah harus bayar charge terlebih dahulu baru bisa mendapatkan uang kita yang dikirim ?"", ""dari tadi selalu seperti ini . ini kenapa ya admin . aku kirim pesan admin juga tidak bisa .""]",False,5,1560,31,False,129
google/gemma-3-4b-it,informal,formal,random,N/A,ni toko online tp ga mau ngerespon chat nya ? kalo emang ga mau dagang ga usah dagang mendingan .,"“kenapa toko ini nggak bales chat sih? kalo mau bisnis, harus bales chat juga dong.”",False,317,4400158,44,"[""saya kirim uang , mengapa tidak masuk ? padahal status berhasil dan saldo saya terpotong ."", ""tolong xxxuserxxx ini diproses , modus penipuan ."", ""saya sudah coba beberapa kali hasilnya seperti itu . apa yang salah ?"", ""bisa jadi penipu , namun juga bisa jadi persaingan bisnis . apalagi go - jek sedang melebarkan sayapnya ."", ""mana dm - nya admin ? belum masuk ke dm saya .""]",False,5,1317,22,False,84
google/gemma-3-4b-it,informal,formal,random,N/A,no barcode rv417785365gb hampir xxxnumberxxx hari tidak ada pergerakan mengenai barang saya,“no barcode rv417785365gb udah lama banget nih nggak ada kabar soal barangku.”,False,319,4400159,44,"[""admin , kalau sudah melewati estimasi pengiriman , tapi barang belum sampai bagaimana ?"", ""hai xxxuserxxx . tolong periksa dm saya . terima kasih !"", "": seberapa kamu ? : kalau ke sekolahku waktunya sekitar lima menit . sekolahku masuk jam xxxnumberxxx . : terus ? : aku berangkat jam xxxnumberxxx pagi ."", ""tolong ka nas , kasihan tidak ada yang chat ini admin ."", ""iya sama , sudah saya dm dari tadi , mbak yang cantik ini . ini signalnya hai !""]",False,5,1382,27,False,78
google/gemma-3-4b-it,informal,formal,random,N/A,"coba juga di jam tengah malam , biasanya jam² im3 lancar","“coba cek pas jam tengah malem, biasanya Im3 lancar²”",False,321,4400160,44,"[""tolong di cek untuk , awb : xxxnumberxxx . statusnya misroute itu artinya apa ? lalu untuk paket saya kapan sampainya ? terima kasih ."", ""admin , saran shopeepay bisa juga untuk membeli pulsa , paket data , dan listrik . hahaha ."", ""admin , kalau mau kirim pulsa ke telkomsel bisa tidak hanya xxxnumberxxx ribu begitu ?"", ""paket saya dengan resi xxxnumberxxx kenapa macet dan belum dikirimkan dari tanggal xxxnumberxxx ?"", ""admin , kalau sudah melewati estimasi pengiriman , tapi barang belum sampai bagaimana ?""]",False,5,1412,18,False,53
google/gemma-3-4b-it,informal,formal,random,N/A,baik intinya kuota trf gratis ke rekening bank itu xxxnumberxxx kali ya,"“intinya, kuota trf gratis ke bank xxxnumberxxx itu, kayaknya sekitar xxxnumberxxx deh.”",False,323,4400161,44,"[""admin xxxuserxxx kenapa sekarang minimal transaksi harus besar begini ? jadi semakin susah dapat cashback ."", ""baru saja saya membeli barang di tokopedia dan tidak bisa dibatalkan , bisa tolong dibatalkan pesanan saya inv / xxxnumberxxx / xix / ix / xxxnumberxxx ?"", ""di kebon sirih sinyal terulang e terus berhari - hari . sedang tidak stabil atau bagaimana ?"", ""ha sung woon , red velvet , tiffany young , kyu hyun . sini merapat nak ."", ""fyi , android xxxnumberxxx baru saja launch tanggal xxxdatexxx kemarin . dan hampir semua aplikasi banking tidak support .""]",False,5,1479,26,False,88
google/gemma-3-4b-it,informal,formal,random,N/A,"selamat pagi min xxxuserxxx , tolong trouble ticket id ttb000003452245 di follow up . terima kasih","“Selamat pagi, Kak. Tolong di-follow up ticket ttb000003452245 ya, makasih.”",False,325,4400162,44,"[""mengapa sinyalnya sangat jelek ini ?"", ""malam kak . mengapa paketan saya dengan resi xxxnumberxxx , sudah xxxnumberxxx hari statusnya belum berubah ?"", ""tahun baru dan tarif baru yang sungguh membuat"", ""admin , kalau sudah melewati estimasi pengiriman , tapi barang belum sampai bagaimana ?"", ""alhamdulillah masih banyak orang yang baik di bumi . mbaknya juga semoga lekas sembuh !""]",False,5,1324,34,False,76
google/gemma-3-4b-it,informal,formal,random,N/A,"jaringan bermasalah ga ada ? kemarin baru ngisi , sore ini sudah lemot parah , blm fup ya ! sinyal perbaiki daerah neglasari , tangerang .","“jaringannya knpa sih? kmrn baru isi, sore ini udah lemot banget, blm fup juga! sinyal perbaiki di neglasari, tangerang.”",True,327,4400163,44,"[""motor honda spacy xxxnumberxxx xxxnumberxxx xxxnumberxxx cc ke arcawinangun , purwokerto timur ."", ""admin . apakah ada promo untuk pertama order gomassage ?"", ""saya gagal dan kuota saya tidak ada . itu bukan hanya satu kali tetapi dua kali dan nominalnya xxxnumberxxx ."", ""sekarang dm mereka yang berkata kalau pulsa sudah dikembalikan dihapus oleh mereka . begitukah cara mencari uang sekarang ?"", ""iya , besok rencananya mau ke bank . menelepon pusat bantuan , tidak berguna . parah !""]",False,5,1469,40,False,121
google/gemma-3-4b-it,informal,formal,random,N/A,pesta kuota apa ya min ?,"""nah, tolong info kuota pesta dong min.""",False,329,4400164,44,"[""iya , admin , tolong dibaca dm - nya . terima kasih ."", ""halo , pengaduan saya pengembalian dana ke kartu kredit belum ditangani . tolonglah jangan diam ."", ""respon awal katanya harus masukin kata sandi salah , padahal sudah benar . dan yang ke dua setelah terblokir , tidak bisa memasukkan kode otp ke aplikasi ."", ""nah , sudah saya unreg namun seperti itu responnya . membuat bingung ."", ""jika pesanan tidak diproses penjual , batal otomatis setelah berapa hari ? di bukalapak , tidak ada informasi seperti itu .""]",False,5,1383,14,False,40
google/gemma-3-4b-it,informal,formal,random,N/A,gak gitu min disini pada demo2 gakjls kasian para driver yang uangnya di gopay kaya saya min,"""ini min, di demo2 gak jelas tuh, kasihan banget para driver yang uangnya di gopay kayak saya min.""",False,331,4400165,44,"[""tunggu mas , saya sedang menanyakan kepada orangnya . dia belum membalas ."", ""jam xxxnumberxxx lama sekali ! saya mau menghabiskan kuota malem xxxuserxxx ! apakah tidak bisa , kuota malamnya diganti jadi kuota siang ?"", ""yang lebih cepat dari gundala itu munculnya tukang parkir indomaret secara tiba - tiba ."", ""admin , bagaimana cara menambah masa aktif kartu loop ?"", ""hai xxxuserxxx xxxuserxxx , kenapa setelah di - update versinya jadi loading lama dan tidak bisa lihat apa - apa ? saya mau lihat status pesanan saya .""]",False,5,1460,29,False,99
google/gemma-3-4b-it,informal,formal,random,N/A,gua ga pernah begini soalnya wkwkwk,"ya ampun, ini pengalaman pertama kalinya buat gue, beneran nggak nyangka!",False,333,4400166,44,"[""kalau ajukan pembatalan dimana pesanan barang yang dibeli sudah dibayar dan bayarnya pakai kartu kredit , mekanisme pengembalian dananya bagaimana ?"", ""senang melihatnya . ub bukanlah ub tanpa pria ini . legenda !"", ""apakah ini pekerjaan bukalapak resi sudah benar mengapa dana saya dikembalikan ke pembeli ?"", ""ya allah kakak kelas sma saya viral !"", ""malam kak . mengapa paketan saya dengan resi xxxnumberxxx , sudah xxxnumberxxx hari statusnya belum berubah ?""]",False,5,1342,21,False,73
google/gemma-3-4b-it,informal,formal,random,N/A,min tolong cek riwayat pulsa transfer yg masuk ke nomor xxxnumberxxx pada tanggal xxxnumberxxx agustus xxxnumberxxx,"“eh, min, cek dong riwayat pulsa transfer ke xxxnumberxxx tanggal xxxnumberxxx agustus xxxnumberxxx.”",False,335,4400167,44,"[""halo , saya top up grab ovo lewat atm barusan , tapi kenapa belum masuk ?"", ""yang benar ? aku sudah ganti ponsel mahal untuk menuruti sinyal xl ini padahal ."", ""tahun baru dan tarif baru yang sungguh membuat"", ""iya sama , sudah saya dm dari tadi , mbak yang cantik ini . ini signalnya hai !"", ""saya berencana menutup kartu pascabayar saya hari ini . tidak bisa ditutup dengan alasan harus menunggu siklus . apakah harus begitu ?""]",False,5,1388,28,False,101
google/gemma-3-4b-it,informal,formal,random,N/A,sudah . masih tetep ngga bisa dari tadi,"“udah, masih kok ngga bisa dari tadi, beneran.”",False,337,4400168,44,"[""tetap tidak bisa , admin . nomor kartu kredit yang saya masukkan sudah benar , tetapi tetap tidak bisa klik tombol continue . saya sudah mengulanginya berkali - kali ."", ""mengapa jaringan di permainan selalu buruk ? selalu turun , ping tidak pernah stabil ."", ""bisa di cek nomor resi ini . mengapa tidak valid lewat app jp xxxphonexxx ?"", ""malam kak . mengapa paketan saya dengan resi xxxnumberxxx , sudah xxxnumberxxx hari statusnya belum berubah ?"", ""normal apanya admin ? sudah beberapa hari mati nyala terus . hari ini tidak tahu sudah berapa kali , tidak menghitung saking seringnya .""]",False,5,1473,17,False,47
google/gemma-3-4b-it,informal,formal,random,N/A,nah bener nih dipesen itu grabfoodnya dan jangan lupa apapun makanannya minumannya teh botol sosro ( endorse dong xxxuserxxx ),"“wah, pesen Grabfoodnya tuh, jangan lupa makanannya, minumannya teh botol Sosro (endorse dong, @xxxuserxxx)!”",False,339,4400169,44,"[""memikirkan si dia itu lebih cepat dari bernapas bahkan ."", ""sekencang - kencangnya mantan incaran cewek yang baru sehabis putus , lebih kencang lagi admin twitter xxxuserxxx dan tim kreatifnya memanfaatkan konten viral dengan menjadikannya konten marketing ."", ""malas menghitungnya . banyak pelanggan mengalami hal yang sama , kami berinisiatif akan beralih ke yang lain saja ."", ""ayo pantau timeline smartfren terus ya . jangan lupa follow xxxuserxxx juga kak . terima kasih sobat setia smartfren . via"", ""admin , maaf . sedang gangguan atau bagaimana ? dari tadi selalu tidak dapat menghubungkan ke internet .""]",False,5,1582,35,False,109
google/gemma-3-4b-it,informal,formal,random,N/A,tidak . krn banyak mitra berkerumun didepan saya,"“eh, kok banyak banget mitra yang numpuk di depan saya sih?”",False,341,4400170,44,"[""admin xxxuserxxx . saya mau komplain terkait dengan nomor resi jp xxxphonexxx . barang diterima dalam keadaan plastik terbuka , sehingga barang ada yang jatuh dan hilang ."", ""oh , oke , terima kasih banyak infonya ."", ""ada apa dengan kurir pos ? sampai saat ini belum juga terbaharui ongkos kirimnya . padahal sejak tanggal xxxdatexxx , sudah berlaku tarif baru ."", ""tolong , jaringan . pekerjaan jadi tidak benar gara - gara jaringan dari semalam lambat ."", ""saya pakai xl prioritas kenapa lambatnya minta ampun ? padahal dulu sangat cepat , apa lagi ada maintenance ?""]",False,5,1462,17,False,60
google/gemma-3-4b-it,informal,formal,random,N/A,min . saya coba buat transfer ke bank lain pakai m - banking pagi ini gagal terus ya ? tp buat transfer ke virtual account lancar . ada solusikah ?,"min, kok transfer ke bank lain lewat m-banking pagi ini gak bisa ya? padahal ke virtual account lancar. ada solusinya gak nih?",False,343,4400171,44,"[""maaf kak . emailnya tidak dapat dicari ."", ""cara pakainya bagaimana admin ? saya klik gunakan sekarang masuk ke web sampai itu saja ."", ""coba cek ke website jnt langsung . kadang suka beda track di shopee dan di website ."", ""paket internet lokal , bagaimana kelanjutan jalan keluarnya ?"", ""mengapa error terus , hanya sekali tahu tap nya .""]",False,5,1331,33,False,126
google/gemma-3-4b-it,informal,formal,random,N/A,pengen liatt min tpi gimana yaa,"pengen liat tuh, gimana yaa",False,345,4400172,44,"[""iklan dari grab hahaha . lucu sekali"", ""iya mas ndang , dibenarkan ya . apalagi untuk airlangga kampus c , telkomsel lambat ."", ""iya , budjana kan ? dewa budjana gitaris gigi bukan ?"", ""saya pernah seperti ini , untung sadar ."", ""aduh memang indosat bermasalah terus ini . mana pulsa terpakai tiba - tiba . ingin rasanya ganti provider saja .""]",False,5,1218,11,False,27
google/gemma-3-4b-it,informal,formal,random,N/A,halo min xxxuserxxx tolong cek dm ya .,sama . masih juga jaringan naik turun .,True,347,4400173,44,"[""jl . politeknik , kec . tamalanrea , makassar , sulawesi selatan . jaringan di sini jelek sekali , mengapa tidak diperbaiki ? kuota banyak , namun jaringan sangat jelek seperti ini ."", ""bukalapak yang terhormat , mengapa ongkos kirim bukalapak berbeda dengan di lapangan . bahkan dibandingkan dengan marketplace lain , meski bebas ongkos kirim , harganya tetap sama tanpa dinaikan terlebih dahulu ."", ""ada apa denganmu ? xxxnumberxxx g itu ."", ""keluar update versi xxxnumberxxx . xxxnumberxxx kapan admin ?"", ""sama . masih juga jaringan naik turun .""]",False,5,1432,10,False,39
google/gemma-3-4b-it,informal,formal,random,N/A,"pakdok ga usah ikutan , traktir saya ngopi aja deh .","""pak, boleh dong nggak ikut? traktir kopi aja deh buat aku.""",False,349,4400174,44,"[""sudah nonton admin , sangat seru ."", ""ada masalah apa dengan grabfood ? di semarang , dari pagi pesanan tidak ada yang menempel . semua sibuk . ganti restoran pun sama ."", ""hai admin . mohon bantu untuk hapus akun gojek saya yang lama . terima kasih ."", ""jika pesanan tidak diproses penjual , batal otomatis setelah berapa hari ? di bukalapak , tidak ada informasi seperti itu ."", ""apakah di bca kantor cabang purwokerto ada perbankan akhir pekan ? terima kasih .""]",False,5,1360,18,False,60
google/gemma-3-4b-it,informal,formal,random,N/A,"kencan bahagia versi gue itu yang gak pake ribet , sederhana , saling ngerti , gak harus nuntut dan paling penting dia seneng ketika ketemu gue","“kencan gue, simpel aja, saling paham, gak usah maksa, yang penting dia happy ketemu gue.”",False,351,4400175,44,"[""mohon info status pengiriman dengan nomor resi jd xxxphonexxx tujuan medan , admin , karena masih belum diterima . paket dikirim dari bandung tanggal xxxdatexxx . terima kasih ."", ""admin . kalau lupa akun shopee bagaimana ? aku daftar lagi tetapi tidak bisa shopeepay karena sudah terdaftar . jadi bagaimana ?"", ""xxxuserxxx , mengapa saya sudah dua kali top up tidak masuk - masuk saldonya ?"", ""halo , pengaduan saya pengembalian dana ke kartu kredit belum ditangani . tolonglah jangan diam ."", ""besok dipanggil lagi ke bpsk ? tidak ada malu itu memang tidak ada batasnya .""]",False,5,1561,26,False,90
google/gemma-3-4b-it,informal,formal,random,N/A,kalau lokasi bank terdekat dimana ya ?,"cek dm dari saya admin. lokasi bank terdekat, ya?",False,353,4400176,44,"[""provider ini isinya hanya orang jahat yang hanya menipu konsumen - konsumennya dengan alasan dm agar konsumen lain tidak tahu . kenapa harus dm , bodoh ! xl ?"", ""bales dm kawan , dari pagi di - dm ."", ""tetapi , saat berangkatnya lebih murah , ini bagaimana ? botani bergeser xxxnumberxxx km ?"", ""baik admin , sebentar lagi saya kirim lewat dm . terima kasih ."", ""cek dm dari saya admin .""]",False,5,1270,15,False,49
google/gemma-3-4b-it,informal,formal,random,N/A,bisa tolong cek dm dr saya,"“Admin, tolong cek DM dari saya, makasih.”",False,355,4400177,44,"[""halo admin , tolong periksa dm , terima kasih ."", ""paket saya sampai mana ? resi xxxnumberxxx . terima kasih ."", ""bang , mengapa saya mau mendaftarkan paket dari semalam tidak bisa ?"", ""xxxuserxxx sedang bermasalah . pantas tidak bisa - bisa dan saya harus ambil hotspot dari telepon genggam satunya yang pakai xxxuserxxx lancar jaya . terima kasih ."", ""siang admin , email saya belum ada balasan juga .""]",False,5,1274,15,False,42
google/gemma-3-4b-it,informal,formal,random,N/A,itu seler kurang aja . iklan palsu dan aku sudah tertipu .,"“seler kurang, iklannya palsu, dan aku udah kena tipu banget.”",False,357,4400178,44,"[""halo admin , ini mengapa vouchernya tidak bisa digunakan . padahal sudah belanja xxxnumberxxx ribu lebih ."", ""kita sama dari minggu disuruh dm email dan nomor hp tapi sampai sekarang belum benar . astaga . ini bagaimana ?"", ""maaf admin , ingin bertanya apakah benar ini nomor dari gojek ? + xxxnumberxxx ."", ""kembalikan uang saya . kalau tidak , masukkan uang saya yang sudah saya top up ke gopay . saya minta tanggung jawab dan respon cepatnya . terima kasih ."", ""sudah bisa kawan . silahkan dicoba ulang transaksinya .""]",False,5,1423,20,False,62
google/gemma-3-4b-it,informal,formal,random,N/A,"besok "" pas udh ketemu tanya , kemarin kamu isiin gopay sapa aja",“besok mau tanya ke bpsk? udah kelar nanya kemarin? isiin gopay sama siapa aja?”,False,359,4400179,44,"[""besok dipanggil lagi ke bpsk ? tidak ada malu itu memang tidak ada batasnya ."", ""intinya telkomsel tidak mau susah . terima masuk saja . seperti itu lah ."", ""walah malah lambat pakai vpn ."", ""maaf kak . emailnya tidak dapat dicari ."", ""xxxdatexxx hari kedepan bukan ? tidak lebih dari xxxnumberxxx hari , bagaimana ?""]",False,5,1225,26,False,80
google/gemma-3-4b-it,informal,formal,random,N/A,"cek saha ma , so tau kamu mah","“halo ma, apa kabar?”",False,361,4400180,44,"[""halo xxxuserxxx . sedang ada masalah apakah ? mau membeli paket yellow kenapa dari tadi tidak bisa ?"", ""bagaimana mungkin lancar , sedang ada masalah . ayo gelut ."", ""cek dm coba xxxuserxxx dari tadi komplain tidak ada respons , pulsa sudah terpotong kena tarik per kb ."", ""malam , koneksi telkomsel semakin lama semakin buruk bukan membaik , sudah seminggu lebih seperti ini , jadi bagaimana solusi terbaik ?"", ""dear indosat , saya mau isi paket , tetapi mengapa tidak bisa ya ? sudah sejak jam xxxtimexxx tadi pulsa sudah masuk tetapi tidak bisa aktif .""]",False,5,1429,8,False,21
google/gemma-3-4b-it,informal,formal,random,N/A,sampe jam segini masih belum bisa daftarin paket loh,"""udah jam segini masih stuck gak bisa daftar paket tau?!""",False,363,4400181,44,"[""admin , saya mau bertanya . ini kalau menabung emas di tokopedia , nanti bisa minta barang fisiknya tidak ?"", ""maaf , kenapa kakak - kakak nct menjadi tukang ojek online ? hahaha ."", ""yang lebih cepat dari gundala itu munculnya tukang parkir indomaret secara tiba - tiba ."", ""akun saya ditangguhkan karena saya cancel terus . padahal saya sedang buru - buru dan dapatnya pengemudi ganjil terus di hari yang genap . mohon dm saya ."", ""senang melihatnya . ub bukanlah ub tanpa pria ini . legenda !""]",False,5,1392,15,False,57
google/gemma-3-4b-it,informal,formal,random,N/A,"kota malang min , biasanya cepet dapet driver . hari ini yg parah .","malang min, lama banget nih nungguin drivernya. hari ini parah banget sih.",False,365,4400182,44,"[""hanya alamat yang berubah . jadi harus ke cabang bca terdekat untuk mengganti kartu ya ? apakah ada biaya tambahan ?"", ""xxxnumberxxx ribu . ada juga yang versi inggrisnya sampai xxxnumberxxx jutaan ."", ""tolong di cek untuk , awb : xxxnumberxxx . statusnya misroute itu artinya apa ? lalu untuk paket saya kapan sampainya ? terima kasih ."", ""kak , tadi coba mau beli pulsa telkomsel xxxnumberxxx xxxnumberxxx xxxnumberxxx k , tapi kenapa dibatalkan terus ? apa stoknya lagi kosong ?"", ""tidak ada balasan sampai sekarang . apa karena hanya terpotong xxxnumberxxx ribu saja ?""]",False,5,1484,21,False,74
google/gemma-3-4b-it,informal,formal,random,N/A,"menu pembaharuan password itu kaya gini , kenapa sih susah amat ambil dana yang ada di akun sendiri ke rekening sendiri","garaaa, update passwordnya kayak gini, kok susah banget ambil duit di saldo sendiri ke rekening sendiri sih?",False,367,4400183,44,"[""terima kasih sayang bonus kuota xxxnumberxxx gb - nya . lumayan satu hari untuk streaming , hahaha ."", ""eg713315489kr tetapi belum masuk . indonesia , kak . masih dalam perjalanan ."", ""untuk nomor rekening ponsel minimal nominal berapa ?"", ""sinyal indosat di tempat aku , lebih baik dibandingkan dengan sinyal provider merah . padahal sama - sama menggunakan menara bersama . terima kasih ."", ""yang benar ? aku sudah ganti ponsel mahal untuk menuruti sinyal xl ini padahal .""]",False,5,1438,23,False,108
google/gemma-3-4b-it,informal,formal,random,N/A,ini sudah terkirim tp pesanan belum selesai d sistem karna saya menggunakan kurir berbeda,“ini sudah sampai tp pesanan belum selesai di sistem karena saya pakai kurir lain.”,False,369,4400184,44,"[""admin . nomor resi xxxnumberxxx , manifested hingga kapan ?"", ""saya beli paket rp . xxxnumberxxx ribu tapi mengapa tidak masuk ? padahal pulsanya sudah terpotong ."", ""sampai kapan ini ? sangat butuh internet ."", ""satu lagi , admin . saya aktifkan paket ig loop xxxnumberxxx xxxnumberxxx gb xxxnumberxxx kali tapi kenapa malah tidak diakumulasi jumlahnya ? pulsa sudah terpakai xxxnumberxxx ribu ."", ""saat nanti bikin baru tetap tidak dapat voucher .""]",False,5,1383,20,False,83
google/gemma-3-4b-it,informal,formal,random,N/A,dr kmaren kok xl no service . ada penjelasan ?,"“ane xl gak ada pulsa dari kemarin , ada penjelasan gak nih?”",False,371,4400185,44,"[""saldo terpotong , tapi uang tidak keluar . ini sudah kali kedua saya melakukan penarikan tunai di atm ."", ""minta pencerahannya . mengapa saldo tidak masuk ? xxxnumberxxx trip xxxnumberxxx . ada apakah ini ?"", ""fyi , android xxxnumberxxx baru saja launch tanggal xxxdatexxx kemarin . dan hampir semua aplikasi banking tidak support ."", ""mau tanya xxxuserxxx , apa benar ovo sedang mengalami masalah ? saya top up via xxxuserxxx sore tadi sampai sekarang xxxnumberxxx belum masuk juga ."", ""malam , koneksi telkomsel semakin lama semakin buruk bukan membaik , sudah seminggu lebih seperti ini , jadi bagaimana solusi terbaik ?""]",False,5,1514,17,False,61
google/gemma-3-4b-it,informal,formal,random,N/A,"apakah tanpa buku tabungan bisa , untuk upgrade nya , sama mau setor tunai soalnya pecahan xxxnumberxxx ribu , trimakasih","“tanpa buku tabungan bisa buat upgrade? sama mau setor tunai soalnya pecahan xxxnumberxxx ribu, makasih.”",False,373,4400186,44,"[""bagaimana ini ? seharian tidak bisa , pulsa terpotong terus ."", ""bl1913pytauginv transaksi batal tapi saldo bl dan dana saya belum kembali . tolong diproses . terima kasih ."", ""hahaha , benar juga . xxxnumberxxx lebih banyak pilihannya ."", ""grabfood error , apakah saya harus beralih ke gofood ?"", ""xxxuserxxx , mengapa saya sudah dua kali top up tidak masuk - masuk saldonya ?""]",False,5,1343,28,False,105
google/gemma-3-4b-it,informal,formal,random,N/A,mau tanya udh beli paket kok ga masuk2 gimana nii ?,“Kok paketnya gak aktif ya? Kok gak masuk tuh?”,False,375,4400187,44,"[""perasaan saya tidak pernah registrasi ke layanan / fitur tersebut . mengapa bisa tiba - tiba ada sms begitu ?"", ""dm terus . tidak ada respons lain yang bisa anda sampaikan ? selesaikan di sini , penyelesaiannya ingin seperti apa ?"", ""sudah ada di dm semua , lokasi dan nomor ."", ""sama kak , herannya rutenya berubah per hari ini . kemarin normal saja . bingung tidak ?"", ""untuk apa nomorku , kutu busuk ! kamu tidak lihat konsumen - konsumen lain ada masalah yang sama . kontol jangan berlaga congek dan tuli , kamu goblok .""]",False,5,1420,15,False,47
google/gemma-3-4b-it,informal,formal,random,N/A,hhahaha yg trakhir pas kiss eresiinya lutcuu bangett njirr 🤣 🤣 🤣 🤣 🤣 ada xxxnumberxxx wink kayanya,hahaha pas kissing lutcuuuu bangeett njirr 🤣 🤣 🤣 🤣 🤣 ada xxxnumberxxx wink kayanya.,True,377,4400188,44,"[""terima kasih sayang bonus kuota xxxnumberxxx gb - nya . lumayan satu hari untuk streaming , hahaha ."", ""admin grab yang baik hari . saya minta tolong untuk periksa dm ya . terima kasih ."", ""halo , tolong cek dm . penting ."", ""lumayan untuk menonton youtube . terima kasih xxxuserxxx , rp xxxnumberxxx dapat xxxnumberxxx gb ."", ""admin , maaf . sedang gangguan atau bagaimana ? dari tadi selalu tidak dapat menghubungkan ke internet .""]",False,5,1375,32,False,83
google/gemma-3-4b-it,informal,formal,random,N/A,selamat siang . dua hari ini orderan grabfood di denpasar kok drivernya jauh - jauh dari resto ya ? kebetulan atau memang ada error ? terima kasih,"selamat siang , grab driver di denpasar kok jauh - jauh dari resto dua hari ini ya ? kebetulan apa gimana nih min ? makasih",True,379,4400189,44,"[""maaf , kenapa kakak - kakak nct menjadi tukang ojek online ? hahaha ."", ""kamu tidak mau berbagi kode promo apa !"", ""selamat hari minggu admin . kalau mau bayar tiket kereta dari go - mobile bagaimana ?"", ""yang lebih cepat dari gundala itu munculnya tukang parkir indomaret secara tiba - tiba ."", ""pagi juga admin . terima kasih sudah respon . di rumah , hanya ada istri saja min . tidak ada yang menerima . tetangga juga tidak ada yang namanya sandi .""]",False,5,1442,32,False,123
google/gemma-3-4b-it,informal,formal,random,N/A,"halo , ini saya login gabisa2 dari tadi , kodenya ga ke send2 di nomor saya . soalnya mau ganti nomor tolong dong","“halo , kok saya login gak bisa ya dari tadi , kode gak dikirim ke nomor saya . mau ganti nomor tolong dong bantu.”",False,381,4400190,44,"[""permisi admin bukalapak , mohon konfirmasi top up dana saya sebesar rp xxxnumberxxx . xxxnumberxxx . berikut bukti pembayaran . terima kasih ."", ""halo , saya top up grab ovo lewat atm barusan , tapi kenapa belum masuk ?"", ""tolong bantu , kenapa nomor simpati saya tidak bisa menerima sms dari nomor tri , padahal ditelepon bisa ."", ""admin xxxuserxxx untuk memberantas ini bagaimana ?"", ""saya kira , yang lebih cepat dari gundala itu menembus kemacetan pakai grabbike . ternyata iya , benar . putra menyetir .""]",False,5,1466,31,False,115
google/gemma-3-4b-it,informal,formal,random,N/A,bandwidth xxxnumberxxx xxxnumberxxx xxxnumberxxx kbps buat youtubean menggunakan indosat buffering terus tidak ?,"""kok youtubean buffering terus pas bandwidth xxxnumberxxx xxxnumberxxx xxxnumberxxx kbps pas indosat tuh?""",False,383,4400191,44,"[""saya pakai xl prioritas kenapa lambatnya minta ampun ? padahal dulu sangat cepat , apa lagi ada maintenance ?"", ""mantap belanja eh dapat bonus . yuk yang disekitaran boleh rapatkan barisan berburu bonus lewat xxxnumberxxx store terdekat ."", ""kak , tolong ini halodoc pesanan saya tidak terkirim , tapi di status tertulis terkirim ."", ""tidak bisa update saldo e - money setelah top up di tokopedia itu bagaimana ? tolong aku , admin ."", ""admin , yang paket internet malam hingga pukul xxxnumberxxx pagi itu yang jadi patokan xxxnumberxxx pagi wib atau xxxnumberxxx pagi waktu lokal pengguna ?""]",False,5,1548,27,False,106
google/gemma-3-4b-it,informal,formal,random,N/A,cek dm min disana ada nomer nomer kartu yg baru dibeli dan tidak bisa dipake internet . monggo solusinya,"""admin, tolong cek DM ya, ada nomor-nomor kartu baru yang dibeli dan nggak bisa dipakai internet. mohon solusinya.""",False,385,4400192,44,"[""selamat malam , admin . saya ingin melaporkan penipuan online yang terjadi pada saya kemarin . apakah bisa diproses ? terima kasih atas perhatiannya ."", ""kartu e - money dengan logo gojek terbaru ada tidak ?"", ""tolong admin , paket saya belum terkirim dengan resi jp xxxphonexxx ."", ""sekencang - kencangnya mantan incaran cewek yang baru sehabis putus , lebih kencang lagi admin twitter xxxuserxxx dan tim kreatifnya memanfaatkan konten viral dengan menjadikannya konten marketing ."", ""selamat siang , mohon bantuannya untuk di follow up admin , karena saya butuh untuk segera dikirimkan , terima kasih .""]",False,5,1553,33,False,115
google/gemma-3-4b-it,informal,formal,random,N/A,driver online yg ngocol pasti kesel terus nyinyir liat beginian . ngoceh bla . bla bukannya istighfar sambil bilang gw juga mau kaya gini ahh,"""driver online tuh pasti kesel banget ngeliat kayak gini. ngomel gitu. bukannya nyuruh diri sendiri jadi kaya gitu juga.""",False,387,4400193,44,"[""saya lupa pin , bagaimana reset - nya ? apakah saya harus menelepon cs ?"", ""apakah tidak ada kerjaan ? dimana - mana ada ."", ""seyakin apa admin sama aku ?"", ""sudah nonton admin , sangat seru ."", ""tidak sempat mengambil foto . namun pesannya , \"" kartu / rekening tidak benar \"" di negara xxxnumberxxx hume hwy , casula nsw xxxnumberxxx , australia .""]",False,5,1333,30,False,121
google/gemma-3-4b-it,informal,formal,random,N/A,kurang adil ya kayanya di tokped aja penjual bisa ngasih reputasi ke akun pembeli 🤭,"""kayaknya gak adil tuh di tokped , penjual bisa kasih reputasi ke pembeli 🤭""",False,389,4400194,44,"[""tolong ditindaklanjuti penipuan baru admin xxxuserxxx . nomor tidak dikenal . sangat berbahaya . orang yang tidak tahu pasti langsung menurut , apalagi fitur baru ."", ""tidak ada perubahan min . sepertinya di kelapa gading memang susah sinyal xxxnumberxxx nya min ."", ""selamat pagi , admin . you have no internet connection . please check your connection and try again ."", ""oh iya sekarang hari sabtu , bukan jam kerja . adminnya lagi sedang malam mingguan hahaha ."", ""mengapa perpanjang internet tidak bisa ? xxxnumberxxx juga tidak bisa ?""]",False,5,1467,25,False,76
google/gemma-3-4b-it,informal,formal,random,N/A,kak kenapa ga bisa bales sms ke xxxnumberxxx ?,“kok gak bisa bales sms ke xxxnumberxxx sih ?”,False,391,4400195,44,"[""yang lebih cepat dari gundala , gundala naik gundala ."", ""sekembalinya ke rumah serasa masuk gua lagi . sinyal hilang - hilangan ."", ""kotak masuk tidak penuh dan jaringan cukup stabil ."", ""iya , besok rencananya mau ke bank . menelepon pusat bantuan , tidak berguna . parah !"", ""bego hahaha . saya cek gojek lebih murah . kita coba lihat besok pagi . hahaha .""]",False,5,1250,14,False,46
google/gemma-3-4b-it,informal,formal,random,N/A,"iya , paham . yg saya protes kan kenapa smsnya bilang bakal diantar hari ini ? kalo","""iya , ngerti . masalahnya kok smsnya bilang bakal dianter hari ini , tapi kalo gitu ?""",False,393,4400196,44,"[""seyakin apa admin sama aku ?"", ""mengapa jaringan di permainan selalu buruk ? selalu turun , ping tidak pernah stabil ."", ""admin , biaya transfer ke bank gratis . namun , apakah ada kuota maksimal setiap bulannya ?"", ""admin . kemana jika mau komplain saldo ads tidak bertambah ? bukti transfer ada , tetapi dari aplikasi tokopedia tidak dapat invoice xxxuserxxx ?"", ""hai kak , terus pantau web kita dan jangan lupa follow xxxuserxxx juga . terima kasih sobat setia smartfren . mirza""]",False,5,1409,24,False,87
google/gemma-3-4b-it,informal,formal,random,N/A,"min saya mau hapus akun gojek cust , gmn cranya ? soal nya kna bajak orang","“min, mau hapus akun gojek cust, gimana caranya? soalnya kena bajak orang.”",False,395,4400197,44,"[""bagaimana ini ? seharian tidak bisa , pulsa terpotong terus ."", ""bagaimana xxxuserxxx tolong ditindaklanjuti !"", ""admin kalau mau membuat nomor kartu halo baru yang xxxnumberxxx itu bagaimana prosedur dan biayanya ?"", ""paket saya dengan resi xxxnumberxxx kenapa macet dan belum dikirimkan dari tanggal xxxnumberxxx ?"", ""perasaan saya tidak pernah registrasi ke layanan / fitur tersebut . mengapa bisa tiba - tiba ada sms begitu ?""]",False,5,1348,23,False,75
google/gemma-3-4b-it,informal,formal,random,N/A,mksdnya gimana min ? buka dimana itu ?,"""kok gini sih min? buka di mana tuh?""",False,397,4400198,44,"[""telkomsel , mengapa sinyalnya hilang ?"", ""mbak tidak sedang promosi ?"", ""di busway dan tol bisa normal digunakan atau untuk naik komuter agak berbeda ? mohon infonya . sayang saldo flazz saya kalau dianggap kadaluarsa ."", ""selamat sore , sudah saya dm ya , admin . jadi bagaimana ?"", ""yang benar ? aku sudah ganti ponsel mahal untuk menuruti sinyal xl ini padahal .""]",False,5,1248,13,False,37
google/gemma-3-4b-it,informal,formal,random,N/A,cc xxxuserxxx kayak ginian dulu udah digiles sama xxxuserxxx . kemkominfo xxxuserxxx sekarang mana berani .,"""cc xxxuserxxx kayak gitu udah digilas sama xxxuserxxx . Kominfo sekarang mau berani apa.""",False,399,4400199,44,"[""penipu , sampai kapan tidak mau merespon keluhan saya ? xxxuserxxx lihat saja akan saya ramaikan terus ."", ""kamu , put , cek saja di penawaran menarik ."", ""apakah indosat daerah medan mengalami gangguan admin ?"", ""kode promonya ada di televisi . di rumah selebriti ."", ""aku kasih nomorku tetapi jangan whatsapp yang aneh - aneh , admin . aku mudah membawa perasaan sebabnya .""]",False,5,1327,25,False,90
google/gemma-3-4b-it,informal,formal,random,N/A,udah mana lagi jagain jodoh orang digangguin pula sama sinyal,"“apa lagi nih, ganggu orderan orang lagi, dibikin susah sama sinyal?”",False,401,4400200,44,"[""isi pulsa jam xxxnumberxxx siang . saldo dana sudah terpotong , namun mengapa pulsa belum masuk ?"", ""admin nomor resi jp xxxphonexxx mengapa belum dikirim - kirim dari hari sabtu ?"", ""tadi barusan habis pakai aplikasi sebelah ."", ""hai xxxuserxxx xxxuserxxx , kenapa setelah di - update versinya jadi loading lama dan tidak bisa lihat apa - apa ? saya mau lihat status pesanan saya ."", ""halo xxxuserxxx , sudah dibalas kembali ya . dmnya isi penjelasan saya . mohon diperiksa kembali . terima kasih .""]",False,5,1405,21,False,69
google/gemma-3-4b-it,informal,formal,random,N/A,"halo , min saya ga bisa registrasi nomer kenapa ya ?","“permisi, kenapa saya kok susah mendaftar nomornya ya?”",False,403,4400201,44,"[""top - up gopay tidak masuk - masuk dari jenius , ini bagaimana ?"", ""mau bertanya nomor pesanan xxxnumberxxx kapan dikirimnya ? dari kemarin masih pengemasan belum berubah ."", ""mohon dibantu prosedur downgrade paket kartu halo ."", ""saya melakukan pembukaan tabungan lewat bca mobile , namun saat tahap panggilan video dengan pelayanan pelanggan , selalu tidak bisa ."", ""kenapa aplikasi xxxuserxxx jadi lambat semenjak update ios ? tetapi gojek tidak .""]",False,5,1347,17,False,55
google/gemma-3-4b-it,informal,formal,random,N/A,"halo . sistem lazada sedang error kah ? saya tidak bisa checkout dan bayar . sudah dicoba via app , browser hp & pc , sudah restart hp juga","“halo , lazada lagi error ya ? gak bisa checkout sama bayar , udah coba via app , hp browser , restart hp juga”",False,405,4400202,44,"[""dm ku juga dilihat dong admin . sudah xxxnumberxxx jam yang lalu ."", ""keluar update versi xxxnumberxxx . xxxnumberxxx kapan admin ?"", ""ayo xxxuserxxx atau xxxuserxxx , ambil alih pembinaan bulu tangkis ."", ""admin , kalau sudah melewati estimasi pengiriman , tapi barang belum sampai bagaimana ?"", ""baik , informasi apa saja yang harus saya berikan untuk konfirmasi ?""]",False,5,1350,30,False,111
google/gemma-3-4b-it,informal,formal,random,N/A,"min , saya sudah isi pulsa xxxnumberxxx xxxnumberxxx rb tapi kok gak masuk ya ? padahal nomor sudah benar min","“min, pulsa gak masuk padahal udah isi xxxnumberxxx rb, nomornya bener kok min.”",False,407,4400203,44,"[""iya , makanya malas komplain . hahaha ."", ""tolong paket saya belum saya terima tapi pas dicek tracking kenapa sudah delivered ?"", ""hal apa yang lebih cepat dari gundala ? ketika pengemudi dan costumer service sama - sama mengirim pesan \"" okay ."", ""masalah sambungan atau kode mmi tidak valid , sial !"", ""sudah habis masa berlaku tantangannya .""]",False,5,1297,25,False,80
google/gemma-3-4b-it,informal,formal,random,N/A,"inv / xxxnumberxxx / xix / ix / xxxnumberxxx , tlg perpanjang masa ired order sampai xxxdatexxx , tq mod","hai admin , tolong perpanjang masa ired order ini ya , xxxdatexxx , thanks banget",False,409,4400204,44,"[""nomor smart xxxnumberxxx koordinasi lokasi sawangan , depok"", ""admin , saya mau bertanya . ini kalau menabung emas di tokopedia , nanti bisa minta barang fisiknya tidak ?"", ""saya mencoba restoran lain juga sama . jadi bagaimana ini sistemnya ?"", ""hai admin . saya baru saja memperbaharui aplikasi bri mobile . saat mau masuk ke internet banking , mengapa muncul aktivasi ? bisa tolong dibantu ?"", ""ini perusahaan besar karena mencuri uang konsumen ditukar dengan paket internet sampah dan masih melakukan pencurian - pencurian pulsa dengan konten - konten pencuriannya""]",False,5,1517,22,False,81
google/gemma-3-4b-it,informal,formal,random,N/A,min tolong respon komplain no transaksi xxxnumberxxx secepatnya . trimakasih banyak,"“min, tolong balas komplain no transaksi xxxnumberxxx secepatnya ya. makasih banyak.”",False,411,4400205,44,"[""terima kasih shopee atas diskonnya dan membuat diri ini sangat kalap !"", ""ternyata memang sinyal anda tidak bisa masuk kamar kos saya ."", ""kenapa aplikasi xxxuserxxx jadi lambat semenjak update ios ? tetapi gojek tidak ."", ""sudah di dm dibaca saja tidak ."", ""seperti itu , xxxuserxxx pilih kasih .""]",False,5,1225,24,False,85
google/gemma-3-4b-it,informal,formal,random,N/A,minn kuota ini berlaku sampai kapan ya ? trims,"halo , kira-kira kuota ini berakhir kapan ya? makasih.",False,413,4400206,44,"[""selamat siang , mohon bantuannya untuk di follow up admin , karena saya butuh untuk segera dikirimkan , terima kasih ."", ""mengapa kalau baca kkn terngiangnya di saya kkn desa penari ?"", ""mohon dicek . mengapa sering limited access ? terhubung tapi tidak ada internet dan tidak ada pemberitahuan fup harian ."", ""halo mas / mbak xxxuserxxx . ini nomor halo saya sudah xxxnumberxxx hari tidak bisa dipakai . rugi hanya bayar tagihan saja tapi tidak terpakai ."", ""ya kalau cancel bisa , maksudnya tidak bisa transaksi karena layarnya tidak bisa diapa - apakan .""]",False,5,1448,16,False,54
google/gemma-3-4b-it,informal,formal,random,N/A,mohon dibantu saya sdh lakukan pembayaran tagihan xxxdatexxx bulanan tapi knpa no hp masih belum bisa aktiv no hp matrik xxxnumberxxx,"“admin, kok masih belum aktif ya? udah bayar tagihan bulan xxxdatexxx, nomor hp matrik xxxnumberxxx kok gak bisa aktif?”",False,415,4400207,44,"[""sudah masuk email , pemberitahuannya . disuruh cek lagi , tetap saldo tidak berubah . tapi sudahlah tak mengapa ."", ""satu lagi , admin . saya aktifkan paket ig loop xxxnumberxxx xxxnumberxxx gb xxxnumberxxx kali tapi kenapa malah tidak diakumulasi jumlahnya ? pulsa sudah terpakai xxxnumberxxx ribu ."", ""admin , tolong cek dm ! urgent banget , terima kasih ."", ""mohon dicek . mengapa sering limited access ? terhubung tapi tidak ada internet dan tidak ada pemberitahuan fup harian ."", ""halo admin , selamat pagi . nomor resi jp xxxphonexxx diperkirakan akan diterima hari ini . tapi malah disimpan kalau ada alamat yang salah . tolong diinfokan .""]",False,5,1624,33,False,120
google/gemma-3-4b-it,informal,formal,random,N/A,"eh ada yg punya setori , misi ya mbaa","""Ada yang punya masalah, nih, Mbaa?""",False,417,4400208,44,"[""lama sekali responsnya untuk masalah seperti ini saja ."", ""bisa di cek nomor resi ini . mengapa tidak valid lewat app jp xxxphonexxx ?"", ""bagaimana mungkin lancar , sedang ada masalah . ayo gelut ."", ""iya , grabwheels di noble house itu ada xxxnumberxxx kak , tetapi semuanya tidak tersedia saat aku scan ."", ""admin , mengapa minggu ini tidak ada promo grab ? saya tidak bisa makan enak harga murah , admin . admin , bantu , hahaha .""]",False,5,1315,13,False,36
google/gemma-3-4b-it,informal,formal,random,N/A,alasannya tdk masuk akal kadang perintah operator telkomsel bila lelet matikan tombol pesawat atau sebut data diri tp tetap lelet,"“alasan kok gak masuk akal kadang perintah operator telkomsel lama banget, matiin aja tombol pesawat atau sebutin data diri tetep aja lama”",False,419,4400209,44,"[""di mytelkomsel muncul seperti itu kak ."", ""saya mau ganti device bca mobile dari android ke ios bagaimana caranya ?"", ""waktu daftar go mobile melalui aplikasi itu bakal ada upload identitas sama konfirmasi melalui video chat tidak ?"", ""ternyata memang sinyal anda tidak bisa masuk kamar kos saya ."", ""sudah dicoba semuanya sama . sinyal penuh tetapi lambatnya luar biasa .""]",False,5,1346,35,False,139
google/gemma-3-4b-it,informal,formal,random,N/A,"tolong cek dm , saya kirim screenshot history topup tapi gak masuk yah saldonya","tolong cek dm, saya kirim foto bukti topup tapi kok gak muncul ya saldo nya?",False,421,4400210,44,"[""saya kirim uang , mengapa tidak masuk ? padahal status berhasil dan saldo saya terpotong ."", ""kak kenapa paket saya dengan nomor resi tbs000020314169 muncul keterangan nomor resi tidak ditemukan ? mohon infonya . terima kasih ."", ""apakah indosat daerah medan mengalami gangguan admin ?"", ""alhamdulillah masih banyak orang yang baik di bumi . mbaknya juga semoga lekas sembuh !"", ""menerobos macetnya ibu kota lebih cepat menggunakan grabbike .""]",False,5,1366,21,False,76
google/gemma-3-4b-it,informal,formal,random,N/A,colek xxxuserxxx dan xxxuserxxx mohon diperhitungkan biaya parkir,"""Halo xxxuserxxx dan xxxuserxxx, mohon bantu diperhitungkan biaya parkir ya.""",False,423,4400211,44,"[""admin , top - up di aplikasi ovo kenapa tidak bisa tersambung di ovo - nya grab ? padahal nomornya sudah sama ."", ""admin , tolong dibantu periksa resi xxxnumberxxx , sudah xxxnumberxxx hari tidak ada pergerakan ."", ""biasanya cepat . mengapa ini lama ya mas ? apa lagi trouble sistemnya ?"", ""assalamualaikum sahabat hasanah . terima kasih atas konfirmasi yang sahabat berikan . semoga semakin hasanah ."", ""iya kak terima kasih . tetapi tadi sudah datang ke galeri indosatnya langsung . sudah normal kembali .""]",False,5,1417,23,False,77
google/gemma-3-4b-it,informal,formal,random,N/A,sudah saya dm infonya . mohon dicek . terima kasih .,"""udah gue dm infonya. cek dong. makasih.""",False,425,4400212,44,"[""fotonya sama dengan yang punya ktp atau kita yang foto sama ktp lainnya , admin ?"", ""a : besok saya mau naik grab ke kantor . b : lalu ? a : saya pakai helmnya sekarang juga ."", ""grabfood error , apakah saya harus beralih ke gofood ?"", ""berulah lagi ? saya tidak pernah klik macam - macam ini . pulsa tersedot banyak banget . hp - nya cuma dipake buat nelpon & sms ."", ""xxxnumberxxx g + nya seperti mantan , saat lagi sayang - sayangnya malah hilang tidak jelas . sangat tidak enak pakai xxxnumberxxx g , kirim email saja loadingnya xxxnumberxxx menit .""]",False,5,1450,15,False,41
google/gemma-3-4b-it,informal,formal,random,N/A,"iya jadi kurang tingkat kepercayaan nya , gak kebayang flexi cash nya","tolong, jadi kurang percaya deh, gak kebayang flexi cashnya",False,427,4400213,44,"[""tolong ditindaklanjuti penipuan baru admin xxxuserxxx . nomor tidak dikenal . sangat berbahaya . orang yang tidak tahu pasti langsung menurut , apalagi fitur baru ."", ""masih tidak bisa . hilang terus jaringannya dari tadi ."", ""tolong admin , paket saya belum terkirim dengan resi jp xxxphonexxx ."", ""admin gojek tersayang , tolong pengemudi gk - xxxnumberxxx ada di mana ?"", ""tolong paket saya belum saya terima tapi pas dicek tracking kenapa sudah delivered ?""]",False,5,1374,17,False,59
google/gemma-3-4b-it,informal,formal,random,N/A,"selamat siang , saya dapet sms dari xxxnumberxxx xxxnumberxxx . mengatas namakan telsel . memberikan penawaran cc bankmega . apakah ini benar ?","“Selamat siang, aku dapat SMS dari xxxnumberxxx xxxnumberxxx. bilang nawarin cc Bankmega atas nama telco. bener gak ya min?”",False,429,4400214,44,"[""tidak ada perubahan min . sepertinya di kelapa gading memang susah sinyal xxxnumberxxx nya min ."", ""sudah xxxnumberxxx menit tertahan bergini terus , padahal koneksi internet saya normal . tolong dibantu ."", ""masalahnya , akun driver bisa - bisanya kena bajak . tidak ada pilihan membatalkan karena itu yang membuat mbak ini tertipu , bang jek !"", ""senang melihatnya . ub bukanlah ub tanpa pria ini . legenda !"", ""nomor saya saja sudah di dm dari tadi tidak ditangani . bagaimana , admin ?""]",False,5,1477,34,False,124
google/gemma-3-4b-it,informal,formal,random,N/A,min ini kenapa lagi min udah dari tadi pagi ini sy gak bisa dm situ btw,"admin , ini kenapa lagi min udah dari tadi pagi ini sy gak bisa dm situ btw",False,431,4400215,44,"[""admin , saya isi gopay tadi pagi kenapa tidak masuk ? padahal sudah dapat sms konfirmasi dari bca ."", ""saya pikir saya saja yang merasakan ."", ""admin , informasinya jika upgrade kartu sim ke xxxnumberxxx g dapat bonus xxxnumberxxx giga selama xxxnumberxxx bulan ya ?"", ""siang admin , email saya belum ada balasan juga ."", ""barusan ada yang telepon saya dengan nomor ini . apakah ini benar dari halo bca ?""]",False,5,1320,18,False,75
google/gemma-3-4b-it,informal,formal,random,N/A,jaringan lagi jelek kah ? dah xxxnumberxxx hari lemot,“Jaringan lagi lama ya? udah xxxnumberxxx hari juga masih lemot.”,False,433,4400216,44,"[""sudah habis masa berlaku tantangannya ."", ""admin , agen mapan terpilih ada dimana saja ? saya mau beli paket voucher gojek ."", ""admin , apa saja syarat untuk upgrade kartu dari xxxnumberxxx g ke xxxnumberxxx g ? maksud saya , saya harus membawa apa saja ?"", ""jp xxxphonexxx admin , tolong ini paket saya tidak sampai - sampai , padahal pengiriman sesama jakarta bisa xxxnumberxxx hari ."", ""fitur asuransi linkaja ada di nomor xxxnumberxxx .""]",False,5,1338,19,False,65
google/gemma-3-4b-it,informal,formal,random,N/A,min kalo pada key bca saat baru dinyalakan muncul tulisan batt xxxnumberxxx artinya apa,"“min, kalau pas nyoba buka BCA pas baru dinyalain muncul tulisan batt xxxnumberxxx, artinya apa ya?”",False,435,4400217,44,"[""ini paket mengapa gagal kirim admin ?"", ""maaf , kenapa kakak - kakak nct menjadi tukang ojek online ? hahaha ."", ""hai admin . mohon bantu untuk hapus akun gojek saya yang lama . terima kasih ."", ""halo xxxuserxxx , sudah dibalas kembali ya . dmnya isi penjelasan saya . mohon diperiksa kembali . terima kasih ."", ""mohon info status pengiriman dengan nomor resi jd xxxphonexxx tujuan medan , admin , karena masih belum diterima . paket dikirim dari bandung tanggal xxxdatexxx . terima kasih .""]",False,5,1422,28,False,100
google/gemma-3-4b-it,informal,formal,random,N/A,ini member seventeen baru ya xxxuserxxx ? wkwk,"wah, kayaknya ini member Seventeen yang baru, ya, xxxuserxxx? xixixi.",False,437,4400218,44,"[""gampang sekali ternyata menjadi mitra bonstri . tidak percaya ? saya kasih caranya ."", ""betul . karena tidak mungkin saya menyampaikan keluhan via cuitan . karena terdapat informasi penting ."", ""xxxuserxxx sedang bermasalah . pantas tidak bisa - bisa dan saya harus ambil hotspot dari telepon genggam satunya yang pakai xxxuserxxx lancar jaya . terima kasih ."", ""tokopedia sudah tidak bisa cicilan lagi ?"", ""jam xxxnumberxxx atau jam xxxnumberxxx masih ada tidak admin ?""]",False,5,1361,20,False,69
google/gemma-3-4b-it,informal,formal,random,N/A,"hari minggu , di kcp buka untuk pembelian kartu flazz ngak ?",“Minggu ini KCP buka buat beli kartu Flazz gak ya?”,False,439,4400219,44,"[""sudah admin , tolong , beli token listrik lancar ."", ""selamat sore , sudah saya dm ya , admin . jadi bagaimana ?"", ""minta pencerahannya . mengapa saldo tidak masuk ? xxxnumberxxx trip xxxnumberxxx . ada apakah ini ?"", ""xxxuserxxx sedang bermasalah . pantas tidak bisa - bisa dan saya harus ambil hotspot dari telepon genggam satunya yang pakai xxxuserxxx lancar jaya . terima kasih ."", ""xxxnumberxxx g + nya seperti mantan , saat lagi sayang - sayangnya malah hilang tidak jelas . sangat tidak enak pakai xxxnumberxxx g , kirim email saja loadingnya xxxnumberxxx menit .""]",False,5,1475,16,False,51
google/gemma-3-4b-it,informal,formal,random,N/A,"lupa saya resinya , tolong cek by nama saya aja","lupa aku resepnya , tolong cek by nama gue aja",False,441,4400220,44,"[""kenapa potong pulsa terus ? tidak kenapa - kenapa tiba - tiba pulsa habis . tahu - tahu dapat sms pulsa sos . kacau ."", ""ini sinyalnya kenapa ya sekarang xxxuserxxx jelek sekali ."", ""tidak ada kak bowo , btw namanya sama ya seperti yang di tiktok , hehe ."", ""mengapa perpanjang internet tidak bisa ? xxxnumberxxx juga tidak bisa ?"", ""admin paketku di mana ? aku sudah menghubungi customer service bahwa pulsaku habis , jadi terputus . padahal , di track sudah sampai tujuan , tapi tidak saya terima jp xxxphonexxx""]",False,5,1405,15,False,46
google/gemma-3-4b-it,informal,formal,random,N/A,"oke , sudah saya kirim via dm","oke , dah gue kirim lewat dm juga dah.",False,443,4400221,44,"[""mantap belanja eh dapat bonus . yuk yang disekitaran boleh rapatkan barisan berburu bonus lewat xxxnumberxxx store terdekat ."", ""kapan diumumkan yang akan mendapatkan vouchernya ?"", ""tadi ke bank xxxuserxxx . terus , tidak ada apa - apa . justru dipaksa buka tabungan anak sekolah ."", ""terima kasih untuk informasinya . sudah ditindaklanjuti melalui email oleh medya wulansari . terima kasih atas perhatiannya ."", ""ok . siap kak . terima kasih responnya , kak .""]",False,5,1335,13,False,38
google/gemma-3-4b-it,informal,formal,random,N/A,dapat xxxnumberxxx gb cuman rp xxxnumberxxx dari,"""beli kapasitas xxxgb cuma rp xxx ribu nih.""",False,445,4400222,44,"[""shopee tidak bisa bayar tagihan indosat pascabayar admin ?"", ""apakah saya bisa mendaftar online menggunakan sim sementara ?"", ""admin xxxuserxxx , penjualan ini kenapa kadaluwarsa , tidak otomatis selesai ?"", ""sayang xxxuserxxx , saya mengikuti ini ya ."", ""menyerbu tempat makan kalau sedang lapar .""]",False,5,1191,13,False,44
google/gemma-3-4b-it,informal,formal,random,N/A,daftarin paket yellow lemot bgt sampe xxxnumberxxx kali daftarin . biasanya bisa . tapi ini kedaftar double . gemana sih ah .,daftarin paket yellow lemot bgt sampe xxxnumberxxx kali daftarin . udah double nih . gimana sih ah .,False,447,4400223,44,"[""bismillah . jawaban : a . ayo ikutan xxxuserxxx xxxuserxxx xxxuserxxx ."", ""kamu , put , cek saja di penawaran menarik ."", ""masalah terselesaikan ! terima kasih gojek . terima kasih juga sudah di follow kembali ! gerak cepat sekali ."", ""sampai kapan ini ? sangat butuh internet ."", ""berulah lagi ? saya tidak pernah klik macam - macam ini . pulsa tersedot banyak banget . hp - nya cuma dipake buat nelpon & sms .""]",False,5,1381,27,False,100
google/gemma-3-4b-it,informal,formal,random,N/A,ini speed nya segini doang di jaringan full xxxnumberxxx g wahai provider terbesar di indonesia ? mohon penjelasan logisnya,"“ini kecepatan segini saja di jaringan penuh xxxnumberxxx, wahai provider terbesar di indonesia? mohon penjelasan yang logis.”",False,449,4400224,44,"[""ibu saya yang email , saya duduk manis saja terkena sedikit omongan ."", ""siang admin , email saya belum ada balasan juga ."", ""selamat siang , mohon bantuannya untuk di follow up admin , karena saya butuh untuk segera dikirimkan , terima kasih ."", ""sepanjang sejarah papua di nkri , kepemimpinan om xxxuserxxx terburuk dalam membina rasa indonesia ."", ""mau bertanya nomor pesanan xxxnumberxxx kapan dikirimnya ? dari kemarin masih pengemasan belum berubah .""]",False,5,1424,29,False,126
google/gemma-3-4b-it,informal,formal,random,N/A,: seberapa kamu ? : besok gw mau nembak loe : terus ? : gw nangisnya sekarang,“apa kabar? : besok aku mau ngelawan kamu : terus? : aku udah menangis sndri”,False,451,4400225,44,"[""xtra kuota kenapa tidak ada di aplikasi ?"", ""salah satu cerdikiawan tetapi disayangkan memakai plastik . bagaimana ini ? xxxuserxxx dan para ibu ."", ""hi , kak odi . apabila anda memiliki pertanyaan mengenai pemesanan di lazada , bisa langsung ke akun xxxuserxxx ya , agar nanti dapat dibantu lebih lanjut ."", ""saya tidak pernah sms ke nomor ini . mengapa terus - terusan terpotong pulsa seperti ini ?"", ""ini twitter yang error apa sinyal saya yang error ? saya ig , yt , wa bisa , tapi untuk twitter sama ml tidak bisa .""]",False,5,1442,26,False,77
google/gemma-3-4b-it,informal,formal,random,N/A,"bener banget promonya kerasa bgt lah , top grab !","""bener banget promonya, nampol grab!""",False,453,4400226,44,"[""admin , ini mengapa lambat sekali indosat memutar video twitter ? lambat sekali ."", ""jangan di - protect twitter anda , mereka tidak bisa baca , mbak ."", ""baca . aku lapar mau gofood . belum makan dari pagi . tolong ."", ""hati - hati yang cuka colok - colok atm ."", ""saya sudah aktifkan paket , namun tidak ada balasan . padahal saya sudah melakukan konfirmasi .""]",False,5,1255,14,False,37
google/gemma-3-4b-it,informal,formal,random,N/A,udah habis voucher nya gmna donkk,berapa banyak voucher yang tersisa sekarang?,False,455,4400227,44,"[""kak pute sudah malam masih saja mengucapi kak kopir selamat siang ."", ""mbaknya panik saat itu . mungkin buru - buru mau ke kantor ."", ""sekarang gold member tidak bisa live chat ?"", ""ada masalah apa dengan grabfood ? di semarang , dari pagi pesanan tidak ada yang menempel . semua sibuk . ganti restoran pun sama ."", ""kapan diumumkan yang akan mendapatkan vouchernya ?""]",False,5,1245,9,False,44
google/gemma-3-4b-it,informal,formal,random,N/A,saya lupa id klik bca saya bagaimana cara mengetahuinya ? untuk pin saya masih ingat .,"“aku lupa id klik bca gimana caranya? nah, buat pinnya aku masih inget.”",True,457,4400228,44,"[""saya sudah aktifkan paket , namun tidak ada balasan . padahal saya sudah melakukan konfirmasi ."", ""tunggu mas , saya sedang menanyakan kepada orangnya . dia belum membalas ."", ""admin . sudah xxxnumberxxx hari saya mau gofood , kenapa tidak mendapat driver terus - menerus ? apakah aplikasi gojek sedang error ?"", ""kita balas - membalas pesan otomatis masuk notification - nya markonah ."", ""biasanya ada penyesuaian harga dari warungnya , karena warungya tidak mau dipotong komisi grabfood .""]",False,5,1421,21,False,72
google/gemma-3-4b-it,informal,formal,random,N/A,jangan berikan kode ini kepada siapapun,"""jangan kasih kode ini ke siapa-siapa ya, sum.""",False,459,4400229,44,"[""saya membeli tiket lokal penataran , tapi e - tiket tidak muncul dan saldo xxxuserxxx sudah berkurang . mohon solusinya ."", ""hanya alamat yang berubah . jadi harus ke cabang bca terdekat untuk mengganti kartu ya ? apakah ada biaya tambahan ?"", ""di kebon sirih sinyal terulang e terus berhari - hari . sedang tidak stabil atau bagaimana ?"", ""mas , tolong sedikit lebih cepat ya . saya sudah lapar . siap mbak , ditunggu . sama nanti , tolong temani saya ya mas . rumahnya lagi sepi ."", ""kita sama dari minggu disuruh dm email dan nomor hp tapi sampai sekarang belum benar . astaga . ini bagaimana ?""]",False,5,1481,16,False,47
google/gemma-3-4b-it,informal,formal,random,N/A,"sm20 . xxxnumberxxx sukses . sn / ref : xxxnumberxxx . saldo xxxnumberxxx , xxxnumberxxx - xxxnumberxxx = xxxnumberxxx , xxxnumberxxx xxxuserxxx / xxxnumberxxx xxxtimexxx bantu cek bos , blm masuk menerut customer","“SM20, nomor sukses. SN/REF: nomorxxx. Saldo nomorxxx, nomorxxx - nomorxxx = nomorxxx, nomorxxx xxxuserxxx/nomorxxx xxxtimexxx, bantu cek bos, blm masuk menurut customer.”",False,461,4400230,44,"[""admin , kalau mau kirim pulsa ke telkomsel bisa tidak hanya xxxnumberxxx ribu begitu ?"", ""terima kasih admin atas perhatiannya . tidak seperti \"" dia \"" yang sikapnya dingin dan acuh seperti es batu ."", ""sudah habis masa berlaku tantangannya ."", ""bisa jadi penipu , namun juga bisa jadi persaingan bisnis . apalagi go - jek sedang melebarkan sayapnya ."", ""halo xxxuserxxx , aplikasi grab di iphone se saya kenapa jadi berat sekali ? apalagi kalau pesan grabfood sering hang .""]",False,5,1531,56,False,171
google/gemma-3-4b-it,informal,formal,random,N/A,udah brapa bulan ini masi aja xxxuserxxx blom bisa aktivasi imessage,"“udah berapa lama ini, masih aja xxxuserxxx blom bisa aktivasi imessage, beneran bikin kesel.”",False,463,4400231,44,"[""aku pelanggan yang pulsanya suka tiba - tiba hilang ."", ""benar , aku sering sekali setiap setelah isi kuota sinyal tidak ada ."", "": seberapa kamu ? : barusan order grabbike : terus ? : setelah klik order langsung menunggu di depan rumah ."", ""saya tidak pernah sms ke nomor ini . mengapa terus - terusan terpotong pulsa seperti ini ?"", ""bagaimana ini admin parah , selalu membalas yang lain tetapi dm saya tidak direspons .""]",False,5,1335,26,False,94
google/gemma-3-4b-it,informal,formal,random,N/A,"sama - sama bpk rudi , semoga berkenan dengan informasi yang kami sampaikan . tks ~ toby","“iya bpk rudi , semoga cocok info dari kami . makasih ya ~ toby”",False,465,4400232,44,"[""bisa jadi penipu , namun juga bisa jadi persaingan bisnis . apalagi go - jek sedang melebarkan sayapnya ."", ""kecepatannya saja menurun , sangat tidak stabil padahal tersambung xxxnumberxxx g + ."", ""apakah ini pekerjaan bukalapak resi sudah benar mengapa dana saya dikembalikan ke pembeli ?"", ""iya mbak ini belum terupdate , sudah dm adminnya ."", ""halo admin xxxuserxxx , apakah masih diperlukan surat kehilangan dari polsek / polres untuk mengurus kartu atm yang hilang ?""]",False,5,1404,22,False,64
google/gemma-3-4b-it,informal,formal,random,N/A,"hi min , mau tanya ini paketku statusnya sedang di kiri cuma anehnya pas di resi namanya penerima gak sesuai dg yg aku tulis .","“hai , aku mau nanya paketku statusnya masih diantar aja tapi anehnya di resinya nama penerima gak sesuai sama yang aku tulis .”",False,467,4400233,44,"[""paket saya dengan nomor resi xxxnumberxxx dilaporkan oleh pihak jtr bandung bahwa barangnya hilang karena kapal terbakar . bagaimana ini ?"", ""min , tolong bantuannya . go - jek instant menelepon saya , lalu bertanya agar diselesaikan transaksinya . bukannya biasanya otomatis ?"", ""admin , memorinya penuh . karena itu doakan mudah - mudahan dapat iphone xr dari ."", ""sama kak , herannya rutenya berubah per hari ini . kemarin normal saja . bingung tidak ?"", ""barusan bu , di rumah . aku tidak enak badan , jadi menggunakan go - food .""]",False,5,1505,34,False,128
google/gemma-3-4b-it,informal,formal,random,N/A,min kok saya nggak bisa daftar paket ya ?,"min, kok aku nggak bisa daftar paket ya?",False,469,4400234,44,"[""terima kasih , paten sekali telkomsel xxxnumberxxx gb xxxnumberxxx rupiah ."", ""baik , kak natha . jika masih gagal , ayo infokan langsung ke xxxuserxxx terkait agar dibantu lebih lanjut . - letha ."", ""menyerbu tempat makan kalau sedang lapar ."", ""kartu sim xl saya sudah hilang dan saya ingin mengaktifkan nomor xl saya . apakah bisa ? caranya bagaimana ?"", ""admin , ini tidak bisa beli paket . ayo ! xxxnumberxxx menit lagi paketku habis .""]",False,5,1326,11,False,40
google/gemma-3-4b-it,informal,formal,random,N/A,oh iya masukan dari saya kalau bisa untuk perusahaan kurir di beri rating juga di apps . jadi bisa kelihatan performa perusahaan kurirnya .,"“admin, bisa minta rating buat perusahaan kurir di aplikasi juga ya? biar kelihatan performanya.”",False,471,4400235,44,"[""saya gagal dan kuota saya tidak ada . itu bukan hanya satu kali tetapi dua kali dan nominalnya xxxnumberxxx ."", ""hi , kak odi . apabila anda memiliki pertanyaan mengenai pemesanan di lazada , bisa langsung ke akun xxxuserxxx ya , agar nanti dapat dibantu lebih lanjut ."", ""mohon info status pengiriman dengan nomor resi jd xxxphonexxx tujuan medan , admin , karena masih belum diterima . paket dikirim dari bandung tanggal xxxdatexxx . terima kasih ."", ""keuntungan xxxnumberxxx nya , mengapa tidak bisa min ?"", ""admin , jaringan xxxnumberxxx g dilokasi ini error . tolong dibantu cek . terima kasih sebelumnya .""]",False,5,1595,23,False,97
google/gemma-3-4b-it,informal,formal,random,N/A,itu kelamaan gak diantar . gak diupdate jg udah datang . disimpan dlm gudang jne hingga dimakan tikus xxxnumberxxx bungkus . gmn tuh ?,"“Ya ampun, lama banget baru dianter. Udah gak update juga tuh udah datang. Disimpan di gudang jne sampe abis tikus xxxnumberxxx bungkus. Gmn tuh?”",False,473,4400236,44,"[""astaga . suka sekali kalau lagi berbicara , vi ."", ""sudah saya balas lagi min . bisa lihat dm ? karena saya sudah bayar dan nominalnya tidak sebanyak yang dilaporkan ."", ""selamat malam admin xxxuserxxx xxxuserxxx . apakah m - banking sedang ada gangguan ? mengapa sulit sekali untuk transfer ?"", ""saya berencana menutup kartu pascabayar saya hari ini . tidak bisa ditutup dengan alasan harus menunggu siklus . apakah harus begitu ?"", ""biasanya cepat . mengapa ini lama ya mas ? apa lagi trouble sistemnya ?""]",False,5,1485,44,False,146
google/gemma-3-4b-it,informal,formal,random,N/A,mohon respon dm dari saya . terimakasih .,"eh, dm gue dong ya. makasih.",False,475,4400237,44,"[""aku sering melihat si masnya dulu saat ada event k - pop di makassar ."", ""eg713315489kr tetapi belum masuk . indonesia , kak . masih dalam perjalanan ."", ""baru minggu kemarin peningkatan sistem . tapi kenapa selalu ada peningkatan sistem ?"", ""eh salah admin , maksudnya a hahaha ."", ""apakah saya bisa mendaftar online menggunakan sim sementara ?""]",False,5,1231,11,False,28
google/gemma-3-4b-it,informal,formal,random,N/A,mangkannya kalo kartu nya telkomsel jangan beli pulsa xl jadi ga masuk kak,"“terus, kalau kartunya Telkomsel jangan beli pulsa XL jadi nggak masuk, ya kak?”",False,477,4400238,44,"[""ada masalah apa di poris ? ping , packet loss , kecepatan tidak jelas semua . mohon direspon ."", ""tolong tindak lanjuti . bayar kemana ?"", ""mohon kesediaan bapak / ibu pelanggan menunggu , dengan senang hati kami segera merespons mention kembali . terima kasih . - redo"", ""apaan malah minta kamu yang dibalas ."", ""baik , kak natha . jika masih gagal , ayo infokan langsung ke xxxuserxxx terkait agar dibantu lebih lanjut . - letha .""]",False,5,1351,23,False,80
google/gemma-3-4b-it,informal,formal,random,N/A,mana nih dana reply email dan dm nya ?,“di mana balasan email dan dmnya?”,False,479,4400239,44,"[""selamat malam . ini kenapa ? mohon info . terima kasih ."", ""tidak rugi banyak secara finansial tapi rugi secara waktu dan kepercayaan . menghambat kerja ."", ""halo gojek . tolong masalah diselesaikan . dan xxxuserxxx saya sudah follow up lagi ini ."", ""sudah bisa kawan . silahkan dicoba ulang transaksinya ."", ""selamat malam admin xxxuserxxx xxxuserxxx . apakah m - banking sedang ada gangguan ? mengapa sulit sekali untuk transfer ?""]",False,5,1315,11,False,34
google/gemma-3-4b-it,informal,formal,random,N/A,sekelas jenius bisa kena begini juga ya,"“kok bisa sih, gue juga kena gitu ya?”",False,481,4400240,44,"[""saya sudah coba beberapa kali hasilnya seperti itu . apa yang salah ?"", ""mengapa paket saya tiba - tiba ada notifikasi paket sudah diterima a . n . yahya ? saya sendiri penerima bel terima paketnya dari tadi menunggu ."", ""kak , paket nomor resi ini xxxnumberxxx sudah sampai di mana ?"", ""saya mau tanya , ini saya mau beli paket yellow kenapa sama xxxnumberxxx tidak direspons / tidak dibalas ?"", ""hai xxxuserxxx xxxuserxxx , kenapa setelah di - update versinya jadi loading lama dan tidak bisa lihat apa - apa ? saya mau lihat status pesanan saya .""]",False,5,1433,12,False,38
google/gemma-3-4b-it,informal,formal,random,N/A,"min , kalo sy punya xxxnumberxxx akun ovo karena ada xxxnumberxxx no smartphone , bisa nggak cek saldo ovo cukup di xxxnumberxxx smartphone aja .","""min, kok saldo ovo gue kenapa tiba-tiba kurang? padahal udah ada nomor smartphone yang dipakai.""",False,483,4400241,44,"[""kak , akun saya kenapa tiba - tiba aktif suppr seller ? padahal tidak pernah diaktifkan . dan poin juga masih belum mencukupi ."", ""tanpa bermaksud menyinggung . tapi , diisikan go - pay secara tiba - tiba di hari go - pay payday , jadi bisa ikut merasakan cashbacknya akan benar - benar menyebalkan !"", ""xxxnumberxxx g + nya seperti mantan , saat lagi sayang - sayangnya malah hilang tidak jelas . sangat tidak enak pakai xxxnumberxxx g , kirim email saja loadingnya xxxnumberxxx menit ."", ""tidak bisa membedakan pertanyaan dengan komplain . tolol . orang idiot mengapa bisa dipakai sama penyedia layanan ini . bangsat xl !"", ""enak banget parah . kalau aku , jangankan mendapatkan kuota . yang ada justru sering ketarik pulsanya .""]",False,5,1720,24,False,97
google/gemma-3-4b-it,informal,formal,random,N/A,min tolong dm sy di folow up,"“Min, tolong DM aku buat follow up, ya?”",False,485,4400242,44,"[""sudah saya dm tetapi kenapa belum dijawab ?"", ""halo admin , barang saya sejak tanggal xxxdatexxx sudah di jakarta , tetapi tidak sampai - sampai . admin tolong diperiksa ."", ""mohon dibantu prosedur downgrade paket kartu halo ."", ""sekarang mainnya begitukah ? pesimis dapat promonya lagi , kalau modelnya seperti itu . paling baru pakai ketika malam , karena untuk makan malam ."", ""mengapa aku tidak pernah dapat notifikasi diskon gila - gilaan ?""]",False,5,1318,15,False,40
google/gemma-3-4b-it,informal,formal,random,N/A,saya juga gitu udah di dm di tweet juga tapi gak fi gubris taik,"“aku juga gitu, udah dm di twitter juga gak dibales.”",False,487,4400243,44,"[""saya pindah kartu simpati lama ke xxxnumberxxx g . katanya ada bonus kuota internet , namun mengapa saya tidak mendapatkannya ? mohon penjelasannya !"", ""kualitas cuma bisa main wa , twitter . diajak perang sama shortlink langsung ko . apalagi main , ping sampai xxxnumberxxx ."", ""dari tadi selalu seperti ini . ini kenapa ya admin . aku kirim pesan admin juga tidak bisa ."", ""beli handphone baru mau jadi drivernya , mohon bantuannya ."", ""kapan ini dikirimnya ? terlalu banyak transit dari cilandak ke depok padahal dekat .""]",False,5,1431,16,False,53
google/gemma-3-4b-it,informal,formal,random,N/A,sy penumpang terpilih daerah semarang ? hehehe,"""wah, penumpang semarang terpilih ya? hehehe""",False,489,4400244,44,"[""admin . untuk resi jp xxxphonexxx , estimasinya berapa hari sampai ?"", ""bisa jadi admin grab - nya salah ketik ."", ""ha sungwoon , red velvet , tiffany , young kyuhyun"", ""kita sama dari minggu disuruh dm email dan nomor hp tapi sampai sekarang belum benar . astaga . ini bagaimana ?"", ""transaksi xxxnumberxxx sudah diterima tanggal xxxnumberxxx jam xxxnumberxxx siang . harap segera diremit dananya .""]",False,5,1290,15,False,45
google/gemma-3-4b-it,informal,formal,random,N/A,mana jawaban dari dm pict bukti yg sudah saya kirim ?,"""di mana balasannya buat dm bukti yang udah gue kirim?""",False,491,4400245,44,"[""menyerbu tempat makan kalau sedang lapar ."", ""pengemudi yang bersangkutan , tidak ditelusuri oleh pihak go - jek mbak ?"", ""semakin buruk . langganan paket saja tidak berguna , karena sinyalnya semakin hari semakin buruk ."", ""sekarang mainnya begitukah ? pesimis dapat promonya lagi , kalau modelnya seperti itu . paling baru pakai ketika malam , karena untuk makan malam ."", ""perlu adanya kampanye tertib lalu lintas .""]",False,5,1316,17,False,55
google/gemma-3-4b-it,informal,formal,random,N/A,wooy gak ada tanggepan apa nih !,“Kok nggak ada balasan ya?”,True,493,4400246,44,"[""sudah saya coba telpon ke mandiri . dan benar saldo saya terdebit dua kali . mohon bantuannya . nomor pelaporan mandiri : c190909991030424630 ."", ""hallo admin . bagaimana cara melihat riwayat pengisian pulsa ?"", ""mantap belanja eh dapat bonus . yuk yang disekitaran boleh rapatkan barisan berburu bonus lewat xxxnumberxxx store terdekat ."", ""fitur asuransi linkaja ada di nomor xxxnumberxxx ."", ""kualitas cuma bisa main wa , twitter . diajak perang sama shortlink langsung ko . apalagi main , ping sampai xxxnumberxxx .""]",False,5,1396,10,False,27
google/gemma-3-4b-it,informal,formal,random,N/A,saya lg pesen grabfood trus app nya lemot bgt dan saya gabisa hubungin driver nya . gimana nih ?,"“aku lagi pesen grabfood, terus aplikasinya lemot banget, dan aku gak bisa hubungin drivernya. gimana ya ini?”",True,495,4400247,44,"[""ini lagi bercanda ? sampai hari ini masih seperti ini terus status pesanannya . jangan seperti ini ."", ""tunggu mas , saya sedang menanyakan kepada orangnya . dia belum membalas ."", ""dear indosat , saya mau isi paket , tetapi mengapa tidak bisa ya ? sudah sejak jam xxxtimexxx tadi pulsa sudah masuk tetapi tidak bisa aktif ."", ""bagaimana cara dmnya kak ? nomor saya xxxnumberxxx ."", ""kantor pos pulo gadung buka sampai jam berapa ? saya ingin melakukan pembayaran .""]",False,5,1406,31,False,110
google/gemma-3-4b-it,informal,formal,random,N/A,min ni pas mau bayar kok gak bisa ya ? tulisannya web temporary down . di back juga gak bisa . musti restart hape .,“kok gak bisa min pas mau bayar sih? tulisannya web temporary down. di back juga gak jalan. kudu restart HP.”,False,497,4400248,44,"[""mau kasih bapaknya bintang xxxnumberxxx tapi halaman ratingnya malah ke - close . gimana ?"", ""nah , sudah saya unreg namun seperti itu responnya . membuat bingung ."", ""apa yang dinilai ? kecepatan ngunyah ?"", ""apakah tidak ada kerjaan ? dimana - mana ada ."", ""selamat siang kak . mohon diperiksa saya mengirimkan dm . terima kasih .""]",False,5,1292,29,False,109
google/gemma-3-4b-it,informal,formal,random,N/A,"terima kasih sudah followup , saya sudah sering chat tidak ada balasan","udah keburu , makasih ya udah follow up , udah chat gak ada balasan nih .",False,499,4400249,44,"[""+ xxxnumberxxx tanggal kejadian xxxdatexxx , jam xxxnumberxxx , lokasi gempol , pasuruan ."", ""nomor smart xxxnumberxxx koordinasi lokasi sawangan , depok"", ""driver di jogjakarta sedang apa ? mengapa sibuk semua ? lapar nih ."", ""oh begitu . oke terimakasih kak ."", ""hati - hati bang , di depan ada jurang . nanti jatuh kita terjun . sakit neng .""]",False,5,1259,21,False,73
