model_id,original_style,style_target,retrieval_method,alpha,original_message,paraphrased_message,is_human_eval,sample_index,sample_seed,run_seed,retrieved_exemplars,retrieval_fallback,n_exemplars,prompt_chars,output_tokens,eos_reached,output_chars
google/gemma-3-4b-it,competence,excitement,hybrid_early,0.3,saatnya nih! Jelang Ramadan Digimin punya hadiah saldo LinkAja senilai total Rp500.000 untuk 5 orang pemenang loh! Caranya: 1. Ikuti akun resmi di Instagram Facebook X Threads dan TikTok 2. Tulis hal yang paling kamu,"""Wih, gilaaa! Digimin ngasih hadiah saldo LinkAja jutaan rupiah buat 5 orang! 🎉 Cek IG, FB, X, Threads, TikTok ya! Tulisan paling seru kamu, siapa tau jadi pemenangnya!""",False,912,4200000,42,"[""[PENGUMUMAN ] Selamat untuk pemenang GIVEAWAY tebak kode promo yang dipake Dido & Sekala Cek DM kamu sekarang ya! Mimin tunggu"", ""BANYAK PROMO AWAL BULAN!! Siapin dompet buat cek PROMOnya yuk~"", ""Semangat nder biar happy cek Tokopedia Happy Hour pasti diskon 30% mulai dari jam 19.00 WIB aja"", ""Murah banget sih iniii Ayok buruan jajan lagi mumpung promonya dijamin dapet sampe tgl 11 ini!!! Cek DM kamu dehhh"", ""Hai para Mantan bantu mimin dong buat nemuin jalan menuju paket promo BuCin kira-kira lewat mana nih ya Beb? Reply tweet ini dan mention kamu supaya sama-sama nemuin jalannya!""]",False,5,1649,55,False,169
google/gemma-3-4b-it,competence,excitement,hybrid_early,0.3,Kami turut prihatin atas kejadian yang dialami. Untuk mempercepat proses tindak lanjut atas laporan indikasi penipuan yang disampaikan silakan melakukan pembuatan laporan ke SeaBank atas sumber rekening yang digunakan bertransaksi. Kemudian diproses oleh SeaBank ke BRI serta,Hai Kak maaf ya udah bikin ngga nyaman. Supaya bisa dibantu mengenai laporannya bisa hubungi aku melalui DM nomor order yang dikeluhkan ya dan screenshot bukti transaksi kamu melalui DM ya. Terima kasih -NSA,False,204,4200001,42,"[""Hai Kak maaf banget ya udah bikin nggak nyaman. Mohon untuk konfirmasi kepada pihak Tokopedia atau langsung mengunjungi website terlebih dahulu ya Kak agar dapat segera ditindaklanjuti. Terima kasih^ygb"", ""Halo Kak mohon maaf sudah bikin kakak ga nyaman. Supaya bisa dibantu mengenai laporannya bisa hubungi aku melalui DM nomor order yang dikeluhkan ya dan struk belanjanya. Terima kasih ^yun"", ""Hai Kak maaf banget ya udah bikin ngga nyaman. Terkait dengan keluhanmu mohon diinformasikan nomor telepon yang terdaftar dan sertakan screenshot history transaksi GoPay-mu melalui DM agar dapat kami bantu cek ya. Tks^Ari"", ""Hai Kak maaf banget ya tapi jangan khawatir ya. Yuk sini aku bantu cek lebih lanjut dengan infoin ke aku nomor telepon email yang terdaftar dan screenshot bukti transaksi kamu melalui DM ya. Terima kasih -NSA"", ""Hai Kak Atika maaf ya kamu mengalami ini. Kami cek laporan kamu diproses dengan nomor laporan . Mohon kesediaannya untuk menunggu proses dan informasi selanjutnya melalui nomor laporan tersebut ya. Terima kasih^yni""]",False,5,2168,46,False,207
google/gemma-3-4b-it,sincerity,excitement,hybrid_early,0.3,Udah mulai bebersih rumah menyambut lebaran belom Beauties? Udah disuruh ngapain aja sama ortu di rumah?,"“Udah bersih rumah buat lebaran belom nih, Beauties? Udah disuruh apa aja sama ortu di rumah?”",True,2253,4200002,42,"[""Jam segini masih kerja lembur bagai kuda? Tenang meskipun nggak bisa ngelarin kerjaan kamu tetep bisa nemenin kamu! Order sekarang mumpung ada PROMO~"", ""Ini mah nambah uang buat ngecilin celananya ke tukang jahit biar kejadian kayak gini ga terulang Toped mau Kasih Tenang Ramadanmu ya"", ""Gaeeesss~ Gimana senin paginya? Biar kamu seneng dan tetep hemat nih Mimin spill promo-promo Gojek"", ""Belum lebaran kak"", ""Kamis anti menangis walaupun dikejar-kejar kerjaan dan deadline bareng PROMO dari yang bikin semangat full terus! Cek harga spesialnya di yuk>>>""]",False,5,1505,29,False,94
google/gemma-3-4b-it,sincerity,excitement,hybrid_early,0.3,Dry tired-looking skin? Not anymore! Just one layer of this moisturizer is all it takes to transform your skin from dry spell to glow-up girlie!,"“Kulit kering-kering? Nggak usah khawatir! Cuma satu lapis moisturizer ini doang, kulit kamu langsung berubah jadi glowing, girls!”",False,2006,4200003,42,"[""Gaeeesss~ Gimana senin paginya? Biar kamu seneng dan tetep hemat nih Mimin spill promo-promo Gojek"", ""Semangat nder biar happy cek Tokopedia Happy Hour pasti diskon 30% mulai dari jam 19.00 WIB aja"", ""Sore . Lelah bekerja seharian? Bisa banget untuk refresh lagi dengan yang seger. dimana lagi kalau bukan ! PROMO masih bisa kamu nikmati yaaa! order sekarang juga!"", ""Hai Kak maaf banget ya udah bikin kamu nggak nyaman. Bisa dibantu infoin nomor dan email kamu yang terdaftar di Gojek dan juga detail top up GoPay kamu via DM buat kami cek?Terima kasih^yb"", ""Happy weekend ! disaat masa PSBB saat ini kira-kira apa ya kegiatan yang bisa banget dilakukan untuk tetap menikmati liburan? Share dengan reply tweet ini ya!""]",False,5,1707,34,False,131
google/gemma-3-4b-it,sincerity,excitement,hybrid_early,0.3,Mari baris & merapat! Promo Merdeka bisa kamu pakai buat dapat 1 Ayam Krispy McD + 1 Ayam Spicy McD + 2 Nasi + 2 Fruit Tea Lemon hanya Rp40.909 Gunakan kode McDMerdeka buat nikmati diskonnya! Download & registrasi di Aplikasi McDonald s,"“Wih, PROMO MERDEKA McD lagi! Ayam Krispy + Spicy McD + 2 Nasi + 2 Fruit Tea Lemon cuma Rp40.909! Pakai kode McDMerdeka biar diskonnya makin gede! Buruan download aplikasi McDonald's sekarang!”",False,1828,4200004,42,"[""Selamat Hari Jumat buat semua !!! Biar makin semangat buat weekend yuk minum di jilid terdekatmu! Ada Es Kopi Susu dengan design yang keren banget loh. Buat yang belum cobain yuk langsung cobain sekarang juga"", ""Hallo kak order via grabfood/gofood lagi banyak promo loh! Yuk cek sekarang"", ""Pas gajian mau pesen bisa tetep hemat pake promo 50% dengan pemesanan melalui shopee food nih. Jangan kelewatan ya!"", ""BANYAK PROMO AWAL BULAN!! Siapin dompet buat cek PROMOnya yuk~"", ""MENCINTA HARI KEENAM sudah dimulai Ada promo Beli 1 Gratis 1 Hot Thai Tea nih Beb! Jangan lupa promo hanya berlaku via aplikasi Kopi Kenangan""]",False,5,1698,62,False,193
google/gemma-3-4b-it,competence,excitement,hybrid_early,0.3,Dirgahayu terus sukses menjadi mitra bagi Business Process Outsourcing (BPO) Digital pilihan utama untuk memajukan masyarakat.,"""Dirgahayu buat mimin! Semoga makin solid jadi andalan buat BPO Digital ya Beb, terus maju jaya dan bantu banyak orang! 🎉""",False,1143,4200005,42,"[""Hai Kak maaf banget ya udah bikin kamu nggak nyaman. Bisa dibantu infoin nomor dan email kamu yang terdaftar di Gojek dan juga detail top up GoPay kamu via DM buat kami cek?Terima kasih^yb"", ""Selamat Hari Senin semangat baru dalam memulai minggu yang baru ya!! Yuk minum dulu bareng mu biar makin semangat dan jangan lupa dapetin Tumbler kece diatas sebelum kehabisan ya masih ada HARGA PROMO loh! Yuk langsung dapetin"", ""Hai para Mantan bantu mimin dong buat nemuin jalan menuju paket promo BuCin kira-kira lewat mana nih ya Beb? Reply tweet ini dan mention kamu supaya sama-sama nemuin jalannya!"", ""Yuk ngopi dulu pakai PROMO ASIK BARENG TEMANSEJIWA biar bisa fokus serta produktif bareng-bareng seharian! Dapatkan PROMO ini dengan mudah dan cepat di Aplikasi pesan antar online ya !"", ""3 hari lagi menuju kolaborasi dan menu baru dalam menyambut bulan Ramadhan! Catat tanggalnya ya 20 April 2020 nanti langsung pesan lewat Gofood dan Grabfood ya dan nikmati DISKONNYA Stay tuned di biar ga ketinggalan info nya ya""]",False,5,1987,34,False,122
google/gemma-3-4b-it,competence,excitement,hybrid_early,0.3,Selamat siang dan mohon maaf Kak. Saat ini tidak terdapat kendala untuk melakukan pemesanan tiket KA melalui aplikasi Access by KAI. Jika Kakak mengalami kendala silakan dapat melampirkan capture kendalanya via DM ya. Railmin imbau untuk selalu hati-hati ya terhadap akun,"Halo Kak, maafin banget kalau ada kendala pas pemesanan tiket KA ya Kak. Boleh info nomor order dan screenshot kendala yang dialaminya via DM ya. Railmin imbau selalu hati-hati terhadap akun, makasih ya^yun",False,839,4200006,42,"[""Hai Kak maaf banget atas kendala promo aplikasi Gojeknya ya Kak. Boleh informasikan nomor order dan screenshot detail promo yang kamu gunakan via DM ya. Terima kasih^ekw"", ""Hai Kak maaf banget atas kendala promo aplikasi Gojeknya ya Kak. Boleh informasikan nomor telepon dan email terdaftar via DM supaya kendala kamu bisa kami cek. Terima kasih^ekw"", ""Hai Kak maaf banget atas kendala promo aplikasi Gojeknya ya Kak. Boleh informasikan nomor telepon dan email terdaftar serta detail voucher yang hilang ya supaya kendala kamu bisa kami cek. Terima kasih^ekw"", ""Halo kak mohon maaf atas ketidaknyamanannya ya mohon infokan kepada kami via DM lokasi jilid tempat kakak melakukan pemesanan ya dan mohon kirimkan juga bukti fisik transaksi tersebut ya kak :)"", ""Halo Kak mohon maaf sudah bikin kakak ga nyaman. Supaya bisa dibantu mengenai laporannya bisa hubungi aku melalui DM nomor order yang dikeluhkan ya dan struk belanjanya. Terima kasih ^yun""]",False,5,2062,53,False,206
google/gemma-3-4b-it,ruggedness,excitement,hybrid_early,0.3,Dalam kegiatan di luar ruang topi merupakan salah satu aspek pendukung yang menurut mico lebih baik jangan dilewatkan keberadaannya. Karena topi akan memberikanmu perlindungan dari matahari pada kepala saat beraktivitas di luar ruang.,"“Hai beb, jangan lupa bawa topi ya kalau keluar rumah! Biar nggak kena sengat matahari, kan? Penting banget nih buat melindungi kepala kita, serius!”",False,5590,4200007,42,"[""Sore . Lelah bekerja seharian? Bisa banget untuk refresh lagi dengan yang seger. dimana lagi kalau bukan ! PROMO masih bisa kamu nikmati yaaa! order sekarang juga!"", ""Happy weekend Beb! Hari ini jangan lupa beli Kopi Kenangan ya! Biar nggak gabut kuy kita main dulu Kalau kata ini disusun jadi nama menu apa ya? Coba tulis jawaban kamu dengan reply tweet ini dan mention juga temanmu yang lain biar kita main bareng!"", ""Hi beb mohon maaf atas ketidak nyamanannannya ya. Kami sarankan supaya kamu menggunakan apps Kopi Kenangan yang memudahkan kamu bisa ya beb"", ""Happy weekend ! disaat masa PSBB saat ini kira-kira apa ya kegiatan yang bisa banget dilakukan untuk tetap menikmati liburan? Share dengan reply tweet ini ya!"", ""Hi Beb bikin hari kamu ceria yuk dengan promo Kentjan. Dikit lagi udah mau habis nih kuotanya""]",False,5,1897,36,False,149
google/gemma-3-4b-it,competence,excitement,hybrid_early,0.3,Mohon maaf Kak ketentuan waktu pengembaliandana pembatalan tiket tersebut tidak dapat dipercepat ya. Mohon maaf atas ketidaknyamanannya. Trims.,"Hai Kak, maaf banget ya udah bikin telat. Mohon infokan no order yg berkendala melalui DM ya supaya bisa aku bantu cek ya. Trims^feb",False,712,4200008,42,"[""Halo kak mohon maaf atas ketidaknyamanannya ya mohon infokan kepada kami foto struk fisik pembeliannya ya kak via DM terima kasih"", ""Hai Kak maaf banget atas kendala promo aplikasi Gojeknya ya Kak. Boleh informasikan nomor order dan screenshot detail promo yang kamu gunakan via DM ya. Terima kasih^ekw"", ""Hai Kak maaf banget atas kendala promo aplikasi Gojeknya ya Kak. Boleh informasikan nomor telepon dan email terdaftar serta screenshot ketentuan promonya via DM ya supaya kendala kamu bisa kami cek. Terima kasih^ekw"", ""Hai Kak maaf banget atas kendala promo aplikasi Gojeknya ya Kak. Boleh informasikan nomor telepon dan email terdaftar serta detail voucher yang hilang ya supaya kendala kamu bisa kami cek. Terima kasih^ekw"", ""Hai Kak maaf banget ya udah bikin kamu telat silakan infokan no order yg berkendala melalui DM supaya bisa aku bantu cek ya. Tks^feb""]",False,5,1854,36,False,132
google/gemma-3-4b-it,ruggedness,excitement,hybrid_early,0.3,Terimakasih Pak Odi dan Mas Mika Affandy dari udah mampir ke toko kita!,"""Hai Pak Odi sama Mas Mika Affandy, makasih banget udah mampir ke toko kita ya! 🥰""",False,5960,4200009,42,"[""Hi kak thank you udah mampir ya. Kalau boleh tau kakak suka beli di Jilid berapa?"", ""Hai Kak maaf banget ya udah bikin kamu nggak nyaman. Bisa dibantu infoin nomor dan email kamu yang terdaftar di Gojek dan juga detail top up GoPay kamu via DM buat kami cek?Terima kasih^yb"", ""Selamat Hari Jumat buat semua !!! Biar makin semangat buat weekend yuk minum di jilid terdekatmu! Ada Es Kopi Susu dengan design yang keren banget loh. Buat yang belum cobain yuk langsung cobain sekarang juga"", ""[PENGUMUMAN ] Selamat untuk para pemenang GIVEAWAY GoCar pas lebaran kemarin Cek DM kamu sekarang ya! Mimin tunggu~"", ""[PENGUMUMAN ] Selamat buat kamu yang beruntung menang Giveaway GoCar Cek DM kamu sekarang ya! Mimin tunggu""]",False,5,1630,27,False,82
google/gemma-3-4b-it,sophistication,excitement,hybrid_early,0.3,SAPTO DJOJOKARTIKO Spring Summer 2025 runway show. Tuesday 29 October 8:00 PM GMT+7. Watch it live on and on SAPTO DJOJOKARTIKO channels.,"“Sapo buat para fashionista! SAPTO DJOJOKARTIKO Spring Summer 2025 runway show nih, tanggal 29 Oktober jam 8 malam GMT+7! Langsung saksikan live di channel SAPTO DJOJOKARTIKO ya! Jangan ketinggalan!”",False,4579,4200010,42,"[""Jam segini masih kerja lembur bagai kuda? Tenang meskipun nggak bisa ngelarin kerjaan kamu tetep bisa nemenin kamu! Order sekarang mumpung ada PROMO~"", ""Semangat nder biar happy cek Tokopedia Happy Hour pasti diskon 30% mulai dari jam 19.00 WIB aja"", ""Selamat Hari Jumat buat semua !!! Biar makin semangat buat weekend yuk minum di jilid terdekatmu! Ada Es Kopi Susu dengan design yang keren banget loh. Buat yang belum cobain yuk langsung cobain sekarang juga"", ""Hai Kak maaf banget ya udah bikin kamu nggak nyaman. Bisa dibantu infoin nomor dan email kamu yang terdaftar di Gojek dan juga detail top up GoPay kamu via DM buat kami cek?Terima kasih^yb"", ""Hai para Mantan yang di 11.11 akan segera hadir loh! Mau tau ada apa? cek terus sosial media kami ya Beb! Yuk mention orang-orang yang supaya ngga kelewatan!""]",False,5,1795,62,False,199
google/gemma-3-4b-it,competence,excitement,hybrid_early,0.3,Hai Sobat BRI mohon maaf atas ketidaknyamanannya. Terkait kendala yang dialami kami sudah merespons pesan yang dikirimkan melalui DM. Silakan lakukan pengecekan ya. Informasi lainnya seputar BRI dapat hubungi Sabrina WhatsApp 0812 1214 017 atau akun resmi media sosial BRI yang,"Hai Sobat BRI maaf banget ya. Terkait kendala yang kamu rasain, udah kami respon DM-nya. Silakan cek ya. Info lain seputar BRI bisa hubungi Sabrina WhatsApp 0812 1214 017 atau akun media sosial BRI yang...",False,260,4200011,42,"[""Hai Kak maaf banget ya udah bikin ngga nyaman. Terkait dengan keluhanmu mohon diinformasikan nomor telepon dan email kamu yang terdaftar melalui DM supaya bisa kami bantu cek ya. Tks^Ari"", ""Hai Kak maaf banget atas kendala promo aplikasi Gojeknya ya Kak. Boleh informasikan nomor telepon dan email terdaftar via DM supaya kendala kamu bisa kami cek. Terima kasih^ekw"", ""Hai Kak maaf banget ya. Terkait dengan keluhanmu mohon diinformasikan nomor telepon dan email kamu yang terdaftar melalui DM supaya bisa kami bantu cek ya. Tks^Ari"", ""Hai Kak maaf banget ya udah bikin ngga nyaman. Terkait dengan keluhanmu mohon diinformasikan nomor telepon kamu yang terdaftar dan sertakan screenshot kendalanya melalui DM agar dapat kami bantu cek ya. Tks^Ari"", ""Hai Kak maaf banget ya tapi jangan khawatir ya. Yuk sini aku bantu cek lebih lanjut dengan infoin ke aku nomor order dan screenshot kendala kamu melalui DM ya. Terima kasih -NSA""]",False,5,2050,62,False,205
google/gemma-3-4b-it,competence,excitement,hybrid_early,0.3,Hai Sobat BRI mohon maaf atas ketidaknyamanan yang dialami. Hal tersebut dilakukan dalam rangka peningkatan keamanan aplikasi BRImo. Guna tindak lanjut kami sudah mengirimkan pesan melalui DM. Mohon kesediaan melakukan pengecekan. Dapatkan informasi terbaru seputar layanan,"Hai Sobat BRI, mohon maaf sudah buat kamu kurang nyaman. Hal ini dilakukan demi peningkatan keamanan aplikasi BRImo. Boleh cek DM yang sudah kami kirim ya. Terima kasih^ygb",False,244,4200012,42,"[""Hai Kak maaf banget ya udah bikin nggak nyaman. Mohon untuk konfirmasi kepada pihak Tokopedia atau langsung mengunjungi website terlebih dahulu ya Kak agar dapat segera ditindaklanjuti. Terima kasih^ygb"", ""Hai Kak maaf banget atas kendala promo aplikasi Gojeknya ya Kak. Boleh informasikan nomor order dan screenshot detail promo yang kamu gunakan via DM ya. Terima kasih^ekw"", ""Hallo kak mohon maaf atas ketidak nyamanannya. Terkait keluhan yang kakak sampaikan akan admin follow up ke outlet terkait. Mohon dibantu kirimkan data kontak yang dapat dihubungi ya kak. Terima kasih"", ""Hai kak mohon maaf atas ketidak nyamanannya. Terkait hal ini akan disampaikan ke outlet terkait sebagai bahan evaluasi ke depannya. Terima kasih atas infonya ya kak"", ""Halo kak mohon maaf sudah buat kakak kecewa. Jika masih kurang puas dengan pesanannya mohon untuk sampaikan pada link berikut ya : Keluhan kakak akan segera kami tindaklanjuti. Terima kasih""]",False,5,2058,41,False,172
google/gemma-3-4b-it,competence,excitement,hybrid_early,0.3,Proses perubahan tiket di loket stasiun bisa diwakilkan ya Kak. Silakan membawa fotokopi kartu identitas penumpang dan bukti pemesanan tiketnya/boarding pass ya. Rencana ingin melakukan perubahan tiket di stasiun mana Kak?,"Hai Kak, maaf banget ya kalau ada kendala. Boleh info nomor telepon & email terdaftar, ditambah fotokopi kartu identitas dan bukti pemesanan tiketnya ya Kak, lewat DM? Rencana mau ganti tiket di stasiun mana nih Kak? Terima kasih -NSA",False,767,4200013,42,"[""Hai Kak maaf banget ya udah bikin kamu nggak nyaman. Bisa dibantu infoin nomor dan email kamu yang terdaftar di Gojek dan juga detail top up GoPay kamu via DM buat kami cek?Terima kasih^yb"", ""Hai Kak maaf banget atas kendala promo aplikasi Gojeknya ya Kak. Boleh informasikan nomor telepon dan email terdaftar serta detail voucher yang hilang ya supaya kendala kamu bisa kami cek. Terima kasih^ekw"", ""Hai Kak maaf banget ya tapi jangan khawatir ya. Yuk sini aku bantu cek lebih lanjut dengan infoin ke aku nomor telepon email yang terdaftar dan masa berlaku kartu kamu melalui DM ya. Terima kasih -NSA"", ""Hai Kak maaf banget ya tapi jangan khawatir ya. Yuk sini aku bantu cek lebih lanjut dengan infoin ke aku nomor telepon email yang terdaftar dan masa berlaku kartu yang akan didaftarkan melalui DM ya. Terima kasih -NSA"", ""Halloww Kak Akhmad nunggu emang gak enak banget ya Kak Biar data pendaftarannya bisa aku cek boleh infokan area pendaftaran dan Email yang Kakak daftarkan melalui DM? Ditunggu ya Kak ^tri""]",False,5,2080,59,False,234
google/gemma-3-4b-it,sincerity,excitement,hybrid_early,0.3,Terima kasih untuk sarannya. Kami akan berusaha meningkatkan pelayanan kami agar dapat memberikan pelayanan yang lebih baik lagi,"Halo Kak, terima kasih atas sarannya. Kami akan berupaya meningkatkan pelayanan kami untuk memberikan yang lebih baik lagi. -yb",False,1791,4200014,42,"[""Makasih ya Kak udah jadi pelanggan setia Gojek masukan kamu mengenai promo kami catat untuk perbaikan ke depannya. Selalu nantikan promo-promo menarik khusus untuk kamu yang dapat kamu cek di website resmi Gojek ya . Terima kasih^jhn (2/2)"", ""Hai Kak terima kasih telah memberikan kritik dan saran mengenai layanan Gojek Indonesia. Hal ini sangat membantu kami dalam menjaga kualitas pelayanan agar lebih baik. Terima kasih -ekw"", ""Halo kak mohon maaf sudah buat kakak kecewa. Jika masih kurang puas dengan pesanannya mohon untuk sampaikan pada link berikut ya : Keluhan kakak akan segera kami tindaklanjuti. Terima kasih"", ""Halo kak mohon maaf atas ketidaknyamanannya. Apabila kakak kurang puas dengan pesananya mohon untuk sampaikan langsung ke link berikut ya: Kami segera bantu untuk tindaklanjut. Terima kasih"", ""Hai Kak. Terima kasih telah memberikan komentar positif untuk layanan Gojek Indonesia. Kami harap dapat terus melayani kamu kepuasan pelanggan selalu menginspirasi kami untuk terus memperbaiki layanan ke depannya. ^yb""]",False,5,2008,27,False,127
google/gemma-3-4b-it,sincerity,excitement,hybrid_early,0.3,Apapun kendaraanmu di Drive Thru McDonald's semua di jalur yang sama & bisa pesan tanpa turun dari kendaraan. Walau di jalan raya kita berbeda namun di sini semua sama. Segera ke Drive Thru McD terdekat sekarang pesan menu favoritmu jadi lebih mudah & nyaman!,"""Drive Thru McD, semua kendaraan di jalur yang sama! 🤩 Walau di jalan beda, di sini sama kok! ✨ Segera ke Drive Thru McD terdekat, pesen menu favorit jadi gampang & nyaman! 🚀 Yuk, sebarkan info ini ke -mu!""",False,1905,4200015,42,"[""TWITTER DO YOUR MAGIC Bantu RT yaa !! Pliss bantu temuin bapak driver ojol ini. Dari kemaren belom ketemu juga padahal pengen banget kasih THR buat bapaknya nihhh. Kalo kalian kenal atau ketemu bapaknya langsung info ya!"", ""Jam segini masih kerja lembur bagai kuda? Tenang meskipun nggak bisa ngelarin kerjaan kamu tetep bisa nemenin kamu! Order sekarang mumpung ada PROMO~"", ""Sttt mau jajan tetap hemat? kasih solusinya nih biar ngopi kamu anti boros! Yuk geser postingan diatas. Segera sebarkan info promo ini ke -mu dan jangan sampai kelewatan ya!"", ""Hai Kak maaf banget ya udah bikin kamu nggak nyaman. Bisa dibantu infoin nomor dan email kamu yang terdaftar di Gojek dan juga detail top up GoPay kamu via DM buat kami cek?Terima kasih^yb"", ""Hai para Mantan bantu mimin dong buat nemuin jalan menuju paket promo BuCin kira-kira lewat mana nih ya Beb? Reply tweet ini dan mention kamu supaya sama-sama nemuin jalannya!""]",False,5,2025,62,False,206
google/gemma-3-4b-it,ruggedness,excitement,hybrid_early,0.3,Wahh harus tetap berjiwa muda kak umur hanyalah angka,"“Wah, harus semangat terus ya kak, umur hanyalah angka!”",False,5262,4200016,42,"[""Selamat Hari Senin semangat baru dalam memulai minggu yang baru ya!! Yuk minum dulu bareng mu biar makin semangat dan jangan lupa dapetin Tumbler kece diatas sebelum kehabisan ya masih ada HARGA PROMO loh! Yuk langsung dapetin"", ""Ayoo semangat terus kak"", ""Yang semangat yaa yang semangat"", ""Tapi harus semangat yaa"", ""Hi Beb bikin hari kamu ceria yuk dengan promo Kentjan. Dikit lagi udah mau habis nih kuotanya""]",False,5,1310,16,False,56
google/gemma-3-4b-it,sincerity,excitement,hybrid_early,0.3,Hi Ibu terima kasih atas jawabannya. Semoga terpilih menjadi salah satu yang beruntung ya! :),Yeay terima kasih Bu! Semoga beruntung ya! 😊,False,6054,4200017,42,"[""[PENGUMUMAN ] Selamat untuk pemenang GIVEAWAY tebak kode promo yang dipake Dido & Sekala Cek DM kamu sekarang ya! Mimin tunggu"", ""Hallo beb terima kasih atas antusiasnya. Ditunggu saja ya beb"", ""Selamat kepada: Kamu menjadi pemenang giveaway bareng Tunggu DM dari Mimin untuk data-data yang diperlukan yaa!"", ""Hihi soon ya Beb. Terima kasih atas antusiasnya"", ""Yeay terima kasih Beb . Jangan lupa beli lagi ya""]",False,5,1347,14,False,44
google/gemma-3-4b-it,competence,excitement,hybrid_early,0.3,Kami informasikan pengajuan penukaran uang disesuaikan dengan ketersediaan di kantor BRI yang dikunjungi mulai tanggal 24-27 Maret 2025. Silakan mengunjungi Kantor Cabang Yogya Katamso yang berlamat di Jalan Brigjen Katamso Nomor. 13-15 Kelurahan Prawirodirjan Kecamatan,"“Yuk, pantengin! Pengajuan penukaran uang BRI di Kantor Cabang Yogya Katamso, tanggal 24-27 Maret 2025 ya! Lokasinya di Jalan Brigjen Katamso Nomor 13-15, Kelurahan Prawirodirjan, Kecamatan. Jangan sampai ketinggalan!”",False,217,4200018,42,"[""Mau datang langsung ke jilid tapi malas mengantri? Agar pesanan -mu bisa langsung diambil yuk pesan berbagai menu melalui Aplikasi Jiwa+ Download aplikasinya sekarang juga di:"", ""Hai Kak kamu melihat promo yang sedang berjalan kamu dapat cek di halaman Promo di aplikasi Gojek kamu ya. Update promo yang sedang berlaku saat ini silakan cek di Tks^ast"", ""Siap-siap! Buat buka puasa nanti ada promo yang bisa nemenin kamu nih. Pemesanan-nya melalui Jiwa+ jadi pantengin terus ya!"", ""Hari Jumat saatnya ke nih! Buat kamu yang ada di Surabaya dan Medan yuk langsung kunjungi jilid diatas dan nikmati PROMONYA ya! Klik link dibawah untuk liat detail promo nya ya"", ""Hai Kak mengenai Promo Payday Alfamart Diskon 40% kamu akan mendapatkan benefit apabila sudah sesuai syarat ketentuan promo ya. Info detailnya kamu bisa cek ya. Tks^ast""]",False,5,1944,73,False,218
google/gemma-3-4b-it,ruggedness,excitement,hybrid_early,0.3,Ada kabar baik loh! Telah tercipta lagi new carrier! Consina Carrier Bering 60 L IDR :,"""Wah, ada kabar gembira nih! Carrier Consina Carrier Bering 60 L yang lagi hits udah ada lagi! IDR :""",False,5720,4200019,42,"[""Hallo kak order via grabfood/gofood lagi banyak promo loh! Yuk cek sekarang"", ""Selamat Hari Jumat buat semua !!! Biar makin semangat buat weekend yuk minum di jilid terdekatmu! Ada Es Kopi Susu dengan design yang keren banget loh. Buat yang belum cobain yuk langsung cobain sekarang juga"", ""Makasih ya ucapannyaaa Sesuai janji nih Mimin kasih PROMO YaHUT DISKON s.d. 140 RIBU pake kode GOJEKULTAH"", ""PROMO KEBUT HADIR KEMBALI! Ayo nikmati PROMO KEBUT ini! Karena promo ini hanya berlangsung hingga tanggal 10 November aja loh! Order sekarang juga dan share ke mu biar bisa ngopi hemat bareng-bareng"", ""Masih ada PROMO untuk hari ini! Segera cek aplikasi kamu untuk dapatkan promo ini ya!""]",False,5,1618,30,False,101
google/gemma-3-4b-it,sincerity,excitement,hybrid_early,0.3,Pedesnya Ayam McD Spicy punya cara sendiri buat bikin semua orang jatuh hati. Ada yang makannya butuh ditemanin minuman ada juga yang menikmati rasa pedesnya yang gurih dan nikmat! Satu yang pasti pedesnya Ayam McD Spicy pasti bikin balik lagi! Kalau McD'ers,"“Gue bilang, Ayam McD Spicy tuh pedesnya bikin nagih! 🤤 Ada yang suka pake minuman biar gak kepedesan, ada juga yang ngrasain pedesnya yang bikin lidah kebakaran! 🔥 Satu yang pasti, pedes Ayam McD Spicy bikin pengen balik lagi! Wah, McD'ers!”",False,1628,4200020,42,"[""Biar nggak bingung siapin menu sarapan besok dari sekarang yuk! Nih kasih kamu PROMO sarapan dan yang bikin semangat seharian~"", ""Jam-jamnya mulai laper tapi ngga mau makan berat? Pesen Marie Regal Shake aja Beb! Siapa yang favoritnya Marie Regal Shake? mention juga teman-teman kamu yang lain ya Beb!"", ""Gaeeesss~ Gimana senin paginya? Biar kamu seneng dan tetep hemat nih Mimin spill promo-promo Gojek"", ""Nggak salah min menu ada yang harganya cuma 1 rupiah aja? Tenang kamu nggak salah baca kok! Save postingan ini dan mention biar bisa diajak ngopi enak dan murah ya"", ""Selamat Hari Jumat buat semua !!! Biar makin semangat buat weekend yuk minum di jilid terdekatmu! Ada Es Kopi Susu dengan design yang keren banget loh. Buat yang belum cobain yuk langsung cobain sekarang juga""]",False,5,1885,68,False,242
google/gemma-3-4b-it,ruggedness,excitement,hybrid_early,0.3,Dibekali dengan satu kompartemen utama yang memiliki ruang besar serta dengan dua kompartemen tambahan yang berada di depan dan belakang memberikanmu keleluasaan dalam mengorganisir barang.,"“Wah, tas ini keren banget ya buat nyimpen barang! Ada satu kompartemen gede di tengah, terus dua kompartemen kecil di depan sama belakang, jadi bisa atur barang bebas deh.”",False,5587,4200021,42,"[""Hai Kak maaf banget ya udah bikin kamu nggak nyaman. Saat ini promo yang ditawarkan di aplikasi Gojek udah nggak bisa digabung lagi ya Kak. Kamu hanya bisa menggunakan satu promo untuk satu transaksi. ^yb"", ""Hai Kak maaf banget ya udah bikin kamu nggak nyaman. Bisa dibantu infoin nomor dan email kamu yang terdaftar di Gojek dan juga detail top up GoPay kamu via DM buat kami cek?Terima kasih^yb"", ""Hai Kak maaf banget ya Kak udah bikin kamu nggak nyaman. Saat ini promo yang ditawarkan di aplikasi Gojek udah nggak bisa digabung lagi ya Kak. Terima kasih^DW"", ""Yuk lengkapi harimu dengan Es Soklat agar kegiatan lebih menyenangkan! Walaupun ngga bisa keluar rumah kamu tetep bisa loh. Yuk order Es Soklat dan menu lainnya dengan HARGA SPESIAL di Gofood dan ajak mu ya"", ""Hai Kak maaf banget buat Kakak nggak nyaman ya. Yuk infokan nomor order kamu dan nominal uang parkir yang kamu bayarkan kepada mitra kami via DM agar dapat kami cek ya. Terima kasih^ast""]",False,5,1992,44,False,173
google/gemma-3-4b-it,sophistication,excitement,hybrid_early,0.3,Hope it was fun and informative! :),Hai Kak maaf banget ya udah bikin kamu kurang seru. Bisa dibantu infoin detail kendala kamu ya buat kami cek? Makasih^yb,False,4559,4200022,42,"[""Hai Kak maaf banget ya buat kamu kurang nyaman. Mohon informasikan detail kendala kamu ya Kak untuk pengecekan. Terima kasih^ekw"", ""Hai Kak maaf banget ya udah bikin ngga nyaman. Terkait dengan keluhanmu mohon diinformasikan nomor telepon dan email kamu yang terdaftar melalui DM supaya bisa kami bantu cek ya. Tks^Ari"", ""Hai Kak maaf banget ya udah bikin kamu nggak nyaman. Bisa dibantu infoin nomor dan email kamu yang terdaftar di Gojek buat kami cek? Terima kasih^yb"", ""Selamat Hari Jumat buat semua !!! Biar makin semangat buat weekend yuk minum di jilid terdekatmu! Ada Es Kopi Susu dengan design yang keren banget loh. Buat yang belum cobain yuk langsung cobain sekarang juga"", ""Hai Kak maaf banget ya udah bikin kamu nggak nyaman. Bisa dibantu infoin nomor dan email kamu yang terdaftar di Gojek dan juga screenshot kendalanya via DM buat kami cek? Terima kasih^yb""]",False,5,1752,31,False,120
google/gemma-3-4b-it,sincerity,excitement,hybrid_early,0.3,Jangan sampe ketinggalan karena kompetisi hanya sampai tanggal 20 Oktober 2022. Yuk ikutan sekarang supaya berkesempatan menang dan makan bersama di McD dengan Gift Card McD Cek info lengkapnya di:,"“Sttt, jangan sampai ketinggalan! Kompetisinya cuma sampai 20 Oktober 2022 lho! Yuk buruan ikutan biar kesempatan menang dan makan bareng McD pakai Gift Card McD! Cek info lengkapnya di:”",False,1805,4200023,42,"[""Murah banget sih iniii Ayok buruan jajan lagi mumpung promonya dijamin dapet sampe tgl 11 ini!!! Cek DM kamu dehhh"", ""Hallo kak order via grabfood/gofood lagi banyak promo loh! Yuk cek sekarang"", ""Sttt mau jajan tetap hemat? kasih solusinya nih biar ngopi kamu anti boros! Yuk geser postingan diatas. Segera sebarkan info promo ini ke -mu dan jangan sampai kelewatan ya!"", ""Selamat Hari Jumat buat semua !!! Biar makin semangat buat weekend yuk minum di jilid terdekatmu! Ada Es Kopi Susu dengan design yang keren banget loh. Buat yang belum cobain yuk langsung cobain sekarang juga"", ""Promo BOSS hari kedua! Buat kamu yang kemarin sudah ikutan hari ini bisa ikutan lagi lho! Yuk download aplikasi Kopi Kenangan dan ikutan promonya""]",False,5,1773,54,False,187
google/gemma-3-4b-it,sophistication,excitement,hybrid_early,0.3,to gold pliss dress from Saptodjojokartiko Spring/Summer 2018. 6 more days to the of runway show,"“Akhirnya! Gaun Emas Pliss dari Saptodjojokartiko Spring/Summer 2018! Cus buruan order, tinggal 6 hari lagi ke acara runway show-nya!”",False,4802,4200024,42,"[""Selamat Hari Jumat buat semua !!! Biar makin semangat buat weekend yuk minum di jilid terdekatmu! Ada Es Kopi Susu dengan design yang keren banget loh. Buat yang belum cobain yuk langsung cobain sekarang juga"", ""Jam segini masih kerja lembur bagai kuda? Tenang meskipun nggak bisa ngelarin kerjaan kamu tetep bisa nemenin kamu! Order sekarang mumpung ada PROMO~"", ""[LAST DAY] Hi Para Mantan HARI INI promo terakhir beli harga reguler GRATIS Upsize untuk menu baru loh! Jangan sampai ketinggalan ya! S&K:"", ""Semangat nder biar happy cek Tokopedia Happy Hour pasti diskon 30% mulai dari jam 19.00 WIB aja"", ""Happy weekend Beb! Hari ini jangan lupa beli Kopi Kenangan ya! Biar nggak gabut kuy kita main dulu Kalau kata ini disusun jadi nama menu apa ya? Coba tulis jawaban kamu dengan reply tweet ini dan mention juga temanmu yang lain biar kita main bareng!""]",False,5,1796,47,False,134
google/gemma-3-4b-it,ruggedness,excitement,hybrid_early,0.3,untuk promo 17 An kita ada Flashdeal di online kalo ditoko promo 35% untuk produk2 tertentu Bro :),"“Flashdeal buat promo 17 An! Diskon 35% buat produk tertentu di online, bro!”",True,5950,4200025,42,"[""Hari terakhir flash sale! Langsung cek aplikasi kamu dan jangan lewatkan PROMO-nya yuk~"", ""Masih ada PROMO untuk hari ini! Segera cek aplikasi kamu untuk dapatkan promo ini ya!"", ""Sebelum hari minggu berakhir pake dulu nih promo spesial weekend. Pesennya pake ya !"", ""BESOK ADA YANG CLBK! Harga 2 menu mulai dari harga 30K aja loh! Hemat banget kan? Nantikan besok PROMO nya dan jangan lupa save postingan ini dan bagikan ke mu ya"", ""DISKON KILAT BIKIN HEMAT! Hanya 3 hari saja Flash Sale dengan diskon 50% bisa kamu nikmati di aplikasi Jangan sampai lewatkan yuk pesan sekarang dan bagikan info ini ke -mu ya~""]",False,5,1553,26,False,77
google/gemma-3-4b-it,sincerity,excitement,hybrid_early,0.3,Hi kak mohon maaf ya atas kendala yang dialami. Apakah berkenan untuk share info lebih lanjut melalui DM untuk segera difollow up? Thank you atas feedbacknya,"Hai Kak, maaf banget ya atas kendala yang kamu alami. Boleh info lebih lanjut melalui DM ya untuk segera kita follow up? Terima kasih atas feedbacknya -NSA",False,2278,4200026,42,"[""Hai Kak maaf banget ya tapi jangan khawatir ya. Yuk sini aku bantu cek lebih lanjut dengan infoin ke aku nomor order dan screenshot kendala kamu melalui DM ya. Terima kasih -NSA"", ""hallo kak mohon maaf atas ketidaknyamanannya ya kak. mohon kesediaanya untuk infokan keluhan kakak melalui DM ya kak"", ""Hai Kak maaf banget atas kendala promo aplikasi Gojeknya ya Kak. Boleh informasikan nomor order dan screenshot detail promo yang kamu gunakan via DM ya. Terima kasih^ekw"", ""Hai Kak maaf banget ya buat kamu gak nyaman. Terkait kendala kamu mohon informasikan nomor telepon dan email terdaftar serta screenshot kendalanya via DM ya Kak untuk pengecekan. Terima kasih^ekw"", ""hallo kak mohon maaf atas ketidaknyamanannya ya kak. mohon kesediaanya untuk infokan nomor telepon kakak melalui DM ya agar dapat kami tindaklanjuti kepada jilid terkait ya kak""]",False,5,1851,35,False,155
google/gemma-3-4b-it,competence,excitement,hybrid_early,0.3,Hai Sobat BRI perihal apa yang dapat kami bantu terkait produk dan layanan BRI? Sobat BRI laporkan segera jika menemukan aktivitas mencurigakan pada akun perbankanmu. Informasi lebih lanjut hubungi Contact BRI 1500017 Sabrina WhatsApp 0812 1214 017 atau akun resmi media,"Hai Sobat BRI, ada yang bisa mimin bantu buat masalah produk atau layanan BRI? Kalau ada aktivitas mencurigakan di akun bank kamu, cepet lapor ya! Info lebih lanjut hubungi Contact BRI 1500017 Sabrina WhatsApp 0812 1214 017 atau akun resmi media. Tks^ast",False,53,4200027,42,"[""Hai Kak maaf banget ya udah bikin ngga nyaman. Terkait dengan keluhanmu mohon diinformasikan nomor telepon yang terdaftar dan sertakan screenshot history transaksi GoPay-mu melalui DM agar dapat kami bantu cek ya. Tks^Ari"", ""Hai para Mantan bantu mimin dong buat nemuin jalan menuju paket promo BuCin kira-kira lewat mana nih ya Beb? Reply tweet ini dan mention kamu supaya sama-sama nemuin jalannya!"", ""Hai Kak ada apa nih dengan layanan Gojek? yuk ceritakan detail laporannya via DM agar kami bantu lebih lanjut. Tks^Ari"", ""Hai Kak maaf banget ya udah bikin nggak nyaman. Mohon untuk konfirmasi kepada pihak Tokopedia atau langsung mengunjungi website terlebih dahulu ya Kak agar dapat segera ditindaklanjuti. Terima kasih^ygb"", ""Hai Kak kamu melihat promo yang sedang berjalan kamu dapat cek di halaman Promo di aplikasi Gojek kamu ya. Update promo yang sedang berlaku saat ini silakan cek di Tks^ast""]",False,5,2018,77,False,254
google/gemma-3-4b-it,competence,excitement,hybrid_early,0.3,Dengan senang hati kami informasikan benar ya. Pastikan Bapak berinteraksi dengan akun resmi Sosial Media BCA yang verified bercentang biru kecuali X (Twitter) dengan centang emas. Nomor WhatsApp resmi Bank BCA yaitu 08111500998 (centang biru).,"Hai Kak, maaf banget ya kalau kurang nyaman. Jadi, pastikan Bapak interaksi sama akun resmi Sosial Media BCA yang verified bercentang biru ya, kecuali X (Twitter) dengan centang emas. Nomor WhatsApp resmi Bank BCA itu 08111500998 (centang biru).",False,1307,4200028,42,"[""Hai Kak maaf banget ya udah bikin ngga nyaman. Terkait dengan keluhanmu mohon diinformasikan nomor telepon dan email kamu yang terdaftar melalui DM supaya bisa kami bantu cek ya. Tks^Ari"", ""Hai kak maaf banget ya kak silakan infokan no hp email yg terdaftar dan screenshot kendala pd saat menggunakan promo melalui DM supaya bisa aku bantu cek ya. Tks^feb"", ""Halo Kak Kami sudah respon melalui DM ya yuk cek DM kakak"", ""Hai Kak maaf banget ya buat kamu kurang nyaman. Terkait kendala kamu mohon informasikan nomor telepon dan email terdaftar serta screenshot detail transaksinya ya Kak untuk pengecekan. Terima kasih^ekw"", ""Hai kak maaf banget ya kak silakan infokan no hp email yg terdaftar dan screenshot syarat ketentuan promo melalui DM supaya bisa aku bantu cek ya. Tks^feb""]",False,5,1867,65,False,245
google/gemma-3-4b-it,sophistication,excitement,hybrid_early,0.3,The gradual exploration of specific colors with tactile patterns is used differently and approached in uncommon ways. Discover these looks and more at SAPTO DJOJOKARTIKO Plaza Senayan,"Hai! Penasaran sama tampilan warna-warna unik dengan tekstur sentuhan? Yuk, temukan berbagai gaya seru lainnya di SAPTO DJOJOKARTIKO Plaza Senayan! ^DW",False,4585,4200029,42,"[""Hai Kak maaf banget ya Kak udah bikin kamu nggak nyaman. Saat ini promo yang ditawarkan di aplikasi Gojek udah nggak bisa digabung lagi ya Kak. Terima kasih^DW"", ""Hai Kak maaf banget ya udah bikin kamu nggak nyaman. Saat ini promo yang ditawarkan di aplikasi Gojek udah nggak bisa digabung lagi ya Kak. Kamu hanya bisa menggunakan satu promo untuk satu transaksi. ^yb"", ""Hi Beb bikin hari kamu ceria yuk dengan promo Kentjan. Dikit lagi udah mau habis nih kuotanya"", ""Hai Kak maaf banget ya. Saat ini promo yang ditawarkan di aplikasi Gojek udah ga bisa digabung lagi ya Kak. Kamu hanya bisa menggunakan satu promo untuk satu transaksi. Terima kasih^DW"", ""Hai Kak maaf banget atas kendala promo aplikasi Gojeknya ya Kak. Boleh informasikan nomor order dan screenshot detail promo yang kamu gunakan via DM ya. Terima kasih^ekw""]",False,5,1853,41,False,151
google/gemma-3-4b-it,sophistication,excitement,hybrid_early,0.3,Let s dengan menghubungi dealer resmi Vespa terdekat di kotamu guna mendapatkan exclusive customer added value up to Rp5 5 juta dan juga genuine Vespa helmet untuk setiap pembelian Vespa di bulan Juni 2020!,"""Yuk, buruan hubungi dealer Vespa terdekat di kota kamu! Dapatkan penawaran eksklusif khusus pelanggan sampai Rp5.5 juta dan helm Vespa original untuk pembelian Vespa di bulan Juni 2020! Jangan sampai ketinggalan yaaa!""",False,3910,4200030,42,"[""PROMO WEEKEND PICK UP bisa dapatkan dengan order di . Yuk langsung aja ke Jilid terdekat kamu Barista kece sudah menunggu"", ""Hai Kak tetap nantikan promo menarik kami lainnya ya dan semoga kamu beruntung. Kamu juga bisa cek update promo Gojek di link Semangaaatt!! ^yb"", ""Mau ngopi tetap puas dan terap hemat bareng ? Pakai PROMO di bawah yuk! Ada berbagai macam PROMO hemat yang bisa kamu pilih loh! Langsung pesan dan ajak mu ya"", ""Sambut awal bulan dengan PROMO di Aplikasi Jiwa+ yang belum download Aplikasi Jiwa+ bisa download sekarang juga untuk menikmati berbagai PROMO menarik! jangan lupa mention lainnya yaaa ^^"", ""PROMO spesial siap nemenin kamu di awal bulan! Buruan mluncur ke yuk!""]",False,5,1745,57,False,219
google/gemma-3-4b-it,sincerity,excitement,hybrid_early,0.3,2025 is calling It s time for a new look and a fresh start!,"""Waktu tuh nampilin 2025! Waktunya ganti gaya, mulai dari awal yang baru deh!""",False,2276,4200031,42,"[""Semangat nder biar happy cek Tokopedia Happy Hour pasti diskon 30% mulai dari jam 19.00 WIB aja"", ""Biar semangat dikasih Tokopedia Happy Hour pasti diskon 30% mulai dari jam 19.00 WIB sih"", ""Sore . Lelah bekerja seharian? Bisa banget untuk refresh lagi dengan yang seger. dimana lagi kalau bukan ! PROMO masih bisa kamu nikmati yaaa! order sekarang juga!"", ""Jam segini masih kerja lembur bagai kuda? Tenang meskipun nggak bisa ngelarin kerjaan kamu tetep bisa nemenin kamu! Order sekarang mumpung ada PROMO~"", ""Yang pertama boleh banget nih cek Tokopedia Happy Hour pasti diskon 30% mulai dari jam 19.00 WIB""]",False,5,1511,29,False,78
google/gemma-3-4b-it,competence,excitement,hybrid_early,0.3,minimal adalah Rp10.000.000 00. Rekening TabunganKu Simpanan Pelajar dan Virtual Account dikenakan status dormant jika tidak aktif selama beberapa bulan tertentu tanpa melihat saldo minimal Rp10.000.000 00 dan untuk rekening valas nominal saldo minimal mengikuti ketentuan yang,"“Rekening minimal Rp10.000.000 00 yaa. Kalau kurang aktif, bisa jadi dormant nih buat tabungan pelajar sama virtual account. Saldo minimalnya juga ikut ketentuan buat rekening valas, guys!”",False,1273,4200032,42,"[""Semangat nder biar happy cek Tokopedia Happy Hour pasti diskon 30% mulai dari jam 19.00 WIB aja"", ""Kenyang ga? Nelennya bisa sambil cek Tokopedia Happy Hour pasti diskon 30% mulai dari jam 19.00 WIB kok"", ""Gaeeesss~ Gimana senin paginya? Biar kamu seneng dan tetep hemat nih Mimin spill promo-promo Gojek"", ""HARI TERAKHIR DAPAT CASH BACK 100% Kata siapa kalo ke Jilid nggak ada PROMO? Buat yang mau pesan take away dan langsung di Jilid jangan lupa pakai PROMO yang bikin ngopi kamu hemat banget!"", ""Biar semangat dikasih Tokopedia Happy Hour pasti diskon 30% mulai dari jam 19.00 WIB sih""]",False,5,1710,53,False,189
google/gemma-3-4b-it,sincerity,excitement,hybrid_early,0.3,McD'ers dapatkan Key Ring Mekdi lucu ini dengan minimal transaksi Rp70.000 lewat Drive Thru khusus bagi kamu yang sudah memasang Sticker Drive Thru McDonald s. Kalau belum punya segera dapatkan stikernya lewat crew McD.,"""McD'ers, KEY RINGER Mekdi LUCUUU! 🤩 Min. transaksi Rp70.000 via Drive Thru buat yg udah pasang stiker McD! 🥳 Belum punya stiker? Cepetan dapat sekarang via crew McD! Buruan order!""",False,1763,4200033,42,"[""TWITTER DO YOUR MAGIC Bantu RT yaa !! Pliss bantu temuin bapak driver ojol ini. Dari kemaren belom ketemu juga padahal pengen banget kasih THR buat bapaknya nihhh. Kalo kalian kenal atau ketemu bapaknya langsung info ya!"", ""Sttt mau jajan tetap hemat? kasih solusinya nih biar ngopi kamu anti boros! Yuk geser postingan diatas. Segera sebarkan info promo ini ke -mu dan jangan sampai kelewatan ya!"", ""PROMO KEBUT HADIR KEMBALI! Ayo nikmati PROMO KEBUT ini! Karena promo ini hanya berlangsung hingga tanggal 10 November aja loh! Order sekarang juga dan share ke mu biar bisa ngopi hemat bareng-bareng"", ""Selamat Hari Jumat buat semua !!! Biar makin semangat buat weekend yuk minum di jilid terdekatmu! Ada Es Kopi Susu dengan design yang keren banget loh. Buat yang belum cobain yuk langsung cobain sekarang juga"", ""Hallo kak order via grabfood/gofood lagi banyak promo loh! Yuk cek sekarang""]",False,5,1954,62,False,181
google/gemma-3-4b-it,sophistication,excitement,hybrid_early,0.3,Bahagia itu sederhana. Salah satu contonya adalah ketemu langsung dengan Vespa Picnic berikut aksesorisnya. Temui Vespa Picnic di dealer resmi Vespa di kotamu sekarang juga. Info lengkap klik,"“Happy banget bisa ketemu Vespa Picnic plus aksesorisnya! Yuk langsung ke dealer Vespa terdekat di kotamu, Barista kece udah nungguin buat bantu kamu! Info lengkap klik >>>”",False,3880,4200034,42,"[""PROMO WEEKEND PICK UP bisa dapatkan dengan order di . Yuk langsung aja ke Jilid terdekat kamu Barista kece sudah menunggu"", ""Kamis anti menangis walaupun dikejar-kejar kerjaan dan deadline bareng PROMO dari yang bikin semangat full terus! Cek harga spesialnya di yuk>>>"", ""Selamat kepada mendapatkan hadiah spesial Tiap weekend pokoknya aku bakal bagi-bagi HP jadi pantengin terus ya! TUNGGUIN GIVEAWAY NYA LAGI YA MALAM INI"", ""Hai Kak tetap nantikan promo menarik kami lainnya ya dan semoga kamu beruntung. Kamu juga bisa cek update promo Gojek di link Semangaaatt!! ^yb"", ""Selamat Hari Jumat buat semua !!! Biar makin semangat buat weekend yuk minum di jilid terdekatmu! Ada Es Kopi Susu dengan design yang keren banget loh. Buat yang belum cobain yuk langsung cobain sekarang juga""]",False,5,1819,42,False,173
google/gemma-3-4b-it,competence,excitement,hybrid_early,0.3,Selamat malam Kak. Untuk saat ini terdapat pembatasan 4 penumpang per kode booking jika lebih silakan dapat melakukan pemesanan dua kali ya. Kemudian batas transaksi pada aplikasi Access by KAI yaitu maksimal 6 kali dalam sehari. Railmin imbau untuk selalu hati-hati ya,"Hai Kak maaf ya, mengenai pembatasan 4 penumpang per kode booking dan batas transaksi maksimal 6 kali sehari di aplikasi Access by KAI ya Kak. Kalau lebih silakan pesan dua kali ya. Tks^Ari",False,837,4200035,42,"[""Hai Kak maaf banget atas kendala promo aplikasi Gojeknya ya Kak. Boleh informasikan nomor order dan screenshot detail promo yang kamu gunakan via DM ya. Terima kasih^ekw"", ""Hai Kak maaf ya. Mengenai kode promo GOJEKINAJA sudah habis ya. Kami sarankan kamu mencoba kode promo atau menunggu promo lain yang tersedia di Gojek ya. Terima kasih^shl"", ""Hai Kak maaf banget ya udah bikin kamu telat silakan infokan no order yg berkendala melalui DM supaya bisa aku bantu cek ya. Tks^feb"", ""Hai Kak maaf banget atas kendala promo aplikasi Gojeknya ya Kak. Boleh informasikan nomor telepon dan email terdaftar serta screenshot ketentuan promonya via DM ya supaya kendala kamu bisa kami cek. Terima kasih^ekw"", ""Hai Kak maaf banget ya saat ini promo yang ditawarkan di aplikasi Gojek sudah tidak bisa digabung lagi ya Kak. Kakak hanya bisa menggunakan satu promo untuk satu transaksi. Tks^Ari""]",False,5,1996,46,False,189
google/gemma-3-4b-it,competence,excitement,hybrid_early,0.3,Selamat pagi bisa Kak. Silakan dapat melakukan perubahan foto melalui aplikasi Access by KAI ya. Railmin imbau untuk selalu hati-hati ya terhadap akun penipuan yang mengatasnamakan KAI. Saat ini seluruh akun media sosial KAI121 sudah terverifikasi. Mohon abaikan jika ada,Hai Kak maaf banget ya kalau bikin bingung. Yuk coba ganti foto lewat aplikasi Access by KAI ya Kak. KAI diinget-inget buat hati-hati sama akun palsu yang bilang KAI. Sekarang semua akun media sosial KAI121 udah terverifikasi kok. Jangan samakan ya kalau ada.,False,759,4200036,42,"[""Hai Kak maaf banget ya udah bikin nggak nyaman. Mohon untuk konfirmasi kepada pihak Tokopedia atau langsung mengunjungi website terlebih dahulu ya Kak agar dapat segera ditindaklanjuti. Terima kasih^ygb"", ""Hai kak maaf banget ya kak silakan infokan no hp email yg terdaftar dan screenshot syarat ketentuan promo melalui DM supaya bisa aku bantu cek ya. Tks^feb"", ""Hai para Mantan bantu mimin dong buat nemuin jalan menuju paket promo BuCin kira-kira lewat mana nih ya Beb? Reply tweet ini dan mention kamu supaya sama-sama nemuin jalannya!"", ""Hai Kak maaf banget ya tapi jangan khawatir ya. Yuk sini aku bantu cek lebih lanjut dengan infoin ke aku nomor telepon email yang terdaftar dan screenshot bukti transaksi kamu melalui DM ya. Terima kasih -NSA"", ""Hai Kak maaf banget ya tapi jangan khawatir ya. Yuk sini aku bantu cek lebih lanjut dengan infoin ke aku nomor telepon email yang terdaftar dan masa berlaku kartu yang akan didaftarkan melalui DM ya. Terima kasih -NSA""]",False,5,2088,68,False,259
google/gemma-3-4b-it,sophistication,excitement,hybrid_early,0.3,Reese Witherspoon lagi jemput Christina Ricci di bertajuk Penelope,"""Wah, Reese Witherspoon jemput Christina Ricci, keren abis! Btw, kamu lagi nyantai blm nih?""",False,4235,4200037,42,"[""Selamat Hari Jumat buat semua !!! Biar makin semangat buat weekend yuk minum di jilid terdekatmu! Ada Es Kopi Susu dengan design yang keren banget loh. Buat yang belum cobain yuk langsung cobain sekarang juga"", ""Yuhuuu mimin seneng deh kalau bebeb jadi happy gini"", ""Jam segini masih kerja lembur bagai kuda? Tenang meskipun nggak bisa ngelarin kerjaan kamu tetep bisa nemenin kamu! Order sekarang mumpung ada PROMO~"", ""Hallo Toppers bisa cek DM yak"", ""Kenyang ga? Nelennya bisa sambil cek Tokopedia Happy Hour pasti diskon 30% mulai dari jam 19.00 WIB kok""]",False,5,1467,27,False,92
google/gemma-3-4b-it,competence,excitement,hybrid_early,0.3,Bisa Kak silakan dapat melengkapi format data yang Railmin minta sebelumnya melalui DM agar dapat Railmin lakukan pengecekan ya. Terima kasih.,"Hai Kak maaf ya kalau ada kendala. Yuk, infokan nomor order dan screenshot data yang diminta melalui DM supaya bisa Railmin cek ya. Terima kasih^DW",False,792,4200038,42,"[""Hai Kak maaf banget ya udah bikin kamu telat silakan infokan no order yg berkendala melalui DM supaya bisa aku bantu cek ya. Tks^feb"", ""Hai kak maaf banget ya kak silakan infokan no hp email yg terdaftar dan screenshot syarat ketentuan promo melalui DM supaya bisa aku bantu cek ya. Tks^feb"", ""Hai Kak maaf banget ya. Yuk infokan nomor telepon screenshot promo yang kamu makasud dan nomor order via DM agar dapat kami cek ya. Terima kasih^ast"", ""Hai Kak maaf banget atas kendala promo aplikasi Gojeknya ya Kak. Boleh informasikan nomor order dan screenshot detail promo yang kamu gunakan via DM ya. Terima kasih^ekw"", ""Hai Kak maaf ya kalau kamu jarang dapat voucher supaya aku bisa cek boleh infoin nomor telepon dan email yang terdaftar pada aplikasi melalui DM ya. Terima kasih ^DW""]",False,5,1771,35,False,147
google/gemma-3-4b-it,sophistication,excitement,hybrid_early,0.3,Ready to roll this weekend,"""Weekend nih, siap-siap! Yuk order sekarang, jangan sampe keabisan!""",False,4063,4200039,42,"[""Gaeeesss~ Gimana senin paginya? Biar kamu seneng dan tetep hemat nih Mimin spill promo-promo Gojek"", ""Sore . Lelah bekerja seharian? Bisa banget untuk refresh lagi dengan yang seger. dimana lagi kalau bukan ! PROMO masih bisa kamu nikmati yaaa! order sekarang juga!"", ""Selamat Hari Senin semangat baru dalam memulai minggu yang baru ya!! Yuk minum dulu bareng mu biar makin semangat dan jangan lupa dapetin Tumbler kece diatas sebelum kehabisan ya masih ada HARGA PROMO loh! Yuk langsung dapetin"", ""Hallo Toppers bisa cek DM yak"", ""Masih ada promo weekend pick up dari Ayo order sekarang dan nantikan promonya lagi di minggu depan ya""]",False,5,1504,21,False,68
google/gemma-3-4b-it,sophistication,excitement,hybrid_early,0.3,Senyum pasangan akan lebih bahagia saat dijemput naik Vespa. Pingin punya Vespa? Ikutan Live More Vespa Digital Content Competition aja. Caranya klik aja.,"""Senyum pasangan makin hepi kalau dijemput naik Vespa, kan? Mau punya Vespa? Yuk ikutan Live More Vespa Digital Content Competition, gampang banget klik aja!""",False,3940,4200040,42,"[""Mau ngopi tetap puas dan terap hemat bareng ? Pakai PROMO di bawah yuk! Ada berbagai macam PROMO hemat yang bisa kamu pilih loh! Langsung pesan dan ajak mu ya"", ""Saatnya ngopi bareng -mu! PROMO PAY DAY siap bikin dompet kamu tetap hemat loh~ Langsung pesan di aplikasi JIWA+ dan yaa!"", ""Kamis happy bareng PROMO yang bikin kamu senyum tiap hari! Cek aplikasi kamu sekarang yuk~"", ""Lebih hemat bareng PROMO pesan biar kamu hepi terus seharian~ Cek PROMOnya di aplikasi ya!"", ""Kamis anti menangis walaupun dikejar-kejar kerjaan dan deadline bareng PROMO dari yang bikin semangat full terus! Cek harga spesialnya di yuk>>>""]",False,5,1618,38,False,158
google/gemma-3-4b-it,sincerity,excitement,hybrid_early,0.3,Hi Bapak apabila ingin pengajuan kerja sama sponsorship dapat mengirimkan proposal lengkapnya dengan ukuran file maksimal sampai 3MB dalam bentuk Word atau PDF melalui email nestle.indonesia.nestle.com. :),"Halo Bapak, kalau mau pengajuan kerja sama sponsorship bisa kirim proposal lengkapnya ya, maksimal ukuran file 3MB dalam bentuk Word atau PDF lewat email nestle.indonesia.nestle.com. :)",False,6068,4200041,42,"[""Hai Kak maaf banget atas kendala promo aplikasi Gojeknya ya Kak. Boleh informasikan nomor order dan screenshot detail promo yang kamu gunakan via DM ya. Terima kasih^ekw"", ""Hai Kak maaf banget atas kendala promo aplikasi Gojeknya ya Kak. Boleh informasikan nomor telepon dan email terdaftar via DM supaya kendala kamu bisa kami cek. Terima kasih^ekw"", ""Hai Kak maaf banget ya. Yuk infokan nomor telepon screenshot promo yang kamu makasud dan nomor order via DM agar dapat kami cek ya. Terima kasih^ast"", ""Hai Kak jangan khawatir ya Kak. Aku bakal bantuin Kamu. Coba dibantu lampirkan nomor telepon email dan screenshot detail pembayaran melalui DM ya Kak . Terima kasih ^ ibl"", ""Halo kak mohon maaf atas ketidaknyamanannya ya bisa di infokan jilid mana tempat kakak melakukan pembelian? Mohon kirimkan juga foto struk fisik pembeliannya ya kak dan mohon infokan nomor telepon yang dapat dihubungi melalui DM ya terima kasih""]",False,5,1973,44,False,185
google/gemma-3-4b-it,sincerity,excitement,hybrid_early,0.3,pake apa duluuu?,Ganti apa dulu tuh?,False,2166,4200042,42,"[""Sekarang pake yang ini kak"", ""Siap kak! Ditunggu ya"", ""Siapp banget ini sihh"", ""Gantian dong bang"", ""Kenapa bisa gitu yaa""]",False,5,982,7,False,19
google/gemma-3-4b-it,competence,excitement,hybrid_early,0.3,Hai Sobat BRI. Mohon maaf atas kendala yang dialami. Guna tindak lanjut kendala pada aplikasi ceria mohon kesediaan menghubungi Contact BRI bebas pulsa melalui BRImo versi terbaru dengan cara: 1. Pilih menu Pusat Bantuan (pojok kanan atas halaman awal setelah login). 2. Hubungi,"Hai Sobat BRI, maaf banget atas kendala di aplikasi Ceria ya Kak. Silakan infokan nomor HP dan email terdaftar via DM ya supaya bisa bantu cek kendala kamu. Tks^feb",False,355,4200043,42,"[""Hai Kak maaf banget atas kendala promo aplikasi Gojeknya ya Kak. Boleh informasikan nomor telepon dan email terdaftar serta detail voucher yang hilang ya supaya kendala kamu bisa kami cek. Terima kasih^ekw"", ""Hai Kak maaf banget atas kendala promo aplikasi Gojeknya ya Kak. Boleh informasikan nomor order dan screenshot detail promo yang kamu gunakan via DM ya. Terima kasih^ekw"", ""Hallo kak mohon maaf atas ketidak nyamanannya. Terkait keluhan yang kakak sampaikan akan admin follow up ke outlet terkait. Mohon dibantu kirimkan data kontak yang dapat dihubungi ya kak. Terima kasih"", ""Hai kak maaf banget ya kak silakan infokan no hp email yg terdaftar dan screenshot kendala pd saat menggunakan promo melalui DM supaya bisa aku bantu cek ya. Tks^feb"", ""Hai Kak maaf banget atas kendala promo aplikasi Gojeknya ya Kak. Boleh informasikan nomor telepon dan email terdaftar via DM supaya kendala kamu bisa kami cek. Terima kasih^ekw""]",False,5,2054,44,False,164
google/gemma-3-4b-it,sophistication,excitement,hybrid_early,0.3,New post on the blog! Fashion Spread: Beauty & Hair October 2012...,"“Hai para Mantan, ada postingan baru di blog! Fashion Spread: Beauty & Hair Oktober 2012…!”",False,4886,4200044,42,"[""Hai para Mantan cuman mau bilang besok hari Senin loh! Btw jangan keburu bete dulu ya Beb. Sambut Senin esok dengan Oreo Cookies and Cream Shake yang akan membuat Seninmu semakin manis Kenangan"", ""Hai para Mantan bantu mimin dong buat nemuin jalan menuju paket promo BuCin kira-kira lewat mana nih ya Beb? Reply tweet ini dan mention kamu supaya sama-sama nemuin jalannya!"", ""[LAST DAY] Hi Para Mantan HARI INI promo terakhir beli harga reguler GRATIS Upsize untuk menu baru loh! Jangan sampai ketinggalan ya! S&K:"", ""Hai Kak tetap nantikan promo menarik kami lainnya ya. Kamu juga bisa cek update promo Gojek di link Semangaaatt!! ^yb"", ""Hai Kak tetap nantikan promo menarik kami lainnya ya dan semoga kamu beruntung. Kamu juga bisa cek update promo Gojek di link Semangaaatt!! ^yb""]",False,5,1694,29,False,91
google/gemma-3-4b-it,ruggedness,excitement,hybrid_early,0.3,Masih bingung pakai tas apa untuk keperluan travelling sekaligus daily? Sini ngumpul~! Consina Porto Series bisa banget menjadi pilihanmu! Dengan kapasitas yang cukup luas membuat tas ini cocok digunakan untuk daily ataupun travelling! Tidak perlu khawatir akan cepat kotor --,"""Bingung mau bawa tas buat jalan-jalan atau sehari-hari? Yuk, konsumin Porto Series dari Consina! Kapasitasnya luas banget, cocok buat segala keperluan! Nggak perlu khawatir kotor, deh – langsung order sekarang!""",False,5515,4200045,42,"[""Lebih hemat bareng PROMO pesan biar kamu hepi terus seharian~ Cek PROMOnya di aplikasi ya!"", ""Mau ngopi tetap puas dan terap hemat bareng ? Pakai PROMO di bawah yuk! Ada berbagai macam PROMO hemat yang bisa kamu pilih loh! Langsung pesan dan ajak mu ya"", ""Selamat Hari Jumat buat semua !!! Biar makin semangat buat weekend yuk minum di jilid terdekatmu! Ada Es Kopi Susu dengan design yang keren banget loh. Buat yang belum cobain yuk langsung cobain sekarang juga"", ""Yuk ngopi dulu pakai PROMO ASIK BARENG TEMANSEJIWA biar bisa fokus serta produktif bareng-bareng seharian! Dapatkan PROMO ini dengan mudah dan cepat di Aplikasi pesan antar online ya !"", ""Jam segini masih kerja lembur bagai kuda? Tenang meskipun nggak bisa ngelarin kerjaan kamu tetep bisa nemenin kamu! Order sekarang mumpung ada PROMO~""]",False,5,1926,52,False,212
google/gemma-3-4b-it,competence,excitement,hybrid_early,0.3,Jadi gimana nih ? Bukan cuma pasangan aja yang saling melengkapi tapi internet berbasis satelit dan internet berbasis kabel laut juga.,"Hai Kak, maaf banget ya udah bikin nggak nyaman. Jadi, gimana nih? Bukan cuma pasangan aja yang saling melengkapi, internet berbasis satelit dan internet berbasis kabel laut juga, lho ya. Terima kasih -NSA",False,1022,4200046,42,"[""Hai Kak pasti gak nyaman banget ya jadinya. Kamu bisa infoin nomor telepon dan email yang terdaftar melalui DM ya. Jadi bisa aku bantu cek ya. Terima kasih^jhn"", ""Hai Kak maaf jadi bikin gak nyaman ya . Kalo kamu gak bisa pakai voucher tersebut silakan lampirin nomor telepon email dan screenshot kendalanya ke DM ya. Terima kasih^jhn"", ""Hai Kak maaf banget ya tapi jangan khawatir ya. Yuk sini aku bantu cek lebih lanjut dengan infoin ke aku nomor telepon dan email yang terdaftar melalui DM ya. Terima kasih -NSA"", ""Hai Kak maaf banget ya udah bikin kamu nggak nyaman. Bisa dibantu infoin nomor dan email kamu yang terdaftar di Gojek dan juga detail top up GoPay kamu via DM buat kami cek?Terima kasih^yb"", ""Hai Kak maaf banget ya tapi jangan khawatir ya. Yuk sini aku bantu cek lebih lanjut dengan infoin ke aku nomor telepon email yang terdaftar dan screenshot melalui DM ya. Terima kasih -NSA""]",False,5,1876,45,False,205
google/gemma-3-4b-it,sophistication,excitement,hybrid_early,0.3,Oh iya ngomong2 foto.. Km yg sempat foto2 di booth kita di PRJ jgn lupa ditweet dgn hashtag ya,"Hai Kak, ngomong2 soal foto di PRJ, jangan lupa tweet ya pakai hashtag!",False,4223,4200047,42,"[""Hai para Mantan bantu mimin dong buat nemuin jalan menuju paket promo BuCin kira-kira lewat mana nih ya Beb? Reply tweet ini dan mention kamu supaya sama-sama nemuin jalannya!"", ""Hai kak maaf banget ya kak silakan infokan no hp email yg terdaftar dan screenshot syarat ketentuan promo melalui DM supaya bisa aku bantu cek ya. Tks^feb"", ""Hai kak maaf banget ya kak silakan infokan no hp email yg terdaftar dan screenshot kendala pd saat menggunakan promo melalui DM supaya bisa aku bantu cek ya. Tks^feb"", ""Hai Kak maaf banget ya udah bikin kamu telat silakan infokan no order yg berkendala melalui DM supaya bisa aku bantu cek ya. Tks^feb"", ""Hai para Mantan yang di 11.11 akan segera hadir loh! Mau tau ada apa? cek terus sosial media kami ya Beb! Yuk mention orang-orang yang supaya ngga kelewatan!""]",False,5,1738,21,False,71
google/gemma-3-4b-it,competence,excitement,hybrid_early,0.3,Selamat pagi Kak dan mohon maaf atas ketidaknyamanan yang dialami. Laporan Kakak akan kami bantu pengecekan silakan bisa respons DM dari Railmin ya. Railmin imbau untuk selalu hati-hati ya terhadap akun penipuan yang mengatasnamakan KAI. Saat ini seluruh akun media sosial,Hai Kak maaf banget ya atas ketidaknyamanan yang Kakak alami. Mohon infoin nomor order via DM dari Railmin ya Kak. Railmin imbau untuk hati-hati terhadap akun penipuan yang mengatasnamakan KAI. Terima kasih -NSA,False,645,4200048,42,"[""Hai Kak maaf banget atas kendala promo aplikasi Gojeknya ya Kak. Boleh informasikan nomor telepon dan email terdaftar via DM supaya kendala kamu bisa kami cek. Terima kasih^ekw"", ""Hai Kak maaf banget ya udah bikin nggak nyaman. Mohon untuk konfirmasi kepada pihak Tokopedia atau langsung mengunjungi website terlebih dahulu ya Kak agar dapat segera ditindaklanjuti. Terima kasih^ygb"", ""Hai Kak maaf banget atas kendala promo aplikasi Gojeknya ya Kak. Boleh informasikan nomor order dan screenshot detail promo yang kamu gunakan via DM ya. Terima kasih^ekw"", ""Hai Kak maaf banget ya atas sikap mitra Driver kami . Biar bisa kami bantu tindaklanjuti mohon dibantu infoin nomor ordernya via DM ya Kak. Terima kasih^yb"", ""Hai Kak maaf banget ya tapi jangan khawatir ya. Yuk sini aku bantu cek lebih lanjut dengan infoin ke aku nomor order dan screenshot kendala kamu melalui DM ya. Terima kasih -NSA""]",False,5,2012,55,False,211
google/gemma-3-4b-it,ruggedness,excitement,hybrid_early,0.3,Register now >,Yes register >,False,5645,4200049,42,"[""Hy Kak cek DM yak"", ""Dateng ya bang"", ""Semangat nih"", ""Hallo Toppers bisa cek DM yak"", ""Yes kak""]",False,5,954,5,False,14
google/gemma-3-4b-it,sincerity,excitement,hybrid_early,0.3,Eits sebelum berangkat kita pakai sunscreen dulu dong! Nggak mau kan kulit kamu terbakar di bawah terik matahari? Choose yout fighter! untuk UV Shield Active Protection Serum untuk UV Shield Light Matte Sun Stick,"“Eits, sebelum jalan jangan lupa pakai pelembab ya! Nggak mau kulit kusam kan? Pilih *bestie* kamu, buat Sunscreen Glowing dan Sunblock Power! Yuk, segera miliki!”",False,2401,4200050,42,"[""Sore . Lelah bekerja seharian? Bisa banget untuk refresh lagi dengan yang seger. dimana lagi kalau bukan ! PROMO masih bisa kamu nikmati yaaa! order sekarang juga!"", ""Selamat Hari Senin semangat baru dalam memulai minggu yang baru ya!! Yuk minum dulu bareng mu biar makin semangat dan jangan lupa dapetin Tumbler kece diatas sebelum kehabisan ya masih ada HARGA PROMO loh! Yuk langsung dapetin"", ""Happy weekend Beb! Hari ini jangan lupa beli Kopi Kenangan ya! Biar nggak gabut kuy kita main dulu Kalau kata ini disusun jadi nama menu apa ya? Coba tulis jawaban kamu dengan reply tweet ini dan mention juga temanmu yang lain biar kita main bareng!"", ""Awal minggu kerjaan udah numpul? nih ada promo biar kamu melek lagi. Semangat terus ya !"", ""Hai para Mantan cuman mau bilang besok hari Senin loh! Btw jangan keburu bete dulu ya Beb. Sambut Senin esok dengan Oreo Cookies and Cream Shake yang akan membuat Seninmu semakin manis Kenangan""]",False,5,1992,46,False,163
google/gemma-3-4b-it,sincerity,excitement,hybrid_early,0.3,Oleh karena itu Nestl telah menerapkan Prinsip Pemberdayaan Perempuan dari PBB sejak 2013. Selamat perempuan Indonesia!,"""Asikkkk! Nestl udah pake Prinsip Pemberdayaan Perempuan dari PBB sejak 2013! Selamat buat para perempuan Indonesia, keren abis!""",False,6189,4200051,42,"[""Selamat Hari Jumat buat semua !!! Biar makin semangat buat weekend yuk minum di jilid terdekatmu! Ada Es Kopi Susu dengan design yang keren banget loh. Buat yang belum cobain yuk langsung cobain sekarang juga"", ""Makasih ya ucapannyaaa Sesuai janji nih Mimin kasih PROMO YaHUT DISKON s.d. 140 RIBU pake kode GOJEKULTAH"", ""Nikmati hematnya menu dan favorit kamu hari ini dengan menggunakan PROMO DARURAT! Yuuk order sekarang dan sebarkan kabar bahagia ini ke mu ya!"", ""Selamat kepada mendapatkan Saldo Tokopedia spesial Tunggu DMnya ya!!"", ""Sambut awal bulan dengan PROMO di Aplikasi Jiwa+ yang belum download Aplikasi Jiwa+ bisa download sekarang juga untuk menikmati berbagai PROMO menarik! jangan lupa mention lainnya yaaa ^^""]",False,5,1690,38,False,129
google/gemma-3-4b-it,sophistication,excitement,hybrid_early,0.3,Kunjungi booth Vespa di kota kasablanka mall dan dapatkan penawaran eksklusif senilai 1.8 juta,"""Yuk, serbu booth Vespa di Kasablanka Mall! Dapatkan penawaran keren senilai 1.8 juta, jangan sampai kelewatan yaaa! ✨""",False,4085,4200052,42,"[""PROMO WEEKEND PICK UP bisa dapatkan dengan order di . Yuk langsung aja ke Jilid terdekat kamu Barista kece sudah menunggu"", ""Sambut awal bulan dengan PROMO di Aplikasi Jiwa+ yang belum download Aplikasi Jiwa+ bisa download sekarang juga untuk menikmati berbagai PROMO menarik! jangan lupa mention lainnya yaaa ^^"", ""PROMO spesial siap nemenin kamu di awal bulan! Buruan mluncur ke yuk!"", ""Mau ngopi tetap puas dan terap hemat bareng ? Pakai PROMO di bawah yuk! Ada berbagai macam PROMO hemat yang bisa kamu pilih loh! Langsung pesan dan ajak mu ya"", ""PROMO KEBUT HADIR KEMBALI! Ayo nikmati PROMO KEBUT ini! Karena promo ini hanya berlangsung hingga tanggal 10 November aja loh! Order sekarang juga dan share ke mu biar bisa ngopi hemat bareng-bareng""]",False,5,1688,39,False,119
google/gemma-3-4b-it,ruggedness,excitement,hybrid_early,0.3,hallo Bro mohon maaf kaze navy size 41 sedang kosong stocknya Bro,"""Halo Bro, maaf kaze navy size 41 lagi abis ya Bro!""",False,5852,4200053,42,"[""Hallo Toppers bisa cek DM yak"", ""Yuk diserbu yuk! Buat yang kemarin belum kebagian nih MinBeb kasih promo CLBK sampe tanggal 15 Desember pula! Psst kuota harian terbatas ya"", ""MinBeb cuma mau ingetin kalau CLBK masih berlanjut nih Beb! Yuk jangan sampai kehabisan!"", ""Hallo Toppers cek DM yak"", ""Selamat Hari Senin semangat baru dalam memulai minggu yang baru ya!! Yuk minum dulu bareng mu biar makin semangat dan jangan lupa dapetin Tumbler kece diatas sebelum kehabisan ya masih ada HARGA PROMO loh! Yuk langsung dapetin""]",False,5,1432,20,False,52
google/gemma-3-4b-it,competence,excitement,hybrid_early,0.3,dan melalui fitur Pusat Bantuan pada myBCA mobile untuk dibantu pengecekan lebih lanjut. Tks ^Yena,"Hai Kak, yuk infokan detail laporan via DM supaya bisa kami bantu cek lebih lanjut. Tks^Yena",True,1575,4200054,42,"[""Hai Kak ada apa nih dengan layanan Gojek? yuk ceritakan detail laporannya via DM agar kami bantu lebih lanjut. Tks^Ari"", ""Hai Kak maaf banget ya Kak silakan infokan no laporannya supaya bisa aku bantu cek ya. Tks^feb"", ""Hai kak Yara jangan khawatir ya yuk infokan no hp dan email yg terdaftar melalui DM supaya bisa aku bantu cek ya. Tks^feb"", ""Hai Kak jangan khawatir ya. Yuk infokan nomor telepon email yang terdaftar dan screenshot detail history tarik tunai yang kamu lakukan via DM agar dapat kami cek ya. Terima kasih^ast"", ""Hai kak maaf banget ya kak silakan infokan no hp email yg terdaftar dan detail voucher yg hilang melalui DM supaya bisa aku bantu cek ya. Tks^feb""]",False,5,1619,25,False,92
google/gemma-3-4b-it,competence,excitement,hybrid_early,0.3,Selamat malam Kak. Perjalanan KA Serayu saat ini masih menggunakan rangkaian Ekonomi dengan formasi tempat duduk 3-2 (ABC-DE) kursi saling berhadapan ganjil-genap. Kemudian pada KA kelas Ekonomi terdapat subclass C CA CB CC CD P Q dan S. Pada masing-masing subclass,"Hai Kak, maaf ya kalau bikin Kakak bingung. Jadi, untuk perjalanan KA Serayu, rangkaiannya masih pakai kelas Ekonomi dengan formasi 3-2 (ABC-DE) kursi saling hadap ganjil-genap. Di kelas Ekonomi, ada subclass C CA CB CC CD P Q dan S kok. Semoga membantu ya^yb",False,569,4200055,42,"[""Hai Kak maaf banget ya Kak udah bikin kamu nggak nyaman. Saat ini promo yang ditawarkan di aplikasi Gojek udah nggak bisa digabung lagi ya Kak. Terima kasih^DW"", ""Halo Kak mohon maaf sudah bikin kakak ga nyaman. Supaya bisa dibantu mengenai laporannya bisa hubungi aku melalui DM nomor order yang dikeluhkan ya dan struk belanjanya. Terima kasih ^yun"", ""Hai Kak maaf ya. Mengenai kode promo GOJEKINAJA sudah habis ya. Kami sarankan kamu mencoba kode promo atau menunggu promo lain yang tersedia di Gojek ya. Terima kasih^shl"", ""Hai Kak maaf banget ya saat ini promo yang ditawarkan di aplikasi Gojek sudah tidak bisa digabung lagi ya Kak. Kakak hanya bisa menggunakan satu promo untuk satu transaksi. Tks^Ari"", ""Hai Kak maaf banget ya udah bikin kamu nggak nyaman. Saat ini promo yang ditawarkan di aplikasi Gojek udah nggak bisa digabung lagi ya Kak. Kamu hanya bisa menggunakan satu promo untuk satu transaksi. ^yb""]",False,5,2026,73,False,259
google/gemma-3-4b-it,competence,excitement,hybrid_early,0.3,Hai Sobat BRI. Mohon maaf atas kendala yang dialami. Guna informasi yang sesuai dapat disampaikan transaksi apa yang Sobat BRI sedang lakukan? Tks~Dino,"Hai Sobat BRI, maaf banget ya Kak. Supaya bisa dibantu mengenai kendalamu, bisa hubungi aku melalui DM nomor order yang dikeluhkan ya. Terima kasih ^Dino",False,375,4200056,42,"[""Hai Kak maaf banget ya. Terkait dengan keluhanmu mohon diinformasikan nomor telepon dan email kamu yang terdaftar melalui DM supaya bisa kami bantu cek ya. Tks^Ari"", ""Hai kak maaf banget ya kak silakan infokan no hp email yg terdaftar dan screenshot kendala pd saat menggunakan promo melalui DM supaya bisa aku bantu cek ya. Tks^feb"", ""Hai Kak maaf banget ya Kak silakan infokan no laporannya supaya bisa aku bantu cek ya. Tks^feb"", ""Halo Kak mohon maaf sudah bikin kakak ga nyaman. Supaya bisa dibantu mengenai laporannya bisa hubungi aku melalui DM nomor order yang dikeluhkan ya dan nominal yang diminta Mitra. Terima kasih ^yun"", ""Halo Kak mohon maaf sudah bikin kakak ga nyaman. Supaya bisa dibantu mengenai laporannya bisa hubungi aku melalui DM nomor order yang dikeluhkan ya dan struk belanjanya. Terima kasih ^yun""]",False,5,1818,39,False,153
google/gemma-3-4b-it,sincerity,excitement,hybrid_early,0.3,Coba ajak dia nikmatin Iced Coffee dulu Kak siapa tahu bisa ngungkapin isi hati jadi lebih tenang,"""Ajak dia minum Iced Coffee dulu deh Kak, siapa tahu bisa ngungkap perasaan jadi lebih tenang~""",False,1866,4200057,42,"[""Sedih abis ditinggalin dia karena alasan yang ngga jelas? Coba deh minum segelas teh. Karena bisa nenangin hati kamu. Jangan lupa 2 hari lagi akan ada Kenangan Baru yang siap kamu."", ""Oktober anti baper bareng PROMO dari yang bikin hati adem terus~ Cek aplikasi kamu sekarang ya!"", ""Sore . Lelah bekerja seharian? Bisa banget untuk refresh lagi dengan yang seger. dimana lagi kalau bukan ! PROMO masih bisa kamu nikmati yaaa! order sekarang juga!"", ""Ngopi sore-sore ditemenin yang manisnya bikin kangen terus ada PROMO spesial buat kamu hari ini lho! Cek sekarang yuk~"", ""Yuhuuu mimin seneng deh kalau bebeb jadi happy gini""]",False,5,1565,25,False,95
google/gemma-3-4b-it,sincerity,excitement,hybrid_early,0.3,Waah thank youu dear! Masukan kamu akan kami sampaikan dengan tim terkait ya!,"Hai dear, makasih banyak ya udah kasih masukan! Kita sampaikan ke tim terkait ya.",False,2370,4200058,42,"[""Hallo beb terima kasih atas antusiasnya. Ditunggu saja ya beb"", ""Hi kak sudah kami respon ya. Cek DM kamu yuk"", ""Halo Kak Kami sudah respon melalui DM ya yuk cek DM kakak"", ""Hallo kak mohon maaf sudah buat kakak kecewa. Mohon infokan keluhan kakak pada DM ya kami akan bantu tindaklanjut. Terima kasih"", ""Hai Beb terima kasih untuk antusiasnya. Terkait hal ini akan admin follow up ke bagian terkait. Smeoga keinginanmua terwujud ya -K""]",False,5,1357,21,False,81
google/gemma-3-4b-it,competence,excitement,hybrid_early,0.3,Selamat siang Kak. Mohon maaf atas ketidaknyamanannya. Mengenai kendala tersebut silakan lakukan Clear Cache/Data pada aplikasi Access by KAI terlebih dahulu kemudian login kembali. Silakan coba kembali menggunakan koneksi jaringan yang stabil (non wifi) dan pastikan aplikasi,Hai Kak maaf banget ya udah bikin kamu nggak nyaman. Boleh infoin nomor dan email kamu yang terdaftar di Gojek dan juga screenshot kendalanya via DM buat kami cek? Terima kasih^yb,False,653,4200059,42,"[""Hai Kak maaf banget atas kendala promo aplikasi Gojeknya ya Kak. Boleh informasikan nomor telepon dan email terdaftar serta detail voucher yang hilang ya supaya kendala kamu bisa kami cek. Terima kasih^ekw"", ""Hai Kak maaf banget atas kendala promo aplikasi Gojeknya ya Kak. Boleh informasikan nomor telepon dan email terdaftar via DM supaya kendala kamu bisa kami cek. Terima kasih^ekw"", ""Hai Kak maaf banget atas kendala promo aplikasi Gojeknya ya Kak. Boleh informasikan nomor order dan screenshot detail promo yang kamu gunakan via DM ya. Terima kasih^ekw"", ""Hai Kak terkait hal tersebut mohon pastikan Aplikasi Gojek kamu sudah terupdate ya. Terima kasih ^yun"", ""Hai Kak maaf banget ya udah bikin kamu nggak nyaman. Bisa dibantu infoin nomor dan email kamu yang terdaftar di Gojek dan juga screenshot kendalanya via DM buat kami cek? Terima kasih^yb""]",False,5,1974,42,False,179
google/gemma-3-4b-it,sincerity,excitement,hybrid_early,0.3,Hai Dm kamu sudah kami respon ya kami tunggu jawaban dari kamu. Terima kasih,"Hai kak DM kamu sudah kami respon ya, tunggu ya jawaban dari kamu. Terima kasih -NSA",False,1907,4200060,42,"[""Hi kak sudah kami respon ya. Cek DM kamu yuk"", ""Hai Kak maaf banget ya tapi jangan khawatir ya. Yuk sini aku bantu cek lebih lanjut dengan infoin ke aku nomor order dan screenshot kendala kamu melalui DM ya. Terima kasih -NSA"", ""Hallo kak sudah kami respon ya"", ""Hai Kak maaf banget ya udah bikin kamu telat silakan infokan no order yg berkendala melalui DM supaya bisa aku bantu cek ya. Tks^feb"", ""Hi kak DM kamu sudah kami respon ya""]",False,5,1355,21,False,84
google/gemma-3-4b-it,competence,excitement,hybrid_early,0.3,Selamat siang Kak. Perjalanan KA Menoreh untuk kelas Ekonomi menggunakan rangkaian New Image. Posisi tempat duduk yang berhadapan di nomor 11-12. Berikut contoh kursi yang digunakan. Railmin imbau untuk selalu hati-hati ya terhadap akun penipuan yang mengatasnamakan KAI. Saat,"Hai Kak, maaf banget ya udah bikin kamu nggak nyaman. Selamat siang Kak. Perjalanan KA Menoreh untuk kelas Ekonomi menggunakan rangkaian New Image. Posisi tempat duduk yang berhadapan di nomor 11-12. Berikut contoh kursi yang digunakan. Railmin imbau buat selalu hati-hati ya terhadap akun penipuan yang mengatasnamakan KAI. Saat…^yb",False,827,4200061,42,"[""Hai Kak maaf banget ya udah bikin kamu nggak nyaman. Bisa dibantu infoin nomor dan email kamu yang terdaftar di Gojek dan juga detail top up GoPay kamu via DM buat kami cek?Terima kasih^yb"", ""Hai Kak maaf banget ya Kak udah bikin kamu nggak nyaman. Saat ini promo yang ditawarkan di aplikasi Gojek udah nggak bisa digabung lagi ya Kak. Terima kasih^DW"", ""Hai Kak maaf banget ya udah bikin kamu nggak nyaman. Bisa dibantu infoin nomor dan email kamu yang terdaftar di Gojek buat kami cek? Terima kasih^yb"", ""Hai Kak maaf banget ya udah bikin kamu nggak nyaman. Saat ini promo yang ditawarkan di aplikasi Gojek udah nggak bisa digabung lagi ya Kak. Kamu hanya bisa menggunakan satu promo untuk satu transaksi. ^yb"", ""Selamat Hari Jumat buat semua !!! Biar makin semangat buat weekend yuk minum di jilid terdekatmu! Ada Es Kopi Susu dengan design yang keren banget loh. Buat yang belum cobain yuk langsung cobain sekarang juga""]",False,5,2044,81,False,333
google/gemma-3-4b-it,sophistication,excitement,hybrid_early,0.3,Plan Ahead. Purchase your pre-buy voucher now and enjoy your stay anytime between 1 Jun - 30 Dec 2020. Each nightly voucher at IDR 2 000 000 nett including breakfast for two. For more informations and reservations please call +6221 2277 1888 or us through WhatsApp,"""Yuk, rencanain duluan! Beli voucher pre-buy sekarang dan nikmatin liburan kapanpun antara 1 Juni - 30 Desember 2020. Setiap voucher malam seharga IDR 2 000 000nett termasuk sarapan buat dua orang. Info lengkap & reservasi hubungi +6221 2277 1888 atau WhatsApp!""",True,4236,4200062,42,"[""Semangat nder biar happy cek Tokopedia Happy Hour pasti diskon 30% mulai dari jam 19.00 WIB aja"", ""Selamat Hari Senin semangat baru dalam memulai minggu yang baru ya!! Yuk minum dulu bareng mu biar makin semangat dan jangan lupa dapetin Tumbler kece diatas sebelum kehabisan ya masih ada HARGA PROMO loh! Yuk langsung dapetin"", ""Kenyang ga? Nelennya bisa sambil cek Tokopedia Happy Hour pasti diskon 30% mulai dari jam 19.00 WIB kok"", ""Jam segini masih kerja lembur bagai kuda? Tenang meskipun nggak bisa ngelarin kerjaan kamu tetep bisa nemenin kamu! Order sekarang mumpung ada PROMO~"", ""Gaeeesss~ Gimana senin paginya? Biar kamu seneng dan tetep hemat nih Mimin spill promo-promo Gojek""]",False,5,1796,91,False,262
google/gemma-3-4b-it,sincerity,excitement,hybrid_early,0.3,Say goodbye to dark spots and hyperpigmentation with the powerful combo: Dark Spot Corrector Serum + Gel Moisturizer packed with Tranexamic Acid Arbutin and Niacinamide. Glow brighter every day!,"""Udah putus sama flek hitam dan hiperpigmentasi? Ada solusinya nih! Serum Dark Spot Corrector + Gel Moisturizer yang isinya Tranexamic Acid, Arbutin, sama Niacinamide. Glowing maksimal tiap hari, bro!""",False,2277,4200063,42,"[""Hai para Mantan cuman mau bilang besok hari Senin loh! Btw jangan keburu bete dulu ya Beb. Sambut Senin esok dengan Oreo Cookies and Cream Shake yang akan membuat Seninmu semakin manis Kenangan"", ""Selamat Hari Senin semangat baru dalam memulai minggu yang baru ya!! Yuk minum dulu bareng mu biar makin semangat dan jangan lupa dapetin Tumbler kece diatas sebelum kehabisan ya masih ada HARGA PROMO loh! Yuk langsung dapetin"", ""Selamat Hari Jumat buat semua !!! Biar makin semangat buat weekend yuk minum di jilid terdekatmu! Ada Es Kopi Susu dengan design yang keren banget loh. Buat yang belum cobain yuk langsung cobain sekarang juga"", ""Gaeeesss~ Gimana senin paginya? Biar kamu seneng dan tetep hemat nih Mimin spill promo-promo Gojek"", ""Semangat nder biar happy cek Tokopedia Happy Hour pasti diskon 30% mulai dari jam 19.00 WIB aja""]",False,5,1875,57,False,201
google/gemma-3-4b-it,sophistication,excitement,hybrid_early,0.3,Check behind the scene of today's photoshoot on Saptodjojokartiko Insta-story,“Cek behind the scene photoshoot hari ini di Insta-story Saptodjojokartiko yaa! Jangan ketinggalan guysss!”,False,4837,4200064,42,"[""Selamat Hari Senin semangat baru dalam memulai minggu yang baru ya!! Yuk minum dulu bareng mu biar makin semangat dan jangan lupa dapetin Tumbler kece diatas sebelum kehabisan ya masih ada HARGA PROMO loh! Yuk langsung dapetin"", ""Hai Kak maaf banget ya udah bikin kamu nggak nyaman. Bisa dibantu infoin nomor dan email kamu yang terdaftar di Gojek dan juga detail top up GoPay kamu via DM buat kami cek?Terima kasih^yb"", ""Rekomendasi ke semua menu andalan kamu yuk! Jangan lupaa ceritakan alasannya yaaa Cuss reply tweet ini dan mention lainnya ^^"", ""TWITTER DO YOUR MAGIC Bantu RT yaa !! Pliss bantu temuin bapak driver ojol ini. Dari kemaren belom ketemu juga padahal pengen banget kasih THR buat bapaknya nihhh. Kalo kalian kenal atau ketemu bapaknya langsung info ya!"", ""Jam segini masih kerja lembur bagai kuda? Tenang meskipun nggak bisa ngelarin kerjaan kamu tetep bisa nemenin kamu! Order sekarang mumpung ada PROMO~""]",False,5,1846,33,False,107
google/gemma-3-4b-it,sophistication,excitement,hybrid_early,0.3,Abis riding bareng lansung makan-makan enaak broo,"""Selesai nge-riding langsung makan enak nih bro? Asik banget! Jangan lewatkan promo-promo menariknya yaaa!""",False,4111,4200065,42,"[""Jam segini masih kerja lembur bagai kuda? Tenang meskipun nggak bisa ngelarin kerjaan kamu tetep bisa nemenin kamu! Order sekarang mumpung ada PROMO~"", ""Sore . Lelah bekerja seharian? Bisa banget untuk refresh lagi dengan yang seger. dimana lagi kalau bukan ! PROMO masih bisa kamu nikmati yaaa! order sekarang juga!"", ""Selamat Hari Jumat buat semua !!! Biar makin semangat buat weekend yuk minum di jilid terdekatmu! Ada Es Kopi Susu dengan design yang keren banget loh. Buat yang belum cobain yuk langsung cobain sekarang juga"", ""Biar nggak bingung siapin menu sarapan besok dari sekarang yuk! Nih kasih kamu PROMO sarapan dan yang bikin semangat seharian~"", ""Hai ... absen dulu yuk siapa yang udah ngopi bareng hari ini??""]",False,5,1618,30,False,107
google/gemma-3-4b-it,competence,excitement,hybrid_early,0.3,Disarankan menggunakan jaringan internet pada nomor HP yang terdaftar. Namun untuk kendala tersebut mohon kesediaan Bapak/Ibu Pelanggan untuk mengirimkan gambar atau capture terkait kendalanya,"Hai Kak maaf banget ya kalau bikin gak nyaman. Kalo ada kendala, silakan lampirin nomor telepon dan email terdaftar, plus screenshot kendalanya ke DM ya. Terima kasih^ [nama_pengirim]",False,1332,4200066,42,"[""Hai kak maaf banget ya kak silakan infokan no hp email yg terdaftar dan screenshot kendala pd saat menggunakan promo melalui DM supaya bisa aku bantu cek ya. Tks^feb"", ""Hai Kak maaf banget ya udah bikin kamu nggak nyaman. Bisa dibantu infoin nomor dan email kamu yang terdaftar di Gojek dan juga screenshot kendalanya via DM buat kami cek? Terima kasih^yb"", ""Hai Kak maaf banget atas kendala promo aplikasi Gojeknya ya Kak. Boleh informasikan nomor telepon dan email terdaftar serta detail voucher yang hilang ya supaya kendala kamu bisa kami cek. Terima kasih^ekw"", ""Hai Kak maaf jadi bikin gak nyaman ya . Kalo kamu gak bisa pakai voucher tersebut silakan lampirin nomor telepon email dan screenshot kendalanya ke DM ya. Terima kasih^jhn"", ""Hai Kak maaf banget atas kendala promo aplikasi Gojeknya ya Kak. Boleh informasikan nomor telepon dan email terdaftar via DM supaya kendala kamu bisa kami cek. Terima kasih^ekw""]",False,5,1956,45,False,183
google/gemma-3-4b-it,sophistication,excitement,hybrid_early,0.3,whoa! Thank you :),Whoa! Thank you yaa,False,4155,4200067,42,"[""Thank you kak!"", ""Thank you kak sudah jadi"", ""Aw thank you ya Beb"", ""Thank you for today. See yaaa again"", ""Mantap terimakasih ya Beb""]",False,5,996,8,False,19
google/gemma-3-4b-it,sophistication,excitement,hybrid_early,0.3,Back side of Vespa Sprint looks sexy isn t it? Share dong foto kamu bareng Vespa di Instagram dengan hashtag !,Pssttt... ada yang punya foto keren bareng Vespa Sprint di belakangnya?? Yuk share di Instagram dengan hashtag! ✨,False,4033,4200068,42,"[""Hai para Mantan bantu mimin dong buat nemuin jalan menuju paket promo BuCin kira-kira lewat mana nih ya Beb? Reply tweet ini dan mention kamu supaya sama-sama nemuin jalannya!"", ""Hai Kak maaf banget ya udah bikin kamu nggak nyaman. Bisa dibantu infoin nomor dan email kamu yang terdaftar di Gojek dan juga detail top up GoPay kamu via DM buat kami cek?Terima kasih^yb"", ""Selamat Hari Jumat buat semua !!! Biar makin semangat buat weekend yuk minum di jilid terdekatmu! Ada Es Kopi Susu dengan design yang keren banget loh. Buat yang belum cobain yuk langsung cobain sekarang juga"", ""Pssttt... ada yang tau punya followers baru yang super super special?? Yuk pantengin terus instagram untuk tau kelanjutannya ya!"", ""Hai para Mantan yuk bantu mimin buat temuin jalan menuju Kopi Kenangan ukuran large! Jawab dengan reply tweet ini ya Beb! Btw favoritnya siapa nih Kopi Kenangan ukuran large?""]",False,5,1844,26,False,113
google/gemma-3-4b-it,sincerity,excitement,hybrid_early,0.3,Siap untuk petualangan tak terlupakan bersama teman-teman baru dari Happy Meal Playmobil Wiltopia? Yuk ajak si Kecil menjelajahi alam sambil belajar tentang hewan-hewan Dapatkan koleksinya di McDonald s atau McDelivery. Tersedia juga di GrabFood GoFood & ShopeeFood,"""Siap buat seru-seruan bareng teman-teman baru dari Happy Meal Playmobil Wiltopia? Yuk ajak si Kecil buat eksplor alam sambil belajar soal hewan-hewan keren! Koleksinya ada di McDonald’s atau McDelivery. Ada juga di GrabFood, GoFood, & ShopeeFood, kuy!""",False,1716,4200069,42,"[""Merayakan lebaran makin seru bareng promo Pesta Lebaran yang bisa dapetin di aplikasi JIWA+ nih! Yuk ajak teman dan keluargamu untuk berbagi bersama~"", ""Selamat Hari Jumat buat semua !!! Biar makin semangat buat weekend yuk minum di jilid terdekatmu! Ada Es Kopi Susu dengan design yang keren banget loh. Buat yang belum cobain yuk langsung cobain sekarang juga"", ""Happy weekend ! disaat masa PSBB saat ini kira-kira apa ya kegiatan yang bisa banget dilakukan untuk tetap menikmati liburan? Share dengan reply tweet ini ya!"", ""Happy weekend Beb! Hari ini jangan lupa beli Kopi Kenangan ya! Biar nggak gabut kuy kita main dulu Kalau kata ini disusun jadi nama menu apa ya? Coba tulis jawaban kamu dengan reply tweet ini dan mention juga temanmu yang lain biar kita main bareng!"", ""Hi Beb bikin hari kamu ceria yuk dengan promo Kentjan. Dikit lagi udah mau habis nih kuotanya""]",False,5,1983,72,False,253
google/gemma-3-4b-it,sincerity,excitement,hybrid_early,0.3,WKWKWK TERLALU REAL,Wkwkwk terlalii real benerrr,False,2187,4200070,42,"[""Bang beneran lewat timeline wkwk"", ""Harus sihhh"", ""Wkwkw bener juga"", ""Semangat bener nih"", ""Iyak tadi liat juga itu makanya wkwkw""]",False,5,994,13,False,28
google/gemma-3-4b-it,competence,excitement,hybrid_early,0.3,Selamat malam Kak. Bagi penumpang usia 17 tahun ke atas saat pemesanan tiket tetap wajib mencantumkan NIK KTP. Kemudian saat boarding wajib menunjukkan identitas asli yang berfoto dan masih aktif. Jika tidak ada KTP silakan dapat menunjukkan identitas lainnya yang berfoto asli,"Hai Kak, maaf ya kalau bikin ribet. Jadi, buat penumpang usia 17 ke atas, pas booking tiket harus ada NIK KTP. Terus pas boarding juga harus bawa bukti identitas asli berfoto yang masih berlaku. Kalo gak ada KTP, bisa bawa identitas lain yang berfoto asli juga ya. -IC",False,584,4200071,42,"[""Hai Kak maaf banget ya udah bikin kamu nggak nyaman. Bisa dibantu infoin nomor dan email kamu yang terdaftar di Gojek dan juga detail top up GoPay kamu via DM buat kami cek?Terima kasih^yb"", ""Hai Kak mohon maaf sebelumnya. Bisa diinformasikan nomor telepon dan e-mail yang terdaftar pada aplikasi Gojek serta screenshot bukti Top Up kamu melalui DM agar kami bantu cek. Terima kasih -IC"", ""Hai kak maaf banget ya kak silakan infokan no hp email yg terdaftar dan screenshot syarat ketentuan promo melalui DM supaya bisa aku bantu cek ya. Tks^feb"", ""Hai Kak mohon maaf sebelumnya. Mohon infokan nomor telepon dan email yang terdaftar pada akun Gojek kamu serta bukti Top Up melalui DM agar kamu dapat proses lebih lanjut ya. Terima kasih^Aln"", ""Hai Kak mohon maaf sebelumnya. Bisa diinformasikan nomor telepon dan e-mail yang terdaftar pada aplikasi Gojek serta screenshot bukti Top Up kamu. Terima kasih -IC""]",False,5,2028,70,False,268
google/gemma-3-4b-it,sincerity,excitement,hybrid_early,0.3,Baik Bapak . pertanyaan Bapak sudah kami jawab di DM ya. :),Hai Bapak maaf banget ya udah bikin ngga nyaman. Pertanyaan Bapak udah kami jawab di DM ya. Tks^Ari,False,6113,4200072,42,"[""Hai Kak maaf banget ya udah bikin ngga nyaman. Terkait dengan laporan-mu bisa diinfoin untuk nomor ordernya melalui DM agar dapat kami bantu cek ya. Tks^Ari"", ""Hai Kak maaf banget ya udah bikin ngga nyaman. Terkait laporanmu bisa diinfoin ke kami untuk nomor ordernya melalui DM agar dapat kami bantu cek ya. Tks^Ari"", ""Hai Kak maaf banget ya udah bikin kamu telat silakan infokan no order yg berkendala melalui DM supaya bisa aku bantu cek ya. Tks^feb"", ""Hai Kak maaf banget ya udah bikin ngga nyaman. Terkait dengan keluhanmu mohon diinformasikan nomor telepon dan email kamu yang terdaftar melalui DM supaya bisa kami bantu cek ya. Tks^Ari"", ""Hai Kak maaf banget atas kendala promo aplikasi Gojeknya ya Kak. Boleh informasikan nomor telepon dan email terdaftar via DM supaya kendala kamu bisa kami cek. Terima kasih^ekw""]",False,5,1726,26,False,99
google/gemma-3-4b-it,competence,excitement,hybrid_early,0.3,Berdasarkan tampilan gambar untuk kendala yang dialami mohon kesediaan Bapak/Ibu Pelanggan menghubungi Halo BCA 1500888 via fitur Call pada aplikasi haloBCA atau melalui fitur Pusat Bantuan pada myBCA mobile. :) Tks^Clara,Hai Kak maaf banget ya udah bikin ngga nyaman. Supaya bisa dibantu mengenai kendalanya bisa hubungi aku melalui DM nomor telepon yang terdaftar dan serta bukti Top Up kamu ya. Tks^Clara,False,1401,4200073,42,"[""Hai kak maaf banget ya kak silakan infokan no hp email yg terdaftar dan screenshot kendala pd saat menggunakan promo melalui DM supaya bisa aku bantu cek ya. Tks^feb"", ""Hai Kak maaf banget atas kendala promo aplikasi Gojeknya ya Kak. Boleh informasikan nomor order dan screenshot detail promo yang kamu gunakan via DM ya. Terima kasih^ekw"", ""Halo Kak mohon maaf sudah bikin kakak ga nyaman. Supaya bisa dibantu mengenai laporannya bisa hubungi aku melalui DM nomor order yang dikeluhkan ya dan struk belanjanya. Terima kasih ^yun"", ""Hai Kak maaf banget atas kendala promo aplikasi Gojeknya ya Kak. Boleh informasikan nomor telepon dan email terdaftar serta detail voucher yang hilang ya supaya kendala kamu bisa kami cek. Terima kasih^ekw"", ""Hai Kak maaf banget ya udah bikin ngga nyaman. Agar dapat kami lakukan pengecekan lebih lanjut bisa diinformasikan nomor telepon yang terdaftar dan serta bukti Top Up kamu melalui DM ya. Tks^Ari""]",False,5,2002,45,False,185
google/gemma-3-4b-it,ruggedness,excitement,hybrid_early,0.3,Dengan sirkulasi udara yang sejuk dan desain longgar serta memiliki fitur Aircon system dengan keunggulan material adem halus anti-odor serta berbagai fitur lainnya yang memberikan kenyamanan saat dipakai.,"“Pengennya nyaman beb? Udah deh, langsung aja order! Dijamin adem, halus, anti bau, plus AC-nya lagi! Cocok banget buat sehari-hari, nih~ Jangan sampe keabisan ya, buruan!”",False,5498,4200074,42,"[""Sore . Lelah bekerja seharian? Bisa banget untuk refresh lagi dengan yang seger. dimana lagi kalau bukan ! PROMO masih bisa kamu nikmati yaaa! order sekarang juga!"", ""Jam segini masih kerja lembur bagai kuda? Tenang meskipun nggak bisa ngelarin kerjaan kamu tetep bisa nemenin kamu! Order sekarang mumpung ada PROMO~"", ""Hi Beb bikin hari kamu ceria yuk dengan promo Kentjan. Dikit lagi udah mau habis nih kuotanya"", ""Yang dicari kenyamanan Yang dikejar kehematan Udah nyaman dan hemat jadi gak khawatir kalau jalan-jalan pake GoRide! Jangan lupa ada promo di bawah ini dan buruan tonton videonya sampe habis"", ""Rehatkan sejenak pikiranmu dari berbagai aktivitas dengan yang menyegarkan ya beb! . . Nah yang mana nih pilihan kamu? Jangan lupa mention teman-temanmu ya beb! . . Kenangan""]",False,5,1834,53,False,172
google/gemma-3-4b-it,sincerity,excitement,hybrid_early,0.3,Not too much not too little just the perfect amount for that glow-up! swipe to find your perfect skincare portions!,"""Guyss~ biar glowing dong! Swipe buat skincare yang pas, gak berlebihan, gak kurang, cuma yang pas buat kamu!""",True,2005,4200075,42,"[""Hai para Mantan cuman mau bilang besok hari Senin loh! Btw jangan keburu bete dulu ya Beb. Sambut Senin esok dengan Oreo Cookies and Cream Shake yang akan membuat Seninmu semakin manis Kenangan"", ""Hallo Toppers bisa cek DM yak"", ""Gaeeesss~ Gimana senin paginya? Biar kamu seneng dan tetep hemat nih Mimin spill promo-promo Gojek"", ""Semangat nder biar happy cek Tokopedia Happy Hour pasti diskon 30% mulai dari jam 19.00 WIB aja"", ""Hallo Toppers cek DM yak""]",False,5,1415,29,False,110
google/gemma-3-4b-it,competence,excitement,hybrid_early,0.3,Apabila Bapak/Ibu Pelanggan masih ingat dengan PIN kartu ATM yang telah terblokir dikarenakan kesalahan memasukkan PIN maka dapat menghubungi Halo BCA 1500888 aplikasi haloBCA atau aplikasi myBCA mobile (Pusat Bantuan) untuk melakukan reset PIN ATM yang terblokir.,"Hai Kak, maaf banget ya kalau udah bikin ribet. Boleh infoin no HP dan email yang terdaftar di BCA, plus screenshot PIN ATM yang terblokir ke DM ya buat kami cek? Terima kasih^feb",False,1338,4200076,42,"[""Hai Kak maaf banget atas kendala promo aplikasi Gojeknya ya Kak. Boleh informasikan nomor telepon dan email terdaftar serta detail voucher yang hilang ya supaya kendala kamu bisa kami cek. Terima kasih^ekw"", ""Hai Kak maaf banget ya udah bikin kamu nggak nyaman. Bisa dibantu infoin nomor dan email kamu yang terdaftar di Gojek dan juga detail top up GoPay kamu via DM buat kami cek?Terima kasih^yb"", ""Hai Kak mohon maaf atas kendala yang dialami ya Kak . Silakan informasikan nomor telepon email yang terdaftar Bank yang digunain sama sreenshot bukti top up ke DM agar dapat kami cek ya. Terima kasih^jhn"", ""Hai Kak jangan khawatir ya. Yuk infokan nomor telepon email yang terdaftar dan screenshot detail history tarik tunai yang kamu lakukan via DM agar dapat kami cek ya. Terima kasih^ast"", ""Hai kak maaf banget ya kak silakan infokan no hp email yg terdaftar dan screenshot kendala pd saat menggunakan promo melalui DM supaya bisa aku bantu cek ya. Tks^feb""]",False,5,2068,46,False,179
google/gemma-3-4b-it,sophistication,excitement,hybrid_early,0.3,Fashion Spread : Eve Indonesia June 2011,"""Fashion Spread: Eve Indonesia Juni 2011, pasti bakal bikin kamu seneng dan tetep hemat nih!""",False,4909,4200077,42,"[""Gaeeesss~ Gimana senin paginya? Biar kamu seneng dan tetep hemat nih Mimin spill promo-promo Gojek"", ""Semangat nder biar happy cek Tokopedia Happy Hour pasti diskon 30% mulai dari jam 19.00 WIB aja"", ""Selamat kepada mendapatkan Saldo Tokopedia spesial Tunggu DMnya ya!!"", ""Solusinya buka Tokopedia Happy Hour pasti diskon 30% mulai dari jam 19.00 WIB abis ini deh"", ""Terharu banget dikirimin kaya gini pas pms Pasti cowo aku belinya di Tokopedia Happy Hour karena tiap jam 19.00 ada voucher diskon 30%""]",False,5,1386,27,False,93
google/gemma-3-4b-it,sophistication,excitement,hybrid_early,0.3,mantep nih dengerin Payung Teduh jam segini. Antara kriyep2 skalian bikin galau. Kl km soundtrack favorit mlm ini apa?,"“Wah, Payung Teduh sekarang lagi bikin galau huhu. Soundtrack malam ini apa nih, guys?”",False,4231,4200078,42,"[""Hari senin kerjaan banyak bikin kepala spaneng dan mumet?? Minum dulu biar kalem lagi! Ada banyak PROMO yang tersedia buat nih~"", ""Padahal udah lumayan ter counter eh malah tetep aja kaos kakinya yang normal normal dikit aja mba Lagi Ramadan yang seru seru aja guys nih Toped spill buat kalian"", ""Menjelang weekend mood malah amburadul?? Tenang ada PROMO yang bisa bikin kamu hepi lagi! Cek Aplikasi sekarang ya~"", ""Sore . Lelah bekerja seharian? Bisa banget untuk refresh lagi dengan yang seger. dimana lagi kalau bukan ! PROMO masih bisa kamu nikmati yaaa! order sekarang juga!"", ""Istirahat tapi kalo jam 7 malem langsung buka Tokopedia Happy Hour aja yaaa""]",False,5,1621,24,False,87
google/gemma-3-4b-it,sincerity,excitement,hybrid_early,0.3,makasih sayanggg,Selalu ditunggu yaaa,False,2211,4200079,42,"[""Makasih kak"", ""terimakasih kak sudah jadi yang setia"", ""Mantap terimakasih ya Beb"", ""Terima kasih Kamu juga best ya Beb"", ""Selalu ditunggu yaaa""]",False,5,1004,8,False,20
google/gemma-3-4b-it,ruggedness,excitement,hybrid_early,0.3,New Multifuctional Headlamp Rp 90.000 New Tensile Camping Lamp Rp 35.000 New Camping Lantern Rp 90.000,"“Hai Kak, ada headlamp multifungsi baru seharga Rp 90.000, lampu tenda baru Rp 35.000, dan lampu tenda baru Rp 90.000 juga nih! Tertarik? Bukin refresh di alam bebas yaaa! 😉”",False,5685,4200080,42,"[""Hai Kak maaf banget ya udah bikin kamu nggak nyaman. Bisa dibantu infoin nomor dan email kamu yang terdaftar di Gojek dan juga detail top up GoPay kamu via DM buat kami cek?Terima kasih^yb"", ""Sore . Lelah bekerja seharian? Bisa banget untuk refresh lagi dengan yang seger. dimana lagi kalau bukan ! PROMO masih bisa kamu nikmati yaaa! order sekarang juga!"", ""Hai Kak maaf banget ya Kak udah bikin kamu nggak nyaman. Saat ini promo yang ditawarkan di aplikasi Gojek udah nggak bisa digabung lagi ya Kak. Terima kasih^DW"", ""Hai Kak maaf banget ya udah bikin kamu nggak nyaman. Bisa dibantu infoin nomor dan email kamu yang terdaftar di Gojek buat kami cek? Terima kasih^yb"", ""Hai Kak maaf ya. Mengenai kode promo GOJEKINAJA sudah habis ya. Kami sarankan kamu mencoba kode promo atau menunggu promo lain yang tersedia di Gojek ya. Terima kasih^shl""]",False,5,1791,67,False,174
google/gemma-3-4b-it,sincerity,excitement,hybrid_early,0.3,Hai kak untuk Promo happy hour mengikuti waktu WiB ya kak,"""Urusan happy hour WiB nih, pasti diskon ya kak!""",False,1799,4200081,42,"[""Semangat nder biar happy cek Tokopedia Happy Hour pasti diskon 30% mulai dari jam 19.00 WIB aja"", ""Biar semangat dikasih Tokopedia Happy Hour pasti diskon 30% mulai dari jam 19.00 WIB sih"", ""Jangan dong buat kirim info Tokopedia Happy Hour pasti diskon 30% mulai dari jam 19.00 WIB kak"", ""Nungguin Tokopedia Happy Hour pasti diskon 30% mulai dari jam 19.00 WIB pas banget nih"", ""Mungkin karena masih ada Tokopedia Happy Hour pasti diskon 30% mulai dari jam 19.00 WIB jadi keliatan baik baik aja""]",False,5,1396,17,False,49
google/gemma-3-4b-it,sophistication,excitement,hybrid_early,0.3,It s not just yellow it s the Vespa Primavera in Yellow Curioso! Made to stand out and packed with personality,"""Hai! Vespa Primavera warna Kuning Curioso itu, nggak cuma kuning doang kok, tapi super kece dan penuh pesona lho! Dijamin bikin kamu beda dari yang lain!""",False,3779,4200082,42,"[""Hai Kak maaf banget ya udah bikin kamu nggak nyaman. Bisa dibantu infoin nomor dan email kamu yang terdaftar di Gojek dan juga detail top up GoPay kamu via DM buat kami cek?Terima kasih^yb"", ""Hi Beb bikin hari kamu ceria yuk dengan promo Kentjan. Dikit lagi udah mau habis nih kuotanya"", ""Hai.. Hai.. Happy Sunday Beb! Mana nih yang udah cobain Milk Tea dari Kopi Kenangan? Kalau udah coba pasti tau banget jawabannya kan Yuk reply tweet ini ya!"", ""Selamat kepada mendapatkan hadiah spesial Tiap weekend pokoknya aku bakal bagi-bagi HP jadi pantengin terus ya! TUNGGUIN GIVEAWAY NYA LAGI YA MALAM INI"", ""Mau ngopi tetap puas dan terap hemat bareng ? Pakai PROMO di bawah yuk! Ada berbagai macam PROMO hemat yang bisa kamu pilih loh! Langsung pesan dan ajak mu ya""]",False,5,1717,41,False,155
google/gemma-3-4b-it,competence,excitement,hybrid_early,0.3,Hai Sobat BRI. Mohon maaf atas kendala transaksi BRImo yang dialami. Kami informasikan saat ini sedang dalam proses pemeliharaan jaringan yang bertujuan untuk meningkatkan kualitas layanan. Silakan Sobat BRI bisa bertransaksi menggunakan kartu di mesin ATM/CRM BRI atau diAgen,"Hai Sobat BRI, maaf banget atas kendala transaksi BRImo ya Kak. Saat ini sedang dalam proses pemeliharaan jaringan untuk meningkatkan kualitas layanan. Silakan Sobat BRI bisa bertransaksi menggunakan kartu di mesin ATM/CRM BRI atau di Agen ya. Terima kasih^ekw",False,458,4200083,42,"[""Hai Kak mohon maaf atas kendala yang dialami ya Kak . Silakan informasikan nomor telepon email yang terdaftar Bank yang digunain sama sreenshot bukti top up ke DM agar dapat kami cek ya. Terima kasih^jhn"", ""Hai Kak maaf banget ya buat kamu kurang nyaman. Terkait kendala kamu mohon informasikan nomor telepon dan email terdaftar serta screenshot detail transaksinya ya Kak untuk pengecekan. Terima kasih^ekw"", ""Hai Kak maaf banget ya buat kamu kurang nyaman. Terkait kendala kamu mohon informasikan nomor telepon dan email terdaftar serta detail transaksi kamu ya Kak untuk pengecekan. Terima kasih^ekw"", ""Hai Kak maaf banget atas kendala promo aplikasi Gojeknya ya Kak. Boleh informasikan nomor telepon dan email terdaftar serta detail voucher yang hilang ya supaya kendala kamu bisa kami cek. Terima kasih^ekw"", ""Hai Kak maaf banget atas kendala promo aplikasi Gojeknya ya Kak. Boleh informasikan nomor order dan screenshot detail promo yang kamu gunakan via DM ya. Terima kasih^ekw""]",False,5,2105,57,False,260
google/gemma-3-4b-it,sincerity,excitement,hybrid_early,0.3,Mohon maaf ya kak atas keterlambatan pesanan kamu tiba dan terima kasih atas kepercayaan yang di berikan kepada McDonald's. Semoga kami dapat memberikan pelayanan yang lebih baik lagi kedepannya,"Hai Kak, maaf banget atas keterlambatan pesanan kamu ya Kak. Terima kasih banyak atas kepercayaan yang sudah diberikan kepada McDonald's. Semoga kami bisa memberikan pelayanan yang lebih baik lagi kedepannya. Tks^ast",False,1876,4200084,42,"[""Halo kak mohon maaf sudah buat kakak kecewa. Jika kakak masih kurang puas dengan pesanannya mohon untuk sampaikan pada link berikut ya : Keluhan kakak akan segera kami tindaklanjuti. Terima kasih"", ""Halo kak mohon maaf sudah buat kakak kecewa. Apabila kakak masih kurang puas dengan pesananya mohon untuk sampaikan pada link berikut ya : Keluhan kakak akan segera kami tindaklanjuti. Terima kasih"", ""Hai Kak maaf banget atas kendala promo aplikasi Gojeknya ya Kak. Boleh informasikan nomor order dan screenshot detail promo yang kamu gunakan via DM ya. Terima kasih^ekw"", ""Hai Kak maaf banget atas tindakan mitra driver kami yang tidak memberikan pelayanan secara maksimal pada pesanan kamu. Boleh bantu infokan ke aku nomor order kamu via DM agar dapat aku bantu proses ya Kak. Tks^ast"", ""Halo kak mohon maaf sudah buat kakak kecewa. Jika masih kurang puas dengan pesanannya mohon untuk sampaikan pada link berikut ya : Keluhan kakak akan segera kami tindaklanjuti. Terima kasih""]",False,5,2018,47,False,216
google/gemma-3-4b-it,competence,excitement,hybrid_early,0.3,Hai Sobat BRI kami akan menindaklanjuti rekening tersebut sesuai dengan ketentuan perbankan. Kami turut prihatin atas kejadian yang dialami. Kami sampaikan jika transaksi menggunakan rekening BRI mohon kesediaannya melakukan pembuatan laporan yang bersifat pengajuan melalui,"Hai Sobat BRI, maaf banget ya udah bikin khawatir. Yuk, sini aku bantu cek lebih lanjut dengan infoin nomor order dan screenshot kendala kamu lewat DM ya. Terima kasih -NSA",False,262,4200085,42,"[""Hai Kak maaf banget ya udah bikin nggak nyaman. Mohon untuk konfirmasi kepada pihak Tokopedia atau langsung mengunjungi website terlebih dahulu ya Kak agar dapat segera ditindaklanjuti. Terima kasih^ygb"", ""Halo kak mohon maaf sudah buat kakak kecewa. Jika masih kurang puas dengan pesanannya mohon untuk sampaikan pada link berikut ya : Keluhan kakak akan segera kami tindaklanjuti. Terima kasih"", ""Halo kak mohon maaf sudah buat kakak kecewa. Jika kakak masih kurang puas dengan pesanannya mohon untuk sampaikan pada link berikut ya : Keluhan kakak akan segera kami tindaklanjuti. Terima kasih"", ""Hai Kak maaf banget ya tapi jangan khawatir ya. Yuk sini aku bantu cek lebih lanjut dengan infoin ke aku nomor order dan screenshot kendala kamu melalui DM ya. Terima kasih -NSA"", ""Hallo kak mohon maaf sudah buat kakak kecewa. Mohon infokan keluhan kakak pada DM ya kami akan bantu tindaklanjut. Terima kasih""]",False,5,2025,40,False,172
google/gemma-3-4b-it,sophistication,excitement,hybrid_early,0.3,3 emoji yang menggambarkan perasaan kamu saat gajian,"“Yuk, share emoji yang nunjukkin senyum lebar pas gajian! ✨💰😁”",False,3707,4200086,42,"[""Kamis happy bareng PROMO yang bikin kamu senyum tiap hari! Cek aplikasi kamu sekarang yuk~"", ""Happy weekend ! disaat masa PSBB saat ini kira-kira apa ya kegiatan yang bisa banget dilakukan untuk tetap menikmati liburan? Share dengan reply tweet ini ya!"", ""Kamis anti menangis walaupun dikejar-kejar kerjaan dan deadline bareng PROMO dari yang bikin semangat full terus! Cek harga spesialnya di yuk>>>"", ""Hai para Mantan cuman mau bilang besok hari Senin loh! Btw jangan keburu bete dulu ya Beb. Sambut Senin esok dengan Oreo Cookies and Cream Shake yang akan membuat Seninmu semakin manis Kenangan"", ""Wah udah hari Jumat nih! fotoin senyum para dong yang lagi happy banget mau liburan~""]",False,5,1582,22,False,62
google/gemma-3-4b-it,sophistication,excitement,hybrid_early,0.3,TY for the support! RT : breakfasting with the kids from Al-Futtuwah Al-Mawadah Nusantara,"“Gue seneng banget sama supportnya! RT : sarapan bareng anak-anak dari Al-Futtuwah Al-Mawadah Nusantara, seru abis!”",False,4409,4200087,42,"[""Selamat Hari Jumat buat semua !!! Biar makin semangat buat weekend yuk minum di jilid terdekatmu! Ada Es Kopi Susu dengan design yang keren banget loh. Buat yang belum cobain yuk langsung cobain sekarang juga"", ""Selamat Hari Senin semangat baru dalam memulai minggu yang baru ya!! Yuk minum dulu bareng mu biar makin semangat dan jangan lupa dapetin Tumbler kece diatas sebelum kehabisan ya masih ada HARGA PROMO loh! Yuk langsung dapetin"", ""Siap-siap! Buat buka puasa nanti ada promo yang bisa nemenin kamu nih. Pemesanan-nya melalui Jiwa+ jadi pantengin terus ya!"", ""Biar nggak bingung siapin menu sarapan besok dari sekarang yuk! Nih kasih kamu PROMO sarapan dan yang bikin semangat seharian~"", ""Gaeeesss~ Gimana senin paginya? Biar kamu seneng dan tetep hemat nih Mimin spill promo-promo Gojek""]",False,5,1731,40,False,116
google/gemma-3-4b-it,sincerity,excitement,hybrid_early,0.3,buat busui harus dikonsultasikan dulu ke dokter yaa kak,"Hai kak, buat ibu menyusui ya harus dikonsultasikan ke dokter dulu, ya kak.",False,2193,4200088,42,"[""Hallo Toppers bisa cek DM yak"", ""Siap kak! Ditunggu ya"", ""Hai Kak maaf banget ya udah bikin kamu telat silakan infokan no order yg berkendala melalui DM supaya bisa aku bantu cek ya. Tks^feb"", ""Hi kak sudah kami respon ya. Cek DM kamu yuk"", ""Hai Toppers Silakan cek DM kami ya kak""]",False,5,1180,22,False,75
google/gemma-3-4b-it,competence,excitement,hybrid_early,0.3,Biar makin tenang makin aman makin Galaxy,Kan biar makin berasa Galaxy,False,542,4200089,42,"[""Siap kasih tenang dong"", ""Biar makin sering curhat sih"", ""Tenang kak justru bikin jiwa stabil"", ""Kan biar makin berasa Beb"", ""Yang bawah lagi butuh Tokopedia Happy Hour lucu bangettt""]",False,5,1068,7,False,28
google/gemma-3-4b-it,sincerity,excitement,hybrid_early,0.3,Selain itu yang gak kalah seru mainkan juga digital gamenya dengan cara scan QR pada box mainan Happy Meal Sonic the Hedgehog atau scan QR-nya lewat kotak display mainan Happy Meal di restoran Mekdi.,"""Wah, seru banget ya mainin digital game-nya! Cus, scan QR di box mainan Happy Meal Sonic atau lewat kotak display di McD, siapa tau dapat diskon menarik! 🎉""",True,1728,4200090,42,"[""Hai Kak maaf banget ya udah bikin kamu nggak nyaman. Bisa dibantu infoin nomor dan email kamu yang terdaftar di Gojek dan juga detail top up GoPay kamu via DM buat kami cek?Terima kasih^yb"", ""Hai Kak maaf banget ya tapi jangan khawatir ya. Yuk sini aku bantu cek lebih lanjut dengan infoin ke aku screenshot keterangan berhasil update GoPay Plus melalui DM ya. Terima kasih -NSA"", ""Semangat nder biar happy cek Tokopedia Happy Hour pasti diskon 30% mulai dari jam 19.00 WIB aja"", ""Hai Kak tetap nantikan promo menarik kami lainnya ya dan semoga kamu beruntung. Kamu juga bisa cek update promo Gojek di link Semangaaatt!! ^yb"", ""Sore . Lelah bekerja seharian? Bisa banget untuk refresh lagi dengan yang seger. dimana lagi kalau bukan ! PROMO masih bisa kamu nikmati yaaa! order sekarang juga!""]",False,5,1835,43,False,157
google/gemma-3-4b-it,ruggedness,excitement,hybrid_early,0.3,summertime nya 555.000,"""Summertime, cuma 555 ribu! Kuy buruan sebelum keabisan!""",False,5769,4200091,42,"[""Yuk diserbu yuk! Buat yang kemarin belum kebagian nih MinBeb kasih promo CLBK sampe tanggal 15 Desember pula! Psst kuota harian terbatas ya"", ""MinBeb cuma mau ingetin kalau CLBK masih berlanjut nih Beb! Yuk jangan sampai kehabisan!"", ""Kalo pas puasa nunggu berbuka dulu Tokopedia Siap Kasih Tenang Ramadanmu Soalnya Dijamin Dapet Diskon s.d. 100rb"", ""Belum lebaran kak"", ""BESOK ADA YANG CLBK! Harga 2 menu mulai dari harga 30K aja loh! Hemat banget kan? Nantikan besok PROMO nya dan jangan lupa save postingan ini dan bagikan ke mu ya""]",False,5,1401,22,False,57
google/gemma-3-4b-it,sophistication,excitement,hybrid_early,0.3,Hallo bestie untuk Sachet Sheet Mask Dus Secondary packaging/inner box bisa didrop juga tapi tidak bisa mendapatkan point yaa,"""Hai bestie! Sachet Sheet Mask Dus Sekunder/inner box juga bisa didrop lho, tapi gak bisa dapet poin yaa""",False,3700,4200092,42,"[""Hallo Toppers bisa cek DM yak"", ""Semangat nder biar happy cek Tokopedia Happy Hour pasti diskon 30% mulai dari jam 19.00 WIB aja"", ""Selamat Hari Senin semangat baru dalam memulai minggu yang baru ya!! Yuk minum dulu bareng mu biar makin semangat dan jangan lupa dapetin Tumbler kece diatas sebelum kehabisan ya masih ada HARGA PROMO loh! Yuk langsung dapetin"", ""[LAST DAY] Hi Para Mantan HARI INI promo terakhir beli harga reguler GRATIS Upsize untuk menu baru loh! Jangan sampai ketinggalan ya! S&K:"", ""Hallo kak order via grabfood/gofood lagi banyak promo loh! Yuk cek sekarang""]",False,5,1549,33,False,105
google/gemma-3-4b-it,sincerity,excitement,hybrid_early,0.3,Berhenti sejenak untuk McNugget Buddies. Bisakah kamu kumpulkan semua?,"""HP Gratis jam 3 sore Tungguin yaaa set alarm kamu sekaranggg""",False,1741,4200093,42,"[""Selamat Hari Senin semangat baru dalam memulai minggu yang baru ya!! Yuk minum dulu bareng mu biar makin semangat dan jangan lupa dapetin Tumbler kece diatas sebelum kehabisan ya masih ada HARGA PROMO loh! Yuk langsung dapetin"", ""Hallo Toppers bisa cek DM yak"", ""Hai Kak maaf banget ya udah bikin kamu nggak nyaman. Bisa dibantu infoin nomor dan email kamu yang terdaftar di Gojek dan juga detail top up GoPay kamu via DM buat kami cek?Terima kasih^yb"", ""HP Gratis jam 3 sore Tungguin yaaa set alarm kamu sekaranggg"", ""Hallo Toppers cek DM yak""]",False,5,1458,19,False,62
google/gemma-3-4b-it,ruggedness,excitement,hybrid_early,0.3,Serem banget kak,Serem banget yaa kak,False,5212,4200094,42,"[""Kecepeten banget yaa kak"", ""Semangat replynya kak"", ""Makasih kak"", ""hihihi mantap kak!"", ""Bener nih kak""]",False,5,964,7,False,20
google/gemma-3-4b-it,sophistication,excitement,hybrid_early,0.3,Share the joy with your business partners with selections of delicious cakes & hampers from,"“Yuk share ke partner-partner bisnis kamu, koleksi kue lezat & hampers dari…!”",False,4364,4200095,42,"[""Hai.. Hai.. Happy Sunday Beb! Mana nih yang udah cobain Milk Tea dari Kopi Kenangan? Kalau udah coba pasti tau banget jawabannya kan Yuk reply tweet ini ya!"", ""Murah banget sih iniii Ayok buruan jajan lagi mumpung promonya dijamin dapet sampe tgl 11 ini!!! Cek DM kamu dehhh"", ""Hai para Mantan bantu mimin dong buat nemuin jalan menuju paket promo BuCin kira-kira lewat mana nih ya Beb? Reply tweet ini dan mention kamu supaya sama-sama nemuin jalannya!"", ""Rekomendasi ke semua menu andalan kamu yuk! Jangan lupaa ceritakan alasannya yaaa Cuss reply tweet ini dan mention lainnya ^^"", ""Yuhuuu mimin seneng deh kalau bebeb jadi happy gini""]",False,5,1573,22,False,78
google/gemma-3-4b-it,sophistication,excitement,hybrid_early,0.3,Jazz singer wears a look from RTW12/13 for a press conference last June,"""Hai Toppers! Gaya jazz singer dari RTW12/13 pas banget buat press conference Juni kemarin, cek DM yak!""",False,4881,4200096,42,"[""Selamat Hari Senin semangat baru dalam memulai minggu yang baru ya!! Yuk minum dulu bareng mu biar makin semangat dan jangan lupa dapetin Tumbler kece diatas sebelum kehabisan ya masih ada HARGA PROMO loh! Yuk langsung dapetin"", ""Gaeeesss~ Gimana senin paginya? Biar kamu seneng dan tetep hemat nih Mimin spill promo-promo Gojek"", ""Hallo Toppers bisa cek DM yak"", ""Jam segini masih kerja lembur bagai kuda? Tenang meskipun nggak bisa ngelarin kerjaan kamu tetep bisa nemenin kamu! Order sekarang mumpung ada PROMO~"", ""Hallo Toppers cek DM yak""]",False,5,1458,30,False,104
google/gemma-3-4b-it,competence,excitement,hybrid_early,0.3,Siapa nih yang semangat kerjanya belum kembali karena masih terbawa suasana libur lebaran?,"""Siapa nih yang semangat kerja masih kendor gara-gara libur lebaran? Nah, ada PROMO nih buat bikin semangat lagi! Jangan sampe ketinggalan ya!""",False,1170,4200097,42,"[""Jam segini masih kerja lembur bagai kuda? Tenang meskipun nggak bisa ngelarin kerjaan kamu tetep bisa nemenin kamu! Order sekarang mumpung ada PROMO~"", ""Awal minggu kerjaan udah numpul? nih ada promo biar kamu melek lagi. Semangat terus ya !"", ""Sore . Lelah bekerja seharian? Bisa banget untuk refresh lagi dengan yang seger. dimana lagi kalau bukan ! PROMO masih bisa kamu nikmati yaaa! order sekarang juga!"", ""Masih awal minggu kepala udah spaneng sama kerjaan yang numpuk nggak kelar-kelar? Ngopi dulu yuk! Ada PROMO dari nih cek kamu ya!"", ""Kamis anti menangis walaupun dikejar-kejar kerjaan dan deadline bareng PROMO dari yang bikin semangat full terus! Cek harga spesialnya di yuk>>>""]",False,5,1624,38,False,143
google/gemma-3-4b-it,sincerity,excitement,hybrid_early,0.3,astaga nostalgia banget liat serum serum kecil ituuu,"""Wih, liat serum kecil itu bikin kangen bangettt!""",False,2169,4200098,42,"[""Kamis happy bareng PROMO yang bikin kamu senyum tiap hari! Cek aplikasi kamu sekarang yuk~"", ""Hi Beb bikin hari kamu ceria yuk dengan promo Kentjan. Dikit lagi udah mau habis nih kuotanya"", ""Yang bawah lagi butuh Tokopedia Happy Hour lucu bangettt"", ""Lebih hemat bareng PROMO pesan biar kamu hepi terus seharian~ Cek PROMOnya di aplikasi ya!"", ""Terharu banget dikirimin kaya gini pas pms Pasti cowo aku belinya di Tokopedia Happy Hour karena tiap jam 19.00 ada voucher diskon 30%""]",False,5,1376,17,False,50
google/gemma-3-4b-it,sincerity,excitement,hybrid_early,0.3,! Transform your skincare routine with our latest innovation GloRad RetinArt: The next generation of Bio-Retinol offering powerful anti-aging benefits without the irritation,"“Wih, buat kamu yang pengin awet mudaaaa! Ada kabar gembira nih, GloRad RetinArt! Bio-Retinol generasi baru yang ampuh melawan penuaan tanpa bikin iritasi. Yuk, langsung cobain sekarang juga!”",False,2020,4200099,42,"[""Sore . Lelah bekerja seharian? Bisa banget untuk refresh lagi dengan yang seger. dimana lagi kalau bukan ! PROMO masih bisa kamu nikmati yaaa! order sekarang juga!"", ""Hai Kak maaf banget ya tapi jangan khawatir ya. Yuk sini aku bantu cek lebih lanjut dengan infoin ke aku screenshot keterangan berhasil update GoPay Plus melalui DM ya. Terima kasih -NSA"", ""Semangat nder biar happy cek Tokopedia Happy Hour pasti diskon 30% mulai dari jam 19.00 WIB aja"", ""Selamat Hari Jumat buat semua !!! Biar makin semangat buat weekend yuk minum di jilid terdekatmu! Ada Es Kopi Susu dengan design yang keren banget loh. Buat yang belum cobain yuk langsung cobain sekarang juga"", ""Hai Kak jadi sudah Upgrade GoPay Plus ya . Kamu bisa infoin nomor laporan kamu ke DM biar bisa aku bantu cek ya. Terima kasih^jhn""]",False,5,1815,56,False,192
google/gemma-3-4b-it,ruggedness,excitement,hybrid_early,0.3,New Produk Pants! Pants Broadpeak IDR : 220.000 Featured : Quick,"""Wih, ada New Produk Pants Broadpeak nih! Cuma IDR 220.000! Fitur: Quick, langsung order sekarang!""",False,5721,4200100,42,"[""Sore . Lelah bekerja seharian? Bisa banget untuk refresh lagi dengan yang seger. dimana lagi kalau bukan ! PROMO masih bisa kamu nikmati yaaa! order sekarang juga!"", ""Supaya senin gak lemes MASIH ada PROMO MONDAY MADNESS! Langsung aja order melalui Aplikasi . dapatkan promonya nikmati kesegaran"", ""Gaeeesss~ Gimana senin paginya? Biar kamu seneng dan tetep hemat nih Mimin spill promo-promo Gojek"", ""PROMO yang ini siap nemenin kamu malem mingguan! Buruan pesan sekarang jangan sampai kelewatan~"", ""Siap-siap! Kita bikin rabu kamu lebih ceria dgn PROMO menarik yg bisa kamu dapetin untuk pemesanan melalui dan ! Kuy cek sekarang!""]",False,5,1539,36,False,99
google/gemma-3-4b-it,ruggedness,excitement,hybrid_early,0.3,Jadi untuk consiners yang belum kebagian. Tungguin dan langsung serbu aja deh sebelum kehabisan!! Note: Pre Order Consina Everest Series akan berlangsung di & Official Marketplace Consina.,"""Buat konsiner yang blm kebagian! Tungguin aja ya sebelum keabisan!! Ps: Pre Order Consina Everest Series bakal berlangsung di & Official Marketplace Consina.""",False,5538,4200101,42,"[""Sore . Lelah bekerja seharian? Bisa banget untuk refresh lagi dengan yang seger. dimana lagi kalau bukan ! PROMO masih bisa kamu nikmati yaaa! order sekarang juga!"", ""[PENGUMUMAN ] Selamat untuk pemenang GIVEAWAY tebak kode promo yang dipake Dido & Sekala Cek DM kamu sekarang ya! Mimin tunggu"", ""[PENGUMUMAN ] Selamat buat kamu yang beruntung menang Giveaway GoCar Cek DM kamu sekarang ya! Mimin tunggu"", ""Promo BOSS hari kedua! Buat kamu yang kemarin sudah ikutan hari ini bisa ikutan lagi lho! Yuk download aplikasi Kopi Kenangan dan ikutan promonya"", ""[PENGUMUMAN ] Selamat untuk para pemenang GIVEAWAY GoCar pas lebaran kemarin Cek DM kamu sekarang ya! Mimin tunggu~""]",False,5,1704,39,False,159
google/gemma-3-4b-it,sincerity,excitement,hybrid_early,0.3,pinterrr,Bisaa nih!,False,2152,4200102,42,"[""Semangat bener nih"", ""Iya bener! Selamat ya!"", ""Semoga bisaaa yaaa"", ""Jadi hemattt"", ""Bisa nih""]",False,5,947,6,False,10
google/gemma-3-4b-it,ruggedness,excitement,hybrid_early,0.3,Untuk Surabaya kita buka dari jam 11.00 - 21.00 wib untuk produk Alpha nya apa mau kita keep kan?,"""Buat Surabaya, buka dari jam 11.00 - 21.00 WIB buat produk Alpha, mau di-keep nggak nih?""",False,5911,4200103,42,"[""Semangat nder biar happy cek Tokopedia Happy Hour pasti diskon 30% mulai dari jam 19.00 WIB aja"", ""Biar semangat dikasih Tokopedia Happy Hour pasti diskon 30% mulai dari jam 19.00 WIB sih"", ""Nggak kerasa besok udah mau senin lagi biar makin semangat order -nya dulu yuk kakak~"", ""Besok kan masih bisa beb masih available sampe tanggal 23 kok . Jangan sedih ya beb :)"", ""Mungkin karena masih ada Tokopedia Happy Hour pasti diskon 30% mulai dari jam 19.00 WIB jadi keliatan baik baik aja""]",False,5,1427,35,False,90
google/gemma-3-4b-it,sophistication,excitement,hybrid_early,0.3,Build your evening wear game solid with our timeless black staples perfect for any occasion. New arrivals are available in-store at SAPTO DJOJOKARTIKO Plaza Senayan,"""Hai Beb! Mau tampil keren pas malam hari? Koleksi hitam abadi kita wajib punya buat acara apa aja! Ada barang baru di SAPTO DJOJOKARTIKO Plaza Senayan, langsung check sekarang!""",False,4632,4200104,42,"[""Hai Kak maaf banget ya udah bikin kamu nggak nyaman. Bisa dibantu infoin nomor dan email kamu yang terdaftar di Gojek dan juga detail top up GoPay kamu via DM buat kami cek?Terima kasih^yb"", ""Selamat Hari Senin semangat baru dalam memulai minggu yang baru ya!! Yuk minum dulu bareng mu biar makin semangat dan jangan lupa dapetin Tumbler kece diatas sebelum kehabisan ya masih ada HARGA PROMO loh! Yuk langsung dapetin"", ""Siapa yang lagi ? Nah Mimin mau kasih rekomendasi nih apa aja yang kamu butuhin selama ! Coba di check list lebih dulu Beb! Yuk mention teman-temanmu yang juga"", ""Hallo Beb ditunggu saja ya . Anyway thank you ya semoga kamu suka"", ""Jam segini masih kerja lembur bagai kuda? Tenang meskipun nggak bisa ngelarin kerjaan kamu tetep bisa nemenin kamu! Order sekarang mumpung ada PROMO~""]",False,5,1812,45,False,178
google/gemma-3-4b-it,ruggedness,excitement,hybrid_early,0.3,Seorang gentleman itu tau kapan mesti serius dan santai. Pesan Siena Full Black di,"""Wih, kayaknya dia orangnya pinter bawaannya. Pesan Siena Full Black di""",False,5903,4200105,42,"[""Siapp banget ini sihh"", ""Hai Kak maaf banget ya udah bikin kamu nggak nyaman. Bisa dibantu infoin nomor dan email kamu yang terdaftar di Gojek dan juga detail top up GoPay kamu via DM buat kami cek?Terima kasih^yb"", ""Selamat Hari Senin semangat baru dalam memulai minggu yang baru ya!! Yuk minum dulu bareng mu biar makin semangat dan jangan lupa dapetin Tumbler kece diatas sebelum kehabisan ya masih ada HARGA PROMO loh! Yuk langsung dapetin"", ""Hari kamis tanggal tiga belas. Senyummu emang terlihat manis tapi kok nggak ikhlas? Duh jangan gitu ya Beb!. Senyum itukan ibadah jadi harus ikhlas ya. Jangan senyum ke gebetan aja yang ikhlas Selamat hari Kamis Para Mantan"", ""MinBeb cuma mau ingetin kalau CLBK masih berlanjut nih Beb! Yuk jangan sampai kehabisan!""]",False,5,1689,23,False,72
google/gemma-3-4b-it,sophistication,excitement,hybrid_early,0.3,Yes please! :) RT : Good morning..Let's have a healthy breakfast :) ...,"Yuk, semangat pagi! :D Biar sarapan sehat nih, hehe. 😊",False,4394,4200106,42,"[""Hai Kak maaf banget ya udah bikin kamu telat silakan infokan no order yg berkendala melalui DM supaya bisa aku bantu cek ya. Tks^feb"", ""Siap-siap! Buat buka puasa nanti ada promo yang bisa nemenin kamu nih. Pemesanan-nya melalui Jiwa+ jadi pantengin terus ya!"", ""Besok kan masih bisa beb masih available sampe tanggal 23 kok . Jangan sedih ya beb :)"", ""Gaeeesss~ Gimana senin paginya? Biar kamu seneng dan tetep hemat nih Mimin spill promo-promo Gojek"", ""Pas gajian mau pesen bisa tetep hemat pake promo 50% dengan pemesanan melalui shopee food nih. Jangan kelewatan ya!""]",False,5,1486,19,False,54
google/gemma-3-4b-it,sophistication,excitement,hybrid_early,0.3,I'm in love with vespa,"""[PENGUMUMAN] Selamat buat kamu yang lagi jatuh cinta sama Vespa! ❤️ Pantengin DM kamu ya, siapa tahu ada kejutan spesial buat kamu! Mimin tunggu~""",False,4088,4200107,42,"[""[PENGUMUMAN ] Selamat untuk para pemenang GIVEAWAY GoCar pas lebaran kemarin Cek DM kamu sekarang ya! Mimin tunggu~"", ""[PENGUMUMAN ] Selamat untuk pemenang GIVEAWAY tebak kode promo yang dipake Dido & Sekala Cek DM kamu sekarang ya! Mimin tunggu"", ""[PENGUMUMAN ] Selamat buat kamu yang beruntung menang Giveaway GoCar Cek DM kamu sekarang ya! Mimin tunggu"", ""Selalu ditunggu yaaa"", ""Selamat kepada mendapatkan hadiah spesial Tiap weekend pokoknya aku bakal bagi-bagi HP jadi pantengin terus ya! TUNGGUIN GIVEAWAY NYA LAGI YA MALAM INI""]",False,5,1401,40,False,147
google/gemma-3-4b-it,sincerity,excitement,hybrid_early,0.3,Hi McD ers! Tunggu kehadiran Diskon Kilat 11.11 besok kalau mau makan puas hemat & Lebih Untung! Hanya berlaku 1 hari di Aplikasi McDonald s! Jangan lupa download & registrasi Aplikasi McDonald s sekarang!,"""Hai McD Lovers! Buruan tunggu Diskon Kilat 11.11 besok buat makan puas hemat & Untung maksimal! Cuma berlaku 1 hari di Aplikasi McDonald's! Jangan lupa download & daftarin diri di Aplikasi McDonald's sekarang!""",False,1796,4200108,42,"[""Murah banget sih iniii Ayok buruan jajan lagi mumpung promonya dijamin dapet sampe tgl 11 ini!!! Cek DM kamu dehhh"", ""Sttt mau jajan tetap hemat? kasih solusinya nih biar ngopi kamu anti boros! Yuk geser postingan diatas. Segera sebarkan info promo ini ke -mu dan jangan sampai kelewatan ya!"", ""Hallo kak order via grabfood/gofood lagi banyak promo loh! Yuk cek sekarang"", ""Kenyang ga? Nelennya bisa sambil cek Tokopedia Happy Hour pasti diskon 30% mulai dari jam 19.00 WIB kok"", ""Kuy kak cobain dari jilid terdekat! Ada DISKON 50% untuk semua menu di lewat Grabfood loh""]",False,5,1620,58,False,211
google/gemma-3-4b-it,competence,excitement,hybrid_early,0.3,15 sobat terpilih akan mendapatkan: 1 pemenang pertama mendapat handphone+tiket Digiland 1 pemenang kedua mendapat headphone+tiket Digiland 1 pemenang ketiga mendapat smartwatch+tiket Digiland 12 pemenang hiburan mendapat saldo LinkAja masing-masing Rp200.000+tiket Digiland,"""[PENGUMUMAN] Selamat buat 15 sobat beruntung! Kalian bakal dapet: 1 pemenang pertama handphone+tiket Digiland, 1 pemenang kedua headphone+tiket Digiland, 1 pemenang ketiga smartwatch+tiket Digiland, dan 12 pemenang hiburan saldo LinkAja masing-masing Rp200.000+tiket Digiland! Cek DM sekarang ya~""",False,1133,4200109,42,"[""[PENGUMUMAN ] Selamat untuk pemenang GIVEAWAY tebak kode promo yang dipake Dido & Sekala Cek DM kamu sekarang ya! Mimin tunggu"", ""[PENGUMUMAN ] Selamat buat kamu yang beruntung menang Giveaway GoCar Cek DM kamu sekarang ya! Mimin tunggu"", ""5 orang beruntung bakal dapet GoPay masing-masing 500ribu Pemenang akan diumumin tanggal 30 Maret 2024 ya! Buruan jawab pertanyaannya gaes~"", ""Buat kamu yang beruntung bakal dapet: 1 Smartphone buat 1 orang GoPay 500ribu buat 7 orang Pemenang akan diumumin tanggal 23 Mei 2025 ya gutlak!"", ""[PENGUMUMAN ] Selamat untuk para pemenang GIVEAWAY GoCar pas lebaran kemarin Cek DM kamu sekarang ya! Mimin tunggu~""]",False,5,1765,94,False,298
google/gemma-3-4b-it,ruggedness,excitement,hybrid_early,0.3,Hahahhah,Haruuss sihhh,False,5297,4200110,42,"[""Wkwkw"", ""Harus sihhh"", ""Wkwkw bener juga"", ""Ehhh bisa bisanyaa"", ""Kenapa bisa gitu yaa""]",False,5,939,7,False,13
google/gemma-3-4b-it,ruggedness,excitement,hybrid_early,0.3,Mantap !,Mantap terimakasih ya!,False,5165,4200111,42,"[""Mantap nih"", ""hihihi mantap kak!"", ""Mantap terimakasih ya Beb"", ""Mantap betull"", ""Mantap banget dong""]",False,5,953,10,False,22
google/gemma-3-4b-it,competence,excitement,hybrid_early,0.3,Selamat sore dan mohon maaf Kak. Berikut langkah-langkah transfer tiket melalui aplikasi Access by KAI: 1. Pada halaman utama Access by KAI pilih menu Tiket Saya . 2. Pilih tiket/kode booking yang akan di transfer. 3. Setelah muncul detail tiket dari kode booking tersebut pilih,"Hai Kak maaf ya kalau ada kendala. Yuk sini aku bantu, nih. Berikut langkah transfer tiket di Access by KAI: 1. Pilih menu ""Tiket Saya"" di halaman utama. 2. Pilih tiket/kode booking yang mau ditransfer. 3. Setelah muncul detail tiket, pilih... -NSA",True,744,4200112,42,"[""Hai Kak maaf ya kalau kamu jarang dapat voucher supaya aku bisa cek boleh infoin nomor telepon dan email yang terdaftar pada aplikasi melalui DM ya. Terima kasih ^DW"", ""Hai Kak maaf banget ya udah bikin kamu telat silakan infokan no order yg berkendala melalui DM supaya bisa aku bantu cek ya. Tks^feb"", ""Hai Kak maaf banget ya tapi jangan khawatir ya. Yuk sini aku bantu cek lebih lanjut dengan infoin ke aku nomor telepon email yang terdaftar dan masa berlaku kartu kamu melalui DM ya. Terima kasih -NSA"", ""Hai Kak maaf banget ya tapi jangan khawatir ya. Yuk sini aku bantu cek lebih lanjut dengan infoin ke aku nomor telepon email yang terdaftar dan masa berlaku kartu yang akan didaftarkan melalui DM ya. Terima kasih -NSA"", ""Hai Kak maaf banget atas kendala promo aplikasi Gojeknya ya Kak. Boleh informasikan nomor order dan screenshot detail promo yang kamu gunakan via DM ya. Terima kasih^ekw""]",False,5,2022,67,False,248
google/gemma-3-4b-it,competence,excitement,hybrid_early,0.3,Hai Sobat BRI. Mohon maaf atas ketidaknyamanan yang dialami. BRI akan menindaklanjuti setiap laporan nasabah. Kami sudah merespons laporan tersebut melalui pesan DM. Mohon melakukan pengecekan. Tks~Oris,"Hai Sobat BRI, maaf banget ya udah bikin nggak nyaman. Yuk sini aku bantu cek lebih lanjut dengan infoin ke aku nomor order dan screenshot kendala kamu melalui DM ya. Terima kasih -Oris",False,385,4200113,42,"[""Hai Kak maaf banget ya udah bikin nggak nyaman. Mohon untuk konfirmasi kepada pihak Tokopedia atau langsung mengunjungi website terlebih dahulu ya Kak agar dapat segera ditindaklanjuti. Terima kasih^ygb"", ""Hai Kak maaf banget ya udah bikin ngga nyaman. Terkait dengan keluhanmu mohon diinformasikan nomor telepon dan email kamu yang terdaftar melalui DM supaya bisa kami bantu cek ya. Tks^Ari"", ""Hai Kak maaf banget ya tapi jangan khawatir ya. Yuk sini aku bantu cek lebih lanjut dengan infoin ke aku nomor order dan screenshot kendala kamu melalui DM ya. Terima kasih -NSA"", ""Hai Kak maaf banget ya. Terkait dengan keluhanmu mohon diinformasikan nomor telepon dan email kamu yang terdaftar melalui DM supaya bisa kami bantu cek ya. Tks^Ari"", ""Hai Kak maaf banget atas kendala promo aplikasi Gojeknya ya Kak. Boleh informasikan nomor telepon dan email terdaftar via DM supaya kendala kamu bisa kami cek. Terima kasih^ekw""]",False,5,1967,43,False,185
google/gemma-3-4b-it,competence,excitement,hybrid_early,0.3,Digiland adalah sebuah agenda tahunan yang inspiratif inovatif dan berkesan. Agenda yang akan berlangsung pada tanggal 18 Mei 2025 ini mengusung semangat Elevating Your Future dengan menghadirkan Digiland Run Digiland Music Kuliner Nusantara dan Pasar UMKM.,"""Wah Digiland, agenda seru tahunan yang inspiratif banget nih tanggal 18 Mei 2025! Ada Digiland Run, Digiland Music, Kuliner Nusantara, dan Pasar UMKM, pasti berkesan banget!""",False,898,4200114,42,"[""Selamat Hari Senin semangat baru dalam memulai minggu yang baru ya!! Yuk minum dulu bareng mu biar makin semangat dan jangan lupa dapetin Tumbler kece diatas sebelum kehabisan ya masih ada HARGA PROMO loh! Yuk langsung dapetin"", ""Semangat nder biar happy cek Tokopedia Happy Hour pasti diskon 30% mulai dari jam 19.00 WIB aja"", ""Hi Beb bikin hari kamu ceria yuk dengan promo Kentjan. Dikit lagi udah mau habis nih kuotanya"", ""Biar semangat dikasih Tokopedia Happy Hour pasti diskon 30% mulai dari jam 19.00 WIB sih"", ""Wow semoga weekend kamu menyenangkan ya Beb""]",False,5,1663,52,False,175
google/gemma-3-4b-it,competence,excitement,hybrid_early,0.3,dan tidak ada transaksi debit dan kredit pada rekening selama 12 bulan berturut-turut maka Rekening BCA akan ditutup secara otomatis oleh sistem. Untuk memastikan dan pengecekan status rekening,"“Wah, kalau 12 bulan nggak ada transaksi debit kredit, Rek BCA bisa otomatis ditutup ya Kak. Jadi, mesti cek status rekening dulu buat mastiin, dong.”",False,1252,4200115,42,"[""Hai Kak maaf banget ya udah bikin kamu nggak nyaman. Jika terjadi cancel order dengan menggunakan pembayaran CC/DC maka saldo/limit kartu debit/kredit tidak akan terpotong. Silakan cek mutasi debit/kredit kamu di H+14 hari kerja ya Kak. Terima kasih^yb"", ""Hai Kak jangan khawatir ya. Yuk infokan nomor telepon email yang terdaftar dan screenshot detail history tarik tunai yang kamu lakukan via DM agar dapat kami cek ya. Terima kasih^ast"", ""Semangat nder biar happy cek Tokopedia Happy Hour pasti diskon 30% mulai dari jam 19.00 WIB aja"", ""Hallo kak mohon maaf sebelumnya terkait Cashback akan dikreditkan ke rekening tabungan kakak setiap hari Jumat pada minggu berikutnya ya."", ""Sama kaya mau cek Tokopedia Happy Hour pasti diskon 30% mulai dari jam 19.00 WIB eh tiba2 banyak paket berdatangan""]",False,5,1834,38,False,150
google/gemma-3-4b-it,competence,excitement,hybrid_early,0.3,WhatsApp Halo BCA 08111500998 dan pastikan tidak memberikan data pribadi seperti nomor kartu ATM kode CVV kode OTP. Tks ^Yena,"Hai Kak, jangan khawatir ya silakan infokan no HP dan email terdaftar melalui DM supaya bisa aku bantu cek ya. Tks^Yena",False,1310,4200116,42,"[""Hai Kak pastikan saja nomor yang ingin kamu gunakan sudah tidak terdaftar di Gojek ya. Terima kasih^yb"", ""Hai Kak maaf banget atas kendala promo aplikasi Gojeknya ya Kak. Boleh informasikan nomor telepon dan email terdaftar serta detail voucher yang hilang ya supaya kendala kamu bisa kami cek. Terima kasih^ekw"", ""Hai kak Yara jangan khawatir ya yuk infokan no hp dan email yg terdaftar melalui DM supaya bisa aku bantu cek ya. Tks^feb"", ""Hai Kak maaf banget ya udah bikin kamu nggak nyaman. Bisa dibantu infoin nomor dan email kamu yang terdaftar di Gojek dan juga detail top up GoPay kamu via DM buat kami cek?Terima kasih^yb"", ""Hai kak maaf banget ya kak silakan infokan no hp email yg terdaftar dan screenshot syarat ketentuan promo melalui DM supaya bisa aku bantu cek ya. Tks^feb""]",False,5,1756,31,False,119
google/gemma-3-4b-it,sophistication,excitement,hybrid_early,0.3,Evoking the perfect fusion between our signature embroideries technique with contemporary allure we are taking you behind the elaborate process creating one of the thrillingly textured looks from the collection,"""Hai Kak, jadi udah tau kan koleksi terbaru kita ya? Kita bakal kasih tau rahasia bikin tampilan super keren itu, lewat teknik bordir khas kita yang dipaduin sama gaya modern! Yuk, dm detailnya buat info lebih lanjut ya. Terima kasih^yb""",False,4581,4200117,42,"[""Hai Kak maaf banget ya udah bikin kamu nggak nyaman. Bisa dibantu infoin nomor dan email kamu yang terdaftar di Gojek dan juga detail top up GoPay kamu via DM buat kami cek?Terima kasih^yb"", ""Hai para Mantan bantu mimin dong buat nemuin jalan menuju paket promo BuCin kira-kira lewat mana nih ya Beb? Reply tweet ini dan mention kamu supaya sama-sama nemuin jalannya!"", ""Hai Kak jadi sudah Upgrade GoPay Plus ya . Kamu bisa infoin nomor laporan kamu ke DM biar bisa aku bantu cek ya. Terima kasih^jhn"", ""Hai Kak maaf banget ya tapi jangan khawatir ya. Yuk sini aku bantu cek lebih lanjut dengan infoin ke aku screenshot keterangan berhasil update GoPay Plus melalui DM ya. Terima kasih -NSA"", ""Hai Kak maaf banget ya Kak udah bikin kamu nggak nyaman. Saat ini promo yang ditawarkan di aplikasi Gojek udah nggak bisa digabung lagi ya Kak. Terima kasih^DW""]",False,5,1908,59,False,237
google/gemma-3-4b-it,ruggedness,excitement,hybrid_early,0.3,Heat the engine rightaway because weekend is on their way . . .,"Wih, akhir minggu udah keliatan nih! Gas pol, semangat buat weekend yang seru! 🎉",False,6008,4200118,42,"[""Sore . Lelah bekerja seharian? Bisa banget untuk refresh lagi dengan yang seger. dimana lagi kalau bukan ! PROMO masih bisa kamu nikmati yaaa! order sekarang juga!"", ""Awal minggu kerjaan udah numpul? nih ada promo biar kamu melek lagi. Semangat terus ya !"", ""Semangat nder biar happy cek Tokopedia Happy Hour pasti diskon 30% mulai dari jam 19.00 WIB aja"", ""Besok kan masih bisa beb masih available sampe tanggal 23 kok . Jangan sedih ya beb :)"", ""Gaeeesss~ Gimana senin paginya? Biar kamu seneng dan tetep hemat nih Mimin spill promo-promo Gojek""]",False,5,1454,22,False,80
google/gemma-3-4b-it,competence,excitement,hybrid_early,0.3,Literally Ultra compact!!! Reply I LOVE sebanyak-banyaknya kalau kalian mau di-spill fitur lainnya! Galaxy Z Flip7 sudah bisa kamu pre-order dapatkan total benefit hingga Rp3.9jt dan gratis proteksi hingga 3 tahun.,"“Hai Beb, wih! Galaxy Z Flip7 Ultra compact banget loh! 😍 Reply I LOVE sebanyak-banyaknya ya kalau mau di-spill fitur lainnya! Pre-order sekarang dapat total benefit sampai Rp3.9jt + gratis proteksi 3 tahun! 🚀”",False,520,4200119,42,"[""Hai Kak maaf banget ya udah bikin kamu nggak nyaman. Bisa dibantu infoin nomor dan email kamu yang terdaftar di Gojek dan juga detail top up GoPay kamu via DM buat kami cek?Terima kasih^yb"", ""Hai Kak maaf banget ya tapi jangan khawatir ya. Yuk sini aku bantu cek lebih lanjut dengan infoin ke aku screenshot keterangan berhasil update GoPay Plus melalui DM ya. Terima kasih -NSA"", ""Hai para Mantan bantu mimin dong buat nemuin jalan menuju paket promo BuCin kira-kira lewat mana nih ya Beb? Reply tweet ini dan mention kamu supaya sama-sama nemuin jalannya!"", ""Hi Beb bikin hari kamu ceria yuk dengan promo Kentjan. Dikit lagi udah mau habis nih kuotanya"", ""Hai Kak jadi sudah Upgrade GoPay Plus ya . Kamu bisa infoin nomor laporan kamu ke DM biar bisa aku bantu cek ya. Terima kasih^jhn""]",False,5,1846,62,False,210
google/gemma-3-4b-it,sophistication,excitement,hybrid_early,0.3,Happy Friday! Wishing you a lovely day,Yuhuuu Friday semangat! Semoga harimu menyenangkan ya Beb!,False,4275,4200120,42,"[""Wey wkwkw happy weekend!"", ""Yuhuuu mimin seneng deh kalau bebeb jadi happy gini"", ""Hai para Mantan cuman mau bilang besok hari Senin loh! Btw jangan keburu bete dulu ya Beb. Sambut Senin esok dengan Oreo Cookies and Cream Shake yang akan membuat Seninmu semakin manis Kenangan"", ""Semangat nder biar happy cek Tokopedia Happy Hour pasti diskon 30% mulai dari jam 19.00 WIB aja"", ""Wow semoga weekend kamu menyenangkan ya Beb""]",False,5,1305,15,False,58
google/gemma-3-4b-it,sophistication,excitement,hybrid_early,0.3,would love to arrange your staycation again :),"""Hai Kak, pengen banget atur staycation lagi buat kamu :)""",False,4249,4200121,42,"[""Hai Kak maaf banget ya udah bikin kamu nggak nyaman. Bisa dibantu infoin nomor dan email kamu yang terdaftar di Gojek dan juga detail top up GoPay kamu via DM buat kami cek?Terima kasih^yb"", ""Hai Kak maaf banget ya udah bikin kamu nggak nyaman. Bisa dibantu infoin nomor dan email kamu yang terdaftar di Gojek dan juga screenshot kendalanya via DM buat kami cek? Terima kasih^yb"", ""[PENGUMUMAN ] Selamat buat para pemenang giveaway Kirim Hampers Pake Gojek~ Ada nama kamu di sini gak? Mimin tunggu data diri kamu di DM ya gaes."", ""Hallo Beb ditunggu saja ya . Anyway thank you ya semoga kamu suka"", ""Hai Kak maaf banget ya tapi jangan khawatir ya. Yuk sini aku bantu cek lebih lanjut dengan infoin ke aku nomor order dan screenshot kendala kamu melalui DM ya. Terima kasih -NSA""]",False,5,1668,18,False,58
google/gemma-3-4b-it,ruggedness,excitement,hybrid_early,0.3,Made like a gun goes like a bullet . . .,"""Halo! Udah tau belom ada promo gede 300.000 Jiwa+ Points buat kamu nih. Mau tau caranya? Cek postingan ig yang ini ya!""",False,6004,4200122,42,"[""MinBeb cuma mau ingetin kalau CLBK masih berlanjut nih Beb! Yuk jangan sampai kehabisan!"", ""Selamat Hari Senin semangat baru dalam memulai minggu yang baru ya!! Yuk minum dulu bareng mu biar makin semangat dan jangan lupa dapetin Tumbler kece diatas sebelum kehabisan ya masih ada HARGA PROMO loh! Yuk langsung dapetin"", ""Hallo Toppers bisa cek DM yak"", ""Hallo Toppers cek DM yak"", ""Halo !! Udah tau belom ada giveaway 300.000 Jiwa+ Points buat kamu nih. Mau tau caranya? Cek postingan ig yang ini ya!""]",False,5,1386,42,False,120
google/gemma-3-4b-it,sophistication,excitement,hybrid_early,0.3,Everose gold our exclusive 18 ct pink gold alloy of stunning radiance and resistance containing at least 75% gold 20% copper plus palladium and indium. The exact formula is secret but its unique hue shines through. More,"""Hai Beb, kenalin nih Everose Gold eksklusif! Emas pink 18 ct yang memukau dengan kilau dan ketahanan super! Isinya minimal 75% emas, 20% tembaga plus palladium dan indium. Resep rahasianya, tapi warnanya yang unik bikin makin kece! More""",False,4957,4200123,42,"[""Hai para Mantan cuman mau bilang besok hari Senin loh! Btw jangan keburu bete dulu ya Beb. Sambut Senin esok dengan Oreo Cookies and Cream Shake yang akan membuat Seninmu semakin manis Kenangan"", ""Yuk diserbu yuk! Buat yang kemarin belum kebagian nih MinBeb kasih promo CLBK sampe tanggal 15 Desember pula! Psst kuota harian terbatas ya"", ""Hayo siapa yang kaya gini? Yuk beb masih sisa beberapa jam lagi untuk kamu bisa nikmatin promo 11.11! Jangan sampai kelewatan ya Beb! Siapa aja nih yang udah beli Kopi Kenangan dengan promo 11.11?"", ""Hi para Mantan mana nih yang udah nikmatin promo GRATIS Upsize? Eits buat yang belum dapetin masih ada kesempatan hari ini dan besok loh Beb! S & K:"", ""Hi Beb bikin hari kamu ceria yuk dengan promo Kentjan. Dikit lagi udah mau habis nih kuotanya""]",False,5,1849,74,False,238
google/gemma-3-4b-it,ruggedness,excitement,hybrid_early,0.3,seperti mencegah abrasi dan intrusi air laut tempat tinggal dan sumber makanan bagi satwa laut dan pesisir melindungi garis pantai dan memitigasi efek perubahan iklim dan cuaca serta masih banyak lainnya. Namun sayangnya kawasan mangrove kini semakin terancam keberadaannya.,"“Wah, mangrove itu penting banget buat melindungi rumah kita dari air laut dan kasih tempat tinggal buat makhluk laut! Tapi, sayangnya, sekarang mangrove lagi bahaya banget loh… padahal mereka jagoan banget buat ngadepin perubahan iklim dan cuaca ekstrem! Buruan peduli, ya!”",False,5457,4200124,42,"[""Sore . Lelah bekerja seharian? Bisa banget untuk refresh lagi dengan yang seger. dimana lagi kalau bukan ! PROMO masih bisa kamu nikmati yaaa! order sekarang juga!"", ""Sttt mau jajan tetap hemat? kasih solusinya nih biar ngopi kamu anti boros! Yuk geser postingan diatas. Segera sebarkan info promo ini ke -mu dan jangan sampai kelewatan ya!"", ""Jam segini masih kerja lembur bagai kuda? Tenang meskipun nggak bisa ngelarin kerjaan kamu tetep bisa nemenin kamu! Order sekarang mumpung ada PROMO~"", ""[LAST DAY] Hi Para Mantan HARI INI promo terakhir beli harga reguler GRATIS Upsize untuk menu baru loh! Jangan sampai ketinggalan ya! S&K:"", ""Selamat Hari Jumat buat semua !!! Biar makin semangat buat weekend yuk minum di jilid terdekatmu! Ada Es Kopi Susu dengan design yang keren banget loh. Buat yang belum cobain yuk langsung cobain sekarang juga""]",False,5,1966,64,False,275
google/gemma-3-4b-it,sincerity,excitement,hybrid_early,0.3,Emina Glossy Stain! biar bisa touchup dong~,"""Emina Glossy Stain! Boleh buat touch up dong~""",False,2059,4200125,42,"[""Gapapa banget kalo kurang masih banyak warna gelap di Tokopedia"", ""Hallo Toppers bisa cek DM yak"", ""Warna apa yaaa"", ""Hai para Mantan cuman mau bilang besok hari Senin loh! Btw jangan keburu bete dulu ya Beb. Sambut Senin esok dengan Oreo Cookies and Cream Shake yang akan membuat Seninmu semakin manis Kenangan"", ""Cakepp semangat kakkk""]",False,5,1224,17,False,47
google/gemma-3-4b-it,ruggedness,excitement,hybrid_early,0.3,Posisi booth Consina di Jakarta Fair Kemayoran. Hall D No76. Visit us and get great deal discount,"“Yuk, kunjungi booth Consina di Jakarta Fair Kemayoran, Hall D No 76! Dijamin dapat penawaran spesial dan diskon keren!”",False,5655,4200126,42,"[""Hai Kak Kamu juga dapat menemukan promo Flash sale di halaman profil resto lengkap dengan keterangan kapan promo akan berakhir ya. Tks^ast"", ""PROMO awal minggu dari selalu ada buat nemenin hari-hari kamu! Order sekarang melalui aplikasi yuk!"", ""[PENGUMUMAN ] Selamat untuk pemenang GIVEAWAY tebak kode promo yang dipake Dido & Sekala Cek DM kamu sekarang ya! Mimin tunggu"", ""Hai Kak maaf banget ya. Apabila kamu melakukan transaksi GoFood maka promo yang tersedia tergantung kesediaan promo tiap-tiap merchant ya. Info lengkap mengenai promo yang sedang berlangsung bisa kamu cek di ya. Tks ^ast"", ""Mau ngopi tetap puas dan terap hemat bareng ? Pakai PROMO di bawah yuk! Ada berbagai macam PROMO hemat yang bisa kamu pilih loh! Langsung pesan dan ajak mu ya""]",False,5,1699,36,False,120
google/gemma-3-4b-it,competence,excitement,hybrid_early,0.3,Hai Sobat BRI tidak perlu khawatir. Pesan yang dikirimkan melalui DM akan segera kami respons. Mohon kesediaannya menunggu. Informasi lainnya dapat hubungi Contact BRI 1500017 Sabrina WhatsApp 0812 1214 017 atau akun resmi media sosial BRI yang terverifikasi. Tks~Dena,Hai Sobat BRI maaf banget ya jangan khawatir ya. Yuk sini aku bantu jawab DM kamu ya. Boleh infoin no hp atau WA yang terdaftar supaya bisa aku bantu. Terima kasih -Dena,True,94,4200127,42,"[""Hai kak maaf banget ya kak silakan infokan no hp email yg terdaftar dan screenshot syarat ketentuan promo melalui DM supaya bisa aku bantu cek ya. Tks^feb"", ""Hai Kak maaf banget ya udah bikin kamu telat silakan infokan no order yg berkendala melalui DM supaya bisa aku bantu cek ya. Tks^feb"", ""Hai Kak maaf banget ya tapi jangan khawatir ya. Yuk sini aku bantu cek lebih lanjut dengan infoin ke aku nomor order dan screenshot kendala kamu melalui DM ya. Terima kasih -NSA"", ""Hai Kak maaf banget atas kendala promo aplikasi Gojeknya ya Kak. Boleh informasikan nomor order dan screenshot detail promo yang kamu gunakan via DM ya. Terima kasih^ekw"", ""Hai Kak maaf banget ya tapi jangan khawatir ya. Yuk sini aku bantu cek lebih lanjut dengan infoin ke aku nomor order dan screenshot riwayat transaksi kamu melalui DM ya. Terima kasih -NSA""]",False,5,1948,42,False,169
google/gemma-3-4b-it,competence,excitement,hybrid_early,0.3,Antares Eazy juga mengirimkan notifikasi jika ada aktivitas mencurigakan dan menganalisis pola penggunaan ruang untuk mengoptimalkan area.,"“Antares Eazy juga kasih notif kalau ada aktivitas aneh, plus ngitungin gimana cara pakai ruang biar makin oke ya!”",False,938,4200128,42,"[""Selamat Hari Jumat buat semua !!! Biar makin semangat buat weekend yuk minum di jilid terdekatmu! Ada Es Kopi Susu dengan design yang keren banget loh. Buat yang belum cobain yuk langsung cobain sekarang juga"", ""Hai Kak maaf banget ya udah bikin kamu nggak nyaman. Bisa dibantu infoin nomor dan email kamu yang terdaftar di Gojek dan juga detail top up GoPay kamu via DM buat kami cek?Terima kasih^yb"", ""Hai Kak maaf banget ya udah bikin ngga nyaman. Terkait dengan keluhanmu mohon diinformasikan nomor telepon yang terdaftar dan sertakan screenshot history transaksi GoPay-mu melalui DM agar dapat kami bantu cek ya. Tks^Ari"", ""Hai Kak maaf banget ya udah bikin kamu nggak nyaman. Bisa dibantu infoin nomor dan email kamu yang terdaftar di Gojek dan juga screenshot kendalanya via DM buat kami cek? Terima kasih^yb"", ""Jam segini masih kerja lembur bagai kuda? Tenang meskipun nggak bisa ngelarin kerjaan kamu tetep bisa nemenin kamu! Order sekarang mumpung ada PROMO~""]",False,5,1951,30,False,115
google/gemma-3-4b-it,ruggedness,excitement,hybrid_early,0.3,Min perginya jangang sendiri aja Sini mico temenin,"""Hayo, absen dulu siapa yang udah ngopi bareng hari ini?""",False,5521,4200129,42,"[""Niih mimin ikut lanjutin yaak.. Yuk dengerin kata Pergi kemana-mana ya pake GoRide aja! Cus langsung dicobain dan jangan lupa pake kode promo COBAINGOJEK biar perjalanan kamu makin hemat ya gaees"", ""Jam segini masih kerja lembur bagai kuda? Tenang meskipun nggak bisa ngelarin kerjaan kamu tetep bisa nemenin kamu! Order sekarang mumpung ada PROMO~"", ""PROMO TENGAH MINGGU! Yuk pesen kamu sekarang juga dan tetap aman ngopi :)"", ""Happy weekend Beb! Hari ini jangan lupa beli Kopi Kenangan ya! Biar nggak gabut kuy kita main dulu Kalau kata ini disusun jadi nama menu apa ya? Coba tulis jawaban kamu dengan reply tweet ini dan mention juga temanmu yang lain biar kita main bareng!"", ""Hai ... absen dulu yuk siapa yang udah ngopi bareng hari ini??""]",False,5,1639,18,False,57
google/gemma-3-4b-it,sincerity,excitement,hybrid_early,0.3,nahhh abis ini wishlistnya nambah jadi 5,"""Wahhh, wishlist makin lengkap nih, 5 tambahan! 🔥""",False,2185,4200130,42,"[""Selasa cerita bareng PROMO biar mood bagus seharian buruan order sekarang!"", ""Murah banget sih iniii Ayok buruan jajan lagi mumpung promonya dijamin dapet sampe tgl 11 ini!!! Cek DM kamu dehhh"", ""Semangat kak! Semoga segera ada gantinya"", ""Kecepeten banget yaa kak"", ""Selamat Hari Jumat buat semua !!! Biar makin semangat buat weekend yuk minum di jilid terdekatmu! Ada Es Kopi Susu dengan design yang keren banget loh. Buat yang belum cobain yuk langsung cobain sekarang juga""]",False,5,1361,17,False,50
google/gemma-3-4b-it,sophistication,excitement,hybrid_early,0.3,Enrico Piaggio exclaimed: It looks like a wasp! . So the name of the most famous scooter of the world was born.,"“Eh, beneran kayak lebah gitu ya? Wah, keren banget! Jadi, skuter paling terkenal di dunia, namanya juga Enrico Piaggio! 🎉”",False,3909,4200131,42,"[""Pssttt... ada yang tau punya followers baru yang super super special?? Yuk pantengin terus instagram untuk tau kelanjutannya ya!"", ""Hai Kak maaf banget ya udah bikin kamu nggak nyaman. Bisa dibantu infoin nomor dan email kamu yang terdaftar di Gojek dan juga detail top up GoPay kamu via DM buat kami cek?Terima kasih^yb"", ""Hai Kak maaf banget ya udah bikin kamu nggak nyaman. Bisa dibantu infoin nomor dan email kamu yang terdaftar di Gojek buat kami cek? Terima kasih^yb"", ""Hai Kak maaf ya buat nggak nyaman . Aku udah bantu respon di DM silakan bisa Kamu cek. Trims^sopia"", ""Selamat Hari Senin semangat baru dalam memulai minggu yang baru ya!! Yuk minum dulu bareng mu biar makin semangat dan jangan lupa dapetin Tumbler kece diatas sebelum kehabisan ya masih ada HARGA PROMO loh! Yuk langsung dapetin""]",False,5,1760,35,False,123
google/gemma-3-4b-it,competence,excitement,hybrid_early,0.3,Apapun perannya mari kita bersyukur dan selalu berkontribusi untuk hasil terbaik. Semangat menjalani hari Senin !,"“Yuk, semangat! Apapun yang kita lakukan, mari bersyukur dan berikan yang terbaik ya! Jangan lupa nikmatin PROMO-nya biar makin bersemangat!”",False,913,4200132,42,"[""Selamat Hari Senin semangat baru dalam memulai minggu yang baru ya!! Yuk minum dulu bareng mu biar makin semangat dan jangan lupa dapetin Tumbler kece diatas sebelum kehabisan ya masih ada HARGA PROMO loh! Yuk langsung dapetin"", ""Bersiap untuk menjadi lebih baik di esok hari semua proses belajar yang lakukan hari ini akan menjadi cerita di masa sukses kemudian hari. Tetap semangat dan bersyukur ya!"", ""Kamis anti menangis walaupun dikejar-kejar kerjaan dan deadline bareng PROMO dari yang bikin semangat full terus! Cek harga spesialnya di yuk>>>"", ""Semangat nder biar happy cek Tokopedia Happy Hour pasti diskon 30% mulai dari jam 19.00 WIB aja"", ""siap kembalikan semangatmu hari ini bareng PROMO yang ON terus! Buruan order sekarang~""]",False,5,1696,38,False,141
google/gemma-3-4b-it,sincerity,excitement,hybrid_early,0.3,Hi Beauties Habis libur panjang kemarin siapa yang masih pengen liburan?? Wardah mau ajakin Beauties main this or that nih edisi kangen liburan!,"""Hai Beauties! Udah libur panjang nih, siapa yang kangen jalan-jalan? Wardah mau ajakin kamu main 'this or that' edisi kangen liburan loh!""",False,2404,4200133,42,"[""Hi Beb bikin hari kamu ceria yuk dengan promo Kentjan. Dikit lagi udah mau habis nih kuotanya"", ""Hai para Mantan cuman mau bilang besok hari Senin loh! Btw jangan keburu bete dulu ya Beb. Sambut Senin esok dengan Oreo Cookies and Cream Shake yang akan membuat Seninmu semakin manis Kenangan"", ""Gaeeesss~ Gimana senin paginya? Biar kamu seneng dan tetep hemat nih Mimin spill promo-promo Gojek"", ""Kamis anti menangis walaupun dikejar-kejar kerjaan dan deadline bareng PROMO dari yang bikin semangat full terus! Cek harga spesialnya di yuk>>>"", ""Sore . Lelah bekerja seharian? Bisa banget untuk refresh lagi dengan yang seger. dimana lagi kalau bukan ! PROMO masih bisa kamu nikmati yaaa! order sekarang juga!""]",False,5,1696,43,False,139
google/gemma-3-4b-it,sophistication,excitement,hybrid_early,0.3,Intricately crafted silhouettes and tactile fabrics with immaculate finish present a covetable collection perfect for every special occasion. Discover SAPTO DJOJOKARTIKO One-Off Lunar Collection 2023 now at SAPTO DJOJOKARTIKO Plaza Senayan and Plaza Indonesia,"“Wah, koleksi baru SAPTO DJOJOKARTIKO ini cakep banget! Bikin hari makin spesial yuk buat acara-acara penting. Cus, langsung ke SAPTO DJOJOKARTIKO Plaza Senayan & Plaza Indonesia ya!”",False,4684,4200134,42,"[""Yuhuuu mimin seneng deh kalau bebeb jadi happy gini"", ""[PENGUMUMAN ] Selamat untuk pemenang GIVEAWAY tebak kode promo yang dipake Dido & Sekala Cek DM kamu sekarang ya! Mimin tunggu"", ""Hi Beb bikin hari kamu ceria yuk dengan promo Kentjan. Dikit lagi udah mau habis nih kuotanya"", ""Selamat Hari Senin semangat baru dalam memulai minggu yang baru ya!! Yuk minum dulu bareng mu biar makin semangat dan jangan lupa dapetin Tumbler kece diatas sebelum kehabisan ya masih ada HARGA PROMO loh! Yuk langsung dapetin"", ""Hallo Toppers bisa cek DM yak""]",False,5,1645,51,False,183
google/gemma-3-4b-it,competence,excitement,hybrid_early,0.3,atau melalui fitur Pusat Bantuan pada myBCA mobile. Sebagai informasi terdapat beberapa negara yang tidak dapat mendownload aplikasi haloBCA yaitu: - China - Sudan - Georgia - Iran Tks ^Zaydee,"Hai Kak, maaf banget ya udah bikin gak nyaman. Bisa dibantu infoin nomor dan email terdaftar di BCA, serta screenshot kalau ada ya via DM buat kami cek? Terima kasih^Zaydee",False,1295,4200135,42,"[""Hai Kak maaf banget ya udah bikin kamu nggak nyaman. Bisa dibantu infoin nomor dan email kamu yang terdaftar di Gojek dan juga detail top up GoPay kamu via DM buat kami cek?Terima kasih^yb"", ""Hai Kak maaf jadi bikin gak nyaman ya . Kalo kamu gak bisa pakai voucher tersebut silakan lampirin nomor telepon email dan screenshot kendalanya ke DM ya. Terima kasih^jhn"", ""Hai Kak maaf banget atas kendala promo aplikasi Gojeknya ya Kak. Boleh informasikan nomor telepon dan email terdaftar serta detail voucher yang hilang ya supaya kendala kamu bisa kami cek. Terima kasih^ekw"", ""Hai Kak pasti gak nyaman banget ya jadinya. Kamu bisa infoin nomor telepon dan email yang terdaftar melalui DM ya. Jadi bisa aku bantu cek ya. Terima kasih^jhn"", ""Hai Kak maaf banget ya udah bikin kamu nggak nyaman. Bisa dibantu infoin nomor dan email kamu yang terdaftar di Gojek dan juga screenshot kendalanya via DM buat kami cek? Terima kasih^yb""]",False,5,1962,42,False,172
google/gemma-3-4b-it,sophistication,excitement,hybrid_early,0.3,Call (+6221 7243046) or email us (info.com) today for more details on how to get your,"Hai Kak, maaf ya. Yuk infokan nomor telepon dan screenshot kendala ke DM ya, biar bisa bantu cek lebih lanjut. Terima kasih^feb",False,4839,4200136,42,"[""Hai Kak maaf jadi bikin gak nyaman ya . Kalo kamu gak bisa pakai voucher tersebut silakan lampirin nomor telepon email dan screenshot kendalanya ke DM ya. Terima kasih^jhn"", ""Hai Kak maaf banget ya. Yuk infokan nomor telepon screenshot promo yang kamu makasud dan nomor order via DM agar dapat kami cek ya. Terima kasih^ast"", ""Hai Kak maaf banget ya udah bikin kamu telat silakan infokan no order yg berkendala melalui DM supaya bisa aku bantu cek ya. Tks^feb"", ""Hai Kak maaf banget ya tapi jangan khawatir ya. Yuk sini aku bantu cek lebih lanjut dengan infoin ke aku nomor order dan screenshot kendala kamu melalui DM ya. Terima kasih -NSA"", ""Hai Kak maaf banget ya tapi jangan khawatir ya. Yuk sini aku bantu cek lebih lanjut dengan infoin ke aku nomor order dan screenshot riwayat transaksi kamu melalui DM ya. Terima kasih -NSA""]",False,5,1761,31,False,127
google/gemma-3-4b-it,competence,excitement,hybrid_early,0.3,Hai Sobat BRI mohon maaf atas keterlambatan pencairan dana BSU yang dialami. Kami informasikan BRI hanya sebagai penyalur dana. Silakan melakukan pengecekan secara berkala dan pastikan rekening yang terdaftar aktif. Sobat BRI juga dapat konfirmasi melalui website Kementerian,"Hai Sobat BRI, maaf ya atas keterlambatan BSU yang kamu alami. Yuk, infokan nomor telepon email yang terdaftar dan screenshot detail rekening BRI kamu via DM ya biar bisa kami cek. Terima kasih^ast",False,26,4200137,42,"[""Hai Kak mohon maaf atas kendala yang dialami ya Kak . Silakan informasikan nomor telepon email yang terdaftar Bank yang digunain sama sreenshot bukti top up ke DM agar dapat kami cek ya. Terima kasih^jhn"", ""Hai kak maaf banget ya kak silakan infokan no hp email yg terdaftar dan screenshot kendala pd saat menggunakan promo melalui DM supaya bisa aku bantu cek ya. Tks^feb"", ""Hai Kak maaf ya kamu mengalami ini. Yuk di informasikan nomor telp email bukti transaksi top up nominal top up channel bank tanggal dan jam top up kamu melalui DM agar kami cek dahulu ya. Terima kasih^yni"", ""Halo Kak mohon maaf sudah bikin kakak ga nyaman. Supaya bisa dibantu mengenai laporannya bisa hubungi aku melalui DM nomor order yang dikeluhkan ya dan struk belanjanya. Terima kasih ^yun"", ""Hai Kak jangan khawatir ya. Yuk infokan nomor telepon email yang terdaftar dan screenshot detail history tarik tunai yang kamu lakukan via DM agar dapat kami cek ya. Terima kasih^ast""]",False,5,2077,46,False,197
google/gemma-3-4b-it,sincerity,excitement,hybrid_early,0.3,LUCUWWW,LUCUUUUU banget lagi!,False,2157,4200138,42,"[""Lucu bener ya"", ""Ini lucuuu bagusss kakkk"", ""Hahaha lucu banget lagi"", ""Semangat replynya kak"", ""Ehhh bisa bisanyaa""]",False,5,967,9,False,21
google/gemma-3-4b-it,ruggedness,excitement,hybrid_early,0.3,Hari terakhir! Brand Festival dari yang kasih kamu discount hingga 50%+5%! Pake kode voucher : EIGEFEST4 Hanya berlaku hingga 4-7 November 2023! Masih ada waktu dapetin diskonnya langsung ceki-ceki!,"""HARI TERAKHIR! FESTIVAL DISKON sampai 50%+5%! Pakai kode voucher: EIGEFEST4! Cuma berlaku sampai 4-7 November 2023! Buruan cek, jangan sampai kelewatan!""",False,5223,4200139,42,"[""BESOK ADA YANG CLBK! Harga 2 menu mulai dari harga 30K aja loh! Hemat banget kan? Nantikan besok PROMO nya dan jangan lupa save postingan ini dan bagikan ke mu ya"", ""[PENGUMUMAN ] Selamat untuk pemenang GIVEAWAY tebak kode promo yang dipake Dido & Sekala Cek DM kamu sekarang ya! Mimin tunggu"", ""MENCINTA HARI KEENAM sudah dimulai Ada promo Beli 1 Gratis 1 Hot Thai Tea nih Beb! Jangan lupa promo hanya berlaku via aplikasi Kopi Kenangan"", ""Hari terakhir flash sale! Langsung cek aplikasi kamu dan jangan lewatkan PROMO-nya yuk~"", ""Masih ada PROMO untuk hari ini! Segera cek aplikasi kamu untuk dapatkan promo ini ya!""]",False,5,1660,56,False,154
google/gemma-3-4b-it,competence,excitement,hybrid_early,0.3,- Dinomarket - Tokopedia - Shopee Jika ke cabang dapat membawa e-KTP asli dan bukti kepemilikan rekening (jika sebagai Nasabah BCA). Biaya administrasi kartu Flazz adalah sebesar Rp30.000 - untuk Flazz reguler dan Rp50.000 - untuk Flazz edisi khusus.,"“Gue rekomendasi nih, ke Dinomarket bawa e-KTP asli sama bukti rekening (kalau BCA). Biaya Flazz, kayak reguler Rp30 ribu, terus edisi khusus Rp50 ribu deh.”",False,1463,4200140,42,"[""Semangat nder biar happy cek Tokopedia Happy Hour pasti diskon 30% mulai dari jam 19.00 WIB aja"", ""Sama kaya mau cek Tokopedia Happy Hour pasti diskon 30% mulai dari jam 19.00 WIB eh tiba2 banyak paket berdatangan"", ""Biar semangat dikasih Tokopedia Happy Hour pasti diskon 30% mulai dari jam 19.00 WIB sih"", ""Yang pertama boleh banget nih cek Tokopedia Happy Hour pasti diskon 30% mulai dari jam 19.00 WIB"", ""Jangan dong buat kirim info Tokopedia Happy Hour pasti diskon 30% mulai dari jam 19.00 WIB kak""]",False,5,1598,50,False,157
google/gemma-3-4b-it,ruggedness,excitement,hybrid_early,0.3,Tjakeppp!,Tjaeppp!,False,5281,4200141,42,"[""Hallo Toppers bisa cek DM yak"", ""Hallo Toppers cek DM yak"", ""Siapp banget ini sihh"", ""Tjakep . Sudah beli paketnya belum Beb?"", ""Hy Kak cek DM yak""]",False,5,1000,7,False,8
google/gemma-3-4b-it,competence,excitement,hybrid_early,0.3,Kalau pengen yang lebih santai tapi tetap seru coba Paw Rumble! Bisa main sampai 4 orang dengan misi simpel dan waktu main singkat. Pas banget buat seru-seruan bareng teman tanpa buang waktu.,"""Guys, lagi pengen santai tapi tetep seru? Cobain deh Paw Rumble! Bisa main bareng 4 temen, misi simpel, waktu singkat. Pas banget buat seru-seruan tanpa ribet!""",False,871,4200142,42,"[""Hi Beb bikin hari kamu ceria yuk dengan promo Kentjan. Dikit lagi udah mau habis nih kuotanya"", ""Happy weekend ! disaat masa PSBB saat ini kira-kira apa ya kegiatan yang bisa banget dilakukan untuk tetap menikmati liburan? Share dengan reply tweet ini ya!"", ""Hai Kak maaf banget ya udah bikin kamu nggak nyaman. Bisa dibantu infoin nomor dan email kamu yang terdaftar di Gojek dan juga detail top up GoPay kamu via DM buat kami cek?Terima kasih^yb"", ""Selamat Hari Senin semangat baru dalam memulai minggu yang baru ya!! Yuk minum dulu bareng mu biar makin semangat dan jangan lupa dapetin Tumbler kece diatas sebelum kehabisan ya masih ada HARGA PROMO loh! Yuk langsung dapetin"", ""Pssttt... ada yang tau punya followers baru yang super super special?? Yuk pantengin terus instagram untuk tau kelanjutannya ya!""]",False,5,1845,49,False,161
google/gemma-3-4b-it,sophistication,excitement,hybrid_early,0.3,Hai Bestie mohon maaf atas ketidaknyamananya terkait pengecekan kendala soco poin kamu sudah di follow up via DM ya Bestie apabila ada pertanyaan lebih lanjut bisa menghubungi kami via DM :) (mp),Hai Bestie maaf banget ya buat kamu gak nyaman. Terkait kendala soco poin kamu sudah di follow up via DM ya Bestie apabila ada pertanyaan lebih lanjut bisa menghubungi kami via DM :),False,3567,4200143,42,"[""Hai Kak maaf banget atas kendala promo aplikasi Gojeknya ya Kak. Boleh informasikan nomor telepon dan email terdaftar via DM supaya kendala kamu bisa kami cek. Terima kasih^ekw"", ""Hai Kak maaf banget atas kendala promo aplikasi Gojeknya ya Kak. Boleh informasikan nomor order dan screenshot detail promo yang kamu gunakan via DM ya. Terima kasih^ekw"", ""Hai Kak maaf banget atas kendala promo aplikasi Gojeknya ya Kak. Boleh informasikan nomor telepon dan email terdaftar serta screenshot ketentuan promonya via DM ya supaya kendala kamu bisa kami cek. Terima kasih^ekw"", ""Hai Kak maaf banget atas kendala promo aplikasi Gojeknya ya Kak. Boleh informasikan nomor telepon dan email terdaftar serta screenshot ketentuan promonya via DM supaya kendala kamu bisa kami cek. Terima kasih^ekw"", ""Hai Kak maaf banget ya buat kamu gak nyaman. Terkait kendala kamu mohon informasikan nomor order kamu via DM ya Kak untuk pengecekan. Terima kasih^ekw""]",False,5,1978,40,False,182
google/gemma-3-4b-it,sincerity,excitement,hybrid_early,0.3,Hi Ibu yuk selalu sediakan MILO di rumah dan semoga harapan Ibu dapat terwujud. :),"""Halo Bunda, semoga selalu ada MILO di rumah ya, biar harapan Ibu makin tercapai! 🥰""",False,6111,4200144,42,"[""Selamat Hari Jumat buat semua !!! Biar makin semangat buat weekend yuk minum di jilid terdekatmu! Ada Es Kopi Susu dengan design yang keren banget loh. Buat yang belum cobain yuk langsung cobain sekarang juga"", ""Selamat Hari Senin semangat baru dalam memulai minggu yang baru ya!! Yuk minum dulu bareng mu biar makin semangat dan jangan lupa dapetin Tumbler kece diatas sebelum kehabisan ya masih ada HARGA PROMO loh! Yuk langsung dapetin"", ""Semangat nder biar happy cek Tokopedia Happy Hour pasti diskon 30% mulai dari jam 19.00 WIB aja"", ""Sttt mau jajan tetap hemat? kasih solusinya nih biar ngopi kamu anti boros! Yuk geser postingan diatas. Segera sebarkan info promo ini ke -mu dan jangan sampai kelewatan ya!"", ""Sore . Lelah bekerja seharian? Bisa banget untuk refresh lagi dengan yang seger. dimana lagi kalau bukan ! PROMO masih bisa kamu nikmati yaaa! order sekarang juga!""]",False,5,1808,24,False,84
google/gemma-3-4b-it,sincerity,excitement,hybrid_early,0.3,Pesan segera di Mekdi terdekat atau pesan melalui McDelivery GrabFood GoFood dan ShopeeFood.,“Langsung pesen di Mekdi terdekat atau lewat McDelivery GrabFood GoFood & ShopeeFood yuk! Dijamin cepat & praktis!”,False,1629,4200145,42,"[""Hallo kak order via grabfood/gofood lagi banyak promo loh! Yuk cek sekarang"", ""Pertanyaan tersulit hari ini: : Jajan apa ya nanti siang? Mimin ada rekomendasi buat kamu nih gaes~ Buruan pake GoFood buat beli makanan dan minuman ini"", ""Murah banget sih iniii Ayok buruan jajan lagi mumpung promonya dijamin dapet sampe tgl 11 ini!!! Cek DM kamu dehhh"", ""Jajan juga di Tokopedia Happy Hour pasti diskon 30% mulai dari jam 19.00 WIB gih sekarang"", ""3 hari lagi menuju kolaborasi dan menu baru dalam menyambut bulan Ramadhan! Catat tanggalnya ya 20 April 2020 nanti langsung pesan lewat Gofood dan Grabfood ya dan nikmati DISKONNYA Stay tuned di biar ga ketinggalan info nya ya""]",False,5,1610,33,False,115
google/gemma-3-4b-it,sophistication,excitement,hybrid_early,0.3,Mau memboyong si cantik dgn desain klasik berteknologi modern LXV150ie 3V ini ke rumah?,"""Hayoo Beb, mau bawa pulang si cantik Yamaha LXV150ie 3V ke rumah gak nih? Dijamin makin kece abis!""",False,4186,4200146,42,"[""Mau ngopi tetap puas dan terap hemat bareng ? Pakai PROMO di bawah yuk! Ada berbagai macam PROMO hemat yang bisa kamu pilih loh! Langsung pesan dan ajak mu ya"", ""Gimana persiapan mudiknya nih? Pastiin kalian udah bawa outfit terkeren buat mudik. Bakal bikin penampilan fresh dan bikin tetangga nengok deh"", ""Hai para Mantan bantu mimin dong buat nemuin jalan menuju paket promo BuCin kira-kira lewat mana nih ya Beb? Reply tweet ini dan mention kamu supaya sama-sama nemuin jalannya!"", ""Hi Beb bikin hari kamu ceria yuk dengan promo Kentjan. Dikit lagi udah mau habis nih kuotanya"", ""Sore . Lelah bekerja seharian? Bisa banget untuk refresh lagi dengan yang seger. dimana lagi kalau bukan ! PROMO masih bisa kamu nikmati yaaa! order sekarang juga!""]",False,5,1679,34,False,100
google/gemma-3-4b-it,competence,excitement,hybrid_early,0.3,capture terkait kendalanya melalui DM resmi X(Twitter) yang bercentang emas agar dapat kami bantu cek. Tks ^Hadid,"Hai kak, jangan khawatir ya yuk infokan no hp email yg terdaftar dan screenshot kendala pd saat menggunakan promo melalui DM resmi X(Twitter) yg bercentang emas supaya bisa aku bantu cek ya. Tks ^Hadid",False,1323,4200147,42,"[""Hai kak maaf banget ya kak silakan infokan no hp email yg terdaftar dan screenshot kendala pd saat menggunakan promo melalui DM supaya bisa aku bantu cek ya. Tks^feb"", ""Hai Kak Kamil maaf banget ya Kak silakan infokan no order yg berkendala melalui DM supaya bisa aku bantu cek ya. Tks^feb"", ""Hai Kak maaf banget ya Kak silakan infokan no laporannya supaya bisa aku bantu cek ya. Tks^feb"", ""Hai kak maaf banget ya kak silakan infokan no hp email yg terdaftar dan screenshot syarat ketentuan promo melalui DM supaya bisa aku bantu cek ya. Tks^feb"", ""Hai kak Yara jangan khawatir ya yuk infokan no hp dan email yg terdaftar melalui DM supaya bisa aku bantu cek ya. Tks^feb""]",False,5,1628,48,False,201
google/gemma-3-4b-it,ruggedness,excitement,hybrid_early,0.3,--Selain itu material ringan bernafas dan mudah kering bisa kamu pertimbangkan juga ketika memilih jas hujan teman petualanganmu. Semoga bermanfaat consiners. Request tips? Tulis di kolom komentar ya!!,"“Wah, buat yang mau cari jas hujan buat adventure, material ringan yang bisa napas & cepat kering itu wajib banget ya, guyss! Ada request tips lain? Langsung aja tulis di kolom komentar yaaa!”",False,5541,4200148,42,"[""Sore . Lelah bekerja seharian? Bisa banget untuk refresh lagi dengan yang seger. dimana lagi kalau bukan ! PROMO masih bisa kamu nikmati yaaa! order sekarang juga!"", ""Hi Beb bikin hari kamu ceria yuk dengan promo Kentjan. Dikit lagi udah mau habis nih kuotanya"", ""PROMO awal minggu dari selalu ada buat nemenin hari-hari kamu! Order sekarang melalui aplikasi yuk!"", ""Selamat Hari Jumat buat semua !!! Biar makin semangat buat weekend yuk minum di jilid terdekatmu! Ada Es Kopi Susu dengan design yang keren banget loh. Buat yang belum cobain yuk langsung cobain sekarang juga"", ""Hai Kak maaf banget ya udah bikin kamu nggak nyaman. Bisa dibantu infoin nomor dan email kamu yang terdaftar di Gojek dan juga detail top up GoPay kamu via DM buat kami cek?Terima kasih^yb""]",False,5,1813,46,False,192
google/gemma-3-4b-it,ruggedness,excitement,hybrid_early,0.3,Kualitas dan bahan sama bagusnya consiners beda di kapasitas dan desain aja kok,Hai Kak maaf banget ya udah bikin ngga nyaman. Terkait dengan laporan-mu bisa diinfoin untuk nomor ordernya melalui DM agar dapat kami bantu cek ya. Tks^Ari,False,5467,4200149,42,"[""Halo Kak mohon maaf sudah bikin kakak ga nyaman. Supaya bisa dibantu mengenai laporannya bisa hubungi aku melalui DM nomor order yang dikeluhkan ya dan barang apa yang tertinggal. Terima kasih ^yun"", ""Hai Kak maaf banget ya buat nggak nyaman . Emang lagi ada kendala nih sama sistem buat pembagian hadiahnya . Supaya bisa aku cek boleh info nomor Hp Kamu di DM ya . Trims^sopia"", ""Hai Kak maaf banget ya udah bikin kamu telat silakan infokan no order yg berkendala melalui DM supaya bisa aku bantu cek ya. Tks^feb"", ""Halo Kak mohon maaf sudah bikin kakak ga nyaman. Supaya bisa dibantu mengenai laporannya bisa hubungi aku melalui DM nomor order yang dikeluhkan ya dan nominal yang diminta Mitra. Terima kasih ^yun"", ""Hai Kak maaf banget ya udah bikin ngga nyaman. Terkait dengan laporan-mu bisa diinfoin untuk nomor ordernya melalui DM agar dapat kami bantu cek ya. Tks^Ari""]",False,5,1798,39,False,156
google/gemma-3-4b-it,competence,excitement,hybrid_early,0.3,Guna tindak lanjut mohon kesediaannya membuat laporan sesuai dengan informasi sebelumnya ya. Dengan senang hati rekan kami akan membantu. Tks~Agny,"Hai Kak, mohon maaf sudah buat Kak kecewa. Kalau masih kurang puas dengan pesanan Kak, mohon sampaikan ke DM ya, keluhan Kak akan segera kami tindaklanjuti. Terima kasih -IC",False,4,4200150,42,"[""Halo kak mohon maaf atas ketidaknyamanannya. Apabila kakak kurang puas dengan pesananya mohon untuk sampaikan langsung ke link berikut ya: Kami segera bantu untuk tindaklanjut. Terima kasih"", ""Hai Kak maaf banget ya Kak silakan infokan no laporannya supaya bisa aku bantu cek ya. Tks^feb"", ""Hallo kak mohon maaf sudah buat kakak kecewa. Mohon infokan keluhan kakak pada DM ya kami akan bantu tindaklanjut. Terima kasih"", ""Hai Kak kami mohon maaf sebelumnya. Setelah kami bantu cek untuk laporan kamu saat ini masih ditindaklanjuti oleh tim terkait kami ya kami sarankan mohon menunggu updatenya. Terima kasih -IC"", ""Halo kak mohon maaf sudah buat kakak kecewa. Jika masih kurang puas dengan pesanannya mohon untuk sampaikan pada link berikut ya : Keluhan kakak akan segera kami tindaklanjuti. Terima kasih""]",False,5,1796,46,False,173
google/gemma-3-4b-it,sincerity,excitement,hybrid_early,0.3,Hai Bapak/Ibu saat ini DANCOW FortiGro bubuk rasa stawberry sudah tidak diproduksi kembali ya. Namun saat ini tersedia DANCOW FortiGro Strawberry dengan kemasan UHT yang siap minum,"“Astaga! DANCOW FortiGro Strawberry udah nggak diproduksi lagi nih! Tapi tenang, masih ada kok! Sekarang ada DANCOW FortiGro Strawberry dengan kemasan UHT yang siap langsung minum, buruan cek sekarang!”",False,6029,4200151,42,"[""Selamat Hari Jumat buat semua !!! Biar makin semangat buat weekend yuk minum di jilid terdekatmu! Ada Es Kopi Susu dengan design yang keren banget loh. Buat yang belum cobain yuk langsung cobain sekarang juga"", ""Sttt mau jajan tetap hemat? kasih solusinya nih biar ngopi kamu anti boros! Yuk geser postingan diatas. Segera sebarkan info promo ini ke -mu dan jangan sampai kelewatan ya!"", ""Murah banget sih iniii Ayok buruan jajan lagi mumpung promonya dijamin dapet sampe tgl 11 ini!!! Cek DM kamu dehhh"", ""Hallo kak order via grabfood/gofood lagi banyak promo loh! Yuk cek sekarang"", ""Nikmati hematnya menu dan favorit kamu hari ini dengan menggunakan PROMO DARURAT! Yuuk order sekarang dan sebarkan kabar bahagia ini ke mu ya!""]",False,5,1753,52,False,202
google/gemma-3-4b-it,sophistication,excitement,hybrid_early,0.3,Matching your helmet to your Vespa? Now that s what we call iconic.,"""Helm sepasang buat Vespa kamu? Itu yang disebut ikonik, Be!""",False,3778,4200152,42,"[""Hai Kak maaf banget ya udah bikin kamu nggak nyaman. Bisa dibantu infoin nomor dan email kamu yang terdaftar di Gojek dan juga detail top up GoPay kamu via DM buat kami cek?Terima kasih^yb"", ""[PENGUMUMAN ] Selamat buat para pemenang giveaway Kirim Hampers Pake Gojek~ Ada nama kamu di sini gak? Mimin tunggu data diri kamu di DM ya gaes."", ""Hai Kak maaf banget ya udah bikin kamu nggak nyaman. Bisa dibantu infoin nomor dan email kamu yang terdaftar di Gojek buat kami cek? Terima kasih^yb"", ""Hi Beb bikin hari kamu ceria yuk dengan promo Kentjan. Dikit lagi udah mau habis nih kuotanya"", ""Hai para Mantan bantu mimin dong buat nemuin jalan menuju paket promo BuCin kira-kira lewat mana nih ya Beb? Reply tweet ini dan mention kamu supaya sama-sama nemuin jalannya!""]",False,5,1677,18,False,61
google/gemma-3-4b-it,ruggedness,excitement,hybrid_early,0.3,Coba manifesting Kalau EIgerian bulan ini dapet rezeki mau buat beli produk EIGER apa nih?,"""Yuk manifesting! Kalau buat #EIgerian bulan ini dapet rezeki buat beli produk EIGER, mau yang mana nih?! Cek DM sekarang!""",False,5125,4200153,42,"[""BANYAK PROMO AWAL BULAN!! Siapin dompet buat cek PROMOnya yuk~"", ""[PENGUMUMAN ] Selamat untuk pemenang GIVEAWAY tebak kode promo yang dipake Dido & Sekala Cek DM kamu sekarang ya! Mimin tunggu"", ""[PENGUMUMAN ] Selamat buat kamu yang beruntung menang Giveaway GoCar Cek DM kamu sekarang ya! Mimin tunggu"", ""Sore . Lelah bekerja seharian? Bisa banget untuk refresh lagi dengan yang seger. dimana lagi kalau bukan ! PROMO masih bisa kamu nikmati yaaa! order sekarang juga!"", ""Murah banget sih iniii Ayok buruan jajan lagi mumpung promonya dijamin dapet sampe tgl 11 ini!!! Cek DM kamu dehhh""]",False,5,1522,34,False,123
google/gemma-3-4b-it,competence,excitement,hybrid_early,0.3,Hai Sobat BRI ada ya. Kami lakukan pengecekan wilayah Klaten tersedia mesin digital CS di Kantor Cabang Klaten yang beralamat di Jalan Pemuda Selatan No. 67 Kelurahan Tonggalan Kecamatan Klaten Tengah Kabupaten Klaten Jawa Tengah. Tidak perlu khawatir. Penggantian kartu,"Hai Sobat BRI, ada nih! Kami cek dulu ya buat wilayah Klaten, mesin digital CS udah tersedia di Kantor Cabang Klaten, alamatnya Jalan Pemuda Selatan No. 67 Kelurahan Tonggalan, Kecamatan Klaten Tengah, Kabupaten Klaten, Jawa Tengah. Nggak perlu khawatir soal penggantian kartu ya! ^yun",False,159,4200154,42,"[""Hai Kak maaf banget ya udah bikin nggak nyaman. Mohon untuk konfirmasi kepada pihak Tokopedia atau langsung mengunjungi website terlebih dahulu ya Kak agar dapat segera ditindaklanjuti. Terima kasih^ygb"", ""Hai Kak maaf ya. Mengenai kode promo GOJEKINAJA sudah habis ya. Kami sarankan kamu mencoba kode promo atau menunggu promo lain yang tersedia di Gojek ya. Terima kasih^shl"", ""Hai para Mantan bantu mimin dong buat nemuin jalan menuju paket promo BuCin kira-kira lewat mana nih ya Beb? Reply tweet ini dan mention kamu supaya sama-sama nemuin jalannya!"", ""Hai Kak maaf banget ya tapi jangan khawatir ya. Yuk sini aku bantu cek lebih lanjut dengan infoin ke aku nomor order dan screenshot riwayat transaksi kamu melalui DM ya. Terima kasih -NSA"", ""Halo Kak mohon maaf buat gak nyaman. Aku butuh pengecekan dulu. Boleh infoin data kakak lewat DM cukup nomor telepon dan screenshot transaksinya. Terima kasih ^yun""]",False,5,2028,71,False,285
google/gemma-3-4b-it,competence,excitement,hybrid_early,0.3,lebih suka bekerja di lapangan atau back office?,"“Kerjain kantor atau di lapangan, Beb? Pilih mana aja nih! Ada PROMO menarik buat kamu yang semangat!”",False,916,4200155,42,"[""Jam segini masih kerja lembur bagai kuda? Tenang meskipun nggak bisa ngelarin kerjaan kamu tetep bisa nemenin kamu! Order sekarang mumpung ada PROMO~"", ""Masih awal minggu kepala udah spaneng sama kerjaan yang numpuk nggak kelar-kelar? Ngopi dulu yuk! Ada PROMO dari nih cek kamu ya!"", ""Hai para Mantan saatnya lepas penat dari berbagai aktivitas di Jum'at ini. Kalau disuruh milih mana yang jadi pilihan kamu Beb? Reply tweet ini dan mention teman-temanmu ya Beb!"", ""Awal minggu kerjaan udah numpul? nih ada promo biar kamu melek lagi. Semangat terus ya !"", ""Sore . Lelah bekerja seharian? Bisa banget untuk refresh lagi dengan yang seger. dimana lagi kalau bukan ! PROMO masih bisa kamu nikmati yaaa! order sekarang juga!""]",False,5,1615,27,False,102
google/gemma-3-4b-it,sophistication,excitement,hybrid_early,0.3,Berkumpul bersama keluarga adalah hal terbaik sebelum kembali beraktifitas di esok hari .,"“Santai bentar sama keluarga sebelum balik lagi semangat buat hari esok, yuk! Share dong momen seru kamu!”",False,4096,4200156,42,"[""Happy weekend ! disaat masa PSBB saat ini kira-kira apa ya kegiatan yang bisa banget dilakukan untuk tetap menikmati liburan? Share dengan reply tweet ini ya!"", ""Sore . Lelah bekerja seharian? Bisa banget untuk refresh lagi dengan yang seger. dimana lagi kalau bukan ! PROMO masih bisa kamu nikmati yaaa! order sekarang juga!"", ""Rabu siang kerasa jenuh dan melelahkan?Yuk segarkan dulu harimu bareng PROMO yang bakal bikin mood kamu balik lagi!"", ""Libur sudah didepan mata! Saatnya bersantai sejenak setelah seharian beraktivitas. Yuk nikmati favorit mu :)"", ""Hai para Mantan saatnya lepas penat dari berbagai aktivitas di Jum'at ini. Kalau disuruh milih mana yang jadi pilihan kamu Beb? Reply tweet ini dan mention teman-temanmu ya Beb!""]",False,5,1671,27,False,106
google/gemma-3-4b-it,sophistication,excitement,hybrid_early,0.3,Buat alis & eyeliner : barenbliss - Better Than Magic Eyeliner Sea Makeup - Browshow Eyebrow Trio Kit,"“Buat alis sama eyeliner, Barenbliss - Better Than Magic Eyeliner Sea Makeup, Browshow Eyebrow Trio Kit, wajib punya nih! Dijamin bikin kamu makin kece!”",False,3642,4200157,42,"[""Kamis happy bareng PROMO yang bikin kamu senyum tiap hari! Cek aplikasi kamu sekarang yuk~"", ""Gapapa banget kalo kurang masih banyak warna gelap di Tokopedia"", ""Hai para Mantan cuman mau bilang besok hari Senin loh! Btw jangan keburu bete dulu ya Beb. Sambut Senin esok dengan Oreo Cookies and Cream Shake yang akan membuat Seninmu semakin manis Kenangan"", ""Hari kamis tanggal tiga belas. Senyummu emang terlihat manis tapi kok nggak ikhlas? Duh jangan gitu ya Beb!. Senyum itukan ibadah jadi harus ikhlas ya. Jangan senyum ke gebetan aja yang ikhlas Selamat hari Kamis Para Mantan"", ""Menjelang weekend mood malah amburadul?? Tenang ada PROMO yang bisa bikin kamu hepi lagi! Cek Aplikasi sekarang ya~""]",False,5,1646,42,False,153
google/gemma-3-4b-it,sincerity,excitement,hybrid_early,0.3,Aduh kak gak perlu pusing lagi mikir pengen makan apa. Mimin saranin ngemil Double Choco Pie aja kak,"""Aduh, nggak usah bingung lagi mau ngemil apa beb! Mimin saranin, Double Choco Pie aja yuk~ Dijamin bikin nagih!""",False,1961,4200158,42,"[""Biar nggak bingung siapin menu sarapan besok dari sekarang yuk! Nih kasih kamu PROMO sarapan dan yang bikin semangat seharian~"", ""Selamat Hari Jumat buat semua !!! Biar makin semangat buat weekend yuk minum di jilid terdekatmu! Ada Es Kopi Susu dengan design yang keren banget loh. Buat yang belum cobain yuk langsung cobain sekarang juga"", ""ada yang team ngga suka makan tapi ngemil terus? Karena bentar lagi makan siang dan daripada bingung jadinya kasih saran aja buat beli promo di bawah ini"", ""Hai Kak maaf banget ya Kak udah bikin kamu nggak nyaman. Saat ini promo yang ditawarkan di aplikasi Gojek udah nggak bisa digabung lagi ya Kak. Terima kasih^DW"", ""Happy weekend Beb! Hari ini jangan lupa beli Kopi Kenangan ya! Biar nggak gabut kuy kita main dulu Kalau kata ini disusun jadi nama menu apa ya? Coba tulis jawaban kamu dengan reply tweet ini dan mention juga temanmu yang lain biar kita main bareng!""]",False,5,1856,37,False,113
google/gemma-3-4b-it,competence,excitement,hybrid_early,0.3,Hai Sobat BRI. Mohon maaf atas ketidaknyamanan yang dialami. Kami informasikan asuransi BRIlife tersebut bersifat penawaran saldo akan didebet apabila nasabah menyetujui pada saat penawaran asuransi. Terkait kendala yang disampaikan sudah kami respons melalui mention,"Hai Sobat BRI. Maaf banget ya udah bikin nggak nyaman. Kalau ada kendala terkait penawaran asuransi BRIlife, bisa hubungi aku via DM ya, detail nomor order dan info lengkapnya. Terima kasih ^ygb",False,474,4200159,42,"[""Halo Kak mohon maaf sudah bikin kakak ga nyaman. Supaya bisa dibantu mengenai laporannya bisa hubungi aku melalui DM nomor order yang dikeluhkan ya dan struk belanjanya. Terima kasih ^yun"", ""Hai kak maaf banget ya kak silakan infokan no hp email yg terdaftar dan screenshot kendala pd saat menggunakan promo melalui DM supaya bisa aku bantu cek ya. Tks^feb"", ""Hai Kak maaf banget ya. Apabila kamu melakukan transaksi GoFood maka promo yang tersedia tergantung kesediaan promo tiap-tiap merchant ya. Info lengkap mengenai promo yang sedang berlangsung bisa kamu cek di ya. Tks ^ast"", ""Halo Kak mohon maaf sudah bikin kakak ga nyaman. Supaya bisa dibantu mengenai laporannya bisa hubungi aku melalui DM nomor order yang dikeluhkan ya dan nominal yang diminta Mitra. Terima kasih ^yun"", ""Hai Kak maaf banget ya udah bikin nggak nyaman. Mohon untuk konfirmasi kepada pihak Tokopedia atau langsung mengunjungi website terlebih dahulu ya Kak agar dapat segera ditindaklanjuti. Terima kasih^ygb""]",False,5,2099,50,False,194
google/gemma-3-4b-it,sincerity,excitement,hybrid_early,0.3,Waah boleh juga nih sarannya mimin bantu sampaikan ke tim terkait ya terima kasih,"Hai Kak maaf banget ya, tapi jangan khawatir ya. Yuk sini min bantu sampaikan ke tim terkait ya, terima kasih -Mimin",False,1973,4200160,42,"[""Hai Kak maaf banget ya tapi jangan khawatir ya. Yuk sini aku bantu cek lebih lanjut dengan infoin ke aku nomor order dan screenshot kendala kamu melalui DM ya. Terima kasih -NSA"", ""Hai Kak maaf banget atas kendala promo aplikasi Gojeknya ya Kak. Boleh informasikan nomor order dan screenshot detail promo yang kamu gunakan via DM ya. Terima kasih^ekw"", ""Halo Kak maaf sebelumnya. Supaya keluhan kamu bisa aku bantu cek boleh melengkapi data yang dibutuhkan ya Kak aku sudah bantu info melalui DM. Mohon kesediaanya untuk dilengkapi. Terima kasih ^DW"", ""Hai Kak maaf banget ya udah bikin nggak nyaman. Mohon untuk konfirmasi kepada pihak Tokopedia atau langsung mengunjungi website terlebih dahulu ya Kak agar dapat segera ditindaklanjuti. Terima kasih^ygb"", ""Halo Kak mohon maaf sudah bikin kakak ga nyaman. Supaya bisa dibantu mengenai laporannya bisa hubungi aku melalui DM nomor order yang dikeluhkan ya. Terima kasih ^yun""]",False,5,1851,28,False,116
google/gemma-3-4b-it,ruggedness,excitement,hybrid_early,0.3,Selamat Pagi! Jangan lupa saksikan Romeo + Rinjani 23 April 2015 di Bioskop kesayangan kalian :),"""Hai Para Mantan! Jangan lupa saksikan Romeo + Rinjani 23 April 2015 di Bioskop kesayangan kalian ya! 🎉✨""",False,5770,4200161,42,"[""Selamat Hari Senin semangat baru dalam memulai minggu yang baru ya!! Yuk minum dulu bareng mu biar makin semangat dan jangan lupa dapetin Tumbler kece diatas sebelum kehabisan ya masih ada HARGA PROMO loh! Yuk langsung dapetin"", ""Hai para Mantan cuman mau bilang besok hari Senin loh! Btw jangan keburu bete dulu ya Beb. Sambut Senin esok dengan Oreo Cookies and Cream Shake yang akan membuat Seninmu semakin manis Kenangan"", ""Hai para Mantan bantu mimin dong buat nemuin jalan menuju paket promo BuCin kira-kira lewat mana nih ya Beb? Reply tweet ini dan mention kamu supaya sama-sama nemuin jalannya!"", ""Selamat Hari Jumat buat semua !!! Biar makin semangat buat weekend yuk minum di jilid terdekatmu! Ada Es Kopi Susu dengan design yang keren banget loh. Buat yang belum cobain yuk langsung cobain sekarang juga"", ""[LAST DAY] Hi Para Mantan HARI INI promo terakhir beli harga reguler GRATIS Upsize untuk menu baru loh! Jangan sampai ketinggalan ya! S&K:""]",False,5,1897,38,False,105
google/gemma-3-4b-it,competence,excitement,hybrid_early,0.3,Mohon maaf tidak berlaku tarif khusus relasi Bandung-Tegal pada KA Harina ya. Tarif perjalanannya berlaku normal Kak. Trims.,Hai Kak maaf banget ya Kak silakan infokan no order yg berkendala melalui DM supaya bisa aku bantu cek ya. Tks^feb,False,701,4200162,42,"[""Hai Kak maaf banget ya udah bikin kamu telat silakan infokan no order yg berkendala melalui DM supaya bisa aku bantu cek ya. Tks^feb"", ""Hai kak maaf banget ya kak silakan infokan no hp email yg terdaftar dan screenshot syarat ketentuan promo melalui DM supaya bisa aku bantu cek ya. Tks^feb"", ""Hai Kak maaf banget ya Kak silakan infokan no laporannya supaya bisa aku bantu cek ya. Tks^feb"", ""Hai Kak mohon maaf sebelumnya. Dipastikan kamu tap out di lokasi atau stasiun sesuai yang kamu beli ya. Terima kasih ^DW"", ""Hai Kak Kamil maaf banget ya Kak silakan infokan no order yg berkendala melalui DM supaya bisa aku bantu cek ya. Tks^feb""]",False,5,1605,30,False,114
google/gemma-3-4b-it,ruggedness,excitement,hybrid_early,0.3,Setujuuu!! Mudik aman dan nyaman solusinya,"""Setujuuuu! Buruan yuk buat mudik yang aman dan nyaman, solusinya di sini!""",False,5104,4200163,42,"[""Sttt mau jajan tetap hemat? kasih solusinya nih biar ngopi kamu anti boros! Yuk geser postingan diatas. Segera sebarkan info promo ini ke -mu dan jangan sampai kelewatan ya!"", ""PROMO TENGAH MINGGU! Yuk pesen kamu sekarang juga dan tetap aman ngopi :)"", ""Mau ngopi tetap puas dan terap hemat bareng ? Pakai PROMO di bawah yuk! Ada berbagai macam PROMO hemat yang bisa kamu pilih loh! Langsung pesan dan ajak mu ya"", ""Selamat Hari Jumat buat semua !!! Biar makin semangat buat weekend yuk minum di jilid terdekatmu! Ada Es Kopi Susu dengan design yang keren banget loh. Buat yang belum cobain yuk langsung cobain sekarang juga"", ""Murah banget sih iniii Ayok buruan jajan lagi mumpung promonya dijamin dapet sampe tgl 11 ini!!! Cek DM kamu dehhh""]",False,5,1629,25,False,75
google/gemma-3-4b-it,competence,excitement,hybrid_early,0.3,Selamat siang bisa Kak. Penumpang dapat naik atau turun di stasiun persinggahan selama tidak memperpanjang relasi perjalanan dan KA tersebut berhenti ya. Railmin imbau untuk selalu hati-hati ya terhadap akun penipuan yang mengatasnamakan KAI. Saat ini seluruh akun media,"Halo Kak, maafin banget kalo udah bikin kamu bingung. Soal stasiun persinggahan buat naik/turun, ya, kalo nggak lanjut relasi dan kereta berhenti. Railmin diingetin buat hati-hati sama akun palsu yang nipu nama KAI. Sekarang, semua akun media lagi waspada ya!",False,566,4200164,42,"[""Hai Kak maaf banget ya udah bikin kamu nggak nyaman. Bisa dibantu infoin nomor dan email kamu yang terdaftar di Gojek dan juga detail top up GoPay kamu via DM buat kami cek?Terima kasih^yb"", ""Hai Kak maaf banget ya udah bikin kamu nggak nyaman. Bisa dibantu infoin nomor dan email kamu yang terdaftar di Gojek buat kami cek? Terima kasih^yb"", ""Hai Kak maaf banget ya udah bikin ngga nyaman. Agar dapat kami lakukan pengecekan lebih lanjut bisa diinformasikan nomor telepon yang terdaftar dan serta bukti Top Up kamu melalui DM ya. Tks^Ari"", ""Hai para Mantan bantu mimin dong buat nemuin jalan menuju paket promo BuCin kira-kira lewat mana nih ya Beb? Reply tweet ini dan mention kamu supaya sama-sama nemuin jalannya!"", ""Halo Kak maaf buat kamu jadi ga nyaman. Boleh info ke aku melalui DM apakah kamu memberikan saldo ke pihak driver untuk pembayaran Tol? Terima kasih ^DW""]",False,5,1988,67,False,259
google/gemma-3-4b-it,ruggedness,excitement,hybrid_early,0.3,Lari makin asik pake Consina Fast Run! Ukurannya pas banget di badan nyaman pas dipake plus ada space cukup buat bawa barang kayak baju ganti atau snack! Siap buat lari jauh tanpa ribet!,"“Lari jadi makin seru bareng Consina Fast Run! Ukurannya pas, nyaman dipakai, plus ada tempat buat bawa baju ganti atau snack! Mantap buat lari jauh tanpa ribet, siap siap!”",False,5486,4200165,42,"[""Sore . Lelah bekerja seharian? Bisa banget untuk refresh lagi dengan yang seger. dimana lagi kalau bukan ! PROMO masih bisa kamu nikmati yaaa! order sekarang juga!"", ""Biar nggak bingung siapin menu sarapan besok dari sekarang yuk! Nih kasih kamu PROMO sarapan dan yang bikin semangat seharian~"", ""Lebih hemat bareng PROMO pesan biar kamu hepi terus seharian~ Cek PROMOnya di aplikasi ya!"", ""Jam segini masih kerja lembur bagai kuda? Tenang meskipun nggak bisa ngelarin kerjaan kamu tetep bisa nemenin kamu! Order sekarang mumpung ada PROMO~"", ""Selamat Hari Jumat buat semua !!! Biar makin semangat buat weekend yuk minum di jilid terdekatmu! Ada Es Kopi Susu dengan design yang keren banget loh. Buat yang belum cobain yuk langsung cobain sekarang juga""]",False,5,1783,48,False,173
google/gemma-3-4b-it,competence,excitement,hybrid_early,0.3,Sebagai negara kepulauan peran satelit di Indonesia sendiri sangat penting karena dapat menjangkau daerah-daerah terpencil.,"“Hai Kak, negara kepulauan kita penting banget ya buat satelit, soalnya bisa menjangkau daerah-daerah yang susah dijangkau. Yuk, infoin nomor telepon dan email yang terdaftar ke DM ya, biar aku bantu cek. Terima kasih -NSA”",False,1030,4200166,42,"[""Hai Kak pasti gak nyaman banget ya jadinya. Kamu bisa infoin nomor telepon dan email yang terdaftar melalui DM ya. Jadi bisa aku bantu cek ya. Terima kasih^jhn"", ""Hai Kak maaf jadi bikin gak nyaman ya . Kalo kamu gak bisa pakai voucher tersebut silakan lampirin nomor telepon email dan screenshot kendalanya ke DM ya. Terima kasih^jhn"", ""Hai Kak maaf banget ya tapi jangan khawatir ya. Yuk sini aku bantu cek lebih lanjut dengan infoin ke aku nomor telepon email yang terdaftar dan screenshot melalui DM ya. Terima kasih -NSA"", ""Hayo siapa yang kaya gini? Yuk beb masih sisa beberapa jam lagi untuk kamu bisa nikmatin promo 11.11! Jangan sampai kelewatan ya Beb! Siapa aja nih yang udah beli Kopi Kenangan dengan promo 11.11?"", ""Hai Kak maaf banget ya tapi jangan khawatir ya. Yuk sini aku bantu cek lebih lanjut dengan infoin ke aku nomor telepon email yang terdaftar dan screenshot kendala kamu melalui DM ya. Terima kasih -NSA""]",False,5,1897,59,False,223
google/gemma-3-4b-it,competence,excitement,hybrid_early,0.3,Layanan streaming seperti Netflix juga menggunakan cloud lho. Jadi cloud storage apa saja yang sudah kamu gunakan?,"“Hai Kak, maaf ya kalau udah bikin bingung. Nah, Netflix juga pakai cloud lho, jadi kira-kira cloud storage apa aja yang lagi Kak pake?”",False,1051,4200167,42,"[""Hai Kak maaf banget ya udah bikin kamu nggak nyaman. Bisa dibantu infoin nomor dan email kamu yang terdaftar di Gojek dan juga detail top up GoPay kamu via DM buat kami cek?Terima kasih^yb"", ""Hai Kak maaf ya buat kamu mengalami hal ini. Aku bantu info disarankan untuk melakukan top up saldo GoPay menggunakan channel yang sudah tersedia. Selengkapnya kamu bisa cek link Terima kasih ^DW"", ""Sore . Lelah bekerja seharian? Bisa banget untuk refresh lagi dengan yang seger. dimana lagi kalau bukan ! PROMO masih bisa kamu nikmati yaaa! order sekarang juga!"", ""Hai Kak maaf banget ya Kak udah bikin kamu nggak nyaman. Saat ini promo yang ditawarkan di aplikasi Gojek udah nggak bisa digabung lagi ya Kak. Terima kasih^DW"", ""Hai Kak jadi sudah Upgrade GoPay Plus ya . Kamu bisa infoin nomor laporan kamu ke DM biar bisa aku bantu cek ya. Terima kasih^jhn""]",False,5,1809,35,False,136
google/gemma-3-4b-it,sophistication,excitement,hybrid_early,0.3,The world's finest players are in action at the which marks the start of the 2020 . We support this collection of premium tournaments on the 's International Schedule as part of our long-standing partnership with golf.,"“Wah, keren banget! Turnamen-turnamen paling oke di dunia lagi happening nih, tandai awal 2020! Kita dukung koleksi turnamen premium ini di jadwal internasional golf, sebagai bagian dari kemitraan seru kita yang udah lama. Yuk, semangat!”",False,5016,4200168,42,"[""Selamat kepada: Kamu menjadi pemenang giveaway bareng Tunggu DM dari Mimin untuk data-data yang diperlukan yaa!"", ""Halo !! Udah tau belom ada giveaway 300.000 Jiwa+ Points buat kamu nih. Mau tau caranya? Cek postingan ig yang ini ya!"", ""Hai Kak maaf banget ya tapi jangan khawatir ya. Yuk sini aku bantu cek lebih lanjut dengan infoin ke aku nomor order dan screenshot kendala kamu melalui DM ya. Terima kasih -NSA"", ""Hai Kak maaf banget ya udah bikin kamu nggak nyaman. Bisa dibantu infoin nomor dan email kamu yang terdaftar di Gojek dan juga detail top up GoPay kamu via DM buat kami cek?Terima kasih^yb"", ""Hi Beb bikin hari kamu ceria yuk dengan promo Kentjan. Dikit lagi udah mau habis nih kuotanya""]",False,5,1766,61,False,238
google/gemma-3-4b-it,ruggedness,excitement,hybrid_early,0.3,Day 2 Happy tummy happy trekking,"""Hari 2 perut kenyang happy trekking!""",False,5626,4200169,42,"[""Happy weekend ! disaat masa PSBB saat ini kira-kira apa ya kegiatan yang bisa banget dilakukan untuk tetap menikmati liburan? Share dengan reply tweet ini ya!"", ""Yuhuuu mimin seneng deh kalau bebeb jadi happy gini"", ""Semangat nder biar happy cek Tokopedia Happy Hour pasti diskon 30% mulai dari jam 19.00 WIB aja"", ""Ayooo sekarang bisa happy lagiii"", ""Selamat Hari Senin semangat baru dalam memulai minggu yang baru ya!! Yuk minum dulu bareng mu biar makin semangat dan jangan lupa dapetin Tumbler kece diatas sebelum kehabisan ya masih ada HARGA PROMO loh! Yuk langsung dapetin""]",False,5,1455,12,False,38
google/gemma-3-4b-it,competence,excitement,hybrid_early,0.3,Sebagai informasi saldo mengendap akan dikenakan hanya satu kali saja namun apabila tidak terdapat saldo pada rekening Ibu maka untuk biaya administrasi bulanan dapat diambil dari saldo mengendap tersebut dan apabila terdapat dana masuk kembali maka dana tersebut,"“Hai Kak, info penting nih! Saldo mengendap cuma dipake sekali aja ya. Kl saldo di rekening Ibu kosong, biaya administrasi bulanan bisa diambil dari saldo mengendap. Kalau ada dana masuk lagi, dana itu masuk ke rekening Ibu juga lho!”",False,1352,4200170,42,"[""Hallo kak mohon maaf sebelumnya terkait Cashback akan dikreditkan ke rekening tabungan kakak setiap hari Jumat pada minggu berikutnya ya."", ""HARI TERAKHIR DAPAT CASH BACK 100% Kata siapa kalo ke Jilid nggak ada PROMO? Buat yang mau pesan take away dan langsung di Jilid jangan lupa pakai PROMO yang bikin ngopi kamu hemat banget!"", ""Hai Kak jangan khawatir ya. Yuk infokan nomor telepon email yang terdaftar dan screenshot detail history tarik tunai yang kamu lakukan via DM agar dapat kami cek ya. Terima kasih^ast"", ""Hai Kak mengenai Promo Payday Alfamart Diskon 40% kamu akan mendapatkan benefit apabila sudah sesuai syarat ketentuan promo ya. Info detailnya kamu bisa cek ya. Tks^ast"", ""Hai Kak maaf banget ya saat ini promo yang ditawarkan di aplikasi Gojek sudah tidak bisa digabung lagi ya Kak. Kakak hanya bisa menggunakan satu promo untuk satu transaksi. Tks^Ari""]",False,5,1979,58,False,234
google/gemma-3-4b-it,sincerity,excitement,hybrid_early,0.3,AAA LUCUKKK! makasih mama udah ngenalin wardah,Iniii lucukkkk makasih mamaaa!,False,2171,4200171,42,"[""Beliin ini ajaa kakkk lucu bangettt"", ""Semogaaa yaaa kakk! Semangattt"", ""Iniii kakkk"", ""Semangaaatt kakkk"", ""Semangat terus kakkk""]",False,5,1020,13,False,30
google/gemma-3-4b-it,ruggedness,excitement,hybrid_early,0.3,Cuma ngetes Mimin tuh :(,"“Ih, Mimin sedih banget sih… 🥺”",False,5445,4200172,42,"[""Gaeeesss~ Gimana senin paginya? Biar kamu seneng dan tetep hemat nih Mimin spill promo-promo Gojek"", ""Yuhuuu mimin seneng deh kalau bebeb jadi happy gini"", ""Awal minggu kerjaan udah numpul? nih ada promo biar kamu melek lagi. Semangat terus ya !"", ""MinBeb cuma mau ingetin kalau CLBK masih berlanjut nih Beb! Yuk jangan sampai kehabisan!"", ""Semangat bener nih""]",False,5,1228,14,False,31
google/gemma-3-4b-it,sincerity,excitement,hybrid_early,0.3,Ayo cukupi kebutuhan gizi dan langkah tepat untuk anak-anak kita agar kesehatan fisik pencernaan otak dan emosi Si Kecil bisa tumbuh dan berkembang maksimal! Baca lebih lanjut di,"“Yuk, penuhi kebutuhan nutrisi buat si kecil biar kesehatan badan, pencernaan, otak, sama perasaan makin kuat dan berkembang maksimal! Langsung klik di linknya yaa!”",False,6092,4200173,42,"[""Biar nggak bingung siapin menu sarapan besok dari sekarang yuk! Nih kasih kamu PROMO sarapan dan yang bikin semangat seharian~"", ""Selamat Hari Senin semangat baru dalam memulai minggu yang baru ya!! Yuk minum dulu bareng mu biar makin semangat dan jangan lupa dapetin Tumbler kece diatas sebelum kehabisan ya masih ada HARGA PROMO loh! Yuk langsung dapetin"", ""Selamat Hari Jumat buat semua !!! Biar makin semangat buat weekend yuk minum di jilid terdekatmu! Ada Es Kopi Susu dengan design yang keren banget loh. Buat yang belum cobain yuk langsung cobain sekarang juga"", ""Harus sehat-sehat yaaa harus bahagia kaya ngeliat Tokopedia Happy Hour pasti diskon 30% mulai dari jam 19.00 WIB"", ""Sttt mau jajan tetap hemat? kasih solusinya nih biar ngopi kamu anti boros! Yuk geser postingan diatas. Segera sebarkan info promo ini ke -mu dan jangan sampai kelewatan ya!""]",False,5,1884,40,False,165
google/gemma-3-4b-it,sophistication,excitement,hybrid_early,0.3,Preternatural display of elevated craftwork of this Rimpang patchwork organza outer is just enough coverage to carry you through the humid city days. The earthy timeless set are available at SAPTO DJOJOKARTIKO Plaza Senayan,"“Wah, tampilan luar biasa banget buat outer Rimpang patchwork organza ini! Bikin pede seharian di tengah kota. Set earthy yang timeless ini ada di SAPTO DJOJOKARTIKO Plaza Senayan, yuk langsung cek!”",False,4589,4200174,42,"[""Selamat Hari Jumat buat semua !!! Biar makin semangat buat weekend yuk minum di jilid terdekatmu! Ada Es Kopi Susu dengan design yang keren banget loh. Buat yang belum cobain yuk langsung cobain sekarang juga"", ""Hai Kak maaf banget ya udah bikin kamu nggak nyaman. Bisa dibantu infoin nomor dan email kamu yang terdaftar di Gojek dan juga detail top up GoPay kamu via DM buat kami cek?Terima kasih^yb"", ""Hai Kak maaf banget ya tapi jangan khawatir ya. Yuk sini aku bantu cek lebih lanjut dengan infoin ke aku screenshot keterangan berhasil update GoPay Plus melalui DM ya. Terima kasih -NSA"", ""Selamat Hari Senin semangat baru dalam memulai minggu yang baru ya!! Yuk minum dulu bareng mu biar makin semangat dan jangan lupa dapetin Tumbler kece diatas sebelum kehabisan ya masih ada HARGA PROMO loh! Yuk langsung dapetin"", ""Semangat nder biar happy cek Tokopedia Happy Hour pasti diskon 30% mulai dari jam 19.00 WIB aja""]",False,5,1987,50,False,199
google/gemma-3-4b-it,sincerity,excitement,hybrid_early,0.3,Modal 50 ribuan bisa kenyang BERDUA! Ambil promo I LOVE MONDAY & nikmati 2 PaNas Spesial CUMA Rp50.000 sekarang juga! Temukan promonya di Aplikasi McDonald s dan tukarkan saat dine-in atau takeaway di Self-Order Kiosk Drive Thru dan McDelivery!,"“Gilaaa, murahnyaaaaa! Sekenarnya 50 ribu udah kenyang buat berdua! Cusss, buruan grab promo I LOVE MONDAY! Dapet 2 PaNas Spesial, cuma 50 ribu! Langsung cek McD App ya, tukar di Dine-in, Takeaway, Self-Order, Drive Thru, atau McDelivery!”",False,1735,4200175,42,"[""Sttt mau jajan tetap hemat? kasih solusinya nih biar ngopi kamu anti boros! Yuk geser postingan diatas. Segera sebarkan info promo ini ke -mu dan jangan sampai kelewatan ya!"", ""Mau ngopi tetap puas dan terap hemat bareng ? Pakai PROMO di bawah yuk! Ada berbagai macam PROMO hemat yang bisa kamu pilih loh! Langsung pesan dan ajak mu ya"", ""Selamat Hari Jumat buat semua !!! Biar makin semangat buat weekend yuk minum di jilid terdekatmu! Ada Es Kopi Susu dengan design yang keren banget loh. Buat yang belum cobain yuk langsung cobain sekarang juga"", ""Murah banget sih iniii Ayok buruan jajan lagi mumpung promonya dijamin dapet sampe tgl 11 ini!!! Cek DM kamu dehhh"", ""Lebih hemat ngopi bersama -mu siap kasih PROMO buat kamu hari ini! Yuk segera check PROMO-nya!""]",False,5,1852,82,False,239
google/gemma-3-4b-it,ruggedness,excitement,hybrid_early,0.3,Consina Cloud Series handbag yang cocok banget buat nongkrong atau commuting ringan! Gak hanya itu Handbag ini juga dapat difungsikan sebagai slingbag lho Kira-kira Handbag Consina Cloud Series ini cocok dipakai untuk kemana lagi ya?,"""Wih, Consina Cloud Series handbag ini oke banget buat hangout atau jalan-jalan santai! Selain itu, tas ini juga bisa jadi slingbag lho.  Cocok buat dipake kemana aja nih, hayooo?""",False,5540,4200176,42,"[""Hi Beb bikin hari kamu ceria yuk dengan promo Kentjan. Dikit lagi udah mau habis nih kuotanya"", ""Sore . Lelah bekerja seharian? Bisa banget untuk refresh lagi dengan yang seger. dimana lagi kalau bukan ! PROMO masih bisa kamu nikmati yaaa! order sekarang juga!"", ""Selamat Hari Jumat buat semua !!! Biar makin semangat buat weekend yuk minum di jilid terdekatmu! Ada Es Kopi Susu dengan design yang keren banget loh. Buat yang belum cobain yuk langsung cobain sekarang juga"", ""Hai Kak maaf banget ya udah bikin kamu nggak nyaman. Bisa dibantu infoin nomor dan email kamu yang terdaftar di Gojek dan juga detail top up GoPay kamu via DM buat kami cek?Terima kasih^yb"", ""Lebih hemat bareng PROMO pesan biar kamu hepi terus seharian~ Cek PROMOnya di aplikasi ya!""]",False,5,1836,50,False,180
google/gemma-3-4b-it,sincerity,excitement,hybrid_early,0.3,atau Paket Hemat Double Cheeseburger dan dapetin 1 dari 6 mainan koleksi yang dikemas dalam blind box. Siapa yang udah lengkap koleksinya? Coba komen dong!,"""Gilaa! Paket Double Cheeseburger diskon lagi, plus blind box yang isinya siapa tau! Siapa nih yang udah koleksinya lengkap? Buruan komen dong!""",False,1647,4200177,42,"[""Selamat Hari Jumat buat semua !!! Biar makin semangat buat weekend yuk minum di jilid terdekatmu! Ada Es Kopi Susu dengan design yang keren banget loh. Buat yang belum cobain yuk langsung cobain sekarang juga"", ""Kamis anti menangis walaupun dikejar-kejar kerjaan dan deadline bareng PROMO dari yang bikin semangat full terus! Cek harga spesialnya di yuk>>>"", ""Murah banget sih iniii Ayok buruan jajan lagi mumpung promonya dijamin dapet sampe tgl 11 ini!!! Cek DM kamu dehhh"", ""Sttt mau jajan tetap hemat? kasih solusinya nih biar ngopi kamu anti boros! Yuk geser postingan diatas. Segera sebarkan info promo ini ke -mu dan jangan sampai kelewatan ya!"", ""Nikmati hematnya menu dan favorit kamu hari ini dengan menggunakan PROMO DARURAT! Yuuk order sekarang dan sebarkan kabar bahagia ini ke mu ya!""]",False,5,1797,39,False,144
google/gemma-3-4b-it,sophistication,excitement,hybrid_early,0.3,Vitamin C Serum ini bisa bantu mencerahkan dan mengurangi dark spots dalam 4 minggu* karena diformulasikan dengan: Poncirus Trifoliata Fruit Extract Vitamin C Derivative Niacinamide Panthenol,"“Wih, Vitamin C Serum nih! Bikin kulit cerah & hilangin dark spots dalam 4 minggu loh! Ada Poncirus Trifoliata, Vitamin C, Niacinamide, sama Panthenol-nya, jadi glowing maksimal!”",False,3676,4200178,42,"[""Semangat nder biar happy cek Tokopedia Happy Hour pasti diskon 30% mulai dari jam 19.00 WIB aja"", ""Gaeeesss~ Gimana senin paginya? Biar kamu seneng dan tetep hemat nih Mimin spill promo-promo Gojek"", ""Hai para Mantan cuman mau bilang besok hari Senin loh! Btw jangan keburu bete dulu ya Beb. Sambut Senin esok dengan Oreo Cookies and Cream Shake yang akan membuat Seninmu semakin manis Kenangan"", ""Biar semangat dikasih Tokopedia Happy Hour pasti diskon 30% mulai dari jam 19.00 WIB sih"", ""Sore . Lelah bekerja seharian? Bisa banget untuk refresh lagi dengan yang seger. dimana lagi kalau bukan ! PROMO masih bisa kamu nikmati yaaa! order sekarang juga!""]",False,5,1689,54,False,179
google/gemma-3-4b-it,sophistication,excitement,hybrid_early,0.3,Grab this delicious Kro-Nuts to accompany your cup of coffee this afternoon at !,"“Wih, siang! Lagi ngopi nggak? Biar kamu seneng dan tetep hemat nih, Mimin spill promo-promo Grab ya! Yuk, geser postingan diatas, jangan kelewatan info ini ke -mu!”",False,4391,4200179,42,"[""Gaeeesss~ Gimana senin paginya? Biar kamu seneng dan tetep hemat nih Mimin spill promo-promo Gojek"", ""Hai.. Hai.. Happy Sunday Beb! Mana nih yang udah cobain Milk Tea dari Kopi Kenangan? Kalau udah coba pasti tau banget jawabannya kan Yuk reply tweet ini ya!"", ""Sttt mau jajan tetap hemat? kasih solusinya nih biar ngopi kamu anti boros! Yuk geser postingan diatas. Segera sebarkan info promo ini ke -mu dan jangan sampai kelewatan ya!"", ""Hai Kak maaf banget ya udah bikin kamu nggak nyaman. Bisa dibantu infoin nomor dan email kamu yang terdaftar di Gojek dan juga detail top up GoPay kamu via DM buat kami cek?Terima kasih^yb"", ""Hai para Mantan cuman mau bilang besok hari Senin loh! Btw jangan keburu bete dulu ya Beb. Sambut Senin esok dengan Oreo Cookies and Cream Shake yang akan membuat Seninmu semakin manis Kenangan""]",False,5,1749,51,False,165
google/gemma-3-4b-it,sophistication,excitement,hybrid_early,0.3,Jgn lupa 3S (senyum salam sapa) kl ktm scooterist lainnya ya. Sdh brp Vespa km sapa pagi ini?,"""Pssttt... ada yang udah sapa scooternya hari ini?? Yuk mention orang-orang yang ngga kelewatan!""",False,4182,4200180,42,"[""TWITTER DO YOUR MAGIC Bantu RT yaa !! Pliss bantu temuin bapak driver ojol ini. Dari kemaren belom ketemu juga padahal pengen banget kasih THR buat bapaknya nihhh. Kalo kalian kenal atau ketemu bapaknya langsung info ya!"", ""Hai para Mantan yuk bantu mimin buat temuin jalan menuju Kopi Kenangan ukuran large! Jawab dengan reply tweet ini ya Beb! Btw favoritnya siapa nih Kopi Kenangan ukuran large?"", ""Hai ... absen dulu yuk siapa yang udah ngopi bareng hari ini??"", ""Hai para Mantan yang di 11.11 akan segera hadir loh! Mau tau ada apa? cek terus sosial media kami ya Beb! Yuk mention orang-orang yang supaya ngga kelewatan!"", ""Pssttt... ada yang tau punya followers baru yang super super special?? Yuk pantengin terus instagram untuk tau kelanjutannya ya!""]",False,5,1695,30,False,97
google/gemma-3-4b-it,sophistication,excitement,hybrid_early,0.3,The graphic Tirto Tedjo leitmotif is softened with the use of sheer tulle and subdued palette discover the sleeveless top in-store and online now at,"“Hai guysss~ Penampakan Tirto Tedjo yang lembut nih, pakai tulle tipis dan warna kalem! Langsung cus cek sleeveless top-nya di store atau online ya! Dijamin bikin semangat!”",False,4711,4200181,42,"[""Hari senin kerjaan banyak bikin kepala spaneng dan mumet?? Minum dulu biar kalem lagi! Ada banyak PROMO yang tersedia buat nih~"", ""Biar nggak bingung siapin menu sarapan besok dari sekarang yuk! Nih kasih kamu PROMO sarapan dan yang bikin semangat seharian~"", ""Selamat Hari Jumat buat semua !!! Biar makin semangat buat weekend yuk minum di jilid terdekatmu! Ada Es Kopi Susu dengan design yang keren banget loh. Buat yang belum cobain yuk langsung cobain sekarang juga"", ""Hai Kak maaf banget ya udah bikin kamu nggak nyaman. Bisa dibantu infoin nomor dan email kamu yang terdaftar di Gojek dan juga detail top up GoPay kamu via DM buat kami cek?Terima kasih^yb"", ""Gaeeesss~ Gimana senin paginya? Biar kamu seneng dan tetep hemat nih Mimin spill promo-promo Gojek""]",False,5,1756,45,False,173
google/gemma-3-4b-it,ruggedness,excitement,hybrid_early,0.3,Huaa women series lagend nih,"Huaa women series lagend nih, jadi sering hangout nihh",False,5362,4200182,42,"[""Hallo Toppers bisa cek DM yak"", ""Hallo Toppers cek DM yak"", ""Hai Toppers Silakan cek DM kami ya kak"", ""Semangat replynya kak"", ""Jadi sering hangout nihh""]",False,5,1025,15,False,54
google/gemma-3-4b-it,sophistication,excitement,hybrid_early,0.3,Shop the new Lunar New Year collection at Maison Saptodjojokartiko and Masari,"""Yuk buruan ke Maison Saptodjojokartiko & Masari, koleksi Lunar New Year yang baru keluar! Pasti makin semangat buat merayakan tahun baru!""",False,4821,4200183,42,"[""Selamat Hari Jumat buat semua !!! Biar makin semangat buat weekend yuk minum di jilid terdekatmu! Ada Es Kopi Susu dengan design yang keren banget loh. Buat yang belum cobain yuk langsung cobain sekarang juga"", ""Jam segini masih kerja lembur bagai kuda? Tenang meskipun nggak bisa ngelarin kerjaan kamu tetep bisa nemenin kamu! Order sekarang mumpung ada PROMO~"", ""Selasa cerita bareng PROMO biar mood bagus seharian buruan order sekarang!"", ""Semangat nder biar happy cek Tokopedia Happy Hour pasti diskon 30% mulai dari jam 19.00 WIB aja"", ""Hai para Mantan cuman mau bilang besok hari Senin loh! Btw jangan keburu bete dulu ya Beb. Sambut Senin esok dengan Oreo Cookies and Cream Shake yang akan membuat Seninmu semakin manis Kenangan""]",False,5,1657,39,False,139
google/gemma-3-4b-it,competence,excitement,hybrid_early,0.3,NFC (Near Field Communication) adalah teknologi nirkabel untuk transmisi data antar perangkat dalam jarak dekat.,"Hai Kak, jadi bingung ya soal NFC? Kalau kamu gak bisa pakai voucher ini, bisa kirim nomor telepon email dan screenshot kendala lewat DM ya. Terima kasih^jhn",False,991,4200184,42,"[""Hai Kak maaf jadi bikin gak nyaman ya . Kalo kamu gak bisa pakai voucher tersebut silakan lampirin nomor telepon email dan screenshot kendalanya ke DM ya. Terima kasih^jhn"", ""Hai Kak pasti gak nyaman banget ya jadinya. Kamu bisa infoin nomor telepon dan email yang terdaftar melalui DM ya. Jadi bisa aku bantu cek ya. Terima kasih^jhn"", ""Hai Kak jadi sedih dengernya . Kamu bisa infoin nomor telepon dan email yang terdaftar melalui DM. Biar bisa aku bantu cek ya. Terima kasih^jhn"", ""Hai Kak jadi sedih dengernya . Kamu bisa infoin nomor telepon dan email yang terdaftar melalui DM. Supaya bisa aku bantu cek ya. Terima kasih^jhn"", ""Hai Kak maaf ya jadi bikin kamu ga nyaman Agar dapat kami cek kami mohon kesediaan kamu untuk menginformasikan nomor HP dan email yang terdaftar melalui DM ya Kak. Terima kasih^shl""]",False,5,1771,38,False,157
google/gemma-3-4b-it,sincerity,excitement,hybrid_early,0.3,Happy New Year 2024! Welcoming this year with lots of happiness & joy Udah ada Glowing Plans apa aja nih untuk tahun ini bestie?,"""Happy New Year 2024! 🎉 Yuk rayain bareng bestie, penuh senyum & kebahagiaan! Ada rencana seru buat tahun ini? Share dong di komen!""",False,2030,4200185,42,"[""Selamat Hari Senin semangat baru dalam memulai minggu yang baru ya!! Yuk minum dulu bareng mu biar makin semangat dan jangan lupa dapetin Tumbler kece diatas sebelum kehabisan ya masih ada HARGA PROMO loh! Yuk langsung dapetin"", ""Yuhuuu mimin seneng deh kalau bebeb jadi happy gini"", ""Semangat nder biar happy cek Tokopedia Happy Hour pasti diskon 30% mulai dari jam 19.00 WIB aja"", ""Hi Beb bikin hari kamu ceria yuk dengan promo Kentjan. Dikit lagi udah mau habis nih kuotanya"", ""Happy weekend ! disaat masa PSBB saat ini kira-kira apa ya kegiatan yang bisa banget dilakukan untuk tetap menikmati liburan? Share dengan reply tweet ini ya!""]",False,5,1612,43,False,132
google/gemma-3-4b-it,sincerity,excitement,hybrid_early,0.3,Buat momen kebersamaan keluarga makin seru dengan Paket Family Weekend! Mulai 90 ribuan dapatkan menu bertiga & GRATIS Figur 3D Pahlawan Wanita Indonesia untuk kamu rakit dan mainkan bersama keluarga. Serta scan QR code pada Kartu Pahlawan untuk lihat kisah kepahlawannya.,"“Selamat menikmati momen kebersamaan keluarga dengan Paket Family Weekend yang super seru! Mulai dari 90 ribu, kamu dapet menu bertiga dan GRATIS Figur 3D Pahlawan Wanita Indonesia buat dirakit dan dimainin bareng keluarga. Jangan lupa scan QR code di Kartu Pahlawan buat lihat kisah kepahlawan yang keren!”",False,1840,4200186,42,"[""Merayakan lebaran makin seru bareng promo Pesta Lebaran yang bisa dapetin di aplikasi JIWA+ nih! Yuk ajak teman dan keluargamu untuk berbagi bersama~"", ""Selamat Hari Jumat buat semua !!! Biar makin semangat buat weekend yuk minum di jilid terdekatmu! Ada Es Kopi Susu dengan design yang keren banget loh. Buat yang belum cobain yuk langsung cobain sekarang juga"", ""CUMA 3 HARI AJA Buat memeriahkan hari Kemerdekaan Indonesia Gojek kasih promo spesial Gojek PLUS cuma Rp7.900! Buruan langganan sekarang"", ""Mau ngopi tetap puas dan terap hemat bareng ? Pakai PROMO di bawah yuk! Ada berbagai macam PROMO hemat yang bisa kamu pilih loh! Langsung pesan dan ajak mu ya"", ""Nikmati hematnya menu dan favorit kamu hari ini dengan menggunakan PROMO DARURAT! Yuuk order sekarang dan sebarkan kabar bahagia ini ke mu ya!""]",False,5,1926,76,False,307
google/gemma-3-4b-it,competence,excitement,hybrid_early,0.3,Hai Kak Mut borosnya baterai bisa jadi dipengaruhi oleh aplikasi yang aktif terus di background dan durasi layar menyala terlalu lama. Kakak bisa coba tutup aplikasi yang nggak digunakan pastikan pakai charger original Samsung dan sebisa mungkin hindari penggunaan saat,"Hai Kak, maaf banget ya kalau udah bikin kamu nggak nyaman. Baterai boros bisa karena aplikasi aktif terus di belakang atau layernya menyala lama. Kakak bisa coba tutup aplikasi yang nggak kepake, pakai charger original Samsung, dan sebisa mungkin hindari pakai pas lagi… semangat!^yb",False,524,4200187,42,"[""Hai Kak maaf banget ya udah bikin kamu nggak nyaman. Bisa dibantu infoin nomor dan email kamu yang terdaftar di Gojek dan juga detail top up GoPay kamu via DM buat kami cek?Terima kasih^yb"", ""Hai Kak maaf banget ya tapi jangan khawatir ya. Yuk sini aku bantu cek lebih lanjut dengan infoin ke aku screenshot keterangan berhasil update GoPay Plus melalui DM ya. Terima kasih -NSA"", ""Hai Kak maaf banget ya Kak udah bikin kamu nggak nyaman. Saat ini promo yang ditawarkan di aplikasi Gojek udah nggak bisa digabung lagi ya Kak. Terima kasih^DW"", ""Awal minggu kerjaan udah numpul? nih ada promo biar kamu melek lagi. Semangat terus ya !"", ""Hai Kak maaf banget ya udah bikin kamu nggak nyaman. Saat ini promo yang ditawarkan di aplikasi Gojek udah nggak bisa digabung lagi ya Kak. Kamu hanya bisa menggunakan satu promo untuk satu transaksi. ^yb""]",False,5,1955,64,False,284
google/gemma-3-4b-it,sophistication,excitement,hybrid_early,0.3,Dari ketiga the new Vespa S 125 i-get yang ada di foto ini warna apa yang paling kamu suka?,"""Hai Kak, warna apa yang paling kamu suka dari ketiga Vespa S 125 i-get di foto ini ya?""",False,3892,4200188,42,"[""Hai Kak maaf banget ya udah bikin kamu nggak nyaman. Bisa dibantu infoin nomor dan email kamu yang terdaftar di Gojek dan juga detail top up GoPay kamu via DM buat kami cek?Terima kasih^yb"", ""Ada warna motif baru juga striped teenya. Kita kasih ke yang debut live nanti tanggal 2 ya"", ""Hai Kak maaf banget ya Kak udah bikin kamu nggak nyaman. Saat ini promo yang ditawarkan di aplikasi Gojek udah nggak bisa digabung lagi ya Kak. Terima kasih^DW"", ""Hai para Mantan bantu mimin dong buat nemuin jalan menuju paket promo BuCin kira-kira lewat mana nih ya Beb? Reply tweet ini dan mention kamu supaya sama-sama nemuin jalannya!"", ""Hai Kak tetap nantikan promo menarik kami lainnya ya dan semoga kamu beruntung. Kamu juga bisa cek update promo Gojek di link Semangaaatt!! ^yb""]",False,5,1707,28,False,88
google/gemma-3-4b-it,competence,excitement,hybrid_early,0.3,Hai Sobat BRI mohon maaf atas ketidaknyamanan yang dialami. Kami informasikan layanan Contact BRI 1500017 saat ini normal dan tersedia 7x24 jam. Dikhawatirkan dalam proses antrian pelayanan sehingga belum berhasil terhubung kami sarankan dapat mengulangi kembali beberapa waktu,Hai Sobat BRI maaf banget ya udah bikin kamu telat. Silakan infokan no order yg berkendala melalui DM supaya bisa aku bantu cek ya. Tks^feb,False,172,4200189,42,"[""Hai Kak maaf banget ya udah bikin kamu nggak nyaman. Bisa dibantu infoin nomor dan email kamu yang terdaftar di Gojek dan juga detail top up GoPay kamu via DM buat kami cek?Terima kasih^yb"", ""Hai kak maaf banget ya kak silakan infokan no hp email yg terdaftar dan screenshot kendala pd saat menggunakan promo melalui DM supaya bisa aku bantu cek ya. Tks^feb"", ""Halo Kak mohon maaf sudah bikin kakak ga nyaman. Supaya bisa dibantu mengenai laporannya bisa hubungi aku melalui DM nomor order yang dikeluhkan ya dan struk belanjanya. Terima kasih ^yun"", ""Hai Kak maaf banget atas kendala promo aplikasi Gojeknya ya Kak. Boleh informasikan nomor order dan screenshot detail promo yang kamu gunakan via DM ya. Terima kasih^ekw"", ""Hai Kak maaf banget ya udah bikin kamu telat silakan infokan no order yg berkendala melalui DM supaya bisa aku bantu cek ya. Tks^feb""]",False,5,1979,37,False,139
google/gemma-3-4b-it,ruggedness,excitement,hybrid_early,0.3,Ini penampakan hasilnya pada bahan kain. Terbukti serba guna kan Bro?,"""Wih, cekidot nih guys buat penampakan bahannya! Dijamin serbaguna banget, bro!""",False,5942,4200190,42,"[""Hai Kak maaf banget ya tapi jangan khawatir ya. Yuk sini aku bantu cek lebih lanjut dengan infoin ke aku nomor order dan screenshot riwayat transaksi kamu melalui DM ya. Terima kasih -NSA"", ""Selamat Hari Jumat buat semua !!! Biar makin semangat buat weekend yuk minum di jilid terdekatmu! Ada Es Kopi Susu dengan design yang keren banget loh. Buat yang belum cobain yuk langsung cobain sekarang juga"", ""Hai para Mantan bantu mimin dong buat nemuin jalan menuju paket promo BuCin kira-kira lewat mana nih ya Beb? Reply tweet ini dan mention kamu supaya sama-sama nemuin jalannya!"", ""PROMO awal minggu dari selalu ada buat nemenin hari-hari kamu! Order sekarang melalui aplikasi yuk!"", ""Hai Kak maaf banget ya supaya order kamu sampai lebih cepat sekarang order kamu langsung dimasak oleh merchant & pasti sesuai aplikasi. Karena itu sekarang nggak bisa ubah menu atau dibatalin ya Kak karena merchant sudah langsung memasak makanan kamu. Terima kasih^yb""]",False,5,1866,26,False,80
google/gemma-3-4b-it,ruggedness,excitement,hybrid_early,0.3,Terimakasih Annas!,Terima kasih Annas!,False,5660,4200191,42,"[""Mantap terimakasih ya Beb"", ""Makasih kak"", ""Siap ditunggu kak!"", ""Siap kak! Ditunggu ya"", ""Selamat kepada mendapatkan Saldo Tokopedia spesial Tunggu DMnya ya!!""]",False,5,1022,8,False,19
google/gemma-3-4b-it,sincerity,excitement,hybrid_early,0.3,Mau sarapan praktis? Sausage Wrap aja! Lembutnya tortilla dengan isian sosis ayam scrambled egg dan keju gurih bikin momen sarapanmu makin sempurna. Kebayang kan nikmatnya? Pesan mulai jam 5-11 pagi di McDonald s atau McDelivery. Bisa juga melalui GoFood GrabFood & ShopeeFood,"“Laper dah? Cus cobain Sausage Wrap, isiannya lembut banget kayaknya! Dijamin bikin sarapan makin semangat. Pesan mulai jam 5-11 pagi di McD atau McDelivery, bisa juga lewat GoFood, GrabFood, ShopeeFood, yuk!”",False,1885,4200192,42,"[""Selamat Hari Jumat buat semua !!! Biar makin semangat buat weekend yuk minum di jilid terdekatmu! Ada Es Kopi Susu dengan design yang keren banget loh. Buat yang belum cobain yuk langsung cobain sekarang juga"", ""Udah pada nyiapin bukaan belom gaes? Nih deh Mimin spill menu makanan di GoFood yang enak tapi hemat"", ""Biar nggak bingung siapin menu sarapan besok dari sekarang yuk! Nih kasih kamu PROMO sarapan dan yang bikin semangat seharian~"", ""Kenyang ga? Nelennya bisa sambil cek Tokopedia Happy Hour pasti diskon 30% mulai dari jam 19.00 WIB kok"", ""Jam-jamnya mulai laper tapi ngga mau makan berat? Pesen Marie Regal Shake aja Beb! Siapa yang favoritnya Marie Regal Shake? mention juga teman-teman kamu yang lain ya Beb!""]",False,5,1845,60,False,209
google/gemma-3-4b-it,ruggedness,excitement,hybrid_early,0.3,Pasangan yg pas antara Kangaroo Pocket Tees dan Uno Navy di hari Minggu gini.,"""Minggu ini cocok banget sama combo Kangaroo Pocket Tees dan Uno Navy, bikin makin happy deh!""",False,5943,4200193,42,"[""Bikin hari Rabu jadi makin seru bareng PROMO yang bikin semangat jadi full terus! Pas banget nih buruan order siang ini!"", ""Menjelang weekend mood malah amburadul?? Tenang ada PROMO yang bisa bikin kamu hepi lagi! Cek Aplikasi sekarang ya~"", ""Kamis happy bareng PROMO yang bikin kamu senyum tiap hari! Cek aplikasi kamu sekarang yuk~"", ""Selamat Hari Senin semangat baru dalam memulai minggu yang baru ya!! Yuk minum dulu bareng mu biar makin semangat dan jangan lupa dapetin Tumbler kece diatas sebelum kehabisan ya masih ada HARGA PROMO loh! Yuk langsung dapetin"", ""Lebih hemat bareng PROMO pesan biar kamu hepi terus seharian~ Cek PROMOnya di aplikasi ya!""]",False,5,1579,22,False,94
google/gemma-3-4b-it,sincerity,excitement,hybrid_early,0.3,Kalau lapar berat menyerang udah nggak perlu split bill lagi sama temen! Soalnya ada promo 3 Ayam Krispy McD + 2 Nasi ukuran besar cuma Rp50.000. Yuk tukarkan promonya di McD terdekat dan jangan lupa untuk scan kartu MyM Rewards supaya dapet poinnya!,"""Lapar berat? Gak usah split bill lagi sama temen! Ada promo Ayam Krispy McD 3 + Nasi ukuran besar cuma Rp50.000 nih, gaes~ Buruan tukar di McD terdekat, scan MyM Rewards biar dapet poinnya!""",False,1804,4200194,42,"[""Pas gajian mau pesen bisa tetep hemat pake promo 50% dengan pemesanan melalui shopee food nih. Jangan kelewatan ya!"", ""Pertanyaan tersulit hari ini: : Jajan apa ya nanti siang? Mimin ada rekomendasi buat kamu nih gaes~ Buruan pake GoFood buat beli makanan dan minuman ini"", ""Udah pada nyiapin bukaan belom gaes? Nih deh Mimin spill menu makanan di GoFood yang enak tapi hemat"", ""ada yang team ngga suka makan tapi ngemil terus? Karena bentar lagi makan siang dan daripada bingung jadinya kasih saran aja buat beli promo di bawah ini"", ""Kenyang ga? Nelennya bisa sambil cek Tokopedia Happy Hour pasti diskon 30% mulai dari jam 19.00 WIB kok""]",False,5,1734,63,False,191
google/gemma-3-4b-it,competence,excitement,hybrid_early,0.3,Hai Sobat BRI tidak ya. Kami informasikan saat ini jaringan aplikasi BRImo dalam keadaan normal dan dapat digunakan transaksi. Mohon maaf atas kendala BRImo yang dialami. Guna pengecekan kami sudah mengirimkan pesan melalui DM. Silakan melakukan pengecekan ya. Dapatkan,Hai Sobat BRI maaf banget ya buat kamu kurang nyaman. Mohon informasikan nomor telepon dan email terdaftar via DM supaya kendala kamu bisa kami cek. Terima kasih^ekw,False,58,4200195,42,"[""Hai Kak mohon maaf atas kendala yang dialami ya Kak . Silakan informasikan nomor telepon email yang terdaftar Bank yang digunain sama sreenshot bukti top up ke DM agar dapat kami cek ya. Terima kasih^jhn"", ""Hai kak maaf banget ya kak silakan infokan no hp email yg terdaftar dan screenshot kendala pd saat menggunakan promo melalui DM supaya bisa aku bantu cek ya. Tks^feb"", ""Hai Kak maaf banget atas kendala promo aplikasi Gojeknya ya Kak. Boleh informasikan nomor telepon dan email terdaftar serta detail voucher yang hilang ya supaya kendala kamu bisa kami cek. Terima kasih^ekw"", ""Hai Kak maaf banget atas kendala promo aplikasi Gojeknya ya Kak. Boleh informasikan nomor telepon dan email terdaftar via DM supaya kendala kamu bisa kami cek. Terima kasih^ekw"", ""Hai Kak maaf banget ya buat kamu kurang nyaman. Terkait kendala kamu mohon informasikan nomor telepon dan email terdaftar serta screenshot detail transaksinya ya Kak untuk pengecekan. Terima kasih^ekw""]",False,5,2079,37,False,165
google/gemma-3-4b-it,competence,excitement,hybrid_early,0.3,Selamat siang Kak. Jika yang dimaksud Reduksi lansia berlaku bagi penumpang kereta api jarak jauh berusia tepat 60 tahun atau lebih saat keberangkatan. Penumpang tersebut berhak atas reduksi lansia sebesar 20%. Pemesanan dapat dilakukan melalui aplikasi Access by KAI atau loket,"Hai Kak, maaf banget udah bikin kamu bingung ya. Nah, buat promo Reduksi buat lansia, berlaku buat penumpang kereta api jarak jauh yang umurnya 60 tahun atau lebih pas waktu berangkat. Mereka berhak dapat potongan 20% lho! Pesanannya bisa lewat aplikasi Access by KAI atau langsung di loket, ya! 😊",False,581,4200196,42,"[""[LAST DAY] Hi Para Mantan HARI INI promo terakhir beli harga reguler GRATIS Upsize untuk menu baru loh! Jangan sampai ketinggalan ya! S&K:"", ""Halo kak mohon maaf atas ketidaknyamanannya ya mohon infokan kepada kami foto struk fisik/bukti pembelian via Grabfood tersebut ya dan mohon infokan juga nomor telepon yang dapat dihubungi terima kasih"", ""Hai Kak maaf banget buat Kakak nggak nyaman ya. Yuk infokan nomor order kamu dan nominal uang parkir yang kamu bayarkan kepada mitra kami via DM agar dapat kami cek ya. Terima kasih^ast"", ""Halo Kak mohon maaf sudah bikin kakak ga nyaman. Supaya bisa dibantu mengenai laporannya bisa hubungi aku melalui DM nomor order yang dikeluhkan ya dan struk belanjanya. Terima kasih ^yun"", ""Hai Kak maaf banget ya udah bikin kamu nggak nyaman. Bisa dibantu infoin nomor dan email kamu yang terdaftar di Gojek dan juga detail top up GoPay kamu via DM buat kami cek?Terima kasih^yb""]",False,5,2038,74,False,297
google/gemma-3-4b-it,competence,excitement,hybrid_early,0.3,Hai Sobat BRI. Mohon maaf atas ketidaknyamanan yang dialami. Jika muncul kode respons seperti gambar yang dikirimkan kami sarankan pilih menu Cek Status untuk mengetahui proses pembukaan rekening. Mohon pengecekan kembali secara berkala ya. Kami imbau untuk selalu berhati-hati,"Hai Sobat BRI, maaf banget ya kalau ada kendala. Boleh info no HP dan email terdaftar via DM ya supaya bisa bantu cek. Tks^Ari",False,482,4200197,42,"[""Hai Kak maaf banget atas kendala promo aplikasi Gojeknya ya Kak. Boleh informasikan nomor order dan screenshot detail promo yang kamu gunakan via DM ya. Terima kasih^ekw"", ""Hai Kak maaf banget atas kendala promo aplikasi Gojeknya ya Kak. Boleh informasikan nomor telepon dan email terdaftar via DM supaya kendala kamu bisa kami cek. Terima kasih^ekw"", ""Hai Kak maaf banget ya. Terkait dengan keluhanmu mohon diinformasikan nomor telepon dan email kamu yang terdaftar melalui DM supaya bisa kami bantu cek ya. Tks^Ari"", ""Hai Kak maaf banget atas kendala promo aplikasi Gojeknya ya Kak. Boleh informasikan nomor telepon dan email terdaftar serta detail voucher yang hilang ya supaya kendala kamu bisa kami cek. Terima kasih^ekw"", ""Hai kak maaf banget ya kak silakan infokan no hp email yg terdaftar dan screenshot kendala pd saat menggunakan promo melalui DM supaya bisa aku bantu cek ya. Tks^feb""]",False,5,2016,35,False,126
google/gemma-3-4b-it,sincerity,excitement,hybrid_early,0.3,Pesan menu Prosperity Burger McD dengan Pilihan Hemat untuk Sendiri yang nikmat & hemat! Hanya 46 ribuan aja bisa nikmati kelezatan Prosperity Burger McD dengan pilihan Beef atau Fish dipadu saus Blackpepper khas & irisan bawang bombai. Ditambah Coca-Cola McFloat segar!,"“Buruan pesan Prosperity Burger McD Sendiri yang super hemat! Cuma 46 ribu, udah termasuk Beef atau Fish, saus Blackpepper, irisan bawang bombai, dan Coca-Cola McFloat segerrr! Mumpung promonya berlaku sampe tanggal 11, yuk langsung cek DM!”",False,1875,4200198,42,"[""Nikmati hematnya menu dan favorit kamu hari ini dengan menggunakan PROMO DARURAT! Yuuk order sekarang dan sebarkan kabar bahagia ini ke mu ya!"", ""Selamat Hari Jumat buat semua !!! Biar makin semangat buat weekend yuk minum di jilid terdekatmu! Ada Es Kopi Susu dengan design yang keren banget loh. Buat yang belum cobain yuk langsung cobain sekarang juga"", ""Buat kamu yang lagi dirumah aja udah siapin PROMO DARURAT biar jajan tetap enak dan hemat nih! Yuk langsung serbu PROMO DARURAT dan tetap jajan hemat di rumah aja ya:)"", ""Sttt mau jajan tetap hemat? kasih solusinya nih biar ngopi kamu anti boros! Yuk geser postingan diatas. Segera sebarkan info promo ini ke -mu dan jangan sampai kelewatan ya!"", ""Murah banget sih iniii Ayok buruan jajan lagi mumpung promonya dijamin dapet sampe tgl 11 ini!!! Cek DM kamu dehhh""]",False,5,1935,66,False,241
google/gemma-3-4b-it,competence,excitement,hybrid_early,0.3,Hi kak Rinaldi terkait hal tersebut kami sarankan Kakak berhati-hati dalam memberikan data pribadi seperti foto KTP terutama jika belum yakin dengan sumber atau identitas yang menghubungi. Untuk memastikan apakah itu benar dari Samsung Experience Store dan SOP-nya,Hai Kak Rinaldi maaf banget ya. Tapi jangan khawatir ya. Yuk sini aku bantu cek lebih lanjut dengan infoin ke aku nomor telepon email yang terdaftar dan screenshot detail soal data pribadi yang Kakak berikan melalui DM ya. Terima kasih -NSA,False,552,4200199,42,"[""Hai Kak maaf banget ya tapi jangan khawatir ya. Yuk sini aku bantu cek lebih lanjut dengan infoin ke aku nomor telepon email yang terdaftar dan screenshot bukti transaksi kamu melalui DM ya. Terima kasih -NSA"", ""Hai Kak maaf banget ya udah bikin kamu nggak nyaman. Bisa dibantu infoin nomor dan email kamu yang terdaftar di Gojek dan juga detail top up GoPay kamu via DM buat kami cek?Terima kasih^yb"", ""Hai Kak maaf banget ya udah bikin ngga nyaman. Agar dapat kami lakukan pengecekan lebih lanjut bisa diinformasikan nomor telepon yang terdaftar dan serta bukti Top Up kamu melalui DM ya. Tks^Ari"", ""Hai Kak maaf banget ya tapi jangan khawatir ya. Yuk sini aku bantu cek lebih lanjut dengan infoin ke aku nomor telepon email yang terdaftar dan bukti top up kamu melalui DM ya. Terima kasih -NSA"", ""Hai Kak maaf banget ya tapi jangan khawatir ya. Yuk sini aku bantu cek lebih lanjut dengan infoin ke aku nomor telepon email yang terdaftar dan screenshot syarat ketentuan promo tersebut melalui DM ya. Terima kasih -NSA""]",False,5,2128,52,False,240
google/gemma-3-4b-it,competence,excitement,hybrid_early,0.3,Hai Sobat BRI mohon maaf atas kendala yang dialami. Tidak ya. Kami informasikan saat ini jaringan BRI normal dan bisa digunakan untuk transaksi ya. Terkait kendala yang dialami kami sudah mengirimkan pesan melalui DM. Mohon dilakukan pengecekan ya. Dapatkan informasi terbaru,"Hai Sobat BRI maaf banget ya. Yuk, infokan nomor telepon dan email terdaftar via DM supaya kendala kamu bisa kami cek ya. Terima kasih -NSA",False,257,4200200,42,"[""Hai Kak maaf banget atas kendala promo aplikasi Gojeknya ya Kak. Boleh informasikan nomor telepon dan email terdaftar via DM supaya kendala kamu bisa kami cek. Terima kasih^ekw"", ""Hai Kak maaf banget ya tapi jangan khawatir ya. Yuk sini aku bantu cek lebih lanjut dengan infoin ke aku nomor order dan screenshot kendala kamu melalui DM ya. Terima kasih -NSA"", ""Hai Kak maaf banget ya. Yuk infokan nomor telepon email yang terdaftar dan bukti Top Up via DM kendala via agar dapat kami cek ya. Terima kasih^ast"", ""Hai Kak maaf banget ya buat kamu kurang nyaman. Terkait kendala kamu mohon informasikan nomor telepon dan email terdaftar serta screenshot detail transaksinya ya Kak untuk pengecekan. Terima kasih^ekw"", ""Hai Kak maaf banget ya. Terkait dengan keluhanmu mohon diinformasikan nomor telepon dan email kamu yang terdaftar melalui DM supaya bisa kami bantu cek ya. Tks^Ari""]",False,5,1999,34,False,139
google/gemma-3-4b-it,sophistication,excitement,hybrid_early,0.3,The world is full of wonderful things to discover. Cruise the road captivate all eyes live curiously with Vespa Primavera S Beige Sabbia. Satisfy your curiosity about the new Vespa Primavera S color range! Click the link on bio for more info.,"Wow wow wow dunia penuh hal keren buat dijajal ya Beb! Yuk keliling bareng Vespa Primavera S Beige Sabbia, pasti bikin semua orang melirik! Penasaran sama warna-warna baru Vespa Primavera S? Klik link di bio buat tau lebih banyak yaa! ✨",False,3829,4200201,42,"[""Hai.. Hai.. Happy Sunday Beb! Mana nih yang udah cobain Milk Tea dari Kopi Kenangan? Kalau udah coba pasti tau banget jawabannya kan Yuk reply tweet ini ya!"", ""Selamat kepada mendapatkan hadiah spesial Tiap weekend pokoknya aku bakal bagi-bagi HP jadi pantengin terus ya! TUNGGUIN GIVEAWAY NYA LAGI YA MALAM INI"", ""Hai Kak maaf banget ya udah bikin kamu nggak nyaman. Bisa dibantu infoin nomor dan email kamu yang terdaftar di Gojek dan juga detail top up GoPay kamu via DM buat kami cek?Terima kasih^yb"", ""Hai Kak tetap nantikan promo menarik kami lainnya ya dan semoga kamu beruntung. Kamu juga bisa cek update promo Gojek di link Semangaaatt!! ^yb"", ""Wow wow wow mohon bersabar ya Beb. Dalam waktu dekat ini pasti ada promo kok pantengin terus social media Kopi Kenangan ya""]",False,5,1863,57,False,236
google/gemma-3-4b-it,competence,excitement,hybrid_early,0.3,Baik Kakak bisa datang ke Stasiun KA Antar Kota yang tersedia layanan Customer Service ya. Layanan Customer Service Stasiun Pasarsenen melayani registrasi reduksi setiap hari pukul 05.00-22.30 WIB. Trims.,"“Hai Kak, kamu bisa datang ke Stasiun KA Antar Kota yang ada layanan Customer Servicenya ya. Customer Service Stasiun Pasar Senen melayani registrasi reduksi setiap hari pukul 05.00-22.30 WIB. Thanks!”",False,580,4200202,42,"[""Hai Kak tetap nantikan promo menarik kami lainnya ya dan semoga kamu beruntung. Kamu juga bisa cek update promo Gojek di link Semangaaatt!! ^yb"", ""Hai Kak tetap nantikan promo menarik kami lainnya ya. Kamu juga bisa cek update promo Gojek di link Semangaaatt!! ^yb"", ""Hai Kak kamu melihat promo yang sedang berjalan kamu dapat cek di halaman Promo di aplikasi Gojek kamu ya. Update promo yang sedang berlaku saat ini silakan cek di Tks^ast"", ""Hari Jumat saatnya ke nih! Buat kamu yang ada di Surabaya dan Medan yuk langsung kunjungi jilid diatas dan nikmati PROMONYA ya! Klik link dibawah untuk liat detail promo nya ya"", ""PROMO WEEKEND PICK UP bisa dapatkan dengan order di . Yuk langsung aja ke Jilid terdekat kamu Barista kece sudah menunggu""]",False,5,1793,57,False,201
google/gemma-3-4b-it,ruggedness,excitement,hybrid_early,0.3,Pagi! Jangan lupa ikutan giveaway yaaa Eigerian!,"""[PENGUMUMAN] Selamat buat semua Eigerian yang beruntung ikutan giveaway! Cek DM sekarang ya!""",False,5334,4200203,42,"[""Promo BOSS hari kedua! Buat kamu yang kemarin sudah ikutan hari ini bisa ikutan lagi lho! Yuk download aplikasi Kopi Kenangan dan ikutan promonya"", ""[PENGUMUMAN ] Selamat untuk pemenang GIVEAWAY tebak kode promo yang dipake Dido & Sekala Cek DM kamu sekarang ya! Mimin tunggu"", ""[PENGUMUMAN ] Selamat buat kamu yang beruntung menang Giveaway GoCar Cek DM kamu sekarang ya! Mimin tunggu"", ""Selasa cerita bareng PROMO biar mood bagus seharian buruan order sekarang!"", ""[PENGUMUMAN ] Selamat untuk para pemenang GIVEAWAY GoCar pas lebaran kemarin Cek DM kamu sekarang ya! Mimin tunggu~""]",False,5,1475,29,False,94
google/gemma-3-4b-it,sincerity,excitement,hybrid_early,0.3,Paduannya pasti bisa bikin mood jadi happy lagi yaa kak (),"""Paduannya pasti bisa bikin mood jadi happy lagi yaaa kak!""",False,1949,4200204,42,"[""Yuhuuu mimin seneng deh kalau bebeb jadi happy gini"", ""Hi Beb bikin hari kamu ceria yuk dengan promo Kentjan. Dikit lagi udah mau habis nih kuotanya"", ""Ayooo sekarang bisa happy lagiii"", ""Selain ada juga loh yang siap bikin hari kamu makin semangat"", ""Happy weekend ! disaat masa PSBB saat ini kira-kira apa ya kegiatan yang bisa banget dilakukan untuk tetap menikmati liburan? Share dengan reply tweet ini ya!""]",False,5,1313,16,False,59
google/gemma-3-4b-it,sincerity,excitement,hybrid_early,0.3,Walaupun acaranya di dalam mall tetap ga lupa dongg pakaii sunscreen kalo sunscreen andalan Minty yg inii Wardah Essential Gel Sunscreen Serum,"""Woi Beb! Jangan lupa pake sunscreen dong, terutama Wardah Essential Gel Sunscreen Serum yang udah jadi andalan! Biar tetep glowing meski di mall!""",False,2281,4200205,42,"[""Hai para Mantan cuman mau bilang besok hari Senin loh! Btw jangan keburu bete dulu ya Beb. Sambut Senin esok dengan Oreo Cookies and Cream Shake yang akan membuat Seninmu semakin manis Kenangan"", ""Hi Beb bikin hari kamu ceria yuk dengan promo Kentjan. Dikit lagi udah mau habis nih kuotanya"", ""Cocok banget kalo butuh produk kecantikan dan perawatan tubuh nih di Tokopedia Happy Hour pasti diskon 30% mulai dari jam 19.00 WIB"", ""Biar semangat dikasih Tokopedia Happy Hour pasti diskon 30% mulai dari jam 19.00 WIB sih"", ""Gaeeesss~ Gimana senin paginya? Biar kamu seneng dan tetep hemat nih Mimin spill promo-promo Gojek""]",False,5,1606,36,False,147
google/gemma-3-4b-it,ruggedness,excitement,hybrid_early,0.3,Discover the wonders of nature in style with our outdoor-ready kids' apparel. Let their imaginations run wild as they explore the great outdoors! Click:,"""Wih, guyss! Penasaran kan sama alam? Yuk outfit kece buat anak-anak biar makin semangat eksplor! Klik:""",False,5099,4200206,42,"[""Selamat Hari Senin semangat baru dalam memulai minggu yang baru ya!! Yuk minum dulu bareng mu biar makin semangat dan jangan lupa dapetin Tumbler kece diatas sebelum kehabisan ya masih ada HARGA PROMO loh! Yuk langsung dapetin"", ""CUMA 3 HARI AJA Buat memeriahkan hari Kemerdekaan Indonesia Gojek kasih promo spesial Gojek PLUS cuma Rp7.900! Buruan langganan sekarang"", ""[PENGUMUMAN ] Selamat untuk para pemenang giveaway GOWEEKEND Kirim data diri kamu lewat DM sekarang ya! Jangan lupa~ mimin tungguin"", ""Hai Kak maaf banget ya tapi jangan khawatir ya. Yuk sini aku bantu cek lebih lanjut dengan infoin ke aku nomor order dan screenshot kendala kamu melalui DM ya. Terima kasih -NSA"", ""Gaeeesss~ Gimana senin paginya? Biar kamu seneng dan tetep hemat nih Mimin spill promo-promo Gojek""]",False,5,1781,31,False,104
google/gemma-3-4b-it,sincerity,excitement,hybrid_early,0.3,McDer s ajak si Kecil bermain Kartu Kuartet seri terbaru (aktivitas) yuk! Selain melatih kosentrasinya bisa ciptakan momen kebersamaan bareng keluarga.,"“Yuk, McDer ajak si Kecil main Kartu Kuartet seri terbaru! Seru banget buat ngelatih konsentrasi dan bikin momen kebersamaan bareng keluarga, lho!”",False,1755,4200207,42,"[""Yuk ngopi dulu pakai PROMO ASIK BARENG TEMANSEJIWA biar bisa fokus serta produktif bareng-bareng seharian! Dapatkan PROMO ini dengan mudah dan cepat di Aplikasi pesan antar online ya !"", ""Selamat Hari Jumat buat semua !!! Biar makin semangat buat weekend yuk minum di jilid terdekatmu! Ada Es Kopi Susu dengan design yang keren banget loh. Buat yang belum cobain yuk langsung cobain sekarang juga"", ""Merayakan lebaran makin seru bareng promo Pesta Lebaran yang bisa dapetin di aplikasi JIWA+ nih! Yuk ajak teman dan keluargamu untuk berbagi bersama~"", ""Halo sambil nunggu berbuka puasa mampir Kampung Silaturahmi dan ketemu temen-temen baru yuk! Ada merchandise spesial dan promo menarik juga buat kamu lho. Yakin mau dilewatin?"", ""Happy weekend ! disaat masa PSBB saat ini kira-kira apa ya kegiatan yang bisa banget dilakukan untuk tetap menikmati liburan? Share dengan reply tweet ini ya!""]",False,5,1886,43,False,147
google/gemma-3-4b-it,competence,excitement,hybrid_early,0.3,Apakah Sobat sudah menggunakan salah satu layanan dari NeutraDC untuk menunjang bisnis?,"""Hai Sobat! Pernah pakai layanan NeutraDC buat bisnis kamu? Yuk, langsung cobain sekarang! Dijamin bikin bisnis makin de-nget! Jangan sampai ketinggalan ya!""",False,1083,4200208,42,"[""Sttt mau jajan tetap hemat? kasih solusinya nih biar ngopi kamu anti boros! Yuk geser postingan diatas. Segera sebarkan info promo ini ke -mu dan jangan sampai kelewatan ya!"", ""Mau ngopi tetap puas dan terap hemat bareng ? Pakai PROMO di bawah yuk! Ada berbagai macam PROMO hemat yang bisa kamu pilih loh! Langsung pesan dan ajak mu ya"", ""Hai para Mantan bantu mimin dong buat nemuin jalan menuju paket promo BuCin kira-kira lewat mana nih ya Beb? Reply tweet ini dan mention kamu supaya sama-sama nemuin jalannya!"", ""Hayo siapa yang kaya gini? Yuk beb masih sisa beberapa jam lagi untuk kamu bisa nikmatin promo 11.11! Jangan sampai kelewatan ya Beb! Siapa aja nih yang udah beli Kopi Kenangan dengan promo 11.11?"", ""Selamat Hari Senin semangat baru dalam memulai minggu yang baru ya!! Yuk minum dulu bareng mu biar makin semangat dan jangan lupa dapetin Tumbler kece diatas sebelum kehabisan ya masih ada HARGA PROMO loh! Yuk langsung dapetin""]",False,5,1876,42,False,157
google/gemma-3-4b-it,ruggedness,excitement,hybrid_early,0.3,wah mantap termasuk goa cina banjul mati sama jonggring saloko? : Seru min kita explore 5 pantai dimalang RT : Sel,"""Wih asik banget ini! Go explore ke Goa Cina Banjul sama Jonggrang Saloko nih ya Beb? Seru abis! Yuk malang, kita cus 5 pantai impian! RT : Sel""",False,5800,4200209,42,"[""Hai para Mantan bantu mimin dong buat nemuin jalan menuju paket promo BuCin kira-kira lewat mana nih ya Beb? Reply tweet ini dan mention kamu supaya sama-sama nemuin jalannya!"", ""Murah banget sih iniii Ayok buruan jajan lagi mumpung promonya dijamin dapet sampe tgl 11 ini!!! Cek DM kamu dehhh"", ""Selamat Hari Senin semangat baru dalam memulai minggu yang baru ya!! Yuk minum dulu bareng mu biar makin semangat dan jangan lupa dapetin Tumbler kece diatas sebelum kehabisan ya masih ada HARGA PROMO loh! Yuk langsung dapetin"", ""Niih mimin ikut lanjutin yaak.. Yuk dengerin kata Pergi kemana-mana ya pake GoRide aja! Cus langsung dicobain dan jangan lupa pake kode promo COBAINGOJEK biar perjalanan kamu makin hemat ya gaees"", ""Hayo siapa yang kaya gini? Yuk beb masih sisa beberapa jam lagi untuk kamu bisa nikmatin promo 11.11! Jangan sampai kelewatan ya Beb! Siapa aja nih yang udah beli Kopi Kenangan dengan promo 11.11?""]",False,5,1881,48,False,144
google/gemma-3-4b-it,ruggedness,excitement,hybrid_early,0.3,Custom ordered gun case for Mr. Tommy. Selalu menjadi tanggunganmu untuk nusa. Selamat Hari,[PENGUMUMAN] Selamat buat Bapak Tommy atas custom case pistolnya! Tetaplah menjadi andalan untuk Nusa. Selamat Hari!,False,5843,4200210,42,"[""[LAST DAY] Hi Para Mantan HARI INI promo terakhir beli harga reguler GRATIS Upsize untuk menu baru loh! Jangan sampai ketinggalan ya! S&K:"", ""Hai Kak maaf banget ya udah bikin kamu nggak nyaman. Bisa dibantu infoin nomor dan email kamu yang terdaftar di Gojek dan juga detail top up GoPay kamu via DM buat kami cek?Terima kasih^yb"", ""[PENGUMUMAN ] Selamat untuk para pemenang GIVEAWAY GoCar pas lebaran kemarin Cek DM kamu sekarang ya! Mimin tunggu~"", ""[PENGUMUMAN ] Mimin mau ucapin selamat buat Kamu mendapatkan masing-masing GoPay sebesar 500ribu! Segera kirimkan data diri lewat DM Tunggu keseruan lain dari Gojek ya ges~"", ""[PENGUMUMAN ] Selamat untuk para pemenang giveaway GOWEEKEND Kirim data diri kamu lewat DM sekarang ya! Jangan lupa~ mimin tungguin""]",False,5,1696,30,False,116
google/gemma-3-4b-it,sophistication,excitement,hybrid_early,0.3,A 2012 Laureate Arun Krishnamurthy is devoted to fighting the effects of pollution and climate change on India s lakes. The Environmentalist Foundation of India he set up in 2007 has helped rehabilitate 164 waterbodies. More,"“Wah, keren banget yaaa! Arun Krishnamurthy, Laureate 2012, lagi semangat banget ngadepin masalah polusi dan perubahan iklim buat India, khususnya soal danau-danau! Environmentalist Foundation of India yang dia bikin di 2007 udah bantu puluhan airbody (164!) buat diselamatkan. Keren abis!”",False,4995,4200211,42,"[""Selamat Hari Senin semangat baru dalam memulai minggu yang baru ya!! Yuk minum dulu bareng mu biar makin semangat dan jangan lupa dapetin Tumbler kece diatas sebelum kehabisan ya masih ada HARGA PROMO loh! Yuk langsung dapetin"", ""Hai Kak maaf banget ya udah bikin kamu nggak nyaman. Bisa dibantu infoin nomor dan email kamu yang terdaftar di Gojek dan juga detail top up GoPay kamu via DM buat kami cek?Terima kasih^yb"", ""Hai para Mantan bantu mimin dong buat nemuin jalan menuju paket promo BuCin kira-kira lewat mana nih ya Beb? Reply tweet ini dan mention kamu supaya sama-sama nemuin jalannya!"", ""Yuhuuu mimin seneng deh kalau bebeb jadi happy gini"", ""[LAST DAY] Hi Para Mantan HARI INI promo terakhir beli harga reguler GRATIS Upsize untuk menu baru loh! Jangan sampai ketinggalan ya! S&K:""]",False,5,1863,82,False,290
google/gemma-3-4b-it,sincerity,excitement,hybrid_early,0.3,Saran dari kamu nanti mimin sampaikan ke tim yah,"""Halo kak, saran kamu nanti mimin sampaikan ke tim ya.""",False,1990,4200212,42,"[""Hai Kak maaf banget ya tapi jangan khawatir ya. Yuk sini aku bantu cek lebih lanjut dengan infoin ke aku nomor order dan screenshot kendala kamu melalui DM ya. Terima kasih -NSA"", ""Hi kak sudah kami respon ya. Cek DM kamu yuk"", ""Hallo kak mohon maaf sudah buat kakak kecewa. Mohon infokan keluhan kakak pada DM ya kak kami akan bantu untuk tindaklanjut"", ""Mohon maaf ya Beb atas ketidaknyamanannya. Saran dari kamu akan kami teruskan ke tim terkait"", ""hallo kak mohon maaf sudah buat kakak kecewa. Mohon infokan keluhan kakak pada DM ya kami akan bantu tindaklanjut""]",False,5,1458,17,False,55
google/gemma-3-4b-it,sophistication,excitement,hybrid_early,0.3,Congratulations to both and on winning the tournament at Indian Wells. Iga claimed her 5th WTA title and becomes the World No. 2 while Taylor won his first ATP Masters 1000 title.,"""Yeay! Selamat buat kalian berdua udah menang turnamen di Indian Wells! Iga dapet gelar juara ke-5 WTA dan sekarang jadi No. 2 dunia, keren abis! Taylor juga menang juara pertama ATP Masters 1000, gokil! 🎉""",False,4997,4200213,42,"[""Hai Kak maaf banget ya udah bikin kamu nggak nyaman. Bisa dibantu infoin nomor dan email kamu yang terdaftar di Gojek dan juga detail top up GoPay kamu via DM buat kami cek?Terima kasih^yb"", ""Selamat kepada mendapatkan hadiah spesial Tiap weekend pokoknya aku bakal bagi-bagi HP jadi pantengin terus ya! TUNGGUIN GIVEAWAY NYA LAGI YA MALAM INI"", ""[PENGUMUMAN ] Mimin mau ucapin selamat buat Kamu mendapatkan masing-masing GoPay sebesar 500ribu! Segera kirimkan data diri lewat DM Tunggu keseruan lain dari Gojek ya ges~"", ""Hai para Mantan bantu mimin dong buat nemuin jalan menuju paket promo BuCin kira-kira lewat mana nih ya Beb? Reply tweet ini dan mention kamu supaya sama-sama nemuin jalannya!"", ""[LAST DAY] Hi Para Mantan HARI INI promo terakhir beli harga reguler GRATIS Upsize untuk menu baru loh! Jangan sampai ketinggalan ya! S&K:""]",False,5,1864,61,False,206
google/gemma-3-4b-it,sophistication,excitement,hybrid_early,0.3,Yoga classes with internationally trained and certified instructors that suit all schedules at . Call 2523456 for your spot!,"""Yoga bareng instruktur keren dari luar negeri, cocok buat semua jadwal di [Situs Web]. Buruan hub 2523456 buat dapetin tempatmu!""",False,4457,4200214,42,"[""Semangat nder biar happy cek Tokopedia Happy Hour pasti diskon 30% mulai dari jam 19.00 WIB aja"", ""Selamat Hari Senin semangat baru dalam memulai minggu yang baru ya!! Yuk minum dulu bareng mu biar makin semangat dan jangan lupa dapetin Tumbler kece diatas sebelum kehabisan ya masih ada HARGA PROMO loh! Yuk langsung dapetin"", ""Definisi Jumat Berkah banget yaaa Seneng deh dengernya ayo buat yang mau juga ikutan giveaway spesial Tokopedia Happy Hour tiap Jumat-Senin jam 7 malam ya"", ""Hai Kak maaf banget ya udah bikin kamu nggak nyaman. Bisa dibantu infoin nomor dan email kamu yang terdaftar di Gojek dan juga detail top up GoPay kamu via DM buat kami cek?Terima kasih^yb"", ""Biar semangat dikasih Tokopedia Happy Hour pasti diskon 30% mulai dari jam 19.00 WIB sih""]",False,5,1736,40,False,130
google/gemma-3-4b-it,competence,excitement,hybrid_early,0.3,4. Buat BCA ID Password BCA ID dan input email setelah itu pilih Lanjut 5. Masukkan nomor kartu ATM lalu pilih Lanjut 6. Menyetujui syarat dan ketentuan BCA ID dan myBCA lalu pilih Lanjut,"Hai Kak, yuk lanjutin ya. Pastikan sudah login dengan benar, baru bisa langsung pakai voucher nya. Terima kasih -M",False,1559,4200215,42,"[""Hai Kak maaf banget ya tapi jangan khawatir ya. Yuk sini aku bantu cek lebih lanjut dengan infoin ke aku nomor telepon email yang terdaftar dan masa berlaku kartu yang akan didaftarkan melalui DM ya. Terima kasih -NSA"", ""Hai Kak maaf banget ya tapi jangan khawatir ya. Yuk sini aku bantu cek lebih lanjut dengan infoin ke aku nomor telepon email yang terdaftar dan masa berlaku kartu kamu melalui DM ya. Terima kasih -NSA"", ""Hai Kak maaf ya kamu mengalami ini. Yuk di informasikan nomor telp email bukti transaksi top up nominal top up channel bank tanggal dan jam top up kamu melalui DM agar kami cek dahulu ya. Terima kasih^yni"", ""Hai Kak maaf banget ya tapi jangan khawatir ya. Yuk sini aku bantu cek lebih lanjut dengan infoin ke aku nomor telepon email yang terdaftar dan screenshot syarat ketentuan promo tersebut melalui DM ya. Terima kasih -NSA"", ""Hi Beb pastikan kamu sudah log in dengan benar jika sudah maka kamu sudah bisa langsung menggunakan voucher mencinta nya . Terima Kasih -M""]",False,5,2026,27,False,114
google/gemma-3-4b-it,competence,excitement,hybrid_early,0.3,Selamat malam Kak. Guna Railmin cek Kakak perjalanan dari dan menuju stasiun mana? Railmin imbau untuk selalu hati-hati ya terhadap akun penipuan yang mengatasnamakan KAI. Saat ini seluruh akun media sosial KAI121 sudah terverifikasi. Mohon abaikan jika ada balasan dari,Hai Kak maaf banget ya udah bikin nggak nyaman. Bisa dibantu infoin stasiun dari dan menuju tempat perjalanan Kak? Railmin mohon hati-hati ya terhadap akun penipuan yang mengatasnamakan KAI. Saat ini seluruh akun media sosial KAI121 sudah terverifikasi. Mohon abaikan jika ada balasan dari -NSA,False,772,4200216,42,"[""Hai Kak maaf banget ya tapi jangan khawatir ya. Yuk sini aku bantu cek lebih lanjut dengan infoin ke aku nomor telepon email yang terdaftar dan masa berlaku kartu kamu melalui DM ya. Terima kasih -NSA"", ""Hai Kak maaf banget ya tapi jangan khawatir ya. Yuk sini aku bantu cek lebih lanjut dengan infoin ke aku nomor telepon email yang terdaftar dan masa berlaku kartu yang akan didaftarkan melalui DM ya. Terima kasih -NSA"", ""Hai Kak maaf banget ya udah bikin kamu nggak nyaman. Bisa dibantu infoin nomor dan email kamu yang terdaftar di Gojek dan juga detail top up GoPay kamu via DM buat kami cek?Terima kasih^yb"", ""Hai para Mantan bantu mimin dong buat nemuin jalan menuju paket promo BuCin kira-kira lewat mana nih ya Beb? Reply tweet ini dan mention kamu supaya sama-sama nemuin jalannya!"", ""Hai Kak maaf banget ya udah bikin nggak nyaman. Mohon untuk konfirmasi kepada pihak Tokopedia atau langsung mengunjungi website terlebih dahulu ya Kak agar dapat segera ditindaklanjuti. Terima kasih^ygb""]",False,5,2113,73,False,294
google/gemma-3-4b-it,competence,excitement,hybrid_early,0.3,Selamat malam Kak. Tersedia tarif khusus pada perjalanan rute Surabaya Gubeng-Mojokerto dengan KA Bima Argo Semeru Wijayakusuma Logawa sebesar 95 ribu (Eksekutif) & 70 ribu (Ekonomi). Pemesanan tiket dengan tarif khusus bisa dilakukan mulai 2 jam sebelum keberangkatan melalui,"Hai Kak, maaf banget ya udah bikin nggak nyaman. Ada info tarif khusus buat perjalanan Surabaya Gubeng-Mojokerto dengan KA Bima Argo Semeru Wijayakusuma Logawa, yaitu 95 ribu (Eksekutif) & 70 ribu (Ekonomi). Pemesanan tiket dengan tarif khusus bisa mulai 2 jam sebelum keberangkatan via…^Ari",True,794,4200217,42,"[""Hai Kak maaf banget ya udah bikin kamu nggak nyaman. Bisa dibantu infoin nomor dan email kamu yang terdaftar di Gojek dan juga detail top up GoPay kamu via DM buat kami cek?Terima kasih^yb"", ""Hai Kak maaf banget ya udah bikin ngga nyaman. Agar dapat kami lakukan pengecekan lebih lanjut bisa diinformasikan nomor telepon yang terdaftar dan serta bukti Top Up kamu melalui DM ya. Tks^Ari"", ""Hai Kak maaf banget buat Kakak nggak nyaman ya. Yuk infokan nomor order kamu dan nominal uang parkir yang kamu bayarkan kepada mitra kami via DM agar dapat kami cek ya. Terima kasih^ast"", ""Hai Kak mohon maaf sebelumnya. Mohon infokan nomor telepon dan email yang terdaftar pada akun Gojek kamu serta bukti Top Up melalui DM agar kamu dapat proses lebih lanjut ya. Terima kasih^Aln"", ""Hai Kak maaf banget ya udah bikin kamu nggak nyaman. Bisa dibantu infoin nomor dan email kamu yang terdaftar di Gojek buat kami cek? Terima kasih^yb""]",False,5,2043,79,False,291
google/gemma-3-4b-it,sophistication,excitement,hybrid_early,0.3,Let the magnified bow details be the center of attention. Contact our Client Advisor for more details on the Flamb-colored embroidered Sitta heels,"""Yuk, intip detail pita berbesaran yang jadi bintang! Hubungi Client Advisor kami buat tau lebih banyak soal heels Sitta bermotif flamboyan yang dihias bordir.""",False,4654,4200218,42,"[""Hai Kak maaf banget ya udah bikin kamu nggak nyaman. Bisa dibantu infoin nomor dan email kamu yang terdaftar di Gojek dan juga detail top up GoPay kamu via DM buat kami cek?Terima kasih^yb"", ""Happy weekend ! disaat masa PSBB saat ini kira-kira apa ya kegiatan yang bisa banget dilakukan untuk tetap menikmati liburan? Share dengan reply tweet ini ya!"", ""[LAST DAY] Hi Para Mantan HARI INI promo terakhir beli harga reguler GRATIS Upsize untuk menu baru loh! Jangan sampai ketinggalan ya! S&K:"", ""Hai Kak maaf banget ya udah bikin ngga nyaman. Agar dapat kami lakukan pengecekan lebih lanjut bisa diinformasikan nomor telepon yang terdaftar dan serta bukti Top Up kamu melalui DM ya. Tks^Ari"", ""Semangat nder biar happy cek Tokopedia Happy Hour pasti diskon 30% mulai dari jam 19.00 WIB aja""]",False,5,1780,41,False,160
google/gemma-3-4b-it,sophistication,excitement,hybrid_early,0.3,New Vespa Primavera 150 dilengkapi dengan fitur i-get dan ABS. Rimnya jadi lebih besar menjadi 12 inch sehingga ground clearancenya lebih tinggi. Speedometernya juga kece jadi pengen punya nih di garasinya setuju nggak?,"""Eh Beb, Vespa Primavera 150 udah punya i-get dan ABS loh! Rimnya jadi 12 inch, lebih tinggi juga gitu. Speedometernya juga makin kenceng, pengen punya di garasi nih, setuju gak?""",False,4025,4200219,42,"[""Hai Kak maaf banget ya udah bikin kamu nggak nyaman. Bisa dibantu infoin nomor dan email kamu yang terdaftar di Gojek dan juga detail top up GoPay kamu via DM buat kami cek?Terima kasih^yb"", ""Hi Beb bikin hari kamu ceria yuk dengan promo Kentjan. Dikit lagi udah mau habis nih kuotanya"", ""Hai Kak jadi sudah Upgrade GoPay Plus ya . Kamu bisa infoin nomor laporan kamu ke DM biar bisa aku bantu cek ya. Terima kasih^jhn"", ""Yuk diserbu yuk! Buat yang kemarin belum kebagian nih MinBeb kasih promo CLBK sampe tanggal 15 Desember pula! Psst kuota harian terbatas ya"", ""Hai Kak maaf banget ya tapi jangan khawatir ya. Yuk sini aku bantu cek lebih lanjut dengan infoin ke aku screenshot keterangan berhasil update GoPay Plus melalui DM ya. Terima kasih -NSA""]",False,5,1815,57,False,179
google/gemma-3-4b-it,sophistication,excitement,hybrid_early,0.3,From intricately detailed handbags to comfortable yet charming footwear got you covered. Visit SAPTO DJOJOKARTIKO Plaza Senayan to discover your favourite SAPTOJO accessories,"""Hai Kak! Ada tas cantik atau sepatu nyaman buat kamu? Yuk, ke SAPTO DJOJOKARTIKO Plaza Senayan buat nemuin aksesoris SAPTOJO favoritmu! ✨""",False,4592,4200220,42,"[""Hai Kak maaf banget ya udah bikin kamu nggak nyaman. Bisa dibantu infoin nomor dan email kamu yang terdaftar di Gojek dan juga detail top up GoPay kamu via DM buat kami cek?Terima kasih^yb"", ""Yuhuuu mimin seneng deh kalau bebeb jadi happy gini"", ""Hai para Mantan bantu mimin dong buat nemuin jalan menuju paket promo BuCin kira-kira lewat mana nih ya Beb? Reply tweet ini dan mention kamu supaya sama-sama nemuin jalannya!"", ""Hai Kak maaf banget ya udah bikin kamu nggak nyaman. Bisa dibantu infoin nomor dan email kamu yang terdaftar di Gojek dan juga screenshot kendalanya via DM buat kami cek? Terima kasih^yb"", ""Hai Kak maaf banget ya udah bikin kamu nggak nyaman. Bisa dibantu infoin nomor dan email kamu yang terdaftar di Gojek buat kami cek? Terima kasih^yb""]",False,5,1783,42,False,139
google/gemma-3-4b-it,sophistication,excitement,hybrid_early,0.3,RT : Sommelier Four Seasons Jakarta Juara Indonesian... - Detikcom,"""Wih, Sommelier Four Seasons Jakarta menang lomba Indonesian keren banget! Lo wajib tau nih, brooo""",False,4490,4200221,42,"[""Gaeeesss~ Gimana senin paginya? Biar kamu seneng dan tetep hemat nih Mimin spill promo-promo Gojek"", ""Kenyang ga? Nelennya bisa sambil cek Tokopedia Happy Hour pasti diskon 30% mulai dari jam 19.00 WIB kok"", ""Semangat nder biar happy cek Tokopedia Happy Hour pasti diskon 30% mulai dari jam 19.00 WIB aja"", ""Hallo kak order via grabfood/gofood lagi banyak promo loh! Yuk cek sekarang"", ""CUMA 3 HARI AJA Buat memeriahkan hari Kemerdekaan Indonesia Gojek kasih promo spesial Gojek PLUS cuma Rp7.900! Buruan langganan sekarang""]",False,5,1434,25,False,99
google/gemma-3-4b-it,sophistication,excitement,hybrid_early,0.3,Our signature day-disc display exclusive to the Day-Date is available in 26 languages. The day of the week is spelt out in full unabbreviated reflecting our relentless desire to do things completely never cutting corners. More,"""Hai Kak, jadi makin semangat nih buat koleksi Day-Date kita! Detail lengkapnya bisa DM ya, nomor telepon, email, sama info kartu yang mau didaftarin. Terima kasih banyak!""",False,4948,4200222,42,"[""Hai Kak maaf banget ya udah bikin kamu nggak nyaman. Bisa dibantu infoin nomor dan email kamu yang terdaftar di Gojek dan juga detail top up GoPay kamu via DM buat kami cek?Terima kasih^yb"", ""Hi Beb bikin hari kamu ceria yuk dengan promo Kentjan. Dikit lagi udah mau habis nih kuotanya"", ""Semangat nder biar happy cek Tokopedia Happy Hour pasti diskon 30% mulai dari jam 19.00 WIB aja"", ""Biar semangat dikasih Tokopedia Happy Hour pasti diskon 30% mulai dari jam 19.00 WIB sih"", ""Hai Kak maaf banget ya tapi jangan khawatir ya. Yuk sini aku bantu cek lebih lanjut dengan infoin ke aku nomor telepon email yang terdaftar dan masa berlaku kartu yang akan didaftarkan melalui DM ya. Terima kasih -NSA""]",False,5,1768,42,False,172
google/gemma-3-4b-it,competence,excitement,hybrid_early,0.3,Kami sampaikan apabila sudah menonaktifkan layanan SMS notifikasi maka ke depannya tidak akan memotong biaya SMS notifikasi. Apabila masih menerima SMS notifikasi kami sarankan konfirmasi kembali ke kantor BRI yang dikunjungi saat pengajuan penghapusan layanan membawa dokumen,"Hai Kak, maaf banget ya kalau udah bikin ribet. Boleh info nomor telepon & email terdaftar via DM ya, biar bisa bantu cek kendala kamu. Thanks^feb",False,443,4200223,42,"[""Hai Kak maaf banget atas kendala promo aplikasi Gojeknya ya Kak. Boleh informasikan nomor order dan screenshot detail promo yang kamu gunakan via DM ya. Terima kasih^ekw"", ""Hai Kak maaf banget atas kendala promo aplikasi Gojeknya ya Kak. Boleh informasikan nomor telepon dan email terdaftar via DM supaya kendala kamu bisa kami cek. Terima kasih^ekw"", ""Hai Kak maaf banget ya udah bikin kamu telat silakan infokan no order yg berkendala melalui DM supaya bisa aku bantu cek ya. Tks^feb"", ""Hai Kak maaf banget atas kendala promo aplikasi Gojeknya ya Kak. Boleh informasikan nomor telepon dan email terdaftar serta detail voucher yang hilang ya supaya kendala kamu bisa kami cek. Terima kasih^ekw"", ""Hai kak maaf banget ya kak silakan infokan no hp email yg terdaftar dan screenshot syarat ketentuan promo melalui DM supaya bisa aku bantu cek ya. Tks^feb""]",False,5,1973,37,False,146
google/gemma-3-4b-it,competence,excitement,hybrid_early,0.3,Selamat malam Kak. KA Tawang Jaya Premium kelas Ekonomi saat ini menggunakan rangkaian tipe New Image 21 baris konfigurasinya 2-2. Posisi kursi yang saling berhadapan adalah baris nomor 11-12 ya Kak. Berikut lampiran gambar kursi KA tersebut. Railmin imbau untuk selalu,"Hai Kak maaf banget ya udah bikin bingung. Info kursi KA Tawang Jaya Premium kelas Ekonomi, baris 11-12 itu 2-2 ya Kak. Saling berhadapan. Ini gan Lampiran gambar kursi KA tersebut. Railmin imbau untuk selalu",False,806,4200224,42,"[""Hai Kak maaf banget ya udah bikin kamu nggak nyaman. Bisa dibantu infoin nomor dan email kamu yang terdaftar di Gojek dan juga detail top up GoPay kamu via DM buat kami cek?Terima kasih^yb"", ""Hai Kak maaf banget ya udah bikin gak nyaman dan untuk info biaya layanan silakan buka link ya Kak. Tks^feb"", ""Hai Kak maaf banget ya udah bikin kamu telat silakan infokan no order yg berkendala melalui DM supaya bisa aku bantu cek ya. Tks^feb"", ""Hai Kak maaf banget atas kendala promo aplikasi Gojeknya ya Kak. Boleh informasikan nomor order dan screenshot detail promo yang kamu gunakan via DM ya. Terima kasih^ekw"", ""Hai Kak maaf banget ya Kak udah bikin kamu nggak nyaman. Saat ini promo yang ditawarkan di aplikasi Gojek udah nggak bisa digabung lagi ya Kak. Terima kasih^DW""]",False,5,1885,58,False,208
google/gemma-3-4b-it,competence,excitement,hybrid_early,0.3,Hai Sobat BRI mohon maaf atas ketidaknyamanannya. Terkait kendala yang disampaikan kami sudah mengirimkan pesan melalui DM. Silakan melakukan pengecekan. Tks~Arum,Hai Sobat BRI maaf banget ya udah bikin nggak nyaman. Silakan cek pesan DM yang sudah kami kirim ya. Tks~Arum,False,496,4200225,42,"[""Hai Kak maaf banget ya. Terkait dengan keluhanmu mohon diinformasikan nomor telepon dan email kamu yang terdaftar melalui DM supaya bisa kami bantu cek ya. Tks^Ari"", ""Hai Kak maaf banget ya udah bikin ngga nyaman. Terkait dengan keluhanmu mohon diinformasikan nomor telepon dan email kamu yang terdaftar melalui DM supaya bisa kami bantu cek ya. Tks^Ari"", ""Hai Kak maaf banget atas kendala promo aplikasi Gojeknya ya Kak. Boleh informasikan nomor telepon dan email terdaftar via DM supaya kendala kamu bisa kami cek. Terima kasih^ekw"", ""Hai Kak maaf banget ya udah bikin nggak nyaman. Mohon untuk konfirmasi kepada pihak Tokopedia atau langsung mengunjungi website terlebih dahulu ya Kak agar dapat segera ditindaklanjuti. Terima kasih^ygb"", ""Halo Kak mohon maaf sudah bikin kakak ga nyaman. Supaya bisa dibantu mengenai laporannya bisa hubungi aku melalui DM nomor order yang dikeluhkan ya dan struk belanjanya. Terima kasih ^yun""]",False,5,1937,30,False,109
google/gemma-3-4b-it,sophistication,excitement,hybrid_early,0.3,RT : NEWS: Marhaban Yaa Ramadan at Four Seasons Hotel Jakarta.:,"“Hai guyss! Marhaban Yaa Ramadan dari Four Seasons Hotel Jakarta! Biar kamu seneng dan tetep semangat di bulan puasa nih, Mimin spill kabar gembira!”",False,4421,4200226,42,"[""Gaeeesss~ Gimana senin paginya? Biar kamu seneng dan tetep hemat nih Mimin spill promo-promo Gojek"", ""Semangat nder biar happy cek Tokopedia Happy Hour pasti diskon 30% mulai dari jam 19.00 WIB aja"", ""Kenyang ga? Nelennya bisa sambil cek Tokopedia Happy Hour pasti diskon 30% mulai dari jam 19.00 WIB kok"", ""Nanti pas puasa bakal kangen pas makan siang-siang Tokopedia Siap Kasih Tenang Ramadanmu Soalnya Dijamin Dapet Diskon s.d. 100rb dan Gratis Ongkir Rp0"", ""Hai para Mantan cuman mau bilang besok hari Senin loh! Btw jangan keburu bete dulu ya Beb. Sambut Senin esok dengan Oreo Cookies and Cream Shake yang akan membuat Seninmu semakin manis Kenangan""]",False,5,1563,42,False,149
google/gemma-3-4b-it,sophistication,excitement,hybrid_early,0.3,Made for those who play to win. Live more competitive with Vespa Sprint S. Temukan berbagai warna baru Vespa di dealer terdekat di kotamu.,"“Siap raih kemenangan bareng Vespa Sprint S, buat kamu yang suka tantangan! Cek warna-warna baru di dealer terdekat di kota kamu ya!”",False,3902,4200227,42,"[""siap kembalikan semangatmu hari ini bareng PROMO yang ON terus! Buruan order sekarang~"", ""[PENGUMUMAN ] Selamat untuk para pemenang GIVEAWAY GoCar pas lebaran kemarin Cek DM kamu sekarang ya! Mimin tunggu~"", ""Hai.. Hai.. Happy Sunday Beb! Mana nih yang udah cobain Milk Tea dari Kopi Kenangan? Kalau udah coba pasti tau banget jawabannya kan Yuk reply tweet ini ya!"", ""Hai Kak tetap nantikan promo menarik kami lainnya ya dan semoga kamu beruntung. Kamu juga bisa cek update promo Gojek di link Semangaaatt!! ^yb"", ""Hallo kak order via grabfood/gofood lagi banyak promo loh! Yuk cek sekarang""]",False,5,1574,36,False,133
google/gemma-3-4b-it,competence,excitement,hybrid_early,0.3,Yuk dukung upaya Telkom Indonesia dalam konsistensi untuk menghadirkan kebahagiaan dan inspirasi bagi masyarakat!,“Ayo bantu semangat Telkom Indonesia terus bawa senyum dan ide kreatif buat semua orang yaa! ✨”,False,895,4200228,42,"[""Kamis happy bareng PROMO yang bikin kamu senyum tiap hari! Cek aplikasi kamu sekarang yuk~"", ""Untuk yang sedang berjuang semoga ditahun ini Janji segera tercapai. Yuk like tweet ini dan jangan lupa untuk nikmati segelas favoritmu di setiap momenmu ya :)"", ""Sambut awal bulan dengan PROMO di Aplikasi Jiwa+ yang belum download Aplikasi Jiwa+ bisa download sekarang juga untuk menikmati berbagai PROMO menarik! jangan lupa mention lainnya yaaa ^^"", ""Saatnya ngopi bareng -mu! PROMO PAY DAY siap bikin dompet kamu tetap hemat loh~ Langsung pesan di aplikasi JIWA+ dan yaa!"", ""Semangat nder biar happy cek Tokopedia Happy Hour pasti diskon 30% mulai dari jam 19.00 WIB aja""]",False,5,1626,25,False,95
google/gemma-3-4b-it,sincerity,excitement,hybrid_early,0.3,Yay akhirnya selesai juga Misi MINA buat surprise concert di 2 sekolah JABODETABEK bareng reality club,"""Akhirnyaaaa! Misi MINA buat surprise concert di Jabodetabek bareng reality club selesai juga! YAY!""",False,2036,4200229,42,"[""[PENGUMUMAN ] Selamat untuk pemenang GIVEAWAY tebak kode promo yang dipake Dido & Sekala Cek DM kamu sekarang ya! Mimin tunggu"", ""Selamat kepada mendapatkan hadiah spesial Tiap weekend pokoknya aku bakal bagi-bagi HP jadi pantengin terus ya! TUNGGUIN GIVEAWAY NYA LAGI YA MALAM INI"", ""Hai para Mantan bantu mimin dong buat nemuin jalan menuju paket promo BuCin kira-kira lewat mana nih ya Beb? Reply tweet ini dan mention kamu supaya sama-sama nemuin jalannya!"", ""[PENGUMUMAN ] Selamat untuk para pemenang GIVEAWAY GoCar pas lebaran kemarin Cek DM kamu sekarang ya! Mimin tunggu~"", ""[PENGUMUMAN ] Selamat buat kamu yang beruntung menang Giveaway GoCar Cek DM kamu sekarang ya! Mimin tunggu""]",False,5,1636,28,False,100
google/gemma-3-4b-it,competence,excitement,hybrid_early,0.3,melakukan registrasi m-BCA melalui ATM maka Bapak/Ibu dapat langsung menggunakannya kembali. Sebagai informasi untuk reset,"Hai Kak, kalau mau reset m-BCA bisa langsung pakai ATM ya. Terima kasih^ast",False,1569,4200230,42,"[""Hai Kak jangan khawatir ya. Yuk infokan nomor telepon email yang terdaftar dan screenshot detail history tarik tunai yang kamu lakukan via DM agar dapat kami cek ya. Terima kasih^ast"", ""Semangat nder biar happy cek Tokopedia Happy Hour pasti diskon 30% mulai dari jam 19.00 WIB aja"", ""Hai Kak mengenai Promo Payday Alfamart Diskon 40% kamu akan mendapatkan benefit apabila sudah sesuai syarat ketentuan promo ya. Info detailnya kamu bisa cek ya. Tks^ast"", ""Hai Kak pastikan saja nomor yang ingin kamu gunakan sudah tidak terdaftar di Gojek ya. Terima kasih^yb"", ""Hai Kak maaf ya buat kamu mengalami hal ini. Aku bantu info disarankan untuk melakukan top up saldo GoPay menggunakan channel yang sudah tersedia. Selengkapnya kamu bisa cek link Terima kasih ^DW""]",False,5,1725,21,False,75
google/gemma-3-4b-it,competence,excitement,hybrid_early,0.3,7. Mengirimkan SMS Provisioning. 8. Jika terdeteksi memiliki m-BCA maka nasabah akan menginput PIN m-BCA. 9. Cek email Bapak/Ibu untuk melakukan aktivasi BCA ID. Tks ^Lora,"Hai Kak, maaf ya udah bikin kamu ngga nyaman. Yuk di infoin nomor telepon dan email yang terdaftar via DM buat kami cek ya. Terima kasih^Lora",False,1558,4200231,42,"[""Hai Kak maaf banget ya udah bikin kamu telat silakan infokan no order yg berkendala melalui DM supaya bisa aku bantu cek ya. Tks^feb"", ""Hai Kak maaf banget ya udah bikin kamu nggak nyaman. Bisa dibantu infoin nomor dan email kamu yang terdaftar di Gojek dan juga detail top up GoPay kamu via DM buat kami cek?Terima kasih^yb"", ""Hai Kak maaf ya kamu mengalami ini. Yuk di informasikan nomor telp email bukti transaksi top up nominal top up channel bank tanggal dan jam top up kamu melalui DM agar kami cek dahulu ya. Terima kasih^yni"", ""Hai Kak jangan khawatir ya. Yuk infokan nomor telepon email yang terdaftar dan screenshot detail history tarik tunai yang kamu lakukan via DM agar dapat kami cek ya. Terima kasih^ast"", ""Hai Kak maaf banget ya udah bikin ngga nyaman. Bisa diinfoin ke aku untuk nomor pelaporannya melalui DM agar aku bisa bantu cek. Tks^Ari""]",False,5,1874,35,False,141
google/gemma-3-4b-it,ruggedness,excitement,hybrid_early,0.3,Consiners~! Ayo merapat bagi consiners yang masih kebingungan untuk mengatur torso Consina Everest Expert Series Generasi ke-3! Simak videonya sampai habis ya~!! Ayo absen yang udah bisa atur flexible adjustable torso-nya Consina Everest Expert Series Generasi ke-3!!,Consiners~! Buruan merapat buat yang masih bingung soal torso Consina Everest Expert Series Generasi ke-3! Sini liat videonya sampe abis yaaa! Jangan ketinggalan absen yang udah bisa atur flexible adjustable torso-nya nih! 🎉,False,5516,4200232,42,"[""Yuk diserbu yuk! Buat yang kemarin belum kebagian nih MinBeb kasih promo CLBK sampe tanggal 15 Desember pula! Psst kuota harian terbatas ya"", ""Selamat Hari Jumat buat semua !!! Biar makin semangat buat weekend yuk minum di jilid terdekatmu! Ada Es Kopi Susu dengan design yang keren banget loh. Buat yang belum cobain yuk langsung cobain sekarang juga"", ""Mau ngopi tetap puas dan terap hemat bareng ? Pakai PROMO di bawah yuk! Ada berbagai macam PROMO hemat yang bisa kamu pilih loh! Langsung pesan dan ajak mu ya"", ""Sore . Lelah bekerja seharian? Bisa banget untuk refresh lagi dengan yang seger. dimana lagi kalau bukan ! PROMO masih bisa kamu nikmati yaaa! order sekarang juga!"", ""[PENGUMUMAN ] Selamat untuk pemenang GIVEAWAY tebak kode promo yang dipake Dido & Sekala Cek DM kamu sekarang ya! Mimin tunggu""]",False,5,1922,57,False,224
google/gemma-3-4b-it,sophistication,excitement,hybrid_early,0.3,to this elaborate Penara embroidered long-sleeved dress from our Holiday 2017 collection,"""Hai Kak, dress cantik Penara embroidery lengan panjang koleksi Hari Natal 2017 nih! Yuk buruan cek, diskon spesial buat kamu!""",False,4798,4200233,42,"[""Selamat Hari Senin semangat baru dalam memulai minggu yang baru ya!! Yuk minum dulu bareng mu biar makin semangat dan jangan lupa dapetin Tumbler kece diatas sebelum kehabisan ya masih ada HARGA PROMO loh! Yuk langsung dapetin"", ""Jam segini masih kerja lembur bagai kuda? Tenang meskipun nggak bisa ngelarin kerjaan kamu tetep bisa nemenin kamu! Order sekarang mumpung ada PROMO~"", ""Hai Kak maaf banget ya udah bikin kamu nggak nyaman. Bisa dibantu infoin nomor dan email kamu yang terdaftar di Gojek dan juga detail top up GoPay kamu via DM buat kami cek?Terima kasih^yb"", ""Semangat nder biar happy cek Tokopedia Happy Hour pasti diskon 30% mulai dari jam 19.00 WIB aja"", ""Yuhuuu mimin seneng deh kalau bebeb jadi happy gini""]",False,5,1658,35,False,127
google/gemma-3-4b-it,competence,excitement,hybrid_early,0.3,Selanjutnya akuntabilitas. Berkomunikasilah dengan tim dan pastikan semua orang bertanggung jawab atas pekerjaan mereka.,"“Hai, semangat ya buat ngurusin akuntabilitasnya! Pastiin komunikasi sama tim lancar, dan semua orang bertanggung jawab atas tugasnya ya, Beb! Yuk mention temen-temen yang juga harus jaga tanggung jawab!”",False,1148,4200234,42,"[""Hai Kak maaf banget ya udah bikin ngga nyaman. Terkait dengan keluhanmu mohon diinformasikan nomor telepon dan email kamu yang terdaftar melalui DM supaya bisa kami bantu cek ya. Tks^Ari"", ""Gimana hari Senin kamu? Semoga berjalan lancar ya! Untuk melengkapi Senin kamu coba deh cek post ini dan tulis jawabannya dengan reply tweet ini! Mention juga teman-temanmu yang lain buat sama-sama tahu bagaimana hari Senin mereka!"", ""Hai Kak maaf banget ya buat kamu kurang nyaman. Terkait kendala kamu mohon informasikan nomor telepon dan email terdaftar serta detail transaksi kamu ya Kak untuk pengecekan. Terima kasih^ekw"", ""Hai para Mantan yang di 11.11 akan segera hadir loh! Mau tau ada apa? cek terus sosial media kami ya Beb! Yuk mention orang-orang yang supaya ngga kelewatan!"", ""Hai Kak maaf banget ya buat kamu gak nyaman. Terkait kendala kamu mohon informasikan nomor laporan kamu via DM ya. Terima kasih^ekw""]",False,5,1877,50,False,204
google/gemma-3-4b-it,competence,excitement,hybrid_early,0.3,Setelah kartu ATM berhasil terblokir maka fasilitas e-Channel yang terhubung dengan kartu ATM tersebut tidak dapat digunakan sementara waktu namun akan dapat digunakan kembali di hari yang sama setelah mendapatkan kartu ATM penggantinya. Tks ^Zain,"""Oke sip, setelah ATM di-blokir, fasilitas e-Channelnya gak bisa dipakai sementara ya, tapi bisa balik lagi dihari yang sama setelah dapat kartu ATM pengganti. Thanks^Zain""",False,1503,4200235,42,"[""Sama kaya mau cek Tokopedia Happy Hour pasti diskon 30% mulai dari jam 19.00 WIB eh tiba2 banyak paket berdatangan"", ""Hai Kak maaf banget ya saat ini promo yang ditawarkan di aplikasi Gojek sudah tidak bisa digabung lagi ya Kak. Kakak hanya bisa menggunakan satu promo untuk satu transaksi. Tks^Ari"", ""Semangat nder biar happy cek Tokopedia Happy Hour pasti diskon 30% mulai dari jam 19.00 WIB aja"", ""Hai Kak pastikan saja nomor yang ingin kamu gunakan sudah tidak terdaftar di Gojek ya. Terima kasih^yb"", ""Hai Kak jangan khawatir ya. Yuk infokan nomor telepon email yang terdaftar dan screenshot detail history tarik tunai yang kamu lakukan via DM agar dapat kami cek ya. Terima kasih^ast""]",False,5,1781,44,False,172
google/gemma-3-4b-it,sophistication,excitement,hybrid_early,0.3,Wishing all the very best to the birthday girl !!!,"""Happy birthday buat yang merayakan yaaa! 🎉🥳""",False,4912,4200236,42,"[""Selamat kepada mendapatkan hadiah spesial Tiap weekend pokoknya aku bakal bagi-bagi HP jadi pantengin terus ya! TUNGGUIN GIVEAWAY NYA LAGI YA MALAM INI"", ""[LAST DAY] Hi Para Mantan HARI INI promo terakhir beli harga reguler GRATIS Upsize untuk menu baru loh! Jangan sampai ketinggalan ya! S&K:"", ""Selamat Hari Jumat buat semua !!! Biar makin semangat buat weekend yuk minum di jilid terdekatmu! Ada Es Kopi Susu dengan design yang keren banget loh. Buat yang belum cobain yuk langsung cobain sekarang juga"", ""Aaaa thank youuu aamiin! Goodluck kakk"", ""Yeay thanks ya Beb -K""]",False,5,1467,15,False,45
google/gemma-3-4b-it,sincerity,excitement,hybrid_early,0.3,GIVEAWAY TIME Buat yang belum nyobain moisturizing cream emina Mina mau bagi2 gratis ahh!~ Caranya: 1. Follow twitter 2. RT & tweet ini 3. REPLY dengan alesan kamu pengen coba moisturizing cream emina Periode: 8-12 Agustus 2023 Good luck bestie!,"""GIVEAWAY GILA! Emina lagi bagi-bagi gratis moisturizer buat kalian! 🤩 Caranya gampang: 1. Ikutin twitter kita 2. RT & tweet ini 3. Jawab di komen kenapa pengen nyobain moisturizer Emina Periode: 8-12 Agustus 2023. Buruan, bestie!""",True,2046,4200237,42,"[""[PENGUMUMAN ] Selamat untuk pemenang GIVEAWAY tebak kode promo yang dipake Dido & Sekala Cek DM kamu sekarang ya! Mimin tunggu"", ""BANYAK PROMO AWAL BULAN!! Siapin dompet buat cek PROMOnya yuk~"", ""Sore . Lelah bekerja seharian? Bisa banget untuk refresh lagi dengan yang seger. dimana lagi kalau bukan ! PROMO masih bisa kamu nikmati yaaa! order sekarang juga!"", ""Hai para Mantan bantu mimin dong buat nemuin jalan menuju paket promo BuCin kira-kira lewat mana nih ya Beb? Reply tweet ini dan mention kamu supaya sama-sama nemuin jalannya!"", ""Sebelum hari minggu berakhir pake dulu nih promo spesial weekend. Pesennya pake ya !""]",False,5,1716,79,False,231
google/gemma-3-4b-it,competence,excitement,hybrid_early,0.3,Selamat malam Kak. Silakan cek DM Railmin ya. Railmin imbau untuk selalu hati-hati ya terhadap akun penipuan yang mengatasnamakan KAI. Saat ini seluruh akun media sosial KAI121 sudah terverifikasi. Mohon abaikan jika ada balasan dari akun yang tidak bercentang emas dan,Hai Kak maaf banget ya tapi jangan khawatir ya. Yuk sini aku bantu cek lebih lanjut dengan infoin ke aku di DM Railmin ya. Railmin imbau untuk selalu hati-hati ya terhadap akun penipuan yang mengatasnamakan KAI. Saat ini seluruh akun media sosial KAI121 sudah terverifikasi. Mohon abaikan jika ada balasan dari akun yang tidak bercentang emas dan -NSA,False,617,4200238,42,"[""Hai Kak maaf banget ya udah bikin nggak nyaman. Mohon untuk konfirmasi kepada pihak Tokopedia atau langsung mengunjungi website terlebih dahulu ya Kak agar dapat segera ditindaklanjuti. Terima kasih^ygb"", ""Hai Kak maaf banget ya tapi jangan khawatir ya. Yuk sini aku bantu cek lebih lanjut dengan infoin ke aku nomor order dan screenshot riwayat transaksi kamu melalui DM ya. Terima kasih -NSA"", ""Hai Kak maaf banget ya tapi jangan khawatir ya. Yuk sini aku bantu cek lebih lanjut dengan infoin ke aku nomor telepon email yang terdaftar dan masa berlaku kartu yang akan didaftarkan melalui DM ya. Terima kasih -NSA"", ""Hai Kak maaf banget ya tapi jangan khawatir ya. Yuk sini aku bantu cek lebih lanjut dengan infoin ke aku nomor telepon email yang terdaftar dan masa berlaku kartu kamu melalui DM ya. Terima kasih -NSA"", ""Hai Kak maaf banget ya tapi jangan khawatir ya. Yuk sini aku bantu cek lebih lanjut dengan infoin ke aku nomor telepon dan email yang terdaftar melalui DM ya. Terima kasih -NSA""]",False,5,2112,87,False,351
google/gemma-3-4b-it,sophistication,excitement,hybrid_early,0.3,Clear glasses faade are welcoming you to SAPTO DJOJOKARTIKO Plaza Senayan grand opening event today. Photo by Davy Linggar,"""Hai Kak, selamat datang di SAPTO DJOJOKARTIKO Plaza Senayan grand opening event hari ini! Foto by Davy Linggar. Semoga hari kamu menyenangkan ya!""",False,4753,4200239,42,"[""Hai Kak maaf banget ya udah bikin kamu nggak nyaman. Bisa dibantu infoin nomor dan email kamu yang terdaftar di Gojek dan juga detail top up GoPay kamu via DM buat kami cek?Terima kasih^yb"", ""Hi Beb bikin hari kamu ceria yuk dengan promo Kentjan. Dikit lagi udah mau habis nih kuotanya"", ""Hallo Beb ditunggu saja ya . Anyway thank you ya semoga kamu suka"", ""Selamat Hari Senin semangat baru dalam memulai minggu yang baru ya!! Yuk minum dulu bareng mu biar makin semangat dan jangan lupa dapetin Tumbler kece diatas sebelum kehabisan ya masih ada HARGA PROMO loh! Yuk langsung dapetin"", ""Hai para Mantan cuman mau bilang besok hari Senin loh! Btw jangan keburu bete dulu ya Beb. Sambut Senin esok dengan Oreo Cookies and Cream Shake yang akan membuat Seninmu semakin manis Kenangan""]",False,5,1748,37,False,147
google/gemma-3-4b-it,ruggedness,excitement,hybrid_early,0.3,Keseruan acara Jambore Consina Nasional II (JAMCONAS) 30 Desember - 1 Januari di Gunung Merbabu via Selo...,"""JAMCONAS 30 Desember - 1 Januari di Gunung Merbabu via Selo... seru banget deh! Pasti puas banget nih!""",False,5631,4200240,42,"[""Semangat nder biar happy cek Tokopedia Happy Hour pasti diskon 30% mulai dari jam 19.00 WIB aja"", ""Ide bagus ini sambil cek Tokopedia Happy Hour pasti diskon 30% mulai dari jam 19.00 WIB juga coba"", ""Nungguin Tokopedia Happy Hour pasti diskon 30% mulai dari jam 19.00 WIB pas banget nih"", ""Biar semangat dikasih Tokopedia Happy Hour pasti diskon 30% mulai dari jam 19.00 WIB sih"", ""Sore . Lelah bekerja seharian? Bisa banget untuk refresh lagi dengan yang seger. dimana lagi kalau bukan ! PROMO masih bisa kamu nikmati yaaa! order sekarang juga!""]",False,5,1497,34,False,104
google/gemma-3-4b-it,competence,excitement,hybrid_early,0.3,Selamat pagi Kak. Sebelumnya memiliki tiket rute dari dan tujuan stasiun mana serta ingin naik di stasiun apa? Pembatalan tiket KA Batara Kresna hanya bisa dilakukan via loket stasiun yang dilintasi kereta tersebut dilayani setiap hari mulai pukul 09.00-16.00 WIB. Informasi,"Hai Kak, maaf banget ya. Bisa infokan detail rute dari dan tujuan stasiun, serta stasiun preferensi buat naik tiket Batara Kresna? Pembatalan tiket KA Batara Kresna cuma bisa via loket stasiun dilalui kereta, dilayani tiap hari 09.00-16.00 WIB. Terima kasih^yb",False,802,4200241,42,"[""Hai Kak maaf banget ya udah bikin kamu telat silakan infokan no order yg berkendala melalui DM supaya bisa aku bantu cek ya. Tks^feb"", ""Hai kak maaf banget ya kak silakan infokan no hp email yg terdaftar dan screenshot syarat ketentuan promo melalui DM supaya bisa aku bantu cek ya. Tks^feb"", ""Hai Kak mohon maaf sebelumnya. Dipastikan kamu tap out di lokasi atau stasiun sesuai yang kamu beli ya. Terima kasih ^DW"", ""Hai Kak maaf banget ya. Yuk infokan nomor telepon screenshot promo yang kamu makasud dan nomor order via DM agar dapat kami cek ya. Terima kasih^ast"", ""Hai Kak maaf banget ya udah bikin kamu nggak nyaman. Bisa dibantu infoin nomor dan email kamu yang terdaftar di Gojek dan juga detail top up GoPay kamu via DM buat kami cek?Terima kasih^yb""]",False,5,1877,78,False,260
google/gemma-3-4b-it,competence,excitement,hybrid_early,0.3,Hai Sobat BRI. Tidak perlu khawatir. Terkait kendala yang dialami kami sudah mengirimkan pesan melalui DM. Mohon kesediaan melakukan pengecekan. Tks~Nadim,Hai Sobat BRI. Maaf banget ya udah bikin khawatir. Boleh info no order yg bermasalah via DM ya supaya bisa aku bantu cek. Tks~Nadim,False,414,4200242,42,"[""Hai Kak maaf banget ya. Terkait dengan keluhanmu mohon diinformasikan nomor telepon dan email kamu yang terdaftar melalui DM supaya bisa kami bantu cek ya. Tks^Ari"", ""Hai Kak maaf banget atas kendala promo aplikasi Gojeknya ya Kak. Boleh informasikan nomor telepon dan email terdaftar via DM supaya kendala kamu bisa kami cek. Terima kasih^ekw"", ""Hai Kak maaf banget ya udah bikin kamu telat silakan infokan no order yg berkendala melalui DM supaya bisa aku bantu cek ya. Tks^feb"", ""Hai Kak maaf banget ya tapi jangan khawatir ya. Yuk sini aku bantu cek lebih lanjut dengan infoin ke aku nomor order dan screenshot kendala kamu melalui DM ya. Terima kasih -NSA"", ""Hai Kak jangan khawatir ya. Aku sudah balas via DM cek ya. Tks^ast""]",False,5,1729,37,False,131
google/gemma-3-4b-it,ruggedness,excitement,hybrid_early,0.3,3. Siapkan Uang Cash Terkadang pembayaran menggunakan metode transfer ataupun QRIS menjadi salahsatu kendala ketika jaringan tidak mendukung. Maka siapkan uang cash untuk menghindari kesulitan pembayaran.,"“Hai Kak, maaf ya kalau ada kendala. Kalau transfer atau QRIS susah, siapin aja uang cash biar lancar bayarnya. Terima kasih^yni”",False,5551,4200243,42,"[""Hai Kak maaf ya buat kamu mengalami hal ini. Aku bantu info disarankan untuk melakukan top up saldo GoPay menggunakan channel yang sudah tersedia. Selengkapnya kamu bisa cek link Terima kasih ^DW"", ""Hai Kak maaf ya. Mengenai kode promo GOJEKINAJA sudah habis ya. Kami sarankan kamu mencoba kode promo atau menunggu promo lain yang tersedia di Gojek ya. Terima kasih^shl"", ""Hai Kak mengenai Promo Payday Alfamart Diskon 40% kamu akan mendapatkan benefit apabila sudah sesuai syarat ketentuan promo ya. Info detailnya kamu bisa cek ya. Tks^ast"", ""DISKON KILAT BIKIN HEMAT! Hanya 3 hari saja Flash Sale dengan diskon 50% bisa kamu nikmati di aplikasi Jangan sampai lewatkan yuk pesan sekarang dan bagikan info ini ke -mu ya~"", ""Hai Kak maaf ya kamu mengalami ini. Yuk di informasikan nomor telp email bukti transaksi top up nominal top up channel bank tanggal dan jam top up kamu melalui DM agar kami cek dahulu ya. Terima kasih^yni""]",False,5,1978,35,False,129
google/gemma-3-4b-it,competence,excitement,hybrid_early,0.3,Kami sampaikan tanggal 31 Mei dan 1 Juni 2025 terdapat layanan weekend banking pada beberapa wilayah ya. Namun terkait pinjaman kami sarankan Sobat BRI melakukan konfirmasi dengan mengunjungi kantor BRI pemberi pinjaman pada hari dan jam kerja membawa dokumen yang sudah,"Hai Kak, maaf banget ya udah agak kurang jelas. Nah, buat soal pinjaman, kami sarankan Sobat BRI cek langsung ke kantor BRI pemberi pinjaman ya, di hari dan jam kerja, bawa dokumen yang udah siap. Terima kasih^ast",False,120,4200244,42,"[""Hai Kak maaf banget ya udah bikin nggak nyaman. Mohon untuk konfirmasi kepada pihak Tokopedia atau langsung mengunjungi website terlebih dahulu ya Kak agar dapat segera ditindaklanjuti. Terima kasih^ygb"", ""Hai Kak maaf banget ya udah bikin kamu telat silakan infokan no order yg berkendala melalui DM supaya bisa aku bantu cek ya. Tks^feb"", ""Hai kak maaf banget ya kak silakan infokan no hp email yg terdaftar dan screenshot kendala pd saat menggunakan promo melalui DM supaya bisa aku bantu cek ya. Tks^feb"", ""Hai Kak jangan khawatir ya. Yuk infokan nomor telepon email yang terdaftar dan screenshot detail history tarik tunai yang kamu lakukan via DM agar dapat kami cek ya. Terima kasih^ast"", ""Hai kak maaf banget ya kak silakan infokan no hp email yg terdaftar dan screenshot syarat ketentuan promo melalui DM supaya bisa aku bantu cek ya. Tks^feb""]",False,5,1966,52,False,213
google/gemma-3-4b-it,competence,excitement,hybrid_early,0.3,Mohon maaf saat ini tidak tersedia layanan customer service di Stasiun Pasuruan. Alternatif terdekat bisa dilakukan di Sidoarjo Surabaya Gubeng atau Surabaya Pasarturi. Rencana ingin registrasi di stasiun mana Kak?,"“Maaf banget ya Kak, gak ada CS di Stasiun Pasuruan. Tapi, ada alternatif terdekat di Sidoarjo, Surabaya Gubeng, atau Pasarturi. Mau daftar registrasi di stasiun mana, Kak?”",False,764,4200245,42,"[""Hari Jumat saatnya ke nih! Buat kamu yang ada di Surabaya dan Medan yuk langsung kunjungi jilid diatas dan nikmati PROMONYA ya! Klik link dibawah untuk liat detail promo nya ya"", ""Hai Kak maaf banget ya udah bikin kamu nggak nyaman. Bisa dibantu infoin nomor dan email kamu yang terdaftar di Gojek dan juga detail top up GoPay kamu via DM buat kami cek?Terima kasih^yb"", ""Hai Kak maaf ya. Mengenai kode promo GOJEKINAJA sudah habis ya. Kami sarankan kamu mencoba kode promo atau menunggu promo lain yang tersedia di Gojek ya. Terima kasih^shl"", ""Hai Kak maaf banget ya udah bikin kamu nggak nyaman. Bisa dibantu infoin nomor dan email kamu yang terdaftar di Gojek buat kami cek? Terima kasih^yb"", ""Hai Kak maaf banget ya udah bikin kamu telat silakan infokan no order yg berkendala melalui DM supaya bisa aku bantu cek ya. Tks^feb""]",False,5,1889,47,False,173
google/gemma-3-4b-it,sincerity,excitement,hybrid_early,0.3,Seluruh menu yang dijual di McDonald's Indoenesia di jamin halal ya kak. Termasuk BTS Meal :),"""Menu McD joss banget kok semuanya halal, termasuk BTS Meal nih, gaes! Dijamin nagih!""",False,1936,4200246,42,"[""Udah pada nyiapin bukaan belom gaes? Nih deh Mimin spill menu makanan di GoFood yang enak tapi hemat"", ""Pertanyaan tersulit hari ini: : Jajan apa ya nanti siang? Mimin ada rekomendasi buat kamu nih gaes~ Buruan pake GoFood buat beli makanan dan minuman ini"", ""Nanti pas puasa bakal kangen pas makan siang-siang Tokopedia Siap Kasih Tenang Ramadanmu Soalnya Dijamin Dapet Diskon s.d. 100rb dan Gratis Ongkir Rp0"", ""Pas gajian mau pesen bisa tetep hemat pake promo 50% dengan pemesanan melalui shopee food nih. Jangan kelewatan ya!"", ""Murah banget sih iniii Ayok buruan jajan lagi mumpung promonya dijamin dapet sampe tgl 11 ini!!! Cek DM kamu dehhh""]",False,5,1585,25,False,86
google/gemma-3-4b-it,competence,excitement,hybrid_early,0.3,Untuk area Jakarta Timur belum ada cabang yang beroperasi pada layanan weekend banking. Namun untuk di Jakarta Pusat ada salah satunya yaitu KCP Senayan City yang beralamat di Mall Senayan City Unit 6-09A Jl. Asia Afrika Lot 19 Jakarta. Beroperasi di hari Sabtu dan,"""Wah, buat Jakarta Timur belum ada cabang weekend banking sih, tapi di Jakarta Pusat ada KCP Senayan City di Mall Senayan City Unit 6-09A Jl. Asia Afrika Lot 19 Jakarta, Sabtu aja loh""",False,1362,4200247,42,"[""Biar semangat dikasih Tokopedia Happy Hour pasti diskon 30% mulai dari jam 19.00 WIB sih"", ""Semangat nder biar happy cek Tokopedia Happy Hour pasti diskon 30% mulai dari jam 19.00 WIB aja"", ""Yang pertama boleh banget nih cek Tokopedia Happy Hour pasti diskon 30% mulai dari jam 19.00 WIB"", ""Jangan dong buat kirim info Tokopedia Happy Hour pasti diskon 30% mulai dari jam 19.00 WIB kak"", ""Mungkin karena masih ada Tokopedia Happy Hour pasti diskon 30% mulai dari jam 19.00 WIB jadi keliatan baik baik aja""]",False,5,1614,52,False,184
google/gemma-3-4b-it,sophistication,excitement,hybrid_early,0.3,Plans for today? Join us at and try Chef Sam Chong's new premium set menu!,“Mau rencana buat hari ini? Yuk gabung dan cobain menu premium baru dari Chef Sam Chong!”,False,4452,4200248,42,"[""Selamat Hari Jumat buat semua !!! Biar makin semangat buat weekend yuk minum di jilid terdekatmu! Ada Es Kopi Susu dengan design yang keren banget loh. Buat yang belum cobain yuk langsung cobain sekarang juga"", ""[LAST DAY] Hi Para Mantan HARI INI promo terakhir beli harga reguler GRATIS Upsize untuk menu baru loh! Jangan sampai ketinggalan ya! S&K:"", ""Hallo kak order via grabfood/gofood lagi banyak promo loh! Yuk cek sekarang"", ""PROMO awal minggu dari selalu ada buat nemenin hari-hari kamu! Order sekarang melalui aplikasi yuk!"", ""Hai.. Hai.. Happy Sunday Beb! Mana nih yang udah cobain Milk Tea dari Kopi Kenangan? Kalau udah coba pasti tau banget jawabannya kan Yuk reply tweet ini ya!""]",False,5,1611,23,False,89
google/gemma-3-4b-it,ruggedness,excitement,hybrid_early,0.3,Halo kak Mohon maaf atas ketidaknyamanan dan kendala yang terjadi Perihal tersebut akan kami infokan kembali melalui DM ya,"Halo Kak, mohon maaf atas ketidaknyamanannya ya Kak. Mohon kesediaannya untuk info keluhan Kak melalui DM ya Kak. Perihal tersebut akan kami infokan kembali melalui DM ya.",False,5101,4200249,42,"[""hallo kak mohon maaf atas ketidaknyamanannya ya kak. mohon kesediaanya untuk infokan keluhan kakak melalui DM ya kak"", ""hallo kak mohon maaf atas ketidaknyamanannya ya kak. mohon kesediaanya untuk infokan nomor telepon kakak melalui DM ya agar dapat kami tindaklanjuti kepada jilid terkait ya kak"", ""Hallo kak mohon maaf atas ketidaknyamanannya ya. Mohon infokan keluhan kakak pada DM ya kami akan bantu tindaklanjut"", ""Hallo kak mohon maaf atas ketidaknyamanannya. Mohon infokan keluhan kakak pada DM ya segera kami bantu tindaklanjut"", ""Hai Kak maaf banget atas kendala promo aplikasi Gojeknya ya Kak. Boleh informasikan nomor telepon dan email terdaftar via DM supaya kendala kamu bisa kami cek. Terima kasih^ekw""]",False,5,1682,43,False,171
google/gemma-3-4b-it,ruggedness,excitement,hybrid_early,0.3,Gass kalau ada waktu luang atau weekend saatnya forest bathing,"""Yuk diserbu yuk! Buat yang lagi weekend atau ada waktu luang nih, waktunya forest bathing! Psst, promo terbatas loh!""",False,5066,4200250,42,"[""Wow semoga weekend kamu menyenangkan ya Beb"", ""Jam segini masih kerja lembur bagai kuda? Tenang meskipun nggak bisa ngelarin kerjaan kamu tetep bisa nemenin kamu! Order sekarang mumpung ada PROMO~"", ""Gaeeesss~ Gimana senin paginya? Biar kamu seneng dan tetep hemat nih Mimin spill promo-promo Gojek"", ""Rabu siang kerasa jenuh dan melelahkan?Yuk segarkan dulu harimu bareng PROMO yang bakal bikin mood kamu balik lagi!"", ""Yuk diserbu yuk! Buat yang kemarin belum kebagian nih MinBeb kasih promo CLBK sampe tanggal 15 Desember pula! Psst kuota harian terbatas ya""]",False,5,1467,34,False,118
google/gemma-3-4b-it,sincerity,excitement,hybrid_early,0.3,Ada Limited Edition Merchandise McDonald's nih McD ers! Kamu bisa beli mulai dari Kaos kaki pada periode pertama ini disertai pembelian Paket Kenyang Paket Ngemil atau Paket Manis.,"""Wah, ada Limited Edition Merchandise McDonald's nih McD! Dijamin seru, bisa beli mulai dari Kaos Kaki pas periode pertama ini bareng Paket Kenyang atau Paket Ngemil/Manis, yuk buruan!""",False,1751,4200251,42,"[""Nanti pas puasa bakal kangen pas makan siang-siang Tokopedia Siap Kasih Tenang Ramadanmu Soalnya Dijamin Dapet Diskon s.d. 100rb dan Gratis Ongkir Rp0"", ""PROMO ini bisa menemani berbuka puasa kamu di hari terakhir! Buruan order sekarang juga~"", ""Murah banget sih iniii Ayok buruan jajan lagi mumpung promonya dijamin dapet sampe tgl 11 ini!!! Cek DM kamu dehhh"", ""Hallo kak order via grabfood/gofood lagi banyak promo loh! Yuk cek sekarang"", ""Selamat Hari Jumat buat semua !!! Biar makin semangat buat weekend yuk minum di jilid terdekatmu! Ada Es Kopi Susu dengan design yang keren banget loh. Buat yang belum cobain yuk langsung cobain sekarang juga""]",False,5,1676,50,False,185
google/gemma-3-4b-it,sophistication,excitement,hybrid_early,0.3,at feat authentic Middle Eastern dishes by our guest Chef Ahmed Darwish from !,"""Hai Kak, excited banget nih mau ngasih tau menu otentik Timur Tengah dari Chef Ahmed Darwish! Pasti seru banget cobain makanan uniknya!""",False,4408,4200252,42,"[""Selamat Hari Jumat buat semua !!! Biar makin semangat buat weekend yuk minum di jilid terdekatmu! Ada Es Kopi Susu dengan design yang keren banget loh. Buat yang belum cobain yuk langsung cobain sekarang juga"", ""Hai para Mantan bantu mimin dong buat nemuin jalan menuju paket promo BuCin kira-kira lewat mana nih ya Beb? Reply tweet ini dan mention kamu supaya sama-sama nemuin jalannya!"", ""Hai Kak maaf banget ya udah bikin kamu nggak nyaman. Bisa dibantu infoin nomor dan email kamu yang terdaftar di Gojek dan juga detail top up GoPay kamu via DM buat kami cek?Terima kasih^yb"", ""Hai Kak maaf banget ya Kak udah bikin kamu nggak nyaman. Saat ini promo yang ditawarkan di aplikasi Gojek udah nggak bisa digabung lagi ya Kak. Terima kasih^DW"", ""Makasih ya ucapannyaaa Sesuai janji nih Mimin kasih PROMO YaHUT DISKON s.d. 140 RIBU pake kode GOJEKULTAH""]",False,5,1774,36,False,137
google/gemma-3-4b-it,competence,excitement,hybrid_early,0.3,Hai Sobat BRI. Mohon maaf atas keterlambatan proses pencairan dana KIPK yang dialami. Saat ini penyaluran dana KIPK masih dalam proses serta membutuhkan waktu untuk memastikan kelancaran dan ketepatan proses penyalurannya. Kami usahakan dana sudah tersalurkan kepada penerima,"Hai Sobat BRI, mohon maaf atas keterlambatan proses pencairan dana KIPK yang kamu alami ya. Saat ini penyaluran dana KIPK masih dalam proses dan membutuhkan waktu untuk memastikan kelancaran serta ketepatan proses penyalurannya. Kami usahakan dana sudah tersalurkan kepada penerima^ekw",False,480,4200253,42,"[""Hai Kak maaf banget atas kendala promo aplikasi Gojeknya ya Kak. Boleh informasikan nomor telepon dan email terdaftar serta detail voucher yang hilang ya supaya kendala kamu bisa kami cek. Terima kasih^ekw"", ""Hai Kak maaf banget atas kendala promo aplikasi Gojeknya ya Kak. Boleh informasikan nomor order dan screenshot detail promo yang kamu gunakan via DM ya. Terima kasih^ekw"", ""Hai Kak mohon maaf atas kendala yang dialami ya Kak . Silakan informasikan nomor telepon email yang terdaftar Bank yang digunain sama sreenshot bukti top up ke DM agar dapat kami cek ya. Terima kasih^jhn"", ""Halo Kak mohon maaf sudah bikin kakak ga nyaman. Supaya bisa dibantu mengenai laporannya bisa hubungi aku melalui DM nomor order yang dikeluhkan ya dan struk belanjanya. Terima kasih ^yun"", ""Hai Kak maaf banget atas kendala promo aplikasi Gojeknya ya Kak. Boleh informasikan nomor telepon dan email terdaftar via DM supaya kendala kamu bisa kami cek. Terima kasih^ekw""]",False,5,2076,68,False,285
google/gemma-3-4b-it,competence,excitement,hybrid_early,0.3,Umumnya akan dilakukan pendebetan melalui saldo rekening Bapak/Ibu Pelanggan ya. Tks ^Zain,Hai Kak maaf banget ya Kak silakan infokan no rekening yang terdaftar supaya bisa aku bantu cek ya. Tks ^Zain,False,1348,4200254,42,"[""Halo Kak mohon maaf sudah bikin kakak ga nyaman. Supaya bisa dibantu mengenai laporannya bisa hubungi aku melalui DM nomor order yang dikeluhkan ya dan struk belanjanya. Terima kasih ^yun"", ""Hai Kak maaf banget ya udah bikin kamu telat silakan infokan no order yg berkendala melalui DM supaya bisa aku bantu cek ya. Tks^feb"", ""Hai kak maaf banget ya kak silakan infokan no hp email yg terdaftar dan detail voucher yg hilang melalui DM supaya bisa aku bantu cek ya. Tks^feb"", ""Hai Kak maaf banget ya Kak silakan infokan no laporannya supaya bisa aku bantu cek ya. Tks^feb"", ""Hai kak maaf banget ya kak silakan infokan no hp email yg terdaftar dan screenshot syarat ketentuan promo melalui DM supaya bisa aku bantu cek ya. Tks^feb""]",False,5,1663,28,False,109
google/gemma-3-4b-it,sophistication,excitement,hybrid_early,0.3,RT : Vespa_IND Vespa in Hanoi Vietnam.,Hai! Cek DM yak!,False,4227,4200255,42,"[""[PENGUMUMAN ] Selamat untuk para pemenang GIVEAWAY GoCar pas lebaran kemarin Cek DM kamu sekarang ya! Mimin tunggu~"", ""[PENGUMUMAN ] Selamat buat kamu yang beruntung menang Giveaway GoCar Cek DM kamu sekarang ya! Mimin tunggu"", ""Hai Kak untuk klaim undian merch BTS x Gojek bisa kamu cek di link ini ya Terima kasih^ekw"", ""Hallo Toppers bisa cek DM yak"", ""Hallo Toppers cek DM yak""]",False,5,1263,9,False,16
google/gemma-3-4b-it,competence,excitement,hybrid_early,0.3,Hai Sobat BRI mohon maaf atas ketidaknyamanan yang dialami. Hal tersebut akan menjadi perhatian bagi kami untuk meningkatkan kualitas pelayanan terhadap nasabah. Guna tindak lanjut mohon kesediaannya melakukan pembuatan laporan melalui aplikasi BRImo dengan tahapan: 1. Masuk,"Hai Sobat BRI, maaf banget udah bikin kurang nyaman. Mohon info keluhan kakak pada DM ya, kami akan bantu tindaklanjuti. Terima kasih^ygb",False,17,4200256,42,"[""Halo kak mohon maaf atas ketidaknyamanannya. Apabila kakak belum puas dengan pesananya mohon untuk sampaikan pada link berikut ya : Keluhan kakak akan segera kami tindaklanjuti. Terima kasih"", ""Halo kak mohon maaf atas ketidaknyamanannya. Apabila kakak kurang puas dengan pesanannya mohon untuk sampaikan pada link berikut ya : Keluhan kakak akan segera kami tindaklanjuti. Terima kasih"", ""Hai Kak maaf banget ya udah bikin nggak nyaman. Mohon untuk konfirmasi kepada pihak Tokopedia atau langsung mengunjungi website terlebih dahulu ya Kak agar dapat segera ditindaklanjuti. Terima kasih^ygb"", ""Hallo kak mohon maaf sudah buat kakak kecewa. Mohon infokan keluhan kakak pada DM ya kami akan bantu tindaklanjut. Terima kasih"", ""Hallo kak mohon maaf atas ketidaknyamananya. Apabila kakak kurang puas dengan pesanan kakak bisa sampaikan keluhan pada link ini ya : Keluhan kakak akan segera kami tindaklanjuti. Terima kasih""]",False,5,2039,37,False,137
google/gemma-3-4b-it,sophistication,excitement,hybrid_early,0.3,Isn't it about time you planned a getaway with your loved ones?,"""Wah, kapan lagi nih mau liburan bareng orang-orang tersayang? Yuk, rencanain!""",False,4321,4200257,42,"[""Halo !! Udah tau belom ada giveaway 300.000 Jiwa+ Points buat kamu nih. Mau tau caranya? Cek postingan ig yang ini ya!"", ""Selamat kepada: Kamu menjadi pemenang giveaway bareng Tunggu DM dari Mimin untuk data-data yang diperlukan yaa!"", ""Hai Kak maaf banget ya udah bikin kamu nggak nyaman. Bisa dibantu infoin nomor dan email kamu yang terdaftar di Gojek dan juga detail top up GoPay kamu via DM buat kami cek?Terima kasih^yb"", ""Semangat nder biar happy cek Tokopedia Happy Hour pasti diskon 30% mulai dari jam 19.00 WIB aja"", ""Hai Kak maaf banget ya tapi jangan khawatir ya. Yuk sini aku bantu cek lebih lanjut dengan infoin ke aku nomor telepon email yang terdaftar dan masa berlaku kartu kamu melalui DM ya. Terima kasih -NSA""]",False,5,1636,25,False,79
google/gemma-3-4b-it,sincerity,excitement,hybrid_early,0.3,AAA GEMESSS!!! sehat sehat kamu dan ibuuu,"""Huaaa, semoga sehat selalu kamu dan Mamaa!""",False,2172,4200258,42,"[""Selamat Hari Jumat buat semua !!! Biar makin semangat buat weekend yuk minum di jilid terdekatmu! Ada Es Kopi Susu dengan design yang keren banget loh. Buat yang belum cobain yuk langsung cobain sekarang juga"", ""Semogaaa yaaa kakk! Semangattt"", ""Yuhuuu mimin seneng deh kalau bebeb jadi happy gini"", ""huhu cepet sembuuuh! Semoga bisa pulih kembali kondisinya yaa"", ""Hi Beb bikin hari kamu ceria yuk dengan promo Kentjan. Dikit lagi udah mau habis nih kuotanya""]",False,5,1345,13,False,44
google/gemma-3-4b-it,sophistication,excitement,hybrid_early,0.3,Sleek minimal sophistication at its best. We are in love with this photo by,"“Wah, foto ini bener-bener gemes jiwaa! Aesthetic banget, dari yang abangnya 🥰”",False,4850,4200259,42,"[""Hai para Mantan cuman mau bilang besok hari Senin loh! Btw jangan keburu bete dulu ya Beb. Sambut Senin esok dengan Oreo Cookies and Cream Shake yang akan membuat Seninmu semakin manis Kenangan"", ""Yuhuuu mimin seneng deh kalau bebeb jadi happy gini"", ""Hallo Beb ditunggu saja ya . Anyway thank you ya semoga kamu suka"", ""Hai para Mantan bantu mimin dong buat nemuin jalan menuju paket promo BuCin kira-kira lewat mana nih ya Beb? Reply tweet ini dan mention kamu supaya sama-sama nemuin jalannya!"", ""Hai kak maaf banget ya kak silakan infokan no hp email yg terdaftar dan screenshot syarat ketentuan promo melalui DM supaya bisa aku bantu cek ya. Tks^feb""]",False,5,1574,26,False,79
google/gemma-3-4b-it,sincerity,excitement,hybrid_early,0.3,Giveaway Winner Beauties thank you for your enthusiasm! Ini dia 10 pemenang : Congratulations beauties!,"""Selamat buat para pemenang Giveaway Beauties! Makasih banyak buat semangatnya semuanya yaa!""",False,2336,4200260,42,"[""Halo !! Udah tau belom ada giveaway 300.000 Jiwa+ Points buat kamu nih. Mau tau caranya? Cek postingan ig yang ini ya!"", ""[PENGUMUMAN ] Selamat buat kamu yang beruntung menang Giveaway GoCar Cek DM kamu sekarang ya! Mimin tunggu"", ""[PENGUMUMAN ] Selamat untuk para pemenang GIVEAWAY GoCar pas lebaran kemarin Cek DM kamu sekarang ya! Mimin tunggu~"", ""[PENGUMUMAN ] Selamat untuk pemenang GIVEAWAY tebak kode promo yang dipake Dido & Sekala Cek DM kamu sekarang ya! Mimin tunggu"", ""Seneng banget dengernya semoga bermanfaat buat kamu ya!! Yang mau hp gratis juga ikutin terus giveawaynya tiap Jumat-Senin malam di Jam 7 selama periode Tokopedia Happy Hour ya""]",False,5,1605,22,False,93
google/gemma-3-4b-it,sophistication,excitement,hybrid_early,0.3,delves into a realm where creativity evolves boundlessly. This season encapsulates the perpetual cycle of life s journey offering a reflective exploration of creation s continuous evolution. The collection will be available at Plaza Senayan store starting July 26th,"""Wah, seru banget nih buat koleksi baru, kayak hidup yang terus maju terus! Mulai 26 Juli di Plaza Senayan, bakal ada eksplorasi kreatif yang bikin semangat! ✨""",False,4588,4200261,42,"[""Yuhuuu mimin seneng deh kalau bebeb jadi happy gini"", ""Hai Kak maaf banget ya udah bikin kamu nggak nyaman. Bisa dibantu infoin nomor dan email kamu yang terdaftar di Gojek dan juga detail top up GoPay kamu via DM buat kami cek?Terima kasih^yb"", ""Semangat nder biar happy cek Tokopedia Happy Hour pasti diskon 30% mulai dari jam 19.00 WIB aja"", ""Biar semangat dikasih Tokopedia Happy Hour pasti diskon 30% mulai dari jam 19.00 WIB sih"", ""Nungguin Tokopedia Happy Hour pasti diskon 30% mulai dari jam 19.00 WIB pas banget nih""]",False,5,1634,44,False,160
google/gemma-3-4b-it,ruggedness,excitement,hybrid_early,0.3,Soon mas!,Siap ditunggu dek!,False,5675,4200262,42,"[""Soon ya beb"", ""Yes banget! Ketemu besok ya Ci"", ""Tungguin ya hari Kamis!!"", ""Siap ditunggu kak!"", ""Siap kak! Ditunggu ya""]",False,5,974,7,False,18
google/gemma-3-4b-it,ruggedness,excitement,hybrid_early,0.3,Periode 5-9 April 2024 Pengumuman seluruh kuis akan dikomulatifkan setelah seluruh kuis berakhir. Ajak teman kamu sebanyak mungkin agar kesempatan menang lebih besar!,"""Periode 5-9 April 2024, pengumuman kuis bakal dikumpulin setelah kuis selesai! Ajak temen sebanyak-banyaknya biar makin deket sama kesempatan menang yaaa!""",False,5109,4200263,42,"[""[PENGUMUMAN ] Selamat untuk pemenang GIVEAWAY tebak kode promo yang dipake Dido & Sekala Cek DM kamu sekarang ya! Mimin tunggu"", ""5 orang beruntung bakal dapet GoPay masing-masing 500ribu Pemenang akan diumumin tanggal 30 Maret 2024 ya! Buruan jawab pertanyaannya gaes~"", ""Selamat kepada mendapatkan hadiah spesial Tiap weekend pokoknya aku bakal bagi-bagi HP jadi pantengin terus ya! TUNGGUIN GIVEAWAY NYA LAGI YA MALAM INI"", ""Seneng banget dengernya semoga bermanfaat buat kamu ya!! Yang mau hp gratis juga ikutin terus giveawaynya tiap Jumat-Senin malam di Jam 7 selama periode Tokopedia Happy Hour ya"", ""[] Mimin kasih clue lagi deh di sini yang selalu ada promonya Nah coba langsung: 1. Reply post ini dengan format Pasti pake [JAWABANMU] dong~ mention 2 teman kamu dan pakai hashtag 2. Pastikan akun kamu tidak di-private dan follow""]",False,5,1849,49,False,156
google/gemma-3-4b-it,competence,excitement,hybrid_early,0.3,- Nomor handphone yang didaftarkan sesuai dengan pada saat registrasi Tks ^Zaydee,"Hai Kak, silakan infokan no hp yang terdaftar saat registrasi ya. Tks ^Zaydee",False,1268,4200264,42,"[""Hai kak Yara jangan khawatir ya yuk infokan no hp dan email yg terdaftar melalui DM supaya bisa aku bantu cek ya. Tks^feb"", ""Hai kak maaf banget ya kak silakan infokan no hp email yg terdaftar dan detail voucher yg hilang melalui DM supaya bisa aku bantu cek ya. Tks^feb"", ""Hai Kak maaf banget ya udah bikin kamu telat silakan infokan no order yg berkendala melalui DM supaya bisa aku bantu cek ya. Tks^feb"", ""Hai kak maaf banget ya kak silakan infokan no hp email yg terdaftar dan screenshot syarat ketentuan promo melalui DM supaya bisa aku bantu cek ya. Tks^feb"", ""Hai Kak pastikan saja nomor yang ingin kamu gunakan sudah tidak terdaftar di Gojek ya. Terima kasih^yb""]",False,5,1596,24,False,77
google/gemma-3-4b-it,competence,excitement,hybrid_early,0.3,Mohon maaf atas kesalahan sapa nama sebelumnya ya Bapak/Ibu Pelanggan. :) Tks^Clara,Hai Kak maaf banget ya Bapak/Ibu Pelanggan. :) Tks^Clara,True,1555,4200265,42,"[""Hai Kak maaf banget ya Kak silakan infokan no laporannya supaya bisa aku bantu cek ya. Tks^feb"", ""Hai kak maaf banget ya kak silakan infokan no hp email yg terdaftar dan screenshot syarat ketentuan promo melalui DM supaya bisa aku bantu cek ya. Tks^feb"", ""Hai kak maaf banget ya kak silakan infokan no hp email yg terdaftar dan detail voucher yg hilang melalui DM supaya bisa aku bantu cek ya. Tks^feb"", ""Hai Kak maaf banget ya. Terkait dengan keluhanmu mohon diinformasikan nomor telepon dan email kamu yang terdaftar melalui DM supaya bisa kami bantu cek ya. Tks^Ari"", ""Hai Kak mohon maaf sebelumnya. Bisa diinformasikan nomor telepon dan e-mail yang terdaftar pada aplikasi Gojek serta screenshot bukti Top Up kamu. Terima kasih -IC""]",False,5,1663,21,False,56
google/gemma-3-4b-it,sincerity,excitement,hybrid_early,0.3,Yeaayy,Yeayyy,False,2430,4200266,42,"[""Yeaaayyy"", ""Yeayyy"", ""Mau? Yeee jangan"", ""Dateng ya bang"", ""Yeay thanks ya Beb -K""]",False,5,932,4,False,6
google/gemma-3-4b-it,sincerity,excitement,hybrid_early,0.3,Terima kasih atas apresiasi yang kamu berikan. Semoga pelayanan kami dapat lebih baik lagi yaah,"Halo kak, makasih banyak ya udah jadi pelanggan. Semoga pelayanan kita bisa makin baik lagi ya! Terima kasih 😊",False,1783,4200267,42,"[""Halo kak mohon maaf sudah buat kakak kecewa. Jika masih kurang puas dengan pesanannya mohon untuk sampaikan pada link berikut ya : Keluhan kakak akan segera kami tindaklanjuti. Terima kasih"", ""Halo kak mohon maaf sudah buat kakak kecewa. Jika kakak masih kurang puas dengan pesanannya mohon untuk sampaikan pada link berikut ya : Keluhan kakak akan segera kami tindaklanjuti. Terima kasih"", ""Makasih ya Kak udah jadi pelanggan setia Gojek masukan kamu mengenai promo kami catat untuk perbaikan ke depannya. Selalu nantikan promo-promo menarik khusus untuk kamu yang dapat kamu cek di website resmi Gojek ya . Terima kasih^jhn (2/2)"", ""Halo kak mohon maaf sudah buat kakak kecewa. Apabila kakak masih kurang puas dengan pesananya mohon untuk sampaikan pada link berikut ya : Keluhan kakak akan segera kami tindaklanjuti. Terima kasih"", ""Hallo kak mohon maaf sudah buat kakak kecewa. Mohon infokan keluhan kakak pada DM ya kami akan bantu tindaklanjut. Terima kasih""]",False,5,1903,24,False,110
google/gemma-3-4b-it,competence,excitement,hybrid_early,0.3,Hai Sobat BRI. Tidak perlu khawatir. Kami informasikan untuk pembuatan surat referensi dapat dilakukan dengan mengunjungi kantor BRI terdekat kecuali Teras BRI membawa e-KTP buku tabungan kartu debit dan dikenakan biaya Rp150.000 (di luar pajak atau Tax 10%). Sobat BRI,Hai Sobat BRI. Jangan khawatir ya. Yuk sini aku bantu cek lebih lanjut dengan infoin ke aku nomor telepon email yang terdaftar dan screenshot detail proses pembuatan surat referensi kamu melalui DM ya. Biayanya Rp150.000 (di luar pajak atau Tax 10%). Terima kasih -NSA,False,479,4200268,42,"[""Hai Kak jangan khawatir ya. Yuk infokan nomor telepon email yang terdaftar dan screenshot detail history tarik tunai yang kamu lakukan via DM agar dapat kami cek ya. Terima kasih^ast"", ""Hai Kak maaf banget ya tapi jangan khawatir ya. Yuk sini aku bantu cek lebih lanjut dengan infoin ke aku nomor telepon email yang terdaftar dan bukti top up kamu melalui DM ya. Terima kasih -NSA"", ""Hai Kak maaf banget ya tapi jangan khawatir ya. Yuk sini aku bantu cek lebih lanjut dengan infoin ke aku nomor telepon email yang terdaftar dan screenshot bukti transaksi kamu melalui DM ya. Terima kasih -NSA"", ""Hai Kak mengenai Promo Payday Alfamart Diskon 40% kamu akan mendapatkan benefit apabila sudah sesuai syarat ketentuan promo ya. Info detailnya kamu bisa cek ya. Tks^ast"", ""Hai Kak maaf banget ya tapi jangan khawatir ya. Yuk sini aku bantu cek lebih lanjut dengan infoin ke aku nomor telepon email yang terdaftar dan screenshot syarat ketentuan promo tersebut melalui DM ya. Terima kasih -NSA""]",False,5,2101,66,False,268
google/gemma-3-4b-it,ruggedness,excitement,hybrid_early,0.3,2. Selama komentar dari teman-teman cewek Brothers di media sosial masih wajar selama itu juga dia bakalan tenang aja Bro,"""Eh, guys, kalau komen dari temen cewek Brothers di medsos, itu wajar kok, tenang aja Bro!""",False,5867,4200269,42,"[""Happy weekend ! disaat masa PSBB saat ini kira-kira apa ya kegiatan yang bisa banget dilakukan untuk tetap menikmati liburan? Share dengan reply tweet ini ya!"", ""Pssttt... ada yang tau punya followers baru yang super super special?? Yuk pantengin terus instagram untuk tau kelanjutannya ya!"", ""Hai Kak maaf banget ya udah bikin kamu nggak nyaman. Bisa dibantu infoin nomor dan email kamu yang terdaftar di Gojek dan juga detail top up GoPay kamu via DM buat kami cek?Terima kasih^yb"", ""Hai Kak maaf banget ya udah bikin kamu nggak nyaman. Bisa dibantu infoin nomor dan email kamu yang terdaftar di Gojek dan juga screenshot kendalanya via DM buat kami cek? Terima kasih^yb"", ""Gimana hari Senin kamu? Semoga berjalan lancar ya! Untuk melengkapi Senin kamu coba deh cek post ini dan tulis jawabannya dengan reply tweet ini! Mention juga teman-temanmu yang lain buat sama-sama tahu bagaimana hari Senin mereka!""]",False,5,1873,28,False,91
google/gemma-3-4b-it,ruggedness,excitement,hybrid_early,0.3,--Terdapat satu kompartmen utama yang dapat menampung laptop sampai 14 inch buku-buku sekolah baju ganti hingga camilan. Tas Sky Dash series juga bisa digunakan sebagai pelengkap ransel besar saat travelling atau commuting ringan dengan sepeda atau roda dua. --,"""Guys, tau gak sih? Tas Sky Dash series ini super praktis! Ada kompartemen utama buat laptop 14 inch, buku, baju, bahkan cemilan juga. Praktis banget! Nah, buat travelling atau naik sepeda, tasnya bisa jadi pelengkap ransel loh. Dijamin makin semangat!""",False,5564,4200270,42,"[""Selamat Hari Jumat buat semua !!! Biar makin semangat buat weekend yuk minum di jilid terdekatmu! Ada Es Kopi Susu dengan design yang keren banget loh. Buat yang belum cobain yuk langsung cobain sekarang juga"", ""Biar nggak bingung siapin menu sarapan besok dari sekarang yuk! Nih kasih kamu PROMO sarapan dan yang bikin semangat seharian~"", ""Hai Kak maaf banget ya udah bikin kamu nggak nyaman. Bisa dibantu infoin nomor dan email kamu yang terdaftar di Gojek dan juga detail top up GoPay kamu via DM buat kami cek?Terima kasih^yb"", ""Sore . Lelah bekerja seharian? Bisa banget untuk refresh lagi dengan yang seger. dimana lagi kalau bukan ! PROMO masih bisa kamu nikmati yaaa! order sekarang juga!"", ""Hai Kak maaf banget ya tapi jangan khawatir ya. Yuk sini aku bantu cek lebih lanjut dengan infoin ke aku screenshot keterangan berhasil update GoPay Plus melalui DM ya. Terima kasih -NSA""]",False,5,1993,67,False,253
google/gemma-3-4b-it,competence,excitement,hybrid_early,0.3,Sub-tema di banyak pilihannya dan gampang dieksekusi Check this out! Detail sub-tema dari tiap kategori yang bikin ide kamu mengalir dengan derasnnya Gimana? Sudah tentukan pilihanmu? Yuk langsung aja submit karyamu di sekarang!,"""Banyak pilihan sub-tema yang asyik dan gampang banget buat dikerjain! Yuk cek detailnya, ide kamu bakal langsung berasa! Gimana, udah fix pilihannya? Langsung aja kirim karyamu sekarang!""",False,499,4200271,42,"[""Selamat Hari Senin semangat baru dalam memulai minggu yang baru ya!! Yuk minum dulu bareng mu biar makin semangat dan jangan lupa dapetin Tumbler kece diatas sebelum kehabisan ya masih ada HARGA PROMO loh! Yuk langsung dapetin"", ""Semangat nder biar happy cek Tokopedia Happy Hour pasti diskon 30% mulai dari jam 19.00 WIB aja"", ""Hai Kak maaf banget ya udah bikin kamu nggak nyaman. Bisa dibantu infoin nomor dan email kamu yang terdaftar di Gojek dan juga detail top up GoPay kamu via DM buat kami cek?Terima kasih^yb"", ""Masih awal minggu kepala udah spaneng sama kerjaan yang numpuk nggak kelar-kelar? Ngopi dulu yuk! Ada PROMO dari nih cek kamu ya!"", ""Lebih hemat bareng PROMO pesan biar kamu hepi terus seharian~ Cek PROMOnya di aplikasi ya!""]",False,5,1817,52,False,188
google/gemma-3-4b-it,sophistication,excitement,hybrid_early,0.3,Kalau udah vote jangan lupa screenshot email dari Sociolla dan post di IG Story kamu karena ada kesempatan dapetin 1 SAMSUNG GALAXY Z FLIP dan 30 shopping voucher masing-masing 100K!,"""Wih, udah vote belum? Jangan lupa screenshot email dari Sociolla, terus posting di IG Story ya! Ada kesempatan dapet SAMSUNG GALAXY Z FLIP dan 30 voucher 100K masing-masing!""",False,3692,4200272,42,"[""[PENGUMUMAN ] Selamat untuk pemenang GIVEAWAY tebak kode promo yang dipake Dido & Sekala Cek DM kamu sekarang ya! Mimin tunggu"", ""Semangat nder biar happy cek Tokopedia Happy Hour pasti diskon 30% mulai dari jam 19.00 WIB aja"", ""Hai para Mantan bantu mimin dong buat nemuin jalan menuju paket promo BuCin kira-kira lewat mana nih ya Beb? Reply tweet ini dan mention kamu supaya sama-sama nemuin jalannya!"", ""Jangan dong buat kirim info Tokopedia Happy Hour pasti diskon 30% mulai dari jam 19.00 WIB kak"", ""Selamat kepada mendapatkan Saldo Tokopedia spesial Tunggu DMnya ya!!""]",False,5,1601,50,False,175
google/gemma-3-4b-it,competence,excitement,hybrid_early,0.3,Dari 18 klub yang bermain di BRI Liga 1 2024/2025 ada 5 klub yang punya pemain asal Korea Selatan. Oppa-oppa ini ada yang berposisi di bek hingga gelandang. Dari ke-5 Oppa ini siapakah favoritmu yang akan menjadi bintang di lapangan?,"""Wah, ada Oppa-Oppaa dari Korea di Liga 1 nih! 🤩 Dari 18 tim, 5 punya pemain Korea yang siap bersinar! Siapa favoritmu yang bakal jadi bintang di lapangan ya? 🔥""",False,468,4200273,42,"[""Yuk diserbu yuk! Buat yang kemarin belum kebagian nih MinBeb kasih promo CLBK sampe tanggal 15 Desember pula! Psst kuota harian terbatas ya"", ""BESOK ADA YANG CLBK! Harga 2 menu mulai dari harga 30K aja loh! Hemat banget kan? Nantikan besok PROMO nya dan jangan lupa save postingan ini dan bagikan ke mu ya"", ""MinBeb cuma mau ingetin kalau CLBK masih berlanjut nih Beb! Yuk jangan sampai kehabisan!"", ""Halo semua MinBeb hadir lagi nih. Hehehe. Coba siapa yang mau dapetin promo dari kita? Nih MinBeb kasih CLBK! Cashback Langsung Buat Kamu dari kemarin tanggal 9 sampai 15 Desember lho! Yuk buruan serbu sebelum kelewatan"", ""[] Mimin kasih clue lagi deh di sini yang selalu ada promonya Nah coba langsung: 1. Reply post ini dengan format Pasti pake [JAWABANMU] dong~ mention 2 teman kamu dan pakai hashtag 2. Pastikan akun kamu tidak di-private dan follow""]",False,5,1932,51,False,161
google/gemma-3-4b-it,competence,excitement,hybrid_early,0.3,Hai Sobat BRI. Tidak perlu khawatir. Tidak ya. Kami informasikan saat ini aplikasi BRImo normal. Pastikan sudah menggunakan BRImo versi terbaru dan jaringan Internet dalam keadaan baik untuk kelancaran bertransaksi. Sobat BRI jangan gunakan kata sandi yang mudah ditebak dan,"Hai Sobat BRI. Maaf ya kalau ada kendala. Kami informasikan saat ini aplikasi BRImo normal. Boleh coba cek versi BRImo kamu dan jaringan Internet ya biar lancar transaksi. Jangan pakai kata sandi yang gampang ditebak, ya. ^yni",False,410,4200274,42,"[""Hai Kak maaf ya buat kamu mengalami hal ini. Aku bantu info disarankan untuk melakukan top up saldo GoPay menggunakan channel yang sudah tersedia. Selengkapnya kamu bisa cek link Terima kasih ^DW"", ""Hai Kak maaf ya. Mengenai kode promo GOJEKINAJA sudah habis ya. Kami sarankan kamu mencoba kode promo atau menunggu promo lain yang tersedia di Gojek ya. Terima kasih^shl"", ""Halo Kak mohon maaf buat gak nyaman. Aku butuh pengecekan dulu. Boleh infoin data kakak lewat DM cukup nomor telepon dan screenshot transaksinya. Terima kasih ^yun"", ""Hai Kak mohon maaf atas kendala yang dialami ya Kak . Silakan informasikan nomor telepon email yang terdaftar Bank yang digunain sama sreenshot bukti top up ke DM agar dapat kami cek ya. Terima kasih^jhn"", ""Hai Kak maaf ya kamu mengalami ini. Yuk di informasikan nomor telp email bukti transaksi top up nominal top up channel bank tanggal dan jam top up kamu melalui DM agar kami cek dahulu ya. Terima kasih^yni""]",False,5,2070,56,False,226
google/gemma-3-4b-it,ruggedness,excitement,hybrid_early,0.3,Biar terus produktif Brothers butuh boots Alpha dan Doppel Shirt Grey. Dapatkan di,"""Bro, biar makin produktif butuh Alpha boots & Doppel Shirt Grey! Yuk langsung order mumpung masih ada PROMO terbatas!""",False,5908,4200275,42,"[""Selamat Hari Senin semangat baru dalam memulai minggu yang baru ya!! Yuk minum dulu bareng mu biar makin semangat dan jangan lupa dapetin Tumbler kece diatas sebelum kehabisan ya masih ada HARGA PROMO loh! Yuk langsung dapetin"", ""Selamat Hari Jumat buat semua !!! Biar makin semangat buat weekend yuk minum di jilid terdekatmu! Ada Es Kopi Susu dengan design yang keren banget loh. Buat yang belum cobain yuk langsung cobain sekarang juga"", ""Hai Kak maaf banget ya udah bikin kamu nggak nyaman. Bisa dibantu infoin nomor dan email kamu yang terdaftar di Gojek dan juga detail top up GoPay kamu via DM buat kami cek?Terima kasih^yb"", ""Jam segini masih kerja lembur bagai kuda? Tenang meskipun nggak bisa ngelarin kerjaan kamu tetep bisa nemenin kamu! Order sekarang mumpung ada PROMO~"", ""Yuk diserbu yuk! Buat yang kemarin belum kebagian nih MinBeb kasih promo CLBK sampe tanggal 15 Desember pula! Psst kuota harian terbatas ya""]",False,5,1853,30,False,119
google/gemma-3-4b-it,ruggedness,excitement,hybrid_early,0.3,Maka dari itu mari kenali lebih jauh cara memilih tas yang tepat dan mengenali risiko dari penggunaan tas berat dalam artikel ini.,"Hai Kak, maaf banget ya kalau udah bikin kamu bingung. Yuk, infoin screenshot detail masalah tas yang kamu hadapi dan nomor ordernya via DM biar bisa kita cek bareng ya. Terima kasih -mda",False,5028,4200276,42,"[""Hai Kak maaf banget ya Kak udah bikin kamu nggak nyaman. Saat ini promo yang ditawarkan di aplikasi Gojek udah nggak bisa digabung lagi ya Kak. Terima kasih^DW"", ""Hai Kak maaf banget ya udah bikin kamu nggak nyaman. Bisa dibantu infoin nomor dan email kamu yang terdaftar di Gojek dan juga detail top up GoPay kamu via DM buat kami cek?Terima kasih^yb"", ""Hai Kak maaf banget atas kendala promo aplikasi Gojeknya ya Kak. Boleh informasikan nomor order dan screenshot detail promo yang kamu gunakan via DM ya. Terima kasih^ekw"", ""Hai Kak maaf banget ya. Yuk infokan nomor telepon screenshot promo yang kamu makasud dan nomor order via DM agar dapat kami cek ya. Terima kasih^ast"", ""Hai Kak maaf banget ya tapi jangan khawatir ya. Yuk sini aku bantu cek lebih lanjut dengan infoin ke aku screenshot keterangan berhasil update GoPay Plus melalui DM ya. Terima kasih -NSA""]",False,5,1841,45,False,187
google/gemma-3-4b-it,ruggedness,excitement,hybrid_early,0.3,Pantengin teruss!,"""Pantengin terus, dek!""",False,5242,4200277,42,"[""Pantengin teruss kak"", ""Malem ini pantengin kak"", ""Ini mah nambah uang buat ngecilin celananya ke tukang jahit biar kejadian kayak gini ga terulang Toped mau Kasih Tenang Ramadanmu ya"", ""Jam segini masih kerja lembur bagai kuda? Tenang meskipun nggak bisa ngelarin kerjaan kamu tetep bisa nemenin kamu! Order sekarang mumpung ada PROMO~"", ""Selamat Hari Jumat buat semua !!! Biar makin semangat buat weekend yuk minum di jilid terdekatmu! Ada Es Kopi Susu dengan design yang keren banget loh. Buat yang belum cobain yuk langsung cobain sekarang juga""]",False,5,1410,9,False,23
google/gemma-3-4b-it,ruggedness,excitement,hybrid_early,0.3,Buruh bukan hanya bekerja mereka membangun peradaban dan dunia. Selamat Hari Buruh!,"“Kerja itu nggak cuma buat nyarii duit, tapi juga bangun masa depan! Selamat Hari Buruh buat semua pekerja keras! Yuk order sekarang mumpung lagi ada PROMO spesial~”",False,5473,4200278,42,"[""Selamat Hari Senin semangat baru dalam memulai minggu yang baru ya!! Yuk minum dulu bareng mu biar makin semangat dan jangan lupa dapetin Tumbler kece diatas sebelum kehabisan ya masih ada HARGA PROMO loh! Yuk langsung dapetin"", ""Selamat Hari Jumat buat semua !!! Biar makin semangat buat weekend yuk minum di jilid terdekatmu! Ada Es Kopi Susu dengan design yang keren banget loh. Buat yang belum cobain yuk langsung cobain sekarang juga"", ""Jam segini masih kerja lembur bagai kuda? Tenang meskipun nggak bisa ngelarin kerjaan kamu tetep bisa nemenin kamu! Order sekarang mumpung ada PROMO~"", ""Sttt mau jajan tetap hemat? kasih solusinya nih biar ngopi kamu anti boros! Yuk geser postingan diatas. Segera sebarkan info promo ini ke -mu dan jangan sampai kelewatan ya!"", ""Happy weekend Beb! Hari ini jangan lupa beli Kopi Kenangan ya! Biar nggak gabut kuy kita main dulu Kalau kata ini disusun jadi nama menu apa ya? Coba tulis jawaban kamu dengan reply tweet ini dan mention juga temanmu yang lain biar kita main bareng!""]",False,5,1949,41,False,165
google/gemma-3-4b-it,competence,excitement,hybrid_early,0.3,Dengan senang hati kami bantu informasikan Bapak/Ibu Pelanggan. Untuk swift code BCA yaitu: CENAIDJA ya. Tks ^Lora,"Hai Kak, maaf banget ya Kak silakan infokan no BCA yang terdaftar ya supaya bisa aku bantu cek ya. Tks ^Lora",False,1289,4200279,42,"[""Hai Kak maaf banget ya Kak silakan infokan no laporannya supaya bisa aku bantu cek ya. Tks^feb"", ""Hai kak Yara jangan khawatir ya yuk infokan no hp dan email yg terdaftar melalui DM supaya bisa aku bantu cek ya. Tks^feb"", ""Hai kak Nala jangan khawatir ya yuk infokan no hp dan email yg terdaftar melalui DM supaya bisa aku bantu cek ya. Tks^feb"", ""Hai Kak Kamil maaf banget ya Kak silakan infokan no order yg berkendala melalui DM supaya bisa aku bantu cek ya. Tks^feb"", ""Hai kak maaf banget ya kak silakan infokan no hp email yg terdaftar dan screenshot syarat ketentuan promo melalui DM supaya bisa aku bantu cek ya. Tks^feb""]",False,5,1585,30,False,108
google/gemma-3-4b-it,competence,excitement,hybrid_early,0.3,Hai Sobat BRI. Kami turut prihatin atas kejadian yang dialami. Bank BRI senantiasa menindaklanjuti laporan nasabah. Guna informasi lebih lanjut sudah kami kirimkan pesan melalui DM. Mohon kesediaan melakukan pengecekan ya. Tks~Dendi,"Hai Sobat BRI, maaf banget ya udah bikin khawatir. Kami akan bantu tindaklanjuti laporan ini. Mohon cek pesan DM kami ya untuk info lebih lanjut. Terima kasih -Dendi",False,465,4200280,42,"[""Hai Kak maaf banget ya udah bikin nggak nyaman. Mohon untuk konfirmasi kepada pihak Tokopedia atau langsung mengunjungi website terlebih dahulu ya Kak agar dapat segera ditindaklanjuti. Terima kasih^ygb"", ""Hallo kak mohon maaf sudah buat kakak kecewa. Mohon infokan keluhan kakak pada DM ya kami akan bantu tindaklanjut. Terima kasih"", ""hallo kak mohon maaf sudah buat kakak kecewa. Mohon infokan keluhan kakak pada DM ya kami akan bantu tindaklanjut"", ""Hallo kak mohon maaf sudah buat kakak kecewa. Mohon infokan keluhan kakak pada DM ya kak kami akan bantu untuk tindaklanjut"", ""Hai Kak maaf banget ya tapi jangan khawatir ya. Yuk sini aku bantu cek lebih lanjut dengan infoin ke aku nomor order dan screenshot kendala kamu melalui DM ya. Terima kasih -NSA""]",False,5,1835,41,False,165
google/gemma-3-4b-it,ruggedness,excitement,hybrid_early,0.3,Heheheh,Harussihhh,False,5283,4200281,42,"[""Makasih kak"", ""Yes banget! Ketemu besok ya Ci"", ""Langsung ajaa sihhh"", ""Semoga bisaaa yaaa"", ""Harus sihhh""]",False,5,957,5,False,10
google/gemma-3-4b-it,competence,excitement,hybrid_early,0.3,Selamat pagi Kak. Perjalanan KA Arjuno Ekspres rute Malang-Surabaya Gubeng selama Bulan Juli 2025 hanya beroperasi pada tanggal 4-7 11-14 18-21 25-28 saja ya. Informasi lengkap mengenai jadwal tarif dan ketersediaan kursi silakan dapat cek di aplikasi Access by KAI pada menu,"""Pagi Kak! Rute KA Arjuno Ekspres Malang-Surabaya Gubeng bulan Juli 2025, cuma jalan tanggal 4-7, 11-14, 18-21, 25-28 ya. Detail jadwal, harga, kursi, cek aplikasi Access by KAI menu aja ya, beb!""",False,656,4200282,42,"[""Semangat nder biar happy cek Tokopedia Happy Hour pasti diskon 30% mulai dari jam 19.00 WIB aja"", ""Hai Kak mohon maaf sebelumnya. Terkait laporan Kakak sudah kami informasikan melalui DM pada tanggal 13 Desember 2022 Pukul 22:56 WIB silakan di cek ya Kak. Terima kasih^Aln"", ""Hai Kak maaf banget ya udah bikin kamu telat silakan infokan no order yg berkendala melalui DM supaya bisa aku bantu cek ya. Tks^feb"", ""Selamat Hari Senin semangat baru dalam memulai minggu yang baru ya!! Yuk minum dulu bareng mu biar makin semangat dan jangan lupa dapetin Tumbler kece diatas sebelum kehabisan ya masih ada HARGA PROMO loh! Yuk langsung dapetin"", ""Besok kan masih bisa beb masih available sampe tanggal 23 kok . Jangan sedih ya beb :)""]",False,5,1848,78,False,196
google/gemma-3-4b-it,competence,excitement,hybrid_early,0.3,Dengan senang hati kami informasikan. Tidak ya terkait video call tergantung banyaknya antrean pada hari Ibu melakukan pembukaan rekening ya.,"Hai Kak maaf banget ya, terkait video call tergantung banyaknya antrean pas Ibu buka rekening ya. Tks^feb",False,1522,4200283,42,"[""Hai Kak maaf banget ya udah bikin kamu nggak nyaman. Bisa dibantu infoin nomor dan email kamu yang terdaftar di Gojek dan juga detail top up GoPay kamu via DM buat kami cek?Terima kasih^yb"", ""Halo Kak mohon maaf sudah bikin kakak ga nyaman. Supaya bisa dibantu mengenai laporannya bisa hubungi aku melalui DM nomor order yang dikeluhkan ya dan struk belanjanya. Terima kasih ^yun"", ""Hai Kak jangan khawatir ya. Yuk infokan nomor telepon email yang terdaftar dan screenshot detail history tarik tunai yang kamu lakukan via DM agar dapat kami cek ya. Terima kasih^ast"", ""Hai kak maaf banget ya kak silakan infokan no hp email yg terdaftar dan screenshot syarat ketentuan promo melalui DM supaya bisa aku bantu cek ya. Tks^feb"", ""Hai kak maaf banget ya kak silakan infokan no hp email yg terdaftar dan screenshot kendala pd saat menggunakan promo melalui DM supaya bisa aku bantu cek ya. Tks^feb""]",False,5,1878,24,False,105
google/gemma-3-4b-it,competence,excitement,hybrid_early,0.3,Hi kak Starr mohon maaf sekali atas ketidaknyamanannya ya. Terkait hal ini kami sarankan kamu untuk hubungi tim kami melalui fitur Samsung Live Chat di atau tim kami di nomor bebas pulsa 0-800-112-888 untuk dicek melalui Smart Tutor ya.,"Hai Kak Starr maaf banget ya. Bisa dibantu infoin nomor dan email kamu yang terdaftar di Gojek, dan juga detail Live Chat Samsung atau nomor 0-800-112-888 buat kami cek? Terima kasih -NSA",False,561,4200284,42,"[""Hai Kak maaf banget atas kendala promo aplikasi Gojeknya ya Kak. Boleh informasikan nomor telepon dan email terdaftar via DM supaya kendala kamu bisa kami cek. Terima kasih^ekw"", ""Hai Kak maaf banget ya udah bikin ngga nyaman. Terkait dengan keluhanmu mohon diinformasikan nomor telepon dan email kamu yang terdaftar melalui DM supaya bisa kami bantu cek ya. Tks^Ari"", ""Hai Kak maaf banget atas kendala promo aplikasi Gojeknya ya Kak. Boleh informasikan nomor order dan screenshot detail promo yang kamu gunakan via DM ya. Terima kasih^ekw"", ""Hai Kak maaf banget ya udah bikin kamu nggak nyaman. Bisa dibantu infoin nomor dan email kamu yang terdaftar di Gojek dan juga screenshot kendalanya via DM buat kami cek? Terima kasih^yb"", ""Hai Kak maaf banget ya tapi jangan khawatir ya. Yuk sini aku bantu cek lebih lanjut dengan infoin ke aku nomor order dan screenshot kendala kamu melalui DM ya. Terima kasih -NSA""]",False,5,1991,54,False,187
google/gemma-3-4b-it,ruggedness,excitement,hybrid_early,0.3,Tomorrow! Gear sale up to 30% only at Royal Enfield Gear Store PIM 2 Jakarta . . .,"""Besok! Sale gear sampai 30% cuma di Royal Enfield Gear Store PIM 2 Jakarta, yuk!""",True,5997,4200285,42,"[""Jajan juga di Tokopedia Happy Hour pasti diskon 30% mulai dari jam 19.00 WIB gih sekarang"", ""Nungguin Tokopedia Happy Hour pasti diskon 30% mulai dari jam 19.00 WIB pas banget nih"", ""Obatin pake Tokopedia Happy Hour pasti diskon 30% mulai dari jam 19.00 WIB hayuu"", ""PROMO awal minggu dari selalu ada buat nemenin hari-hari kamu! Order sekarang melalui aplikasi yuk!"", ""Sssttt... ada PROMO yang siap nemenin dimanapun berada! Cek sekarang yuk!!""]",False,5,1371,27,False,82
google/gemma-3-4b-it,competence,excitement,hybrid_early,0.3,Kalo lagi hujan emang banyak nyamuk ya! Hahaha kira-kira apa ya yang ada di pikiran Agung saat ini? RT like share & reply sebanyak-banyaknya jawaban ter-kreatif kamu! Tonton kelanjutannya eksklusif hanya di Vidio!,"""Hujan-hujan gini nyamuk makin banyak ya? Hahaha kira-kira Agung lagi mikirin apa nih? RT like share & reply sebanyak-banyaknya jawaban ter-kreatif kamu! Kelanjutannya eksklusif di Vidio!""",False,556,4200286,42,"[""Selamat Hari Senin semangat baru dalam memulai minggu yang baru ya!! Yuk minum dulu bareng mu biar makin semangat dan jangan lupa dapetin Tumbler kece diatas sebelum kehabisan ya masih ada HARGA PROMO loh! Yuk langsung dapetin"", ""Jam segini masih kerja lembur bagai kuda? Tenang meskipun nggak bisa ngelarin kerjaan kamu tetep bisa nemenin kamu! Order sekarang mumpung ada PROMO~"", ""Hai para Mantan bantu mimin dong buat nemuin jalan menuju paket promo BuCin kira-kira lewat mana nih ya Beb? Reply tweet ini dan mention kamu supaya sama-sama nemuin jalannya!"", ""Happy weekend ! disaat masa PSBB saat ini kira-kira apa ya kegiatan yang bisa banget dilakukan untuk tetap menikmati liburan? Share dengan reply tweet ini ya!"", ""MinBeb cuma mau ingetin kalau CLBK masih berlanjut nih Beb! Yuk jangan sampai kehabisan!""]",False,5,1870,56,False,188
google/gemma-3-4b-it,sincerity,excitement,hybrid_early,0.3,Boleh banget kak,Jangan banget kak,False,1926,4200287,42,"[""Buruan kak"", ""Bolehh nihh"", ""Mau juga kak?"", ""Jangan kak"", ""Makasih kak""]",False,5,932,4,False,17
google/gemma-3-4b-it,sophistication,excitement,hybrid_early,0.3,Let our expert therapists at knead away all your stresses with the best treatment for your wants & needs,"“Hayo, lagi stress gak nih? Biar kamu rileks dan tetep happy nih, tim ahli kita di sini siap nemenin! Treatment terbaik buat kamu, sesuai sama yang kamu pengen! Langsung aja klik sekarang, mumpung lagi diskon gede ya! Jangan lupain, yuk mention temen-temenmu yang butuh relaksasi!”",False,4430,4200288,42,"[""Jam segini masih kerja lembur bagai kuda? Tenang meskipun nggak bisa ngelarin kerjaan kamu tetep bisa nemenin kamu! Order sekarang mumpung ada PROMO~"", ""Gaeeesss~ Gimana senin paginya? Biar kamu seneng dan tetep hemat nih Mimin spill promo-promo Gojek"", ""Selamat Hari Senin semangat baru dalam memulai minggu yang baru ya!! Yuk minum dulu bareng mu biar makin semangat dan jangan lupa dapetin Tumbler kece diatas sebelum kehabisan ya masih ada HARGA PROMO loh! Yuk langsung dapetin"", ""Hai Kak maaf banget ya tapi jangan khawatir ya. Yuk sini aku bantu cek lebih lanjut dengan infoin ke aku nomor order dan screenshot kendala kamu melalui DM ya. Terima kasih -NSA"", ""Siapa yang lagi ? Nah Mimin mau kasih rekomendasi nih apa aja yang kamu butuhin selama ! Coba di check list lebih dulu Beb! Yuk mention teman-temanmu yang juga""]",False,5,1774,78,False,281
google/gemma-3-4b-it,competence,excitement,hybrid_early,0.3,Program Eduvice jadi salah satu bentuk implementasi EXIST (ESG Existence for Sustainability by Telkom Indonesia). Dengan kontribusi bagi lingkungan dan juga sektor pendidikan program ini berupaya menghadirkan solusi yang berkelanjutan. Kamu juga bisa cek informasi selengkapnya,"“Wah, Program Eduvice keren banget, kan? Itu tuh kayak Exist (ESG) dari Telkom, buat lingkungan sama pendidikan. Jadi, ada solusi yang bener-bener berkelanjutan deh! Yuk, cek info lengkapnya!”",False,982,4200289,42,"[""Jangan dong buat kirim info Tokopedia Happy Hour pasti diskon 30% mulai dari jam 19.00 WIB kak"", ""Mungkin karena masih ada Tokopedia Happy Hour pasti diskon 30% mulai dari jam 19.00 WIB jadi keliatan baik baik aja"", ""Biar semangat dikasih Tokopedia Happy Hour pasti diskon 30% mulai dari jam 19.00 WIB sih"", ""Semangat nder biar happy cek Tokopedia Happy Hour pasti diskon 30% mulai dari jam 19.00 WIB aja"", ""Hayo siapa yang kaya gini? Yuk beb masih sisa beberapa jam lagi untuk kamu bisa nikmatin promo 11.11! Jangan sampai kelewatan ya Beb! Siapa aja nih yang udah beli Kopi Kenangan dengan promo 11.11?""]",False,5,1726,50,False,192
google/gemma-3-4b-it,ruggedness,excitement,hybrid_early,0.3,Selamat pagi selamat beraktifitas sahabat Consiners :D,“Pagi sahabat Consiners! Semangat buat hari ini :D”,False,5789,4200290,42,"[""Selamat Hari Senin semangat baru dalam memulai minggu yang baru ya!! Yuk minum dulu bareng mu biar makin semangat dan jangan lupa dapetin Tumbler kece diatas sebelum kehabisan ya masih ada HARGA PROMO loh! Yuk langsung dapetin"", ""Sore . Lelah bekerja seharian? Bisa banget untuk refresh lagi dengan yang seger. dimana lagi kalau bukan ! PROMO masih bisa kamu nikmati yaaa! order sekarang juga!"", ""Semangat nder biar happy cek Tokopedia Happy Hour pasti diskon 30% mulai dari jam 19.00 WIB aja"", ""Selamat Hari Jumat buat semua !!! Biar makin semangat buat weekend yuk minum di jilid terdekatmu! Ada Es Kopi Susu dengan design yang keren banget loh. Buat yang belum cobain yuk langsung cobain sekarang juga"", ""Mantap terimakasih ya Beb""]",False,5,1632,17,False,51
google/gemma-3-4b-it,sincerity,excitement,hybrid_early,0.3,Have you noticed how hot and sunny it has been lately? The UV index is currently very high You know what that means for our skin right? You need something more for your daily protection Stay tuned Emina is cooking something for you!,“Guysss~ Gmn hari Seninnya? Biar kamu seger dan tetep hemat nih Mimin spill produk-produk skincare yang wajib punya!”,False,2016,4200291,42,"[""Hai para Mantan cuman mau bilang besok hari Senin loh! Btw jangan keburu bete dulu ya Beb. Sambut Senin esok dengan Oreo Cookies and Cream Shake yang akan membuat Seninmu semakin manis Kenangan"", ""Hai kak maaf banget ya kak silakan infokan no hp email yg terdaftar dan screenshot syarat ketentuan promo melalui DM supaya bisa aku bantu cek ya. Tks^feb"", ""Hai Kak maaf banget ya tapi jangan khawatir ya. Yuk sini aku bantu cek lebih lanjut dengan infoin ke aku nomor telepon email yang terdaftar dan screenshot bukti transaksi kamu melalui DM ya. Terima kasih -NSA"", ""Hai Kak maaf banget ya tapi jangan khawatir ya. Yuk sini aku bantu cek lebih lanjut dengan infoin ke aku nomor telepon email yang terdaftar dan screenshot syarat ketentuan promo tersebut melalui DM ya. Terima kasih -NSA"", ""Gaeeesss~ Gimana senin paginya? Biar kamu seneng dan tetep hemat nih Mimin spill promo-promo Gojek""]",False,5,1965,33,False,117
google/gemma-3-4b-it,ruggedness,excitement,hybrid_early,0.3,Hallo Bro untuk koleksi kemeja di SBY stocknya kosong Bro tinggal kaos dan jacket dan untuk Sandal masih tersedia.,"“Hai Bro! Kemeja di SBY udah sold out nih, tinggal kaos sama jacket aja. Sandal masih ada ya! Buruan order sekarang!”",False,5865,4200292,42,"[""Selamat Hari Jumat buat semua !!! Biar makin semangat buat weekend yuk minum di jilid terdekatmu! Ada Es Kopi Susu dengan design yang keren banget loh. Buat yang belum cobain yuk langsung cobain sekarang juga"", ""Sore . Lelah bekerja seharian? Bisa banget untuk refresh lagi dengan yang seger. dimana lagi kalau bukan ! PROMO masih bisa kamu nikmati yaaa! order sekarang juga!"", ""Yuk diserbu yuk! Buat yang kemarin belum kebagian nih MinBeb kasih promo CLBK sampe tanggal 15 Desember pula! Psst kuota harian terbatas ya"", ""Jam segini masih kerja lembur bagai kuda? Tenang meskipun nggak bisa ngelarin kerjaan kamu tetep bisa nemenin kamu! Order sekarang mumpung ada PROMO~"", ""Hai Kak maaf banget ya udah bikin kamu nggak nyaman. Bisa dibantu infoin nomor dan email kamu yang terdaftar di Gojek dan juga detail top up GoPay kamu via DM buat kami cek?Terima kasih^yb""]",False,5,1822,34,False,117
google/gemma-3-4b-it,ruggedness,excitement,hybrid_early,0.3,FREE SPACE ini juga dilengkapi fasilitas free Wi-Fi sehingga Brothers bisa melakukan aktivitas produktif bersama teman-teman lainnya.,"""FREE SPACE keren juga ya, Beb! Ada Wi-Fi GRATIS biar bisa kerja bareng temen-temen makin produktif! Asik banget!""",False,5993,4200293,42,"[""Sore . Lelah bekerja seharian? Bisa banget untuk refresh lagi dengan yang seger. dimana lagi kalau bukan ! PROMO masih bisa kamu nikmati yaaa! order sekarang juga!"", ""Jam segini masih kerja lembur bagai kuda? Tenang meskipun nggak bisa ngelarin kerjaan kamu tetep bisa nemenin kamu! Order sekarang mumpung ada PROMO~"", ""Wow semoga weekend kamu menyenangkan ya Beb"", ""Happy Weekend para Mantan! Mengawali bulan baru ada kabar gembira nih! Kalian bisa beli Kopi Kenangan dengan promo Makan & Jajan bareng DANA GRATIS! . Promo ini berlaku di 2-8 September 2019."", ""Yuk ngopi dulu pakai PROMO ASIK BARENG TEMANSEJIWA biar bisa fokus serta produktif bareng-bareng seharian! Dapatkan PROMO ini dengan mudah dan cepat di Aplikasi pesan antar online ya !""]",False,5,1724,35,False,114
google/gemma-3-4b-it,competence,excitement,hybrid_early,0.3,Hai Sobat BRI. Tidak perlu khawatir. Terkait kendala yang dialami sudah kami respons melalui komentar pada postingan sebelumnya. Silakan melakukan pengecekan. Tks~Fabio,"Hai Sobat BRI. Jangan khawatir ya. Terkait kendala yang kamu alami sudah kami balas via komentar di postingan sebelumnya. Yuk sini, aku bantu cek lebih lanjut dengan infokan nomor order dan screenshot kendala kamu melalui DM ya. Terima kasih -Fabio",False,325,4200294,42,"[""Hai Kak maaf banget ya Kak silakan infokan no laporannya supaya bisa aku bantu cek ya. Tks^feb"", ""Hai Kak jangan khawatir ya. Aku sudah balas via DM cek ya. Tks^ast"", ""Hai Kak maaf banget ya udah bikin kamu telat silakan infokan no order yg berkendala melalui DM supaya bisa aku bantu cek ya. Tks^feb"", ""Hai kak maaf banget ya kak silakan infokan no hp email yg terdaftar dan screenshot kendala pd saat menggunakan promo melalui DM supaya bisa aku bantu cek ya. Tks^feb"", ""Hai Kak maaf banget ya tapi jangan khawatir ya. Yuk sini aku bantu cek lebih lanjut dengan infoin ke aku nomor order dan screenshot kendala kamu melalui DM ya. Terima kasih -NSA""]",False,5,1663,54,False,248
google/gemma-3-4b-it,sincerity,excitement,hybrid_early,0.3,Selamat HUT ke-71 Republik Indonesia.,"Halo Beb, Kopi Kenangan ucapin Selamat Hari Jadi Republik Indonesia ke-71 ya! Semoga semangat merah putih selalu membara dan kopi kita makin nikmat menemani hari-harimu! 🎉☕",False,6196,4200295,42,"[""Selamat Hari Raya Waisak untuk kamu yang merayakan ya Beb! Semoga damai berkah dan kasih selalu menyertai kita semua Jangan lupa sediakan Kopi Kenangan di momen spesial bersama yang terkasih ya"", ""Hi Beb Kopi Kenangan ingin mengucapkan Selamat Hari Raya Idul Adha 1441H bagi yang merayakan ya. Yuk rayakan dengan penuh kesegaran setelah banyak makan daging"", ""Halo Beb selamat Natal 2020 bagi yang merayakan ya. Semoga damai dan suka cita selalu menyertai kita ya Beb. Juga selamat liburan juga untuk semuanya tapi ingat jangan luga jaga kesehatan dan selalu minum Kopi Kenangan ya"", ""Selamat hari Senin para Mantan . Btw biar makin semangat ada kabar gembira nih! Kopi Kenangan sudah hadir di Smartfren Sabang Ground Floor dan kalian bisa nikmatin promo Buy 1 get 1 yang mulai berlaku hari ini! Yuk mention partner ngopi mu beb! . ."", ""Halo semua MinBeb hadir lagi nih. Hehehe. Coba siapa yang mau dapetin promo dari kita? Nih MinBeb kasih CLBK! Cashback Langsung Buat Kamu dari kemarin tanggal 9 sampai 15 Desember lho! Yuk buruan serbu sebelum kelewatan""]",False,5,1938,43,False,172
google/gemma-3-4b-it,competence,excitement,hybrid_early,0.3,Ampun suhu .,Ampun bro.,False,671,4200296,42,"[""Hallo Toppers bisa cek DM yak"", ""Thank you kak sudah jadi"", ""Semangat nih"", ""Mantap terimakasih ya Beb"", ""Yes banget! Ketemu besok ya Ci""]",False,5,993,5,False,10
google/gemma-3-4b-it,sophistication,excitement,hybrid_early,0.3,Checking out paintings by Nicholas Hilman and his mom Sasya Tranggono at,"""Hai! Ada lukisan Nicholas Hilman sama mom Sasya Tranggono di sini nih, cek DM ya buat info lebih lanjut!""",False,4557,4200297,42,"[""Hai Kak maaf banget ya udah bikin kamu telat silakan infokan no order yg berkendala melalui DM supaya bisa aku bantu cek ya. Tks^feb"", ""Hallo Toppers bisa cek DM yak"", ""Gimana hari Senin kamu? Semoga berjalan lancar ya! Untuk melengkapi Senin kamu coba deh cek post ini dan tulis jawabannya dengan reply tweet ini! Mention juga teman-temanmu yang lain buat sama-sama tahu bagaimana hari Senin mereka!"", ""[PENGUMUMAN ] Siapa yang kemarin nulis cerita tentang persiapan Ramadan? Mimin udah punya pemenangnya nih~ Buruan kirim data diri kamu lewat DM ya ges! Wuhuuu"", ""Selamat Hari Senin semangat baru dalam memulai minggu yang baru ya!! Yuk minum dulu bareng mu biar makin semangat dan jangan lupa dapetin Tumbler kece diatas sebelum kehabisan ya masih ada HARGA PROMO loh! Yuk langsung dapetin""]",False,5,1709,30,False,106
google/gemma-3-4b-it,ruggedness,excitement,hybrid_early,0.3,Gak cuma tampil sporty tapi sepatu Signore yang satu ini bisa buat makin gesit. Dapatkan di Surabaya,"“Gak cuma keren sporty, sepatu Signore ini bikin kamu makin lincah! Buruan ke Surabaya, langsung cek!”",False,5904,4200298,42,"[""Kamis happy bareng PROMO yang bikin kamu senyum tiap hari! Cek aplikasi kamu sekarang yuk~"", ""Selain ada juga loh yang siap bikin hari kamu makin semangat"", ""Hi Beb bikin hari kamu ceria yuk dengan promo Kentjan. Dikit lagi udah mau habis nih kuotanya"", ""Bikin hari Rabu jadi makin seru bareng PROMO yang bikin semangat jadi full terus! Pas banget nih buruan order siang ini!"", ""Siap-siap! Kita bikin rabu kamu lebih ceria dgn PROMO menarik yg bisa kamu dapetin untuk pemesanan melalui dan ! Kuy cek sekarang!""]",False,5,1454,27,False,102
google/gemma-3-4b-it,ruggedness,excitement,hybrid_early,0.3,mohon maaf sebelum nya karna kita tidak melayani delivery dr store puncak ke BSD atau pun ke tempat lain mas. thanks,"“Maaf sebelumnya, karena kami tidak menyediakan layanan pengiriman dari toko Puncak ke BSD atau tempat lain ya, mas. Terima kasih.”",False,5753,4200299,42,"[""[] 2 servis Gojek buat kirim hampers di Ramadan ini apa coba gaes? Buruan jawab dan jangan lupa tulis juga kode promonya ya. Jawab pake cara ini: 1. Tulis jawaban di kolom komentar & mention 2 orang temen 2. Sertakan hashtag & 3."", ""Hai Kak maaf banget ya udah bikin kamu telat silakan infokan no order yg berkendala melalui DM supaya bisa aku bantu cek ya. Tks^feb"", ""Hai Kak maaf banget ya udah bikin nggak nyaman. Mohon untuk konfirmasi kepada pihak Tokopedia atau langsung mengunjungi website terlebih dahulu ya Kak agar dapat segera ditindaklanjuti. Terima kasih^ygb"", ""Halo Kak mohon maaf sudah bikin kakak ga nyaman. Supaya bisa dibantu mengenai laporannya bisa hubungi aku melalui DM nomor order yang dikeluhkan ya dan struk belanjanya. Terima kasih ^yun"", ""Hai Kak mohon maaf atas kendalanya hal tersebut biasanya terjadi jika permintaan layanan Gojek di areamu sedang tinggi. Mohon tunggu beberapa saat & coba buat pesanan kembali ya. Terima kasih -DW""]",False,5,1922,29,False,131
google/gemma-3-4b-it,ruggedness,excitement,hybrid_early,0.3,*Nyiapin hadiah buat Giveaway dulu,"""Siap-siap hadiah buat giveawaynya ya! 🎉 Jangan lewatkan kesempatan menang hadiah keren!""",False,5405,4200300,42,"[""GIVEAWAY ALERT Hadiah buat kamu yang sering pake Gojek! Jangan dilewatin dan menangin hadiah total senilai Rp7.000.000! Syaratnya: 1. Pastikan akun kamu tidak di-private dan follow 2. Reply jawaban kamu mention 2 orang teman dan wajib cantumkan hashtag"", ""Selamat kepada mendapatkan hadiah spesial Tiap weekend pokoknya aku bakal bagi-bagi HP jadi pantengin terus ya! TUNGGUIN GIVEAWAY NYA LAGI YA MALAM INI"", ""[PENGUMUMAN ] Selamat untuk pemenang GIVEAWAY tebak kode promo yang dipake Dido & Sekala Cek DM kamu sekarang ya! Mimin tunggu"", ""Seneng banget dengernya semoga bermanfaat buat kamu ya!! Yang mau hp gratis juga ikutin terus giveawaynya tiap Jumat-Senin malam di Jam 7 selama periode Tokopedia Happy Hour ya"", ""[PENGUMUMAN ] Selamat untuk para pemenang GIVEAWAY GoCar pas lebaran kemarin Cek DM kamu sekarang ya! Mimin tunggu~""]",False,5,1715,23,False,89
google/gemma-3-4b-it,sophistication,excitement,hybrid_early,0.3,Hii Bestie mohon informasikan kode order struk pembelian serta screenshoot My Orders di akun SOCO kamu via DM yaa agar dapat kami bantu pengecekan lebih lanjut :),Hai Bestie maaf banget ya kalau ada kendala dengan promo SOCO. Boleh info nomor telepon dan screenshot detail order kamu via DM yaa supaya bisa bantu cek lebih lanjut :),False,3714,4200301,42,"[""Hai Kak maaf banget atas kendala promo aplikasi Gojeknya ya Kak. Boleh informasikan nomor order dan screenshot detail promo yang kamu gunakan via DM ya. Terima kasih^ekw"", ""Hai Kak maaf banget atas kendala promo aplikasi Gojeknya ya Kak. Boleh informasikan nomor telepon dan email terdaftar serta screenshot ketentuan promonya via DM supaya kendala kamu bisa kami cek. Terima kasih^ekw"", ""Hai kak maaf banget ya kak silakan infokan no hp email yg terdaftar dan screenshot syarat ketentuan promo melalui DM supaya bisa aku bantu cek ya. Tks^feb"", ""Hai Kak maaf banget atas kendala promo aplikasi Gojeknya ya Kak. Boleh informasikan nomor telepon dan email terdaftar serta screenshot ketentuan promonya via DM ya supaya kendala kamu bisa kami cek. Terima kasih^ekw"", ""Hai Kak maaf banget atas kendala promo aplikasi Gojeknya ya Kak. Boleh informasikan nomor telepon dan email terdaftar via DM supaya kendala kamu bisa kami cek. Terima kasih^ekw""]",False,5,1949,38,False,169
google/gemma-3-4b-it,sincerity,excitement,hybrid_early,0.3,canciii,Canciii yaaa!,False,2136,4200302,42,"[""Iniii kakkk"", ""hihihi mantap kak!"", ""Semoga bisaaa yaaa"", ""Makasih kak"", ""Yes banget! Ketemu besok ya Ci""]",False,5,956,6,False,13
google/gemma-3-4b-it,sincerity,excitement,hybrid_early,0.3,Renyahnya Curly Fries emang nikmat banget untuk jadi pilihan cemilan. Apalagi kini hadir dalam kemasan kolaborasi khusus dengan My Melody & Cinnamoroll yang menggemaskan. Yang suka juga sama Curly Fries coba comment Enak di kolom komentar. Tersedia di Mekdi terdekat,"""Curly Fries yang renyah itu juara bgt buat cemilan! Sekarang ada kemasan kolaborasi My Melody & Cinnamoroll yang super gemesin! Cus komen di bawah kalau udah dicoba, enak banget! Ada di Mekdi terdekat yaaa!""",False,1673,4200303,42,"[""Selamat Hari Jumat buat semua !!! Biar makin semangat buat weekend yuk minum di jilid terdekatmu! Ada Es Kopi Susu dengan design yang keren banget loh. Buat yang belum cobain yuk langsung cobain sekarang juga"", ""Hai Kak maaf banget ya Kak udah bikin kamu nggak nyaman. Saat ini promo yang ditawarkan di aplikasi Gojek udah nggak bisa digabung lagi ya Kak. Terima kasih^DW"", ""Hai Kak maaf banget ya udah bikin kamu nggak nyaman. Saat ini promo yang ditawarkan di aplikasi Gojek udah nggak bisa digabung lagi ya Kak. Kamu hanya bisa menggunakan satu promo untuk satu transaksi. ^yb"", ""Nikmati PROMO buat nemenin kamu berbuka bareng yang manis! Order sekarang biar nggak ngantri~"", ""Nikmati hematnya menu dan favorit kamu hari ini dengan menggunakan PROMO DARURAT! Yuuk order sekarang dan sebarkan kabar bahagia ini ke mu ya!""]",False,5,1933,56,False,208
google/gemma-3-4b-it,sophistication,excitement,hybrid_early,0.3,Buat kamu yang punya rencana belanja ke Sociolla Store siap-siap dapetin WONDER GIFTS dengan belanja minimal 350K Tinggal scan barcode yang ada di receipt kamu langsung play & spin the wheel,"“Yuk, buat kamu yang mau belanja di Sociolla Store! Siap-siap dapetin WONDER GIFTS dengan belanja minimal 350K! Tinggal scan barcode di receipt, langsung play & spin the wheel!”",False,3696,4200304,42,"[""Semangat nder biar happy cek Tokopedia Happy Hour pasti diskon 30% mulai dari jam 19.00 WIB aja"", ""Sore . Lelah bekerja seharian? Bisa banget untuk refresh lagi dengan yang seger. dimana lagi kalau bukan ! PROMO masih bisa kamu nikmati yaaa! order sekarang juga!"", ""PROMO awal minggu dari selalu ada buat nemenin hari-hari kamu! Order sekarang melalui aplikasi yuk!"", ""PROMO spesial siap nemenin kamu di awal bulan! Buruan mluncur ke yuk!"", ""PROMO WEEKEND PICK UP bisa dapatkan dengan order di . Yuk langsung aja ke Jilid terdekat kamu Barista kece sudah menunggu""]",False,5,1598,49,False,177
google/gemma-3-4b-it,sincerity,excitement,hybrid_early,0.3,Ngabuburit ke McD aja kak sekalian beli takjilnya Double Choco Pie~,"""Udah siap ngabuburit ke McD sambil bawa takjil? Double Choco Pie-nya wajib nih, guyss~""",False,1955,4200305,42,"[""Murah banget sih iniii Ayok buruan jajan lagi mumpung promonya dijamin dapet sampe tgl 11 ini!!! Cek DM kamu dehhh"", ""Kenyang ga? Nelennya bisa sambil cek Tokopedia Happy Hour pasti diskon 30% mulai dari jam 19.00 WIB kok"", ""Gaeeesss~ Gimana senin paginya? Biar kamu seneng dan tetep hemat nih Mimin spill promo-promo Gojek"", ""Buat kamu yang lagi dirumah aja udah siapin PROMO DARURAT biar jajan tetap enak dan hemat nih! Yuk langsung serbu PROMO DARURAT dan tetap jajan hemat di rumah aja ya:)"", ""Jajan kopi di Jilid jangan lupa sambil bawa Tumblr yah! Ada diskonnya nih~""]",False,5,1484,31,False,88
google/gemma-3-4b-it,sincerity,excitement,hybrid_early,0.3,RILETTT pantang buang sebelum bener2 abis gak bersisa!,"“Gak mau keabisan RILETTT beb, pantang dibuang!”",False,2175,4200306,42,"[""Ini mah nambah uang buat ngecilin celananya ke tukang jahit biar kejadian kayak gini ga terulang Toped mau Kasih Tenang Ramadanmu ya"", ""Selamat Hari Senin semangat baru dalam memulai minggu yang baru ya!! Yuk minum dulu bareng mu biar makin semangat dan jangan lupa dapetin Tumbler kece diatas sebelum kehabisan ya masih ada HARGA PROMO loh! Yuk langsung dapetin"", ""Kak kayanya skip banget nih udah nunggu nunggu menu x hydrococo lewat Gofood buat buka puasa eh kelupaan klik order! gimana puasa hari pertamanya? Yuk ceritain sama"", ""Gabisa berhentiii"", ""MinBeb cuma mau ingetin kalau CLBK masih berlanjut nih Beb! Yuk jangan sampai kehabisan!""]",False,5,1542,20,False,48
google/gemma-3-4b-it,sophistication,excitement,hybrid_early,0.3,offers classes with internationally trained & certified instructors that suit all schedules. Call 2523456 for your spot!,"""Kelas seru buat kamu yang pengen belajar! Ada guru hebat dari luar negeri, jadwal fleksibel kok. Cus, hub 2523456 buat daftar!""",False,4365,4200307,42,"[""Semangat nder biar happy cek Tokopedia Happy Hour pasti diskon 30% mulai dari jam 19.00 WIB aja"", ""Hai Kak maaf banget ya udah bikin ngga nyaman. Agar dapat kami lakukan pengecekan lebih lanjut bisa diinformasikan nomor telepon yang terdaftar dan serta bukti Top Up kamu melalui DM ya. Tks^Ari"", ""Hai Kak maaf banget ya udah bikin kamu nggak nyaman. Bisa dibantu infoin nomor dan email kamu yang terdaftar di Gojek dan juga detail top up GoPay kamu via DM buat kami cek?Terima kasih^yb"", ""Gaeeesss~ Gimana senin paginya? Biar kamu seneng dan tetep hemat nih Mimin spill promo-promo Gojek"", ""Jam segini masih kerja lembur bagai kuda? Tenang meskipun nggak bisa ngelarin kerjaan kamu tetep bisa nemenin kamu! Order sekarang mumpung ada PROMO~""]",False,5,1705,39,False,128
google/gemma-3-4b-it,competence,excitement,hybrid_early,0.3,Setiap waktu berharga ketika kita tahu apa yang ingin dicapai dan fokus terhadap satu hal itu. Selamat pagi Sobat. Jangan lupa retweet semua postingan karena ada pulsa senilai Rp50.000 untuk 2 orang beruntung setiap harinya.,"“Waktunya berharga tuh, waktu kita tau mau capai apa dan fokus ke satu hal! Semangat pagi Bro! Jangan lupa share postingan ini ya, ada pulsa 50ribu buat 2 orang beruntung tiap hari!”",False,1072,4200308,42,"[""Selamat Hari Senin semangat baru dalam memulai minggu yang baru ya!! Yuk minum dulu bareng mu biar makin semangat dan jangan lupa dapetin Tumbler kece diatas sebelum kehabisan ya masih ada HARGA PROMO loh! Yuk langsung dapetin"", ""Semangat nder biar happy cek Tokopedia Happy Hour pasti diskon 30% mulai dari jam 19.00 WIB aja"", ""Hayo siapa yang kaya gini? Yuk beb masih sisa beberapa jam lagi untuk kamu bisa nikmatin promo 11.11! Jangan sampai kelewatan ya Beb! Siapa aja nih yang udah beli Kopi Kenangan dengan promo 11.11?"", ""Awal minggu kerjaan udah numpul? nih ada promo biar kamu melek lagi. Semangat terus ya !"", ""Masih awal minggu kepala udah spaneng sama kerjaan yang numpuk nggak kelar-kelar? Ngopi dulu yuk! Ada PROMO dari nih cek kamu ya!""]",False,5,1819,53,False,182
google/gemma-3-4b-it,sophistication,excitement,hybrid_early,0.3,Hi sudah kami reply yaa bestie.,"Hai bestie, udah kami balas yaa!",False,3580,4200309,42,"[""Hi kak sudah kami respon ya. Cek DM kamu yuk"", ""Semangat replynya kak"", ""Hai Kak maaf banget ya udah bikin kamu telat silakan infokan no order yg berkendala melalui DM supaya bisa aku bantu cek ya. Tks^feb"", ""Hallo Toppers bisa cek DM yak"", ""Hai Kak maaf banget ya buat kamu gak nyaman. Terkait kendala kamu mohon informasikan nomor order kamu via DM ya Kak untuk pengecekan. Terima kasih^ekw""]",False,5,1268,11,False,32
google/gemma-3-4b-it,sophistication,excitement,hybrid_early,0.3,Sleeveless top & black pants w/ chiffon outlay and peplum available at,"“Hai bestie! Top sleeveless & celana hitam dengan chiffon dan peplum, ada nih! Cocok banget buat kamu, buruan cek ya!”",False,4868,4200310,42,"[""Selamat Hari Jumat buat semua !!! Biar makin semangat buat weekend yuk minum di jilid terdekatmu! Ada Es Kopi Susu dengan design yang keren banget loh. Buat yang belum cobain yuk langsung cobain sekarang juga"", ""Selamat Hari Senin semangat baru dalam memulai minggu yang baru ya!! Yuk minum dulu bareng mu biar makin semangat dan jangan lupa dapetin Tumbler kece diatas sebelum kehabisan ya masih ada HARGA PROMO loh! Yuk langsung dapetin"", ""Hallo Toppers bisa cek DM yak"", ""PROMO yang ini siap nemenin kamu malem mingguan! Buruan pesan sekarang jangan sampai kelewatan~"", ""Hai para Mantan cuman mau bilang besok hari Senin loh! Btw jangan keburu bete dulu ya Beb. Sambut Senin esok dengan Oreo Cookies and Cream Shake yang akan membuat Seninmu semakin manis Kenangan""]",False,5,1682,33,False,118
google/gemma-3-4b-it,sophistication,excitement,hybrid_early,0.3,Langsung di & tweet ini ygy~ Kalo kamu dapet shopping voucher dari Sociolla kamu mau belanja apa nih di 7.7 nanti? REPLY pake hashtag buat menangin shopping vouchernya,"""Wih, cek ini ya guys~ Mau belanja apa di 7.7 nanti kalau dapet voucher Sociolla? REPLY dong pakai hashtag buat kesempatan menangin voucher belanja lagi!""",False,3713,4200311,42,"[""Ini sih langsung belanja di Tokopedia Happy Hour jam 7 malem yaa guys!"", ""Semangat nder biar happy cek Tokopedia Happy Hour pasti diskon 30% mulai dari jam 19.00 WIB aja"", ""Terharu banget dikirimin kaya gini pas pms Pasti cowo aku belinya di Tokopedia Happy Hour karena tiap jam 19.00 ada voucher diskon 30%"", ""Sttt mau jajan tetap hemat? kasih solusinya nih biar ngopi kamu anti boros! Yuk geser postingan diatas. Segera sebarkan info promo ini ke -mu dan jangan sampai kelewatan ya!"", ""Jam segini masih kerja lembur bagai kuda? Tenang meskipun nggak bisa ngelarin kerjaan kamu tetep bisa nemenin kamu! Order sekarang mumpung ada PROMO~""]",False,5,1649,39,False,154
google/gemma-3-4b-it,competence,excitement,hybrid_early,0.3,Selamat sore Kak. Maaf ya Kak. Mohon lakukan clear cache pada aplikasi dan login kembali. Pastikan jaringan internet dalam kondisi baik dan non wifi ya. Railmin imbau untuk selalu hati-hati ya terhadap akun penipuan yang mengatasnamakan KAI. Saat ini seluruh akun media sosial,Hai Kak maaf ya. Kalau gak bisa pakai voucher silakan lampirin nomor telepon email dan screenshot kendalanya ke DM ya. Terima kasih^jhn,False,594,4200312,42,"[""Hai Kak maaf banget ya. Yuk infokan nomor telepon email yang terdaftar dan bukti Top Up via DM kendala via agar dapat kami cek ya. Terima kasih^ast"", ""Hai Kak maaf banget atas kendala promo aplikasi Gojeknya ya Kak. Boleh informasikan nomor telepon dan email terdaftar via DM supaya kendala kamu bisa kami cek. Terima kasih^ekw"", ""Hai Kak maaf ya buat kamu mengalami hal ini. Aku bantu info disarankan untuk melakukan top up saldo GoPay menggunakan channel yang sudah tersedia. Selengkapnya kamu bisa cek link Terima kasih ^DW"", ""Hai Kak maaf banget atas kendala promo aplikasi Gojeknya ya Kak. Boleh informasikan nomor telepon dan email terdaftar serta detail voucher yang hilang ya supaya kendala kamu bisa kami cek. Terima kasih^ekw"", ""Hai Kak maaf jadi bikin gak nyaman ya . Kalo kamu gak bisa pakai voucher tersebut silakan lampirin nomor telepon email dan screenshot kendalanya ke DM ya. Terima kasih^jhn""]",False,5,2031,31,False,135
google/gemma-3-4b-it,competence,excitement,hybrid_early,0.3,Hai Sobat BRI tidak perlu khawatir. Guna informasi yang sesuai dapat disampaikan penyebab ingin melakukan penutupan akun BRImo. Informasi lainnya seputar BRI dapat hubungi Sabrina WhatsApp 0812 1214 017 atau akun resmi media sosial BRI yang terverifikasi. Tks~Ciska,"Hai Sobat! Jangan khawatir ya. Mau info soal penutupan akun BRImo? Yuk, kirim DM ke Sabrina WhatsApp 0812 1214 017 atau cek akun media sosial BRI yang terverifikasi! Terima kasih ~Ciska",False,76,4200313,42,"[""Hai Kak maaf banget ya udah bikin ngga nyaman. Agar dapat kami lakukan pengecekan lebih lanjut bisa diinformasikan nomor telepon yang terdaftar dan serta bukti Top Up kamu melalui DM ya. Tks^Ari"", ""Hai para Mantan bantu mimin dong buat nemuin jalan menuju paket promo BuCin kira-kira lewat mana nih ya Beb? Reply tweet ini dan mention kamu supaya sama-sama nemuin jalannya!"", ""Hai Kak maaf banget ya tapi jangan khawatir ya. Yuk sini aku bantu cek lebih lanjut dengan infoin ke aku screenshot keterangan berhasil update GoPay Plus melalui DM ya. Terima kasih -NSA"", ""Hai Kak maaf banget ya tapi jangan khawatir ya. Yuk sini aku bantu cek lebih lanjut dengan infoin ke aku nomor telepon email yang terdaftar dan screenshot bukti transaksi kamu melalui DM ya. Terima kasih -NSA"", ""Halo Kak mohon maaf buat gak nyaman. Aku butuh pengecekan dulu. Boleh infoin data kakak lewat DM cukup nomor telepon dan screenshot transaksinya. Terima kasih ^yun""]",False,5,2052,57,False,185
google/gemma-3-4b-it,sophistication,excitement,hybrid_early,0.3,Fashion Spread: Elle Indonesia December 2012 In Goth We Trust,"""Wih, Elle Indonesia December 2012! Goth vibes nih, guys~ Aesthetic banget!""",False,4877,4200314,42,"[""Padahal udah lumayan ter counter eh malah tetep aja kaos kakinya yang normal normal dikit aja mba Lagi Ramadan yang seru seru aja guys nih Toped spill buat kalian"", ""Buat stock nihh"", ""Gaeeesss~ Gimana senin paginya? Biar kamu seneng dan tetep hemat nih Mimin spill promo-promo Gojek"", ""Jangan dong buat kirim info Tokopedia Happy Hour pasti diskon 30% mulai dari jam 19.00 WIB kak"", ""Hai Kak maaf banget ya tapi jangan khawatir ya. Yuk sini aku bantu cek lebih lanjut dengan infoin ke aku nomor order dan screenshot riwayat transaksi kamu melalui DM ya. Terima kasih -NSA""]",False,5,1478,25,False,76
google/gemma-3-4b-it,ruggedness,excitement,hybrid_early,0.3,Happy weekend Consiners jangan lupa senyum dan explore hari ini. Cheers! In frame: Consina Pixel Camera Bag.,"“Happy weekend Consiners! Yuk, senyum lebar & nikmatin hari ini! ✨ In frame: Tas kamera Consina Pixel, buat petualangan makin seru! 🔥”",False,5735,4200315,42,"[""Sore . Lelah bekerja seharian? Bisa banget untuk refresh lagi dengan yang seger. dimana lagi kalau bukan ! PROMO masih bisa kamu nikmati yaaa! order sekarang juga!"", ""Semangat nder biar happy cek Tokopedia Happy Hour pasti diskon 30% mulai dari jam 19.00 WIB aja"", ""Happy weekend ! disaat masa PSBB saat ini kira-kira apa ya kegiatan yang bisa banget dilakukan untuk tetap menikmati liburan? Share dengan reply tweet ini ya!"", ""Kamis anti menangis walaupun dikejar-kejar kerjaan dan deadline bareng PROMO dari yang bikin semangat full terus! Cek harga spesialnya di yuk>>>"", ""Hi Beb bikin hari kamu ceria yuk dengan promo Kentjan. Dikit lagi udah mau habis nih kuotanya""]",False,5,1622,40,False,134
google/gemma-3-4b-it,competence,excitement,hybrid_early,0.3,Selamat pagi Kak Handika. Mohon cek balasan DM dari Railmin ya. Railmin imbau untuk selalu hati-hati ya terhadap akun penipuan yang mengatasnamakan KAI. Saat ini seluruh akun media sosial KAI121 sudah terverifikasi. Mohon abaikan jika ada balasan dari akun yang tidak,Hai Kak Handika maaf banget ya. Yuk sini Kak aku bantu cek lebih lanjut dengan infoin ke aku nomor telepon dan screenshot transaksinya ya. Mohon abaikan kalau ada balasan dari akun yang gak resmi. Terima kasih -NSA,False,819,4200316,42,"[""Hai Kak maaf banget ya udah bikin nggak nyaman. Mohon untuk konfirmasi kepada pihak Tokopedia atau langsung mengunjungi website terlebih dahulu ya Kak agar dapat segera ditindaklanjuti. Terima kasih^ygb"", ""Hai kak maaf banget ya kak silakan infokan no hp email yg terdaftar dan screenshot syarat ketentuan promo melalui DM supaya bisa aku bantu cek ya. Tks^feb"", ""Hai Kak maaf banget ya tapi jangan khawatir ya. Yuk sini aku bantu cek lebih lanjut dengan infoin ke aku nomor order dan screenshot riwayat transaksi kamu melalui DM ya. Terima kasih -NSA"", ""Halo Kak mohon maaf buat gak nyaman. Aku butuh pengecekan dulu. Boleh infoin data kakak lewat DM cukup nomor telepon dan screenshot transaksinya. Terima kasih ^yun"", ""Hai Kak maaf banget ya tapi jangan khawatir ya. Yuk sini aku bantu cek lebih lanjut dengan infoin ke aku nomor telepon email yang terdaftar dan screenshot bukti transaksi kamu melalui DM ya. Terima kasih -NSA""]",False,5,2042,49,False,214
google/gemma-3-4b-it,competence,excitement,hybrid_early,0.3,Selamat malam Kak. Mohon maaf atas ketidaknyamanannya. Saldo akan muncul di Access by KAI dalam waktu 15 menit setelah Top Up. Kakak dapat melakukan refresh pada halaman beranda Access by KAI dengan cara menarik layar dari atas ke bawah. Namun jika hingga dalam rentang waktu,Hai Kak maaf ya udah bikin kamu nggak nyaman. Bisa di infoin nomor dan email kamu yang terdaftar di Gojek dan juga detail top up GoPay kamu via DM buat kami cek? Terimakasih^yb,False,600,4200317,42,"[""Hai Kak maaf banget atas kendala promo aplikasi Gojeknya ya Kak. Boleh informasikan nomor telepon dan email terdaftar serta detail voucher yang hilang ya supaya kendala kamu bisa kami cek. Terima kasih^ekw"", ""Hai Kak maaf ya buat kamu mengalami hal ini. Aku bantu info disarankan untuk melakukan top up saldo GoPay menggunakan channel yang sudah tersedia. Selengkapnya kamu bisa cek link Terima kasih ^DW"", ""Hai Kak maaf banget atas kendala promo aplikasi Gojeknya ya Kak. Boleh informasikan nomor telepon dan email terdaftar via DM supaya kendala kamu bisa kami cek. Terima kasih^ekw"", ""Hai Kak maaf banget ya udah bikin kamu nggak nyaman. Bisa dibantu infoin nomor dan email kamu yang terdaftar di Gojek dan juga detail top up GoPay kamu via DM buat kami cek?Terima kasih^yb"", ""Hai Kak maaf ya kamu mengalami ini. Yuk di informasikan nomor telp email bukti transaksi top up nominal top up channel bank tanggal dan jam top up kamu melalui DM agar kami cek dahulu ya. Terima kasih^yni""]",False,5,2104,45,False,176
google/gemma-3-4b-it,ruggedness,excitement,hybrid_early,0.3,Siapa bilang carrier gak bisa jadi tas travelling? Consina The Narrows bisa banget nih kamu jadiin backpack untuk travelling 2-3 hari lho~! Didesain memiliki bantalan empuk membuat punggung serta pundakmu lebih nyaman!,"Hai Kak, maaf banget ya udah bikin gak nyaman. Consina The Narrows bisa jadi backpack buat travelling 2-3 hari lho~! Didesain punya bantalan empuk, nyaman buat punggung sama pundakmu!^yb",False,5527,4200318,42,"[""Hai Kak maaf banget ya udah bikin kamu nggak nyaman. Bisa dibantu infoin nomor dan email kamu yang terdaftar di Gojek dan juga detail top up GoPay kamu via DM buat kami cek?Terima kasih^yb"", ""Happy weekend ! disaat masa PSBB saat ini kira-kira apa ya kegiatan yang bisa banget dilakukan untuk tetap menikmati liburan? Share dengan reply tweet ini ya!"", ""Hai Kak maaf jadi bikin gak nyaman ya . Kalo kamu gak bisa pakai voucher tersebut silakan lampirin nomor telepon email dan screenshot kendalanya ke DM ya. Terima kasih^jhn"", ""Hai Kak maaf banget ya udah bikin kamu nggak nyaman. Saat ini promo yang ditawarkan di aplikasi Gojek udah nggak bisa digabung lagi ya Kak. Kamu hanya bisa menggunakan satu promo untuk satu transaksi. ^yb"", ""Hai Kak maaf banget ya Kak udah bikin kamu nggak nyaman. Saat ini promo yang ditawarkan di aplikasi Gojek udah nggak bisa digabung lagi ya Kak. Terima kasih^DW""]",False,5,1959,51,False,186
google/gemma-3-4b-it,sincerity,excitement,hybrid_early,0.3,Ayo bermain bersama Let s Play McDonald s di Mall Kelapa Gading 3 G1 Atrium SOGO Mulai tanggal 18-31 Desember 2023 kamu bisa bermain jadi Crew McD dari terima pesanan di Drive Thru menyiapkan menu McD hingga berpose menjadi Best Crew Let's play McDonald's juga lho.,"“Yukkkk main bareng di Let’s Play McDonald’s Kelapa Gading! Mulai 18-31 Desember 2023, jadi Crew McD seru-seruan, terima pesanan Drive Thru, siapin menu McD, sampe jadi Best Crew! Asikkkk!”",False,1746,4200319,42,"[""Hai Kak maaf banget ya Kak udah bikin kamu nggak nyaman. Saat ini promo yang ditawarkan di aplikasi Gojek udah nggak bisa digabung lagi ya Kak. Terima kasih^DW"", ""Semangat nder biar happy cek Tokopedia Happy Hour pasti diskon 30% mulai dari jam 19.00 WIB aja"", ""Kenyang ga? Nelennya bisa sambil cek Tokopedia Happy Hour pasti diskon 30% mulai dari jam 19.00 WIB kok"", ""Hayo siapa yang kaya gini? Yuk beb masih sisa beberapa jam lagi untuk kamu bisa nikmatin promo 11.11! Jangan sampai kelewatan ya Beb! Siapa aja nih yang udah beli Kopi Kenangan dengan promo 11.11?"", ""Hai Kak tetap nantikan promo menarik kami lainnya ya. Kamu juga bisa cek update promo Gojek di link Semangaaatt!! ^yb""]",False,5,1796,68,False,189
google/gemma-3-4b-it,ruggedness,excitement,hybrid_early,0.3,Eigerian ayo jadi pendaki pintar dengan terus memperbanyak ilmu pendakian dasar dan patuhi peraturan di setiap gunung yang didaki. Salam lestari!,"“Eigerian, semangat terus buat jadi pendaki kece! Yuk, tingkatkin ilmu pendakian dasar dan patuhi semua aturan di gunung ya! Salam lestari buat semua!”",False,5267,4200320,42,"[""Selamat Hari Jumat buat semua !!! Biar makin semangat buat weekend yuk minum di jilid terdekatmu! Ada Es Kopi Susu dengan design yang keren banget loh. Buat yang belum cobain yuk langsung cobain sekarang juga"", ""Mau ngopi tetap puas dan terap hemat bareng ? Pakai PROMO di bawah yuk! Ada berbagai macam PROMO hemat yang bisa kamu pilih loh! Langsung pesan dan ajak mu ya"", ""Wah Mimin senang sekali . Terima kasih ya Beb sudah selalu percaya dan setia dengan Kopi Kenangan -K"", ""Hi Kak terima kasih atas review baiknya untuk Kopi Kenangan selamat beraktivitas dan sehat selalu kak"", ""Selamat Hari Senin semangat baru dalam memulai minggu yang baru ya!! Yuk minum dulu bareng mu biar makin semangat dan jangan lupa dapetin Tumbler kece diatas sebelum kehabisan ya masih ada HARGA PROMO loh! Yuk langsung dapetin""]",False,5,1799,39,False,151
google/gemma-3-4b-it,competence,excitement,hybrid_early,0.3,Selamat ulang tahun Perum Produksi Film Negara . Semoga sukses mewujudkan ekosistem film dan konten yang lebih berkualitas dan berdaya saing.,“Happy birthday buat Perum Produksi Film Negara ya Beb! Semoga makin sukses mewujudkan ekosistem film dan konten yang keren banget dan berjuang terus! 🎉✨ Yuk semangat!”,False,1085,4200321,42,"[""Selamat Hari Senin semangat baru dalam memulai minggu yang baru ya!! Yuk minum dulu bareng mu biar makin semangat dan jangan lupa dapetin Tumbler kece diatas sebelum kehabisan ya masih ada HARGA PROMO loh! Yuk langsung dapetin"", ""Selamat Hari Jumat buat semua !!! Biar makin semangat buat weekend yuk minum di jilid terdekatmu! Ada Es Kopi Susu dengan design yang keren banget loh. Buat yang belum cobain yuk langsung cobain sekarang juga"", ""Hai Kak. Meski begitu kami masih terus mengevaluasi langkah ini dan siap mendengarkan masukan dari pelanggan-pelanggan setia Gojek demi menghadirkan layanan yang lebih baik lagi ke depannya ya. Terima kasih^yb"", ""Happy weekend Beb! Hari ini jangan lupa beli Kopi Kenangan ya! Biar nggak gabut kuy kita main dulu Kalau kata ini disusun jadi nama menu apa ya? Coba tulis jawaban kamu dengan reply tweet ini dan mention juga temanmu yang lain biar kita main bareng!"", ""Hai Kak tetap nantikan promo menarik kami lainnya ya dan semoga kamu beruntung. Kamu juga bisa cek update promo Gojek di link Semangaaatt!! ^yb""]",False,5,2037,39,False,168
google/gemma-3-4b-it,sophistication,excitement,hybrid_early,0.3,biar gak ketinggalan update terbaru tentang Vespa simak terus akun ya,"""Yuk, jangan sampai ketinggalan update terbaru soal Vespa ya, guys! Cek terus akunnya, siapa tau ada kejutan menarik nih!""",False,3982,4200322,42,"[""Semakin dekat dengan yang ! Kalian pada penasaran ngga sih ada apa aja di 11.11 besok? Cek terus media sosial Kopi Kenangan untuk info selanjutnya ya Beb!"", ""Hai Kak tetap nantikan promo menarik kami lainnya ya dan semoga kamu beruntung. Kamu juga bisa cek update promo Gojek di link Semangaaatt!! ^yb"", ""Hai Kak maaf banget ya tapi jangan khawatir ya. Yuk sini aku bantu cek lebih lanjut dengan infoin ke aku screenshot keterangan berhasil update GoPay Plus melalui DM ya. Terima kasih -NSA"", ""[PENGUMUMAN ] Selamat untuk para pemenang GIVEAWAY GoCar pas lebaran kemarin Cek DM kamu sekarang ya! Mimin tunggu~"", ""[PENGUMUMAN ] Selamat buat kamu yang beruntung menang Giveaway GoCar Cek DM kamu sekarang ya! Mimin tunggu""]",False,5,1634,32,False,122
google/gemma-3-4b-it,competence,excitement,hybrid_early,0.3,Hi kak aiy kami mohon maaf sekali atas ketidaknyamanan yang terjadi.Apakah kamu bersedia jika tim kami membantu pengecekan melalui layanan Smart Tutor atau kendali jarak jauh? Kakak bisa hubungi kami di nomor bebas pulsa 0-800-112-888 untuk bantuan lebih lanjut,"Hai Kak maaf banget ya atas ketidaknyamanan yang terjadi. Yuk, Kak hubungi nomor bebas pulsa 0-800-112-888 biar tim kami bantu cek via Smart Tutor atau kendali jarak jauh ya. Terima kasih -NSA",False,563,4200323,42,"[""Hai Kak maaf banget ya udah bikin nggak nyaman. Mohon untuk konfirmasi kepada pihak Tokopedia atau langsung mengunjungi website terlebih dahulu ya Kak agar dapat segera ditindaklanjuti. Terima kasih^ygb"", ""Hai Kak maaf banget ya buat kamu kurang nyaman. Mohon informasikan detail kendala kamu ya Kak untuk pengecekan. Terima kasih^ekw"", ""Hai Kak maaf banget ya tapi jangan khawatir ya. Yuk sini aku bantu cek lebih lanjut dengan infoin ke aku nomor order dan screenshot kendala kamu melalui DM ya. Terima kasih -NSA"", ""Hai Kak maaf banget buat Kakak nggak nyaman ya. Apakah kamu berkendala saat pemesanan dengan driver kami? Jika iya boleh bantu infokan nomor order kamu agar kami bantu proses lebih lanjut ya. Terima kasih^ast"", ""Halo kak mohon maaf sudah buat kakak kecewa. Kami sudah bantu tindaklanjut via DM ya""]",False,5,1921,56,False,192
google/gemma-3-4b-it,sincerity,excitement,hybrid_early,0.3,Untuk saus nya onion mayo saus ya kak,"""Sausnya onion mayo ya kak?""",False,2001,4200324,42,"[""Makin rajin masak yaa"", ""Selamat Hari Jumat buat semua !!! Biar makin semangat buat weekend yuk minum di jilid terdekatmu! Ada Es Kopi Susu dengan design yang keren banget loh. Buat yang belum cobain yuk langsung cobain sekarang juga"", ""Hai Kak maaf banget ya supaya order kamu sampai lebih cepat sekarang order kamu langsung dimasak oleh merchant & pasti sesuai aplikasi. Karena itu sekarang nggak bisa ubah menu atau dibatalin ya Kak karena merchant sudah langsung memasak makanan kamu. Terima kasih^yb"", ""Murah banget sih iniii Ayok buruan jajan lagi mumpung promonya dijamin dapet sampe tgl 11 ini!!! Cek DM kamu dehhh"", ""Hallo kak order via grabfood/gofood lagi banyak promo loh! Yuk cek sekarang""]",False,5,1583,11,False,28
google/gemma-3-4b-it,sophistication,excitement,hybrid_early,0.3,silakan cek di,"Hai, silakan cek di ya!",False,4150,4200325,42,"[""Buruan cek guys"", ""Siap kak! Ditunggu ya"", ""Silakan bisa cek DM ya Kak :)"", ""Hai Kak silakan cek DM ya"", ""Siap ditunggu kak!""]",False,5,983,9,False,23
google/gemma-3-4b-it,sincerity,excitement,hybrid_early,0.3,Office Look Inspo Beauties bosen ke kantor gitu-gitu aja? Yuk cobain look terbaru Wardah Feeling Brownish Highlightnya ada di lip dan eye make up bernuansa brownish yang bikin look kamu elegan dan strong!,"""Hey Beauties, bosen ke kantor? Yuk update look-mu sama Wardah Feeling Brownish! Lip & eye make up bernuansa brownish bikin penampilanmu elegan & kuat, pasti cakep!""",False,2334,4200326,42,"[""Kamis happy bareng PROMO yang bikin kamu senyum tiap hari! Cek aplikasi kamu sekarang yuk~"", ""Hai para Mantan cuman mau bilang besok hari Senin loh! Btw jangan keburu bete dulu ya Beb. Sambut Senin esok dengan Oreo Cookies and Cream Shake yang akan membuat Seninmu semakin manis Kenangan"", ""Biar semangat dikasih Tokopedia Happy Hour pasti diskon 30% mulai dari jam 19.00 WIB sih"", ""Hi Beb bikin hari kamu ceria yuk dengan promo Kentjan. Dikit lagi udah mau habis nih kuotanya"", ""Terharu banget dikirimin kaya gini pas pms Pasti cowo aku belinya di Tokopedia Happy Hour karena tiap jam 19.00 ada voucher diskon 30%""]",False,5,1663,44,False,165
google/gemma-3-4b-it,competence,excitement,hybrid_early,0.3,Mohon maaf atas ketidaknyamanan yang Bapak/Ibu Pelanggan alami. Untuk saat ini tidak ada informasi kendala ya kami sarankan Bapak/Ibu untuk mencoba secara berkala dan pastikan menggunakan jaringan internet stabil. :) Tks ^Ansel,Halo Bapak/Ibu mohon maaf atas ketidaknyamanannya. Jika masih kurang puas dengan pesanan mohon sampaikan pada link berikut ya : Keluhan Bapak/Ibu akan segera kami tindaklanjuti. Tks ^Ansel,False,1292,4200327,42,"[""Hallo kak mohon maaf atas ketidaknyamananya kemungkinan Jilid sedang sibuk. Apabila kakak mengalami kejadian serupa di kemudian hari mohon kesediaanya untuk mencoba lagi nanti atau order di Jilid terdekat lainnya terima kasih"", ""Halo kak mohon maaf sudah buat kakak kecewa. Jika kakak masih kurang puas dengan pesanannya mohon untuk sampaikan pada link berikut ya : Keluhan kakak akan segera kami tindaklanjuti. Terima kasih"", ""Halo kak mohon maaf sudah buat kakak kecewa. Jika masih kurang puas dengan pesanannya mohon untuk sampaikan pada link berikut ya : Keluhan kakak akan segera kami tindaklanjuti. Terima kasih"", ""Halo kak mohon maaf atas ketidaknyamanannya. Apabila kakak belum puas dengan pesananya mohon untuk sampaikan pada link berikut ya : Keluhan kakak akan segera kami tindaklanjuti. Terima kasih"", ""Hallo kak mohon maaf atas ketidak nyamanannya. Terkait keluhan yang kakak sampaikan akan admin follow up ke outlet terkait. Mohon dibantu kirimkan data kontak yang dapat dihubungi ya kak. Terima kasih""]",False,5,2087,52,False,188
google/gemma-3-4b-it,sophistication,excitement,hybrid_early,0.3,Stillness and quiet elegance are this season s charms to embrace,"""Yuhuuu, keheningan dan keanggunan tenang itu pesona yang bisa kita selipin nih buat season ini!""",False,4712,4200328,42,"[""Happy weekend ! disaat masa PSBB saat ini kira-kira apa ya kegiatan yang bisa banget dilakukan untuk tetap menikmati liburan? Share dengan reply tweet ini ya!"", ""Hai Kak maaf banget ya udah bikin kamu nggak nyaman. Bisa dibantu infoin nomor dan email kamu yang terdaftar di Gojek dan juga detail top up GoPay kamu via DM buat kami cek?Terima kasih^yb"", ""Hi Beb bikin hari kamu ceria yuk dengan promo Kentjan. Dikit lagi udah mau habis nih kuotanya"", ""Yuhuuu mimin seneng deh kalau bebeb jadi happy gini"", ""Hai Kak maaf banget ya udah bikin ngga nyaman. Terkait dengan keluhanmu mohon diinformasikan nomor telepon dan email kamu yang terdaftar melalui DM supaya bisa kami bantu cek ya. Tks^Ari""]",False,5,1601,30,False,97
google/gemma-3-4b-it,ruggedness,excitement,hybrid_early,0.3,Terima kasih kami ucapkan atas dukungan yang luar biasa dari Bapak Menteri Pariwisata dan Ekonomi Kreatif Republik Indonesia serta untuk Consina dalam Anniversary ke-24.,"""Hai Bapak Menteri & buat Consina juga, makasih banyak buat dukungannya ya buat anniversary ke-24 mimin! Semoga terus sukses dan lancar semuanya -K""",False,5573,4200329,42,"[""Hai Beb terima kasih untuk antusiasnya. Terkait hal ini akan admin follow up ke bagian terkait. Smeoga keinginanmua terwujud ya -K"", ""Kak Christina juga ikut mengucapkan Happy 2nd Anniversary untuk ! Terima kasih kakak sukses terus juga untuk kakak ya . Dalam rangka ini ada berbagai pilihan promo serta paket yang bisa dinikmati. Yuk nikmati promonya sekarang juga"", ""Hai Kak maaf banget atas kendala promo aplikasi Gojeknya ya Kak. Boleh informasikan nomor order dan screenshot detail promo yang kamu gunakan via DM ya. Terima kasih^ekw"", ""Hai para Mantan bantu mimin dong buat nemuin jalan menuju paket promo BuCin kira-kira lewat mana nih ya Beb? Reply tweet ini dan mention kamu supaya sama-sama nemuin jalannya!"", ""Hai Kak maaf banget ya buat kamu kurang nyaman. Terkait kendala kamu mohon informasikan nomor telepon dan email terdaftar via DM ya Kak untuk pengecekan. Terima kasih^ekw""]",False,5,1905,38,False,148
google/gemma-3-4b-it,sophistication,excitement,hybrid_early,0.3,Terima kasih reviewnya Bestie,"Halo Bestie, makasih banyak ya udah review!",False,3601,4200330,42,"[""Hi kak thank you udah mampir ya. Kalau boleh tau kakak suka beli di Jilid berapa?"", ""Hai Kak maaf banget ya udah bikin nggak nyaman. Mohon untuk konfirmasi kepada pihak Tokopedia atau langsung mengunjungi website terlebih dahulu ya Kak agar dapat segera ditindaklanjuti. Terima kasih^ygb"", ""Hai Kak maaf banget atas kendala promo aplikasi Gojeknya ya Kak. Boleh informasikan nomor order dan screenshot detail promo yang kamu gunakan via DM ya. Terima kasih^ekw"", ""Halo kak terima kasih ya udah suka sama varian terbaru kami. Jangan lupa racunin lainnya"", ""Hi Kak terima kasih atas review baiknya untuk Kopi Kenangan selamat beraktivitas dan sehat selalu kak""]",False,5,1531,12,False,43
google/gemma-3-4b-it,sincerity,excitement,hybrid_early,0.3,Semua jawaban di atas merupakan hal yang dapat memicu . Namun banyak cara yang bisa dilakukan untuk mencegahnya antara lain dengan mulai mengonsumsi makanan kaya serat seperti gandum utuh berolahraga dan meditasi.,"“Biar nggak bingung mikirin masalah? Tenang, banyak cara buat atasi! Yuk mulai makan makanan sehat kaya serat, olahraga, terus meditasi biar pikiran tenang!”",False,6133,4200331,42,"[""Sttt mau jajan tetap hemat? kasih solusinya nih biar ngopi kamu anti boros! Yuk geser postingan diatas. Segera sebarkan info promo ini ke -mu dan jangan sampai kelewatan ya!"", ""Selamat Hari Jumat buat semua !!! Biar makin semangat buat weekend yuk minum di jilid terdekatmu! Ada Es Kopi Susu dengan design yang keren banget loh. Buat yang belum cobain yuk langsung cobain sekarang juga"", ""Biar nggak bingung siapin menu sarapan besok dari sekarang yuk! Nih kasih kamu PROMO sarapan dan yang bikin semangat seharian~"", ""Jam segini masih kerja lembur bagai kuda? Tenang meskipun nggak bisa ngelarin kerjaan kamu tetep bisa nemenin kamu! Order sekarang mumpung ada PROMO~"", ""Selamat Hari Senin semangat baru dalam memulai minggu yang baru ya!! Yuk minum dulu bareng mu biar makin semangat dan jangan lupa dapetin Tumbler kece diatas sebelum kehabisan ya masih ada HARGA PROMO loh! Yuk langsung dapetin""]",False,5,1956,38,False,157
google/gemma-3-4b-it,ruggedness,excitement,hybrid_early,0.3,yuk kita sama-sama menjaga kelestarian hutan mangrove agar keseimbangan ekosistem tetap terjaga!,"""Yuk, jaga kelestarian hutan mangrove biar keseimbangan alam tetap terjaga! Asik kan, semangat!""",False,5456,4200332,42,"[""Selamat Hari Senin semangat baru dalam memulai minggu yang baru ya!! Yuk minum dulu bareng mu biar makin semangat dan jangan lupa dapetin Tumbler kece diatas sebelum kehabisan ya masih ada HARGA PROMO loh! Yuk langsung dapetin"", ""Sore . Lelah bekerja seharian? Bisa banget untuk refresh lagi dengan yang seger. dimana lagi kalau bukan ! PROMO masih bisa kamu nikmati yaaa! order sekarang juga!"", ""Terima kasih kak karena sudah mendukung Kopi Kenangan dalam menjaga lingkungan menjadi lebih baik"", ""Waahh seru ya. Jangan lupa untuk tetap patuhi protokol ya kak stay safe"", ""Happy weekend ! disaat masa PSBB saat ini kira-kira apa ya kegiatan yang bisa banget dilakukan untuk tetap menikmati liburan? Share dengan reply tweet ini ya!""]",False,5,1672,25,False,96
google/gemma-3-4b-it,competence,excitement,hybrid_early,0.3,Apabila ponsel hilang silakan melakukan penghapusan nomor ponsel yang terdaftar pada akun BRImo dengan menghubungi layanan Contact BRI 1500017. Selanjutnya Sobat BRI dapat melakukan pengkinian data nomor ponsel sekaligus registrasi ulang akun BRImo di kantor BRI awal pembuka,"Hai Kak, maaf banget ya udah bikin kurang nyaman. Kalau ada masalah dengan ponsel, silakan infokan nomor telepon dan email yang terdaftar di BRImo, serta detail penghapusan nomor ponsel yang sudah dilakukan via DM ya. Terimakasih^yb",False,64,4200333,42,"[""Hai Kak maaf banget atas kendala promo aplikasi Gojeknya ya Kak. Boleh informasikan nomor telepon dan email terdaftar serta detail voucher yang hilang ya supaya kendala kamu bisa kami cek. Terima kasih^ekw"", ""Hai Kak maaf banget ya udah bikin ngga nyaman. Agar dapat kami lakukan pengecekan lebih lanjut bisa diinformasikan nomor telepon yang terdaftar dan serta bukti Top Up kamu melalui DM ya. Tks^Ari"", ""Hai Kak jangan khawatir ya. Yuk infokan nomor telepon email yang terdaftar dan screenshot detail history tarik tunai yang kamu lakukan via DM agar dapat kami cek ya. Terima kasih^ast"", ""Hai Kak maaf banget ya udah bikin kamu nggak nyaman. Bisa dibantu infoin nomor dan email kamu yang terdaftar di Gojek dan juga detail top up GoPay kamu via DM buat kami cek?Terima kasih^yb"", ""Hai kak maaf banget ya kak silakan infokan no hp email yg terdaftar dan detail voucher yg hilang melalui DM supaya bisa aku bantu cek ya. Tks^feb""]",False,5,2050,53,False,232
google/gemma-3-4b-it,ruggedness,excitement,hybrid_early,0.3,New Consina Fortress Short pants Rp 120.000,"“Guyss, New Consina Fortress Short pants udah hadir! Harganya cuma Rp 120.000 lho! Jangan sampai kehabisan, buruan order sekarang!”",False,5666,4200334,42,"[""Selamat Hari Jumat buat semua !!! Biar makin semangat buat weekend yuk minum di jilid terdekatmu! Ada Es Kopi Susu dengan design yang keren banget loh. Buat yang belum cobain yuk langsung cobain sekarang juga"", ""Jam segini masih kerja lembur bagai kuda? Tenang meskipun nggak bisa ngelarin kerjaan kamu tetep bisa nemenin kamu! Order sekarang mumpung ada PROMO~"", ""Gaeeesss~ Gimana senin paginya? Biar kamu seneng dan tetep hemat nih Mimin spill promo-promo Gojek"", ""[LAST DAY] Hi Para Mantan HARI INI promo terakhir beli harga reguler GRATIS Upsize untuk menu baru loh! Jangan sampai ketinggalan ya! S&K:"", ""Yuk diserbu yuk! Buat yang kemarin belum kebagian nih MinBeb kasih promo CLBK sampe tanggal 15 Desember pula! Psst kuota harian terbatas ya""]",False,5,1636,41,False,131
google/gemma-3-4b-it,sophistication,excitement,hybrid_early,0.3,Udah restock makeup skincare atau parfum buat Lebaran nanti gak nih? Kalau belum... Mimins mau SPILL promo yang BEST DEAL banget!~,“Udah stok skincare atau parfum Lebaran belum nih bestie? Kalau belum… Mimin spill promo TERGILA-GILAAN! Buruan cek sekarang!”,True,3575,4200335,42,"[""Sore . Lelah bekerja seharian? Bisa banget untuk refresh lagi dengan yang seger. dimana lagi kalau bukan ! PROMO masih bisa kamu nikmati yaaa! order sekarang juga!"", ""Gaeeesss~ Gimana senin paginya? Biar kamu seneng dan tetep hemat nih Mimin spill promo-promo Gojek"", ""Sebelum hari minggu berakhir pake dulu nih promo spesial weekend. Pesennya pake ya !"", ""Lebih hemat bareng PROMO pesan biar kamu hepi terus seharian~ Cek PROMOnya di aplikasi ya!"", ""Hai para Mantan cuman mau bilang besok hari Senin loh! Btw jangan keburu bete dulu ya Beb. Sambut Senin esok dengan Oreo Cookies and Cream Shake yang akan membuat Seninmu semakin manis Kenangan""]",False,5,1619,36,False,126
google/gemma-3-4b-it,competence,excitement,hybrid_early,0.3,Selamat siang Kak Keina. Mohon maaf KA Pangrango mulai tanggal 16 Juni 2025 dan setelahnya belum dapat dilakukan pemesanan sehubungan adanya penyesuaian operasionalnya kembali. Kakak dapat cek berkala ketersediaan tiketnya melalui aplikasi Access by KAI pada menu Antar Kota .,Hai Kak Keina maaf banget ya udah bikin nggak nyaman. Mohon maaf KA Pangrango mulai 16 Juni 2025 dan setelahnya belum bisa dipesan ya karena adanya penyesuaian operasional. Kakak bisa cek berkala ketersediaan tiketnya lewat aplikasi Access by KAI di menu Antar Kota. Terima kasih^ibl,False,848,4200336,42,"[""Hai Kak maaf banget ya udah bikin kamu telat silakan infokan no order yg berkendala melalui DM supaya bisa aku bantu cek ya. Tks^feb"", ""Hai Kak maaf banget atas kendala promo aplikasi Gojeknya ya Kak. Boleh informasikan nomor order dan screenshot detail promo yang kamu gunakan via DM ya. Terima kasih^ekw"", ""Halo Kak mohon maaf sudah bikin kakak ga nyaman. Supaya bisa dibantu mengenai laporannya bisa hubungi aku melalui DM nomor order yang dikeluhkan ya dan struk belanjanya. Terima kasih ^yun"", ""Hai Kak maaf banget ya udah bikin nggak nyaman. Mohon untuk konfirmasi kepada pihak Tokopedia atau langsung mengunjungi website terlebih dahulu ya Kak agar dapat segera ditindaklanjuti. Terima kasih^ygb"", ""Hai Kak maaf banget ya Kak sudah bikin Kamu engga nyaman. Coba dibantu lampirkan nomor order dan detail kronologinya kepada kami via DM ya Kak. Terima kasih ^ ibl""]",False,5,1989,75,False,283
google/gemma-3-4b-it,competence,excitement,hybrid_early,0.3,Dalam komitmen membantu menciptakan talenta digital yang berdaya saing tinggi Telkom Indonesia melalui Pijar Sekolah dan by.U milik Telkomsel bersinergi menyelenggarakan diseminasi bertajuk Digitalisasi Pengelolaan Sekolah Melalui Pijar Sekolah dan by.U.,"""Yuk, ramaikan Digitalisasi Pengelolaan Sekolah bareng Telkom! Pijar Sekolah & by.U punya diseminasi seru buat bikin talenta digital makin jago! Jangan ketinggalan yaa!""",False,1100,4200337,42,"[""Sambut awal bulan dengan PROMO di Aplikasi Jiwa+ yang belum download Aplikasi Jiwa+ bisa download sekarang juga untuk menikmati berbagai PROMO menarik! jangan lupa mention lainnya yaaa ^^"", ""Saatnya ngopi bareng -mu! PROMO PAY DAY siap bikin dompet kamu tetap hemat loh~ Langsung pesan di aplikasi JIWA+ dan yaa!"", ""Selamat Hari Jumat buat semua !!! Biar makin semangat buat weekend yuk minum di jilid terdekatmu! Ada Es Kopi Susu dengan design yang keren banget loh. Buat yang belum cobain yuk langsung cobain sekarang juga"", ""Semangat nder biar happy cek Tokopedia Happy Hour pasti diskon 30% mulai dari jam 19.00 WIB aja"", ""Hi Beb bikin hari kamu ceria yuk dengan promo Kentjan. Dikit lagi udah mau habis nih kuotanya""]",False,5,1819,47,False,169
google/gemma-3-4b-it,competence,excitement,hybrid_early,0.3,Sila Keempat menuntun kita untuk mengambil keputusan melalui musyawarah.,"“Yuk, keempatnya ngambil keputusan bareng-bareng lewat musyawarah! Buruan nih, langsung aja ya!”",False,945,4200338,42,"[""[PENGUMUMAN ] Siapa yang kemarin nulis cerita tentang persiapan Ramadan? Mimin udah punya pemenangnya nih~ Buruan kirim data diri kamu lewat DM ya ges! Wuhuuu"", ""Jadi hemattt"", ""Rabu makin seru dengan PROMO WEDNESDAY DEAL dari Segerin hati dan jiwamu dengan yang sudah pasti kasih yang terbaik untuk"", ""Selasa cerita bareng PROMO biar mood bagus seharian buruan order sekarang!"", ""Memasuki promo CUAN hari ke 3 nih Beb! Nah sebelum kamu bisa mendapatkan promo CUANnya yuk coba temukan dulu jalan menuju promo CUAN Cashback untuk kalian! Dari A B atau C ya?""]",False,5,1473,28,False,96
google/gemma-3-4b-it,competence,excitement,hybrid_early,0.3,Kunjungi untuk informasi lebih lanjut!,"“Yuk, langsung cek link buat info lengkapnya, Kak!”",False,876,4200339,42,"[""Yuk langsung ke Jilid terdekat! Bisa order di atau karena Masih ada PROMO Menarik kak ;)"", ""Hai Kak tetap nantikan promo menarik kami lainnya ya dan semoga kamu beruntung. Kamu juga bisa cek update promo Gojek di link Semangaaatt!! ^yb"", ""Hai Kak untuk info biaya layanan silakan buka link ya Kak. Tks^feb"", ""Hai Kak untuk promo kamu bisa cek link Terima kasih ^DW"", ""Ada PROMO spesial untuk hari ini! Buruan cek sekarang juga!""]",False,5,1310,15,False,51
google/gemma-3-4b-it,sincerity,excitement,hybrid_early,0.3,minty mau liat ombre lip yg kamu bikin pake Wardah dong!!! siapa tau bisa sekalian jadi inspo buat temen temen di sini,"“Minty, penasaran banget pengen liat ombre lip kamu yang kece pake Wardah dong! Pasti bisa jadi inspirasi buat kalian semua di sini, yuk!”",False,2231,4200340,42,"[""Hai para Mantan cuman mau bilang besok hari Senin loh! Btw jangan keburu bete dulu ya Beb. Sambut Senin esok dengan Oreo Cookies and Cream Shake yang akan membuat Seninmu semakin manis Kenangan"", ""Selamat Hari Senin semangat baru dalam memulai minggu yang baru ya!! Yuk minum dulu bareng mu biar makin semangat dan jangan lupa dapetin Tumbler kece diatas sebelum kehabisan ya masih ada HARGA PROMO loh! Yuk langsung dapetin"", ""Seneng banget dengernya semoga bermanfaat buat kamu ya!! Yang mau hp gratis juga ikutin terus giveawaynya tiap Jumat-Senin malam di Jam 7 selama periode Tokopedia Happy Hour ya"", ""Hi Beb bikin hari kamu ceria yuk dengan promo Kentjan. Dikit lagi udah mau habis nih kuotanya"", ""Selamat Hari Jumat buat semua !!! Biar makin semangat buat weekend yuk minum di jilid terdekatmu! Ada Es Kopi Susu dengan design yang keren banget loh. Buat yang belum cobain yuk langsung cobain sekarang juga""]",False,5,1875,37,False,138
google/gemma-3-4b-it,sincerity,excitement,hybrid_early,0.3,Day 1: Exfoliating Day Beauties pori-pori yang tersumbat kotoran atau komedo menjadi salah satu faktor yang sering menyebabkan jerawat lho! Makanya tahap eksfoliasi menjadi salah satu tahapan yang penting karena membantu membersihkan kulit dari kotoran dan sel kulit mati.,"“Hari pertama: Hari Eksfoliasi, Beauty! Pori-pori yang belepotan kotoran atau komedo tuh sering jadi penyebab jerawatan lho! Makanya eksfoliasi jadi penting banget, bantu bersihin kulit dari kotoran sama sel kulit mati.”",False,2308,4200341,42,"[""Semangat nder biar happy cek Tokopedia Happy Hour pasti diskon 30% mulai dari jam 19.00 WIB aja"", ""Biar semangat dikasih Tokopedia Happy Hour pasti diskon 30% mulai dari jam 19.00 WIB sih"", ""Terharu banget dikirimin kaya gini pas pms Pasti cowo aku belinya di Tokopedia Happy Hour karena tiap jam 19.00 ada voucher diskon 30%"", ""Sama kaya mau cek Tokopedia Happy Hour pasti diskon 30% mulai dari jam 19.00 WIB eh tiba2 banyak paket berdatangan"", ""Mungkin karena masih ada Tokopedia Happy Hour pasti diskon 30% mulai dari jam 19.00 WIB jadi keliatan baik baik aja""]",False,5,1679,59,False,220
google/gemma-3-4b-it,sincerity,excitement,hybrid_early,0.3,Baca informasi lengkapnya di,Yuk baca detailnya di!,False,6077,4200342,42,"[""Hai Kak maaf banget ya tapi jangan khawatir ya. Yuk sini aku bantu cek lebih lanjut dengan infoin ke aku screenshot keterangan berhasil update GoPay Plus melalui DM ya. Terima kasih -NSA"", ""Yuk langsung ke Jilid terdekat! Bisa order di atau karena Masih ada PROMO Menarik kak ;)"", ""Hai Kak tetap nantikan promo menarik kami lainnya ya dan semoga kamu beruntung. Kamu juga bisa cek update promo Gojek di link Semangaaatt!! ^yb"", ""Yuk cuss beli ya Beb"", ""Hai Beb ketentuan untuk pengguna baru ada di bawah foto produk ya. Silahkan cek kembali. Terima kasih -K""]",False,5,1430,8,False,22
google/gemma-3-4b-it,sincerity,excitement,hybrid_early,0.3,Ini dia rasa Best Burger Cheeseburger yang menurut Super Fans McD! Buat para fans Cheeseburger yuk pesan sekarang di McDonald s terdekat favoritmu. Menu tersedia di GrabFood GoFood dan ShopeeFood.,"""OMG, Best Burger Cheeseburger McD itu wajib cobain! Buat para penggemar Cheeseburger, yuk pesan sekarang di McDonald's terdekat! Ada di GrabFood, GoFood, ShopeeFood juga lho! Dijamin nagih!""",False,1725,4200343,42,"[""Selamat Hari Jumat buat semua !!! Biar makin semangat buat weekend yuk minum di jilid terdekatmu! Ada Es Kopi Susu dengan design yang keren banget loh. Buat yang belum cobain yuk langsung cobain sekarang juga"", ""Pertanyaan tersulit hari ini: : Jajan apa ya nanti siang? Mimin ada rekomendasi buat kamu nih gaes~ Buruan pake GoFood buat beli makanan dan minuman ini"", ""PROMO ini bisa menemani berbuka puasa kamu di hari terakhir! Buruan order sekarang juga~"", ""3 hari lagi menuju kolaborasi dan menu baru dalam menyambut bulan Ramadhan! Catat tanggalnya ya 20 April 2020 nanti langsung pesan lewat Gofood dan Grabfood ya dan nikmati DISKONNYA Stay tuned di biar ga ketinggalan info nya ya"", ""Selamat memulai aktivitas di hari Rabu sudah ngopi hari ini ? Jangan lupa siapin menu kolaborasi x OATSIDE biar hari makin ~ Yuk serbu sekarang juga di Jilid terdekatmu!""]",False,5,1901,53,False,191
google/gemma-3-4b-it,sophistication,excitement,hybrid_early,0.3,Buruan daftar dan posting karyamu sekarang juga! Info soal mekanisme lengkapnya silahkan klik,"Yuk, buruan daftar & posting karyamu sekarang! Info lengkapnya klik yaa! 😉",False,3931,4200344,42,"[""Hai Kak tetap nantikan promo menarik kami lainnya ya dan semoga kamu beruntung. Kamu juga bisa cek update promo Gojek di link Semangaaatt!! ^yb"", ""Yuk langsung ke Jilid terdekat! Bisa order di atau karena Masih ada PROMO Menarik kak ;)"", ""Hai Kak tetap nantikan promo menarik kami lainnya ya. Kamu juga bisa cek update promo Gojek di link Semangaaatt!! ^yb"", ""PROMO KEBUT HADIR KEMBALI! Ayo nikmati PROMO KEBUT ini! Karena promo ini hanya berlangsung hingga tanggal 10 November aja loh! Order sekarang juga dan share ke mu biar bisa ngopi hemat bareng-bareng"", ""BANYAK PROMO AWAL BULAN!! Siapin dompet buat cek PROMOnya yuk~""]",False,5,1562,21,False,74
google/gemma-3-4b-it,sincerity,excitement,hybrid_early,0.3,McDonald's Indonesia percaya bahwa inklusi adalah fondasi untuk menciptakan kesempatan yang setara bagi semua! Special Crew Teman Tuli di Mekdi membuktikan bahwa inklusi dan kesetaraan bisa menjadi kenyataan yang kami wujudkan bersama,"“McDonald’s Indonesia, semangat inklusi buat semua! Special Crew Teman Tuli di Mekdi, bukti nyata kita bisa mewujudkan kesempatan setara bareng-bareng, asik kan?”",False,1667,4200345,42,"[""Selamat Hari Jumat buat semua !!! Biar makin semangat buat weekend yuk minum di jilid terdekatmu! Ada Es Kopi Susu dengan design yang keren banget loh. Buat yang belum cobain yuk langsung cobain sekarang juga"", ""TWITTER DO YOUR MAGIC Bantu RT yaa !! Pliss bantu temuin bapak driver ojol ini. Dari kemaren belom ketemu juga padahal pengen banget kasih THR buat bapaknya nihhh. Kalo kalian kenal atau ketemu bapaknya langsung info ya!"", ""Selamat Hari Senin semangat baru dalam memulai minggu yang baru ya!! Yuk minum dulu bareng mu biar makin semangat dan jangan lupa dapetin Tumbler kece diatas sebelum kehabisan ya masih ada HARGA PROMO loh! Yuk langsung dapetin"", ""Hai Kak maaf banget buat Kakak nggak nyaman ya. Apakah kamu berkendala saat pemesanan dengan driver kami? Jika iya boleh bantu infokan nomor order kamu agar kami bantu proses lebih lanjut ya. Terima kasih^ast"", ""Hai Kak maaf banget buat Kakak nggak nyaman ya. Yuk infokan nomor order kamu dan nominal uang parkir yang kamu bayarkan kepada mitra kami via DM agar dapat kami cek ya. Terima kasih^ast""]",False,5,2142,43,False,162
google/gemma-3-4b-it,sincerity,excitement,hybrid_early,0.3,GEMESSS,Gemessss bangeeet!,False,2162,4200346,42,"[""Gemeter kak"", ""Beliin ini pasti tambah gemes"", ""Semangat bener nih"", ""Mantappp semangat terusss kakkk"", ""Semangat nih""]",False,5,969,9,False,18
google/gemma-3-4b-it,ruggedness,excitement,hybrid_early,0.3,Siap semoga bermanfaat,"Siap, semoga bermanfaat ya! 😊",False,5263,4200347,42,"[""Mantap terimakasih ya Beb"", ""Siap kak! Ditunggu ya"", ""Siap ditunggu kak!"", ""Selamat Hari Senin semangat baru dalam memulai minggu yang baru ya!! Yuk minum dulu bareng mu biar makin semangat dan jangan lupa dapetin Tumbler kece diatas sebelum kehabisan ya masih ada HARGA PROMO loh! Yuk langsung dapetin"", ""Yuk cuss beb""]",False,5,1185,10,False,29
google/gemma-3-4b-it,sincerity,excitement,hybrid_early,0.3,Andd last payung atau jas hujan! untuk jaga-jaga kalau hujan ya bestiee,"""Last call buat payung atau jas hujan, bestie! Jaga-jaga aja ya kalau hujan, hehe""",False,2057,4200348,42,"[""Musim hujan belum selesai ya teman-teman. Jaga kesehatan dan gunakan pakaian hangat. Mimin kasih potongan 30K buat transaksi pertama nih -->"", ""Happy weekend Beb! Hari ini jangan lupa beli Kopi Kenangan ya! Biar nggak gabut kuy kita main dulu Kalau kata ini disusun jadi nama menu apa ya? Coba tulis jawaban kamu dengan reply tweet ini dan mention juga temanmu yang lain biar kita main bareng!"", ""Sore . Lelah bekerja seharian? Bisa banget untuk refresh lagi dengan yang seger. dimana lagi kalau bukan ! PROMO masih bisa kamu nikmati yaaa! order sekarang juga!"", ""Selamat Hari Senin semangat baru dalam memulai minggu yang baru ya!! Yuk minum dulu bareng mu biar makin semangat dan jangan lupa dapetin Tumbler kece diatas sebelum kehabisan ya masih ada HARGA PROMO loh! Yuk langsung dapetin"", ""Selasa cerita bareng PROMO biar mood bagus seharian buruan order sekarang!""]",False,5,1784,27,False,82
google/gemma-3-4b-it,competence,excitement,hybrid_early,0.3,Hai Sobat BRI. Mohon maaf atas kendala yang dialami. Guna pengecekan kami sudah respons pesan melalui DM. Silakan melakukan pengecekan. Tks~Belin,"Hai Sobat BRI, maaf banget ya udah bikin kamu kurang nyaman. Boleh infoin no order yg bermasalah via DM ya buat aku bantu cek. Thanks~Belin",False,416,4200349,42,"[""Hai Kak maaf banget ya udah bikin kamu telat silakan infokan no order yg berkendala melalui DM supaya bisa aku bantu cek ya. Tks^feb"", ""Hai Kak maaf banget ya. Terkait dengan keluhanmu mohon diinformasikan nomor telepon dan email kamu yang terdaftar melalui DM supaya bisa kami bantu cek ya. Tks^Ari"", ""Hai Kak maaf banget atas kendala promo aplikasi Gojeknya ya Kak. Boleh informasikan nomor telepon dan email terdaftar via DM supaya kendala kamu bisa kami cek. Terima kasih^ekw"", ""Halo Kak mohon maaf sudah bikin kakak ga nyaman. Supaya bisa dibantu mengenai laporannya bisa hubungi aku melalui DM nomor order yang dikeluhkan ya dan struk belanjanya. Terima kasih ^yun"", ""Hai Kak maaf banget ya tapi jangan khawatir ya. Yuk sini aku bantu cek lebih lanjut dengan infoin ke aku nomor order dan screenshot kendala kamu melalui DM ya. Terima kasih -NSA""]",False,5,1841,37,False,139
google/gemma-3-4b-it,competence,excitement,hybrid_early,0.3,Selamat pagi Kak. Cek DM dari Railmin ya. Selamat pagi Kak. Railmin mohon maaf Railmin imbau untuk selalu hati-hati ya terhadap akun penipuan yang mengatasnamakan KAI. Saat ini seluruh akun media sosial KAI121 sudah terverifikasi. Mohon abaikan jika ada balasan dari akun,Hai Kak maaf banget ya udah bikin ngga nyaman. Bisa diinfoin ke aku untuk nomor pelaporannya melalui DM agar aku bisa bantu cek. Tks^Railmin,False,756,4200350,42,"[""Hai Kak maaf banget ya udah bikin nggak nyaman. Mohon untuk konfirmasi kepada pihak Tokopedia atau langsung mengunjungi website terlebih dahulu ya Kak agar dapat segera ditindaklanjuti. Terima kasih^ygb"", ""Hai Kak maaf banget ya udah bikin kamu telat silakan infokan no order yg berkendala melalui DM supaya bisa aku bantu cek ya. Tks^feb"", ""Hai Kak maaf banget ya tapi jangan khawatir ya. Yuk sini aku bantu cek lebih lanjut dengan infoin ke aku nomor order dan screenshot kendala kamu melalui DM ya. Terima kasih -NSA"", ""Hai Kak maaf banget ya tapi jangan khawatir ya. Yuk sini aku bantu cek lebih lanjut dengan infoin ke aku nomor telepon dan email yang terdaftar melalui DM ya. Terima kasih -NSA"", ""Hai Kak maaf banget ya udah bikin ngga nyaman. Bisa diinfoin ke aku untuk nomor pelaporannya melalui DM agar aku bisa bantu cek. Tks^Ari""]",False,5,1955,36,False,140
google/gemma-3-4b-it,sincerity,excitement,hybrid_early,0.3,prettyyy!!!,"Wih, gemes banget!",False,2266,4200351,42,"[""Tungguin ya hari Kamis!!"", ""Yes banget! Ketemu besok ya Ci"", ""Selamat Hari Jumat buat semua !!! Biar makin semangat buat weekend yuk minum di jilid terdekatmu! Ada Es Kopi Susu dengan design yang keren banget loh. Buat yang belum cobain yuk langsung cobain sekarang juga"", ""Siap ditunggu kak!"", ""Cuss pesen dong Beb! -K""]",False,5,1175,8,False,18
google/gemma-3-4b-it,competence,excitement,hybrid_early,0.3,Hai Sobat BRI. Mohon maaf atas kendala BRImo yang dialami. Guna tindak lanjut kami sudah mengirimkan pesan melalui DM. Silakan lakukan pengecekan ya. Tks~Hanif,"Hai Sobat BRI, maaf banget ya atas kendala BRImo yang kamu alami. Silakan infokan nomor telepon dan email terdaftar lewat DM ya supaya bisa aku bantu cek. Tks~Hanif",True,361,4200352,42,"[""Hai Kak maaf banget ya. Terkait dengan keluhanmu mohon diinformasikan nomor telepon dan email kamu yang terdaftar melalui DM supaya bisa kami bantu cek ya. Tks^Ari"", ""Halo Kak mohon maaf buat gak nyaman. Aku butuh pengecekan dulu. Boleh infoin data kakak lewat DM cukup nomor telepon dan screenshot transaksinya. Terima kasih ^yun"", ""Hai Kak maaf banget atas kendala promo aplikasi Gojeknya ya Kak. Boleh informasikan nomor telepon dan email terdaftar via DM supaya kendala kamu bisa kami cek. Terima kasih^ekw"", ""Hai kak maaf banget ya kak silakan infokan no hp email yg terdaftar dan screenshot kendala pd saat menggunakan promo melalui DM supaya bisa aku bantu cek ya. Tks^feb"", ""Halo Kak mohon maaf sudah bikin kakak ga nyaman. Supaya bisa dibantu mengenai laporannya bisa hubungi aku melalui DM nomor order yang dikeluhkan ya dan struk belanjanya. Terima kasih ^yun""]",False,5,1874,42,False,164
google/gemma-3-4b-it,competence,excitement,hybrid_early,0.3,Hai Sobat BRI mohon maaf atas ketidaknyamanannya. Guna tindak lanjut kami sudah mengirimkan pesan melalui DM. Silakan dilakukan pengecekan. Dapatkan informasi terbaru seputar layanan dan promo BRI di Sabrina WhatsApp 0812 1214 017. Tks~Oman,Hai Sobat BRI maaf banget ya kak. Silakan infokan no hp email yg terdaftar dan screenshot kendala pd saat menggunakan promo melalui DM supaya bisa aku bantu cek ya. Tks~Oman,False,29,4200353,42,"[""Hai Kak maaf banget atas kendala promo aplikasi Gojeknya ya Kak. Boleh informasikan nomor order dan screenshot detail promo yang kamu gunakan via DM ya. Terima kasih^ekw"", ""Hai Kak maaf banget atas kendala promo aplikasi Gojeknya ya Kak. Boleh informasikan nomor telepon dan email terdaftar via DM supaya kendala kamu bisa kami cek. Terima kasih^ekw"", ""Hai kak maaf banget ya kak silakan infokan no hp email yg terdaftar dan screenshot kendala pd saat menggunakan promo melalui DM supaya bisa aku bantu cek ya. Tks^feb"", ""Hai kak maaf banget ya kak silakan infokan no hp email yg terdaftar dan screenshot syarat ketentuan promo melalui DM supaya bisa aku bantu cek ya. Tks^feb"", ""Hai Kak maaf banget atas kendala promo aplikasi Gojeknya ya Kak. Boleh informasikan nomor telepon dan email terdaftar serta screenshot ketentuan promonya via DM ya supaya kendala kamu bisa kami cek. Terima kasih^ekw""]",False,5,1980,43,False,173
google/gemma-3-4b-it,sophistication,excitement,hybrid_early,0.3,Stand tall stand proud. Live free and always remember that you re unique and magnificent. Just live free live proudly with Vespa LX Grey Delicato!,"“Yuk, jadi pusat perhatian! Vespa LX Grey Delicato bikin penampilan makin kece & bebas! Live stylish, live happy, buruan order!”",False,3855,4200354,42,"[""Selamat kepada mendapatkan hadiah spesial Tiap weekend pokoknya aku bakal bagi-bagi HP jadi pantengin terus ya! TUNGGUIN GIVEAWAY NYA LAGI YA MALAM INI"", ""Yuk diserbu yuk! Buat yang kemarin belum kebagian nih MinBeb kasih promo CLBK sampe tanggal 15 Desember pula! Psst kuota harian terbatas ya"", ""[PENGUMUMAN ] Selamat buat kamu yang beruntung menang Giveaway GoCar Cek DM kamu sekarang ya! Mimin tunggu"", ""Mau ngopi tetap puas dan terap hemat bareng ? Pakai PROMO di bawah yuk! Ada berbagai macam PROMO hemat yang bisa kamu pilih loh! Langsung pesan dan ajak mu ya"", ""Selasa cerita bareng PROMO biar mood bagus seharian buruan order sekarang!""]",False,5,1635,31,False,128
google/gemma-3-4b-it,competence,excitement,hybrid_early,0.3,Sobat masih dalam bulan Hari Pahlawan Nasional momen ini dipersembahkan untuk menghormati para pahlawan nasional yang berjuang dan menyatukan Indonesia salah satu satunya adalah Frans Kaisiepo. Ia adalah tokoh Papua yang aktif mengintegrasikan Papua Barat ke dalam wilayah,"“Merdekaaa buat sobat semua di Hari Pahlawan! Yuk, ingat jasa para pahlawan yang hebat! Frans Kaisiepo juga sosok keren yang bantu menyatukan Indonesia, keren kan?”",False,1071,4200355,42,"[""CUMA 3 HARI AJA Buat memeriahkan hari Kemerdekaan Indonesia Gojek kasih promo spesial Gojek PLUS cuma Rp7.900! Buruan langganan sekarang"", ""Selamat hari Rabu Para Mantan! Sekarang Kopi Kenangan sudah hadir di Trans Studio Mall Makassar Ground Floor dan kalian juga bisa nikmatin promo Buy 1 get 1 yang mulai berlaku hari ini loh! . . Yuk mention partner ngopi mu ya beb!"", ""siap kembalikan semangatmu hari ini bareng PROMO yang ON terus! Buruan order sekarang~"", ""Happy Weekend para Mantan! Mengawali bulan baru ada kabar gembira nih! Kalian bisa beli Kopi Kenangan dengan promo Makan & Jajan bareng DANA GRATIS! . Promo ini berlaku di 2-8 September 2019."", ""Selamat hari Senin para Mantan . Btw biar makin semangat ada kabar gembira nih! Kopi Kenangan sudah hadir di Smartfren Sabang Ground Floor dan kalian bisa nikmatin promo Buy 1 get 1 yang mulai berlaku hari ini! Yuk mention partner ngopi mu beb! . .""]",False,5,2024,44,False,164
google/gemma-3-4b-it,sincerity,excitement,hybrid_early,0.3,kalo cuma bisa bawa 1 produk skincare ke pulau tak berpenghuni kamu bakal bawa apa? minty jelas sunscreen sih ya,"""Guyss~ Kalau cuma bawa 1 skincare ke pulau sepi, mintaaa sunscreen aja ya!""",True,2145,4200356,42,"[""Sore . Lelah bekerja seharian? Bisa banget untuk refresh lagi dengan yang seger. dimana lagi kalau bukan ! PROMO masih bisa kamu nikmati yaaa! order sekarang juga!"", ""Hi Beb bikin hari kamu ceria yuk dengan promo Kentjan. Dikit lagi udah mau habis nih kuotanya"", ""Lebih hemat bareng PROMO pesan biar kamu hepi terus seharian~ Cek PROMOnya di aplikasi ya!"", ""Hallo Toppers bisa cek DM yak"", ""Gaeeesss~ Gimana senin paginya? Biar kamu seneng dan tetep hemat nih Mimin spill promo-promo Gojek""]",False,5,1446,23,False,76
google/gemma-3-4b-it,sophistication,excitement,hybrid_early,0.3,Palatial splendor complemented this languid buttoned up shirt with Jamang-embroidered perforated details,"""Wah, baju yang mewah banget! Biar tetep kece dan hemat nih, Mimin spill detail jahitan super keren dari Jamang, peroritasi di baju ini!""",False,4742,4200357,42,"[""Gaeeesss~ Gimana senin paginya? Biar kamu seneng dan tetep hemat nih Mimin spill promo-promo Gojek"", ""Yuhuuu mimin seneng deh kalau bebeb jadi happy gini"", ""Jam segini masih kerja lembur bagai kuda? Tenang meskipun nggak bisa ngelarin kerjaan kamu tetep bisa nemenin kamu! Order sekarang mumpung ada PROMO~"", ""Hai para Mantan bantu mimin dong buat nemuin jalan menuju paket promo BuCin kira-kira lewat mana nih ya Beb? Reply tweet ini dan mention kamu supaya sama-sama nemuin jalannya!"", ""Hai Kak maaf banget ya udah bikin kamu nggak nyaman. Bisa dibantu infoin nomor dan email kamu yang terdaftar di Gojek dan juga detail top up GoPay kamu via DM buat kami cek?Terima kasih^yb""]",False,5,1626,38,False,137
google/gemma-3-4b-it,ruggedness,excitement,hybrid_early,0.3,Register now:,Sudah nih,False,5642,4200358,42,"[""Yes kak"", ""Soon ya beb"", ""Udah kak"", ""Bisa nih"", ""Dateng ya bang""]",False,5,922,5,False,9
google/gemma-3-4b-it,sophistication,excitement,hybrid_early,0.3,Feni Nugraha,Yuk beb dicoba,False,4626,4200359,42,"[""Yuk cuss beb"", ""Buruan kak"", ""kgn kak"", ""Yuk beb dicoba"", ""Yuhuuu mimin seneng deh kalau bebeb jadi happy gini""]",False,5,967,6,False,14
google/gemma-3-4b-it,ruggedness,excitement,hybrid_early,0.3,Photo by : Consina Carrier Horseshoe Bend 80+10 L IDR : 975.000 THE OUTDOOR,"""Foto by : Consina Carrier Horseshoe Bend 80+10 L IDR : 975.000. ASIK buat para petualang! Jangan sampai ketinggalan yaa! Buruan order sekarang!""",False,5717,4200360,42,"[""Sore . Lelah bekerja seharian? Bisa banget untuk refresh lagi dengan yang seger. dimana lagi kalau bukan ! PROMO masih bisa kamu nikmati yaaa! order sekarang juga!"", ""Wow wow wow mohon bersabar ya Beb. Dalam waktu dekat ini pasti ada promo kok pantengin terus social media Kopi Kenangan ya"", ""Mau ngopi tetap puas dan terap hemat bareng ? Pakai PROMO di bawah yuk! Ada berbagai macam PROMO hemat yang bisa kamu pilih loh! Langsung pesan dan ajak mu ya"", ""Hai Kak maaf banget ya udah bikin kamu nggak nyaman. Bisa dibantu infoin nomor dan email kamu yang terdaftar di Gojek dan juga detail top up GoPay kamu via DM buat kami cek?Terima kasih^yb"", ""Gak usah jauh-jauh buat karena sekarang di Kopi Kenangan udah adaMatcha Series yang bikin mood kamu hepi! Saran MinBeb sih buruan cobain sekarang ke Kopi Kenangan terdekat atau order di aplikasi Kopi Kenangan Beb!""]",False,5,1780,51,False,145
google/gemma-3-4b-it,competence,excitement,hybrid_early,0.3,Hai Sobat BRI mohon maaf atas ketidaknyamanan yang dialami. Akun BRImo akan terblokir apabila salah memasukkan password atau PIN transaksi sebanyak 3 kali berturut-turut. Sobat BRI dapat melakukan pengaktifan kembali menggunakan fitur Lupa Password pada aplikasi BRImo dengan,Hai Sobat BRI maaf banget ya udah bikin kamu kurang nyaman. Bisa dibantu infoin nomor dan email kamu yang terdaftar di BRImo dan juga detail transaksi kamu via DM buat kami cek? Terima kasih^yb,False,79,4200361,42,"[""Hai Kak maaf banget atas kendala promo aplikasi Gojeknya ya Kak. Boleh informasikan nomor telepon dan email terdaftar serta detail voucher yang hilang ya supaya kendala kamu bisa kami cek. Terima kasih^ekw"", ""Hai Kak mohon maaf atas kendala yang dialami ya Kak . Silakan informasikan nomor telepon email yang terdaftar Bank yang digunain sama sreenshot bukti top up ke DM agar dapat kami cek ya. Terima kasih^jhn"", ""Hai Kak maaf banget ya buat kamu kurang nyaman. Terkait kendala kamu mohon informasikan nomor telepon dan email terdaftar serta screenshot detail transaksinya ya Kak untuk pengecekan. Terima kasih^ekw"", ""Hai Kak maaf banget ya buat kamu kurang nyaman. Terkait kendala kamu mohon informasikan nomor telepon dan email terdaftar serta detail transaksi kamu ya Kak untuk pengecekan. Terima kasih^ekw"", ""Hai Kak maaf banget ya udah bikin kamu nggak nyaman. Bisa dibantu infoin nomor dan email kamu yang terdaftar di Gojek dan juga detail top up GoPay kamu via DM buat kami cek?Terima kasih^yb""]",False,5,2123,44,False,193
google/gemma-3-4b-it,competence,excitement,hybrid_early,0.3,Selamat malam Kak. Terkait barang bawaan yang tertinggal di KRL akan Railmin teruskan ke unit KAI Commuter silakan dapat menginfokan data sebagai berikut: - Nama penumpang: - Nomor telepon aktif: - Alamat email aktif: - Rute KRL: - Nomor KA dan rangkaian (lebih diutamakan):,"Hai Kak, maaf banget ya kalau soal barang bawaan yang ketinggalan di KRL Railmin. Boleh infoin detailnya via DM ya Kak: - Nama penumpang: - No. telepon aktif: - Email aktif: - Rute KRL: - No. KA dan rangkaian (kalau bisa lebih diutamakan). Terima kasih^yb",False,616,4200362,42,"[""Hai Kak maaf banget ya udah bikin kamu nggak nyaman. Bisa dibantu infoin nomor dan email kamu yang terdaftar di Gojek dan juga detail top up GoPay kamu via DM buat kami cek?Terima kasih^yb"", ""Hai Kak maaf banget ya udah bikin kamu telat silakan infokan no order yg berkendala melalui DM supaya bisa aku bantu cek ya. Tks^feb"", ""Hai Kak maaf banget ya udah bikin kamu nggak nyaman. Bisa dibantu infoin nomor dan email kamu yang terdaftar di Gojek buat kami cek? Terima kasih^yb"", ""Hai Kak maaf banget atas kendala promo aplikasi Gojeknya ya Kak. Boleh informasikan nomor telepon dan email terdaftar via DM supaya kendala kamu bisa kami cek. Terima kasih^ekw"", ""Hai Kak maaf ya kalau kamu jarang dapat voucher supaya aku bisa cek boleh infoin nomor telepon dan email yang terdaftar pada aplikasi melalui DM ya. Terima kasih ^DW""]",False,5,1944,72,False,255
google/gemma-3-4b-it,competence,excitement,hybrid_early,0.3,Dengan senang hati kami cek DM yang Ibu kirimkan dan pastikan berinteraksi dengan akun resmi yang bercentang emas. :) Tks ^Wiki,Hai Kak maaf banget ya Kak silakan infokan no hp email yg terdaftar dan screenshot kendala pd saat menggunakan promo melalui DM supaya bisa aku bantu cek ya. Tks^Wiki,False,1221,4200363,42,"[""Selamat kepada mendapatkan Saldo Tokopedia spesial Tunggu DMnya ya!!"", ""Halo Kak Kami sudah respon melalui DM ya yuk cek DM kakak"", ""Hi kak sudah kami respon ya. Cek DM kamu yuk"", ""Hai kak maaf banget ya kak silakan infokan no hp email yg terdaftar dan screenshot kendala pd saat menggunakan promo melalui DM supaya bisa aku bantu cek ya. Tks^feb"", ""Hai kak maaf banget ya kak silakan infokan no hp email yg terdaftar dan screenshot syarat ketentuan promo melalui DM supaya bisa aku bantu cek ya. Tks^feb""]",False,5,1476,39,False,166
google/gemma-3-4b-it,ruggedness,excitement,hybrid_early,0.3,Dibuat dari material Premium Duratex Polyester 100% memberikan keunggulan terhadap air serta angin meski digunakan saat hujan lebat bagian dalam terbuat dari material Polar memberikan kehangatan saat digunakan.,"“Bikin outfit yang kuat dan nggak gampang basah? Pakai yang ini aja! Bahan Premium Duratex Polyester 100% super tahan air sama angin, meski hujan badai. Bagian dalamnya Polar, hangat banget dipakai! Langsung order sekarang juga, yuk!”",False,5592,4200364,42,"[""Sore . Lelah bekerja seharian? Bisa banget untuk refresh lagi dengan yang seger. dimana lagi kalau bukan ! PROMO masih bisa kamu nikmati yaaa! order sekarang juga!"", ""Jam segini masih kerja lembur bagai kuda? Tenang meskipun nggak bisa ngelarin kerjaan kamu tetep bisa nemenin kamu! Order sekarang mumpung ada PROMO~"", ""Mau ngopi tetap puas dan terap hemat bareng ? Pakai PROMO di bawah yuk! Ada berbagai macam PROMO hemat yang bisa kamu pilih loh! Langsung pesan dan ajak mu ya"", ""Selamat Hari Jumat buat semua !!! Biar makin semangat buat weekend yuk minum di jilid terdekatmu! Ada Es Kopi Susu dengan design yang keren banget loh. Buat yang belum cobain yuk langsung cobain sekarang juga"", ""Masuk pertengah minggu rasa lelah mulai mengganggu? Nggak usah galau masih setia temani ! PROMO sepaket isi berdua cocok untuk jadi pelepas dahaga. Nikmati promo nya dengan order di Aplikasi JIwa+ yaaa""]",False,5,1950,60,False,234
google/gemma-3-4b-it,competence,excitement,hybrid_early,0.3,Hai Sobat BRI. Pesan yang dikirimkan belum kami terima. Guna tindak lanjut kami sudah mengirimkan pesan melalui DM. Silakan dilakukan pengecekan ya. Tks~Erza,Hai Sobat BRI. Maaf banget ya. Pesan yang dikirim belum kami terima. Silakan infokan nomor telepon kamu lewat DM ya supaya bisa aku bantu cek. Tks~Erza,False,295,4200365,42,"[""Hai Kak jangan khawatir ya. Aku sudah balas via DM cek ya. Tks^ast"", ""Hai Kak maaf banget ya udah bikin kamu telat silakan infokan no order yg berkendala melalui DM supaya bisa aku bantu cek ya. Tks^feb"", ""Hai Kak maaf banget ya Kak silakan infokan no laporannya supaya bisa aku bantu cek ya. Tks^feb"", ""Halo Kak mohon maaf buat gak nyaman. Aku butuh pengecekan dulu. Boleh infoin data kakak lewat DM cukup nomor telepon dan screenshot transaksinya. Terima kasih ^yun"", ""Hai Kak maaf banget ya. Terkait dengan keluhanmu mohon diinformasikan nomor telepon dan email kamu yang terdaftar melalui DM supaya bisa kami bantu cek ya. Tks^Ari""]",False,5,1636,42,False,151
google/gemma-3-4b-it,sophistication,excitement,hybrid_early,0.3,Makasih banyak buat lo yang udah ikutan bro.. Makasih juga udah kasih banyak energi positif buat mimin di setiap hari Rabu,“Makasih banyak buat kalian semua yang udah semangat terus! Mimin juga seneng banget dapet energi positif tiap Rabu dari kalian!”,False,4147,4200366,42,"[""Selamat Hari Senin semangat baru dalam memulai minggu yang baru ya!! Yuk minum dulu bareng mu biar makin semangat dan jangan lupa dapetin Tumbler kece diatas sebelum kehabisan ya masih ada HARGA PROMO loh! Yuk langsung dapetin"", ""Seneng banget dengernya semoga bermanfaat buat kamu ya!! Yang mau hp gratis juga ikutin terus giveawaynya tiap Jumat-Senin malam di Jam 7 selama periode Tokopedia Happy Hour ya"", ""Bikin hari Rabu jadi makin seru bareng PROMO yang bikin semangat jadi full terus! Pas banget nih buruan order siang ini!"", ""Awal minggu kerjaan udah numpul? nih ada promo biar kamu melek lagi. Semangat terus ya !"", ""PROMO awal minggu dari selalu ada buat nemenin hari-hari kamu! Order sekarang melalui aplikasi yuk!""]",False,5,1692,29,False,129
google/gemma-3-4b-it,ruggedness,excitement,hybrid_early,0.3,Sudah menanti-nantikan liburan Bro? Menantikan Tas Ransel Argon ini juga kan?,"""Wih, udah gak sabar liburan nih, Bro? Udah gak sabar juga buat snag Tas Ransel Argon ini, kan?""",False,5894,4200367,42,"[""[PENGUMUMAN ] Selamat untuk para pemenang GIVEAWAY GoCar pas lebaran kemarin Cek DM kamu sekarang ya! Mimin tunggu~"", ""Sore . Lelah bekerja seharian? Bisa banget untuk refresh lagi dengan yang seger. dimana lagi kalau bukan ! PROMO masih bisa kamu nikmati yaaa! order sekarang juga!"", ""Info yang kalian tunggu-tunggu nih Cuci Gundang di WIB Tokopedia Extra Diskon s.d 120rb Belanja aja sampe lupa kejadian hari iniii"", ""[PENGUMUMAN ] Selamat untuk pemenang GIVEAWAY tebak kode promo yang dipake Dido & Sekala Cek DM kamu sekarang ya! Mimin tunggu"", ""Yuk diserbu yuk! Buat yang kemarin belum kebagian nih MinBeb kasih promo CLBK sampe tanggal 15 Desember pula! Psst kuota harian terbatas ya""]",False,5,1611,33,False,96
google/gemma-3-4b-it,ruggedness,excitement,hybrid_early,0.3,Halo ada dong,Halo kak!,False,5649,4200368,42,"[""halo kak jangan dong tetap jadi ya :)"", ""Halo Kak Kami sudah respon melalui DM ya yuk cek DM kakak"", ""Halo halo ada promo Pesta Lebaran super menarik di JIWA+ nih. Jangan sampe ketinggalan ya! Download Aplikasi Jiwa+ di:"", ""Semangat kak! Semoga segera ada gantinya"", ""Hallo Toppers bisa cek DM yak""]",False,5,1155,5,False,9
google/gemma-3-4b-it,competence,excitement,hybrid_early,0.3,Eduvice membuka donasi sampah elektronik yang ditujukan untuk keluarga besar TelkomGroup berupa laptop ponsel dan tablet berspesifikasi Android dengan melakukan registrasi melalui website dan menyerahkannya di drop box yang sudah disediakan.,"""Ide bagus nih, donasi sampah elektronik buat keluarga besar TelkomGroup, laptop, ponsel, tablet Android dong! Daftarin lewat website, serahin di drop box ya!""",False,1213,4200369,42,"[""Kenyang ga? Nelennya bisa sambil cek Tokopedia Happy Hour pasti diskon 30% mulai dari jam 19.00 WIB kok"", ""Semangat nder biar happy cek Tokopedia Happy Hour pasti diskon 30% mulai dari jam 19.00 WIB aja"", ""Jangan dong buat kirim info Tokopedia Happy Hour pasti diskon 30% mulai dari jam 19.00 WIB kak"", ""Ide bagus ini sambil cek Tokopedia Happy Hour pasti diskon 30% mulai dari jam 19.00 WIB juga coba"", ""Selamat kepada mendapatkan Saldo Tokopedia spesial Tunggu DMnya ya!!""]",False,5,1559,39,False,159
google/gemma-3-4b-it,sophistication,excitement,hybrid_early,0.3,Breezy dress with a hint of bright acid palette signal a summer of sun-kissed days. Discover at SAPTO DJOJOKARTIKO Plaza Senayan,"“Hai Toppers! Dress kece outfit musim panas nih buat kamu yang pengen senyum lebar! Cek di SAPTO DJOJOKARTIKO Plaza Senayan ya, jangan keburu kehabisan!”",False,4643,4200370,42,"[""Hai para Mantan cuman mau bilang besok hari Senin loh! Btw jangan keburu bete dulu ya Beb. Sambut Senin esok dengan Oreo Cookies and Cream Shake yang akan membuat Seninmu semakin manis Kenangan"", ""Gaeeesss~ Gimana senin paginya? Biar kamu seneng dan tetep hemat nih Mimin spill promo-promo Gojek"", ""Hai Kak maaf banget ya udah bikin kamu nggak nyaman. Bisa dibantu infoin nomor dan email kamu yang terdaftar di Gojek dan juga detail top up GoPay kamu via DM buat kami cek?Terima kasih^yb"", ""Hallo Toppers bisa cek DM yak"", ""Hi Beb bikin hari kamu ceria yuk dengan promo Kentjan. Dikit lagi udah mau habis nih kuotanya""]",False,5,1590,44,False,153
google/gemma-3-4b-it,competence,excitement,hybrid_early,0.3,dengan potensi pasar digital yang terus berkembang Telkom Indonesia terus berupaya untuk memenangkan pasar melalui strategi sinergi termasuk sinergi antar anak usaha.,"“Wah, potensi pasar digitalnya lagi terus naik terus ya! Telkom Indonesia semangat banget bikin strategi seru bareng anak usaha biar makin jago dan menang di pasarnya! Jangan lupa pantengin info terbaru ya, guys! ^yb”",False,1044,4200371,42,"[""Hai Kak. Meski begitu kami masih terus mengevaluasi langkah ini dan siap mendengarkan masukan dari pelanggan-pelanggan setia Gojek demi menghadirkan layanan yang lebih baik lagi ke depannya ya. Terima kasih^yb"", ""3 hari lagi menuju kolaborasi dan menu baru dalam menyambut bulan Ramadhan! Catat tanggalnya ya 20 April 2020 nanti langsung pesan lewat Gofood dan Grabfood ya dan nikmati DISKONNYA Stay tuned di biar ga ketinggalan info nya ya"", ""Siap-siap! Buat buka puasa nanti ada promo yang bisa nemenin kamu nih. Pemesanan-nya melalui Jiwa+ jadi pantengin terus ya!"", ""Sambut awal bulan dengan PROMO di Aplikasi Jiwa+ yang belum download Aplikasi Jiwa+ bisa download sekarang juga untuk menikmati berbagai PROMO menarik! jangan lupa mention lainnya yaaa ^^"", ""Hai Kak tetap nantikan promo menarik kami lainnya ya dan semoga kamu beruntung. Kamu juga bisa cek update promo Gojek di link Semangaaatt!! ^yb""]",False,5,1916,51,False,217
google/gemma-3-4b-it,competence,excitement,hybrid_early,0.3,Hai Sobat BRI. Mohon maaf atas kendala transaksi setor tunai yang dialami. Terkait informasi yang disampaikan kami sudah mengirimkan pesan melalui DM. Silakan lakukan pengecekan ya. Tks~Lula,Hai Sobat BRI. Maaf banget ya atas kendala transaksi setor tunainya. Boleh infoin nomor telepon dan screenshot detail transaksi yang kamu gunakan via DM ya. Terima kasih~Lula,False,342,4200372,42,"[""Hai Kak maaf banget atas kendala promo aplikasi Gojeknya ya Kak. Boleh informasikan nomor telepon dan email terdaftar via DM supaya kendala kamu bisa kami cek. Terima kasih^ekw"", ""Hai Kak maaf banget atas kendala promo aplikasi Gojeknya ya Kak. Boleh informasikan nomor order dan screenshot detail promo yang kamu gunakan via DM ya. Terima kasih^ekw"", ""Hai Kak maaf banget ya. Terkait dengan keluhanmu mohon diinformasikan nomor telepon dan email kamu yang terdaftar melalui DM supaya bisa kami bantu cek ya. Tks^Ari"", ""Halo Kak mohon maaf buat gak nyaman. Aku butuh pengecekan dulu. Boleh infoin data kakak lewat DM cukup nomor telepon dan screenshot transaksinya. Terima kasih ^yun"", ""Hai Kak maaf banget ya. Yuk infokan nomor telepon screenshot promo yang kamu makasud dan nomor order via DM agar dapat kami cek ya. Terima kasih^ast""]",False,5,1870,41,False,174
google/gemma-3-4b-it,sophistication,excitement,hybrid_early,0.3,Siapa yang mau recreate look ini? Reply di bawah Bestie!,"Hai Bestie, siapa yang mau recreate look ini? Reply di bawah ya!",False,3648,4200373,42,"[""Semangat replynya kak"", ""Selamat Hari Senin semangat baru dalam memulai minggu yang baru ya!! Yuk minum dulu bareng mu biar makin semangat dan jangan lupa dapetin Tumbler kece diatas sebelum kehabisan ya masih ada HARGA PROMO loh! Yuk langsung dapetin"", ""Hallo Toppers bisa cek DM yak"", ""Hallo Toppers cek DM yak"", ""Hai para Mantan bantu mimin dong buat nemuin jalan menuju paket promo BuCin kira-kira lewat mana nih ya Beb? Reply tweet ini dan mention kamu supaya sama-sama nemuin jalannya!""]",False,5,1392,17,False,64
google/gemma-3-4b-it,sophistication,excitement,hybrid_early,0.3,Performance by Rebecca Reijman DJ Good Grip & Nicky Manuputty,"""Yuhuuu, penampilan spesial dari Rebecca Reijman, DJ Good Grip & Nicky Manuputty! Biar makin seru di weekend, yuk langsung nyama di jilid favoritmu!""",False,4110,4200374,42,"[""Selamat Hari Senin semangat baru dalam memulai minggu yang baru ya!! Yuk minum dulu bareng mu biar makin semangat dan jangan lupa dapetin Tumbler kece diatas sebelum kehabisan ya masih ada HARGA PROMO loh! Yuk langsung dapetin"", ""Hallo Toppers bisa cek DM yak"", ""Yuhuuu mimin seneng deh kalau bebeb jadi happy gini"", ""Hallo Toppers cek DM yak"", ""Selamat Hari Jumat buat semua !!! Biar makin semangat buat weekend yuk minum di jilid terdekatmu! Ada Es Kopi Susu dengan design yang keren banget loh. Buat yang belum cobain yuk langsung cobain sekarang juga""]",False,5,1460,44,False,149
google/gemma-3-4b-it,competence,excitement,hybrid_early,0.3,Informasi lebih lanjut hubungi Contact BRI 1500017 Sabrina WhatsApp 0812 1214 017 atau akun resmi media sosial BRI yang terverifikasi. Tks~Fuad (2),"Hai Kak, maaf banget kalau kurang nyaman. Bisa dibantu info no HP/email terdaftar di BRI & detailnya via DM ya buat kami cek? Thanks~Fuad (2)",False,326,4200375,42,"[""Hai para Mantan bantu mimin dong buat nemuin jalan menuju paket promo BuCin kira-kira lewat mana nih ya Beb? Reply tweet ini dan mention kamu supaya sama-sama nemuin jalannya!"", ""Hai Kak ada apa nih dengan layanan Gojek? yuk ceritakan detail laporannya via DM agar kami bantu lebih lanjut. Tks^Ari"", ""Hai kak maaf banget ya kak silakan infokan no hp email yg terdaftar dan screenshot syarat ketentuan promo melalui DM supaya bisa aku bantu cek ya. Tks^feb"", ""Hai Kak maaf banget ya udah bikin kamu nggak nyaman. Bisa dibantu infoin nomor dan email kamu yang terdaftar di Gojek dan juga detail top up GoPay kamu via DM buat kami cek?Terima kasih^yb"", ""Hai kak maaf banget ya kak silakan infokan no hp email yg terdaftar dan screenshot kendala pd saat menggunakan promo melalui DM supaya bisa aku bantu cek ya. Tks^feb""]",False,5,1808,40,False,141
google/gemma-3-4b-it,sophistication,excitement,hybrid_early,0.3,Hari Pendidikan Nasional nih! Tetep tuntut ilmu dimana pun kamu berada ya!,"""Hari Peken! Jangan lupa semangat belajar ya, di mana pun kamu berada! 🔥""",False,4054,4200376,42,"[""Awal minggu kerjaan udah numpul? nih ada promo biar kamu melek lagi. Semangat terus ya !"", ""Hai para Mantan bantu mimin dong buat nemuin jalan menuju paket promo BuCin kira-kira lewat mana nih ya Beb? Reply tweet ini dan mention kamu supaya sama-sama nemuin jalannya!"", ""Bikin hari Rabu jadi makin seru bareng PROMO yang bikin semangat jadi full terus! Pas banget nih buruan order siang ini!"", ""Kamis anti menangis walaupun dikejar-kejar kerjaan dan deadline bareng PROMO dari yang bikin semangat full terus! Cek harga spesialnya di yuk>>>"", ""Selain ada juga loh yang siap bikin hari kamu makin semangat""]",False,5,1522,21,False,73
google/gemma-3-4b-it,sincerity,excitement,hybrid_early,0.3,Konnichiwa! Buat McD ers yang suka banget negeri sakura jangan sampai kehabisan karakter khas Jepang ini ya ada Hello Kitty Tokyo Heiseo Little gal Series Ninja Matsuri dan Kimono. Yuk lengkapi 50 koleksi Hello Kitty Plush Bag Tag Limited Edition-mu,"“Hai McD lovers! Buat yang suka Jepang, jangan sampai kehabisan karakter Sakura yang super cute ya! Ada Hello Kitty, Tokyo Heiseo, Little gal Series Ninja Matsuri, dan Kimono! Yuk lengkapi koleksi Plush Bag Tag Limited Edition-mu sampai 50!”",False,1720,4200377,42,"[""Selamat Hari Jumat buat semua !!! Biar makin semangat buat weekend yuk minum di jilid terdekatmu! Ada Es Kopi Susu dengan design yang keren banget loh. Buat yang belum cobain yuk langsung cobain sekarang juga"", ""Murah banget sih iniii Ayok buruan jajan lagi mumpung promonya dijamin dapet sampe tgl 11 ini!!! Cek DM kamu dehhh"", ""Hai Kak maaf banget ya Kak udah bikin kamu nggak nyaman. Saat ini promo yang ditawarkan di aplikasi Gojek udah nggak bisa digabung lagi ya Kak. Terima kasih^DW"", ""Happy weekend Beb! Hari ini jangan lupa beli Kopi Kenangan ya! Biar nggak gabut kuy kita main dulu Kalau kata ini disusun jadi nama menu apa ya? Coba tulis jawaban kamu dengan reply tweet ini dan mention juga temanmu yang lain biar kita main bareng!"", ""Hallo kak order via grabfood/gofood lagi banyak promo loh! Yuk cek sekarang""]",False,5,1915,63,False,241
google/gemma-3-4b-it,sincerity,excitement,hybrid_early,0.3,yuuk cobain juga Daily Matte Cushion bestie! mumpung lagi ada promo di shopee loh cuma 74 ribuan aja~,“Buruan sikat! Daily Matte Cushion diskon gila di Shopee cuma 74 ribu! Jangan sampai kelewatan ya bestie!”,False,2044,4200378,42,"[""Mau ngopi tetap puas dan terap hemat bareng ? Pakai PROMO di bawah yuk! Ada berbagai macam PROMO hemat yang bisa kamu pilih loh! Langsung pesan dan ajak mu ya"", ""Selamat Hari Jumat buat semua !!! Biar makin semangat buat weekend yuk minum di jilid terdekatmu! Ada Es Kopi Susu dengan design yang keren banget loh. Buat yang belum cobain yuk langsung cobain sekarang juga"", ""Murah banget sih iniii Ayok buruan jajan lagi mumpung promonya dijamin dapet sampe tgl 11 ini!!! Cek DM kamu dehhh"", ""Promo BOSS hari kedua! Buat kamu yang kemarin sudah ikutan hari ini bisa ikutan lagi lho! Yuk download aplikasi Kopi Kenangan dan ikutan promonya"", ""Saatnya ngopi bareng -mu! PROMO PAY DAY siap bikin dompet kamu tetap hemat loh~ Langsung pesan di aplikasi JIWA+ dan yaa!""]",False,5,1708,33,False,106
google/gemma-3-4b-it,competence,excitement,hybrid_early,0.3,Aduh rahasia ya hehe.,"""Rahasia, deh ya hehe.""",False,842,4200379,42,"[""Hai para Mantan cuman mau bilang besok hari Senin loh! Btw jangan keburu bete dulu ya Beb. Sambut Senin esok dengan Oreo Cookies and Cream Shake yang akan membuat Seninmu semakin manis Kenangan"", ""Yes banget! Ketemu besok ya Ci"", ""Hai para Mantan bantu mimin dong buat nemuin jalan menuju paket promo BuCin kira-kira lewat mana nih ya Beb? Reply tweet ini dan mention kamu supaya sama-sama nemuin jalannya!"", ""Semangat ya kak"", ""Semangat nih""]",False,5,1307,10,False,23
google/gemma-3-4b-it,sophistication,excitement,hybrid_early,0.3,We meet again Monday! Jangan lupa saling sapa kalau bertemu teman-teman di jalan ya! (IG: ),"""Eh, ketemu lagi nih Senin! Jangan lupa saling sapa kalau ketemu teman-teman di jalan ya! (IG: )""",False,4020,4200380,42,"[""Hai para Mantan bantu mimin dong buat nemuin jalan menuju paket promo BuCin kira-kira lewat mana nih ya Beb? Reply tweet ini dan mention kamu supaya sama-sama nemuin jalannya!"", ""Hai para Mantan yang di 11.11 akan segera hadir loh! Mau tau ada apa? cek terus sosial media kami ya Beb! Yuk mention orang-orang yang supaya ngga kelewatan!"", ""TWITTER DO YOUR MAGIC Bantu RT yaa !! Pliss bantu temuin bapak driver ojol ini. Dari kemaren belom ketemu juga padahal pengen banget kasih THR buat bapaknya nihhh. Kalo kalian kenal atau ketemu bapaknya langsung info ya!"", ""Hai Kak maaf banget ya udah bikin kamu nggak nyaman. Bisa dibantu infoin nomor dan email kamu yang terdaftar di Gojek dan juga detail top up GoPay kamu via DM buat kami cek?Terima kasih^yb"", ""Happy weekend Beb! Hari ini jangan lupa beli Kopi Kenangan ya! Biar nggak gabut kuy kita main dulu Kalau kata ini disusun jadi nama menu apa ya? Coba tulis jawaban kamu dengan reply tweet ini dan mention juga temanmu yang lain biar kita main bareng!""]",False,5,1941,29,False,97
google/gemma-3-4b-it,ruggedness,excitement,hybrid_early,0.3,THE WAY TO EVEREST Yang sudah nonton film Everest pasti taulah jembatan ini. Consina,"""Wih Everest keren abis ya! Jangan lupa Consina buat jembatannya!""",False,5709,4200381,42,"[""Yuhuuu mimin seneng deh kalau bebeb jadi happy gini"", ""Hi para Mantan mana nih yang udah nikmatin promo GRATIS Upsize? Eits buat yang belum dapetin masih ada kesempatan hari ini dan besok loh Beb! S & K:"", ""Happy weekend ! disaat masa PSBB saat ini kira-kira apa ya kegiatan yang bisa banget dilakukan untuk tetap menikmati liburan? Share dengan reply tweet ini ya!"", ""Hai Kak maaf banget ya udah bikin kamu nggak nyaman. Bisa dibantu infoin nomor dan email kamu yang terdaftar di Gojek dan juga detail top up GoPay kamu via DM buat kami cek?Terima kasih^yb"", ""Selamat Hari Senin semangat baru dalam memulai minggu yang baru ya!! Yuk minum dulu bareng mu biar makin semangat dan jangan lupa dapetin Tumbler kece diatas sebelum kehabisan ya masih ada HARGA PROMO loh! Yuk langsung dapetin""]",False,5,1716,20,False,66
google/gemma-3-4b-it,competence,excitement,hybrid_early,0.3,Sangat disayangkan atas kendala yang Bapak/Ibu Pelanggan alami. Saat ini tidak ada informasi kendala pada fasilitas BCA. Jika BCA sebagai penerima dana maka BCA bersifat pasif hanya menunggu transaksi tersebut terkirim dari pihak pengirim dana,"Hai Kak, maaf ya atas kendala yang Bapak/Ibu alami. Kalau ada masalah dengan transaksi BCA, sebentar ya, aku bantu cek nomor telepon dan email terdaftar, plus detail transaksi yang hilang. Terima kasih ya ^DW",False,1266,4200382,42,"[""Hai Kak maaf banget ya saat ini promo yang ditawarkan di aplikasi Gojek sudah tidak bisa digabung lagi ya Kak. Kakak hanya bisa menggunakan satu promo untuk satu transaksi. Tks^Ari"", ""Hai kak maaf banget ya kak silakan infokan no hp email yg terdaftar dan screenshot kendala pd saat menggunakan promo melalui DM supaya bisa aku bantu cek ya. Tks^feb"", ""Hai Kak maaf banget atas kendala promo aplikasi Gojeknya ya Kak. Boleh informasikan nomor telepon dan email terdaftar serta detail voucher yang hilang ya supaya kendala kamu bisa kami cek. Terima kasih^ekw"", ""Hai Kak maaf ya buat kamu mengalami hal ini. Aku bantu info disarankan untuk melakukan top up saldo GoPay menggunakan channel yang sudah tersedia. Selengkapnya kamu bisa cek link Terima kasih ^DW"", ""Halo Kak mohon maaf sudah bikin kakak ga nyaman. Supaya bisa dibantu mengenai laporannya bisa hubungi aku melalui DM nomor order yang dikeluhkan ya dan struk belanjanya. Terima kasih ^yun""]",False,5,2036,48,False,208
google/gemma-3-4b-it,sincerity,excitement,hybrid_early,0.3,Hai kak untuk saat ini jam operasional McDonald's kota Bandung tidak 24 jam yaa,"Hai Kak, maaf yaa. McDonald’s Bandung sementara jamnya nggak 24 jam lho!",False,1939,4200383,42,"[""Hai Kak mohon maaf banget ya . Kayaknya layanan Gojek di areamu sedang tinggi. Ketika kamu melakukan order tergantung pada ketersediaan driver kami yang aktif di area Resto. Silakan mencoba kembali beberapa waktu ke depan atau kamu dapat mencoba order pada Resto lain. (1/2)"", ""Hai Kak maaf ya . Kayaknya layanan Gojek di areamu sedang tinggi. Ketika kamu melakukan order tergantung pada ketersediaan driver kami yang aktif di area Resto. Silakan mencoba kembali beberapa waktu ke depan atau kamu dapat mencoba order pada Resto lain. (1/2)"", ""Hai Beb jam operasionalnya dari jam 07 pagi sampai 07 malam dan untuk promonya available sampe jam 2 siang. Tapi jangan khawatir beb promonya available sampe tanggal 23 Juli loh! jangan sampai ketinggalan ya beb"", ""Hai Kak maaf banget atas kendala promo aplikasi Gojeknya ya Kak. Boleh informasikan nomor order dan screenshot detail promo yang kamu gunakan via DM ya. Terima kasih^ekw"", ""Jam segini masih kerja lembur bagai kuda? Tenang meskipun nggak bisa ngelarin kerjaan kamu tetep bisa nemenin kamu! Order sekarang mumpung ada PROMO~""]",False,5,2004,23,False,72
google/gemma-3-4b-it,competence,excitement,hybrid_early,0.3,melalui DM resmi Twitter yang bercentang emas agar dapat kami bantu cek. Tks ^Dares,"Hai Kak, silakan infokan no Twitter yang bercentang emas ya supaya bisa aku bantu cek. Tks ^Dares",True,1331,4200384,42,"[""Hai Kak maaf banget ya Kak silakan infokan no laporannya supaya bisa aku bantu cek ya. Tks^feb"", ""Hai kak Yara jangan khawatir ya yuk infokan no hp dan email yg terdaftar melalui DM supaya bisa aku bantu cek ya. Tks^feb"", ""Hai kak maaf banget ya kak silakan infokan no hp email yg terdaftar dan screenshot syarat ketentuan promo melalui DM supaya bisa aku bantu cek ya. Tks^feb"", ""Hi kak sudah kami respon ya. Cek DM kamu yuk"", ""Hai Kak jangan khawatir ya. Aku sudah balas via DM cek ya. Tks^ast""]",False,5,1423,27,False,97
google/gemma-3-4b-it,competence,excitement,hybrid_early,0.3,Turut prihatin atas kendala yang Bapak alami. Dikhawatirkan saldo mengendap ya.,Hai Kak maaf banget ya udah bikin Bapak ngga nyaman. Bisa dibantu infoin nomor telepon dan email terdaftar ya buat kami cek dikawatirkan saldo mengendap? Terima kasih^Ari,False,1450,4200385,42,"[""Hai Kak maaf banget ya udah bikin kamu nggak nyaman. Bisa dibantu infoin nomor dan email kamu yang terdaftar di Gojek dan juga screenshot kendalanya via DM buat kami cek? Terima kasih^yb"", ""Halo Kak mohon maaf sudah bikin kakak ga nyaman. Supaya bisa dibantu mengenai laporannya bisa hubungi aku melalui DM nomor order yang dikeluhkan ya dan struk belanjanya. Terima kasih ^yun"", ""Hai Kak maaf banget ya tapi jangan khawatir ya. Yuk sini aku bantu cek lebih lanjut dengan infoin ke aku nomor order dan screenshot kendala kamu melalui DM ya. Terima kasih -NSA"", ""Hai Kak maaf banget atas kendala promo aplikasi Gojeknya ya Kak. Boleh informasikan nomor telepon dan email terdaftar serta detail voucher yang hilang ya supaya kendala kamu bisa kami cek. Terima kasih^ekw"", ""Hai Kak maaf banget ya udah bikin ngga nyaman. Terkait dengan keluhanmu mohon diinformasikan nomor telepon dan email kamu yang terdaftar melalui DM supaya bisa kami bantu cek ya. Tks^Ari""]",False,5,1881,40,False,170
google/gemma-3-4b-it,sophistication,excitement,hybrid_early,0.3,Complete your weekend with a delightful dinner at ! What are your taste buds craving tonight?,"""Happy weekend! Skrg weekend udah mau habis nih, buat makan malam apa ya? Cusss cusss, mumpung lg weekend, yuk nikmatin!""",False,4500,4200386,42,"[""Gaeeesss~ Gimana senin paginya? Biar kamu seneng dan tetep hemat nih Mimin spill promo-promo Gojek"", ""Jam segini masih kerja lembur bagai kuda? Tenang meskipun nggak bisa ngelarin kerjaan kamu tetep bisa nemenin kamu! Order sekarang mumpung ada PROMO~"", ""Hai para Mantan cuman mau bilang besok hari Senin loh! Btw jangan keburu bete dulu ya Beb. Sambut Senin esok dengan Oreo Cookies and Cream Shake yang akan membuat Seninmu semakin manis Kenangan"", ""Happy weekend ! disaat masa PSBB saat ini kira-kira apa ya kegiatan yang bisa banget dilakukan untuk tetap menikmati liburan? Share dengan reply tweet ini ya!"", ""Selamat Hari Senin semangat baru dalam memulai minggu yang baru ya!! Yuk minum dulu bareng mu biar makin semangat dan jangan lupa dapetin Tumbler kece diatas sebelum kehabisan ya masih ada HARGA PROMO loh! Yuk langsung dapetin""]",False,5,1778,36,False,121
google/gemma-3-4b-it,competence,excitement,hybrid_early,0.3,Hai Sobat BRI riskaayurinjani mohon maaf atas ketidaknyamanan yang dialami. Terkait kendala yang dialami sudah kami respons melalui Facebook Messenger. Mohon kesediaannya melakukan pengecekan. Tks~Fuma,Hai Sobat BRI riskaayurinjani maaf banget ya udah bikin kurang nyaman. Mohon informasikan nomor telepon dan screenshot detail kendala kamu via DM ya supaya bisa kami cek. Terima kasih -Fuma,False,203,4200387,42,"[""Hai Kak maaf banget atas kendala promo aplikasi Gojeknya ya Kak. Boleh informasikan nomor order dan screenshot detail promo yang kamu gunakan via DM ya. Terima kasih^ekw"", ""Hai Kak maaf banget atas kendala promo aplikasi Gojeknya ya Kak. Boleh informasikan nomor telepon dan email terdaftar via DM supaya kendala kamu bisa kami cek. Terima kasih^ekw"", ""Hai Kak maaf banget ya tapi jangan khawatir ya. Yuk sini aku bantu cek lebih lanjut dengan infoin ke aku nomor order dan screenshot kendala kamu melalui DM ya. Terima kasih -NSA"", ""Hai Kak maaf banget ya udah bikin nggak nyaman. Mohon untuk konfirmasi kepada pihak Tokopedia atau langsung mengunjungi website terlebih dahulu ya Kak agar dapat segera ditindaklanjuti. Terima kasih^ygb"", ""Hai Kak maaf banget atas kendala promo aplikasi Gojeknya ya Kak. Boleh informasikan nomor telepon dan email terdaftar serta screenshot ketentuan promonya via DM ya supaya kendala kamu bisa kami cek. Terima kasih^ekw""]",False,5,2001,44,False,189
google/gemma-3-4b-it,competence,excitement,hybrid_early,0.3,Dengan senang hati kami sudah membalas DM yang Bapak/Ibu Pelanggan kirimkan. Pastikan berinteraksi dengan akun resmi yang bercentang emas. Tks ^Sukma,"Hai Kak, udah balas DM ya! Jangan lupa cek DMnya ya. Tks^Sukma",False,1469,4200388,42,"[""Hai Kak ada apa nih dengan layanan Gojek? yuk ceritakan detail laporannya via DM agar kami bantu lebih lanjut. Tks^Ari"", ""Selamat kepada mendapatkan Saldo Tokopedia spesial Tunggu DMnya ya!!"", ""Hai Kak maaf banget ya Kak silakan infokan no laporannya supaya bisa aku bantu cek ya. Tks^feb"", ""Hai Kak jangan khawatir ya. Aku sudah balas via DM cek ya. Tks^ast"", ""Hallo kak mohon maaf atas ketidak nyamanannya. Terkait keluhan yang kakak sampaikan akan admin follow up ke outlet terkait. Mohon dibantu kirimkan data kontak yang dapat dihubungi ya kak. Terima kasih""]",False,5,1556,22,False,62
google/gemma-3-4b-it,sophistication,excitement,hybrid_early,0.3,Yang berlaku hingga 31 Agustus 2022 alias sebentar lagi. Info klik,"""Yang udah lewat udah 31 Agustus sih, buruan cek!""",False,3844,4200389,42,"[""Besok kan masih bisa beb masih available sampe tanggal 23 kok . Jangan sedih ya beb :)"", ""Info nyate di mana besok?"", ""Biar semangat dikasih Tokopedia Happy Hour pasti diskon 30% mulai dari jam 19.00 WIB sih"", ""Awal minggu kerjaan udah numpul? nih ada promo biar kamu melek lagi. Semangat terus ya !"", ""Hai Kak maaf banget ya udah bikin kamu telat silakan infokan no order yg berkendala melalui DM supaya bisa aku bantu cek ya. Tks^feb""]",False,5,1346,17,False,50
google/gemma-3-4b-it,sophistication,excitement,hybrid_early,0.3,Wagyu fried rice wonton noodle soup braised tofu oyster sauce - just some of the many selections from the a la carte menu!,"""Laper ga nih beb? Cus cobain Wagyu fried rice, wonton noodle soup, atau braised tofu oyster sauce! Banyak pilihan enak dari menu a la carte lho!""",False,4495,4200390,42,"[""Udah pada nyiapin bukaan belom gaes? Nih deh Mimin spill menu makanan di GoFood yang enak tapi hemat"", ""Hai Kak maaf banget ya udah bikin kamu nggak nyaman. Bisa dibantu infoin nomor dan email kamu yang terdaftar di Gojek dan juga detail top up GoPay kamu via DM buat kami cek?Terima kasih^yb"", ""Kenyang ga? Nelennya bisa sambil cek Tokopedia Happy Hour pasti diskon 30% mulai dari jam 19.00 WIB kok"", ""Jam-jamnya mulai laper tapi ngga mau makan berat? Pesen Marie Regal Shake aja Beb! Siapa yang favoritnya Marie Regal Shake? mention juga teman-teman kamu yang lain ya Beb!"", ""Hai Kak maaf banget ya udah bikin kamu telat silakan infokan no order yg berkendala melalui DM supaya bisa aku bantu cek ya. Tks^feb""]",False,5,1677,40,False,146
google/gemma-3-4b-it,sincerity,excitement,hybrid_early,0.3,Ayo tebak next nya kita akan bikin ke mana lagi?!! Nih mina kasih hint nya. Ada yang bisa tebak kah? Yuk siap2 buat seru2an bareng lagi! Tapi jangan lupa sebelum dipake ya Sunscreen Emina SunBattle! Biar makin all out serunya.,"Hai Beb, kira-kira next kita bakal bikin seru ke mana lagi ya?!! Mina kasih petunjuk nih. Ada yang bisa tebak? Yuk siap-siap buat seru2an bareng lagi! Tapi jangan lupa sebelum dipake, Sunscreen Emina SunBattle ya! Biar makin all out serunya. -Mina",False,2032,4200391,42,"[""Hai Kak maaf banget ya tapi jangan khawatir ya. Yuk sini aku bantu cek lebih lanjut dengan infoin ke aku nomor telepon email yang terdaftar dan bukti top up kamu melalui DM ya. Terima kasih -NSA"", ""Hai Kak maaf banget ya tapi jangan khawatir ya. Yuk sini aku bantu cek lebih lanjut dengan infoin ke aku nomor telepon email yang terdaftar dan masa berlaku kartu yang akan didaftarkan melalui DM ya. Terima kasih -NSA"", ""Hai Kak maaf banget ya tapi jangan khawatir ya. Yuk sini aku bantu cek lebih lanjut dengan infoin ke aku nomor telepon email yang terdaftar dan masa berlaku kartu kamu melalui DM ya. Terima kasih -NSA"", ""Hai Kak maaf banget ya tapi jangan khawatir ya. Yuk sini aku bantu cek lebih lanjut dengan infoin ke aku nomor telepon email yang terdaftar dan screenshot bukti transaksi kamu melalui DM ya. Terima kasih -NSA"", ""Hai para Mantan bantu mimin dong buat nemuin jalan menuju paket promo BuCin kira-kira lewat mana nih ya Beb? Reply tweet ini dan mention kamu supaya sama-sama nemuin jalannya!""]",False,5,2081,72,False,247
google/gemma-3-4b-it,competence,excitement,hybrid_early,0.3,Kami turut prihatin atas kendala yang Bapak/Ibu Pelanggan alami. Untuk kendala tersebut kami sarankan dapat mencoba berkala dengan pastikan jaringan stabil ya. :) Tks ^Heybi,"Hai Kak, maaf banget ya udah bikin kurang nyaman. Kalau masih kurang puas dengan pesanan, bisa sampaikan di link berikut ya : Keluhan Kak akan segera kami tindaklanjuti. Tks ^Heybi",False,1304,4200392,42,"[""Hallo kak mohon maaf atas ketidak nyamanannya. Terkait keluhan yang kakak sampaikan akan admin follow up ke outlet terkait. Mohon dibantu kirimkan data kontak yang dapat dihubungi ya kak. Terima kasih"", ""Halo kak mohon maaf sudah buat kakak kecewa. Jika masih kurang puas dengan pesanannya mohon untuk sampaikan pada link berikut ya : Keluhan kakak akan segera kami tindaklanjuti. Terima kasih"", ""Halo kak mohon maaf sudah buat kakak kecewa. Jika kakak masih kurang puas dengan pesanannya mohon untuk sampaikan pada link berikut ya : Keluhan kakak akan segera kami tindaklanjuti. Terima kasih"", ""Hai Kak maaf banget ya udah bikin ngga nyaman. Agar dapat kami lakukan pengecekan lebih lanjut bisa diinformasikan nomor telepon yang terdaftar dan serta bukti Top Up kamu melalui DM ya. Tks^Ari"", ""Halo kak mohon maaf atas ketidaknyamanannya. Apabila kakak belum puas dengan pesananya mohon untuk sampaikan pada link berikut ya : Keluhan kakak akan segera kami tindaklanjuti. Terima kasih""]",False,5,2002,45,False,180
google/gemma-3-4b-it,competence,excitement,hybrid_early,0.3,Karenanya Telkom Indonesia berkomitmen mendampingi pelaku UMKM untuk bertumbuh dan naik kelas melalui program terstruktur yang terukur. Therefore Telkom Indonesia is committed to supporting MSMEs in growing and leveling up through,"""Nah, Telkom Indonesia dukung banget buat UMKM biar makin maju pesing, lewat program yang terarah dan bisa diukur tau!""",False,885,4200393,42,"[""Semangat nder biar happy cek Tokopedia Happy Hour pasti diskon 30% mulai dari jam 19.00 WIB aja"", ""Biar semangat dikasih Tokopedia Happy Hour pasti diskon 30% mulai dari jam 19.00 WIB sih"", ""Hai para Mantan bantu mimin dong buat nemuin jalan menuju paket promo BuCin kira-kira lewat mana nih ya Beb? Reply tweet ini dan mention kamu supaya sama-sama nemuin jalannya!"", ""Harus sehat-sehat yaaa harus bahagia kaya ngeliat Tokopedia Happy Hour pasti diskon 30% mulai dari jam 19.00 WIB"", ""Jangan dong buat kirim info Tokopedia Happy Hour pasti diskon 30% mulai dari jam 19.00 WIB kak""]",False,5,1655,31,False,119
google/gemma-3-4b-it,sophistication,excitement,hybrid_early,0.3,Dapper up with us as we turn Nautilus Bar back to the Roaring 20 s and swing the night away with live Jazz music.,"""Hai! Yuk, refresh bareng Dapper bareng Nautilus Bar yang lagi seru ala Roaring 20-an, swingin' jazz live! Cek DM yak!""",True,4256,4200394,42,"[""Hai Kak maaf banget ya udah bikin kamu nggak nyaman. Bisa dibantu infoin nomor dan email kamu yang terdaftar di Gojek dan juga detail top up GoPay kamu via DM buat kami cek?Terima kasih^yb"", ""Hi Beb bikin hari kamu ceria yuk dengan promo Kentjan. Dikit lagi udah mau habis nih kuotanya"", ""Hallo Toppers bisa cek DM yak"", ""Hallo Toppers cek DM yak"", ""Sore . Lelah bekerja seharian? Bisa banget untuk refresh lagi dengan yang seger. dimana lagi kalau bukan ! PROMO masih bisa kamu nikmati yaaa! order sekarang juga!""]",False,5,1471,40,False,119
google/gemma-3-4b-it,competence,excitement,hybrid_early,0.3,Hai Sobat BRI. Mohon maaf atas ketidaknyamanan yang dialami. Kami lakukan pengecekan saat ini transaksi pembelian kouta melalui aplikasi BRImo normal ya. Terkait pengaduan yang disampaikan kami sudah mengirimkan pesan melalui DM. Silakan melakukan pengecekan ya. Tks~Oscar,Hai Sobat BRI maaf banget ya udah bikin ngga nyaman. Terkait pengaduan yang disampaikan kami udah kirim pesan melalui DM. Silakan melakukan pengecekan ya. Tks~Oscar,False,317,4200395,42,"[""Halo Kak mohon maaf sudah bikin kakak ga nyaman. Supaya bisa dibantu mengenai laporannya bisa hubungi aku melalui DM nomor order yang dikeluhkan ya dan struk belanjanya. Terima kasih ^yun"", ""Hai Kak maaf banget ya udah bikin nggak nyaman. Mohon untuk konfirmasi kepada pihak Tokopedia atau langsung mengunjungi website terlebih dahulu ya Kak agar dapat segera ditindaklanjuti. Terima kasih^ygb"", ""Hai Kak maaf banget atas kendala promo aplikasi Gojeknya ya Kak. Boleh informasikan nomor telepon dan email terdaftar via DM supaya kendala kamu bisa kami cek. Terima kasih^ekw"", ""Hai Kak maaf banget ya udah bikin ngga nyaman. Terkait dengan keluhanmu mohon diinformasikan nomor telepon dan email kamu yang terdaftar melalui DM supaya bisa kami bantu cek ya. Tks^Ari"", ""Hai kak maaf banget ya kak silakan infokan no hp email yg terdaftar dan screenshot kendala pd saat menggunakan promo melalui DM supaya bisa aku bantu cek ya. Tks^feb""]",False,5,2049,42,False,164
google/gemma-3-4b-it,sophistication,excitement,hybrid_early,0.3,The 2023 2024 pairs of the Arts Initiative have been revealed. Five young talents will each have a unique mentorship with acclaimed artists El Anatsui Anne Lacaton Jia Zhang-Ke Dianne Reeves and . More on,"""Wihhh! 2023-2024 Arts Initiative nya udah keluar nih! 5 talenta muda bakal dapet mentor dari artis kece El Anatsui, Anne Lacaton, Jia Zhang-Ke, Dianne Reeves, dan... More on!""",False,4978,4200396,42,"[""Yuhuuu mimin seneng deh kalau bebeb jadi happy gini"", ""[PENGUMUMAN ] Selamat untuk para pemenang giveaway GOWEEKEND Kirim data diri kamu lewat DM sekarang ya! Jangan lupa~ mimin tungguin"", ""Hallo Toppers bisa cek DM yak"", ""Halo Toppers Kami sudah bantu konfirmasikan kendalanya melalui DM ya. Cek DM yuk."", ""Weey hahaha. 2024 kita ngapain nih?""]",False,5,1392,59,False,176
google/gemma-3-4b-it,sincerity,excitement,hybrid_early,0.3,Baik kak kamu dapat mengirimkan data dirimu melalui DM Twitter kami agar keluhanmu dapat kami sampaikan ke tim kami ya kak,"Hai Kak, maaf banget ya. Yuk kirim info diru ke aku lewat DM, biar keluhanmu bisa kami sampaikan ke tim ya Kak. 😊",False,1822,4200397,42,"[""Hai Kak maaf banget ya udah bikin ngga nyaman. Terkait dengan keluhanmu mohon diinformasikan nomor telepon dan email kamu yang terdaftar melalui DM supaya bisa kami bantu cek ya. Tks^Ari"", ""Hai Kak maaf banget ya udah bikin ngga nyaman. Terkait dengan keluhanmu bisa diinfoin ke kami untuk nomor laporannya melalui DM agar dapat kami bantu cek ya. Tks^Ari"", ""Hai Kak maaf banget ya tapi jangan khawatir ya. Yuk sini aku bantu cek lebih lanjut dengan infoin ke aku nomor order dan screenshot kendala kamu melalui DM ya. Terima kasih -NSA"", ""Hai Kak maaf banget atas kendala promo aplikasi Gojeknya ya Kak. Boleh informasikan nomor telepon dan email terdaftar via DM supaya kendala kamu bisa kami cek. Terima kasih^ekw"", ""Hi kak sudah kami respon ya. Cek DM kamu yuk""]",False,5,1731,33,False,113
google/gemma-3-4b-it,sincerity,excitement,hybrid_early,0.3,Yuk ajak bestie dan keluarga ke Mekdi terdekat sekarang atau pesan di McDelivery GrabFood GoFood dan ShopeeFood. Promo berlaku juga untuk pembelian PaNas atau PaMer Ayam McD Krispy ya.,"""Buruan ajak gebetan atau keluarga ke Mekdi terdekat! Atau pesan langsung di McDelivery GrabFood GoFood & ShopeeFood, gila banget promonya! Dijamin dapet buat PaNas atau PaMer Ayam McD Krispy juga lho!""",True,1634,4200398,42,"[""Hallo kak order via grabfood/gofood lagi banyak promo loh! Yuk cek sekarang"", ""Nikmati hematnya menu dan favorit kamu hari ini dengan menggunakan PROMO DARURAT! Yuuk order sekarang dan sebarkan kabar bahagia ini ke mu ya!"", ""Murah banget sih iniii Ayok buruan jajan lagi mumpung promonya dijamin dapet sampe tgl 11 ini!!! Cek DM kamu dehhh"", ""Selamat Hari Jumat buat semua !!! Biar makin semangat buat weekend yuk minum di jilid terdekatmu! Ada Es Kopi Susu dengan design yang keren banget loh. Buat yang belum cobain yuk langsung cobain sekarang juga"", ""Sttt mau jajan tetap hemat? kasih solusinya nih biar ngopi kamu anti boros! Yuk geser postingan diatas. Segera sebarkan info promo ini ke -mu dan jangan sampai kelewatan ya!""]",False,5,1757,56,False,202
google/gemma-3-4b-it,sophistication,excitement,hybrid_early,0.3,Tq :) : Good luck for today :) this collection has been waiting in d last 2 years it's gonna massive!,"“Makasih banget ya :) Semoga sukses hari ini juga ya :) Koleksi ini udah nungguin selama 2 tahun, bakal jadi hits banget!”",False,4893,4200399,42,"[""Hai Kak maaf banget ya udah bikin kamu telat silakan infokan no order yg berkendala melalui DM supaya bisa aku bantu cek ya. Tks^feb"", ""Hai kak maaf banget ya kak silakan infokan no hp email yg terdaftar dan screenshot syarat ketentuan promo melalui DM supaya bisa aku bantu cek ya. Tks^feb"", ""[LAST DAY] Hi Para Mantan HARI INI promo terakhir beli harga reguler GRATIS Upsize untuk menu baru loh! Jangan sampai ketinggalan ya! S&K:"", ""Selamat Hari Senin semangat baru dalam memulai minggu yang baru ya!! Yuk minum dulu bareng mu biar makin semangat dan jangan lupa dapetin Tumbler kece diatas sebelum kehabisan ya masih ada HARGA PROMO loh! Yuk langsung dapetin"", ""Hai Kak maaf banget atas kendala promo aplikasi Gojeknya ya Kak. Boleh informasikan nomor order dan screenshot detail promo yang kamu gunakan via DM ya. Terima kasih^ekw""]",False,5,1781,31,False,122
google/gemma-3-4b-it,sophistication,excitement,hybrid_early,0.3,The best way to experience the biggest and most powerful Vespa GTS 300 is to take her on your journey both in town and beyond. Have you ever tried Vespa GTS 300? If you haven t then you should.,"""Wah, Vespa GTS 300 tuh emang keren abis ya! Kalau belum pernah nyoba, wajib banget buat jalan-jalan, baik di kota maupun di luar kota! Dijamin seru banget!""",False,3987,4200400,42,"[""Hai Kak maaf banget ya udah bikin kamu nggak nyaman. Bisa dibantu infoin nomor dan email kamu yang terdaftar di Gojek dan juga detail top up GoPay kamu via DM buat kami cek?Terima kasih^yb"", ""Hai para Mantan bantu mimin dong buat nemuin jalan menuju paket promo BuCin kira-kira lewat mana nih ya Beb? Reply tweet ini dan mention kamu supaya sama-sama nemuin jalannya!"", ""Happy weekend ! disaat masa PSBB saat ini kira-kira apa ya kegiatan yang bisa banget dilakukan untuk tetap menikmati liburan? Share dengan reply tweet ini ya!"", ""Yuhuuu mimin seneng deh kalau bebeb jadi happy gini"", ""Hai Kak maaf banget buat Kakak nggak nyaman ya. Yuk infokan nomor order kamu dan nominal uang parkir yang kamu bayarkan kepada mitra kami via DM agar dapat kami cek ya. Terima kasih^ast""]",False,5,1811,46,False,157
google/gemma-3-4b-it,sophistication,excitement,hybrid_early,0.3,Kamu tim masker apa nih??,Gue tim masker nih! ✨,False,3623,4200401,42,"[""Hallo Toppers bisa cek DM yak"", ""gemes banget kak! kakak order Jilid mana nih?"", ""Gaeeesss~ Gimana senin paginya? Biar kamu seneng dan tetep hemat nih Mimin spill promo-promo Gojek"", ""Nggak kerasa besok udah mau senin lagi biar makin semangat order -nya dulu yuk kakak~"", ""Besok apaa yaa request dong kak""]",False,5,1174,8,False,21
google/gemma-3-4b-it,sincerity,excitement,hybrid_early,0.3,Mimin saranin biar lebih santai jujurnya coba sambil nikmatin Iced Coffee aja yuk! Semoga Kakak berhasil jujurnya,"“Guys, Mimin ngasih saran nih, biar makin santai sambil jujur, coba nikmatin Iced Coffee aja ya! Semoga Kakak sukses dengan kejujurannya!”",False,1864,4200402,42,"[""Selamat Hari Senin semangat baru dalam memulai minggu yang baru ya!! Yuk minum dulu bareng mu biar makin semangat dan jangan lupa dapetin Tumbler kece diatas sebelum kehabisan ya masih ada HARGA PROMO loh! Yuk langsung dapetin"", ""Sore . Lelah bekerja seharian? Bisa banget untuk refresh lagi dengan yang seger. dimana lagi kalau bukan ! PROMO masih bisa kamu nikmati yaaa! order sekarang juga!"", ""Selamat Hari Jumat buat semua !!! Biar makin semangat buat weekend yuk minum di jilid terdekatmu! Ada Es Kopi Susu dengan design yang keren banget loh. Buat yang belum cobain yuk langsung cobain sekarang juga"", ""Gaeeesss~ Gimana senin paginya? Biar kamu seneng dan tetep hemat nih Mimin spill promo-promo Gojek"", ""Hai para Mantan cuman mau bilang besok hari Senin loh! Btw jangan keburu bete dulu ya Beb. Sambut Senin esok dengan Oreo Cookies and Cream Shake yang akan membuat Seninmu semakin manis Kenangan""]",False,5,1862,39,False,138
google/gemma-3-4b-it,sincerity,excitement,hybrid_early,0.3,Rayakan kemerdekaan Indonesia bersama Drive Thru McDonald s! Bulan Agustus jadi lebih seru dengan promo Paket Merdeka yang hemat banget. Hanya tersedia di Drive Thru mulai 14-17 Agustus 2022 jam 13.00 18.00.,“MERDEKA SIAPA YANG NGGAK SENANG! Drive Thru McDonald’s kasih promo Paket Merdeka yang super hemat! 🎉 Cuma di Drive Thru 14-17 Agustus 2022 jam 13.00-18.00 aja yaa! Buruan seru-seruan!”,False,1826,4200403,42,"[""CUMA 3 HARI AJA Buat memeriahkan hari Kemerdekaan Indonesia Gojek kasih promo spesial Gojek PLUS cuma Rp7.900! Buruan langganan sekarang"", ""Happy Weekend para Mantan! Mengawali bulan baru ada kabar gembira nih! Kalian bisa beli Kopi Kenangan dengan promo Makan & Jajan bareng DANA GRATIS! . Promo ini berlaku di 2-8 September 2019."", ""Sambut awal bulan dengan PROMO di Aplikasi Jiwa+ yang belum download Aplikasi Jiwa+ bisa download sekarang juga untuk menikmati berbagai PROMO menarik! jangan lupa mention lainnya yaaa ^^"", ""Halo sambil nunggu berbuka puasa mampir Kampung Silaturahmi dan ketemu temen-temen baru yuk! Ada merchandise spesial dan promo menarik juga buat kamu lho. Yakin mau dilewatin?"", ""Merayakan lebaran makin seru bareng promo Pesta Lebaran yang bisa dapetin di aplikasi JIWA+ nih! Yuk ajak teman dan keluargamu untuk berbagi bersama~""]",False,5,1906,74,False,185
google/gemma-3-4b-it,competence,excitement,hybrid_early,0.3,Hai Sobat BRI kami turut prihatin atas kejadian indikasi penipuan yang dialami. BRI sudah dilengkapi pengamanan berlapis dan system yang canggih. Kami informasikan aktivasi Tokopedia Card hanya dapat dilakukan oleh pemilik kartu. Apabila Sobat BRI sudah melakukan pengajuan,"Hai Sobat BRI maaf ya buat kamu yang udah mengalami hal ini. BRI udah dilengkapi pengamanan berlapis dan system yang canggih kok. Kalau udah ada pengajuan, yuk infoin ke aku nomor telepon email yang terdaftar ya. Terima kasih -NSA",False,193,4200404,42,"[""Hai Kak maaf banget atas kendala promo aplikasi Gojeknya ya Kak. Boleh informasikan nomor telepon dan email terdaftar serta detail voucher yang hilang ya supaya kendala kamu bisa kami cek. Terima kasih^ekw"", ""Hai Kak maaf banget ya udah bikin nggak nyaman. Mohon untuk konfirmasi kepada pihak Tokopedia atau langsung mengunjungi website terlebih dahulu ya Kak agar dapat segera ditindaklanjuti. Terima kasih^ygb"", ""Hai Kak maaf ya buat kamu mengalami hal ini. Aku bantu info disarankan untuk melakukan top up saldo GoPay menggunakan channel yang sudah tersedia. Selengkapnya kamu bisa cek link Terima kasih ^DW"", ""Hai Kak maaf banget ya tapi jangan khawatir ya. Yuk sini aku bantu cek lebih lanjut dengan infoin ke aku nomor telepon email yang terdaftar dan screenshot bukti transaksi kamu melalui DM ya. Terima kasih -NSA"", ""Memasuki promo CUAN hari ke 3 nih Beb! Nah sebelum kamu bisa mendapatkan promo CUANnya yuk coba temukan dulu jalan menuju promo CUAN Cashback untuk kalian! Dari A B atau C ya?""]",False,5,2119,53,False,230
google/gemma-3-4b-it,competence,excitement,hybrid_early,0.3,Mohon maaf atas ketidaknyamanan yang Bapak/Ibu Pelanggan alami. Untuk hal tersebut masih dalam penanganan oleh pihak analis BCA.,Halo Kak mohon maaf sudah bikin Bapak/Ibu kecewa. Jika masih kurang puas dengan pesanan Bapak/Ibu mohon sampaikan pada Jiwa Care ya : Keluhan Bapak/Ibu akan segera kami tindaklanjuti. Terima kasih.,False,1582,4200405,42,"[""Halo kak mohon maaf atas ketidaknyamanannya. Apabila kakak belum puas dengan pesananya mohon untuk sampaikan pada link berikut ya : Keluhan kakak akan segera kami tindaklanjuti. Terima kasih"", ""Halo Kak mohon maaf sudah bikin kakak ga nyaman. Supaya bisa dibantu mengenai laporannya bisa hubungi aku melalui DM nomor order yang dikeluhkan ya dan struk belanjanya. Terima kasih ^yun"", ""Halo kak mohon maaf sudah buat kakak kecewa. Jika masih kurang puas dengan pesanannya mohon untuk sampaikan pada link berikut ya : Keluhan kakak akan segera kami tindaklanjuti. Terima kasih"", ""halo kak mohon maaf atas ketidaknyamanannya. Apabila kakak kurang puas dengan pesanannya mohon untuk sampaikan pada Jiwa Care di nomor berikut ya: Keluhan kakak akan segera kami tindaklanjuti. Terima kasih"", ""Halo kak mohon maaf sudah buat kakak kecewa. Jika kakak masih kurang puas dengan pesanannya mohon untuk sampaikan pada link berikut ya : Keluhan kakak akan segera kami tindaklanjuti. Terima kasih""]",False,5,1955,54,False,197
google/gemma-3-4b-it,sophistication,excitement,hybrid_early,0.3,Symbolic Javanese Images a painting by Toto Duko at the lobby until 5 November:,"""Guys, ada lukisan Javanese Symbolic dari Toto Duko di lobby sampai 5 November lho! Jangan ketinggalan ya!""",False,4387,4200406,42,"[""Hai para Mantan cuman mau bilang besok hari Senin loh! Btw jangan keburu bete dulu ya Beb. Sambut Senin esok dengan Oreo Cookies and Cream Shake yang akan membuat Seninmu semakin manis Kenangan"", ""Semangat nder biar happy cek Tokopedia Happy Hour pasti diskon 30% mulai dari jam 19.00 WIB aja"", ""[PENGUMUMAN ] Selamat untuk pemenang GIVEAWAY tebak kode promo yang dipake Dido & Sekala Cek DM kamu sekarang ya! Mimin tunggu"", ""BESOK ADA YANG CLBK! Harga 2 menu mulai dari harga 30K aja loh! Hemat banget kan? Nantikan besok PROMO nya dan jangan lupa save postingan ini dan bagikan ke mu ya"", ""Ssstt spill promo aja di highlight instagram Kopi Janji Jiwa ya""]",False,5,1579,31,False,107
google/gemma-3-4b-it,sophistication,excitement,hybrid_early,0.3,Clean. Pure. Suave. Elegance. All in the Vespa Primavera.,"Hai Kak, Vespa Primavera bikin hari kamu makin elegan dan kece ya! Yuk, infoin nomor laporan kamu via DM buat detailnya, terima kasih^yb",False,3812,4200407,42,"[""Hi Beb bikin hari kamu ceria yuk dengan promo Kentjan. Dikit lagi udah mau habis nih kuotanya"", ""Hai Kak maaf banget ya buat kamu kurang nyaman. Terkait kendala kamu boleh info nomor laporan kamu via DM ya Kak untuk pengecekan. Terima kasih^ekw"", ""Hai Kak maaf ya jadi bikin kamu gak nyaman . Yuk infoin nomor laporan kamu melalui DM. Supaya bisa aku bantu cek ya. Terima kasih^jhn"", ""Hai Kak maaf banget ya udah bikin kamu nggak nyaman. Bisa dibantu infoin nomor dan email kamu yang terdaftar di Gojek dan juga detail top up GoPay kamu via DM buat kami cek?Terima kasih^yb"", ""Hai Kak maaf banget ya Kak udah bikin kamu nggak nyaman. Saat ini promo yang ditawarkan di aplikasi Gojek udah nggak bisa digabung lagi ya Kak. Terima kasih^DW""]",False,5,1638,32,False,136
google/gemma-3-4b-it,sincerity,excitement,hybrid_early,0.3,Ingfokan koordinat giveaway Ayoo merapat beauties,"""[PENGUMUMAN] Buruan beauties, infokan koordinat giveawaynya ya! ✨""",False,2282,4200408,42,"[""[PENGUMUMAN ] Selamat buat kamu yang beruntung menang Giveaway GoCar Cek DM kamu sekarang ya! Mimin tunggu"", ""[PENGUMUMAN ] Selamat untuk pemenang GIVEAWAY tebak kode promo yang dipake Dido & Sekala Cek DM kamu sekarang ya! Mimin tunggu"", ""[PENGUMUMAN ] Selamat untuk para pemenang GIVEAWAY GoCar pas lebaran kemarin Cek DM kamu sekarang ya! Mimin tunggu~"", ""Selasa cerita bareng PROMO biar mood bagus seharian buruan order sekarang!"", ""Seneng banget dengernya semoga bermanfaat buat kamu ya!! Yang mau hp gratis juga ikutin terus giveawaynya tiap Jumat-Senin malam di Jam 7 selama periode Tokopedia Happy Hour ya""]",False,5,1507,23,False,67
google/gemma-3-4b-it,competence,excitement,hybrid_early,0.3,Terima kasih kembali Kak.,Terima kasih ya Kak! 😊,False,568,4200409,42,"[""Halo kak mohon maaf sudah buat kakak kecewa. Kami sudah bantu tindaklanjut via DM ya"", ""Yeay terima kasih Beb . Jangan lupa beli lagi ya"", ""Terima kasih antusias nya ya kak"", ""Terima kasih ya"", ""Hai Kak DM kamu sudah kami balas ya. Silakan cek kembali . Terima kasih ^uni""]",False,5,1141,9,False,22
google/gemma-3-4b-it,sincerity,excitement,hybrid_early,0.3,Beauties mimin tu lagi suka banget deh pakai ombre lips semenjak pake Hydrabalm gaada lagi tuh khawatir bibir kering dan warna ga merata Siapa yang disini juga udah pake Hydrabalm? Spill dong kalian pake yg varian apaa,"""Hai beauties~ Mimin lagi suka bangeet pake ombre lips semenjak pake Hydrabalm, gaada lagi tuh khawatir bibir kering dan warna gak merata! Siapa yang disini juga udah pake Hydrabalm? Spill dong kalian pake varian apaa!""",False,2286,4200410,42,"[""Gaeeesss~ Gimana senin paginya? Biar kamu seneng dan tetep hemat nih Mimin spill promo-promo Gojek"", ""Terharu banget dikirimin kaya gini pas pms Pasti cowo aku belinya di Tokopedia Happy Hour karena tiap jam 19.00 ada voucher diskon 30%"", ""Hi Beb bikin hari kamu ceria yuk dengan promo Kentjan. Dikit lagi udah mau habis nih kuotanya"", ""Menjelang weekend mood malah amburadul?? Tenang ada PROMO yang bisa bikin kamu hepi lagi! Cek Aplikasi sekarang ya~"", ""Biar semangat dikasih Tokopedia Happy Hour pasti diskon 30% mulai dari jam 19.00 WIB sih""]",False,5,1607,57,False,219
google/gemma-3-4b-it,sophistication,excitement,hybrid_early,0.3,Mau dapat exclusive offer? Kunjungi link ini ya,"""Ada offer eksklusif nih? Langsung klik linknya yuk!""",True,3999,4200411,42,"[""Relate nggak nih ? Di follow juga dong hehehe~"", ""[PENGUMUMAN ] Selamat untuk pemenang GIVEAWAY tebak kode promo yang dipake Dido & Sekala Cek DM kamu sekarang ya! Mimin tunggu"", ""Mau ngopi tetap puas dan terap hemat bareng ? Pakai PROMO di bawah yuk! Ada berbagai macam PROMO hemat yang bisa kamu pilih loh! Langsung pesan dan ajak mu ya"", ""[PENGUMUMAN ] Selamat buat kamu yang beruntung menang Giveaway GoCar Cek DM kamu sekarang ya! Mimin tunggu"", ""Hallo Toppers bisa cek DM yak""]",False,5,1373,17,False,53
google/gemma-3-4b-it,ruggedness,excitement,hybrid_early,0.3,1 Kata untuk Gunung Patuha?,"""Wah, Gunung Patuha keren banget ya! 😍 Jangan lupa jaga diri ya, tetep semangat!""",False,5296,4200412,42,"[""Waahh seru ya. Jangan lupa untuk tetap patuhi protokol ya kak stay safe"", ""Mantap terimakasih ya Beb"", ""Selamat Hari Senin semangat baru dalam memulai minggu yang baru ya!! Yuk minum dulu bareng mu biar makin semangat dan jangan lupa dapetin Tumbler kece diatas sebelum kehabisan ya masih ada HARGA PROMO loh! Yuk langsung dapetin"", ""[] Mimin kasih clue lagi deh di sini yang selalu ada promonya Nah coba langsung: 1. Reply post ini dengan format Pasti pake [JAWABANMU] dong~ mention 2 teman kamu dan pakai hashtag 2. Pastikan akun kamu tidak di-private dan follow"", ""[PENGUMUMAN ] Mimin mau ucapin selamat buat Kamu mendapatkan masing-masing GoPay sebesar 500ribu! Segera kirimkan data diri lewat DM Tunggu keseruan lain dari Gojek ya ges~""]",False,5,1612,23,False,81
google/gemma-3-4b-it,sophistication,excitement,hybrid_early,0.3,Register yourself for this year's ! Registration desk at the lobby opens from 10 am - 7 pm!,"""Yuk daftarin diri kamu buat acara tahun ini! Meja pendaftaran di lobby buka dari jam 10 pagi - 7 malam! Kak""",False,4397,4200413,42,"[""Hai Kak maaf banget ya udah bikin kamu telat silakan infokan no order yg berkendala melalui DM supaya bisa aku bantu cek ya. Tks^feb"", ""[PENGUMUMAN ] Selamat untuk pemenang GIVEAWAY tebak kode promo yang dipake Dido & Sekala Cek DM kamu sekarang ya! Mimin tunggu"", ""Hai Kak maaf banget ya udah bikin kamu nggak nyaman. Bisa dibantu infoin nomor dan email kamu yang terdaftar di Gojek dan juga detail top up GoPay kamu via DM buat kami cek?Terima kasih^yb"", ""Selamat Hari Senin semangat baru dalam memulai minggu yang baru ya!! Yuk minum dulu bareng mu biar makin semangat dan jangan lupa dapetin Tumbler kece diatas sebelum kehabisan ya masih ada HARGA PROMO loh! Yuk langsung dapetin"", ""Masih awal minggu kepala udah spaneng sama kerjaan yang numpuk nggak kelar-kelar? Ngopi dulu yuk! Ada PROMO dari nih cek kamu ya!""]",False,5,1753,34,False,109
google/gemma-3-4b-it,sophistication,excitement,hybrid_early,0.3,Selain Green Tenace Vespa Sprint S 150 i-get ABS juga tersedia dalam berbagai pilihan warna lainnya. Info lengkap:,"“Selain Tenace Green, Vespa Sprint S 150 i-get ABS juga ada warna kece lainnya lho! Yuk, cek detailnya sekarang!”",False,3835,4200414,42,"[""Mau ngopi tetap puas dan terap hemat bareng ? Pakai PROMO di bawah yuk! Ada berbagai macam PROMO hemat yang bisa kamu pilih loh! Langsung pesan dan ajak mu ya"", ""Hai Kak tetap nantikan promo menarik kami lainnya ya dan semoga kamu beruntung. Kamu juga bisa cek update promo Gojek di link Semangaaatt!! ^yb"", ""PROMO WEEKEND PICK UP bisa dapatkan dengan order di . Yuk langsung aja ke Jilid terdekat kamu Barista kece sudah menunggu"", ""siap kembalikan semangatmu hari ini bareng PROMO yang ON terus! Buruan order sekarang~"", ""Selamat Hari Jumat buat semua !!! Biar makin semangat buat weekend yuk minum di jilid terdekatmu! Ada Es Kopi Susu dengan design yang keren banget loh. Buat yang belum cobain yuk langsung cobain sekarang juga""]",False,5,1691,34,False,113
google/gemma-3-4b-it,competence,excitement,hybrid_early,0.3,Hai Sobat BRI kami turut berduka cita semoga keluarga yang ditinggalkan selalu diberikan ketabahan dan kesabaran. Untuk proses pembayaran pinjaman maka ahli waris wajib membayarkan sisa pinjaman yang dimiliki. Guna informasi lebih lanjut silakan ahli waris konfirmasi terlebih,"Halo Sobat BRI mohon maaf atas kejadian kurang menyenangkan ini. Apabila ada hal yang kurang memuaskan terkait proses pembayaran pinjaman, mohon sampaikan pada tim BRI kami melalui link berikut ya: Keluhan Bapak/Ibu akan segera kami tindaklanjuti. Terima kasih.",False,226,4200415,42,"[""halo kak mohon maaf atas ketidaknyamanannya. Apabila kakak kurang puas dengan pesanannya mohon untuk sampaikan pada Jiwa Care di nomor berikut ya: Keluhan kakak akan segera kami tindaklanjuti. Terima kasih"", ""Halo kak mohon maaf sudah buat kakak kecewa. Jika kakak masih kurang puas dengan pesanannya mohon untuk sampaikan pada link berikut ya : Keluhan kakak akan segera kami tindaklanjuti. Terima kasih"", ""Halo kak mohon maaf sudah buat kakak kecewa. Jika masih kurang puas dengan pesanannya mohon untuk sampaikan pada link berikut ya : Keluhan kakak akan segera kami tindaklanjuti. Terima kasih"", ""Halo kak mohon maaf atas ketidaknyamanannya. Apabila kakak kurang puas dengan pesanannya mohon untuk sampaikan pada link berikut ya: Jiwa Care akan bantu menindaklanjuti. Terima kasih"", ""Halo kak mohon maaf sudah buat kakak kecewa. Apabila kakak masih kurang puas dengan pesananya mohon untuk sampaikan pada link berikut ya : Keluhan kakak akan segera kami tindaklanjuti. Terima kasih""]",False,5,2106,60,False,261
google/gemma-3-4b-it,competence,excitement,hybrid_early,0.3,Sila Kelima mendorong terciptanya keadilan dan kesetaraan bagi semua.,"""Yuk beb, semangat dorong buat keadilan & kesetaraan ya!""",False,944,4200416,42,"[""Hai kak Adhe mohon maaf banget ya kak dan bisa infokan no laporannya supaya bisa aku bantu cek ya kak. Tks^feb"", ""Hai para Mantan bantu mimin dong buat nemuin jalan menuju paket promo BuCin kira-kira lewat mana nih ya Beb? Reply tweet ini dan mention kamu supaya sama-sama nemuin jalannya!"", ""Semangat nder biar happy cek Tokopedia Happy Hour pasti diskon 30% mulai dari jam 19.00 WIB aja"", ""Hai Kak Rere maaf banget ya udah bikin gak nyaman silakan infokan no order yg berkendala melalui DM supaya bisa aku bantu cek ya. Tks^feb"", ""Yuk cuss beb""]",False,5,1459,18,False,57
google/gemma-3-4b-it,sincerity,excitement,hybrid_early,0.3,heyyy pilih satuuu,"""Pilih satuuuu beb semangat!""",False,2139,4200417,42,"[""Heyyy"", ""Cakepp semangat kakkk"", ""Hallo Beb ditunggu saja ya . Anyway thank you ya semoga kamu suka"", ""Mantappp semangat terusss kakkk"", ""Hi Beb bikin hari kamu ceria yuk dengan promo Kentjan. Dikit lagi udah mau habis nih kuotanya""]",False,5,1094,11,False,29
google/gemma-3-4b-it,competence,excitement,hybrid_early,0.3,Mohon maaf atas ketidaknyamanan yang Bapak/Ibu Pelanggan alami. Untuk hal tersebut tidak dapat kami pastikan ya namun umumnya sesuai dengan service level laporan,"Halo Bapak/Ibu, mohon maaf atas ketidaknyamanan yang Bapak/Ibu alami. Terkait hal tersebut, kami akan segera menindaklanjuti sesuai dengan service level laporan. Terima kasih.",False,1462,4200418,42,"[""Halo kak mohon maaf sudah buat kakak kecewa. Jika masih kurang puas dengan pesanannya mohon untuk sampaikan pada link berikut ya : Keluhan kakak akan segera kami tindaklanjuti. Terima kasih"", ""Halo kak mohon maaf sudah buat kakak kecewa. Jika kakak masih kurang puas dengan pesanannya mohon untuk sampaikan pada link berikut ya : Keluhan kakak akan segera kami tindaklanjuti. Terima kasih"", ""Halo kak mohon maaf atas ketidaknyamanannya. Apabila kakak belum puas dengan pesananya mohon untuk sampaikan pada link berikut ya : Keluhan kakak akan segera kami tindaklanjuti. Terima kasih"", ""Halo kak mohon maaf sudah buat kakak kecewa. Apabila kakak masih kurang puas dengan pesananya mohon untuk sampaikan pada link berikut ya : Keluhan kakak akan segera kami tindaklanjuti. Terima kasih"", ""Hai Kak maaf banget ya udah bikin ngga nyaman. Terkait dengan keluhanmu mohon diinformasikan nomor telepon dan email kamu yang terdaftar melalui DM supaya bisa kami bantu cek ya. Tks^Ari""]",False,5,1979,44,False,175
google/gemma-3-4b-it,ruggedness,excitement,hybrid_early,0.3,Hallo Bro masih ada kog Bro tapi stocknya terbatas,"""Masih ada nih Bro, tapi stocknya terbatas!""",False,5879,4200419,42,"[""Buat stock nihh"", ""Yuk diserbu yuk! Buat yang kemarin belum kebagian nih MinBeb kasih promo CLBK sampe tanggal 15 Desember pula! Psst kuota harian terbatas ya"", ""Masih ada promo weekend pick up dari Ayo order sekarang dan nantikan promonya lagi di minggu depan ya"", ""Jam segini masih kerja lembur bagai kuda? Tenang meskipun nggak bisa ngelarin kerjaan kamu tetep bisa nemenin kamu! Order sekarang mumpung ada PROMO~"", ""Selasa cerita bareng PROMO biar mood bagus seharian buruan order sekarang!""]",False,5,1389,14,False,44
google/gemma-3-4b-it,sincerity,excitement,hybrid_early,0.3,Hai Kak makasih udah sharing pengalamannya Munculnya jerawat bisa dipengaruhi banyak faktor mulai dari adaptasi kulit kondisi hormonal sampai kombinasi produk yang dipakai. Biar bisa Weety bantu cek lebih detail boleh ya Kak kita lanjut obrolannya di DM,Hai Kak maaf banget ya udah share pengalamanmu. Munculnya jerawat bisa dipengaruhi banyak faktor mulai dari adaptasi kulit kondisi hormonal sampai kombinasi produk yang dipakai. Biar Weety bisa bantu cek lebih detail boleh ya Kak lanjut obrolannya di DM.,False,2174,4200420,42,"[""Hai Kak maaf banget ya tapi jangan khawatir ya. Yuk sini aku bantu cek lebih lanjut dengan infoin ke aku screenshot keterangan berhasil update GoPay Plus melalui DM ya. Terima kasih -NSA"", ""Hai Kak maaf banget ya udah bikin kamu nggak nyaman. Bisa dibantu infoin nomor dan email kamu yang terdaftar di Gojek dan juga detail top up GoPay kamu via DM buat kami cek?Terima kasih^yb"", ""Hai Kak maaf banget ya tapi jangan khawatir ya. Yuk sini aku bantu cek lebih lanjut dengan infoin ke aku nomor order dan screenshot kendala kamu melalui DM ya. Terima kasih -NSA"", ""Hai Kak maaf banget ya udah bikin kamu telat silakan infokan no order yg berkendala melalui DM supaya bisa aku bantu cek ya. Tks^feb"", ""Hai Kak maaf banget ya tapi jangan khawatir ya. Yuk sini aku bantu cek lebih lanjut dengan infoin ke aku nomor order dan screenshot riwayat transaksi kamu melalui DM ya. Terima kasih -NSA""]",False,5,1984,54,False,254
google/gemma-3-4b-it,competence,excitement,hybrid_early,0.3,Hai Sobat BRI. Kami turut prihatin atas kejadian yang dialami. Tidak bisa ya melalui layanan resmi sosial media BRI. Terkait kendala yang disampaikan kami sudah mengirimkan pesan melalui Mention sebelumnya. Mohon kesediaan melakukan pengecekan. Tks~Nadim,"Hai Sobat BRI, maaf banget ya udah bikin ngga nyaman. Terkait kendala yang disampaikan, kami udah kirim pesan melalui Mention sebelumnya. Mohon kesediaan melakukan pengecekan ya. Tks~Nadim",False,313,4200421,42,"[""Hai Kak maaf banget ya udah bikin nggak nyaman. Mohon untuk konfirmasi kepada pihak Tokopedia atau langsung mengunjungi website terlebih dahulu ya Kak agar dapat segera ditindaklanjuti. Terima kasih^ygb"", ""Hai Kak maaf banget ya tapi jangan khawatir ya. Yuk sini aku bantu cek lebih lanjut dengan infoin ke aku nomor order dan screenshot kendala kamu melalui DM ya. Terima kasih -NSA"", ""Hallo kak mohon maaf sudah buat kakak kecewa. Mohon infokan keluhan kakak pada DM ya kak kami akan bantu untuk tindaklanjut"", ""hallo kak mohon maaf sudah buat kakak kecewa. Mohon infokan keluhan kakak pada DM ya kami akan bantu tindaklanjut"", ""Hai Kak maaf banget ya udah bikin ngga nyaman. Terkait dengan keluhanmu mohon diinformasikan nomor telepon dan email kamu yang terdaftar melalui DM supaya bisa kami bantu cek ya. Tks^Ari""]",False,5,1916,46,False,188
google/gemma-3-4b-it,competence,excitement,hybrid_early,0.3,dari semangat perjuangan yang dimulai lebih dari seratus tahun lalu kebangkitan nasional terus menginspirasi kita untuk bergerak maju.,"Semangat terus dari semangat perjuangan yang udah dimulai lebih dari seratus tahun lalu, terus menginspirasi kita buat maju! Yuk, buruan order sekarang~",False,888,4200422,42,"[""Selamat Hari Senin semangat baru dalam memulai minggu yang baru ya!! Yuk minum dulu bareng mu biar makin semangat dan jangan lupa dapetin Tumbler kece diatas sebelum kehabisan ya masih ada HARGA PROMO loh! Yuk langsung dapetin"", ""Ayoo semangat terus kak"", ""Semangat terus"", ""siap kembalikan semangatmu hari ini bareng PROMO yang ON terus! Buruan order sekarang~"", ""Selain ada juga loh yang siap bikin hari kamu makin semangat""]",False,5,1404,34,False,152
google/gemma-3-4b-it,ruggedness,excitement,hybrid_early,0.3,Coming soon a collaboration with . Add a small detail,"""Coming soon kolaborasi nih! Tambahin detail kecil dong yaaa""",False,6010,4200423,42,"[""Semangat nder biar happy cek Tokopedia Happy Hour pasti diskon 30% mulai dari jam 19.00 WIB aja"", ""Gaeeesss~ Gimana senin paginya? Biar kamu seneng dan tetep hemat nih Mimin spill promo-promo Gojek"", ""Jangan dong buat kirim info Tokopedia Happy Hour pasti diskon 30% mulai dari jam 19.00 WIB kak"", ""Biar semangat dikasih Tokopedia Happy Hour pasti diskon 30% mulai dari jam 19.00 WIB sih"", ""Obatin pake Tokopedia Happy Hour pasti diskon 30% mulai dari jam 19.00 WIB hayuu""]",False,5,1369,17,False,61
google/gemma-3-4b-it,sophistication,excitement,hybrid_early,0.3,Layered perfection. Banda Neira Cheongsam Halter Dress in Papyrus color is paired best with Ukelan Sekar Cheongsam Apron in Murmur color and Amba Culottes in Ash palette for an effortless poise. Discover the collection at SAPTO DJOJOKARTIKO Plaza Senayan,"Hai Kak, boleh cek DM yak? Ada koleksi Cheongsam yang cantik nih, cocok banget buat tampilan effortless. Terutama Layered Perfection, Banda Neira Cheongsam Halter Dress in Papyrus warna cantik dipadukan dengan Ukelan Sekar Cheongsam Apron in Murmur dan Amba Culottes in Ash palette. Langsung aja cek di SAPTO DJOJOKARTIKO Plaza Senayan ya! 😊",False,4682,4200424,42,"[""Hai Kak Rere maaf banget ya udah bikin gak nyaman silakan infokan no order yg berkendala melalui DM supaya bisa aku bantu cek ya. Tks^feb"", ""Hai Kak maaf banget ya udah bikin kamu telat silakan infokan no order yg berkendala melalui DM supaya bisa aku bantu cek ya. Tks^feb"", ""Hallo Toppers bisa cek DM yak"", ""Selamat Hari Senin semangat baru dalam memulai minggu yang baru ya!! Yuk minum dulu bareng mu biar makin semangat dan jangan lupa dapetin Tumbler kece diatas sebelum kehabisan ya masih ada HARGA PROMO loh! Yuk langsung dapetin"", ""Hallo Beb ditunggu saja ya . Anyway thank you ya semoga kamu suka""]",False,5,1704,89,False,341
google/gemma-3-4b-it,sophistication,excitement,hybrid_early,0.3,Kamu mau voucher MAP senilai @ Rp200.000? Caranya klik sekarang juga. Ayo ikutan kuis ini hanya sampai 11 Oktober 2019. .,"""Mau voucher MAP seharga @ Rp200.000? Buruan klik sekarang! Kuinya cuma sampai 11 Oktober 2019 aja nih!""",False,3954,4200425,42,"[""Halo !! Udah tau belom ada giveaway 300.000 Jiwa+ Points buat kamu nih. Mau tau caranya? Cek postingan ig yang ini ya!"", ""Hayo siapa yang kaya gini? Yuk beb masih sisa beberapa jam lagi untuk kamu bisa nikmatin promo 11.11! Jangan sampai kelewatan ya Beb! Siapa aja nih yang udah beli Kopi Kenangan dengan promo 11.11?"", ""Murah banget sih iniii Ayok buruan jajan lagi mumpung promonya dijamin dapet sampe tgl 11 ini!!! Cek DM kamu dehhh"", ""Hai Kak mengenai Promo Payday Alfamart Diskon 40% kamu akan mendapatkan benefit apabila sudah sesuai syarat ketentuan promo ya. Info detailnya kamu bisa cek ya. Tks^ast"", ""Semangat nder biar happy cek Tokopedia Happy Hour pasti diskon 30% mulai dari jam 19.00 WIB aja""]",False,5,1673,39,False,104
google/gemma-3-4b-it,sophistication,excitement,hybrid_early,0.3,Febby Rastanty,"Hai Febby Rastanty, jangan khawatir ya yuk infokan no hp dan email yg terdaftar melalui DM supaya bisa aku bantu cek ya. Tks^feb",False,4697,4200426,42,"[""Hai para Mantan cuman mau bilang besok hari Senin loh! Btw jangan keburu bete dulu ya Beb. Sambut Senin esok dengan Oreo Cookies and Cream Shake yang akan membuat Seninmu semakin manis Kenangan"", ""Hai Kak maaf banget ya udah bikin kamu telat silakan infokan no order yg berkendala melalui DM supaya bisa aku bantu cek ya. Tks^feb"", ""Hai Kak maaf banget ya Kak silakan infokan no laporannya supaya bisa aku bantu cek ya. Tks^feb"", ""Hai kak Yara jangan khawatir ya yuk infokan no hp dan email yg terdaftar melalui DM supaya bisa aku bantu cek ya. Tks^feb"", ""Semangat replynya kak""]",False,5,1436,34,False,128
google/gemma-3-4b-it,sincerity,excitement,hybrid_early,0.3,Hai Ibu senang jika Ibu menyukai Nestl GOODNES. Terkait ketersediaan produk bergantung pada stok masing-masing toko. Ibu juga dapat melakukan pembelian Nestl GOODNES di minimarket atau supermarket terdekat ya. :),"Hai Ibu, kalau Ibu suka Nestl GOODNES, semoga makin semangat ya! Stoknya tergantung toko masing-masing, tapi Ibu bisa beli di minimarket atau supermarket terdekat juga kok :)",False,6089,4200427,42,"[""Selamat Hari Jumat buat semua !!! Biar makin semangat buat weekend yuk minum di jilid terdekatmu! Ada Es Kopi Susu dengan design yang keren banget loh. Buat yang belum cobain yuk langsung cobain sekarang juga"", ""Hai Kak tetap nantikan promo menarik kami lainnya ya dan semoga kamu beruntung. Kamu juga bisa cek update promo Gojek di link Semangaaatt!! ^yb"", ""Hai Kak tetap nantikan promo menarik kami lainnya ya. Kamu juga bisa cek update promo Gojek di link Semangaaatt!! ^yb"", ""Hai Kak Kamu juga dapat menemukan promo Flash sale di halaman profil resto lengkap dengan keterangan kapan promo akan berakhir ya. Tks^ast"", ""Hai Kak kamu melihat promo yang sedang berjalan kamu dapat cek di halaman Promo di aplikasi Gojek kamu ya. Update promo yang sedang berlaku saat ini silakan cek di Tks^ast""]",False,5,1850,40,False,174
google/gemma-3-4b-it,ruggedness,excitement,hybrid_early,0.3,overallnyaaa,Buat intinyaa yaaa,False,5312,4200428,42,"[""Gaeeesss~ Gimana senin paginya? Biar kamu seneng dan tetep hemat nih Mimin spill promo-promo Gojek"", ""Jadi hemattt"", ""Semoga bisaaa yaaa"", ""Hallo Toppers bisa cek DM yak"", ""Buat stock nihh""]",False,5,1045,8,False,18
google/gemma-3-4b-it,competence,excitement,hybrid_early,0.3,Sila Kedua mengingatkan kita pentingnya rasa empati dan saling menghormati.,"“Hai Kak, maaf banget udah bikin Kakak ngerasa kurang nyaman ya. Soal keluhan Kak, mohon info nomor HP dan email terdaftar lewat DM ya biar bisa bantu cek. Thanks ^Ari”",False,947,4200429,42,"[""Hai Kak maaf banget ya udah bikin ngga nyaman. Terkait dengan keluhanmu mohon diinformasikan nomor telepon dan email kamu yang terdaftar melalui DM supaya bisa kami bantu cek ya. Tks^Ari"", ""Halo Kak mohon maaf sudah bikin kakak ga nyaman. Supaya bisa dibantu mengenai laporannya bisa hubungi aku melalui DM nomor order yang dikeluhkan ya dan struk belanjanya. Terima kasih ^yun"", ""Hari kamis tanggal tiga belas. Senyummu emang terlihat manis tapi kok nggak ikhlas? Duh jangan gitu ya Beb!. Senyum itukan ibadah jadi harus ikhlas ya. Jangan senyum ke gebetan aja yang ikhlas Selamat hari Kamis Para Mantan"", ""Hallo kak mohon maaf sudah buat kakak kecewa. Mohon infokan keluhan kakak pada DM ya kak kami akan bantu untuk tindaklanjut"", ""hallo kak mohon maaf sudah buat kakak kecewa. Mohon infokan keluhan kakak pada DM ya kami akan bantu tindaklanjut""]",False,5,1768,46,False,168
google/gemma-3-4b-it,sophistication,excitement,hybrid_early,0.3,CITY RETREAT. Valid for weekend (Friday to Sunday). For more info +6221 2277 1888.,“Hai.. Hai.. Akhir pekan nih Beb! Jangan lupa City Retreat ya! Valid cuma weekend (Jumat sampai Minggu) lho! Info lengkap hubungi +6221 2277 1888!”,False,4278,4200430,42,"[""Hari Jumat saatnya ke nih! Buat kamu yang ada di Surabaya dan Medan yuk langsung kunjungi jilid diatas dan nikmati PROMONYA ya! Klik link dibawah untuk liat detail promo nya ya"", ""Semangat nder biar happy cek Tokopedia Happy Hour pasti diskon 30% mulai dari jam 19.00 WIB aja"", ""Hai Kak tetap nantikan promo menarik kami lainnya ya dan semoga kamu beruntung. Kamu juga bisa cek update promo Gojek di link Semangaaatt!! ^yb"", ""Hai.. Hai.. Happy Sunday Beb! Mana nih yang udah cobain Milk Tea dari Kopi Kenangan? Kalau udah coba pasti tau banget jawabannya kan Yuk reply tweet ini ya!"", ""Sore . Lelah bekerja seharian? Bisa banget untuk refresh lagi dengan yang seger. dimana lagi kalau bukan ! PROMO masih bisa kamu nikmati yaaa! order sekarang juga!""]",False,5,1676,51,False,147
google/gemma-3-4b-it,ruggedness,excitement,hybrid_early,0.3,There were a couple of young guys who came to our workshop weeks before we joined the event. They told,"""Eh, ada dua anak muda yang dateng ke workshop kita beberapa minggu sebelum kita ikutan acara tuh. Mereka bilang...""",False,5846,4200431,42,"[""Are you ready?"", ""[PENGUMUMAN ] Selamat untuk para pemenang giveaway GOWEEKEND Kirim data diri kamu lewat DM sekarang ya! Jangan lupa~ mimin tungguin"", ""Hai Kak maaf banget ya tapi jangan khawatir ya. Yuk sini aku bantu cek lebih lanjut dengan infoin ke aku nomor order dan screenshot kendala kamu melalui DM ya. Terima kasih -NSA"", ""Thank you for today. See yaaa again"", ""Halo !! Udah tau belom ada giveaway 300.000 Jiwa+ Points buat kamu nih. Mau tau caranya? Cek postingan ig yang ini ya!""]",False,5,1438,27,False,116
google/gemma-3-4b-it,competence,excitement,hybrid_early,0.3,Dengan senang hati kami informasikan Bapak/Ibu Pelanggan. Jika yang dimaksud melakukan pembukaan rekening di cabang maka tidak ya. Untuk perorangan dewasa berstatus WNI silakan membawa KTP NPWP (jika ada) dan setoran awal sesuai dengan jenis rekening. Tks ^Yena,Halo Kak mohon maaf sudah bikin Bapak/Ibu ga nyaman. Supaya bisa dibantu mengenai pembukaan rekeningnya bisa hubungi aku melalui DM nomor order yang dikeluhkan ya dan struk belanjanya. Terima kasih ^Yena,False,1557,4200432,42,"[""Halo kak mohon maaf atas ketidaknyamanannya ya mohon infokan kepada kami foto struk fisik/bukti pembelian via Grabfood tersebut ya dan mohon infokan juga nomor telepon yang dapat dihubungi terima kasih"", ""Hai Kak maaf banget ya udah bikin ngga nyaman. Agar dapat kami lakukan pengecekan lebih lanjut bisa diinformasikan nomor telepon yang terdaftar dan serta bukti Top Up kamu melalui DM ya. Tks^Ari"", ""Halo kak untuk DM nya belum ada ya mohon maaf atas ketidaknyamanannya ya kak. Mohon kirimkan kepada kami via DM Twitter foto struk fisik/bukti pembeliannya beserta nomo telepon yang dapat dihubungi ya agar dapat kami tindaklanjuti kepada pihak jilid terkait terima kasih"", ""Halo Kak mohon maaf sudah bikin kakak ga nyaman. Supaya bisa dibantu mengenai laporannya bisa hubungi aku melalui DM nomor order yang dikeluhkan ya dan struk belanjanya. Terima kasih ^yun"", ""Halo kak mohon maaf atas ketidaknyamanannya ya mohon infokan kepada kami foto struk fisik pembeliannya ya kak via DM terima kasih""]",False,5,2103,50,False,203
google/gemma-3-4b-it,sincerity,excitement,hybrid_early,0.3,gentong mini!,Makin rajin gentong mini yaa!,False,2086,4200433,42,"[""Siap ditunggu kak!"", ""Selalu ditunggu yaaa"", ""Ready"", ""Makin rajin masak yaa"", ""Tungguin ya hari Kamis!!""]",False,5,962,11,False,29
google/gemma-3-4b-it,competence,excitement,hybrid_early,0.3,Hai Sobat BRI. Mohon maaf atas kendala transaksi yang dialami. Mohon dipastikan apakah transaksi yang dilakukan mengurangi saldo rekening? Tks~Luis,Hai Sobat BRI. Maaf banget ya buat kamu kurang nyaman. Terkait kendala kamu mohon informasikan nomor telepon dan email terdaftar ya Kak untuk pengecekan. Tks~Luis,True,363,4200434,42,"[""Halo Kak mohon maaf sudah bikin kakak ga nyaman. Supaya bisa dibantu mengenai laporannya bisa hubungi aku melalui DM nomor order yang dikeluhkan ya dan struk belanjanya. Terima kasih ^yun"", ""Hai Kak maaf banget ya buat kamu kurang nyaman. Terkait kendala kamu mohon informasikan nomor telepon dan email terdaftar serta screenshot detail transaksinya ya Kak untuk pengecekan. Terima kasih^ekw"", ""Hai Kak maaf banget ya Kak silakan infokan no laporannya supaya bisa aku bantu cek ya. Tks^feb"", ""Hai Kak maaf banget ya buat kamu kurang nyaman. Terkait kendala kamu mohon informasikan nomor telepon dan email terdaftar serta detail transaksi kamu ya Kak untuk pengecekan. Terima kasih^ekw"", ""Hai Kak maaf banget ya. Terkait dengan keluhanmu mohon diinformasikan nomor telepon dan email kamu yang terdaftar melalui DM supaya bisa kami bantu cek ya. Tks^Ari""]",False,5,1843,41,False,162
google/gemma-3-4b-it,sophistication,excitement,hybrid_early,0.3,The gilded approach from the Yayi embroidery gives the pristine white a jolt of textured dimension. Shop the collars,"""Hai Kak, penawaran emas dari bordir Yayi ini bikin kerah putihnya jadi makin berdimensi ya! Langsung cek kerahnya, guys!""",False,4695,4200435,42,"[""Hai Kak maaf banget ya udah bikin kamu nggak nyaman. Bisa dibantu infoin nomor dan email kamu yang terdaftar di Gojek dan juga detail top up GoPay kamu via DM buat kami cek?Terima kasih^yb"", ""Semangat nder biar happy cek Tokopedia Happy Hour pasti diskon 30% mulai dari jam 19.00 WIB aja"", ""Hai Kak maaf banget ya Kak udah bikin kamu nggak nyaman. Saat ini promo yang ditawarkan di aplikasi Gojek udah nggak bisa digabung lagi ya Kak. Terima kasih^DW"", ""Hai para Mantan bantu mimin dong buat nemuin jalan menuju paket promo BuCin kira-kira lewat mana nih ya Beb? Reply tweet ini dan mention kamu supaya sama-sama nemuin jalannya!"", ""Yuhuuu mimin seneng deh kalau bebeb jadi happy gini""]",False,5,1645,36,False,122
google/gemma-3-4b-it,competence,excitement,hybrid_early,0.3,Hai Sobat BRI tidak perlu khawatir. Kami sampaikan pembayaran tagihan kartu kedit sesuai dengan billing tagihan yang diterima ya. Silakan pengecekan pada billing tagihan untuk mengetahui jumlah yang harus dibayarkan. Pengecekan detail tagihan dapat menghubungi layanan bebas,Hai Sobat! Jangan khawatir ya. Silakan cek billing tagihan untuk mengetahui jumlah yang harus dibayarkan. Pengecekan detail tagihan bisa hubungi layanan bebas. Terima kasih -BRI,False,13,4200436,42,"[""Hai Kak jangan khawatir ya. Yuk infokan nomor telepon email yang terdaftar dan screenshot detail history tarik tunai yang kamu lakukan via DM agar dapat kami cek ya. Terima kasih^ast"", ""Hai Kak maaf banget ya tapi jangan khawatir ya. Yuk sini aku bantu cek lebih lanjut dengan infoin ke aku nomor telepon email yang terdaftar dan masa berlaku kartu yang akan didaftarkan melalui DM ya. Terima kasih -NSA"", ""Hai Kak maaf banget ya tapi jangan khawatir ya. Yuk sini aku bantu cek lebih lanjut dengan infoin ke aku nomor telepon email yang terdaftar dan masa berlaku kartu kamu melalui DM ya. Terima kasih -NSA"", ""Hai Kak maaf banget ya udah bikin kamu telat silakan infokan no order yg berkendala melalui DM supaya bisa aku bantu cek ya. Tks^feb"", ""Hai Kak maaf ya kalau kamu jarang dapat voucher supaya aku bisa cek boleh infoin nomor telepon dan email yang terdaftar pada aplikasi melalui DM ya. Terima kasih ^DW""]",False,5,2031,41,False,177
google/gemma-3-4b-it,ruggedness,excitement,hybrid_early,0.3,Terbuat dari material kulit suede dan kanvas EIGER Stanley Shoes juga memiliki fitur breathable dan ringan di kaki sehingga nyaman dipakai sepanjang hari.,"""Mantap nih, EIGER Stanley Shoes! Kulit suede sama kanvasnya keren abis, ringan di kaki plus adem, nyaman banget buat seharian! Kuy buruan mumpetin sebelum keabisan, harga promo diskon lagi!""",False,5382,4200437,42,"[""Hai Kak maaf banget ya udah bikin kamu nggak nyaman. Bisa dibantu infoin nomor dan email kamu yang terdaftar di Gojek dan juga detail top up GoPay kamu via DM buat kami cek?Terima kasih^yb"", ""Tetap nyaman sepanjang hari dengan T-shirt ! Dengan material katun yang solid akan memberikan kesan stylish sekaligus nyaman disetiap aktivitasmu. Yuk pesan sebelum kehabisan di ataupun Kopi Janji Jiwa"", ""Happy weekend ! disaat masa PSBB saat ini kira-kira apa ya kegiatan yang bisa banget dilakukan untuk tetap menikmati liburan? Share dengan reply tweet ini ya!"", ""Padahal udah lumayan ter counter eh malah tetep aja kaos kakinya yang normal normal dikit aja mba Lagi Ramadan yang seru seru aja guys nih Toped spill buat kalian"", ""Selamat Hari Senin semangat baru dalam memulai minggu yang baru ya!! Yuk minum dulu bareng mu biar makin semangat dan jangan lupa dapetin Tumbler kece diatas sebelum kehabisan ya masih ada HARGA PROMO loh! Yuk langsung dapetin""]",False,5,1950,52,False,191
google/gemma-3-4b-it,ruggedness,excitement,hybrid_early,0.3,Pendakian tektok ini biasa dilakukan di gunung-gunung yang memiliki rentang waktu tidak begitu panjang dan sangat cocok untuk pemula yang hanya ingin sekedar olahraga atau mendaki. Namun ada yang harus diperhatikan untuk para pemula sebelum melakukan tektok. Yuk simak!,"“Mau coba sensasi mendaki gunung? Tektok tuh asik banget buat pemula yang pengen olahraga! Gunung yang nggak numpang waktu, cocok bgt buat nyemilir. Tapi, sebelum tektok, kudu siapin diri ya! Yuk, simak!”",False,5533,4200438,42,"[""Happy weekend ! disaat masa PSBB saat ini kira-kira apa ya kegiatan yang bisa banget dilakukan untuk tetap menikmati liburan? Share dengan reply tweet ini ya!"", ""Sore . Lelah bekerja seharian? Bisa banget untuk refresh lagi dengan yang seger. dimana lagi kalau bukan ! PROMO masih bisa kamu nikmati yaaa! order sekarang juga!"", ""Selamat Hari Senin semangat baru dalam memulai minggu yang baru ya!! Yuk minum dulu bareng mu biar makin semangat dan jangan lupa dapetin Tumbler kece diatas sebelum kehabisan ya masih ada HARGA PROMO loh! Yuk langsung dapetin"", ""Masih awal minggu kepala udah spaneng sama kerjaan yang numpuk nggak kelar-kelar? Ngopi dulu yuk! Ada PROMO dari nih cek kamu ya!"", ""Hayo siapa yang kaya gini? Yuk beb masih sisa beberapa jam lagi untuk kamu bisa nikmatin promo 11.11! Jangan sampai kelewatan ya Beb! Siapa aja nih yang udah beli Kopi Kenangan dengan promo 11.11?""]",False,5,2002,57,False,204
google/gemma-3-4b-it,sincerity,excitement,hybrid_early,0.3,Yuk beli Happy Meal dan kumpulkan semua mainannya sekarang. Jangan sampai ketinggalan!,"""Buruan beli Happy Meal, kumpulin semua mainannya! Jangan sampai kehabisan ya!""",False,1614,4200439,42,"[""Masih ada PROMO untuk hari ini! Segera cek aplikasi kamu untuk dapatkan promo ini ya!"", ""Jangan dong buat kirim info Tokopedia Happy Hour pasti diskon 30% mulai dari jam 19.00 WIB kak"", ""Kamis anti menangis walaupun dikejar-kejar kerjaan dan deadline bareng PROMO dari yang bikin semangat full terus! Cek harga spesialnya di yuk>>>"", ""Jajan juga di Tokopedia Happy Hour pasti diskon 30% mulai dari jam 19.00 WIB gih sekarang"", ""Nikmati hematnya menu dan favorit kamu hari ini dengan menggunakan PROMO DARURAT! Yuuk order sekarang dan sebarkan kabar bahagia ini ke mu ya!""]",False,5,1501,23,False,79
google/gemma-3-4b-it,sophistication,excitement,hybrid_early,0.3,Rekan Jurnalis dari sedang kompetisi melepas ban,"""Hai para jurnalis! Jangan ketinggalan kompetisi seru melepas ban, buruan ikutan sekarang!""",True,4106,4200440,42,"[""Yuk diserbu yuk! Buat yang kemarin belum kebagian nih MinBeb kasih promo CLBK sampe tanggal 15 Desember pula! Psst kuota harian terbatas ya"", ""Sore . Lelah bekerja seharian? Bisa banget untuk refresh lagi dengan yang seger. dimana lagi kalau bukan ! PROMO masih bisa kamu nikmati yaaa! order sekarang juga!"", ""siap kembalikan semangatmu hari ini bareng PROMO yang ON terus! Buruan order sekarang~"", ""Selasa cerita bareng PROMO biar mood bagus seharian buruan order sekarang!"", ""Selamat Hari Jumat buat semua !!! Biar makin semangat buat weekend yuk minum di jilid terdekatmu! Ada Es Kopi Susu dengan design yang keren banget loh. Buat yang belum cobain yuk langsung cobain sekarang juga""]",False,5,1579,27,False,91
google/gemma-3-4b-it,sophistication,excitement,hybrid_early,0.3,Add substantial refinery with larger than life geometric collar decorated with intricate signature embroideries of Yayi and Renda Lincing. Discover the look at SAPTO DJOJOKARTIKO Plaza Senayan,"""Ssstt spill, ada refineri gede banget dengan kerah geometris super mewah dihiasin sama bordir khas Yayi & Renda Lincing!  Yuk liat di SAPTO DJOJOKARTIKO Plaza Senayan, pasti cakep banget!""",False,4656,4200441,42,"[""Selamat Hari Jumat buat semua !!! Biar makin semangat buat weekend yuk minum di jilid terdekatmu! Ada Es Kopi Susu dengan design yang keren banget loh. Buat yang belum cobain yuk langsung cobain sekarang juga"", ""Hai Kak maaf banget ya udah bikin kamu nggak nyaman. Bisa dibantu infoin nomor dan email kamu yang terdaftar di Gojek dan juga detail top up GoPay kamu via DM buat kami cek?Terima kasih^yb"", ""Ssstt spill promo aja di highlight instagram Kopi Janji Jiwa ya"", ""Jam segini masih kerja lembur bagai kuda? Tenang meskipun nggak bisa ngelarin kerjaan kamu tetep bisa nemenin kamu! Order sekarang mumpung ada PROMO~"", ""Selamat Hari Senin semangat baru dalam memulai minggu yang baru ya!! Yuk minum dulu bareng mu biar makin semangat dan jangan lupa dapetin Tumbler kece diatas sebelum kehabisan ya masih ada HARGA PROMO loh! Yuk langsung dapetin""]",False,5,1887,56,False,189
google/gemma-3-4b-it,competence,excitement,hybrid_early,0.3,Baik jika demikian silakan bisa pembatalan di loket stasiun online yang melayani ya. Berikut Railmin informasikan prosedur pembatalan tiket melalui loket stasiun: 1. Di loket stasiun yang melayani pembatalan. 2. Paling lambat 1 jam sebelum keberangkatan (sudah proses,"Hai Kak, maaf ya kalau ada kendala. Boleh info nomor telepon dan email terdaftar via DM ya supaya kendala kamu bisa kami cek. Terima kasih ^DW",False,573,4200442,42,"[""Hai Kak maaf banget ya udah bikin kamu telat silakan infokan no order yg berkendala melalui DM supaya bisa aku bantu cek ya. Tks^feb"", ""Hai kak maaf banget ya kak silakan infokan no hp email yg terdaftar dan screenshot syarat ketentuan promo melalui DM supaya bisa aku bantu cek ya. Tks^feb"", ""Hai Kak maaf banget atas kendala promo aplikasi Gojeknya ya Kak. Boleh informasikan nomor order dan screenshot detail promo yang kamu gunakan via DM ya. Terima kasih^ekw"", ""Hai Kak maaf ya kalau kamu jarang dapat voucher supaya aku bisa cek boleh infoin nomor telepon dan email yang terdaftar pada aplikasi melalui DM ya. Terima kasih ^DW"", ""Hai Kak maaf banget atas kendala promo aplikasi Gojeknya ya Kak. Boleh informasikan nomor telepon dan email terdaftar via DM supaya kendala kamu bisa kami cek. Terima kasih^ekw""]",False,5,1924,35,False,142
google/gemma-3-4b-it,sophistication,excitement,hybrid_early,0.3,Mari mengekspresikan diri dengan warna Red Passione Vespa LX 125 i-get yang menarik hati Saatnya jadi pusat perhatian bersama Vespa! Klik link yang ada di bio untuk info selengkapnya ya.,"“Yuk, ekspresin diri bareng Red Passione Vespa LX 125 i-get yang bikin semangat! Buruan jadi pusat perhatian, Vespa-nya keren abis! Klik link di bio buat tau selengkapnya yaaa!”",False,3827,4200443,42,"[""Selamat Hari Jumat buat semua !!! Biar makin semangat buat weekend yuk minum di jilid terdekatmu! Ada Es Kopi Susu dengan design yang keren banget loh. Buat yang belum cobain yuk langsung cobain sekarang juga"", ""Mau ngopi tetap puas dan terap hemat bareng ? Pakai PROMO di bawah yuk! Ada berbagai macam PROMO hemat yang bisa kamu pilih loh! Langsung pesan dan ajak mu ya"", ""Sambut awal bulan dengan PROMO di Aplikasi Jiwa+ yang belum download Aplikasi Jiwa+ bisa download sekarang juga untuk menikmati berbagai PROMO menarik! jangan lupa mention lainnya yaaa ^^"", ""siap kembalikan semangatmu hari ini bareng PROMO yang ON terus! Buruan order sekarang~"", ""Bikin hari Rabu jadi makin seru bareng PROMO yang bikin semangat jadi full terus! Pas banget nih buruan order siang ini!""]",False,5,1806,52,False,177
google/gemma-3-4b-it,sophistication,excitement,hybrid_early,0.3,Sukin Recycle Station masih ada dan tersedia di seluruh store Sociolla ya bestie.,"""Sukin Recycle Station lagi ada di Sociolla store seluruh Indonesia, bestie!""",False,3694,4200444,42,"[""Sore . Lelah bekerja seharian? Bisa banget untuk refresh lagi dengan yang seger. dimana lagi kalau bukan ! PROMO masih bisa kamu nikmati yaaa! order sekarang juga!"", ""Rilis jam 2 siang ini di shopee dan di MPL Arena bareng kak yeee"", ""Jam segini masih kerja lembur bagai kuda? Tenang meskipun nggak bisa ngelarin kerjaan kamu tetep bisa nemenin kamu! Order sekarang mumpung ada PROMO~"", ""Hallo Toppers bisa cek DM yak"", ""Semangat nder biar happy cek Tokopedia Happy Hour pasti diskon 30% mulai dari jam 19.00 WIB aja""]",False,5,1442,19,False,77
google/gemma-3-4b-it,competence,excitement,hybrid_early,0.3,penasaran nggak sih sama satelit baru Telkom Indonesia yang sebentar lagi bakal diluncurkan?,"""Penasaran nggak sih sama satelit baru Telkom Indonesia yang bakal rilis sebentar lagi nih?""",False,1020,4200445,42,"[""Biar semangat dikasih Tokopedia Happy Hour pasti diskon 30% mulai dari jam 19.00 WIB sih"", ""Yang pertama boleh banget nih cek Tokopedia Happy Hour pasti diskon 30% mulai dari jam 19.00 WIB"", ""Hai Kak maaf banget ya udah bikin kamu nggak nyaman. Bisa dibantu infoin nomor dan email kamu yang terdaftar di Gojek dan juga detail top up GoPay kamu via DM buat kami cek?Terima kasih^yb"", ""Nungguin Tokopedia Happy Hour pasti diskon 30% mulai dari jam 19.00 WIB pas banget nih"", ""Hayo siapa yang kaya gini? Yuk beb masih sisa beberapa jam lagi untuk kamu bisa nikmatin promo 11.11! Jangan sampai kelewatan ya Beb! Siapa aja nih yang udah beli Kopi Kenangan dengan promo 11.11?""]",False,5,1607,24,False,92
google/gemma-3-4b-it,sophistication,excitement,hybrid_early,0.3,Mimins mau rekomendasiin E-Gift Card Sociolla nih Cuss tonton videonya,"“Mimin mau kasih tau rekomendasi E-Gift Card Sociolla nih, buruan cus tonton videonya ya beb!”",False,3583,4200446,42,"[""Gaeeesss~ Gimana senin paginya? Biar kamu seneng dan tetep hemat nih Mimin spill promo-promo Gojek"", ""PROMO awal minggu dari selalu ada buat nemenin hari-hari kamu! Order sekarang melalui aplikasi yuk!"", ""[PENGUMUMAN ] Selamat untuk pemenang GIVEAWAY tebak kode promo yang dipake Dido & Sekala Cek DM kamu sekarang ya! Mimin tunggu"", ""Hai para Mantan bantu mimin dong buat nemuin jalan menuju paket promo BuCin kira-kira lewat mana nih ya Beb? Reply tweet ini dan mention kamu supaya sama-sama nemuin jalannya!"", ""Seneng banget dengernya semoga bermanfaat buat kamu ya!! Yang mau hp gratis juga ikutin terus giveawaynya tiap Jumat-Senin malam di Jam 7 selama periode Tokopedia Happy Hour ya""]",False,5,1605,28,False,94
google/gemma-3-4b-it,ruggedness,excitement,hybrid_early,0.3,Gass deh ke gunung patuhanya,Gass deh ke gunung patuhanya,False,5277,4200447,42,"[""Udah nih gas"", ""Gas terus kak"", ""Gasss beli guys"", ""Gas in aja yakan"", ""Gasin kak""]",False,5,954,10,False,28
google/gemma-3-4b-it,sophistication,excitement,hybrid_early,0.3,Bestiee untuk info lebih lanjut boleh banget DM yaa,"Hai Bestiee, boleh DM ya buat info lanjut?",False,3656,4200448,42,"[""Hai kak maaf banget ya kak silakan infokan no hp email yg terdaftar dan screenshot syarat ketentuan promo melalui DM supaya bisa aku bantu cek ya. Tks^feb"", ""Hi kak sudah kami respon ya. Cek DM kamu yuk"", ""Hallo Toppers bisa cek DM yak"", ""Hai Kak maaf banget atas kendala promo aplikasi Gojeknya ya Kak. Boleh informasikan nomor telepon dan email terdaftar serta screenshot ketentuan promonya via DM supaya kendala kamu bisa kami cek. Terima kasih^ekw"", ""Hai Toppers Silakan cek DM kami ya kak""]",False,5,1389,12,False,42
google/gemma-3-4b-it,sophistication,excitement,hybrid_early,0.3,This April indulge your palate with a special Degustation Menu created by Chef Eric Pellen,"Hai.. Hai.. Selamat bulan April buat semua! Yuk, manjakan lidah sama Degustation Menu spesial dari Chef Eric Pellen! Dijamin bikin nagih! ✨",False,4468,4200449,42,"[""Selamat Hari Jumat buat semua !!! Biar makin semangat buat weekend yuk minum di jilid terdekatmu! Ada Es Kopi Susu dengan design yang keren banget loh. Buat yang belum cobain yuk langsung cobain sekarang juga"", ""Hai Kak maaf banget ya Kak udah bikin kamu nggak nyaman. Saat ini promo yang ditawarkan di aplikasi Gojek udah nggak bisa digabung lagi ya Kak. Terima kasih^DW"", ""Hai Kak maaf banget ya udah bikin kamu nggak nyaman. Saat ini promo yang ditawarkan di aplikasi Gojek udah nggak bisa digabung lagi ya Kak. Kamu hanya bisa menggunakan satu promo untuk satu transaksi. ^yb"", ""Hai Kak tetap nantikan promo menarik kami lainnya ya dan semoga kamu beruntung. Kamu juga bisa cek update promo Gojek di link Semangaaatt!! ^yb"", ""Hai.. Hai.. Happy Sunday Beb! Mana nih yang udah cobain Milk Tea dari Kopi Kenangan? Kalau udah coba pasti tau banget jawabannya kan Yuk reply tweet ini ya!""]",False,5,1821,36,False,139
google/gemma-3-4b-it,sophistication,excitement,hybrid_early,0.3,This moment shows how Vespa perfectly fits your self expression! Sporty yet classy. Elegant yet masculine. For sure Head turning! Share your Vespa style on Instagram now! Don t forget to follow and tag .,"“Wah, momen ini nunjukkin Vespa beneran pas buat nunjukkin gaya kamu! Sporty tapi berkelas. Elegan tapi maskulin. Pasti bikin orang melirik! Share gaya Vespa kamu di Instagram sekarang! Jangan lupa ikutan follow dan tag juga ya!”",False,3795,4200450,42,"[""Hai Kak maaf banget ya udah bikin kamu nggak nyaman. Bisa dibantu infoin nomor dan email kamu yang terdaftar di Gojek dan juga detail top up GoPay kamu via DM buat kami cek?Terima kasih^yb"", ""Hai.. Hai.. Happy Sunday Beb! Mana nih yang udah cobain Milk Tea dari Kopi Kenangan? Kalau udah coba pasti tau banget jawabannya kan Yuk reply tweet ini ya!"", ""Selamat Hari Jumat buat semua !!! Biar makin semangat buat weekend yuk minum di jilid terdekatmu! Ada Es Kopi Susu dengan design yang keren banget loh. Buat yang belum cobain yuk langsung cobain sekarang juga"", ""Semangat nder biar happy cek Tokopedia Happy Hour pasti diskon 30% mulai dari jam 19.00 WIB aja"", ""Hi Beb bikin hari kamu ceria yuk dengan promo Kentjan. Dikit lagi udah mau habis nih kuotanya""]",False,5,1804,59,False,229
google/gemma-3-4b-it,sophistication,excitement,hybrid_early,0.3,During this holy month of Ramadhan experience a memorable stay with us at :,"""Ramadhan nih! Yuk, staycation seru bareng kita! Dijamin happy deh, buat kenangan manis ✨""",False,4419,4200451,42,"[""Semangat nder biar happy cek Tokopedia Happy Hour pasti diskon 30% mulai dari jam 19.00 WIB aja"", ""Happy weekend ! disaat masa PSBB saat ini kira-kira apa ya kegiatan yang bisa banget dilakukan untuk tetap menikmati liburan? Share dengan reply tweet ini ya!"", ""Biar semangat dikasih Tokopedia Happy Hour pasti diskon 30% mulai dari jam 19.00 WIB sih"", ""Sore . Lelah bekerja seharian? Bisa banget untuk refresh lagi dengan yang seger. dimana lagi kalau bukan ! PROMO masih bisa kamu nikmati yaaa! order sekarang juga!"", ""Yuhuuu mimin seneng deh kalau bebeb jadi happy gini""]",False,5,1491,28,False,90
google/gemma-3-4b-it,sincerity,excitement,hybrid_early,0.3,Meringkas tampilan pori Buat kamu yang suka overthinking gara-gara pori-pori kulit kamu wajib rutin pakai toner yang bisa membersihkan pori dan meringkas tampilan pori pada wajah.,"""Sini, buat yang suka mikirin muka, toner wajib nih buat nyelesain pori-pori! Bikin tampilan wajah jadi lebih bersih, langsung hilang deh overthinkingnya!""",False,2422,4200452,42,"[""Hai para Mantan cuman mau bilang besok hari Senin loh! Btw jangan keburu bete dulu ya Beb. Sambut Senin esok dengan Oreo Cookies and Cream Shake yang akan membuat Seninmu semakin manis Kenangan"", ""Awal minggu kerjaan udah numpul? nih ada promo biar kamu melek lagi. Semangat terus ya !"", ""Semangat nder biar happy cek Tokopedia Happy Hour pasti diskon 30% mulai dari jam 19.00 WIB aja"", ""Sore . Lelah bekerja seharian? Bisa banget untuk refresh lagi dengan yang seger. dimana lagi kalau bukan ! PROMO masih bisa kamu nikmati yaaa! order sekarang juga!"", ""Hi Beb bikin hari kamu ceria yuk dengan promo Kentjan. Dikit lagi udah mau habis nih kuotanya""]",False,5,1672,41,False,155
google/gemma-3-4b-it,ruggedness,excitement,hybrid_early,0.3,Consina Spyder Seal & Drybag: melalui,"""Guys, nih Consina Spyder Seal & Drybag, lewat aja! Bakal bikin kamu tetep aman dan hemat!""",True,5664,4200453,42,"[""MinBeb cuma mau ingetin kalau CLBK masih berlanjut nih Beb! Yuk jangan sampai kehabisan!"", ""Gaeeesss~ Gimana senin paginya? Biar kamu seneng dan tetep hemat nih Mimin spill promo-promo Gojek"", ""Hallo Toppers bisa cek DM yak"", ""Selamat Hari Senin semangat baru dalam memulai minggu yang baru ya!! Yuk minum dulu bareng mu biar makin semangat dan jangan lupa dapetin Tumbler kece diatas sebelum kehabisan ya masih ada HARGA PROMO loh! Yuk langsung dapetin"", ""Sttt mau jajan tetap hemat? kasih solusinya nih biar ngopi kamu anti boros! Yuk geser postingan diatas. Segera sebarkan info promo ini ke -mu dan jangan sampai kelewatan ya!""]",False,5,1512,28,False,91
google/gemma-3-4b-it,competence,excitement,hybrid_early,0.3,Penandatanganan MoU (Memorandum of Understanding) sinergi ini dilakukan oleh perwakilan PINS Indonesia dan Metranet di Gedung Telkom Landmark Tower Jakarta pada Rabu 17 Januari 2024.,"""Hai Kak, info soal MoU sinergi antara PINS Indonesia sama Metranet ya? Ini terjadi di Gedung Telkom Landmark Tower Jakarta, Rabu 17 Januari 2024 nih. Boleh info nomor HP terdaftar buat kami cek? Thanks ya!^Ari""",False,1042,4200454,42,"[""Hai Kak maaf banget ya udah bikin kamu nggak nyaman. Bisa dibantu infoin nomor dan email kamu yang terdaftar di Gojek dan juga detail top up GoPay kamu via DM buat kami cek?Terima kasih^yb"", ""Hai para Mantan bantu mimin dong buat nemuin jalan menuju paket promo BuCin kira-kira lewat mana nih ya Beb? Reply tweet ini dan mention kamu supaya sama-sama nemuin jalannya!"", ""Hai Kak maaf banget ya udah bikin kamu nggak nyaman. Bisa dibantu infoin nomor dan email kamu yang terdaftar di Gojek dan juga screenshot kendalanya via DM buat kami cek? Terima kasih^yb"", ""Hai Kak maaf banget atas kendala promo aplikasi Gojeknya ya Kak. Boleh informasikan nomor order dan screenshot detail promo yang kamu gunakan via DM ya. Terima kasih^ekw"", ""Hai Kak maaf banget ya udah bikin ngga nyaman. Terkait dengan keluhanmu mohon diinformasikan nomor telepon yang terdaftar dan sertakan screenshot history transaksi GoPay-mu melalui DM agar dapat kami bantu cek ya. Tks^Ari""]",False,5,1982,61,False,211
google/gemma-3-4b-it,competence,excitement,hybrid_early,0.3,- Muncul layar persetujuan jika sudah setuju tekan Ya - Selanjutnya masukkan nomor handphone yang ingin didaftarkan kemudian tekan Benar - Masukkan PIN yang ingin digunakan untuk Mobile Banking - Masukkan kembali PIN Mobile Banking Bapak/Ibu untuk konfirmasi,"Hai Kak, kalau udah setuju, nanti muncul layar persetujuan, tinggal tekan Ya aja ya. Selanjutnya, masukkan nomor handphone yang mau didaftarkan, terus tekan Benar. Masukin PIN yang mau dipakai buat Mobile Banking, terus masukkan PIN Mobile Banking Bapak/Ibu buat konfirmasi. Terima kasih -NSA",False,1571,4200455,42,"[""Hai Kak pastikan saja nomor yang ingin kamu gunakan sudah tidak terdaftar di Gojek ya. Terima kasih^yb"", ""Hai Kak jangan khawatir ya. Yuk infokan nomor telepon email yang terdaftar dan screenshot detail history tarik tunai yang kamu lakukan via DM agar dapat kami cek ya. Terima kasih^ast"", ""Hai Kak maaf banget ya tapi jangan khawatir ya. Yuk sini aku bantu cek lebih lanjut dengan infoin ke aku nomor telepon email yang terdaftar dan masa berlaku kartu yang akan didaftarkan melalui DM ya. Terima kasih -NSA"", ""Hai Kak maaf banget ya tapi jangan khawatir ya. Yuk sini aku bantu cek lebih lanjut dengan infoin ke aku nomor telepon email yang terdaftar dan masa berlaku kartu kamu melalui DM ya. Terima kasih -NSA"", ""Hi Beb pastikan kamu sudah log in dengan benar jika sudah maka kamu sudah bisa langsung menggunakan voucher mencinta nya . Terima Kasih -M""]",False,5,1958,66,False,292
google/gemma-3-4b-it,sophistication,excitement,hybrid_early,0.3,SAPTO DJOJOKARTIKO hand-embellished Lincing Sangkar kebaya worn by Natalie Prabha Photographer: Sootket Jiwpanit Style Director: Jirat Subpisankul Producer: Kullawit Laosuksri,"""Sapot Dlojokartiko, Lincing Sangkar kebaya hasil hantengin by Natalie Prabha! Foto by Sootket Jiwpanit, Style Dir by Jirat Subpisankul, Prod by Kullawit Laosuksri. Buruan cek!""",False,4567,4200456,42,"[""Selamat Hari Jumat buat semua !!! Biar makin semangat buat weekend yuk minum di jilid terdekatmu! Ada Es Kopi Susu dengan design yang keren banget loh. Buat yang belum cobain yuk langsung cobain sekarang juga"", ""Jam segini masih kerja lembur bagai kuda? Tenang meskipun nggak bisa ngelarin kerjaan kamu tetep bisa nemenin kamu! Order sekarang mumpung ada PROMO~"", ""Happy weekend Beb! Hari ini jangan lupa beli Kopi Kenangan ya! Biar nggak gabut kuy kita main dulu Kalau kata ini disusun jadi nama menu apa ya? Coba tulis jawaban kamu dengan reply tweet ini dan mention juga temanmu yang lain biar kita main bareng!"", ""Hai Kak maaf banget ya udah bikin kamu nggak nyaman. Bisa dibantu infoin nomor dan email kamu yang terdaftar di Gojek dan juga detail top up GoPay kamu via DM buat kami cek?Terima kasih^yb"", ""Selasa cerita bareng PROMO biar mood bagus seharian buruan order sekarang!""]",False,5,1904,59,False,177
google/gemma-3-4b-it,sophistication,excitement,hybrid_early,0.3,Nah sambil ngisi siang ini.. Yuk pajang hasil foto Vespa terbaikmu di,"""Sore nih buat semua! Biar makin kece pajang foto Vespa kesayanganmu di sini ya! Jangan lupa, PROMO menarik masih ada lho!""",True,4228,4200457,42,"[""Selamat Hari Jumat buat semua !!! Biar makin semangat buat weekend yuk minum di jilid terdekatmu! Ada Es Kopi Susu dengan design yang keren banget loh. Buat yang belum cobain yuk langsung cobain sekarang juga"", ""Mau ngopi tetap puas dan terap hemat bareng ? Pakai PROMO di bawah yuk! Ada berbagai macam PROMO hemat yang bisa kamu pilih loh! Langsung pesan dan ajak mu ya"", ""Happy weekend Beb! Hari ini jangan lupa beli Kopi Kenangan ya! Biar nggak gabut kuy kita main dulu Kalau kata ini disusun jadi nama menu apa ya? Coba tulis jawaban kamu dengan reply tweet ini dan mention juga temanmu yang lain biar kita main bareng!"", ""Sore . Lelah bekerja seharian? Bisa banget untuk refresh lagi dengan yang seger. dimana lagi kalau bukan ! PROMO masih bisa kamu nikmati yaaa! order sekarang juga!"", ""Selamat Hari Senin semangat baru dalam memulai minggu yang baru ya!! Yuk minum dulu bareng mu biar makin semangat dan jangan lupa dapetin Tumbler kece diatas sebelum kehabisan ya masih ada HARGA PROMO loh! Yuk langsung dapetin""]",False,5,1934,36,False,123
google/gemma-3-4b-it,competence,excitement,hybrid_early,0.3,Dengan senang hati kami bantu informasikan Bapak/Ibu Pelanggan. Jika yang Bapak/Ibu maksud ingin melakukan pemindahan dana atau transfer antar rekening (sesama BCA atau bank lain),"Halo Kak maaf ya buat gak nyaman. Boleh infoin nomor telepon dan bukti transaksi lewat DM ya, biar kami cek dulu. Terima kasih ^yni",False,1425,4200458,42,"[""Halo Kak mohon maaf sudah bikin kakak ga nyaman. Supaya bisa dibantu mengenai laporannya bisa hubungi aku melalui DM nomor order yang dikeluhkan ya dan struk belanjanya. Terima kasih ^yun"", ""Hai Kak maaf banget ya buat kamu kurang nyaman. Terkait kendala kamu mohon informasikan nomor telepon dan email terdaftar serta detail transaksi kamu ya Kak untuk pengecekan. Terima kasih^ekw"", ""Halo Kak maaf buat kamu jadi ga nyaman. Boleh info ke aku melalui DM apakah kamu memberikan saldo ke pihak driver untuk pembayaran Tol? Terima kasih ^DW"", ""Halo Kak mohon maaf buat gak nyaman. Aku butuh pengecekan dulu. Boleh infoin data kakak lewat DM cukup nomor telepon dan screenshot transaksinya. Terima kasih ^yun"", ""Hai Kak maaf ya kamu mengalami ini. Yuk di informasikan nomor telp email bukti transaksi top up nominal top up channel bank tanggal dan jam top up kamu melalui DM agar kami cek dahulu ya. Terima kasih^yni""]",False,5,1937,31,False,131
google/gemma-3-4b-it,sincerity,excitement,hybrid_early,0.3,Berinteraksi dengan bisa membantu kurangi stres. Apa sih hewan kesayangan yang Anda pelihara di rumah?,"“Ngobrol sama hewan kesayangan bisa bantu ilang stres nih! Kamu pelihara hewan apa di rumah, guys? Share dong di reply tweet ini!”",False,6165,4200459,42,"[""Happy weekend ! disaat masa PSBB saat ini kira-kira apa ya kegiatan yang bisa banget dilakukan untuk tetap menikmati liburan? Share dengan reply tweet ini ya!"", ""Hai para Mantan saatnya lepas penat dari berbagai aktivitas di Jum'at ini. Kalau disuruh milih mana yang jadi pilihan kamu Beb? Reply tweet ini dan mention teman-temanmu ya Beb!"", ""Jam segini masih kerja lembur bagai kuda? Tenang meskipun nggak bisa ngelarin kerjaan kamu tetep bisa nemenin kamu! Order sekarang mumpung ada PROMO~"", ""Sudah siapin berbagai menu dari dan dirumah? Disaat situasi pandemi seperti ini berbagai memang paling cocok dinikmati di rumah bersama mu loh! Pesan sekarang melalui Aplikasi Jiwa+ maupun ya!"", ""Yuk ngopi dulu pakai PROMO ASIK BARENG TEMANSEJIWA biar bisa fokus serta produktif bareng-bareng seharian! Dapatkan PROMO ini dengan mudah dan cepat di Aplikasi pesan antar online ya !""]",False,5,1823,34,False,130
google/gemma-3-4b-it,ruggedness,excitement,hybrid_early,0.3,udah gan bisa langsung liat di : gimane min raincover 60lt udah ada stoknya? Kalo ada harganya,"Wih, udah siap nih! Cek langsung ke : Gimane min, raincover 60lt udah ada stoknya? Harganya dong!",False,5785,4200460,42,"[""Siap kak! Ditunggu ya"", ""Hallo Toppers bisa cek DM yak"", ""Sore . Lelah bekerja seharian? Bisa banget untuk refresh lagi dengan yang seger. dimana lagi kalau bukan ! PROMO masih bisa kamu nikmati yaaa! order sekarang juga!"", ""Hi kak thank you udah mampir ya. Kalau boleh tau kakak suka beli di Jilid berapa?"", ""Yuk langsung ke Jilid terdekat! Bisa order di atau karena Masih ada PROMO Menarik kak ;)""]",False,5,1337,33,False,97
google/gemma-3-4b-it,sophistication,excitement,hybrid_early,0.3,Baik Bestie akan segera kami respon. Mohon ditunggu ya (nm),"Hai Bestie, udah kami respon kok ya. Tunggu aja ya (nm)",False,3588,4200461,42,"[""Hi kak sudah kami respon ya. Cek DM kamu yuk"", ""Halo Kak Kami sudah respon melalui DM ya yuk cek DM kakak"", ""Hai Kak maaf banget atas kendala promo aplikasi Gojeknya ya Kak. Boleh informasikan nomor telepon dan email terdaftar via DM supaya kendala kamu bisa kami cek. Terima kasih^ekw"", ""Hai Kak maaf banget atas kendala promo aplikasi Gojeknya ya Kak. Boleh informasikan nomor order dan screenshot detail promo yang kamu gunakan via DM ya. Terima kasih^ekw"", ""Hai kak maaf banget ya kak silakan infokan no hp email yg terdaftar dan screenshot syarat ketentuan promo melalui DM supaya bisa aku bantu cek ya. Tks^feb""]",False,5,1520,18,False,55
google/gemma-3-4b-it,sophistication,excitement,hybrid_early,0.3,Did you know that all Kartini Basuki paintings displayed at the lobby are available for purchase at ?,"""Eh, tau gak sih, semua lukisan Kartini Basuki yang ada di lobby bisa di-beli lho di [lokasi/link]! Cekidot!""",False,4449,4200462,42,"[""Hai para Mantan bantu mimin dong buat nemuin jalan menuju paket promo BuCin kira-kira lewat mana nih ya Beb? Reply tweet ini dan mention kamu supaya sama-sama nemuin jalannya!"", ""Hai Kak maaf banget ya udah bikin kamu telat silakan infokan no order yg berkendala melalui DM supaya bisa aku bantu cek ya. Tks^feb"", ""[PENGUMUMAN ] Selamat untuk pemenang GIVEAWAY tebak kode promo yang dipake Dido & Sekala Cek DM kamu sekarang ya! Mimin tunggu"", ""Semangat nder biar happy cek Tokopedia Happy Hour pasti diskon 30% mulai dari jam 19.00 WIB aja"", ""Gaeeesss~ Gimana senin paginya? Biar kamu seneng dan tetep hemat nih Mimin spill promo-promo Gojek""]",False,5,1588,38,False,109
google/gemma-3-4b-it,ruggedness,excitement,hybrid_early,0.3,PPKM. Pendaki Pendaki Kapan Muncak(nya)?,"""Wih, pendaki-pendaki, kapan nih muncak? Buruan dong, yang mau naik gunung, serbuuuu! Psst, info kapan muncaknya jangan sampai telat ya!""",False,5611,4200463,42,"[""Yuk diserbu yuk! Buat yang kemarin belum kebagian nih MinBeb kasih promo CLBK sampe tanggal 15 Desember pula! Psst kuota harian terbatas ya"", ""Gak usah jauh-jauh buat karena sekarang di Kopi Kenangan udah adaMatcha Series yang bikin mood kamu hepi! Saran MinBeb sih buruan cobain sekarang ke Kopi Kenangan terdekat atau order di aplikasi Kopi Kenangan Beb!"", ""Hai Kak maaf banget ya udah bikin kamu nggak nyaman. Bisa dibantu infoin nomor dan email kamu yang terdaftar di Gojek dan juga detail top up GoPay kamu via DM buat kami cek?Terima kasih^yb"", ""[PENGUMUMAN ] Siapa yang kemarin nulis cerita tentang persiapan Ramadan? Mimin udah punya pemenangnya nih~ Buruan kirim data diri kamu lewat DM ya ges! Wuhuuu"", ""[PENGUMUMAN ] Selamat buat kamu yang beruntung menang Giveaway GoCar Cek DM kamu sekarang ya! Mimin tunggu""]",False,5,1705,45,False,137
google/gemma-3-4b-it,competence,excitement,hybrid_early,0.3,Kami sampaikan pembuatan laporan dapat dilakukan dengan cara: 1. Mengirimkan detail kendala ke email callbri.co.id. 2. Mengirimkan pesan Sabrina WhatsApp 0812 1214 017. 3. Menghubungi Contact BRI 1500017 atau +62211500017 jika berada di luar negeri. Dengan senang hati rekan,"Hai rekan, maaf banget ya. Yuk infokan detail kendala ke email callbri.co.id atau WA Sabrina 0812 1214 017. Kalau di luar negeri, hubungi Contact BRI 1500017 atau +62211500017 ya. Terima kasih^ast",False,3,4200464,42,"[""Halo Kak mohon maaf buat gak nyaman. Aku butuh pengecekan dulu. Boleh infoin data kakak lewat DM cukup nomor telepon dan screenshot transaksinya. Terima kasih ^yun"", ""Hai Kak maaf banget ya. Yuk infokan nomor telepon email yang terdaftar dan bukti Top Up via DM kendala via agar dapat kami cek ya. Terima kasih^ast"", ""Hai Kak maaf banget ya. Yuk infokan nomor telepon screenshot promo yang kamu makasud dan nomor order via DM agar dapat kami cek ya. Terima kasih^ast"", ""Hai Kak maaf banget atas kendala promo aplikasi Gojeknya ya Kak. Boleh informasikan nomor telepon dan email terdaftar via DM supaya kendala kamu bisa kami cek. Terima kasih^ekw"", ""Hai Kak maaf banget ya. Yuk infokan nomor telepon email yang terdaftar dan screenshot simulasi pemesanan kamu via DM agar dapat kami cek ya. Terima kasih^ast""]",False,5,1926,76,False,196
google/gemma-3-4b-it,sophistication,excitement,hybrid_early,0.3,Hi Bestie mohon diinfokan detail kode ordernya yaa supaya kami bantu pengecekan lebih lanjut (nm),Hai Bestie maaf banget ya. Yuk infokan nomor order dan screenshot detail promo yang kamu maksud via DM agar dapat kami cek ya. Terima kasih^ast,False,3612,4200465,42,"[""Hai Kak maaf banget atas kendala promo aplikasi Gojeknya ya Kak. Boleh informasikan nomor order dan screenshot detail promo yang kamu gunakan via DM ya. Terima kasih^ekw"", ""Hai kak maaf banget ya kak silakan infokan no hp email yg terdaftar dan screenshot syarat ketentuan promo melalui DM supaya bisa aku bantu cek ya. Tks^feb"", ""Hai Kak maaf banget atas kendala promo aplikasi Gojeknya ya Kak. Boleh informasikan nomor telepon dan email terdaftar via DM supaya kendala kamu bisa kami cek. Terima kasih^ekw"", ""Hai Kak maaf banget ya. Yuk infokan nomor telepon screenshot promo yang kamu makasud dan nomor order via DM agar dapat kami cek ya. Terima kasih^ast"", ""Hai kak maaf banget ya kak silakan infokan no hp email yg terdaftar dan screenshot kendala pd saat menggunakan promo melalui DM supaya bisa aku bantu cek ya. Tks^feb""]",False,5,1770,32,False,143
google/gemma-3-4b-it,sincerity,excitement,hybrid_early,0.3,Siapa yang ikutan Borunhae beauties? Jangan lupa mampir ke booth Wardah karena bisa dapetin free product lho!,"“Hayo, siapa yang udah ke Borunhae? Buruan ke booth Wardah, bisa dapet free product dongg! ✨”",False,2350,4200466,42,"[""Murah banget sih iniii Ayok buruan jajan lagi mumpung promonya dijamin dapet sampe tgl 11 ini!!! Cek DM kamu dehhh"", ""Hari terakhir flash sale! Langsung cek aplikasi kamu dan jangan lewatkan PROMO-nya yuk~"", ""Gapapa banget kalo ituu btw kumpulin wishlistmu karena cuma di Guncang 11.11 Tokopedia promonya DIJAMIN DAPET!"", ""Promo BOSS hari kedua! Buat kamu yang kemarin sudah ikutan hari ini bisa ikutan lagi lho! Yuk download aplikasi Kopi Kenangan dan ikutan promonya"", ""Terharu banget dikirimin kaya gini pas pms Pasti cowo aku belinya di Tokopedia Happy Hour karena tiap jam 19.00 ada voucher diskon 30%""]",False,5,1560,31,False,93
google/gemma-3-4b-it,sincerity,excitement,hybrid_early,0.3,Selamat hari Idul Fitri McD ers. Bersyukur dapat menikmati indahnya berbagi selama bulan Ramadan kini saatnya untuk merayakan hari kemenangan dengan saling memaafkan dan kembali fitri.,"Selamat hari Idul Fitri McD ers! Bersyukur bisa nikmatin indahnya berbagi selama Ramadan, nih sekarang waktunya rayain hari kemenangan sama saling maafin dan balik fitri ya beb!",False,1721,4200467,42,"[""Hi Beb Kopi Kenangan ingin mengucapkan Selamat Hari Raya Idul Adha 1441H bagi yang merayakan ya. Yuk rayakan dengan penuh kesegaran setelah banyak makan daging"", ""Selamat Hari Raya Waisak untuk kamu yang merayakan ya Beb! Semoga damai berkah dan kasih selalu menyertai kita semua Jangan lupa sediakan Kopi Kenangan di momen spesial bersama yang terkasih ya"", ""Selamat hari Senin para Mantan . Btw biar makin semangat ada kabar gembira nih! Kopi Kenangan sudah hadir di Smartfren Sabang Ground Floor dan kalian bisa nikmatin promo Buy 1 get 1 yang mulai berlaku hari ini! Yuk mention partner ngopi mu beb! . ."", ""Happy weekend ! disaat masa PSBB saat ini kira-kira apa ya kegiatan yang bisa banget dilakukan untuk tetap menikmati liburan? Share dengan reply tweet ini ya!"", ""Selamat Hari Senin semangat baru dalam memulai minggu yang baru ya!! Yuk minum dulu bareng mu biar makin semangat dan jangan lupa dapetin Tumbler kece diatas sebelum kehabisan ya masih ada HARGA PROMO loh! Yuk langsung dapetin""]",False,5,2029,41,False,177
google/gemma-3-4b-it,sophistication,excitement,hybrid_early,0.3,Play the long game in this roomy and vibrantly slouchy shirt which can double as an outer. Birai Rambat Cut-Out Flamb Shirt is available in store now,"Hai Kak, maaf banget ya udah bikin kamu nggak nyaman. Birai Rambat Cut-Out Flamb Shirt ini bisa jadi outer juga lho! Sekarang udah ready di store, yuk langsung dapetin!^yb",False,4644,4200468,42,"[""Hai Kak maaf banget ya udah bikin kamu nggak nyaman. Bisa dibantu infoin nomor dan email kamu yang terdaftar di Gojek dan juga detail top up GoPay kamu via DM buat kami cek?Terima kasih^yb"", ""Happy weekend ! disaat masa PSBB saat ini kira-kira apa ya kegiatan yang bisa banget dilakukan untuk tetap menikmati liburan? Share dengan reply tweet ini ya!"", ""Hai Kak maaf banget ya udah bikin kamu telat silakan infokan no order yg berkendala melalui DM supaya bisa aku bantu cek ya. Tks^feb"", ""Hai Kak maaf banget ya udah bikin kamu nggak nyaman. Bisa dibantu infoin nomor laporannya via DM buat kami cek?Terima kasih^yb"", ""Selamat Hari Senin semangat baru dalam memulai minggu yang baru ya!! Yuk minum dulu bareng mu biar makin semangat dan jangan lupa dapetin Tumbler kece diatas sebelum kehabisan ya masih ada HARGA PROMO loh! Yuk langsung dapetin""]",False,5,1840,44,False,171
google/gemma-3-4b-it,ruggedness,excitement,hybrid_early,0.3,Warna baru desain favorit ini bakal bikin penampilan lebih segar. Dapatkan Ventura Copper di,"""Penampilan makin kece bareng Ventura Copper yang baru! Langsung cek, Beb!""",True,5874,4200469,42,"[""Oktober anti baper bareng PROMO dari yang bikin hati adem terus~ Cek aplikasi kamu sekarang ya!"", ""Lebih hemat bareng PROMO pesan biar kamu hepi terus seharian~ Cek PROMOnya di aplikasi ya!"", ""Hi Beb bikin hari kamu ceria yuk dengan promo Kentjan. Dikit lagi udah mau habis nih kuotanya"", ""Mau ngopi tetap puas dan terap hemat bareng ? Pakai PROMO di bawah yuk! Ada berbagai macam PROMO hemat yang bisa kamu pilih loh! Langsung pesan dan ajak mu ya"", ""Happy weekend Beb! Hari ini jangan lupa beli Kopi Kenangan ya! Biar nggak gabut kuy kita main dulu Kalau kata ini disusun jadi nama menu apa ya? Coba tulis jawaban kamu dengan reply tweet ini dan mention juga temanmu yang lain biar kita main bareng!""]",False,5,1638,20,False,75
google/gemma-3-4b-it,sophistication,excitement,hybrid_early,0.3,Hihi tos dulu dong bestie skin type kita sama! Nih aku kasih 2 rekomendasi produk favoritku untuk permasalahan kulitmu ya,"""Hai beb! Tos juga dong buat bestie kulit kita! Nih, aku kasih 2 rekomendasi produk favoritku buat masalah kulitmu yaa ✨""",False,3762,4200470,42,"[""Selamat Hari Jumat buat semua !!! Biar makin semangat buat weekend yuk minum di jilid terdekatmu! Ada Es Kopi Susu dengan design yang keren banget loh. Buat yang belum cobain yuk langsung cobain sekarang juga"", ""Thank you kak. Semoga bisa jadi varian favorit kamu ya"", ""Hai.. Hai.. Happy Sunday Beb! Mana nih yang udah cobain Milk Tea dari Kopi Kenangan? Kalau udah coba pasti tau banget jawabannya kan Yuk reply tweet ini ya!"", ""Hai para Mantan cuman mau bilang besok hari Senin loh! Btw jangan keburu bete dulu ya Beb. Sambut Senin esok dengan Oreo Cookies and Cream Shake yang akan membuat Seninmu semakin manis Kenangan"", ""Hallo kak order via grabfood/gofood lagi banyak promo loh! Yuk cek sekarang""]",False,5,1668,34,False,121
google/gemma-3-4b-it,sophistication,excitement,hybrid_early,0.3,Fashion Spread : Herworld Indonesia December 2009,"""Fashion keren dari Herworld Indonesia bulan Desember 2009 nih! Buruan cek, jangan sampe keabisan ya!""",False,4932,4200471,42,"[""Gaeeesss~ Gimana senin paginya? Biar kamu seneng dan tetep hemat nih Mimin spill promo-promo Gojek"", ""Padahal udah lumayan ter counter eh malah tetep aja kaos kakinya yang normal normal dikit aja mba Lagi Ramadan yang seru seru aja guys nih Toped spill buat kalian"", ""Murah banget sih iniii Ayok buruan jajan lagi mumpung promonya dijamin dapet sampe tgl 11 ini!!! Cek DM kamu dehhh"", ""Ini mah nambah uang buat ngecilin celananya ke tukang jahit biar kejadian kayak gini ga terulang Toped mau Kasih Tenang Ramadanmu ya"", ""Hallo kak order via grabfood/gofood lagi banyak promo loh! Yuk cek sekarang""]",False,5,1491,29,False,102
google/gemma-3-4b-it,sophistication,excitement,hybrid_early,0.3,Setting a soft understated tone for the blessed Holiday,"""Hai guys, semangat buat liburan yang indah ya!""",False,4745,4200472,42,"[""Hallo Toppers bisa cek DM yak"", ""Yuhuuu mimin seneng deh kalau bebeb jadi happy gini"", ""Hallo Toppers cek DM yak"", ""[PENGUMUMAN ] Selamat untuk pemenang GIVEAWAY tebak kode promo yang dipake Dido & Sekala Cek DM kamu sekarang ya! Mimin tunggu"", ""Hi Beb bikin hari kamu ceria yuk dengan promo Kentjan. Dikit lagi udah mau habis nih kuotanya""]",False,5,1239,14,False,48
google/gemma-3-4b-it,sincerity,excitement,hybrid_early,0.3,Tersedia dalam dua pilihan design Big Mac atau Fries. Persediaan terbatas loh yuk kumpulkan semuanya! Penawaran hanya tersedia khusus pesan antar: McDelivery GrabFood GoFood dan ShopeeFood.,"""Wah, Big Mac atau Fries udah ready bestie! Pilihan design terbatas, yuk buru kumpulin sebelum keabisan! Cuma pesan antar McDelivery GrabFood GoFood & ShopeeFood aja ya!""",False,1750,4200473,42,"[""Hallo kak order via grabfood/gofood lagi banyak promo loh! Yuk cek sekarang"", ""Selamat Hari Jumat buat semua !!! Biar makin semangat buat weekend yuk minum di jilid terdekatmu! Ada Es Kopi Susu dengan design yang keren banget loh. Buat yang belum cobain yuk langsung cobain sekarang juga"", ""Nikmati hematnya menu dan favorit kamu hari ini dengan menggunakan PROMO DARURAT! Yuuk order sekarang dan sebarkan kabar bahagia ini ke mu ya!"", ""PROMO KEBUT HADIR KEMBALI! Ayo nikmati PROMO KEBUT ini! Karena promo ini hanya berlangsung hingga tanggal 10 November aja loh! Order sekarang juga dan share ke mu biar bisa ngopi hemat bareng-bareng"", ""Sttt mau jajan tetap hemat? kasih solusinya nih biar ngopi kamu anti boros! Yuk geser postingan diatas. Segera sebarkan info promo ini ke -mu dan jangan sampai kelewatan ya!""]",False,5,1846,47,False,170
google/gemma-3-4b-it,ruggedness,excitement,hybrid_early,0.3,MEGA SALE 8.8 di website EIGER Adventure! Crazy Prica hingga 80%+ Extra voucher 80.000! Dapatkan CRAZY PRICE-nya disini!,"""MEGA SALE 8.8 di website EIGER Adventure! Harga GILA-GILAAN sampai 80%+ Extra voucher 80.000! Buruan dapat CRAZY PRICE-nya disini! Yuk, langsung cek sekarang juga!""",False,5310,4200474,42,"[""Lebih hemat ngopi bersama -mu siap kasih PROMO buat kamu hari ini! Yuk segera check PROMO-nya!"", ""PROMO KEBUT HADIR KEMBALI! Ayo nikmati PROMO KEBUT ini! Karena promo ini hanya berlangsung hingga tanggal 10 November aja loh! Order sekarang juga dan share ke mu biar bisa ngopi hemat bareng-bareng"", ""Selamat Hari Jumat buat semua !!! Biar makin semangat buat weekend yuk minum di jilid terdekatmu! Ada Es Kopi Susu dengan design yang keren banget loh. Buat yang belum cobain yuk langsung cobain sekarang juga"", ""Hai Kak Kamu juga dapat menemukan promo Flash sale di halaman profil resto lengkap dengan keterangan kapan promo akan berakhir ya. Tks^ast"", ""Hai Kak tetap nantikan promo menarik kami lainnya ya dan semoga kamu beruntung. Kamu juga bisa cek update promo Gojek di link Semangaaatt!! ^yb""]",False,5,1762,54,False,165
google/gemma-3-4b-it,sophistication,excitement,hybrid_early,0.3,Peruvian tenor and Rolex Testimonee today performs at Gstaad s winter classical music festival. The masterful bel canto opera singer will charm listeners from the Swiss Alps with songs from Rossini to Verdi.,"“Wah, keren banget Peru tenor sama Rolex Testimonee di Gstaad winter classical music festival! Pasti seru ya, dari pegunungan Alpen Swiss, mereka bakal manggung nyanyi lagu-lagu dari Rossini sampai Verdi. Asik abis!”",False,4999,4200475,42,"[""Hai.. Hai.. Happy Sunday Beb! Mana nih yang udah cobain Milk Tea dari Kopi Kenangan? Kalau udah coba pasti tau banget jawabannya kan Yuk reply tweet ini ya!"", ""Yuhuuu mimin seneng deh kalau bebeb jadi happy gini"", ""Selamat kepada mendapatkan hadiah spesial Tiap weekend pokoknya aku bakal bagi-bagi HP jadi pantengin terus ya! TUNGGUIN GIVEAWAY NYA LAGI YA MALAM INI"", ""Selamat Hari Jumat buat semua !!! Biar makin semangat buat weekend yuk minum di jilid terdekatmu! Ada Es Kopi Susu dengan design yang keren banget loh. Buat yang belum cobain yuk langsung cobain sekarang juga"", ""Hi Beb bikin hari kamu ceria yuk dengan promo Kentjan. Dikit lagi udah mau habis nih kuotanya""]",False,5,1727,58,False,216
google/gemma-3-4b-it,competence,excitement,hybrid_early,0.3,pemblokiran kartu ATM juga sudah dapat dilakukan melalui fasilitas myBCA pada menu Akun Saya kemudian pilih Kontrol Akun lalu Kartu Debit atau mohon Ibu dapat menginformasikan kepada kami,"Hai Kak maaf banget ya. Kalau pemblokiran kartu ATM juga bisa dilakukan lewat myBCA di menu Akun Saya, pilih Kontrol Akun lalu Kartu Debit. Silakan Ibu informasikan ke kami ya. Terima kasih -NSA",False,1390,4200476,42,"[""Hai Kak jangan khawatir ya. Yuk infokan nomor telepon email yang terdaftar dan screenshot detail history tarik tunai yang kamu lakukan via DM agar dapat kami cek ya. Terima kasih^ast"", ""Hai kak maaf banget ya kak silakan infokan no hp email yg terdaftar dan detail voucher yg hilang melalui DM supaya bisa aku bantu cek ya. Tks^feb"", ""Hai Kak maaf banget atas kendala promo aplikasi Gojeknya ya Kak. Boleh informasikan nomor telepon dan email terdaftar serta detail voucher yang hilang ya supaya kendala kamu bisa kami cek. Terima kasih^ekw"", ""Hai Kak maaf banget ya udah bikin kamu nggak nyaman. Jika terjadi cancel order dengan menggunakan pembayaran CC/DC maka saldo/limit kartu debit/kredit tidak akan terpotong. Silakan cek mutasi debit/kredit kamu di H+14 hari kerja ya Kak. Terima kasih^yb"", ""Hai Kak maaf banget ya tapi jangan khawatir ya. Yuk sini aku bantu cek lebih lanjut dengan infoin ke aku nomor telepon email yang terdaftar dan masa berlaku kartu yang akan didaftarkan melalui DM ya. Terima kasih -NSA""]",False,5,2049,49,False,194
google/gemma-3-4b-it,competence,excitement,hybrid_early,0.3,Selamat siang Kak. Mohon maaf atas ketidaknyamanannya. Terkait kendala tersebut Railmin bantu pengecekan. Silakan diinformasikan kode booking dan bukti pembayaran via DM. Railmin imbau untuk selalu hati-hati ya terhadap akun penipuan yang mengatasnamakan KAI. Saat ini,Hai Kak maaf banget atas kendala terkait bookingnya ya Kak. Boleh info kode booking dan screenshot bukti pembayaran via DM ya. Railmin imbau buat hati-hati juga ya soal akun palsu yang mengaku namanya KAI. Saat ini,False,694,4200477,42,"[""Hai Kak maaf banget atas kendala promo aplikasi Gojeknya ya Kak. Boleh informasikan nomor order dan screenshot detail promo yang kamu gunakan via DM ya. Terima kasih^ekw"", ""Hai Kak maaf banget atas kendala promo aplikasi Gojeknya ya Kak. Boleh informasikan nomor telepon dan email terdaftar via DM supaya kendala kamu bisa kami cek. Terima kasih^ekw"", ""Hai Kak maaf banget ya udah bikin kamu telat silakan infokan no order yg berkendala melalui DM supaya bisa aku bantu cek ya. Tks^feb"", ""Hai Kak maaf banget atas kendala promo aplikasi Gojeknya ya Kak. Boleh informasikan nomor telepon dan email terdaftar serta screenshot ketentuan promonya via DM ya supaya kendala kamu bisa kami cek. Terima kasih^ekw"", ""Hai Kak maaf banget ya. Yuk infokan nomor telepon screenshot promo yang kamu makasud dan nomor order via DM agar dapat kami cek ya. Terima kasih^ast""]",False,5,1969,50,False,214
google/gemma-3-4b-it,sincerity,excitement,hybrid_early,0.3,Setujuu! Pas banget nih lg ada diskon 25% di Shopee Wardah Official Store checkout disini yuuk:,"""Setujuu! Wah, pas bgt nih ada diskon 25% di Shopee Wardah Official Store, checkout yukkk!""",False,2324,4200478,42,"[""Terharu banget dikirimin kaya gini pas pms Pasti cowo aku belinya di Tokopedia Happy Hour karena tiap jam 19.00 ada voucher diskon 30%"", ""Semangat nder biar happy cek Tokopedia Happy Hour pasti diskon 30% mulai dari jam 19.00 WIB aja"", ""Hari terakhir flash sale! Langsung cek aplikasi kamu dan jangan lewatkan PROMO-nya yuk~"", ""Sama kaya mau cek Tokopedia Happy Hour pasti diskon 30% mulai dari jam 19.00 WIB eh tiba2 banyak paket berdatangan"", ""Murah banget sih iniii Ayok buruan jajan lagi mumpung promonya dijamin dapet sampe tgl 11 ini!!! Cek DM kamu dehhh""]",False,5,1500,32,False,91
google/gemma-3-4b-it,ruggedness,excitement,hybrid_early,0.3,Happy yaahhh,Semangat yaaa!,False,5345,4200479,42,"[""Ayooo sekarang bisa happy lagiii"", ""Yuhuuu mimin seneng deh kalau bebeb jadi happy gini"", ""Wey wkwkw happy weekend!"", ""Semogaaa yaaa kakk! Semangattt"", ""Semangat ya kak""]",False,5,1025,6,False,14
google/gemma-3-4b-it,sincerity,excitement,hybrid_early,0.3,Berdasarkan Pemantauan Status Gizi (PSG) 2015 status kesehatan balita Indonesia telah mengalami peningkatan dari tahun sebelumnya.,"Halo Kak, berdasarkan pemantauan status gizi (PSG) 2015, kondisi kesehatan balita di Indonesia sudah meningkat lho ya! Yuk cek DM kami untuk detailnya.",False,6195,4200480,42,"[""Hallo kak order via grabfood/gofood lagi banyak promo loh! Yuk cek sekarang"", ""Hai Kak maaf banget atas kendala promo aplikasi Gojeknya ya Kak. Boleh informasikan nomor order dan screenshot detail promo yang kamu gunakan via DM ya. Terima kasih^ekw"", ""Hi kak sudah kami respon ya. Cek DM kamu yuk"", ""Halo Toppers Kakak dapat melakukan pelaporan melalui DM Kami agar dibantu pengecekan lebih lanjut ya."", ""Selamat kepada mendapatkan Saldo Tokopedia spesial Tunggu DMnya ya!!""]",False,5,1448,40,False,151
google/gemma-3-4b-it,sophistication,excitement,hybrid_early,0.3,Comes with stylistic evolution by preserving the balance between tradition and modernity now Vespa GTS Super available in new Green Relax color. Info lengkap klik,"Yuhuuu Vespa GTS Super baru hadir dengan warna Green Relax yang kece banget! Biar makin semangat, yuk cek aplikasinya sekarang buat info lengkapnya!",False,3868,4200481,42,"[""Selamat Hari Jumat buat semua !!! Biar makin semangat buat weekend yuk minum di jilid terdekatmu! Ada Es Kopi Susu dengan design yang keren banget loh. Buat yang belum cobain yuk langsung cobain sekarang juga"", ""Hai.. Hai.. Happy Sunday Beb! Mana nih yang udah cobain Milk Tea dari Kopi Kenangan? Kalau udah coba pasti tau banget jawabannya kan Yuk reply tweet ini ya!"", ""siap kembalikan semangatmu hari ini bareng PROMO yang ON terus! Buruan order sekarang~"", ""Yuhuuu mimin seneng deh kalau bebeb jadi happy gini"", ""Kamis happy bareng PROMO yang bikin kamu senyum tiap hari! Cek aplikasi kamu sekarang yuk~""]",False,5,1614,33,False,148
google/gemma-3-4b-it,competence,excitement,hybrid_early,0.3,Selamat sore Kak. Railmin juga ucapkan terima kasih telah mempercayakan perjalanannya menggunakan Kereta Api. Semoga sehat selalu ya Kak,Hai Kak maaf banget ya udah bikin nggak nyaman. Railmin juga ucapkan terima kasih telah mempercayakan perjalanannya menggunakan Kereta Api. Semoga sehat selalu ya Kak^ygb,False,765,4200482,42,"[""Hai Kak maaf banget atas kendala promo aplikasi Gojeknya ya Kak. Boleh informasikan nomor order dan screenshot detail promo yang kamu gunakan via DM ya. Terima kasih^ekw"", ""Hai Kak maaf banget ya udah bikin kamu nggak nyaman. Bisa dibantu infoin nomor dan email kamu yang terdaftar di Gojek dan juga detail top up GoPay kamu via DM buat kami cek?Terima kasih^yb"", ""Hai Kak maaf banget ya udah bikin nggak nyaman. Mohon untuk konfirmasi kepada pihak Tokopedia atau langsung mengunjungi website terlebih dahulu ya Kak agar dapat segera ditindaklanjuti. Terima kasih^ygb"", ""Hai Kak maaf banget ya udah bikin kamu nggak nyaman. Bisa dibantu infoin nomor dan email kamu yang terdaftar di Gojek buat kami cek? Terima kasih^yb"", ""Hai Kak maaf banget ya Kak udah bikin kamu nggak nyaman. Saat ini promo yang ditawarkan di aplikasi Gojek udah nggak bisa digabung lagi ya Kak. Terima kasih^DW""]",False,5,1863,38,False,170
google/gemma-3-4b-it,sincerity,excitement,hybrid_early,0.3,Hai kak kemungkinan untuk pesanannya sedang ramai kamu dapat coba kembali secara berkala yaa,"Hai Kak, coba cek lagi ya kalau lagi rame pesenannya, nanti coba di cek berkala ya!",False,1924,4200483,42,"[""Hi kak sudah kami respon ya. Cek DM kamu yuk"", ""Hai Kak maaf banget ya udah bikin kamu telat silakan infokan no order yg berkendala melalui DM supaya bisa aku bantu cek ya. Tks^feb"", ""Hai kak terkait perihal tersebut kamu bisa cek secara berkala atau kirim nomor invoice nya dikomen ini dan jangan lupa mention ya kak"", ""Hai Kak kamu melihat promo yang sedang berjalan kamu dapat cek di halaman Promo di aplikasi Gojek kamu ya. Update promo yang sedang berlaku saat ini silakan cek di Tks^ast"", ""Siap kak! Ditunggu ya""]",False,5,1454,23,False,83
google/gemma-3-4b-it,sophistication,excitement,hybrid_early,0.3,Much lovee,Semoga bisaa yaaa,False,3665,4200484,42,"[""Love you too Beb"", ""Waduw tapi semoga cukup kenangan yang manisnya aja ya Beb dan kamu harus move on"", ""Noted kak. Selalu jadi ya"", ""We love you too kakak"", ""Semoga bisaaa yaaa""]",False,5,1031,8,False,17
google/gemma-3-4b-it,sincerity,excitement,hybrid_early,0.3,Kini renovasi tengah berlangsung di puluhan sekolah dan sebentar lagi impian mereka akan jadi nyata. Terus ikuti perjalanannya di akun McDonald s Indonesia dan lihat aksi kecil kita bersama bisa berdampak besar!,“OMG! Renovasi di puluhan sekolah lagi! 🎉 Sebentar lagi impian mereka bakal jadi beneran! Pantengin terus akun McDonald’s Indonesia yaa! Aksi kecil kita smwa bisa berdampak BESAR banget! 🤩”,False,1631,4200485,42,"[""TWITTER DO YOUR MAGIC Bantu RT yaa !! Pliss bantu temuin bapak driver ojol ini. Dari kemaren belom ketemu juga padahal pengen banget kasih THR buat bapaknya nihhh. Kalo kalian kenal atau ketemu bapaknya langsung info ya!"", ""Selamat Hari Senin semangat baru dalam memulai minggu yang baru ya!! Yuk minum dulu bareng mu biar makin semangat dan jangan lupa dapetin Tumbler kece diatas sebelum kehabisan ya masih ada HARGA PROMO loh! Yuk langsung dapetin"", ""Hai para Mantan yang di 11.11 akan segera hadir loh! Mau tau ada apa? cek terus sosial media kami ya Beb! Yuk mention orang-orang yang supaya ngga kelewatan!"", ""Hai para Mantan bantu mimin dong buat nemuin jalan menuju paket promo BuCin kira-kira lewat mana nih ya Beb? Reply tweet ini dan mention kamu supaya sama-sama nemuin jalannya!"", ""Hallo kak order via grabfood/gofood lagi banyak promo loh! Yuk cek sekarang""]",False,5,1925,53,False,189
google/gemma-3-4b-it,competence,excitement,hybrid_early,0.3,Karena dalam menjalani kehidupan tidak ada yang tidak mungkin. Tetap semangat Sobat! Jangan lupa retweet semua postingan karena ada pulsa senilai Rp50.000 untuk 2 orang beruntung setiap harinya.,"""Wah, semangat nder! Apapun yang terjadi, yakin bisa kok! Yuk retweet postingan ini, siapa tau kamu yang beruntung dapet pulsa Rp50.000 buat 2 orang! Jangan lewatkan ya!""",False,1207,4200486,42,"[""Selamat Hari Senin semangat baru dalam memulai minggu yang baru ya!! Yuk minum dulu bareng mu biar makin semangat dan jangan lupa dapetin Tumbler kece diatas sebelum kehabisan ya masih ada HARGA PROMO loh! Yuk langsung dapetin"", ""Untuk yang sedang berjuang semoga ditahun ini Janji segera tercapai. Yuk like tweet ini dan jangan lupa untuk nikmati segelas favoritmu di setiap momenmu ya :)"", ""Sttt mau jajan tetap hemat? kasih solusinya nih biar ngopi kamu anti boros! Yuk geser postingan diatas. Segera sebarkan info promo ini ke -mu dan jangan sampai kelewatan ya!"", ""Semangat nder biar happy cek Tokopedia Happy Hour pasti diskon 30% mulai dari jam 19.00 WIB aja"", ""Selamat kepada mendapatkan hadiah spesial Tiap weekend pokoknya aku bakal bagi-bagi HP jadi pantengin terus ya! TUNGGUIN GIVEAWAY NYA LAGI YA MALAM INI""]",False,5,1859,52,False,170
google/gemma-3-4b-it,competence,excitement,hybrid_early,0.3,Hai Sobat BRI pesan akan segera kami respons melalui DM. Silakan lakukan pengecekan ya. Informasi lainnya seputar BRI dapat hubungi Sabrina WhatsApp 0812 1214 017 atau akun resmi media sosial BRI yang terverifikasi. Tks~Arin,Hai Sobat BRI maaf banget ya udah bikin nggak nyaman. Aku butuh pengecekan dulu. Silakan lakukan pengecekan ya. Info lainnya seputar BRI bisa hubungi Sabrina WhatsApp 0812 1214 017 atau akun resmi media sosial BRI yang terverifikasi. Terima kasih~Arin,False,200,4200487,42,"[""Hai Kak maaf banget ya tapi jangan khawatir ya. Yuk sini aku bantu cek lebih lanjut dengan infoin ke aku nomor order dan screenshot kendala kamu melalui DM ya. Terima kasih -NSA"", ""Hai Kak maaf banget atas kendala promo aplikasi Gojeknya ya Kak. Boleh informasikan nomor order dan screenshot detail promo yang kamu gunakan via DM ya. Terima kasih^ekw"", ""Hai Kak maaf banget atas kendala promo aplikasi Gojeknya ya Kak. Boleh informasikan nomor telepon dan email terdaftar via DM supaya kendala kamu bisa kami cek. Terima kasih^ekw"", ""Halo Kak mohon maaf buat gak nyaman. Aku butuh pengecekan dulu. Boleh infoin data kakak lewat DM cukup nomor telepon dan screenshot transaksinya. Terima kasih ^yun"", ""Hai Kak maaf banget ya udah bikin nggak nyaman. Mohon untuk konfirmasi kepada pihak Tokopedia atau langsung mengunjungi website terlebih dahulu ya Kak agar dapat segera ditindaklanjuti. Terima kasih^ygb""]",False,5,1972,69,False,251
google/gemma-3-4b-it,competence,excitement,hybrid_early,0.3,Hai Sobat BRI. Mohon maaf atas kendala transaksi yang dialami. Terkain kendala yang dialami kami sudah mengirimkan pesan melalui DM. Silakan lakukan pengecekan. Tks~Raden,Hai Sobat BRI. Maaf banget ya udah bikin kurang nyaman. Silakan informasikan nomor telepon dan email terdaftar melalui DM supaya masalah kamu bisa kami cek ya. Terima kasih~Raden,False,378,4200488,42,"[""Hai Kak maaf banget ya. Terkait dengan keluhanmu mohon diinformasikan nomor telepon dan email kamu yang terdaftar melalui DM supaya bisa kami bantu cek ya. Tks^Ari"", ""Hai Kak maaf banget atas kendala promo aplikasi Gojeknya ya Kak. Boleh informasikan nomor telepon dan email terdaftar via DM supaya kendala kamu bisa kami cek. Terima kasih^ekw"", ""Hai Kak maaf banget ya tapi jangan khawatir ya. Yuk sini aku bantu cek lebih lanjut dengan infoin ke aku nomor order dan screenshot kendala kamu melalui DM ya. Terima kasih -NSA"", ""Hai Kak maaf banget ya udah bikin ngga nyaman. Terkait dengan keluhanmu mohon diinformasikan nomor telepon dan email kamu yang terdaftar melalui DM supaya bisa kami bantu cek ya. Tks^Ari"", ""Hai Kak mohon maaf ya terkait kendala yang dialami. Silakan informasikan melalui DM screenshot transaksi kamu agar dapat kami cek ya. Terima kasih^riz""]",False,5,1883,40,False,178
google/gemma-3-4b-it,sophistication,excitement,hybrid_early,0.3,Today marks the start of the an event renowned for producing epic tennis matches. We support the New York showpiece as part of our partnership with all four Grand Slam tournaments. More,"""Wah.. Wah.. Hari ini mulai acara seru yang selalu bikin pertandingan tenis epik! Kita dukung banget acara New York ini, bareng kemitraan kita sama empat Grand Slam lainnya. Lebih!""",False,5015,4200489,42,"[""Hai.. Hai.. Happy Sunday Beb! Mana nih yang udah cobain Milk Tea dari Kopi Kenangan? Kalau udah coba pasti tau banget jawabannya kan Yuk reply tweet ini ya!"", ""CUMA 3 HARI AJA Buat memeriahkan hari Kemerdekaan Indonesia Gojek kasih promo spesial Gojek PLUS cuma Rp7.900! Buruan langganan sekarang"", ""Jam segini masih kerja lembur bagai kuda? Tenang meskipun nggak bisa ngelarin kerjaan kamu tetep bisa nemenin kamu! Order sekarang mumpung ada PROMO~"", ""PROMO awal minggu dari selalu ada buat nemenin hari-hari kamu! Order sekarang melalui aplikasi yuk!"", ""Hai Kak maaf banget ya udah bikin kamu nggak nyaman. Bisa dibantu infoin nomor dan email kamu yang terdaftar di Gojek dan juga detail top up GoPay kamu via DM buat kami cek?Terima kasih^yb""]",False,5,1774,44,False,181
google/gemma-3-4b-it,sincerity,excitement,hybrid_early,0.3,Sementara itu sekitar 6.700 paket sembako juga telah diberikan untuk mengurangi beban kebutuhan hidup para pekerja di sektor informal pemulung pengemudi angkutan umum dan pekerja harian lainnya,"“Eh, tau gak sih? Sekitar 6.700 paket sembako udah dibagikan buat bantu meringkankan beban hidup para pekerja kasih! Khusus buat pemulung, pengemudi ojol, dan yang kerja harian lainnya nih! Buruan serbu PROMO ini!”",True,6130,4200490,42,"[""Sttt mau jajan tetap hemat? kasih solusinya nih biar ngopi kamu anti boros! Yuk geser postingan diatas. Segera sebarkan info promo ini ke -mu dan jangan sampai kelewatan ya!"", ""Jam segini masih kerja lembur bagai kuda? Tenang meskipun nggak bisa ngelarin kerjaan kamu tetep bisa nemenin kamu! Order sekarang mumpung ada PROMO~"", ""TWITTER DO YOUR MAGIC Bantu RT yaa !! Pliss bantu temuin bapak driver ojol ini. Dari kemaren belom ketemu juga padahal pengen banget kasih THR buat bapaknya nihhh. Kalo kalian kenal atau ketemu bapaknya langsung info ya!"", ""Hai Kak maaf banget ya udah bikin kamu nggak nyaman. Bisa dibantu infoin nomor dan email kamu yang terdaftar di Gojek dan juga detail top up GoPay kamu via DM buat kami cek?Terima kasih^yb"", ""Buat kamu yang lagi dirumah aja udah siapin PROMO DARURAT biar jajan tetap enak dan hemat nih! Yuk langsung serbu PROMO DARURAT dan tetap jajan hemat di rumah aja ya:)""]",False,5,1951,66,False,214
google/gemma-3-4b-it,competence,excitement,hybrid_early,0.3,Selamat pagi Kak. Pembatalan tiket atas dasar keinginan penumpang akan dikenakan bea administrasi 25% dan pengembalian sebesar 75%. Pembatalan tiket KA Antarkota dapat dilakukan secara online melalui aplikasi Access by KAI dari jauh hari atau paling lambat 2 jam sebelum,"“Halo Kak, mohon maaf atas ketidaknyamanannya ya. Kalau mau batal tiket, ada biaya administrasi 25% dan pengembalian 75% ya Kak. Pembatalan tiket KA Antarkota bisa dilakukan online lewat aplikasi Access by KAI, jauh-jauh hari atau paling lambat 2 jam sebelum keberangkatan. Terima kasih!”",False,596,4200491,42,"[""HARI TERAKHIR DAPAT CASH BACK 100% Kata siapa kalo ke Jilid nggak ada PROMO? Buat yang mau pesan take away dan langsung di Jilid jangan lupa pakai PROMO yang bikin ngopi kamu hemat banget!"", ""Hai Kak maaf banget atas kendala promo aplikasi Gojeknya ya Kak. Boleh informasikan nomor order dan screenshot detail promo yang kamu gunakan via DM ya. Terima kasih^ekw"", ""Hai Kak maaf banget atas kendala promo aplikasi Gojeknya ya Kak. Boleh informasikan nomor telepon dan email terdaftar serta detail voucher yang hilang ya supaya kendala kamu bisa kami cek. Terima kasih^ekw"", ""Halo kak mohon maaf atas ketidaknyamanannya ya mohon infokan kepada kami foto struk fisik/bukti pembelian via Grabfood tersebut ya dan mohon infokan juga nomor telepon yang dapat dihubungi terima kasih"", ""[] 2 servis Gojek buat kirim hampers di Ramadan ini apa coba gaes? Buruan jawab dan jangan lupa tulis juga kode promonya ya. Jawab pake cara ini: 1. Tulis jawaban di kolom komentar & mention 2 orang temen 2. Sertakan hashtag & 3.""]",False,5,2123,79,False,288
google/gemma-3-4b-it,sophistication,excitement,hybrid_early,0.3,Interpretation of monochrome elegance. Saptodjojokartiko studded bustier and ballgown skirt,"“Biar makin beda, yuk intip gaya monochrome elegan ala Saptodjojokartiko: bustier dan rok gaun benerin! ✨ Buat yang pengen vibes serupa, langsung cus!”",False,4853,4200492,42,"[""Hai Kak maaf banget ya udah bikin kamu nggak nyaman. Bisa dibantu infoin nomor dan email kamu yang terdaftar di Gojek dan juga detail top up GoPay kamu via DM buat kami cek?Terima kasih^yb"", ""Selamat Hari Jumat buat semua !!! Biar makin semangat buat weekend yuk minum di jilid terdekatmu! Ada Es Kopi Susu dengan design yang keren banget loh. Buat yang belum cobain yuk langsung cobain sekarang juga"", ""Hai para Mantan bantu mimin dong buat nemuin jalan menuju paket promo BuCin kira-kira lewat mana nih ya Beb? Reply tweet ini dan mention kamu supaya sama-sama nemuin jalannya!"", ""Mau ngopi tetap puas dan terap hemat bareng ? Pakai PROMO di bawah yuk! Ada berbagai macam PROMO hemat yang bisa kamu pilih loh! Langsung pesan dan ajak mu ya"", ""Mimin kasih tau cara sat set ketemu Oppa hari ini: Berangkat pake GoCar masukin kode promo GOWEEKEND diskon s.d. 30 Ribu~ Langsung sampe outfit tetep rapih""]",False,5,1836,47,False,151
google/gemma-3-4b-it,sophistication,excitement,hybrid_early,0.3,Lovely! ;) RT : 17 juli 2012 @ Four Seasons Hotel Jakarta,"""Asikkk! 😉 Info 17 Juli 2012 di Four Seasons Hotel Jakarta nih!""",False,4518,4200493,42,"[""Semangat nder biar happy cek Tokopedia Happy Hour pasti diskon 30% mulai dari jam 19.00 WIB aja"", ""Gaeeesss~ Gimana senin paginya? Biar kamu seneng dan tetep hemat nih Mimin spill promo-promo Gojek"", ""[LAST DAY] Hi Para Mantan HARI INI promo terakhir beli harga reguler GRATIS Upsize untuk menu baru loh! Jangan sampai ketinggalan ya! S&K:"", ""Selamat Hari Senin semangat baru dalam memulai minggu yang baru ya!! Yuk minum dulu bareng mu biar makin semangat dan jangan lupa dapetin Tumbler kece diatas sebelum kehabisan ya masih ada HARGA PROMO loh! Yuk langsung dapetin"", ""Biar semangat dikasih Tokopedia Happy Hour pasti diskon 30% mulai dari jam 19.00 WIB sih""]",False,5,1563,25,False,64
google/gemma-3-4b-it,ruggedness,excitement,hybrid_early,0.3,Here is a complete look for our Monroe long wallet and the packaging. We feel the urgency to share,"Hai Kak maaf banget ya, tapi yuk sini aku kasih liat detail lengkap wallet Monroe kita sama packagingnya. Kita pengen banget segera bantu, jadi silakan infokan no order yg berkendala lewat DM ya. Terima kasih -NSA",False,5838,4200494,42,"[""Hai Kak maaf banget ya udah bikin kamu telat silakan infokan no order yg berkendala melalui DM supaya bisa aku bantu cek ya. Tks^feb"", ""Hai Kak maaf banget ya Kak sudah bikin Kamu engga nyaman. Coba dibantu lampirkan nomor order dan detail kronologinya kepada kami via DM ya Kak. Terima kasih ^ ibl"", ""Hai Kak maaf banget ya tapi jangan khawatir ya. Yuk sini aku bantu cek lebih lanjut dengan infoin ke aku nomor order dan screenshot riwayat transaksi kamu melalui DM ya. Terima kasih -NSA"", ""Hai Kak maaf banget ya tapi jangan khawatir ya. Yuk sini aku bantu cek lebih lanjut dengan infoin ke aku nomor order dan screenshot kendala kamu melalui DM ya. Terima kasih -NSA"", ""Hai kak maaf banget ya kak silakan infokan no hp email yg terdaftar dan screenshot syarat ketentuan promo melalui DM supaya bisa aku bantu cek ya. Tks^feb""]",False,5,1771,49,False,213
google/gemma-3-4b-it,competence,excitement,hybrid_early,0.3,Terima kasih kembali Bapak/Ibu Pelanggan. Untuk meningkatkan kualitas layanan Halo BCA sebagai informasi kami sedang melakukan survei kepuasan pelanggan. Mohon partisipasi Bapak/Ibu dengan memberikan informasi nomor handphone yang dapat dihubungi melalui DM. Tks ^Ketlyn,"Hai Bapak/Ibu, mohon maaf jika kurang nyaman. Terkait survei kepuasan pelanggan, kami membutuhkan informasi nomor handphone yang bisa dihubungi melalui DM. Terima kasih ^Ketlyn",False,1592,4200495,42,"[""Halo kak mohon maaf sudah buat kakak kecewa. Jika kakak masih kurang puas dengan pesanannya mohon untuk sampaikan pada link berikut ya : Keluhan kakak akan segera kami tindaklanjuti. Terima kasih"", ""Halo kak mohon maaf sudah buat kakak kecewa. Jika masih kurang puas dengan pesanannya mohon untuk sampaikan pada link berikut ya : Keluhan kakak akan segera kami tindaklanjuti. Terima kasih"", ""Halo kak mohon maaf sudah buat kakak kecewa. Apabila kakak masih kurang puas dengan pesananya mohon untuk sampaikan pada link berikut ya : Keluhan kakak akan segera kami tindaklanjuti. Terima kasih"", ""Hallo kak mohon maaf atas ketidak nyamanannya. Terkait keluhan yang kakak sampaikan akan admin follow up ke outlet terkait. Mohon dibantu kirimkan data kontak yang dapat dihubungi ya kak. Terima kasih"", ""Hai Kak mohon maaf sebelumnya. Terkait promo voucher yang diberikan bersifat random/acak. Bila kamu menjadi pelanggan beruntung yang mendapatkan promo dari Gojek kamu dapat melakukan pengecekan pada fitur My Voucher atau Voucher Saya . Terima kasih ^NSA""]",False,5,2165,42,False,176
google/gemma-3-4b-it,sophistication,excitement,hybrid_early,0.3,Lovely!,Lovely ya!,False,4268,4200496,42,"[""Love you too Beb"", ""Semangat replynya kak"", ""Siap kak! Ditunggu ya"", ""Makasih kak"", ""Semangat ya kak""]",False,5,952,4,False,10
google/gemma-3-4b-it,ruggedness,excitement,hybrid_early,0.3,Wahh bener nih,Wkwkw bener juga,False,5172,4200497,42,"[""Semangat bener nih"", ""Bener nih kak"", ""Semangat nih"", ""Betul banget nih"", ""Wkwkw bener juga""]",False,5,950,8,False,16
google/gemma-3-4b-it,sophistication,excitement,hybrid_early,0.3,Kasih Bunda painting by Yellia Mangan. A part of Fenomena 2 Ekspresi Painting Exhibition at Lobby until 4 Oct,"""Hai Beb Kopi Kenangan! Ada pengumuman penting nih, ""Kasih Bunda"" painting by Yellia Mangan bakal dipamerin di Fenomena 2 Ekspresi Painting Exhibition di Lobby sampai 4 Oct ya! Jangan ketinggalan!""",False,4396,4200498,42,"[""Selamat Hari Senin semangat baru dalam memulai minggu yang baru ya!! Yuk minum dulu bareng mu biar makin semangat dan jangan lupa dapetin Tumbler kece diatas sebelum kehabisan ya masih ada HARGA PROMO loh! Yuk langsung dapetin"", ""Selamat Hari Jumat buat semua !!! Biar makin semangat buat weekend yuk minum di jilid terdekatmu! Ada Es Kopi Susu dengan design yang keren banget loh. Buat yang belum cobain yuk langsung cobain sekarang juga"", ""[PENGUMUMAN ] Selamat untuk pemenang GIVEAWAY tebak kode promo yang dipake Dido & Sekala Cek DM kamu sekarang ya! Mimin tunggu"", ""Hi Beb Kopi Kenangan ingin mengucapkan Selamat Hari Raya Idul Adha 1441H bagi yang merayakan ya. Yuk rayakan dengan penuh kesegaran setelah banyak makan daging"", ""Hai para Mantan cuman mau bilang besok hari Senin loh! Btw jangan keburu bete dulu ya Beb. Sambut Senin esok dengan Oreo Cookies and Cream Shake yang akan membuat Seninmu semakin manis Kenangan""]",False,5,1882,54,False,197
google/gemma-3-4b-it,sincerity,excitement,hybrid_early,0.3,Terima kasih juga untuk 6 453 anggota McKids dari seluruh Indonesia yang sudah berpartisipasi dalam kompetisi ini. Cek video ini untuk lihat ungkapan penuh cinta dari mereka Nantikan juga ya kompetisi McKids lainnya hanya di McDonald's!,"""Terima kasih banyak buat 6.453 anggota McKids keren dari seluruh Indonesia yang udah ikutan lomba ini! Tonton videonya buat lihat ucapan manis dari mereka yaa! Nantikan kompetisi McKids seru lainnya di McDonald's!""",False,1998,4200499,42,"[""Selamat Hari Senin semangat baru dalam memulai minggu yang baru ya!! Yuk minum dulu bareng mu biar makin semangat dan jangan lupa dapetin Tumbler kece diatas sebelum kehabisan ya masih ada HARGA PROMO loh! Yuk langsung dapetin"", ""Selamat Hari Jumat buat semua !!! Biar makin semangat buat weekend yuk minum di jilid terdekatmu! Ada Es Kopi Susu dengan design yang keren banget loh. Buat yang belum cobain yuk langsung cobain sekarang juga"", ""Sambut awal bulan dengan PROMO di Aplikasi Jiwa+ yang belum download Aplikasi Jiwa+ bisa download sekarang juga untuk menikmati berbagai PROMO menarik! jangan lupa mention lainnya yaaa ^^"", ""Hi Beb bikin hari kamu ceria yuk dengan promo Kentjan. Dikit lagi udah mau habis nih kuotanya"", ""Hi Kak terima kasih atas review baiknya untuk Kopi Kenangan selamat beraktivitas dan sehat selalu kak""]",False,5,1912,56,False,215
