model_id,original_style,style_target,retrieval_method,alpha,original_message,paraphrased_message,is_human_eval,sample_index,sample_seed,run_seed,retrieved_exemplars,retrieval_fallback,n_exemplars,prompt_chars,output_tokens,eos_reached,output_chars,style_strength_calibrated,style_predicted,style_accuracy,content_preservation,content_preservation_LaBSE,content_preservation_mE5,fluency_ppl,ppl_degenerate,replication_rate_8
google/gemma-3-4b-it,informal,formal,centroid,,halo selamat malam mau konfirmasi bisa gak kita melakukan pembatalan pesanan tanpa power merchantnya harus dicabut . karena ini kebetulan saya ( konsumen ) yang mau membatalkan,"admin, mau tanya soal pembatalan pesanan. kok bisa ya, pembatalan gak bisa tanpa power merchant dicabut? ini kebetulan saya yang mau batal konsumen.",False,1,4200000,42,"[""selamat malam . mohon saya diberi informasi . paket saya sejak tanggal xxxnumberxxx tertahan dengan status itu dan belum terkirim sampai sekarang . ada apa ?"", ""sudah xxxnumberxxx hari , status belum juga berubah admin . tadi sudah telepon qc katanya cuma disuruh menunggu ."", ""sore admin . ini ada keluhan nomor saya , pulsa terpotong terus . padahal tidak berlangganan paket apapun . tolong diperiksa min + xxxnumberxxx xxxnumberxxx - xxxnumberxxx - xxxnumberxxx ."", ""grab paket hemat saya billingnya itu tanggal xxxnumberxxx juli xxxnumberxxx . sekarang sudah agustus mengapa subscribe - nya masih aktif ?"", ""dear indosat , saya mau isi paket , tetapi mengapa tidak bisa ya ? sudah sejak jam xxxtimexxx tadi pulsa sudah masuk tetapi tidak bisa aktif ."", ""admin , kenapa saya tidak bisa sms ? saya mau konfirmasi pembelian paket selalu gagal smsnya dari tadi ."", ""sudah kak . sudah saya ganti ke xxxnumberxxx g , tapi tetap susah ."", ""pulsa saya berkurang xxxnumberxxx padahal tidak digunakan . saya mau beli paket jadi kurang , bagaimana ini ? xxxnumberxxx"", ""jb xxxphonexxx , sudah seminggu paket tidak sampai , padahal masih dalam jakarta . malah dikirim ke surabaya untuk apa ? jnt sistemnya seperti apa ?"", ""cek dm coba xxxuserxxx dari tadi komplain tidak ada respons , pulsa sudah terpotong kena tarik per kb .""]",False,10,2450,37,True,148,0.022236407,informal,0,0.8937253952026367,0.7279015779495239,0.9481632709503174,67.33114175126394,False,0.0
google/gemma-3-4b-it,informal,formal,centroid,,"min , tolong di menu favorite , agar barang bisa di filter seperti pada menu pencarian barang lainnya , bisa disortir harga , jasa pengiriman dll","admin, tolong dong di-favorite , biar barangnya bisa di-filter kayak di menu pencarian barang, bisa diurutin harga, jasa pengiriman, dll.",False,3,4200001,42,"[""selamat malam . mohon saya diberi informasi . paket saya sejak tanggal xxxnumberxxx tertahan dengan status itu dan belum terkirim sampai sekarang . ada apa ?"", ""sudah xxxnumberxxx hari , status belum juga berubah admin . tadi sudah telepon qc katanya cuma disuruh menunggu ."", ""sore admin . ini ada keluhan nomor saya , pulsa terpotong terus . padahal tidak berlangganan paket apapun . tolong diperiksa min + xxxnumberxxx xxxnumberxxx - xxxnumberxxx - xxxnumberxxx ."", ""grab paket hemat saya billingnya itu tanggal xxxnumberxxx juli xxxnumberxxx . sekarang sudah agustus mengapa subscribe - nya masih aktif ?"", ""dear indosat , saya mau isi paket , tetapi mengapa tidak bisa ya ? sudah sejak jam xxxtimexxx tadi pulsa sudah masuk tetapi tidak bisa aktif ."", ""admin , kenapa saya tidak bisa sms ? saya mau konfirmasi pembelian paket selalu gagal smsnya dari tadi ."", ""sudah kak . sudah saya ganti ke xxxnumberxxx g , tapi tetap susah ."", ""pulsa saya berkurang xxxnumberxxx padahal tidak digunakan . saya mau beli paket jadi kurang , bagaimana ini ? xxxnumberxxx"", ""jb xxxphonexxx , sudah seminggu paket tidak sampai , padahal masih dalam jakarta . malah dikirim ke surabaya untuk apa ? jnt sistemnya seperti apa ?"", ""cek dm coba xxxuserxxx dari tadi komplain tidak ada respons , pulsa sudah terpotong kena tarik per kb .""]",False,10,2419,34,True,137,0.030072797,informal,0,0.8963027000427246,0.8807756304740906,0.9496462941169739,80.60031239145617,False,0.0
google/gemma-3-4b-it,informal,formal,centroid,,pembelian paket internet malam kok ga bisa ya min ?,"“kok, beli paket internet malam gak bisa min?”",False,5,4200002,42,"[""selamat malam . mohon saya diberi informasi . paket saya sejak tanggal xxxnumberxxx tertahan dengan status itu dan belum terkirim sampai sekarang . ada apa ?"", ""sudah xxxnumberxxx hari , status belum juga berubah admin . tadi sudah telepon qc katanya cuma disuruh menunggu ."", ""sore admin . ini ada keluhan nomor saya , pulsa terpotong terus . padahal tidak berlangganan paket apapun . tolong diperiksa min + xxxnumberxxx xxxnumberxxx - xxxnumberxxx - xxxnumberxxx ."", ""grab paket hemat saya billingnya itu tanggal xxxnumberxxx juli xxxnumberxxx . sekarang sudah agustus mengapa subscribe - nya masih aktif ?"", ""dear indosat , saya mau isi paket , tetapi mengapa tidak bisa ya ? sudah sejak jam xxxtimexxx tadi pulsa sudah masuk tetapi tidak bisa aktif ."", ""admin , kenapa saya tidak bisa sms ? saya mau konfirmasi pembelian paket selalu gagal smsnya dari tadi ."", ""sudah kak . sudah saya ganti ke xxxnumberxxx g , tapi tetap susah ."", ""pulsa saya berkurang xxxnumberxxx padahal tidak digunakan . saya mau beli paket jadi kurang , bagaimana ini ? xxxnumberxxx"", ""jb xxxphonexxx , sudah seminggu paket tidak sampai , padahal masih dalam jakarta . malah dikirim ke surabaya untuk apa ? jnt sistemnya seperti apa ?"", ""cek dm coba xxxuserxxx dari tadi komplain tidak ada respons , pulsa sudah terpotong kena tarik per kb .""]",False,10,2325,12,True,46,0.0065447623,informal,0,0.8910975456237793,0.8702572584152222,0.931607723236084,250.19297810253326,False,0.0
google/gemma-3-4b-it,informal,formal,centroid,,transaksi xxxnumberxxx . pembeli meminta kami untuk membatalkan transaksi ini . mohon bantuannya,"admin, transaksi xxxnumberxxx ini pembelinya minta batal, tolong bantu 🙏",False,7,4200003,42,"[""selamat malam . mohon saya diberi informasi . paket saya sejak tanggal xxxnumberxxx tertahan dengan status itu dan belum terkirim sampai sekarang . ada apa ?"", ""sudah xxxnumberxxx hari , status belum juga berubah admin . tadi sudah telepon qc katanya cuma disuruh menunggu ."", ""sore admin . ini ada keluhan nomor saya , pulsa terpotong terus . padahal tidak berlangganan paket apapun . tolong diperiksa min + xxxnumberxxx xxxnumberxxx - xxxnumberxxx - xxxnumberxxx ."", ""grab paket hemat saya billingnya itu tanggal xxxnumberxxx juli xxxnumberxxx . sekarang sudah agustus mengapa subscribe - nya masih aktif ?"", ""dear indosat , saya mau isi paket , tetapi mengapa tidak bisa ya ? sudah sejak jam xxxtimexxx tadi pulsa sudah masuk tetapi tidak bisa aktif ."", ""admin , kenapa saya tidak bisa sms ? saya mau konfirmasi pembelian paket selalu gagal smsnya dari tadi ."", ""sudah kak . sudah saya ganti ke xxxnumberxxx g , tapi tetap susah ."", ""pulsa saya berkurang xxxnumberxxx padahal tidak digunakan . saya mau beli paket jadi kurang , bagaimana ini ? xxxnumberxxx"", ""jb xxxphonexxx , sudah seminggu paket tidak sampai , padahal masih dalam jakarta . malah dikirim ke surabaya untuk apa ? jnt sistemnya seperti apa ?"", ""cek dm coba xxxuserxxx dari tadi komplain tidak ada respons , pulsa sudah terpotong kena tarik per kb .""]",False,10,2370,18,False,72,0.49529186,informal,0,0.8344443440437317,0.8197733163833618,0.965302586555481,1347.1475947494796,True,0.0
google/gemma-3-4b-it,informal,formal,centroid,,enak ae . iku subscription ku yo . bayar bulanan . masalahnya yg gaada nasi . gimana cara makannya we . kalo sayur asem yg ada gpp ikhlas -_-,"“kok, langganan ku gini sih. bayar bulanan. tapi masalahnya gak ada nasi. gimana cara makannya ya? kalo sayur asem yang ada, yaudah syukur ihlas -_-”",False,9,4200004,42,"[""selamat malam . mohon saya diberi informasi . paket saya sejak tanggal xxxnumberxxx tertahan dengan status itu dan belum terkirim sampai sekarang . ada apa ?"", ""sudah xxxnumberxxx hari , status belum juga berubah admin . tadi sudah telepon qc katanya cuma disuruh menunggu ."", ""sore admin . ini ada keluhan nomor saya , pulsa terpotong terus . padahal tidak berlangganan paket apapun . tolong diperiksa min + xxxnumberxxx xxxnumberxxx - xxxnumberxxx - xxxnumberxxx ."", ""grab paket hemat saya billingnya itu tanggal xxxnumberxxx juli xxxnumberxxx . sekarang sudah agustus mengapa subscribe - nya masih aktif ?"", ""dear indosat , saya mau isi paket , tetapi mengapa tidak bisa ya ? sudah sejak jam xxxtimexxx tadi pulsa sudah masuk tetapi tidak bisa aktif ."", ""admin , kenapa saya tidak bisa sms ? saya mau konfirmasi pembelian paket selalu gagal smsnya dari tadi ."", ""sudah kak . sudah saya ganti ke xxxnumberxxx g , tapi tetap susah ."", ""pulsa saya berkurang xxxnumberxxx padahal tidak digunakan . saya mau beli paket jadi kurang , bagaimana ini ? xxxnumberxxx"", ""jb xxxphonexxx , sudah seminggu paket tidak sampai , padahal masih dalam jakarta . malah dikirim ke surabaya untuk apa ? jnt sistemnya seperti apa ?"", ""cek dm coba xxxuserxxx dari tadi komplain tidak ada respons , pulsa sudah terpotong kena tarik per kb .""]",False,10,2415,44,True,149,0.0090149455,informal,0,0.8146848678588867,0.7639569044113159,0.907875120639801,87.72428914417804,False,0.0
google/gemma-3-4b-it,informal,formal,centroid,,"receiver tidak di rumah saat paket tiba , sprinter tsb ga ada konfirmasi ke receiver sama sekali . ga ada telepon . padahal sopnya begitu kan ? ( xxxnumberxxx )","admin , kok gak ada konfirmasi sama sekali pas paket datang ? gak ada telepon dari sopir juga , padahal seharusnya begitu kan ? ( xxxnumberxxx )",False,11,4200005,42,"[""selamat malam . mohon saya diberi informasi . paket saya sejak tanggal xxxnumberxxx tertahan dengan status itu dan belum terkirim sampai sekarang . ada apa ?"", ""sudah xxxnumberxxx hari , status belum juga berubah admin . tadi sudah telepon qc katanya cuma disuruh menunggu ."", ""sore admin . ini ada keluhan nomor saya , pulsa terpotong terus . padahal tidak berlangganan paket apapun . tolong diperiksa min + xxxnumberxxx xxxnumberxxx - xxxnumberxxx - xxxnumberxxx ."", ""grab paket hemat saya billingnya itu tanggal xxxnumberxxx juli xxxnumberxxx . sekarang sudah agustus mengapa subscribe - nya masih aktif ?"", ""dear indosat , saya mau isi paket , tetapi mengapa tidak bisa ya ? sudah sejak jam xxxtimexxx tadi pulsa sudah masuk tetapi tidak bisa aktif ."", ""admin , kenapa saya tidak bisa sms ? saya mau konfirmasi pembelian paket selalu gagal smsnya dari tadi ."", ""sudah kak . sudah saya ganti ke xxxnumberxxx g , tapi tetap susah ."", ""pulsa saya berkurang xxxnumberxxx padahal tidak digunakan . saya mau beli paket jadi kurang , bagaimana ini ? xxxnumberxxx"", ""jb xxxphonexxx , sudah seminggu paket tidak sampai , padahal masih dalam jakarta . malah dikirim ke surabaya untuk apa ? jnt sistemnya seperti apa ?"", ""cek dm coba xxxuserxxx dari tadi komplain tidak ada respons , pulsa sudah terpotong kena tarik per kb .""]",False,10,2434,33,False,144,0.026335148,informal,0,0.596287727355957,0.7547757625579834,0.9138627648353577,116.21430500582811,False,0.0
google/gemma-3-4b-it,informal,formal,centroid,,"halo indosat lagi gangguan kah didaerah cileungsi , dari kemaren susah sinyal","admin, kenapa sinyalnya susah di Cileungsi ya? dari kemarin kok gitu.",True,13,4200006,42,"[""selamat malam . mohon saya diberi informasi . paket saya sejak tanggal xxxnumberxxx tertahan dengan status itu dan belum terkirim sampai sekarang . ada apa ?"", ""sudah xxxnumberxxx hari , status belum juga berubah admin . tadi sudah telepon qc katanya cuma disuruh menunggu ."", ""sore admin . ini ada keluhan nomor saya , pulsa terpotong terus . padahal tidak berlangganan paket apapun . tolong diperiksa min + xxxnumberxxx xxxnumberxxx - xxxnumberxxx - xxxnumberxxx ."", ""grab paket hemat saya billingnya itu tanggal xxxnumberxxx juli xxxnumberxxx . sekarang sudah agustus mengapa subscribe - nya masih aktif ?"", ""dear indosat , saya mau isi paket , tetapi mengapa tidak bisa ya ? sudah sejak jam xxxtimexxx tadi pulsa sudah masuk tetapi tidak bisa aktif ."", ""admin , kenapa saya tidak bisa sms ? saya mau konfirmasi pembelian paket selalu gagal smsnya dari tadi ."", ""sudah kak . sudah saya ganti ke xxxnumberxxx g , tapi tetap susah ."", ""pulsa saya berkurang xxxnumberxxx padahal tidak digunakan . saya mau beli paket jadi kurang , bagaimana ini ? xxxnumberxxx"", ""jb xxxphonexxx , sudah seminggu paket tidak sampai , padahal masih dalam jakarta . malah dikirim ke surabaya untuk apa ? jnt sistemnya seperti apa ?"", ""cek dm coba xxxuserxxx dari tadi komplain tidak ada respons , pulsa sudah terpotong kena tarik per kb .""]",False,10,2351,19,True,69,0.015274456,informal,0,0.7430980205535889,0.5690771341323853,0.9385079145431519,127.37124101242956,False,0.0
google/gemma-3-4b-it,informal,formal,centroid,,"haloo , min mau tanya dong kenapa yaa setiap jam segini internet xxxnumberxxx g aku gabisa internetan padahal jaringanya bagus . boleh tolong bantuanya ?","“halo , kok internetnya gak bisa pas jam segitu yaa? padahal sinyalnya bagus banget . tolong bantu dong min.”",True,15,4200007,42,"[""selamat malam . mohon saya diberi informasi . paket saya sejak tanggal xxxnumberxxx tertahan dengan status itu dan belum terkirim sampai sekarang . ada apa ?"", ""sudah xxxnumberxxx hari , status belum juga berubah admin . tadi sudah telepon qc katanya cuma disuruh menunggu ."", ""sore admin . ini ada keluhan nomor saya , pulsa terpotong terus . padahal tidak berlangganan paket apapun . tolong diperiksa min + xxxnumberxxx xxxnumberxxx - xxxnumberxxx - xxxnumberxxx ."", ""grab paket hemat saya billingnya itu tanggal xxxnumberxxx juli xxxnumberxxx . sekarang sudah agustus mengapa subscribe - nya masih aktif ?"", ""dear indosat , saya mau isi paket , tetapi mengapa tidak bisa ya ? sudah sejak jam xxxtimexxx tadi pulsa sudah masuk tetapi tidak bisa aktif ."", ""admin , kenapa saya tidak bisa sms ? saya mau konfirmasi pembelian paket selalu gagal smsnya dari tadi ."", ""sudah kak . sudah saya ganti ke xxxnumberxxx g , tapi tetap susah ."", ""pulsa saya berkurang xxxnumberxxx padahal tidak digunakan . saya mau beli paket jadi kurang , bagaimana ini ? xxxnumberxxx"", ""jb xxxphonexxx , sudah seminggu paket tidak sampai , padahal masih dalam jakarta . malah dikirim ke surabaya untuk apa ? jnt sistemnya seperti apa ?"", ""cek dm coba xxxuserxxx dari tadi komplain tidak ada respons , pulsa sudah terpotong kena tarik per kb .""]",False,10,2427,28,True,109,0.001718316,informal,0,0.8465687036514282,0.7472422122955322,0.927664577960968,58.581186144414936,False,0.0
google/gemma-3-4b-it,informal,formal,centroid,,aku udah jelaskan panjang lebar di dmnya doi,“sudah kubilang panjang lebar di DM dia.”,True,17,4200008,42,"[""selamat malam . mohon saya diberi informasi . paket saya sejak tanggal xxxnumberxxx tertahan dengan status itu dan belum terkirim sampai sekarang . ada apa ?"", ""sudah xxxnumberxxx hari , status belum juga berubah admin . tadi sudah telepon qc katanya cuma disuruh menunggu ."", ""sore admin . ini ada keluhan nomor saya , pulsa terpotong terus . padahal tidak berlangganan paket apapun . tolong diperiksa min + xxxnumberxxx xxxnumberxxx - xxxnumberxxx - xxxnumberxxx ."", ""grab paket hemat saya billingnya itu tanggal xxxnumberxxx juli xxxnumberxxx . sekarang sudah agustus mengapa subscribe - nya masih aktif ?"", ""dear indosat , saya mau isi paket , tetapi mengapa tidak bisa ya ? sudah sejak jam xxxtimexxx tadi pulsa sudah masuk tetapi tidak bisa aktif ."", ""admin , kenapa saya tidak bisa sms ? saya mau konfirmasi pembelian paket selalu gagal smsnya dari tadi ."", ""sudah kak . sudah saya ganti ke xxxnumberxxx g , tapi tetap susah ."", ""pulsa saya berkurang xxxnumberxxx padahal tidak digunakan . saya mau beli paket jadi kurang , bagaimana ini ? xxxnumberxxx"", ""jb xxxphonexxx , sudah seminggu paket tidak sampai , padahal masih dalam jakarta . malah dikirim ke surabaya untuk apa ? jnt sistemnya seperti apa ?"", ""cek dm coba xxxuserxxx dari tadi komplain tidak ada respons , pulsa sudah terpotong kena tarik per kb .""]",False,10,2318,12,True,41,0.748318,formal,1,0.7274876832962036,0.6257380247116089,0.9259510040283203,195.88846715158758,False,0.0
google/gemma-3-4b-it,informal,formal,centroid,,percuma ! itu² saja jawabannya . tidak membantu sama sekali !,"""parah banget sih , jawabannya nggak guna sama sekali!""",False,19,4200009,42,"[""selamat malam . mohon saya diberi informasi . paket saya sejak tanggal xxxnumberxxx tertahan dengan status itu dan belum terkirim sampai sekarang . ada apa ?"", ""sudah xxxnumberxxx hari , status belum juga berubah admin . tadi sudah telepon qc katanya cuma disuruh menunggu ."", ""sore admin . ini ada keluhan nomor saya , pulsa terpotong terus . padahal tidak berlangganan paket apapun . tolong diperiksa min + xxxnumberxxx xxxnumberxxx - xxxnumberxxx - xxxnumberxxx ."", ""grab paket hemat saya billingnya itu tanggal xxxnumberxxx juli xxxnumberxxx . sekarang sudah agustus mengapa subscribe - nya masih aktif ?"", ""dear indosat , saya mau isi paket , tetapi mengapa tidak bisa ya ? sudah sejak jam xxxtimexxx tadi pulsa sudah masuk tetapi tidak bisa aktif ."", ""admin , kenapa saya tidak bisa sms ? saya mau konfirmasi pembelian paket selalu gagal smsnya dari tadi ."", ""sudah kak . sudah saya ganti ke xxxnumberxxx g , tapi tetap susah ."", ""pulsa saya berkurang xxxnumberxxx padahal tidak digunakan . saya mau beli paket jadi kurang , bagaimana ini ? xxxnumberxxx"", ""jb xxxphonexxx , sudah seminggu paket tidak sampai , padahal masih dalam jakarta . malah dikirim ke surabaya untuk apa ? jnt sistemnya seperti apa ?"", ""cek dm coba xxxuserxxx dari tadi komplain tidak ada respons , pulsa sudah terpotong kena tarik per kb .""]",False,10,2335,14,True,55,0.0076991655,informal,0,0.5567977428436279,0.6008419990539551,0.9252738952636719,102.80367311453197,False,0.0
google/gemma-3-4b-it,informal,formal,centroid,,udah tak dm ya boleh di cek aja,"admin, tolong di cek ya.",False,21,4200010,42,"[""selamat malam . mohon saya diberi informasi . paket saya sejak tanggal xxxnumberxxx tertahan dengan status itu dan belum terkirim sampai sekarang . ada apa ?"", ""sudah xxxnumberxxx hari , status belum juga berubah admin . tadi sudah telepon qc katanya cuma disuruh menunggu ."", ""sore admin . ini ada keluhan nomor saya , pulsa terpotong terus . padahal tidak berlangganan paket apapun . tolong diperiksa min + xxxnumberxxx xxxnumberxxx - xxxnumberxxx - xxxnumberxxx ."", ""grab paket hemat saya billingnya itu tanggal xxxnumberxxx juli xxxnumberxxx . sekarang sudah agustus mengapa subscribe - nya masih aktif ?"", ""dear indosat , saya mau isi paket , tetapi mengapa tidak bisa ya ? sudah sejak jam xxxtimexxx tadi pulsa sudah masuk tetapi tidak bisa aktif ."", ""admin , kenapa saya tidak bisa sms ? saya mau konfirmasi pembelian paket selalu gagal smsnya dari tadi ."", ""sudah kak . sudah saya ganti ke xxxnumberxxx g , tapi tetap susah ."", ""pulsa saya berkurang xxxnumberxxx padahal tidak digunakan . saya mau beli paket jadi kurang , bagaimana ini ? xxxnumberxxx"", ""jb xxxphonexxx , sudah seminggu paket tidak sampai , padahal masih dalam jakarta . malah dikirim ke surabaya untuk apa ? jnt sistemnya seperti apa ?"", ""cek dm coba xxxuserxxx dari tadi komplain tidak ada respons , pulsa sudah terpotong kena tarik per kb .""]",False,10,2305,9,True,24,0.6288066,formal,1,0.6157721877098083,0.5034909248352051,0.8882301449775696,238.54622851460454,False,0.0
google/gemma-3-4b-it,informal,formal,centroid,,ketika ema nyuru beli belanjaan ke warung,"“udah kak, pas ema telpon mau bli belanjaan di warung.”",False,23,4200011,42,"[""selamat malam . mohon saya diberi informasi . paket saya sejak tanggal xxxnumberxxx tertahan dengan status itu dan belum terkirim sampai sekarang . ada apa ?"", ""sudah xxxnumberxxx hari , status belum juga berubah admin . tadi sudah telepon qc katanya cuma disuruh menunggu ."", ""sore admin . ini ada keluhan nomor saya , pulsa terpotong terus . padahal tidak berlangganan paket apapun . tolong diperiksa min + xxxnumberxxx xxxnumberxxx - xxxnumberxxx - xxxnumberxxx ."", ""grab paket hemat saya billingnya itu tanggal xxxnumberxxx juli xxxnumberxxx . sekarang sudah agustus mengapa subscribe - nya masih aktif ?"", ""dear indosat , saya mau isi paket , tetapi mengapa tidak bisa ya ? sudah sejak jam xxxtimexxx tadi pulsa sudah masuk tetapi tidak bisa aktif ."", ""admin , kenapa saya tidak bisa sms ? saya mau konfirmasi pembelian paket selalu gagal smsnya dari tadi ."", ""sudah kak . sudah saya ganti ke xxxnumberxxx g , tapi tetap susah ."", ""pulsa saya berkurang xxxnumberxxx padahal tidak digunakan . saya mau beli paket jadi kurang , bagaimana ini ? xxxnumberxxx"", ""jb xxxphonexxx , sudah seminggu paket tidak sampai , padahal masih dalam jakarta . malah dikirim ke surabaya untuk apa ? jnt sistemnya seperti apa ?"", ""cek dm coba xxxuserxxx dari tadi komplain tidak ada respons , pulsa sudah terpotong kena tarik per kb .""]",False,10,2315,16,True,55,0.063606516,informal,0,0.6552905440330505,0.6633486151695251,0.9055420756340027,463.91633684615863,False,0.0
google/gemma-3-4b-it,informal,formal,centroid,,kok tau ! kamu mata - matai aku ya !,"“apa sih, ngaku! kamu ngawasin aku terus?”",False,25,4200012,42,"[""selamat malam . mohon saya diberi informasi . paket saya sejak tanggal xxxnumberxxx tertahan dengan status itu dan belum terkirim sampai sekarang . ada apa ?"", ""sudah xxxnumberxxx hari , status belum juga berubah admin . tadi sudah telepon qc katanya cuma disuruh menunggu ."", ""sore admin . ini ada keluhan nomor saya , pulsa terpotong terus . padahal tidak berlangganan paket apapun . tolong diperiksa min + xxxnumberxxx xxxnumberxxx - xxxnumberxxx - xxxnumberxxx ."", ""grab paket hemat saya billingnya itu tanggal xxxnumberxxx juli xxxnumberxxx . sekarang sudah agustus mengapa subscribe - nya masih aktif ?"", ""dear indosat , saya mau isi paket , tetapi mengapa tidak bisa ya ? sudah sejak jam xxxtimexxx tadi pulsa sudah masuk tetapi tidak bisa aktif ."", ""admin , kenapa saya tidak bisa sms ? saya mau konfirmasi pembelian paket selalu gagal smsnya dari tadi ."", ""sudah kak . sudah saya ganti ke xxxnumberxxx g , tapi tetap susah ."", ""pulsa saya berkurang xxxnumberxxx padahal tidak digunakan . saya mau beli paket jadi kurang , bagaimana ini ? xxxnumberxxx"", ""jb xxxphonexxx , sudah seminggu paket tidak sampai , padahal masih dalam jakarta . malah dikirim ke surabaya untuk apa ? jnt sistemnya seperti apa ?"", ""cek dm coba xxxuserxxx dari tadi komplain tidak ada respons , pulsa sudah terpotong kena tarik per kb .""]",False,10,2310,15,True,42,0.03864485,informal,0,0.3396815061569214,0.6522737741470337,0.8342024087905884,62.844812395674836,False,0.0
google/gemma-3-4b-it,informal,formal,centroid,,hai indosat kenapa pulsa saya kesedot,"“admin, pulsa saya kesedot sejak tadi. kok bisa ya?”",False,27,4200013,42,"[""selamat malam . mohon saya diberi informasi . paket saya sejak tanggal xxxnumberxxx tertahan dengan status itu dan belum terkirim sampai sekarang . ada apa ?"", ""sudah xxxnumberxxx hari , status belum juga berubah admin . tadi sudah telepon qc katanya cuma disuruh menunggu ."", ""sore admin . ini ada keluhan nomor saya , pulsa terpotong terus . padahal tidak berlangganan paket apapun . tolong diperiksa min + xxxnumberxxx xxxnumberxxx - xxxnumberxxx - xxxnumberxxx ."", ""grab paket hemat saya billingnya itu tanggal xxxnumberxxx juli xxxnumberxxx . sekarang sudah agustus mengapa subscribe - nya masih aktif ?"", ""dear indosat , saya mau isi paket , tetapi mengapa tidak bisa ya ? sudah sejak jam xxxtimexxx tadi pulsa sudah masuk tetapi tidak bisa aktif ."", ""admin , kenapa saya tidak bisa sms ? saya mau konfirmasi pembelian paket selalu gagal smsnya dari tadi ."", ""sudah kak . sudah saya ganti ke xxxnumberxxx g , tapi tetap susah ."", ""pulsa saya berkurang xxxnumberxxx padahal tidak digunakan . saya mau beli paket jadi kurang , bagaimana ini ? xxxnumberxxx"", ""jb xxxphonexxx , sudah seminggu paket tidak sampai , padahal masih dalam jakarta . malah dikirim ke surabaya untuk apa ? jnt sistemnya seperti apa ?"", ""cek dm coba xxxuserxxx dari tadi komplain tidak ada respons , pulsa sudah terpotong kena tarik per kb .""]",False,10,2311,16,True,52,0.18090205,informal,0,0.777407169342041,0.5729269981384277,0.9078490138053894,101.20845034410317,False,0.0
google/gemma-3-4b-it,informal,formal,centroid,,tfr ke rek rdn dari jum ' at siang sampe sekarang belum masuk juga help,"admin, tfr ke RDN dari jumat siang sampe sekarang belum masuk juga nih.",False,29,4200014,42,"[""selamat malam . mohon saya diberi informasi . paket saya sejak tanggal xxxnumberxxx tertahan dengan status itu dan belum terkirim sampai sekarang . ada apa ?"", ""sudah xxxnumberxxx hari , status belum juga berubah admin . tadi sudah telepon qc katanya cuma disuruh menunggu ."", ""sore admin . ini ada keluhan nomor saya , pulsa terpotong terus . padahal tidak berlangganan paket apapun . tolong diperiksa min + xxxnumberxxx xxxnumberxxx - xxxnumberxxx - xxxnumberxxx ."", ""grab paket hemat saya billingnya itu tanggal xxxnumberxxx juli xxxnumberxxx . sekarang sudah agustus mengapa subscribe - nya masih aktif ?"", ""dear indosat , saya mau isi paket , tetapi mengapa tidak bisa ya ? sudah sejak jam xxxtimexxx tadi pulsa sudah masuk tetapi tidak bisa aktif ."", ""admin , kenapa saya tidak bisa sms ? saya mau konfirmasi pembelian paket selalu gagal smsnya dari tadi ."", ""sudah kak . sudah saya ganti ke xxxnumberxxx g , tapi tetap susah ."", ""pulsa saya berkurang xxxnumberxxx padahal tidak digunakan . saya mau beli paket jadi kurang , bagaimana ini ? xxxnumberxxx"", ""jb xxxphonexxx , sudah seminggu paket tidak sampai , padahal masih dalam jakarta . malah dikirim ke surabaya untuk apa ? jnt sistemnya seperti apa ?"", ""cek dm coba xxxuserxxx dari tadi komplain tidak ada respons , pulsa sudah terpotong kena tarik per kb .""]",False,10,2345,20,True,71,0.0061535956,informal,0,0.8267742395401001,0.7408175468444824,0.9461859464645386,252.9798740929078,False,0.0
google/gemma-3-4b-it,informal,formal,centroid,,"oh iyaa . pak eko , kalo xxxuserxxx gue pake modem andromax nya , lumayan kenceng internetan dan jaringan uda xxxnumberxxx g lte pula","""admin, modem andromax saya lumayan kenceng internetan, jaringan juga udah xxxnumberxxx g LTE pula.""",False,31,4200015,42,"[""selamat malam . mohon saya diberi informasi . paket saya sejak tanggal xxxnumberxxx tertahan dengan status itu dan belum terkirim sampai sekarang . ada apa ?"", ""sudah xxxnumberxxx hari , status belum juga berubah admin . tadi sudah telepon qc katanya cuma disuruh menunggu ."", ""sore admin . ini ada keluhan nomor saya , pulsa terpotong terus . padahal tidak berlangganan paket apapun . tolong diperiksa min + xxxnumberxxx xxxnumberxxx - xxxnumberxxx - xxxnumberxxx ."", ""grab paket hemat saya billingnya itu tanggal xxxnumberxxx juli xxxnumberxxx . sekarang sudah agustus mengapa subscribe - nya masih aktif ?"", ""dear indosat , saya mau isi paket , tetapi mengapa tidak bisa ya ? sudah sejak jam xxxtimexxx tadi pulsa sudah masuk tetapi tidak bisa aktif ."", ""admin , kenapa saya tidak bisa sms ? saya mau konfirmasi pembelian paket selalu gagal smsnya dari tadi ."", ""sudah kak . sudah saya ganti ke xxxnumberxxx g , tapi tetap susah ."", ""pulsa saya berkurang xxxnumberxxx padahal tidak digunakan . saya mau beli paket jadi kurang , bagaimana ini ? xxxnumberxxx"", ""jb xxxphonexxx , sudah seminggu paket tidak sampai , padahal masih dalam jakarta . malah dikirim ke surabaya untuk apa ? jnt sistemnya seperti apa ?"", ""cek dm coba xxxuserxxx dari tadi komplain tidak ada respons , pulsa sudah terpotong kena tarik per kb .""]",False,10,2407,26,True,100,0.027715627,informal,0,0.8149776458740234,0.7782913446426392,0.9438877105712891,650.9688179721651,False,0.0
google/gemma-3-4b-it,informal,formal,centroid,,"gojek sepersepuluh hidupku , makasih gojek telah membawaku keluar dari zona nyaman","admin , kenapa gojek saya tidak bisa dipakai ? sudah sejak tadi pulsa saya berkurang xxxnumberxxx .",False,33,4200016,42,"[""selamat malam . mohon saya diberi informasi . paket saya sejak tanggal xxxnumberxxx tertahan dengan status itu dan belum terkirim sampai sekarang . ada apa ?"", ""sudah xxxnumberxxx hari , status belum juga berubah admin . tadi sudah telepon qc katanya cuma disuruh menunggu ."", ""sore admin . ini ada keluhan nomor saya , pulsa terpotong terus . padahal tidak berlangganan paket apapun . tolong diperiksa min + xxxnumberxxx xxxnumberxxx - xxxnumberxxx - xxxnumberxxx ."", ""grab paket hemat saya billingnya itu tanggal xxxnumberxxx juli xxxnumberxxx . sekarang sudah agustus mengapa subscribe - nya masih aktif ?"", ""dear indosat , saya mau isi paket , tetapi mengapa tidak bisa ya ? sudah sejak jam xxxtimexxx tadi pulsa sudah masuk tetapi tidak bisa aktif ."", ""admin , kenapa saya tidak bisa sms ? saya mau konfirmasi pembelian paket selalu gagal smsnya dari tadi ."", ""sudah kak . sudah saya ganti ke xxxnumberxxx g , tapi tetap susah ."", ""pulsa saya berkurang xxxnumberxxx padahal tidak digunakan . saya mau beli paket jadi kurang , bagaimana ini ? xxxnumberxxx"", ""jb xxxphonexxx , sudah seminggu paket tidak sampai , padahal masih dalam jakarta . malah dikirim ke surabaya untuk apa ? jnt sistemnya seperti apa ?"", ""cek dm coba xxxuserxxx dari tadi komplain tidak ada respons , pulsa sudah terpotong kena tarik per kb .""]",False,10,2356,22,True,99,0.98056066,formal,1,0.5196866989135742,0.3798120617866516,0.8786829710006714,538.1911152339392,False,0.0
google/gemma-3-4b-it,informal,formal,centroid,,tolong dong udah xxxnumberxxx xxxnumberxxx x kayagini . kenapa ya ?,"udah xxxnumberxxx hari , kayak gini . kenapa ya?",False,35,4200017,42,"[""selamat malam . mohon saya diberi informasi . paket saya sejak tanggal xxxnumberxxx tertahan dengan status itu dan belum terkirim sampai sekarang . ada apa ?"", ""sudah xxxnumberxxx hari , status belum juga berubah admin . tadi sudah telepon qc katanya cuma disuruh menunggu ."", ""sore admin . ini ada keluhan nomor saya , pulsa terpotong terus . padahal tidak berlangganan paket apapun . tolong diperiksa min + xxxnumberxxx xxxnumberxxx - xxxnumberxxx - xxxnumberxxx ."", ""grab paket hemat saya billingnya itu tanggal xxxnumberxxx juli xxxnumberxxx . sekarang sudah agustus mengapa subscribe - nya masih aktif ?"", ""dear indosat , saya mau isi paket , tetapi mengapa tidak bisa ya ? sudah sejak jam xxxtimexxx tadi pulsa sudah masuk tetapi tidak bisa aktif ."", ""admin , kenapa saya tidak bisa sms ? saya mau konfirmasi pembelian paket selalu gagal smsnya dari tadi ."", ""sudah kak . sudah saya ganti ke xxxnumberxxx g , tapi tetap susah ."", ""pulsa saya berkurang xxxnumberxxx padahal tidak digunakan . saya mau beli paket jadi kurang , bagaimana ini ? xxxnumberxxx"", ""jb xxxphonexxx , sudah seminggu paket tidak sampai , padahal masih dalam jakarta . malah dikirim ke surabaya untuk apa ? jnt sistemnya seperti apa ?"", ""cek dm coba xxxuserxxx dari tadi komplain tidak ada respons , pulsa sudah terpotong kena tarik per kb .""]",False,10,2341,14,True,48,0.005494976,informal,0,0.8001145124435425,0.6331186294555664,0.9438053369522095,2642.259662696751,True,0.0
google/gemma-3-4b-it,informal,formal,centroid,,ada di nomor xxxnumberxxx yuk kawan ikutan : xxxuserxxx xxxuserxxx xxxuserxxx done follow sosial media xxxuserxxx semoga beruntung,"admin, sudah xxxuserxxx hari , nomor xxxnumberxxx masih belum beres. mohon di cek ya.",False,37,4200018,42,"[""selamat malam . mohon saya diberi informasi . paket saya sejak tanggal xxxnumberxxx tertahan dengan status itu dan belum terkirim sampai sekarang . ada apa ?"", ""sudah xxxnumberxxx hari , status belum juga berubah admin . tadi sudah telepon qc katanya cuma disuruh menunggu ."", ""sore admin . ini ada keluhan nomor saya , pulsa terpotong terus . padahal tidak berlangganan paket apapun . tolong diperiksa min + xxxnumberxxx xxxnumberxxx - xxxnumberxxx - xxxnumberxxx ."", ""grab paket hemat saya billingnya itu tanggal xxxnumberxxx juli xxxnumberxxx . sekarang sudah agustus mengapa subscribe - nya masih aktif ?"", ""dear indosat , saya mau isi paket , tetapi mengapa tidak bisa ya ? sudah sejak jam xxxtimexxx tadi pulsa sudah masuk tetapi tidak bisa aktif ."", ""admin , kenapa saya tidak bisa sms ? saya mau konfirmasi pembelian paket selalu gagal smsnya dari tadi ."", ""sudah kak . sudah saya ganti ke xxxnumberxxx g , tapi tetap susah ."", ""pulsa saya berkurang xxxnumberxxx padahal tidak digunakan . saya mau beli paket jadi kurang , bagaimana ini ? xxxnumberxxx"", ""jb xxxphonexxx , sudah seminggu paket tidak sampai , padahal masih dalam jakarta . malah dikirim ke surabaya untuk apa ? jnt sistemnya seperti apa ?"", ""cek dm coba xxxuserxxx dari tadi komplain tidak ada respons , pulsa sudah terpotong kena tarik per kb .""]",False,10,2404,24,True,85,0.4208928,informal,0,0.6874526739120483,0.5548937916755676,0.8961219191551208,137.1693112103996,False,0.0
google/gemma-3-4b-it,informal,formal,centroid,,min xxxuserxxx ini kenapa sinyalku daritadi g terus ya ? tolong min cuman bisa bergantung sm wifi nih heu,"min xxxuserxxx , kenapa sinyal saya dari tadi terus ya ? tolong min, cuma bisa bergantung sm wifi nih heu",False,39,4200019,42,"[""selamat malam . mohon saya diberi informasi . paket saya sejak tanggal xxxnumberxxx tertahan dengan status itu dan belum terkirim sampai sekarang . ada apa ?"", ""sudah xxxnumberxxx hari , status belum juga berubah admin . tadi sudah telepon qc katanya cuma disuruh menunggu ."", ""sore admin . ini ada keluhan nomor saya , pulsa terpotong terus . padahal tidak berlangganan paket apapun . tolong diperiksa min + xxxnumberxxx xxxnumberxxx - xxxnumberxxx - xxxnumberxxx ."", ""grab paket hemat saya billingnya itu tanggal xxxnumberxxx juli xxxnumberxxx . sekarang sudah agustus mengapa subscribe - nya masih aktif ?"", ""dear indosat , saya mau isi paket , tetapi mengapa tidak bisa ya ? sudah sejak jam xxxtimexxx tadi pulsa sudah masuk tetapi tidak bisa aktif ."", ""admin , kenapa saya tidak bisa sms ? saya mau konfirmasi pembelian paket selalu gagal smsnya dari tadi ."", ""sudah kak . sudah saya ganti ke xxxnumberxxx g , tapi tetap susah ."", ""pulsa saya berkurang xxxnumberxxx padahal tidak digunakan . saya mau beli paket jadi kurang , bagaimana ini ? xxxnumberxxx"", ""jb xxxphonexxx , sudah seminggu paket tidak sampai , padahal masih dalam jakarta . malah dikirim ke surabaya untuk apa ? jnt sistemnya seperti apa ?"", ""cek dm coba xxxuserxxx dari tadi komplain tidak ada respons , pulsa sudah terpotong kena tarik per kb .""]",False,10,2379,26,False,105,0.0026498819,informal,0,0.9350876212120056,0.9432259202003479,0.9867618680000305,1306.4114306915062,True,0.0
google/gemma-3-4b-it,informal,formal,centroid,,"dicoba nugget nya sosisnya , sapatau mau endorse","“coba nugget sosisnya, mungkin mau di-endorse?”",False,41,4200020,42,"[""selamat malam . mohon saya diberi informasi . paket saya sejak tanggal xxxnumberxxx tertahan dengan status itu dan belum terkirim sampai sekarang . ada apa ?"", ""sudah xxxnumberxxx hari , status belum juga berubah admin . tadi sudah telepon qc katanya cuma disuruh menunggu ."", ""sore admin . ini ada keluhan nomor saya , pulsa terpotong terus . padahal tidak berlangganan paket apapun . tolong diperiksa min + xxxnumberxxx xxxnumberxxx - xxxnumberxxx - xxxnumberxxx ."", ""grab paket hemat saya billingnya itu tanggal xxxnumberxxx juli xxxnumberxxx . sekarang sudah agustus mengapa subscribe - nya masih aktif ?"", ""dear indosat , saya mau isi paket , tetapi mengapa tidak bisa ya ? sudah sejak jam xxxtimexxx tadi pulsa sudah masuk tetapi tidak bisa aktif ."", ""admin , kenapa saya tidak bisa sms ? saya mau konfirmasi pembelian paket selalu gagal smsnya dari tadi ."", ""sudah kak . sudah saya ganti ke xxxnumberxxx g , tapi tetap susah ."", ""pulsa saya berkurang xxxnumberxxx padahal tidak digunakan . saya mau beli paket jadi kurang , bagaimana ini ? xxxnumberxxx"", ""jb xxxphonexxx , sudah seminggu paket tidak sampai , padahal masih dalam jakarta . malah dikirim ke surabaya untuk apa ? jnt sistemnya seperti apa ?"", ""cek dm coba xxxuserxxx dari tadi komplain tidak ada respons , pulsa sudah terpotong kena tarik per kb .""]",False,10,2322,14,True,47,0.537962,formal,1,0.8561030626296997,0.7633095383644104,0.8999087810516357,339.2552122579449,False,0.0
google/gemma-3-4b-it,informal,formal,centroid,,"kalo mau request insta cash , telepon ke halo bca yak ? ada requirement kah ?","“buat request insta cash, telepon ke halo bca ya? ada requirement kah?”",False,43,4200021,42,"[""selamat malam . mohon saya diberi informasi . paket saya sejak tanggal xxxnumberxxx tertahan dengan status itu dan belum terkirim sampai sekarang . ada apa ?"", ""sudah xxxnumberxxx hari , status belum juga berubah admin . tadi sudah telepon qc katanya cuma disuruh menunggu ."", ""sore admin . ini ada keluhan nomor saya , pulsa terpotong terus . padahal tidak berlangganan paket apapun . tolong diperiksa min + xxxnumberxxx xxxnumberxxx - xxxnumberxxx - xxxnumberxxx ."", ""grab paket hemat saya billingnya itu tanggal xxxnumberxxx juli xxxnumberxxx . sekarang sudah agustus mengapa subscribe - nya masih aktif ?"", ""dear indosat , saya mau isi paket , tetapi mengapa tidak bisa ya ? sudah sejak jam xxxtimexxx tadi pulsa sudah masuk tetapi tidak bisa aktif ."", ""admin , kenapa saya tidak bisa sms ? saya mau konfirmasi pembelian paket selalu gagal smsnya dari tadi ."", ""sudah kak . sudah saya ganti ke xxxnumberxxx g , tapi tetap susah ."", ""pulsa saya berkurang xxxnumberxxx padahal tidak digunakan . saya mau beli paket jadi kurang , bagaimana ini ? xxxnumberxxx"", ""jb xxxphonexxx , sudah seminggu paket tidak sampai , padahal masih dalam jakarta . malah dikirim ke surabaya untuk apa ? jnt sistemnya seperti apa ?"", ""cek dm coba xxxuserxxx dari tadi komplain tidak ada respons , pulsa sudah terpotong kena tarik per kb .""]",False,10,2351,18,True,71,0.015919967,informal,0,0.9418436288833618,0.884996771812439,0.9495606422424316,814.9920884428984,False,0.0
google/gemma-3-4b-it,informal,formal,centroid,,bakaar terooss sampe abis tu duit,"“pulsa abis total, tuh duitnya habis semua.”",True,45,4200022,42,"[""selamat malam . mohon saya diberi informasi . paket saya sejak tanggal xxxnumberxxx tertahan dengan status itu dan belum terkirim sampai sekarang . ada apa ?"", ""sudah xxxnumberxxx hari , status belum juga berubah admin . tadi sudah telepon qc katanya cuma disuruh menunggu ."", ""sore admin . ini ada keluhan nomor saya , pulsa terpotong terus . padahal tidak berlangganan paket apapun . tolong diperiksa min + xxxnumberxxx xxxnumberxxx - xxxnumberxxx - xxxnumberxxx ."", ""grab paket hemat saya billingnya itu tanggal xxxnumberxxx juli xxxnumberxxx . sekarang sudah agustus mengapa subscribe - nya masih aktif ?"", ""dear indosat , saya mau isi paket , tetapi mengapa tidak bisa ya ? sudah sejak jam xxxtimexxx tadi pulsa sudah masuk tetapi tidak bisa aktif ."", ""admin , kenapa saya tidak bisa sms ? saya mau konfirmasi pembelian paket selalu gagal smsnya dari tadi ."", ""sudah kak . sudah saya ganti ke xxxnumberxxx g , tapi tetap susah ."", ""pulsa saya berkurang xxxnumberxxx padahal tidak digunakan . saya mau beli paket jadi kurang , bagaimana ini ? xxxnumberxxx"", ""jb xxxphonexxx , sudah seminggu paket tidak sampai , padahal masih dalam jakarta . malah dikirim ke surabaya untuk apa ? jnt sistemnya seperti apa ?"", ""cek dm coba xxxuserxxx dari tadi komplain tidak ada respons , pulsa sudah terpotong kena tarik per kb .""]",False,10,2307,15,True,44,0.1185115,informal,0,0.5702401399612427,0.41861429810523987,0.8560563325881958,120.8707847340217,False,0.0
google/gemma-3-4b-it,informal,formal,centroid,,iyah sudah tolong cek dm saya min,"admin, tolong cek dm saya min",True,47,4200023,42,"[""selamat malam . mohon saya diberi informasi . paket saya sejak tanggal xxxnumberxxx tertahan dengan status itu dan belum terkirim sampai sekarang . ada apa ?"", ""sudah xxxnumberxxx hari , status belum juga berubah admin . tadi sudah telepon qc katanya cuma disuruh menunggu ."", ""sore admin . ini ada keluhan nomor saya , pulsa terpotong terus . padahal tidak berlangganan paket apapun . tolong diperiksa min + xxxnumberxxx xxxnumberxxx - xxxnumberxxx - xxxnumberxxx ."", ""grab paket hemat saya billingnya itu tanggal xxxnumberxxx juli xxxnumberxxx . sekarang sudah agustus mengapa subscribe - nya masih aktif ?"", ""dear indosat , saya mau isi paket , tetapi mengapa tidak bisa ya ? sudah sejak jam xxxtimexxx tadi pulsa sudah masuk tetapi tidak bisa aktif ."", ""admin , kenapa saya tidak bisa sms ? saya mau konfirmasi pembelian paket selalu gagal smsnya dari tadi ."", ""sudah kak . sudah saya ganti ke xxxnumberxxx g , tapi tetap susah ."", ""pulsa saya berkurang xxxnumberxxx padahal tidak digunakan . saya mau beli paket jadi kurang , bagaimana ini ? xxxnumberxxx"", ""jb xxxphonexxx , sudah seminggu paket tidak sampai , padahal masih dalam jakarta . malah dikirim ke surabaya untuk apa ? jnt sistemnya seperti apa ?"", ""cek dm coba xxxuserxxx dari tadi komplain tidak ada respons , pulsa sudah terpotong kena tarik per kb .""]",False,10,2307,9,False,29,0.010706629,informal,0,0.848858654499054,0.8187174797058105,0.9635077714920044,800.7984886249307,False,0.0
google/gemma-3-4b-it,informal,formal,centroid,,miinn paketan aku gabisa mulu mau sampe kapan ini mau ngerjain tugas jadi gabisaa,"“Miinn, paketku masih belum bisa. mau kapan ini diproses? jadi nggak bisa kerjain tugas.”",False,49,4200024,42,"[""selamat malam . mohon saya diberi informasi . paket saya sejak tanggal xxxnumberxxx tertahan dengan status itu dan belum terkirim sampai sekarang . ada apa ?"", ""sudah xxxnumberxxx hari , status belum juga berubah admin . tadi sudah telepon qc katanya cuma disuruh menunggu ."", ""sore admin . ini ada keluhan nomor saya , pulsa terpotong terus . padahal tidak berlangganan paket apapun . tolong diperiksa min + xxxnumberxxx xxxnumberxxx - xxxnumberxxx - xxxnumberxxx ."", ""grab paket hemat saya billingnya itu tanggal xxxnumberxxx juli xxxnumberxxx . sekarang sudah agustus mengapa subscribe - nya masih aktif ?"", ""dear indosat , saya mau isi paket , tetapi mengapa tidak bisa ya ? sudah sejak jam xxxtimexxx tadi pulsa sudah masuk tetapi tidak bisa aktif ."", ""admin , kenapa saya tidak bisa sms ? saya mau konfirmasi pembelian paket selalu gagal smsnya dari tadi ."", ""sudah kak . sudah saya ganti ke xxxnumberxxx g , tapi tetap susah ."", ""pulsa saya berkurang xxxnumberxxx padahal tidak digunakan . saya mau beli paket jadi kurang , bagaimana ini ? xxxnumberxxx"", ""jb xxxphonexxx , sudah seminggu paket tidak sampai , padahal masih dalam jakarta . malah dikirim ke surabaya untuk apa ? jnt sistemnya seperti apa ?"", ""cek dm coba xxxuserxxx dari tadi komplain tidak ada respons , pulsa sudah terpotong kena tarik per kb .""]",False,10,2355,24,True,89,0.25881842,informal,0,0.7126902937889099,0.6685327291488647,0.8652647733688354,132.44829220855976,False,0.0
google/gemma-3-4b-it,informal,formal,centroid,,"bukan saya mba , saya pengguna setia telkomsel . coba mba cek tweet temen saya","“mba, kok gak bisa ya? temen saya tweeted soal paketnya yang macet, coba mba cek deh.”",False,51,4200025,42,"[""selamat malam . mohon saya diberi informasi . paket saya sejak tanggal xxxnumberxxx tertahan dengan status itu dan belum terkirim sampai sekarang . ada apa ?"", ""sudah xxxnumberxxx hari , status belum juga berubah admin . tadi sudah telepon qc katanya cuma disuruh menunggu ."", ""sore admin . ini ada keluhan nomor saya , pulsa terpotong terus . padahal tidak berlangganan paket apapun . tolong diperiksa min + xxxnumberxxx xxxnumberxxx - xxxnumberxxx - xxxnumberxxx ."", ""grab paket hemat saya billingnya itu tanggal xxxnumberxxx juli xxxnumberxxx . sekarang sudah agustus mengapa subscribe - nya masih aktif ?"", ""dear indosat , saya mau isi paket , tetapi mengapa tidak bisa ya ? sudah sejak jam xxxtimexxx tadi pulsa sudah masuk tetapi tidak bisa aktif ."", ""admin , kenapa saya tidak bisa sms ? saya mau konfirmasi pembelian paket selalu gagal smsnya dari tadi ."", ""sudah kak . sudah saya ganti ke xxxnumberxxx g , tapi tetap susah ."", ""pulsa saya berkurang xxxnumberxxx padahal tidak digunakan . saya mau beli paket jadi kurang , bagaimana ini ? xxxnumberxxx"", ""jb xxxphonexxx , sudah seminggu paket tidak sampai , padahal masih dalam jakarta . malah dikirim ke surabaya untuk apa ? jnt sistemnya seperti apa ?"", ""cek dm coba xxxuserxxx dari tadi komplain tidak ada respons , pulsa sudah terpotong kena tarik per kb .""]",False,10,2352,24,True,86,0.006571969,informal,0,0.6507591605186462,0.4816943407058716,0.8792147636413574,198.40461893345835,False,0.0
google/gemma-3-4b-it,informal,formal,centroid,,"chat aja ul , pilih di menu pusat bantuan","ul, coba chat aja di pusat bantuan.",True,53,4200026,42,"[""selamat malam . mohon saya diberi informasi . paket saya sejak tanggal xxxnumberxxx tertahan dengan status itu dan belum terkirim sampai sekarang . ada apa ?"", ""sudah xxxnumberxxx hari , status belum juga berubah admin . tadi sudah telepon qc katanya cuma disuruh menunggu ."", ""sore admin . ini ada keluhan nomor saya , pulsa terpotong terus . padahal tidak berlangganan paket apapun . tolong diperiksa min + xxxnumberxxx xxxnumberxxx - xxxnumberxxx - xxxnumberxxx ."", ""grab paket hemat saya billingnya itu tanggal xxxnumberxxx juli xxxnumberxxx . sekarang sudah agustus mengapa subscribe - nya masih aktif ?"", ""dear indosat , saya mau isi paket , tetapi mengapa tidak bisa ya ? sudah sejak jam xxxtimexxx tadi pulsa sudah masuk tetapi tidak bisa aktif ."", ""admin , kenapa saya tidak bisa sms ? saya mau konfirmasi pembelian paket selalu gagal smsnya dari tadi ."", ""sudah kak . sudah saya ganti ke xxxnumberxxx g , tapi tetap susah ."", ""pulsa saya berkurang xxxnumberxxx padahal tidak digunakan . saya mau beli paket jadi kurang , bagaimana ini ? xxxnumberxxx"", ""jb xxxphonexxx , sudah seminggu paket tidak sampai , padahal masih dalam jakarta . malah dikirim ke surabaya untuk apa ? jnt sistemnya seperti apa ?"", ""cek dm coba xxxuserxxx dari tadi komplain tidak ada respons , pulsa sudah terpotong kena tarik per kb .""]",False,10,2315,10,True,35,0.121279955,informal,0,0.8680263161659241,0.758887767791748,0.9416507482528687,1101.9804133781088,True,0.0
google/gemma-3-4b-it,informal,formal,centroid,,lagi eror bukan ? kok mau cari barang ga bisa mulu,"admin, kok pas mau cari barang nggak bisa ya?",False,55,4200027,42,"[""selamat malam . mohon saya diberi informasi . paket saya sejak tanggal xxxnumberxxx tertahan dengan status itu dan belum terkirim sampai sekarang . ada apa ?"", ""sudah xxxnumberxxx hari , status belum juga berubah admin . tadi sudah telepon qc katanya cuma disuruh menunggu ."", ""sore admin . ini ada keluhan nomor saya , pulsa terpotong terus . padahal tidak berlangganan paket apapun . tolong diperiksa min + xxxnumberxxx xxxnumberxxx - xxxnumberxxx - xxxnumberxxx ."", ""grab paket hemat saya billingnya itu tanggal xxxnumberxxx juli xxxnumberxxx . sekarang sudah agustus mengapa subscribe - nya masih aktif ?"", ""dear indosat , saya mau isi paket , tetapi mengapa tidak bisa ya ? sudah sejak jam xxxtimexxx tadi pulsa sudah masuk tetapi tidak bisa aktif ."", ""admin , kenapa saya tidak bisa sms ? saya mau konfirmasi pembelian paket selalu gagal smsnya dari tadi ."", ""sudah kak . sudah saya ganti ke xxxnumberxxx g , tapi tetap susah ."", ""pulsa saya berkurang xxxnumberxxx padahal tidak digunakan . saya mau beli paket jadi kurang , bagaimana ini ? xxxnumberxxx"", ""jb xxxphonexxx , sudah seminggu paket tidak sampai , padahal masih dalam jakarta . malah dikirim ke surabaya untuk apa ? jnt sistemnya seperti apa ?"", ""cek dm coba xxxuserxxx dari tadi komplain tidak ada respons , pulsa sudah terpotong kena tarik per kb .""]",False,10,2324,12,True,45,0.018868452,informal,0,0.8348034620285034,0.6516209840774536,0.9220376014709473,238.6029953730861,False,0.0
google/gemma-3-4b-it,informal,formal,centroid,,fitur asuransi link aja ada di nomor xxxnumberxxx . kuy ramaikan .,"admin, link asuransi ada di nomor xxxnumberxxx, dong.",True,57,4200028,42,"[""selamat malam . mohon saya diberi informasi . paket saya sejak tanggal xxxnumberxxx tertahan dengan status itu dan belum terkirim sampai sekarang . ada apa ?"", ""sudah xxxnumberxxx hari , status belum juga berubah admin . tadi sudah telepon qc katanya cuma disuruh menunggu ."", ""sore admin . ini ada keluhan nomor saya , pulsa terpotong terus . padahal tidak berlangganan paket apapun . tolong diperiksa min + xxxnumberxxx xxxnumberxxx - xxxnumberxxx - xxxnumberxxx ."", ""grab paket hemat saya billingnya itu tanggal xxxnumberxxx juli xxxnumberxxx . sekarang sudah agustus mengapa subscribe - nya masih aktif ?"", ""dear indosat , saya mau isi paket , tetapi mengapa tidak bisa ya ? sudah sejak jam xxxtimexxx tadi pulsa sudah masuk tetapi tidak bisa aktif ."", ""admin , kenapa saya tidak bisa sms ? saya mau konfirmasi pembelian paket selalu gagal smsnya dari tadi ."", ""sudah kak . sudah saya ganti ke xxxnumberxxx g , tapi tetap susah ."", ""pulsa saya berkurang xxxnumberxxx padahal tidak digunakan . saya mau beli paket jadi kurang , bagaimana ini ? xxxnumberxxx"", ""jb xxxphonexxx , sudah seminggu paket tidak sampai , padahal masih dalam jakarta . malah dikirim ke surabaya untuk apa ? jnt sistemnya seperti apa ?"", ""cek dm coba xxxuserxxx dari tadi komplain tidak ada respons , pulsa sudah terpotong kena tarik per kb .""]",False,10,2340,15,True,53,0.73868835,formal,1,0.7927883863449097,0.7616710066795349,0.9260077476501465,1576.1020156802715,True,0.0
google/gemma-3-4b-it,informal,formal,centroid,,"kontak aja ke adminnya xxxuserxxx oom , mungkin bisa dibantu","admin , kontak aja ke xxxuserxxx oom , mungkin bisa dibantu",False,59,4200029,42,"[""selamat malam . mohon saya diberi informasi . paket saya sejak tanggal xxxnumberxxx tertahan dengan status itu dan belum terkirim sampai sekarang . ada apa ?"", ""sudah xxxnumberxxx hari , status belum juga berubah admin . tadi sudah telepon qc katanya cuma disuruh menunggu ."", ""sore admin . ini ada keluhan nomor saya , pulsa terpotong terus . padahal tidak berlangganan paket apapun . tolong diperiksa min + xxxnumberxxx xxxnumberxxx - xxxnumberxxx - xxxnumberxxx ."", ""grab paket hemat saya billingnya itu tanggal xxxnumberxxx juli xxxnumberxxx . sekarang sudah agustus mengapa subscribe - nya masih aktif ?"", ""dear indosat , saya mau isi paket , tetapi mengapa tidak bisa ya ? sudah sejak jam xxxtimexxx tadi pulsa sudah masuk tetapi tidak bisa aktif ."", ""admin , kenapa saya tidak bisa sms ? saya mau konfirmasi pembelian paket selalu gagal smsnya dari tadi ."", ""sudah kak . sudah saya ganti ke xxxnumberxxx g , tapi tetap susah ."", ""pulsa saya berkurang xxxnumberxxx padahal tidak digunakan . saya mau beli paket jadi kurang , bagaimana ini ? xxxnumberxxx"", ""jb xxxphonexxx , sudah seminggu paket tidak sampai , padahal masih dalam jakarta . malah dikirim ke surabaya untuk apa ? jnt sistemnya seperti apa ?"", ""cek dm coba xxxuserxxx dari tadi komplain tidak ada respons , pulsa sudah terpotong kena tarik per kb .""]",False,10,2334,15,False,59,0.009226638,informal,0,0.9636515378952026,0.9557248950004578,0.986487865447998,1382.096872333009,True,0.0
google/gemma-3-4b-it,informal,formal,centroid,,yang terhormat indosat ini kenapa cek paketan isi voucher pakatan tidak bisa . tolong jawab . jangan jawab cuma hai hai hai kak terus,"admin, paket voucher saya kok nggak bisa isi ya? tolong jawab dong. jangan cuma bilang ""hai hai kak"" aja.",False,61,4200030,42,"[""selamat malam . mohon saya diberi informasi . paket saya sejak tanggal xxxnumberxxx tertahan dengan status itu dan belum terkirim sampai sekarang . ada apa ?"", ""sudah xxxnumberxxx hari , status belum juga berubah admin . tadi sudah telepon qc katanya cuma disuruh menunggu ."", ""sore admin . ini ada keluhan nomor saya , pulsa terpotong terus . padahal tidak berlangganan paket apapun . tolong diperiksa min + xxxnumberxxx xxxnumberxxx - xxxnumberxxx - xxxnumberxxx ."", ""grab paket hemat saya billingnya itu tanggal xxxnumberxxx juli xxxnumberxxx . sekarang sudah agustus mengapa subscribe - nya masih aktif ?"", ""dear indosat , saya mau isi paket , tetapi mengapa tidak bisa ya ? sudah sejak jam xxxtimexxx tadi pulsa sudah masuk tetapi tidak bisa aktif ."", ""admin , kenapa saya tidak bisa sms ? saya mau konfirmasi pembelian paket selalu gagal smsnya dari tadi ."", ""sudah kak . sudah saya ganti ke xxxnumberxxx g , tapi tetap susah ."", ""pulsa saya berkurang xxxnumberxxx padahal tidak digunakan . saya mau beli paket jadi kurang , bagaimana ini ? xxxnumberxxx"", ""jb xxxphonexxx , sudah seminggu paket tidak sampai , padahal masih dalam jakarta . malah dikirim ke surabaya untuk apa ? jnt sistemnya seperti apa ?"", ""cek dm coba xxxuserxxx dari tadi komplain tidak ada respons , pulsa sudah terpotong kena tarik per kb .""]",False,10,2407,27,True,105,0.010557271,informal,0,0.7099729776382446,0.7245343923568726,0.9381623864173889,120.66353180436369,False,0.0
google/gemma-3-4b-it,informal,formal,centroid,,"baik kak dewa , silakan cek dm kembali","admin, cek dm coba",False,63,4200031,42,"[""selamat malam . mohon saya diberi informasi . paket saya sejak tanggal xxxnumberxxx tertahan dengan status itu dan belum terkirim sampai sekarang . ada apa ?"", ""sudah xxxnumberxxx hari , status belum juga berubah admin . tadi sudah telepon qc katanya cuma disuruh menunggu ."", ""sore admin . ini ada keluhan nomor saya , pulsa terpotong terus . padahal tidak berlangganan paket apapun . tolong diperiksa min + xxxnumberxxx xxxnumberxxx - xxxnumberxxx - xxxnumberxxx ."", ""grab paket hemat saya billingnya itu tanggal xxxnumberxxx juli xxxnumberxxx . sekarang sudah agustus mengapa subscribe - nya masih aktif ?"", ""dear indosat , saya mau isi paket , tetapi mengapa tidak bisa ya ? sudah sejak jam xxxtimexxx tadi pulsa sudah masuk tetapi tidak bisa aktif ."", ""admin , kenapa saya tidak bisa sms ? saya mau konfirmasi pembelian paket selalu gagal smsnya dari tadi ."", ""sudah kak . sudah saya ganti ke xxxnumberxxx g , tapi tetap susah ."", ""pulsa saya berkurang xxxnumberxxx padahal tidak digunakan . saya mau beli paket jadi kurang , bagaimana ini ? xxxnumberxxx"", ""jb xxxphonexxx , sudah seminggu paket tidak sampai , padahal masih dalam jakarta . malah dikirim ke surabaya untuk apa ? jnt sistemnya seperti apa ?"", ""cek dm coba xxxuserxxx dari tadi komplain tidak ada respons , pulsa sudah terpotong kena tarik per kb .""]",False,10,2312,6,False,18,0.39150614,informal,0,0.7335202693939209,0.7240427732467651,0.9002440571784973,13806.12249258308,True,0.0
google/gemma-3-4b-it,informal,formal,centroid,,cobain aja pake xxxuserxxx di mbd wan,"admin, cobain aja pake xxxuserxxx di mbd wan",False,65,4200032,42,"[""selamat malam . mohon saya diberi informasi . paket saya sejak tanggal xxxnumberxxx tertahan dengan status itu dan belum terkirim sampai sekarang . ada apa ?"", ""sudah xxxnumberxxx hari , status belum juga berubah admin . tadi sudah telepon qc katanya cuma disuruh menunggu ."", ""sore admin . ini ada keluhan nomor saya , pulsa terpotong terus . padahal tidak berlangganan paket apapun . tolong diperiksa min + xxxnumberxxx xxxnumberxxx - xxxnumberxxx - xxxnumberxxx ."", ""grab paket hemat saya billingnya itu tanggal xxxnumberxxx juli xxxnumberxxx . sekarang sudah agustus mengapa subscribe - nya masih aktif ?"", ""dear indosat , saya mau isi paket , tetapi mengapa tidak bisa ya ? sudah sejak jam xxxtimexxx tadi pulsa sudah masuk tetapi tidak bisa aktif ."", ""admin , kenapa saya tidak bisa sms ? saya mau konfirmasi pembelian paket selalu gagal smsnya dari tadi ."", ""sudah kak . sudah saya ganti ke xxxnumberxxx g , tapi tetap susah ."", ""pulsa saya berkurang xxxnumberxxx padahal tidak digunakan . saya mau beli paket jadi kurang , bagaimana ini ? xxxnumberxxx"", ""jb xxxphonexxx , sudah seminggu paket tidak sampai , padahal masih dalam jakarta . malah dikirim ke surabaya untuk apa ? jnt sistemnya seperti apa ?"", ""cek dm coba xxxuserxxx dari tadi komplain tidak ada respons , pulsa sudah terpotong kena tarik per kb .""]",False,10,2311,14,False,44,0.0034469129,informal,0,0.901960551738739,0.8567968606948853,0.9765154123306274,3033.540258479507,True,0.0
google/gemma-3-4b-it,informal,formal,centroid,,"mohon maaf atas kesalahan penyebutan nama ibu novi . untuk email ibu akan kami tindaklanjuti , mohon kesediaanya menunggu . tks ~ toby","“admin, ini soal email ibu novi ya. udah ditelepon, mohon tunggu tindak lanjutnya ya. thanks ~ toby”",False,67,4200033,42,"[""selamat malam . mohon saya diberi informasi . paket saya sejak tanggal xxxnumberxxx tertahan dengan status itu dan belum terkirim sampai sekarang . ada apa ?"", ""sudah xxxnumberxxx hari , status belum juga berubah admin . tadi sudah telepon qc katanya cuma disuruh menunggu ."", ""sore admin . ini ada keluhan nomor saya , pulsa terpotong terus . padahal tidak berlangganan paket apapun . tolong diperiksa min + xxxnumberxxx xxxnumberxxx - xxxnumberxxx - xxxnumberxxx ."", ""grab paket hemat saya billingnya itu tanggal xxxnumberxxx juli xxxnumberxxx . sekarang sudah agustus mengapa subscribe - nya masih aktif ?"", ""dear indosat , saya mau isi paket , tetapi mengapa tidak bisa ya ? sudah sejak jam xxxtimexxx tadi pulsa sudah masuk tetapi tidak bisa aktif ."", ""admin , kenapa saya tidak bisa sms ? saya mau konfirmasi pembelian paket selalu gagal smsnya dari tadi ."", ""sudah kak . sudah saya ganti ke xxxnumberxxx g , tapi tetap susah ."", ""pulsa saya berkurang xxxnumberxxx padahal tidak digunakan . saya mau beli paket jadi kurang , bagaimana ini ? xxxnumberxxx"", ""jb xxxphonexxx , sudah seminggu paket tidak sampai , padahal masih dalam jakarta . malah dikirim ke surabaya untuk apa ? jnt sistemnya seperti apa ?"", ""cek dm coba xxxuserxxx dari tadi komplain tidak ada respons , pulsa sudah terpotong kena tarik per kb .""]",False,10,2408,29,True,100,0.009840834,informal,0,0.7955507040023804,0.6418955326080322,0.9232544898986816,203.57613019235902,False,0.0
google/gemma-3-4b-it,informal,formal,centroid,,opini yang mana ? memang rokok itu mengerikan dan membunuh . titik .,"“ini jelas banget ya, rokok itu berbahaya dan bikin sakit.”",False,69,4200034,42,"[""selamat malam . mohon saya diberi informasi . paket saya sejak tanggal xxxnumberxxx tertahan dengan status itu dan belum terkirim sampai sekarang . ada apa ?"", ""sudah xxxnumberxxx hari , status belum juga berubah admin . tadi sudah telepon qc katanya cuma disuruh menunggu ."", ""sore admin . ini ada keluhan nomor saya , pulsa terpotong terus . padahal tidak berlangganan paket apapun . tolong diperiksa min + xxxnumberxxx xxxnumberxxx - xxxnumberxxx - xxxnumberxxx ."", ""grab paket hemat saya billingnya itu tanggal xxxnumberxxx juli xxxnumberxxx . sekarang sudah agustus mengapa subscribe - nya masih aktif ?"", ""dear indosat , saya mau isi paket , tetapi mengapa tidak bisa ya ? sudah sejak jam xxxtimexxx tadi pulsa sudah masuk tetapi tidak bisa aktif ."", ""admin , kenapa saya tidak bisa sms ? saya mau konfirmasi pembelian paket selalu gagal smsnya dari tadi ."", ""sudah kak . sudah saya ganti ke xxxnumberxxx g , tapi tetap susah ."", ""pulsa saya berkurang xxxnumberxxx padahal tidak digunakan . saya mau beli paket jadi kurang , bagaimana ini ? xxxnumberxxx"", ""jb xxxphonexxx , sudah seminggu paket tidak sampai , padahal masih dalam jakarta . malah dikirim ke surabaya untuk apa ? jnt sistemnya seperti apa ?"", ""cek dm coba xxxuserxxx dari tadi komplain tidak ada respons , pulsa sudah terpotong kena tarik per kb .""]",False,10,2342,14,True,59,0.15555175,informal,0,0.7345621585845947,0.6599117517471313,0.8629883527755737,89.68359121418928,False,0.0
google/gemma-3-4b-it,informal,formal,centroid,,same power mau pesen go - clean kok ga ada ya ?,"admin , kok paket go - clean nya gak bisa di pesan ya ? udah dari tadi .",True,71,4200035,42,"[""selamat malam . mohon saya diberi informasi . paket saya sejak tanggal xxxnumberxxx tertahan dengan status itu dan belum terkirim sampai sekarang . ada apa ?"", ""sudah xxxnumberxxx hari , status belum juga berubah admin . tadi sudah telepon qc katanya cuma disuruh menunggu ."", ""sore admin . ini ada keluhan nomor saya , pulsa terpotong terus . padahal tidak berlangganan paket apapun . tolong diperiksa min + xxxnumberxxx xxxnumberxxx - xxxnumberxxx - xxxnumberxxx ."", ""grab paket hemat saya billingnya itu tanggal xxxnumberxxx juli xxxnumberxxx . sekarang sudah agustus mengapa subscribe - nya masih aktif ?"", ""dear indosat , saya mau isi paket , tetapi mengapa tidak bisa ya ? sudah sejak jam xxxtimexxx tadi pulsa sudah masuk tetapi tidak bisa aktif ."", ""admin , kenapa saya tidak bisa sms ? saya mau konfirmasi pembelian paket selalu gagal smsnya dari tadi ."", ""sudah kak . sudah saya ganti ke xxxnumberxxx g , tapi tetap susah ."", ""pulsa saya berkurang xxxnumberxxx padahal tidak digunakan . saya mau beli paket jadi kurang , bagaimana ini ? xxxnumberxxx"", ""jb xxxphonexxx , sudah seminggu paket tidak sampai , padahal masih dalam jakarta . malah dikirim ke surabaya untuk apa ? jnt sistemnya seperti apa ?"", ""cek dm coba xxxuserxxx dari tadi komplain tidak ada respons , pulsa sudah terpotong kena tarik per kb .""]",False,10,2321,19,True,72,0.010106035,informal,0,0.8094640374183655,0.5759925842285156,0.8980709314346313,339.38627085419523,False,0.0
google/gemma-3-4b-it,informal,formal,centroid,,"dari tadi susah nggak dapat driver , kenapa sih ? nyusahin ya nggak ada respon pula ditanya .","“dari tadi susah nih, nggak dapat driver, kenapa sih? bikin ribet, nggak ada respon pula kalau ditanya.”",False,73,4200036,42,"[""selamat malam . mohon saya diberi informasi . paket saya sejak tanggal xxxnumberxxx tertahan dengan status itu dan belum terkirim sampai sekarang . ada apa ?"", ""sudah xxxnumberxxx hari , status belum juga berubah admin . tadi sudah telepon qc katanya cuma disuruh menunggu ."", ""sore admin . ini ada keluhan nomor saya , pulsa terpotong terus . padahal tidak berlangganan paket apapun . tolong diperiksa min + xxxnumberxxx xxxnumberxxx - xxxnumberxxx - xxxnumberxxx ."", ""grab paket hemat saya billingnya itu tanggal xxxnumberxxx juli xxxnumberxxx . sekarang sudah agustus mengapa subscribe - nya masih aktif ?"", ""dear indosat , saya mau isi paket , tetapi mengapa tidak bisa ya ? sudah sejak jam xxxtimexxx tadi pulsa sudah masuk tetapi tidak bisa aktif ."", ""admin , kenapa saya tidak bisa sms ? saya mau konfirmasi pembelian paket selalu gagal smsnya dari tadi ."", ""sudah kak . sudah saya ganti ke xxxnumberxxx g , tapi tetap susah ."", ""pulsa saya berkurang xxxnumberxxx padahal tidak digunakan . saya mau beli paket jadi kurang , bagaimana ini ? xxxnumberxxx"", ""jb xxxphonexxx , sudah seminggu paket tidak sampai , padahal masih dalam jakarta . malah dikirim ke surabaya untuk apa ? jnt sistemnya seperti apa ?"", ""cek dm coba xxxuserxxx dari tadi komplain tidak ada respons , pulsa sudah terpotong kena tarik per kb .""]",False,10,2367,26,True,104,0.062000513,informal,0,0.8345485329627991,0.8360651135444641,0.9286142587661743,103.85754006655027,False,0.0
google/gemma-3-4b-it,informal,formal,centroid,,"malam , mohon infonya , apakah sedang ada gangguan di aplikasi mbanking bni ?","admin, kok aplikasi mbanking bni gak bisa ya? udah dari tadi nih.",False,75,4200037,42,"[""selamat malam . mohon saya diberi informasi . paket saya sejak tanggal xxxnumberxxx tertahan dengan status itu dan belum terkirim sampai sekarang . ada apa ?"", ""sudah xxxnumberxxx hari , status belum juga berubah admin . tadi sudah telepon qc katanya cuma disuruh menunggu ."", ""sore admin . ini ada keluhan nomor saya , pulsa terpotong terus . padahal tidak berlangganan paket apapun . tolong diperiksa min + xxxnumberxxx xxxnumberxxx - xxxnumberxxx - xxxnumberxxx ."", ""grab paket hemat saya billingnya itu tanggal xxxnumberxxx juli xxxnumberxxx . sekarang sudah agustus mengapa subscribe - nya masih aktif ?"", ""dear indosat , saya mau isi paket , tetapi mengapa tidak bisa ya ? sudah sejak jam xxxtimexxx tadi pulsa sudah masuk tetapi tidak bisa aktif ."", ""admin , kenapa saya tidak bisa sms ? saya mau konfirmasi pembelian paket selalu gagal smsnya dari tadi ."", ""sudah kak . sudah saya ganti ke xxxnumberxxx g , tapi tetap susah ."", ""pulsa saya berkurang xxxnumberxxx padahal tidak digunakan . saya mau beli paket jadi kurang , bagaimana ini ? xxxnumberxxx"", ""jb xxxphonexxx , sudah seminggu paket tidak sampai , padahal masih dalam jakarta . malah dikirim ke surabaya untuk apa ? jnt sistemnya seperti apa ?"", ""cek dm coba xxxuserxxx dari tadi komplain tidak ada respons , pulsa sudah terpotong kena tarik per kb .""]",False,10,2351,18,True,65,0.0041268994,informal,0,0.7379958033561707,0.5319701433181763,0.9042304158210754,106.6949014735611,False,0.0
google/gemma-3-4b-it,informal,formal,centroid,,"min , mohon bantuannya . tolong cek dm saya , terima kasih","admin, tolong cek dm saya ya, makasih.",False,77,4200038,42,"[""selamat malam . mohon saya diberi informasi . paket saya sejak tanggal xxxnumberxxx tertahan dengan status itu dan belum terkirim sampai sekarang . ada apa ?"", ""sudah xxxnumberxxx hari , status belum juga berubah admin . tadi sudah telepon qc katanya cuma disuruh menunggu ."", ""sore admin . ini ada keluhan nomor saya , pulsa terpotong terus . padahal tidak berlangganan paket apapun . tolong diperiksa min + xxxnumberxxx xxxnumberxxx - xxxnumberxxx - xxxnumberxxx ."", ""grab paket hemat saya billingnya itu tanggal xxxnumberxxx juli xxxnumberxxx . sekarang sudah agustus mengapa subscribe - nya masih aktif ?"", ""dear indosat , saya mau isi paket , tetapi mengapa tidak bisa ya ? sudah sejak jam xxxtimexxx tadi pulsa sudah masuk tetapi tidak bisa aktif ."", ""admin , kenapa saya tidak bisa sms ? saya mau konfirmasi pembelian paket selalu gagal smsnya dari tadi ."", ""sudah kak . sudah saya ganti ke xxxnumberxxx g , tapi tetap susah ."", ""pulsa saya berkurang xxxnumberxxx padahal tidak digunakan . saya mau beli paket jadi kurang , bagaimana ini ? xxxnumberxxx"", ""jb xxxphonexxx , sudah seminggu paket tidak sampai , padahal masih dalam jakarta . malah dikirim ke surabaya untuk apa ? jnt sistemnya seperti apa ?"", ""cek dm coba xxxuserxxx dari tadi komplain tidak ada respons , pulsa sudah terpotong kena tarik per kb .""]",False,10,2332,13,True,38,0.045185834,informal,0,0.7958650588989258,0.800675094127655,0.9373751878738403,95.13799048712802,False,0.0
google/gemma-3-4b-it,informal,formal,centroid,,"berkat dana xxxuserxxx dong , beli pulsa total xxxnumberxxx bayarnya cukup xxxnumberxxx . pulsa xxxnumberxxx langsung aku pake buat beli paket data tsel xxxnumberxxx gb .","“thanks banget sumbangan xxxuserxxx, buat beli pulsa total xxxnumberxxx, udah cukup xxxnumberxxx. pulsa xxxnumberxxx langsung gue pake buat beli paket data Tsel xxxnumberxxx gb.”",False,79,4200039,42,"[""selamat malam . mohon saya diberi informasi . paket saya sejak tanggal xxxnumberxxx tertahan dengan status itu dan belum terkirim sampai sekarang . ada apa ?"", ""sudah xxxnumberxxx hari , status belum juga berubah admin . tadi sudah telepon qc katanya cuma disuruh menunggu ."", ""sore admin . ini ada keluhan nomor saya , pulsa terpotong terus . padahal tidak berlangganan paket apapun . tolong diperiksa min + xxxnumberxxx xxxnumberxxx - xxxnumberxxx - xxxnumberxxx ."", ""grab paket hemat saya billingnya itu tanggal xxxnumberxxx juli xxxnumberxxx . sekarang sudah agustus mengapa subscribe - nya masih aktif ?"", ""dear indosat , saya mau isi paket , tetapi mengapa tidak bisa ya ? sudah sejak jam xxxtimexxx tadi pulsa sudah masuk tetapi tidak bisa aktif ."", ""admin , kenapa saya tidak bisa sms ? saya mau konfirmasi pembelian paket selalu gagal smsnya dari tadi ."", ""sudah kak . sudah saya ganti ke xxxnumberxxx g , tapi tetap susah ."", ""pulsa saya berkurang xxxnumberxxx padahal tidak digunakan . saya mau beli paket jadi kurang , bagaimana ini ? xxxnumberxxx"", ""jb xxxphonexxx , sudah seminggu paket tidak sampai , padahal masih dalam jakarta . malah dikirim ke surabaya untuk apa ? jnt sistemnya seperti apa ?"", ""cek dm coba xxxuserxxx dari tadi komplain tidak ada respons , pulsa sudah terpotong kena tarik per kb .""]",False,10,2444,43,True,178,0.020776223,informal,0,0.8841699361801147,0.8898203372955322,0.959135890007019,107.92319852599339,False,0.0
google/gemma-3-4b-it,informal,formal,centroid,,apakah paketan bhyplastic saya akan di lanjut otomatis apabila telah isi pulsa,"“Paket bhyplastic saya, kalau isi pulsa nanti lanjut otomatis nggak ya?”",False,81,4200040,42,"[""selamat malam . mohon saya diberi informasi . paket saya sejak tanggal xxxnumberxxx tertahan dengan status itu dan belum terkirim sampai sekarang . ada apa ?"", ""sudah xxxnumberxxx hari , status belum juga berubah admin . tadi sudah telepon qc katanya cuma disuruh menunggu ."", ""sore admin . ini ada keluhan nomor saya , pulsa terpotong terus . padahal tidak berlangganan paket apapun . tolong diperiksa min + xxxnumberxxx xxxnumberxxx - xxxnumberxxx - xxxnumberxxx ."", ""grab paket hemat saya billingnya itu tanggal xxxnumberxxx juli xxxnumberxxx . sekarang sudah agustus mengapa subscribe - nya masih aktif ?"", ""dear indosat , saya mau isi paket , tetapi mengapa tidak bisa ya ? sudah sejak jam xxxtimexxx tadi pulsa sudah masuk tetapi tidak bisa aktif ."", ""admin , kenapa saya tidak bisa sms ? saya mau konfirmasi pembelian paket selalu gagal smsnya dari tadi ."", ""sudah kak . sudah saya ganti ke xxxnumberxxx g , tapi tetap susah ."", ""pulsa saya berkurang xxxnumberxxx padahal tidak digunakan . saya mau beli paket jadi kurang , bagaimana ini ? xxxnumberxxx"", ""jb xxxphonexxx , sudah seminggu paket tidak sampai , padahal masih dalam jakarta . malah dikirim ke surabaya untuk apa ? jnt sistemnya seperti apa ?"", ""cek dm coba xxxuserxxx dari tadi komplain tidak ada respons , pulsa sudah terpotong kena tarik per kb .""]",False,10,2352,17,True,72,0.034826733,informal,0,0.7983195185661316,0.8639631867408752,0.949705958366394,1545.1561451133648,True,0.0
google/gemma-3-4b-it,informal,formal,centroid,,kalo chips ny rusak emang masih bisa di isi saldo ? masih bisa ke detect pas cek sisa saldo ?,"“chipnya rusak, bisa diisi saldo nggak ya? masih bisa dicek sisa saldo juga pas chipnya?”",False,83,4200041,42,"[""selamat malam . mohon saya diberi informasi . paket saya sejak tanggal xxxnumberxxx tertahan dengan status itu dan belum terkirim sampai sekarang . ada apa ?"", ""sudah xxxnumberxxx hari , status belum juga berubah admin . tadi sudah telepon qc katanya cuma disuruh menunggu ."", ""sore admin . ini ada keluhan nomor saya , pulsa terpotong terus . padahal tidak berlangganan paket apapun . tolong diperiksa min + xxxnumberxxx xxxnumberxxx - xxxnumberxxx - xxxnumberxxx ."", ""grab paket hemat saya billingnya itu tanggal xxxnumberxxx juli xxxnumberxxx . sekarang sudah agustus mengapa subscribe - nya masih aktif ?"", ""dear indosat , saya mau isi paket , tetapi mengapa tidak bisa ya ? sudah sejak jam xxxtimexxx tadi pulsa sudah masuk tetapi tidak bisa aktif ."", ""admin , kenapa saya tidak bisa sms ? saya mau konfirmasi pembelian paket selalu gagal smsnya dari tadi ."", ""sudah kak . sudah saya ganti ke xxxnumberxxx g , tapi tetap susah ."", ""pulsa saya berkurang xxxnumberxxx padahal tidak digunakan . saya mau beli paket jadi kurang , bagaimana ini ? xxxnumberxxx"", ""jb xxxphonexxx , sudah seminggu paket tidak sampai , padahal masih dalam jakarta . malah dikirim ke surabaya untuk apa ? jnt sistemnya seperti apa ?"", ""cek dm coba xxxuserxxx dari tadi komplain tidak ada respons , pulsa sudah terpotong kena tarik per kb .""]",False,10,2367,23,True,89,0.015212976,informal,0,0.7866369485855103,0.8245804905891418,0.9203252196311951,178.38816322091643,False,0.0
google/gemma-3-4b-it,informal,formal,centroid,,"hi , mohon maaf atas ketidaknyamananya . kamu bisa message nomor dan pertanyaan terkait melalui twitter xxxuserxxx agar dapat dibantu ditindaklanjuti . semoga cukup membantu , terima kasih","“halo , mohon bantuannya . mau tanya lewat twitter @xxxuserxxx ya , biar bisa ditindaklanjuti . semoga membantu , terima kasih”",False,85,4200042,42,"[""selamat malam . mohon saya diberi informasi . paket saya sejak tanggal xxxnumberxxx tertahan dengan status itu dan belum terkirim sampai sekarang . ada apa ?"", ""sudah xxxnumberxxx hari , status belum juga berubah admin . tadi sudah telepon qc katanya cuma disuruh menunggu ."", ""sore admin . ini ada keluhan nomor saya , pulsa terpotong terus . padahal tidak berlangganan paket apapun . tolong diperiksa min + xxxnumberxxx xxxnumberxxx - xxxnumberxxx - xxxnumberxxx ."", ""grab paket hemat saya billingnya itu tanggal xxxnumberxxx juli xxxnumberxxx . sekarang sudah agustus mengapa subscribe - nya masih aktif ?"", ""dear indosat , saya mau isi paket , tetapi mengapa tidak bisa ya ? sudah sejak jam xxxtimexxx tadi pulsa sudah masuk tetapi tidak bisa aktif ."", ""admin , kenapa saya tidak bisa sms ? saya mau konfirmasi pembelian paket selalu gagal smsnya dari tadi ."", ""sudah kak . sudah saya ganti ke xxxnumberxxx g , tapi tetap susah ."", ""pulsa saya berkurang xxxnumberxxx padahal tidak digunakan . saya mau beli paket jadi kurang , bagaimana ini ? xxxnumberxxx"", ""jb xxxphonexxx , sudah seminggu paket tidak sampai , padahal masih dalam jakarta . malah dikirim ke surabaya untuk apa ? jnt sistemnya seperti apa ?"", ""cek dm coba xxxuserxxx dari tadi komplain tidak ada respons , pulsa sudah terpotong kena tarik per kb .""]",False,10,2462,33,True,127,0.24288277,informal,0,0.81402587890625,0.766444981098175,0.9324005842208862,54.80196251083269,False,0.0
google/gemma-3-4b-it,informal,formal,centroid,,bagaimana cara menghapus akun gojek ? trims,"“cara ngapus akun gojek dong min , thanks.”",False,87,4200043,42,"[""selamat malam . mohon saya diberi informasi . paket saya sejak tanggal xxxnumberxxx tertahan dengan status itu dan belum terkirim sampai sekarang . ada apa ?"", ""sudah xxxnumberxxx hari , status belum juga berubah admin . tadi sudah telepon qc katanya cuma disuruh menunggu ."", ""sore admin . ini ada keluhan nomor saya , pulsa terpotong terus . padahal tidak berlangganan paket apapun . tolong diperiksa min + xxxnumberxxx xxxnumberxxx - xxxnumberxxx - xxxnumberxxx ."", ""grab paket hemat saya billingnya itu tanggal xxxnumberxxx juli xxxnumberxxx . sekarang sudah agustus mengapa subscribe - nya masih aktif ?"", ""dear indosat , saya mau isi paket , tetapi mengapa tidak bisa ya ? sudah sejak jam xxxtimexxx tadi pulsa sudah masuk tetapi tidak bisa aktif ."", ""admin , kenapa saya tidak bisa sms ? saya mau konfirmasi pembelian paket selalu gagal smsnya dari tadi ."", ""sudah kak . sudah saya ganti ke xxxnumberxxx g , tapi tetap susah ."", ""pulsa saya berkurang xxxnumberxxx padahal tidak digunakan . saya mau beli paket jadi kurang , bagaimana ini ? xxxnumberxxx"", ""jb xxxphonexxx , sudah seminggu paket tidak sampai , padahal masih dalam jakarta . malah dikirim ke surabaya untuk apa ? jnt sistemnya seperti apa ?"", ""cek dm coba xxxuserxxx dari tadi komplain tidak ada respons , pulsa sudah terpotong kena tarik per kb .""]",False,10,2317,14,True,43,0.002324916,informal,0,0.7123680114746094,0.7160786986351013,0.9086908102035522,218.4995765812841,False,0.0
google/gemma-3-4b-it,informal,formal,centroid,,jaringan di kota malang gari ini melambat,“Jaringan di Malang lagi lemot nih.”,False,89,4200044,42,"[""selamat malam . mohon saya diberi informasi . paket saya sejak tanggal xxxnumberxxx tertahan dengan status itu dan belum terkirim sampai sekarang . ada apa ?"", ""sudah xxxnumberxxx hari , status belum juga berubah admin . tadi sudah telepon qc katanya cuma disuruh menunggu ."", ""sore admin . ini ada keluhan nomor saya , pulsa terpotong terus . padahal tidak berlangganan paket apapun . tolong diperiksa min + xxxnumberxxx xxxnumberxxx - xxxnumberxxx - xxxnumberxxx ."", ""grab paket hemat saya billingnya itu tanggal xxxnumberxxx juli xxxnumberxxx . sekarang sudah agustus mengapa subscribe - nya masih aktif ?"", ""dear indosat , saya mau isi paket , tetapi mengapa tidak bisa ya ? sudah sejak jam xxxtimexxx tadi pulsa sudah masuk tetapi tidak bisa aktif ."", ""admin , kenapa saya tidak bisa sms ? saya mau konfirmasi pembelian paket selalu gagal smsnya dari tadi ."", ""sudah kak . sudah saya ganti ke xxxnumberxxx g , tapi tetap susah ."", ""pulsa saya berkurang xxxnumberxxx padahal tidak digunakan . saya mau beli paket jadi kurang , bagaimana ini ? xxxnumberxxx"", ""jb xxxphonexxx , sudah seminggu paket tidak sampai , padahal masih dalam jakarta . malah dikirim ke surabaya untuk apa ? jnt sistemnya seperti apa ?"", ""cek dm coba xxxuserxxx dari tadi komplain tidak ada respons , pulsa sudah terpotong kena tarik per kb .""]",False,10,2315,11,True,36,0.023535768,informal,0,0.709896445274353,0.6283330917358398,0.8864348530769348,195.68653218252564,False,0.0
google/gemma-3-4b-it,informal,formal,centroid,,"min koneksi internet indosat disetiap malam akhir2 ini jeleknya kelewatan , mohon untuk segera tindaklanjuti permasalahan ini krn sangat merugikan kami sbg pengguna .","admin, koneksi internet indosat akhir-akhir ini sering bekkkk, bener-bener susah. mohon segera tindaklanjuti masalah ini, krn sangat merugikan kami sebagai pengguna.",False,91,4200045,42,"[""selamat malam . mohon saya diberi informasi . paket saya sejak tanggal xxxnumberxxx tertahan dengan status itu dan belum terkirim sampai sekarang . ada apa ?"", ""sudah xxxnumberxxx hari , status belum juga berubah admin . tadi sudah telepon qc katanya cuma disuruh menunggu ."", ""sore admin . ini ada keluhan nomor saya , pulsa terpotong terus . padahal tidak berlangganan paket apapun . tolong diperiksa min + xxxnumberxxx xxxnumberxxx - xxxnumberxxx - xxxnumberxxx ."", ""grab paket hemat saya billingnya itu tanggal xxxnumberxxx juli xxxnumberxxx . sekarang sudah agustus mengapa subscribe - nya masih aktif ?"", ""dear indosat , saya mau isi paket , tetapi mengapa tidak bisa ya ? sudah sejak jam xxxtimexxx tadi pulsa sudah masuk tetapi tidak bisa aktif ."", ""admin , kenapa saya tidak bisa sms ? saya mau konfirmasi pembelian paket selalu gagal smsnya dari tadi ."", ""sudah kak . sudah saya ganti ke xxxnumberxxx g , tapi tetap susah ."", ""pulsa saya berkurang xxxnumberxxx padahal tidak digunakan . saya mau beli paket jadi kurang , bagaimana ini ? xxxnumberxxx"", ""jb xxxphonexxx , sudah seminggu paket tidak sampai , padahal masih dalam jakarta . malah dikirim ke surabaya untuk apa ? jnt sistemnya seperti apa ?"", ""cek dm coba xxxuserxxx dari tadi komplain tidak ada respons , pulsa sudah terpotong kena tarik per kb .""]",False,10,2440,43,True,165,0.02851274,informal,0,0.7995388507843018,0.8266443014144897,0.963123083114624,42.188249045714834,False,0.0
google/gemma-3-4b-it,informal,formal,centroid,,min boleh tau detail dan harha paket yg xxxnumberxxx bulan ?,"admin, mau tanya detail dan harga paket yang xxxnumberxxx bulan, dong.",False,93,4200046,42,"[""selamat malam . mohon saya diberi informasi . paket saya sejak tanggal xxxnumberxxx tertahan dengan status itu dan belum terkirim sampai sekarang . ada apa ?"", ""sudah xxxnumberxxx hari , status belum juga berubah admin . tadi sudah telepon qc katanya cuma disuruh menunggu ."", ""sore admin . ini ada keluhan nomor saya , pulsa terpotong terus . padahal tidak berlangganan paket apapun . tolong diperiksa min + xxxnumberxxx xxxnumberxxx - xxxnumberxxx - xxxnumberxxx ."", ""grab paket hemat saya billingnya itu tanggal xxxnumberxxx juli xxxnumberxxx . sekarang sudah agustus mengapa subscribe - nya masih aktif ?"", ""dear indosat , saya mau isi paket , tetapi mengapa tidak bisa ya ? sudah sejak jam xxxtimexxx tadi pulsa sudah masuk tetapi tidak bisa aktif ."", ""admin , kenapa saya tidak bisa sms ? saya mau konfirmasi pembelian paket selalu gagal smsnya dari tadi ."", ""sudah kak . sudah saya ganti ke xxxnumberxxx g , tapi tetap susah ."", ""pulsa saya berkurang xxxnumberxxx padahal tidak digunakan . saya mau beli paket jadi kurang , bagaimana ini ? xxxnumberxxx"", ""jb xxxphonexxx , sudah seminggu paket tidak sampai , padahal masih dalam jakarta . malah dikirim ke surabaya untuk apa ? jnt sistemnya seperti apa ?"", ""cek dm coba xxxuserxxx dari tadi komplain tidak ada respons , pulsa sudah terpotong kena tarik per kb .""]",False,10,2334,17,True,70,0.2925668,informal,0,0.8213586211204529,0.7704468965530396,0.9112159013748169,843.3064682420172,False,0.0
google/gemma-3-4b-it,informal,formal,centroid,,balikin pulsa gw ! kesedot mulu arkhh,"admin, pulsa saya kesedot terus, argh!",False,95,4200047,42,"[""selamat malam . mohon saya diberi informasi . paket saya sejak tanggal xxxnumberxxx tertahan dengan status itu dan belum terkirim sampai sekarang . ada apa ?"", ""sudah xxxnumberxxx hari , status belum juga berubah admin . tadi sudah telepon qc katanya cuma disuruh menunggu ."", ""sore admin . ini ada keluhan nomor saya , pulsa terpotong terus . padahal tidak berlangganan paket apapun . tolong diperiksa min + xxxnumberxxx xxxnumberxxx - xxxnumberxxx - xxxnumberxxx ."", ""grab paket hemat saya billingnya itu tanggal xxxnumberxxx juli xxxnumberxxx . sekarang sudah agustus mengapa subscribe - nya masih aktif ?"", ""dear indosat , saya mau isi paket , tetapi mengapa tidak bisa ya ? sudah sejak jam xxxtimexxx tadi pulsa sudah masuk tetapi tidak bisa aktif ."", ""admin , kenapa saya tidak bisa sms ? saya mau konfirmasi pembelian paket selalu gagal smsnya dari tadi ."", ""sudah kak . sudah saya ganti ke xxxnumberxxx g , tapi tetap susah ."", ""pulsa saya berkurang xxxnumberxxx padahal tidak digunakan . saya mau beli paket jadi kurang , bagaimana ini ? xxxnumberxxx"", ""jb xxxphonexxx , sudah seminggu paket tidak sampai , padahal masih dalam jakarta . malah dikirim ke surabaya untuk apa ? jnt sistemnya seperti apa ?"", ""cek dm coba xxxuserxxx dari tadi komplain tidak ada respons , pulsa sudah terpotong kena tarik per kb .""]",False,10,2311,13,True,38,0.90038556,formal,1,0.7614117860794067,0.5856186151504517,0.9065064191818237,483.1745425946529,False,0.0
google/gemma-3-4b-it,informal,formal,centroid,,ga sampai kok min aku tau mbaknya nipu,"""pulsa saya berkurang xxxnumberxxx, kok min? saya tahu kok ini tipuan.""",False,97,4200048,42,"[""selamat malam . mohon saya diberi informasi . paket saya sejak tanggal xxxnumberxxx tertahan dengan status itu dan belum terkirim sampai sekarang . ada apa ?"", ""sudah xxxnumberxxx hari , status belum juga berubah admin . tadi sudah telepon qc katanya cuma disuruh menunggu ."", ""sore admin . ini ada keluhan nomor saya , pulsa terpotong terus . padahal tidak berlangganan paket apapun . tolong diperiksa min + xxxnumberxxx xxxnumberxxx - xxxnumberxxx - xxxnumberxxx ."", ""grab paket hemat saya billingnya itu tanggal xxxnumberxxx juli xxxnumberxxx . sekarang sudah agustus mengapa subscribe - nya masih aktif ?"", ""dear indosat , saya mau isi paket , tetapi mengapa tidak bisa ya ? sudah sejak jam xxxtimexxx tadi pulsa sudah masuk tetapi tidak bisa aktif ."", ""admin , kenapa saya tidak bisa sms ? saya mau konfirmasi pembelian paket selalu gagal smsnya dari tadi ."", ""sudah kak . sudah saya ganti ke xxxnumberxxx g , tapi tetap susah ."", ""pulsa saya berkurang xxxnumberxxx padahal tidak digunakan . saya mau beli paket jadi kurang , bagaimana ini ? xxxnumberxxx"", ""jb xxxphonexxx , sudah seminggu paket tidak sampai , padahal masih dalam jakarta . malah dikirim ke surabaya untuk apa ? jnt sistemnya seperti apa ?"", ""cek dm coba xxxuserxxx dari tadi komplain tidak ada respons , pulsa sudah terpotong kena tarik per kb .""]",False,10,2312,22,True,71,0.06302792,informal,0,0.26869580149650574,0.422037273645401,0.8422753810882568,218.17974315234173,False,0.0
google/gemma-3-4b-it,informal,formal,centroid,,slamat malam admin . saya masang paket malam dan paket nya aktif pas saya menghidup kan data knpa pulsa saya hilang ?,"selamat malam admin . saya masang paket malam dan paketnya aktif pas saya menghidupkan data, kenapa pulsa saya hilang?",False,99,4200049,42,"[""selamat malam . mohon saya diberi informasi . paket saya sejak tanggal xxxnumberxxx tertahan dengan status itu dan belum terkirim sampai sekarang . ada apa ?"", ""sudah xxxnumberxxx hari , status belum juga berubah admin . tadi sudah telepon qc katanya cuma disuruh menunggu ."", ""sore admin . ini ada keluhan nomor saya , pulsa terpotong terus . padahal tidak berlangganan paket apapun . tolong diperiksa min + xxxnumberxxx xxxnumberxxx - xxxnumberxxx - xxxnumberxxx ."", ""grab paket hemat saya billingnya itu tanggal xxxnumberxxx juli xxxnumberxxx . sekarang sudah agustus mengapa subscribe - nya masih aktif ?"", ""dear indosat , saya mau isi paket , tetapi mengapa tidak bisa ya ? sudah sejak jam xxxtimexxx tadi pulsa sudah masuk tetapi tidak bisa aktif ."", ""admin , kenapa saya tidak bisa sms ? saya mau konfirmasi pembelian paket selalu gagal smsnya dari tadi ."", ""sudah kak . sudah saya ganti ke xxxnumberxxx g , tapi tetap susah ."", ""pulsa saya berkurang xxxnumberxxx padahal tidak digunakan . saya mau beli paket jadi kurang , bagaimana ini ? xxxnumberxxx"", ""jb xxxphonexxx , sudah seminggu paket tidak sampai , padahal masih dalam jakarta . malah dikirim ke surabaya untuk apa ? jnt sistemnya seperti apa ?"", ""cek dm coba xxxuserxxx dari tadi komplain tidak ada respons , pulsa sudah terpotong kena tarik per kb .""]",False,10,2391,28,True,118,0.19528104,informal,0,0.921174168586731,0.9503631591796875,0.983859658241272,178.3656231872726,False,0.0
google/gemma-3-4b-it,informal,formal,centroid,,kok malah tambah lemot jaringan saya,"admin , kenapa jaringan saya kok malah lemot ya?",False,101,4200050,42,"[""selamat malam . mohon saya diberi informasi . paket saya sejak tanggal xxxnumberxxx tertahan dengan status itu dan belum terkirim sampai sekarang . ada apa ?"", ""sudah xxxnumberxxx hari , status belum juga berubah admin . tadi sudah telepon qc katanya cuma disuruh menunggu ."", ""sore admin . ini ada keluhan nomor saya , pulsa terpotong terus . padahal tidak berlangganan paket apapun . tolong diperiksa min + xxxnumberxxx xxxnumberxxx - xxxnumberxxx - xxxnumberxxx ."", ""grab paket hemat saya billingnya itu tanggal xxxnumberxxx juli xxxnumberxxx . sekarang sudah agustus mengapa subscribe - nya masih aktif ?"", ""dear indosat , saya mau isi paket , tetapi mengapa tidak bisa ya ? sudah sejak jam xxxtimexxx tadi pulsa sudah masuk tetapi tidak bisa aktif ."", ""admin , kenapa saya tidak bisa sms ? saya mau konfirmasi pembelian paket selalu gagal smsnya dari tadi ."", ""sudah kak . sudah saya ganti ke xxxnumberxxx g , tapi tetap susah ."", ""pulsa saya berkurang xxxnumberxxx padahal tidak digunakan . saya mau beli paket jadi kurang , bagaimana ini ? xxxnumberxxx"", ""jb xxxphonexxx , sudah seminggu paket tidak sampai , padahal masih dalam jakarta . malah dikirim ke surabaya untuk apa ? jnt sistemnya seperti apa ?"", ""cek dm coba xxxuserxxx dari tadi komplain tidak ada respons , pulsa sudah terpotong kena tarik per kb .""]",False,10,2310,12,True,48,0.021739515,informal,0,0.9002783298492432,0.7182542085647583,0.9142003059387207,355.5843909017756,False,0.0
google/gemma-3-4b-it,informal,formal,centroid,,"min pembelian token pln apa ada kendala , ini blm masuk udah xxxnumberxxx jam lebih ?","min pembelian token pln apa ada kendala , ini blm masuk udah +xxxnumberxxx jam lebih?",False,103,4200051,42,"[""selamat malam . mohon saya diberi informasi . paket saya sejak tanggal xxxnumberxxx tertahan dengan status itu dan belum terkirim sampai sekarang . ada apa ?"", ""sudah xxxnumberxxx hari , status belum juga berubah admin . tadi sudah telepon qc katanya cuma disuruh menunggu ."", ""sore admin . ini ada keluhan nomor saya , pulsa terpotong terus . padahal tidak berlangganan paket apapun . tolong diperiksa min + xxxnumberxxx xxxnumberxxx - xxxnumberxxx - xxxnumberxxx ."", ""grab paket hemat saya billingnya itu tanggal xxxnumberxxx juli xxxnumberxxx . sekarang sudah agustus mengapa subscribe - nya masih aktif ?"", ""dear indosat , saya mau isi paket , tetapi mengapa tidak bisa ya ? sudah sejak jam xxxtimexxx tadi pulsa sudah masuk tetapi tidak bisa aktif ."", ""admin , kenapa saya tidak bisa sms ? saya mau konfirmasi pembelian paket selalu gagal smsnya dari tadi ."", ""sudah kak . sudah saya ganti ke xxxnumberxxx g , tapi tetap susah ."", ""pulsa saya berkurang xxxnumberxxx padahal tidak digunakan . saya mau beli paket jadi kurang , bagaimana ini ? xxxnumberxxx"", ""jb xxxphonexxx , sudah seminggu paket tidak sampai , padahal masih dalam jakarta . malah dikirim ke surabaya untuk apa ? jnt sistemnya seperti apa ?"", ""cek dm coba xxxuserxxx dari tadi komplain tidak ada respons , pulsa sudah terpotong kena tarik per kb .""]",False,10,2359,23,True,85,0.0014497858,informal,0,0.9761105179786682,0.9861026406288147,0.9931847453117371,1706.864482012891,True,0.0
google/gemma-3-4b-it,informal,formal,centroid,,udah udah sampe mana ya ? masa ke bintara aja ga sampe ? ( tolong follow up,"admin, sudah seminggu paket saya belum sampai ke Bintara, kok? Tolong di-follow up ya.",False,105,4200052,42,"[""selamat malam . mohon saya diberi informasi . paket saya sejak tanggal xxxnumberxxx tertahan dengan status itu dan belum terkirim sampai sekarang . ada apa ?"", ""sudah xxxnumberxxx hari , status belum juga berubah admin . tadi sudah telepon qc katanya cuma disuruh menunggu ."", ""sore admin . ini ada keluhan nomor saya , pulsa terpotong terus . padahal tidak berlangganan paket apapun . tolong diperiksa min + xxxnumberxxx xxxnumberxxx - xxxnumberxxx - xxxnumberxxx ."", ""grab paket hemat saya billingnya itu tanggal xxxnumberxxx juli xxxnumberxxx . sekarang sudah agustus mengapa subscribe - nya masih aktif ?"", ""dear indosat , saya mau isi paket , tetapi mengapa tidak bisa ya ? sudah sejak jam xxxtimexxx tadi pulsa sudah masuk tetapi tidak bisa aktif ."", ""admin , kenapa saya tidak bisa sms ? saya mau konfirmasi pembelian paket selalu gagal smsnya dari tadi ."", ""sudah kak . sudah saya ganti ke xxxnumberxxx g , tapi tetap susah ."", ""pulsa saya berkurang xxxnumberxxx padahal tidak digunakan . saya mau beli paket jadi kurang , bagaimana ini ? xxxnumberxxx"", ""jb xxxphonexxx , sudah seminggu paket tidak sampai , padahal masih dalam jakarta . malah dikirim ke surabaya untuk apa ? jnt sistemnya seperti apa ?"", ""cek dm coba xxxuserxxx dari tadi komplain tidak ada respons , pulsa sudah terpotong kena tarik per kb .""]",False,10,2349,26,True,86,0.12372941,informal,0,0.7574254274368286,0.49109792709350586,0.8804205060005188,49.527487037502034,False,0.0
google/gemma-3-4b-it,informal,formal,centroid,,jaringan xxxuserxxx tertutup kabut gak bisa konek,"admin, jaringan saya kok gak bisa konek ya? udah xxxnumberxxx",False,107,4200053,42,"[""selamat malam . mohon saya diberi informasi . paket saya sejak tanggal xxxnumberxxx tertahan dengan status itu dan belum terkirim sampai sekarang . ada apa ?"", ""sudah xxxnumberxxx hari , status belum juga berubah admin . tadi sudah telepon qc katanya cuma disuruh menunggu ."", ""sore admin . ini ada keluhan nomor saya , pulsa terpotong terus . padahal tidak berlangganan paket apapun . tolong diperiksa min + xxxnumberxxx xxxnumberxxx - xxxnumberxxx - xxxnumberxxx ."", ""grab paket hemat saya billingnya itu tanggal xxxnumberxxx juli xxxnumberxxx . sekarang sudah agustus mengapa subscribe - nya masih aktif ?"", ""dear indosat , saya mau isi paket , tetapi mengapa tidak bisa ya ? sudah sejak jam xxxtimexxx tadi pulsa sudah masuk tetapi tidak bisa aktif ."", ""admin , kenapa saya tidak bisa sms ? saya mau konfirmasi pembelian paket selalu gagal smsnya dari tadi ."", ""sudah kak . sudah saya ganti ke xxxnumberxxx g , tapi tetap susah ."", ""pulsa saya berkurang xxxnumberxxx padahal tidak digunakan . saya mau beli paket jadi kurang , bagaimana ini ? xxxnumberxxx"", ""jb xxxphonexxx , sudah seminggu paket tidak sampai , padahal masih dalam jakarta . malah dikirim ke surabaya untuk apa ? jnt sistemnya seperti apa ?"", ""cek dm coba xxxuserxxx dari tadi komplain tidak ada respons , pulsa sudah terpotong kena tarik per kb .""]",False,10,2323,16,False,61,0.0032097646,informal,0,0.7128459215164185,0.6659115552902222,0.9047224521636963,1068.556926248116,True,0.0
google/gemma-3-4b-it,informal,formal,centroid,,tuh min xxxuserxxx perlu dicontoh nih anak baik yang bekelnya selalu habis !,"“admin, kok pulsa saya terus berkurang padahal nggak dipake? kayaknya ada yang salah nih, udah kayak anak baik yang bekelnya selalu habis!”",False,109,4200054,42,"[""selamat malam . mohon saya diberi informasi . paket saya sejak tanggal xxxnumberxxx tertahan dengan status itu dan belum terkirim sampai sekarang . ada apa ?"", ""sudah xxxnumberxxx hari , status belum juga berubah admin . tadi sudah telepon qc katanya cuma disuruh menunggu ."", ""sore admin . ini ada keluhan nomor saya , pulsa terpotong terus . padahal tidak berlangganan paket apapun . tolong diperiksa min + xxxnumberxxx xxxnumberxxx - xxxnumberxxx - xxxnumberxxx ."", ""grab paket hemat saya billingnya itu tanggal xxxnumberxxx juli xxxnumberxxx . sekarang sudah agustus mengapa subscribe - nya masih aktif ?"", ""dear indosat , saya mau isi paket , tetapi mengapa tidak bisa ya ? sudah sejak jam xxxtimexxx tadi pulsa sudah masuk tetapi tidak bisa aktif ."", ""admin , kenapa saya tidak bisa sms ? saya mau konfirmasi pembelian paket selalu gagal smsnya dari tadi ."", ""sudah kak . sudah saya ganti ke xxxnumberxxx g , tapi tetap susah ."", ""pulsa saya berkurang xxxnumberxxx padahal tidak digunakan . saya mau beli paket jadi kurang , bagaimana ini ? xxxnumberxxx"", ""jb xxxphonexxx , sudah seminggu paket tidak sampai , padahal masih dalam jakarta . malah dikirim ke surabaya untuk apa ? jnt sistemnya seperti apa ?"", ""cek dm coba xxxuserxxx dari tadi komplain tidak ada respons , pulsa sudah terpotong kena tarik per kb .""]",False,10,2350,34,True,139,0.015905548,informal,0,0.4695017635822296,0.38951534032821655,0.8573427796363831,54.733723129626576,False,0.0
google/gemma-3-4b-it,informal,formal,centroid,,tolong cek dm dari saya . thankyou,"admin, cek dm dari saya ya. thanks.",True,111,4200055,42,"[""selamat malam . mohon saya diberi informasi . paket saya sejak tanggal xxxnumberxxx tertahan dengan status itu dan belum terkirim sampai sekarang . ada apa ?"", ""sudah xxxnumberxxx hari , status belum juga berubah admin . tadi sudah telepon qc katanya cuma disuruh menunggu ."", ""sore admin . ini ada keluhan nomor saya , pulsa terpotong terus . padahal tidak berlangganan paket apapun . tolong diperiksa min + xxxnumberxxx xxxnumberxxx - xxxnumberxxx - xxxnumberxxx ."", ""grab paket hemat saya billingnya itu tanggal xxxnumberxxx juli xxxnumberxxx . sekarang sudah agustus mengapa subscribe - nya masih aktif ?"", ""dear indosat , saya mau isi paket , tetapi mengapa tidak bisa ya ? sudah sejak jam xxxtimexxx tadi pulsa sudah masuk tetapi tidak bisa aktif ."", ""admin , kenapa saya tidak bisa sms ? saya mau konfirmasi pembelian paket selalu gagal smsnya dari tadi ."", ""sudah kak . sudah saya ganti ke xxxnumberxxx g , tapi tetap susah ."", ""pulsa saya berkurang xxxnumberxxx padahal tidak digunakan . saya mau beli paket jadi kurang , bagaimana ini ? xxxnumberxxx"", ""jb xxxphonexxx , sudah seminggu paket tidak sampai , padahal masih dalam jakarta . malah dikirim ke surabaya untuk apa ? jnt sistemnya seperti apa ?"", ""cek dm coba xxxuserxxx dari tadi komplain tidak ada respons , pulsa sudah terpotong kena tarik per kb .""]",False,10,2308,11,True,35,0.06369921,informal,0,0.8158669471740723,0.8162173628807068,0.9476112127304077,268.27623405547047,False,0.0
google/gemma-3-4b-it,informal,formal,centroid,,min tolong dong kenapaa paket xxxnumberxxx xxxnumberxxx gb yang xxxnumberxxx xxxnumberxxx k nya kok hilaang,"admin, kenapa paket xxxnumberxxx gb yang xxxnumberxxx k nya hilang ya?",False,113,4200056,42,"[""selamat malam . mohon saya diberi informasi . paket saya sejak tanggal xxxnumberxxx tertahan dengan status itu dan belum terkirim sampai sekarang . ada apa ?"", ""sudah xxxnumberxxx hari , status belum juga berubah admin . tadi sudah telepon qc katanya cuma disuruh menunggu ."", ""sore admin . ini ada keluhan nomor saya , pulsa terpotong terus . padahal tidak berlangganan paket apapun . tolong diperiksa min + xxxnumberxxx xxxnumberxxx - xxxnumberxxx - xxxnumberxxx ."", ""grab paket hemat saya billingnya itu tanggal xxxnumberxxx juli xxxnumberxxx . sekarang sudah agustus mengapa subscribe - nya masih aktif ?"", ""dear indosat , saya mau isi paket , tetapi mengapa tidak bisa ya ? sudah sejak jam xxxtimexxx tadi pulsa sudah masuk tetapi tidak bisa aktif ."", ""admin , kenapa saya tidak bisa sms ? saya mau konfirmasi pembelian paket selalu gagal smsnya dari tadi ."", ""sudah kak . sudah saya ganti ke xxxnumberxxx g , tapi tetap susah ."", ""pulsa saya berkurang xxxnumberxxx padahal tidak digunakan . saya mau beli paket jadi kurang , bagaimana ini ? xxxnumberxxx"", ""jb xxxphonexxx , sudah seminggu paket tidak sampai , padahal masih dalam jakarta . malah dikirim ke surabaya untuk apa ? jnt sistemnya seperti apa ?"", ""cek dm coba xxxuserxxx dari tadi komplain tidak ada respons , pulsa sudah terpotong kena tarik per kb .""]",False,10,2381,18,True,70,0.12964746,informal,0,0.7657160758972168,0.7166071534156799,0.9503644704818726,1354.9343393269353,True,0.0
google/gemma-3-4b-it,informal,formal,centroid,,lama sekali ini ! barang belum sampai ! resi : xxxnumberxxx,"""lama banget ini! barangnya kok belum sampai ya? resi: xxxnumberxxx""",True,115,4200057,42,"[""selamat malam . mohon saya diberi informasi . paket saya sejak tanggal xxxnumberxxx tertahan dengan status itu dan belum terkirim sampai sekarang . ada apa ?"", ""sudah xxxnumberxxx hari , status belum juga berubah admin . tadi sudah telepon qc katanya cuma disuruh menunggu ."", ""sore admin . ini ada keluhan nomor saya , pulsa terpotong terus . padahal tidak berlangganan paket apapun . tolong diperiksa min + xxxnumberxxx xxxnumberxxx - xxxnumberxxx - xxxnumberxxx ."", ""grab paket hemat saya billingnya itu tanggal xxxnumberxxx juli xxxnumberxxx . sekarang sudah agustus mengapa subscribe - nya masih aktif ?"", ""dear indosat , saya mau isi paket , tetapi mengapa tidak bisa ya ? sudah sejak jam xxxtimexxx tadi pulsa sudah masuk tetapi tidak bisa aktif ."", ""admin , kenapa saya tidak bisa sms ? saya mau konfirmasi pembelian paket selalu gagal smsnya dari tadi ."", ""sudah kak . sudah saya ganti ke xxxnumberxxx g , tapi tetap susah ."", ""pulsa saya berkurang xxxnumberxxx padahal tidak digunakan . saya mau beli paket jadi kurang , bagaimana ini ? xxxnumberxxx"", ""jb xxxphonexxx , sudah seminggu paket tidak sampai , padahal masih dalam jakarta . malah dikirim ke surabaya untuk apa ? jnt sistemnya seperti apa ?"", ""cek dm coba xxxuserxxx dari tadi komplain tidak ada respons , pulsa sudah terpotong kena tarik per kb .""]",False,10,2333,19,True,68,0.0025612763,informal,0,0.9186630249023438,0.8331273794174194,0.908287763595581,167.77502087060242,False,0.0
google/gemma-3-4b-it,informal,formal,centroid,,min resi xxxnumberxxx posisi udh dmna ?,"admin, di mana posisi resi saya xxxnumberxxx?",False,117,4200058,42,"[""selamat malam . mohon saya diberi informasi . paket saya sejak tanggal xxxnumberxxx tertahan dengan status itu dan belum terkirim sampai sekarang . ada apa ?"", ""sudah xxxnumberxxx hari , status belum juga berubah admin . tadi sudah telepon qc katanya cuma disuruh menunggu ."", ""sore admin . ini ada keluhan nomor saya , pulsa terpotong terus . padahal tidak berlangganan paket apapun . tolong diperiksa min + xxxnumberxxx xxxnumberxxx - xxxnumberxxx - xxxnumberxxx ."", ""grab paket hemat saya billingnya itu tanggal xxxnumberxxx juli xxxnumberxxx . sekarang sudah agustus mengapa subscribe - nya masih aktif ?"", ""dear indosat , saya mau isi paket , tetapi mengapa tidak bisa ya ? sudah sejak jam xxxtimexxx tadi pulsa sudah masuk tetapi tidak bisa aktif ."", ""admin , kenapa saya tidak bisa sms ? saya mau konfirmasi pembelian paket selalu gagal smsnya dari tadi ."", ""sudah kak . sudah saya ganti ke xxxnumberxxx g , tapi tetap susah ."", ""pulsa saya berkurang xxxnumberxxx padahal tidak digunakan . saya mau beli paket jadi kurang , bagaimana ini ? xxxnumberxxx"", ""jb xxxphonexxx , sudah seminggu paket tidak sampai , padahal masih dalam jakarta . malah dikirim ke surabaya untuk apa ? jnt sistemnya seperti apa ?"", ""cek dm coba xxxuserxxx dari tadi komplain tidak ada respons , pulsa sudah terpotong kena tarik per kb .""]",False,10,2313,12,True,45,0.8994698,formal,1,0.8423380851745605,0.781474232673645,0.9306606650352478,1741.309694403912,True,0.0
google/gemma-3-4b-it,informal,formal,centroid,,pastinya masih dong ditunggu nih kejutannya selalu on pokoknya patengin timeline nya,"admin, kok masih lama nih ya nungguin kabar? selalu aja, terus patengin timeline aja deh.",True,119,4200059,42,"[""selamat malam . mohon saya diberi informasi . paket saya sejak tanggal xxxnumberxxx tertahan dengan status itu dan belum terkirim sampai sekarang . ada apa ?"", ""sudah xxxnumberxxx hari , status belum juga berubah admin . tadi sudah telepon qc katanya cuma disuruh menunggu ."", ""sore admin . ini ada keluhan nomor saya , pulsa terpotong terus . padahal tidak berlangganan paket apapun . tolong diperiksa min + xxxnumberxxx xxxnumberxxx - xxxnumberxxx - xxxnumberxxx ."", ""grab paket hemat saya billingnya itu tanggal xxxnumberxxx juli xxxnumberxxx . sekarang sudah agustus mengapa subscribe - nya masih aktif ?"", ""dear indosat , saya mau isi paket , tetapi mengapa tidak bisa ya ? sudah sejak jam xxxtimexxx tadi pulsa sudah masuk tetapi tidak bisa aktif ."", ""admin , kenapa saya tidak bisa sms ? saya mau konfirmasi pembelian paket selalu gagal smsnya dari tadi ."", ""sudah kak . sudah saya ganti ke xxxnumberxxx g , tapi tetap susah ."", ""pulsa saya berkurang xxxnumberxxx padahal tidak digunakan . saya mau beli paket jadi kurang , bagaimana ini ? xxxnumberxxx"", ""jb xxxphonexxx , sudah seminggu paket tidak sampai , padahal masih dalam jakarta . malah dikirim ke surabaya untuk apa ? jnt sistemnya seperti apa ?"", ""cek dm coba xxxuserxxx dari tadi komplain tidak ada respons , pulsa sudah terpotong kena tarik per kb .""]",False,10,2358,23,True,89,0.0037346059,informal,0,0.7168608903884888,0.5384763479232788,0.8869971036911011,337.13299137207525,False,0.0
google/gemma-3-4b-it,informal,formal,centroid,,"no saya kok gak bisa di dftarin paket data , no + xxxnumberxxx","“no + xxxnumberxxx, kok gak bisa daftar paket data ya?”",False,121,4200060,42,"[""selamat malam . mohon saya diberi informasi . paket saya sejak tanggal xxxnumberxxx tertahan dengan status itu dan belum terkirim sampai sekarang . ada apa ?"", ""sudah xxxnumberxxx hari , status belum juga berubah admin . tadi sudah telepon qc katanya cuma disuruh menunggu ."", ""sore admin . ini ada keluhan nomor saya , pulsa terpotong terus . padahal tidak berlangganan paket apapun . tolong diperiksa min + xxxnumberxxx xxxnumberxxx - xxxnumberxxx - xxxnumberxxx ."", ""grab paket hemat saya billingnya itu tanggal xxxnumberxxx juli xxxnumberxxx . sekarang sudah agustus mengapa subscribe - nya masih aktif ?"", ""dear indosat , saya mau isi paket , tetapi mengapa tidak bisa ya ? sudah sejak jam xxxtimexxx tadi pulsa sudah masuk tetapi tidak bisa aktif ."", ""admin , kenapa saya tidak bisa sms ? saya mau konfirmasi pembelian paket selalu gagal smsnya dari tadi ."", ""sudah kak . sudah saya ganti ke xxxnumberxxx g , tapi tetap susah ."", ""pulsa saya berkurang xxxnumberxxx padahal tidak digunakan . saya mau beli paket jadi kurang , bagaimana ini ? xxxnumberxxx"", ""jb xxxphonexxx , sudah seminggu paket tidak sampai , padahal masih dalam jakarta . malah dikirim ke surabaya untuk apa ? jnt sistemnya seperti apa ?"", ""cek dm coba xxxuserxxx dari tadi komplain tidak ada respons , pulsa sudah terpotong kena tarik per kb .""]",False,10,2336,16,True,55,0.008406358,informal,0,0.8703593611717224,0.8068473935127258,0.9054847955703735,456.9917144003883,False,0.0
google/gemma-3-4b-it,informal,formal,centroid,,"sudah saya dm min , tolong respon","admin, tolong respon ya, sudah dm dari tadi.",False,123,4200061,42,"[""selamat malam . mohon saya diberi informasi . paket saya sejak tanggal xxxnumberxxx tertahan dengan status itu dan belum terkirim sampai sekarang . ada apa ?"", ""sudah xxxnumberxxx hari , status belum juga berubah admin . tadi sudah telepon qc katanya cuma disuruh menunggu ."", ""sore admin . ini ada keluhan nomor saya , pulsa terpotong terus . padahal tidak berlangganan paket apapun . tolong diperiksa min + xxxnumberxxx xxxnumberxxx - xxxnumberxxx - xxxnumberxxx ."", ""grab paket hemat saya billingnya itu tanggal xxxnumberxxx juli xxxnumberxxx . sekarang sudah agustus mengapa subscribe - nya masih aktif ?"", ""dear indosat , saya mau isi paket , tetapi mengapa tidak bisa ya ? sudah sejak jam xxxtimexxx tadi pulsa sudah masuk tetapi tidak bisa aktif ."", ""admin , kenapa saya tidak bisa sms ? saya mau konfirmasi pembelian paket selalu gagal smsnya dari tadi ."", ""sudah kak . sudah saya ganti ke xxxnumberxxx g , tapi tetap susah ."", ""pulsa saya berkurang xxxnumberxxx padahal tidak digunakan . saya mau beli paket jadi kurang , bagaimana ini ? xxxnumberxxx"", ""jb xxxphonexxx , sudah seminggu paket tidak sampai , padahal masih dalam jakarta . malah dikirim ke surabaya untuk apa ? jnt sistemnya seperti apa ?"", ""cek dm coba xxxuserxxx dari tadi komplain tidak ada respons , pulsa sudah terpotong kena tarik per kb .""]",False,10,2307,13,True,44,0.5254885,formal,1,0.8693035244941711,0.6804783940315247,0.9122346639633179,379.0793580416344,False,0.0
google/gemma-3-4b-it,informal,formal,centroid,,"min , ini ordran saya kenap ga sampe2 yaa ? resinya gabisa cek juga lagi . gimana nihh . dibantu cek dong","min, pesanan saya kok lama banget nggak sampai ya? resinya juga nggak bisa dicek. tolong bantu cek dong, gimana ini?",True,125,4200062,42,"[""selamat malam . mohon saya diberi informasi . paket saya sejak tanggal xxxnumberxxx tertahan dengan status itu dan belum terkirim sampai sekarang . ada apa ?"", ""sudah xxxnumberxxx hari , status belum juga berubah admin . tadi sudah telepon qc katanya cuma disuruh menunggu ."", ""sore admin . ini ada keluhan nomor saya , pulsa terpotong terus . padahal tidak berlangganan paket apapun . tolong diperiksa min + xxxnumberxxx xxxnumberxxx - xxxnumberxxx - xxxnumberxxx ."", ""grab paket hemat saya billingnya itu tanggal xxxnumberxxx juli xxxnumberxxx . sekarang sudah agustus mengapa subscribe - nya masih aktif ?"", ""dear indosat , saya mau isi paket , tetapi mengapa tidak bisa ya ? sudah sejak jam xxxtimexxx tadi pulsa sudah masuk tetapi tidak bisa aktif ."", ""admin , kenapa saya tidak bisa sms ? saya mau konfirmasi pembelian paket selalu gagal smsnya dari tadi ."", ""sudah kak . sudah saya ganti ke xxxnumberxxx g , tapi tetap susah ."", ""pulsa saya berkurang xxxnumberxxx padahal tidak digunakan . saya mau beli paket jadi kurang , bagaimana ini ? xxxnumberxxx"", ""jb xxxphonexxx , sudah seminggu paket tidak sampai , padahal masih dalam jakarta . malah dikirim ke surabaya untuk apa ? jnt sistemnya seperti apa ?"", ""cek dm coba xxxuserxxx dari tadi komplain tidak ada respons , pulsa sudah terpotong kena tarik per kb .""]",False,10,2379,29,True,116,0.0034978713,informal,0,0.772219181060791,0.7914057374000549,0.9420180916786194,37.90345203096245,False,0.0
google/gemma-3-4b-it,informal,formal,centroid,,"tanggal berapa ini , mas xxxuserxxx pakai kartu apa , kartu halo juga ?","“mas, kok bisa begitu ya? kartu apa yang dipakai?”",False,127,4200063,42,"[""selamat malam . mohon saya diberi informasi . paket saya sejak tanggal xxxnumberxxx tertahan dengan status itu dan belum terkirim sampai sekarang . ada apa ?"", ""sudah xxxnumberxxx hari , status belum juga berubah admin . tadi sudah telepon qc katanya cuma disuruh menunggu ."", ""sore admin . ini ada keluhan nomor saya , pulsa terpotong terus . padahal tidak berlangganan paket apapun . tolong diperiksa min + xxxnumberxxx xxxnumberxxx - xxxnumberxxx - xxxnumberxxx ."", ""grab paket hemat saya billingnya itu tanggal xxxnumberxxx juli xxxnumberxxx . sekarang sudah agustus mengapa subscribe - nya masih aktif ?"", ""dear indosat , saya mau isi paket , tetapi mengapa tidak bisa ya ? sudah sejak jam xxxtimexxx tadi pulsa sudah masuk tetapi tidak bisa aktif ."", ""admin , kenapa saya tidak bisa sms ? saya mau konfirmasi pembelian paket selalu gagal smsnya dari tadi ."", ""sudah kak . sudah saya ganti ke xxxnumberxxx g , tapi tetap susah ."", ""pulsa saya berkurang xxxnumberxxx padahal tidak digunakan . saya mau beli paket jadi kurang , bagaimana ini ? xxxnumberxxx"", ""jb xxxphonexxx , sudah seminggu paket tidak sampai , padahal masih dalam jakarta . malah dikirim ke surabaya untuk apa ? jnt sistemnya seperti apa ?"", ""cek dm coba xxxuserxxx dari tadi komplain tidak ada respons , pulsa sudah terpotong kena tarik per kb .""]",False,10,2345,14,True,50,0.31648692,informal,0,0.5127316117286682,0.6215723752975464,0.876521646976471,84.48652904348809,False,0.0
google/gemma-3-4b-it,informal,formal,centroid,,aamiin . semoga juga sinyal internet indosat nggak ilang - iangan terus ya . aku belum berniat ganti provider soalnya .,aamiin. semoga sinyal internet indosat nggak hilang terus ya. aku belum mau ganti provider soalnya.,False,129,4200064,42,"[""selamat malam . mohon saya diberi informasi . paket saya sejak tanggal xxxnumberxxx tertahan dengan status itu dan belum terkirim sampai sekarang . ada apa ?"", ""sudah xxxnumberxxx hari , status belum juga berubah admin . tadi sudah telepon qc katanya cuma disuruh menunggu ."", ""sore admin . ini ada keluhan nomor saya , pulsa terpotong terus . padahal tidak berlangganan paket apapun . tolong diperiksa min + xxxnumberxxx xxxnumberxxx - xxxnumberxxx - xxxnumberxxx ."", ""grab paket hemat saya billingnya itu tanggal xxxnumberxxx juli xxxnumberxxx . sekarang sudah agustus mengapa subscribe - nya masih aktif ?"", ""dear indosat , saya mau isi paket , tetapi mengapa tidak bisa ya ? sudah sejak jam xxxtimexxx tadi pulsa sudah masuk tetapi tidak bisa aktif ."", ""admin , kenapa saya tidak bisa sms ? saya mau konfirmasi pembelian paket selalu gagal smsnya dari tadi ."", ""sudah kak . sudah saya ganti ke xxxnumberxxx g , tapi tetap susah ."", ""pulsa saya berkurang xxxnumberxxx padahal tidak digunakan . saya mau beli paket jadi kurang , bagaimana ini ? xxxnumberxxx"", ""jb xxxphonexxx , sudah seminggu paket tidak sampai , padahal masih dalam jakarta . malah dikirim ke surabaya untuk apa ? jnt sistemnya seperti apa ?"", ""cek dm coba xxxuserxxx dari tadi komplain tidak ada respons , pulsa sudah terpotong kena tarik per kb .""]",False,10,2393,24,True,99,0.003937277,informal,0,0.944875955581665,0.9741693735122681,0.9886692762374878,51.206322873094926,False,0.0
google/gemma-3-4b-it,informal,formal,centroid,,"coba cek dmnya yaya , kaya sepupu gua lu namanya yaya","“cek dm yaya, kayak tante gue namanya yaya.”",False,131,4200065,42,"[""selamat malam . mohon saya diberi informasi . paket saya sejak tanggal xxxnumberxxx tertahan dengan status itu dan belum terkirim sampai sekarang . ada apa ?"", ""sudah xxxnumberxxx hari , status belum juga berubah admin . tadi sudah telepon qc katanya cuma disuruh menunggu ."", ""sore admin . ini ada keluhan nomor saya , pulsa terpotong terus . padahal tidak berlangganan paket apapun . tolong diperiksa min + xxxnumberxxx xxxnumberxxx - xxxnumberxxx - xxxnumberxxx ."", ""grab paket hemat saya billingnya itu tanggal xxxnumberxxx juli xxxnumberxxx . sekarang sudah agustus mengapa subscribe - nya masih aktif ?"", ""dear indosat , saya mau isi paket , tetapi mengapa tidak bisa ya ? sudah sejak jam xxxtimexxx tadi pulsa sudah masuk tetapi tidak bisa aktif ."", ""admin , kenapa saya tidak bisa sms ? saya mau konfirmasi pembelian paket selalu gagal smsnya dari tadi ."", ""sudah kak . sudah saya ganti ke xxxnumberxxx g , tapi tetap susah ."", ""pulsa saya berkurang xxxnumberxxx padahal tidak digunakan . saya mau beli paket jadi kurang , bagaimana ini ? xxxnumberxxx"", ""jb xxxphonexxx , sudah seminggu paket tidak sampai , padahal masih dalam jakarta . malah dikirim ke surabaya untuk apa ? jnt sistemnya seperti apa ?"", ""cek dm coba xxxuserxxx dari tadi komplain tidak ada respons , pulsa sudah terpotong kena tarik per kb .""]",False,10,2327,14,True,44,0.0223582,informal,0,0.8189549446105957,0.7032020688056946,0.9092726707458496,828.3925947378156,False,0.0
google/gemma-3-4b-it,informal,formal,centroid,,haloo xxxuserxxx kok grabfoodmu gbs dari kmrn knp - _ -,"haloo xxxuserxxx, kok grabfoodku gbs dari kemarin knp - _ -",False,133,4200066,42,"[""selamat malam . mohon saya diberi informasi . paket saya sejak tanggal xxxnumberxxx tertahan dengan status itu dan belum terkirim sampai sekarang . ada apa ?"", ""sudah xxxnumberxxx hari , status belum juga berubah admin . tadi sudah telepon qc katanya cuma disuruh menunggu ."", ""sore admin . ini ada keluhan nomor saya , pulsa terpotong terus . padahal tidak berlangganan paket apapun . tolong diperiksa min + xxxnumberxxx xxxnumberxxx - xxxnumberxxx - xxxnumberxxx ."", ""grab paket hemat saya billingnya itu tanggal xxxnumberxxx juli xxxnumberxxx . sekarang sudah agustus mengapa subscribe - nya masih aktif ?"", ""dear indosat , saya mau isi paket , tetapi mengapa tidak bisa ya ? sudah sejak jam xxxtimexxx tadi pulsa sudah masuk tetapi tidak bisa aktif ."", ""admin , kenapa saya tidak bisa sms ? saya mau konfirmasi pembelian paket selalu gagal smsnya dari tadi ."", ""sudah kak . sudah saya ganti ke xxxnumberxxx g , tapi tetap susah ."", ""pulsa saya berkurang xxxnumberxxx padahal tidak digunakan . saya mau beli paket jadi kurang , bagaimana ini ? xxxnumberxxx"", ""jb xxxphonexxx , sudah seminggu paket tidak sampai , padahal masih dalam jakarta . malah dikirim ke surabaya untuk apa ? jnt sistemnya seperti apa ?"", ""cek dm coba xxxuserxxx dari tadi komplain tidak ada respons , pulsa sudah terpotong kena tarik per kb .""]",False,10,2329,20,False,59,0.0048184334,informal,0,0.9494602680206299,0.8677517771720886,0.9624893665313721,2244.4870752695847,True,0.0
google/gemma-3-4b-it,informal,formal,centroid,,halo xxxuserxxx temen saya transfer via gopay kok blm masuk ya,"“halo , kok transfer temen belum masuk ya?”",False,135,4200067,42,"[""selamat malam . mohon saya diberi informasi . paket saya sejak tanggal xxxnumberxxx tertahan dengan status itu dan belum terkirim sampai sekarang . ada apa ?"", ""sudah xxxnumberxxx hari , status belum juga berubah admin . tadi sudah telepon qc katanya cuma disuruh menunggu ."", ""sore admin . ini ada keluhan nomor saya , pulsa terpotong terus . padahal tidak berlangganan paket apapun . tolong diperiksa min + xxxnumberxxx xxxnumberxxx - xxxnumberxxx - xxxnumberxxx ."", ""grab paket hemat saya billingnya itu tanggal xxxnumberxxx juli xxxnumberxxx . sekarang sudah agustus mengapa subscribe - nya masih aktif ?"", ""dear indosat , saya mau isi paket , tetapi mengapa tidak bisa ya ? sudah sejak jam xxxtimexxx tadi pulsa sudah masuk tetapi tidak bisa aktif ."", ""admin , kenapa saya tidak bisa sms ? saya mau konfirmasi pembelian paket selalu gagal smsnya dari tadi ."", ""sudah kak . sudah saya ganti ke xxxnumberxxx g , tapi tetap susah ."", ""pulsa saya berkurang xxxnumberxxx padahal tidak digunakan . saya mau beli paket jadi kurang , bagaimana ini ? xxxnumberxxx"", ""jb xxxphonexxx , sudah seminggu paket tidak sampai , padahal masih dalam jakarta . malah dikirim ke surabaya untuk apa ? jnt sistemnya seperti apa ?"", ""cek dm coba xxxuserxxx dari tadi komplain tidak ada respons , pulsa sudah terpotong kena tarik per kb .""]",False,10,2336,11,True,43,0.011391077,informal,0,0.6325072050094604,0.6032248735427856,0.8840126991271973,295.08698122498527,False,0.0
google/gemma-3-4b-it,informal,formal,centroid,,"yg dihina pun ulama , otak nya ngak ada isi ya gitu bng","admin, kok bisa sih? udah seminggu paketnya gak dateng, padahal masih di Jakarta. kayaknya ada masalah ya?",False,137,4200068,42,"[""selamat malam . mohon saya diberi informasi . paket saya sejak tanggal xxxnumberxxx tertahan dengan status itu dan belum terkirim sampai sekarang . ada apa ?"", ""sudah xxxnumberxxx hari , status belum juga berubah admin . tadi sudah telepon qc katanya cuma disuruh menunggu ."", ""sore admin . ini ada keluhan nomor saya , pulsa terpotong terus . padahal tidak berlangganan paket apapun . tolong diperiksa min + xxxnumberxxx xxxnumberxxx - xxxnumberxxx - xxxnumberxxx ."", ""grab paket hemat saya billingnya itu tanggal xxxnumberxxx juli xxxnumberxxx . sekarang sudah agustus mengapa subscribe - nya masih aktif ?"", ""dear indosat , saya mau isi paket , tetapi mengapa tidak bisa ya ? sudah sejak jam xxxtimexxx tadi pulsa sudah masuk tetapi tidak bisa aktif ."", ""admin , kenapa saya tidak bisa sms ? saya mau konfirmasi pembelian paket selalu gagal smsnya dari tadi ."", ""sudah kak . sudah saya ganti ke xxxnumberxxx g , tapi tetap susah ."", ""pulsa saya berkurang xxxnumberxxx padahal tidak digunakan . saya mau beli paket jadi kurang , bagaimana ini ? xxxnumberxxx"", ""jb xxxphonexxx , sudah seminggu paket tidak sampai , padahal masih dalam jakarta . malah dikirim ke surabaya untuk apa ? jnt sistemnya seperti apa ?"", ""cek dm coba xxxuserxxx dari tadi komplain tidak ada respons , pulsa sudah terpotong kena tarik per kb .""]",False,10,2329,29,True,106,0.0038193602,informal,0,0.10340582579374313,0.2761166989803314,0.8102739453315735,49.92487429869833,False,0.0
google/gemma-3-4b-it,informal,formal,centroid,,halo selamat malam . saya mau tanya kalo program kkb bisa dipergunakan untuk mobil bekas atau tidak ? terima kasih .,"“halo , mau tanya dong , program kkb bisa buat mobil bekas gak ya ? makasih.”",False,139,4200069,42,"[""selamat malam . mohon saya diberi informasi . paket saya sejak tanggal xxxnumberxxx tertahan dengan status itu dan belum terkirim sampai sekarang . ada apa ?"", ""sudah xxxnumberxxx hari , status belum juga berubah admin . tadi sudah telepon qc katanya cuma disuruh menunggu ."", ""sore admin . ini ada keluhan nomor saya , pulsa terpotong terus . padahal tidak berlangganan paket apapun . tolong diperiksa min + xxxnumberxxx xxxnumberxxx - xxxnumberxxx - xxxnumberxxx ."", ""grab paket hemat saya billingnya itu tanggal xxxnumberxxx juli xxxnumberxxx . sekarang sudah agustus mengapa subscribe - nya masih aktif ?"", ""dear indosat , saya mau isi paket , tetapi mengapa tidak bisa ya ? sudah sejak jam xxxtimexxx tadi pulsa sudah masuk tetapi tidak bisa aktif ."", ""admin , kenapa saya tidak bisa sms ? saya mau konfirmasi pembelian paket selalu gagal smsnya dari tadi ."", ""sudah kak . sudah saya ganti ke xxxnumberxxx g , tapi tetap susah ."", ""pulsa saya berkurang xxxnumberxxx padahal tidak digunakan . saya mau beli paket jadi kurang , bagaimana ini ? xxxnumberxxx"", ""jb xxxphonexxx , sudah seminggu paket tidak sampai , padahal masih dalam jakarta . malah dikirim ke surabaya untuk apa ? jnt sistemnya seperti apa ?"", ""cek dm coba xxxuserxxx dari tadi komplain tidak ada respons , pulsa sudah terpotong kena tarik per kb .""]",False,10,2390,21,True,77,0.0033971628,informal,0,0.8874136209487915,0.8072474002838135,0.9477850198745728,78.0502781307166,False,0.0
google/gemma-3-4b-it,informal,formal,centroid,,haloo gimana ini dengan paket saya yang ngga di kirim2 . status nya masih di simpan,"halo admin , paket saya kok belum dikirim2 ya . statusnya masih di simpan aja nih .",True,141,4200070,42,"[""selamat malam . mohon saya diberi informasi . paket saya sejak tanggal xxxnumberxxx tertahan dengan status itu dan belum terkirim sampai sekarang . ada apa ?"", ""sudah xxxnumberxxx hari , status belum juga berubah admin . tadi sudah telepon qc katanya cuma disuruh menunggu ."", ""sore admin . ini ada keluhan nomor saya , pulsa terpotong terus . padahal tidak berlangganan paket apapun . tolong diperiksa min + xxxnumberxxx xxxnumberxxx - xxxnumberxxx - xxxnumberxxx ."", ""grab paket hemat saya billingnya itu tanggal xxxnumberxxx juli xxxnumberxxx . sekarang sudah agustus mengapa subscribe - nya masih aktif ?"", ""dear indosat , saya mau isi paket , tetapi mengapa tidak bisa ya ? sudah sejak jam xxxtimexxx tadi pulsa sudah masuk tetapi tidak bisa aktif ."", ""admin , kenapa saya tidak bisa sms ? saya mau konfirmasi pembelian paket selalu gagal smsnya dari tadi ."", ""sudah kak . sudah saya ganti ke xxxnumberxxx g , tapi tetap susah ."", ""pulsa saya berkurang xxxnumberxxx padahal tidak digunakan . saya mau beli paket jadi kurang , bagaimana ini ? xxxnumberxxx"", ""jb xxxphonexxx , sudah seminggu paket tidak sampai , padahal masih dalam jakarta . malah dikirim ke surabaya untuk apa ? jnt sistemnya seperti apa ?"", ""cek dm coba xxxuserxxx dari tadi komplain tidak ada respons , pulsa sudah terpotong kena tarik per kb .""]",False,10,2357,20,True,83,0.006624235,informal,0,0.8289614319801331,0.7764862775802612,0.9585235118865967,277.1242446819705,False,0.0
google/gemma-3-4b-it,informal,formal,centroid,,tolong di perluas lagi ya min jangkauan jaringannya . aku tunggu kabar baiknya min .,"admin, tolong diperluas lagi ya jangkauan jaringannya. aku tunggu kabar baiknya min.",False,143,4200071,42,"[""selamat malam . mohon saya diberi informasi . paket saya sejak tanggal xxxnumberxxx tertahan dengan status itu dan belum terkirim sampai sekarang . ada apa ?"", ""sudah xxxnumberxxx hari , status belum juga berubah admin . tadi sudah telepon qc katanya cuma disuruh menunggu ."", ""sore admin . ini ada keluhan nomor saya , pulsa terpotong terus . padahal tidak berlangganan paket apapun . tolong diperiksa min + xxxnumberxxx xxxnumberxxx - xxxnumberxxx - xxxnumberxxx ."", ""grab paket hemat saya billingnya itu tanggal xxxnumberxxx juli xxxnumberxxx . sekarang sudah agustus mengapa subscribe - nya masih aktif ?"", ""dear indosat , saya mau isi paket , tetapi mengapa tidak bisa ya ? sudah sejak jam xxxtimexxx tadi pulsa sudah masuk tetapi tidak bisa aktif ."", ""admin , kenapa saya tidak bisa sms ? saya mau konfirmasi pembelian paket selalu gagal smsnya dari tadi ."", ""sudah kak . sudah saya ganti ke xxxnumberxxx g , tapi tetap susah ."", ""pulsa saya berkurang xxxnumberxxx padahal tidak digunakan . saya mau beli paket jadi kurang , bagaimana ini ? xxxnumberxxx"", ""jb xxxphonexxx , sudah seminggu paket tidak sampai , padahal masih dalam jakarta . malah dikirim ke surabaya untuk apa ? jnt sistemnya seperti apa ?"", ""cek dm coba xxxuserxxx dari tadi komplain tidak ada respons , pulsa sudah terpotong kena tarik per kb .""]",False,10,2358,23,True,84,0.012614855,informal,0,0.8372964262962341,0.8303446769714355,0.9704986810684204,64.45119924869103,False,0.0
google/gemma-3-4b-it,informal,formal,centroid,,admin tolong ini ada apa dengan toko saya ?,"admin, kok toko saya ada masalah ya?",False,145,4200072,42,"[""selamat malam . mohon saya diberi informasi . paket saya sejak tanggal xxxnumberxxx tertahan dengan status itu dan belum terkirim sampai sekarang . ada apa ?"", ""sudah xxxnumberxxx hari , status belum juga berubah admin . tadi sudah telepon qc katanya cuma disuruh menunggu ."", ""sore admin . ini ada keluhan nomor saya , pulsa terpotong terus . padahal tidak berlangganan paket apapun . tolong diperiksa min + xxxnumberxxx xxxnumberxxx - xxxnumberxxx - xxxnumberxxx ."", ""grab paket hemat saya billingnya itu tanggal xxxnumberxxx juli xxxnumberxxx . sekarang sudah agustus mengapa subscribe - nya masih aktif ?"", ""dear indosat , saya mau isi paket , tetapi mengapa tidak bisa ya ? sudah sejak jam xxxtimexxx tadi pulsa sudah masuk tetapi tidak bisa aktif ."", ""admin , kenapa saya tidak bisa sms ? saya mau konfirmasi pembelian paket selalu gagal smsnya dari tadi ."", ""sudah kak . sudah saya ganti ke xxxnumberxxx g , tapi tetap susah ."", ""pulsa saya berkurang xxxnumberxxx padahal tidak digunakan . saya mau beli paket jadi kurang , bagaimana ini ? xxxnumberxxx"", ""jb xxxphonexxx , sudah seminggu paket tidak sampai , padahal masih dalam jakarta . malah dikirim ke surabaya untuk apa ? jnt sistemnya seperti apa ?"", ""cek dm coba xxxuserxxx dari tadi komplain tidak ada respons , pulsa sudah terpotong kena tarik per kb .""]",False,10,2317,10,True,36,0.06119618,informal,0,0.7042251229286194,0.8736974596977234,0.950787365436554,513.0883220276695,False,0.0
google/gemma-3-4b-it,informal,formal,centroid,,"hallo min , saya kok beli fore cofee tidak dapat cashback yaa ? kenapa minn ? bisa di refund tidakk","halo min , kenapa ya beli fore coffee tidak dapat cashback ? bisa di refund tidakkk",False,147,4200073,42,"[""selamat malam . mohon saya diberi informasi . paket saya sejak tanggal xxxnumberxxx tertahan dengan status itu dan belum terkirim sampai sekarang . ada apa ?"", ""sudah xxxnumberxxx hari , status belum juga berubah admin . tadi sudah telepon qc katanya cuma disuruh menunggu ."", ""sore admin . ini ada keluhan nomor saya , pulsa terpotong terus . padahal tidak berlangganan paket apapun . tolong diperiksa min + xxxnumberxxx xxxnumberxxx - xxxnumberxxx - xxxnumberxxx ."", ""grab paket hemat saya billingnya itu tanggal xxxnumberxxx juli xxxnumberxxx . sekarang sudah agustus mengapa subscribe - nya masih aktif ?"", ""dear indosat , saya mau isi paket , tetapi mengapa tidak bisa ya ? sudah sejak jam xxxtimexxx tadi pulsa sudah masuk tetapi tidak bisa aktif ."", ""admin , kenapa saya tidak bisa sms ? saya mau konfirmasi pembelian paket selalu gagal smsnya dari tadi ."", ""sudah kak . sudah saya ganti ke xxxnumberxxx g , tapi tetap susah ."", ""pulsa saya berkurang xxxnumberxxx padahal tidak digunakan . saya mau beli paket jadi kurang , bagaimana ini ? xxxnumberxxx"", ""jb xxxphonexxx , sudah seminggu paket tidak sampai , padahal masih dalam jakarta . malah dikirim ke surabaya untuk apa ? jnt sistemnya seperti apa ?"", ""cek dm coba xxxuserxxx dari tadi komplain tidak ada respons , pulsa sudah terpotong kena tarik per kb .""]",False,10,2373,18,False,83,0.005914368,informal,0,0.8621973991394043,0.9506821036338806,0.981099009513855,1637.216824971968,True,0.0
google/gemma-3-4b-it,informal,formal,centroid,,gimana mau terbantu . dm aja ngga slow respon . sudah xxxnumberxxx hari dm saya tidak direspon,gimana mau terbantu . dm aja ngga slow respon . sudah xxxnumberxxx hari dm saya tidak direspon,False,149,4200074,42,"[""selamat malam . mohon saya diberi informasi . paket saya sejak tanggal xxxnumberxxx tertahan dengan status itu dan belum terkirim sampai sekarang . ada apa ?"", ""sudah xxxnumberxxx hari , status belum juga berubah admin . tadi sudah telepon qc katanya cuma disuruh menunggu ."", ""sore admin . ini ada keluhan nomor saya , pulsa terpotong terus . padahal tidak berlangganan paket apapun . tolong diperiksa min + xxxnumberxxx xxxnumberxxx - xxxnumberxxx - xxxnumberxxx ."", ""grab paket hemat saya billingnya itu tanggal xxxnumberxxx juli xxxnumberxxx . sekarang sudah agustus mengapa subscribe - nya masih aktif ?"", ""dear indosat , saya mau isi paket , tetapi mengapa tidak bisa ya ? sudah sejak jam xxxtimexxx tadi pulsa sudah masuk tetapi tidak bisa aktif ."", ""admin , kenapa saya tidak bisa sms ? saya mau konfirmasi pembelian paket selalu gagal smsnya dari tadi ."", ""sudah kak . sudah saya ganti ke xxxnumberxxx g , tapi tetap susah ."", ""pulsa saya berkurang xxxnumberxxx padahal tidak digunakan . saya mau beli paket jadi kurang , bagaimana ini ? xxxnumberxxx"", ""jb xxxphonexxx , sudah seminggu paket tidak sampai , padahal masih dalam jakarta . malah dikirim ke surabaya untuk apa ? jnt sistemnya seperti apa ?"", ""cek dm coba xxxuserxxx dari tadi komplain tidak ada respons , pulsa sudah terpotong kena tarik per kb .""]",False,10,2368,24,False,94,0.0018048091,informal,0,1.0,1.0,1.0000001192092896,1073.1479236605546,True,0.0
google/gemma-3-4b-it,informal,formal,centroid,,"frustasi dgn atm mandiri , hampir tiap hari bermasalah di seputar tang sel , knp bank lain spt b * * jarang sekali masalah , segera berbenah , menyebalkan","“admin, kenapa ATM Mandiri selalu bermasalah di seputar tang sel? bikin kesel banget, bank lain jarang macet. tolong segera diperbaiki.”",False,151,4200075,42,"[""selamat malam . mohon saya diberi informasi . paket saya sejak tanggal xxxnumberxxx tertahan dengan status itu dan belum terkirim sampai sekarang . ada apa ?"", ""sudah xxxnumberxxx hari , status belum juga berubah admin . tadi sudah telepon qc katanya cuma disuruh menunggu ."", ""sore admin . ini ada keluhan nomor saya , pulsa terpotong terus . padahal tidak berlangganan paket apapun . tolong diperiksa min + xxxnumberxxx xxxnumberxxx - xxxnumberxxx - xxxnumberxxx ."", ""grab paket hemat saya billingnya itu tanggal xxxnumberxxx juli xxxnumberxxx . sekarang sudah agustus mengapa subscribe - nya masih aktif ?"", ""dear indosat , saya mau isi paket , tetapi mengapa tidak bisa ya ? sudah sejak jam xxxtimexxx tadi pulsa sudah masuk tetapi tidak bisa aktif ."", ""admin , kenapa saya tidak bisa sms ? saya mau konfirmasi pembelian paket selalu gagal smsnya dari tadi ."", ""sudah kak . sudah saya ganti ke xxxnumberxxx g , tapi tetap susah ."", ""pulsa saya berkurang xxxnumberxxx padahal tidak digunakan . saya mau beli paket jadi kurang , bagaimana ini ? xxxnumberxxx"", ""jb xxxphonexxx , sudah seminggu paket tidak sampai , padahal masih dalam jakarta . malah dikirim ke surabaya untuk apa ? jnt sistemnya seperti apa ?"", ""cek dm coba xxxuserxxx dari tadi komplain tidak ada respons , pulsa sudah terpotong kena tarik per kb .""]",False,10,2428,33,True,136,0.4256694,informal,0,0.8430591821670532,0.5932076573371887,0.9128800630569458,84.11085086071618,False,0.0
google/gemma-3-4b-it,informal,formal,centroid,,"akun grabnya buat ngorder kimcil po , makanya ditangguhkan",“akun grab saya ditangguhkan karena buat order kimcil PO.”,False,153,4200076,42,"[""selamat malam . mohon saya diberi informasi . paket saya sejak tanggal xxxnumberxxx tertahan dengan status itu dan belum terkirim sampai sekarang . ada apa ?"", ""sudah xxxnumberxxx hari , status belum juga berubah admin . tadi sudah telepon qc katanya cuma disuruh menunggu ."", ""sore admin . ini ada keluhan nomor saya , pulsa terpotong terus . padahal tidak berlangganan paket apapun . tolong diperiksa min + xxxnumberxxx xxxnumberxxx - xxxnumberxxx - xxxnumberxxx ."", ""grab paket hemat saya billingnya itu tanggal xxxnumberxxx juli xxxnumberxxx . sekarang sudah agustus mengapa subscribe - nya masih aktif ?"", ""dear indosat , saya mau isi paket , tetapi mengapa tidak bisa ya ? sudah sejak jam xxxtimexxx tadi pulsa sudah masuk tetapi tidak bisa aktif ."", ""admin , kenapa saya tidak bisa sms ? saya mau konfirmasi pembelian paket selalu gagal smsnya dari tadi ."", ""sudah kak . sudah saya ganti ke xxxnumberxxx g , tapi tetap susah ."", ""pulsa saya berkurang xxxnumberxxx padahal tidak digunakan . saya mau beli paket jadi kurang , bagaimana ini ? xxxnumberxxx"", ""jb xxxphonexxx , sudah seminggu paket tidak sampai , padahal masih dalam jakarta . malah dikirim ke surabaya untuk apa ? jnt sistemnya seperti apa ?"", ""cek dm coba xxxuserxxx dari tadi komplain tidak ada respons , pulsa sudah terpotong kena tarik per kb .""]",False,10,2332,16,True,58,0.738894,formal,1,0.8453612923622131,0.6872662305831909,0.891147255897522,676.2629719626137,False,0.0
google/gemma-3-4b-it,informal,formal,centroid,,jika saya tutup akun tanpa ke kantor cabang dengan cara mengosongkan saldo rekening apakah bisa ?,“kalau saya tutup akun dari rumah lewat saldo rekening bisa nggak ya?”,False,155,4200077,42,"[""selamat malam . mohon saya diberi informasi . paket saya sejak tanggal xxxnumberxxx tertahan dengan status itu dan belum terkirim sampai sekarang . ada apa ?"", ""sudah xxxnumberxxx hari , status belum juga berubah admin . tadi sudah telepon qc katanya cuma disuruh menunggu ."", ""sore admin . ini ada keluhan nomor saya , pulsa terpotong terus . padahal tidak berlangganan paket apapun . tolong diperiksa min + xxxnumberxxx xxxnumberxxx - xxxnumberxxx - xxxnumberxxx ."", ""grab paket hemat saya billingnya itu tanggal xxxnumberxxx juli xxxnumberxxx . sekarang sudah agustus mengapa subscribe - nya masih aktif ?"", ""dear indosat , saya mau isi paket , tetapi mengapa tidak bisa ya ? sudah sejak jam xxxtimexxx tadi pulsa sudah masuk tetapi tidak bisa aktif ."", ""admin , kenapa saya tidak bisa sms ? saya mau konfirmasi pembelian paket selalu gagal smsnya dari tadi ."", ""sudah kak . sudah saya ganti ke xxxnumberxxx g , tapi tetap susah ."", ""pulsa saya berkurang xxxnumberxxx padahal tidak digunakan . saya mau beli paket jadi kurang , bagaimana ini ? xxxnumberxxx"", ""jb xxxphonexxx , sudah seminggu paket tidak sampai , padahal masih dalam jakarta . malah dikirim ke surabaya untuk apa ? jnt sistemnya seperti apa ?"", ""cek dm coba xxxuserxxx dari tadi komplain tidak ada respons , pulsa sudah terpotong kena tarik per kb .""]",False,10,2371,16,True,70,0.008175693,informal,0,0.830854058265686,0.8068605661392212,0.9152137041091919,217.10624225574745,False,0.0
google/gemma-3-4b-it,informal,formal,centroid,,maksudnya sales counter / agen yg online bagaimana kak ?,"admin, kak, sales counter/agen online gimana nih?",False,157,4200078,42,"[""selamat malam . mohon saya diberi informasi . paket saya sejak tanggal xxxnumberxxx tertahan dengan status itu dan belum terkirim sampai sekarang . ada apa ?"", ""sudah xxxnumberxxx hari , status belum juga berubah admin . tadi sudah telepon qc katanya cuma disuruh menunggu ."", ""sore admin . ini ada keluhan nomor saya , pulsa terpotong terus . padahal tidak berlangganan paket apapun . tolong diperiksa min + xxxnumberxxx xxxnumberxxx - xxxnumberxxx - xxxnumberxxx ."", ""grab paket hemat saya billingnya itu tanggal xxxnumberxxx juli xxxnumberxxx . sekarang sudah agustus mengapa subscribe - nya masih aktif ?"", ""dear indosat , saya mau isi paket , tetapi mengapa tidak bisa ya ? sudah sejak jam xxxtimexxx tadi pulsa sudah masuk tetapi tidak bisa aktif ."", ""admin , kenapa saya tidak bisa sms ? saya mau konfirmasi pembelian paket selalu gagal smsnya dari tadi ."", ""sudah kak . sudah saya ganti ke xxxnumberxxx g , tapi tetap susah ."", ""pulsa saya berkurang xxxnumberxxx padahal tidak digunakan . saya mau beli paket jadi kurang , bagaimana ini ? xxxnumberxxx"", ""jb xxxphonexxx , sudah seminggu paket tidak sampai , padahal masih dalam jakarta . malah dikirim ke surabaya untuk apa ? jnt sistemnya seperti apa ?"", ""cek dm coba xxxuserxxx dari tadi komplain tidak ada respons , pulsa sudah terpotong kena tarik per kb .""]",False,10,2330,13,True,49,0.02430903,informal,0,0.830903947353363,0.8407241106033325,0.9492303133010864,1637.098165027848,True,0.0
google/gemma-3-4b-it,informal,formal,centroid,,hallo bisa balas twitt saya dan dm ?,"admin, kenapa kok twitt dan dm saya gak dibalas ya?",False,159,4200079,42,"[""selamat malam . mohon saya diberi informasi . paket saya sejak tanggal xxxnumberxxx tertahan dengan status itu dan belum terkirim sampai sekarang . ada apa ?"", ""sudah xxxnumberxxx hari , status belum juga berubah admin . tadi sudah telepon qc katanya cuma disuruh menunggu ."", ""sore admin . ini ada keluhan nomor saya , pulsa terpotong terus . padahal tidak berlangganan paket apapun . tolong diperiksa min + xxxnumberxxx xxxnumberxxx - xxxnumberxxx - xxxnumberxxx ."", ""grab paket hemat saya billingnya itu tanggal xxxnumberxxx juli xxxnumberxxx . sekarang sudah agustus mengapa subscribe - nya masih aktif ?"", ""dear indosat , saya mau isi paket , tetapi mengapa tidak bisa ya ? sudah sejak jam xxxtimexxx tadi pulsa sudah masuk tetapi tidak bisa aktif ."", ""admin , kenapa saya tidak bisa sms ? saya mau konfirmasi pembelian paket selalu gagal smsnya dari tadi ."", ""sudah kak . sudah saya ganti ke xxxnumberxxx g , tapi tetap susah ."", ""pulsa saya berkurang xxxnumberxxx padahal tidak digunakan . saya mau beli paket jadi kurang , bagaimana ini ? xxxnumberxxx"", ""jb xxxphonexxx , sudah seminggu paket tidak sampai , padahal masih dalam jakarta . malah dikirim ke surabaya untuk apa ? jnt sistemnya seperti apa ?"", ""cek dm coba xxxuserxxx dari tadi komplain tidak ada respons , pulsa sudah terpotong kena tarik per kb .""]",False,10,2310,16,True,51,0.007772596,informal,0,0.832544207572937,0.7145713567733765,0.9077067375183105,239.96499743744374,False,0.0
google/gemma-3-4b-it,informal,formal,centroid,,"hallo kak , untuk kendala pada nomor prabayar telkomsel - nya dapat langsung menghubungi rekan kami di xxxuserxxx . terima kasih - mina","halo kak , untuk masalah nomor prabayar telkomsel bisa hubungi rekan kami di xxxuserxxx . terima kasih - mina",False,161,4200080,42,"[""selamat malam . mohon saya diberi informasi . paket saya sejak tanggal xxxnumberxxx tertahan dengan status itu dan belum terkirim sampai sekarang . ada apa ?"", ""sudah xxxnumberxxx hari , status belum juga berubah admin . tadi sudah telepon qc katanya cuma disuruh menunggu ."", ""sore admin . ini ada keluhan nomor saya , pulsa terpotong terus . padahal tidak berlangganan paket apapun . tolong diperiksa min + xxxnumberxxx xxxnumberxxx - xxxnumberxxx - xxxnumberxxx ."", ""grab paket hemat saya billingnya itu tanggal xxxnumberxxx juli xxxnumberxxx . sekarang sudah agustus mengapa subscribe - nya masih aktif ?"", ""dear indosat , saya mau isi paket , tetapi mengapa tidak bisa ya ? sudah sejak jam xxxtimexxx tadi pulsa sudah masuk tetapi tidak bisa aktif ."", ""admin , kenapa saya tidak bisa sms ? saya mau konfirmasi pembelian paket selalu gagal smsnya dari tadi ."", ""sudah kak . sudah saya ganti ke xxxnumberxxx g , tapi tetap susah ."", ""pulsa saya berkurang xxxnumberxxx padahal tidak digunakan . saya mau beli paket jadi kurang , bagaimana ini ? xxxnumberxxx"", ""jb xxxphonexxx , sudah seminggu paket tidak sampai , padahal masih dalam jakarta . malah dikirim ke surabaya untuk apa ? jnt sistemnya seperti apa ?"", ""cek dm coba xxxuserxxx dari tadi komplain tidak ada respons , pulsa sudah terpotong kena tarik per kb .""]",False,10,2409,26,False,109,0.030546296,informal,0,0.9487412571907043,0.9600274562835693,0.9775131940841675,628.7206007861104,False,0.0
google/gemma-3-4b-it,informal,formal,centroid,,"hmm bentar , aku bakal bikin videonya","“udah, bentar ya aku bikin videonya.”",False,163,4200081,42,"[""selamat malam . mohon saya diberi informasi . paket saya sejak tanggal xxxnumberxxx tertahan dengan status itu dan belum terkirim sampai sekarang . ada apa ?"", ""sudah xxxnumberxxx hari , status belum juga berubah admin . tadi sudah telepon qc katanya cuma disuruh menunggu ."", ""sore admin . ini ada keluhan nomor saya , pulsa terpotong terus . padahal tidak berlangganan paket apapun . tolong diperiksa min + xxxnumberxxx xxxnumberxxx - xxxnumberxxx - xxxnumberxxx ."", ""grab paket hemat saya billingnya itu tanggal xxxnumberxxx juli xxxnumberxxx . sekarang sudah agustus mengapa subscribe - nya masih aktif ?"", ""dear indosat , saya mau isi paket , tetapi mengapa tidak bisa ya ? sudah sejak jam xxxtimexxx tadi pulsa sudah masuk tetapi tidak bisa aktif ."", ""admin , kenapa saya tidak bisa sms ? saya mau konfirmasi pembelian paket selalu gagal smsnya dari tadi ."", ""sudah kak . sudah saya ganti ke xxxnumberxxx g , tapi tetap susah ."", ""pulsa saya berkurang xxxnumberxxx padahal tidak digunakan . saya mau beli paket jadi kurang , bagaimana ini ? xxxnumberxxx"", ""jb xxxphonexxx , sudah seminggu paket tidak sampai , padahal masih dalam jakarta . malah dikirim ke surabaya untuk apa ? jnt sistemnya seperti apa ?"", ""cek dm coba xxxuserxxx dari tadi komplain tidak ada respons , pulsa sudah terpotong kena tarik per kb .""]",False,10,2311,12,True,37,0.046954613,informal,0,0.7493926286697388,0.8194664120674133,0.9242916703224182,123.774211892251,False,0.0
google/gemma-3-4b-it,informal,formal,centroid,,"selamat siang . mau tanya , saya kok sulit untuk menerima dan melakukan panggilan setelah penggantian kartu . mohon bantuannya . terima kasih","""selamat siang , kok susah nih buat telepon setelah ganti kartu ya? bantuannya dong, makasih.""",False,165,4200082,42,"[""selamat malam . mohon saya diberi informasi . paket saya sejak tanggal xxxnumberxxx tertahan dengan status itu dan belum terkirim sampai sekarang . ada apa ?"", ""sudah xxxnumberxxx hari , status belum juga berubah admin . tadi sudah telepon qc katanya cuma disuruh menunggu ."", ""sore admin . ini ada keluhan nomor saya , pulsa terpotong terus . padahal tidak berlangganan paket apapun . tolong diperiksa min + xxxnumberxxx xxxnumberxxx - xxxnumberxxx - xxxnumberxxx ."", ""grab paket hemat saya billingnya itu tanggal xxxnumberxxx juli xxxnumberxxx . sekarang sudah agustus mengapa subscribe - nya masih aktif ?"", ""dear indosat , saya mau isi paket , tetapi mengapa tidak bisa ya ? sudah sejak jam xxxtimexxx tadi pulsa sudah masuk tetapi tidak bisa aktif ."", ""admin , kenapa saya tidak bisa sms ? saya mau konfirmasi pembelian paket selalu gagal smsnya dari tadi ."", ""sudah kak . sudah saya ganti ke xxxnumberxxx g , tapi tetap susah ."", ""pulsa saya berkurang xxxnumberxxx padahal tidak digunakan . saya mau beli paket jadi kurang , bagaimana ini ? xxxnumberxxx"", ""jb xxxphonexxx , sudah seminggu paket tidak sampai , padahal masih dalam jakarta . malah dikirim ke surabaya untuk apa ? jnt sistemnya seperti apa ?"", ""cek dm coba xxxuserxxx dari tadi komplain tidak ada respons , pulsa sudah terpotong kena tarik per kb .""]",False,10,2415,23,True,94,0.0040698634,informal,0,0.814184844493866,0.8413259983062744,0.9424242973327637,67.84062325608105,False,0.0
google/gemma-3-4b-it,informal,formal,centroid,,halo apa ini emg lagi gangguan top up via m banking ? kok saldo saya ga nambah ya ?,"“halo , kok saldo saya gak naik pas top up via m banking ya ? udah xxxnumberxxx”",False,167,4200083,42,"[""selamat malam . mohon saya diberi informasi . paket saya sejak tanggal xxxnumberxxx tertahan dengan status itu dan belum terkirim sampai sekarang . ada apa ?"", ""sudah xxxnumberxxx hari , status belum juga berubah admin . tadi sudah telepon qc katanya cuma disuruh menunggu ."", ""sore admin . ini ada keluhan nomor saya , pulsa terpotong terus . padahal tidak berlangganan paket apapun . tolong diperiksa min + xxxnumberxxx xxxnumberxxx - xxxnumberxxx - xxxnumberxxx ."", ""grab paket hemat saya billingnya itu tanggal xxxnumberxxx juli xxxnumberxxx . sekarang sudah agustus mengapa subscribe - nya masih aktif ?"", ""dear indosat , saya mau isi paket , tetapi mengapa tidak bisa ya ? sudah sejak jam xxxtimexxx tadi pulsa sudah masuk tetapi tidak bisa aktif ."", ""admin , kenapa saya tidak bisa sms ? saya mau konfirmasi pembelian paket selalu gagal smsnya dari tadi ."", ""sudah kak . sudah saya ganti ke xxxnumberxxx g , tapi tetap susah ."", ""pulsa saya berkurang xxxnumberxxx padahal tidak digunakan . saya mau beli paket jadi kurang , bagaimana ini ? xxxnumberxxx"", ""jb xxxphonexxx , sudah seminggu paket tidak sampai , padahal masih dalam jakarta . malah dikirim ke surabaya untuk apa ? jnt sistemnya seperti apa ?"", ""cek dm coba xxxuserxxx dari tadi komplain tidak ada respons , pulsa sudah terpotong kena tarik per kb .""]",False,10,2357,22,True,80,0.0016684969,informal,0,0.7502188682556152,0.7707952857017517,0.9335588216781616,317.45237783418315,False,0.0
google/gemma-3-4b-it,informal,formal,centroid,,ya om . rawan banget bagi driver maupun konsumen .,"admin, kok bisa begitu ya? udah seminggu paketnya gak dateng, padahal masih di Jakarta.",False,169,4200084,42,"[""selamat malam . mohon saya diberi informasi . paket saya sejak tanggal xxxnumberxxx tertahan dengan status itu dan belum terkirim sampai sekarang . ada apa ?"", ""sudah xxxnumberxxx hari , status belum juga berubah admin . tadi sudah telepon qc katanya cuma disuruh menunggu ."", ""sore admin . ini ada keluhan nomor saya , pulsa terpotong terus . padahal tidak berlangganan paket apapun . tolong diperiksa min + xxxnumberxxx xxxnumberxxx - xxxnumberxxx - xxxnumberxxx ."", ""grab paket hemat saya billingnya itu tanggal xxxnumberxxx juli xxxnumberxxx . sekarang sudah agustus mengapa subscribe - nya masih aktif ?"", ""dear indosat , saya mau isi paket , tetapi mengapa tidak bisa ya ? sudah sejak jam xxxtimexxx tadi pulsa sudah masuk tetapi tidak bisa aktif ."", ""admin , kenapa saya tidak bisa sms ? saya mau konfirmasi pembelian paket selalu gagal smsnya dari tadi ."", ""sudah kak . sudah saya ganti ke xxxnumberxxx g , tapi tetap susah ."", ""pulsa saya berkurang xxxnumberxxx padahal tidak digunakan . saya mau beli paket jadi kurang , bagaimana ini ? xxxnumberxxx"", ""jb xxxphonexxx , sudah seminggu paket tidak sampai , padahal masih dalam jakarta . malah dikirim ke surabaya untuk apa ? jnt sistemnya seperti apa ?"", ""cek dm coba xxxuserxxx dari tadi komplain tidak ada respons , pulsa sudah terpotong kena tarik per kb .""]",False,10,2324,24,True,87,0.005494835,informal,0,0.18974316120147705,0.30268222093582153,0.8015719652175903,65.81998422693253,False,0.0
google/gemma-3-4b-it,informal,formal,centroid,,barang dengan nomor id1913953782285 sudah lebih satu minggu tidak datang .,"“Barang dengan nomor id1913953782285 kok udah lebih seminggu nggak dateng ya, admin?”",False,171,4200085,42,"[""selamat malam . mohon saya diberi informasi . paket saya sejak tanggal xxxnumberxxx tertahan dengan status itu dan belum terkirim sampai sekarang . ada apa ?"", ""sudah xxxnumberxxx hari , status belum juga berubah admin . tadi sudah telepon qc katanya cuma disuruh menunggu ."", ""sore admin . ini ada keluhan nomor saya , pulsa terpotong terus . padahal tidak berlangganan paket apapun . tolong diperiksa min + xxxnumberxxx xxxnumberxxx - xxxnumberxxx - xxxnumberxxx ."", ""grab paket hemat saya billingnya itu tanggal xxxnumberxxx juli xxxnumberxxx . sekarang sudah agustus mengapa subscribe - nya masih aktif ?"", ""dear indosat , saya mau isi paket , tetapi mengapa tidak bisa ya ? sudah sejak jam xxxtimexxx tadi pulsa sudah masuk tetapi tidak bisa aktif ."", ""admin , kenapa saya tidak bisa sms ? saya mau konfirmasi pembelian paket selalu gagal smsnya dari tadi ."", ""sudah kak . sudah saya ganti ke xxxnumberxxx g , tapi tetap susah ."", ""pulsa saya berkurang xxxnumberxxx padahal tidak digunakan . saya mau beli paket jadi kurang , bagaimana ini ? xxxnumberxxx"", ""jb xxxphonexxx , sudah seminggu paket tidak sampai , padahal masih dalam jakarta . malah dikirim ke surabaya untuk apa ? jnt sistemnya seperti apa ?"", ""cek dm coba xxxuserxxx dari tadi komplain tidak ada respons , pulsa sudah terpotong kena tarik per kb .""]",False,10,2348,32,True,85,0.012335113,informal,0,0.8197551965713501,0.8214209675788879,0.9194823503494263,65.00800908343962,False,0.0
google/gemma-3-4b-it,informal,formal,centroid,,"saya juga curiga karena uang yg diambil dalam jumlah yg sama besar , saya sangaat kecewa , mohon kejelasannya","“saya juga bingung , kok dana yg diambil banyak sekali , saya sangat kecewa , tolong dijelaskan ya”",False,173,4200086,42,"[""selamat malam . mohon saya diberi informasi . paket saya sejak tanggal xxxnumberxxx tertahan dengan status itu dan belum terkirim sampai sekarang . ada apa ?"", ""sudah xxxnumberxxx hari , status belum juga berubah admin . tadi sudah telepon qc katanya cuma disuruh menunggu ."", ""sore admin . ini ada keluhan nomor saya , pulsa terpotong terus . padahal tidak berlangganan paket apapun . tolong diperiksa min + xxxnumberxxx xxxnumberxxx - xxxnumberxxx - xxxnumberxxx ."", ""grab paket hemat saya billingnya itu tanggal xxxnumberxxx juli xxxnumberxxx . sekarang sudah agustus mengapa subscribe - nya masih aktif ?"", ""dear indosat , saya mau isi paket , tetapi mengapa tidak bisa ya ? sudah sejak jam xxxtimexxx tadi pulsa sudah masuk tetapi tidak bisa aktif ."", ""admin , kenapa saya tidak bisa sms ? saya mau konfirmasi pembelian paket selalu gagal smsnya dari tadi ."", ""sudah kak . sudah saya ganti ke xxxnumberxxx g , tapi tetap susah ."", ""pulsa saya berkurang xxxnumberxxx padahal tidak digunakan . saya mau beli paket jadi kurang , bagaimana ini ? xxxnumberxxx"", ""jb xxxphonexxx , sudah seminggu paket tidak sampai , padahal masih dalam jakarta . malah dikirim ke surabaya untuk apa ? jnt sistemnya seperti apa ?"", ""cek dm coba xxxuserxxx dari tadi komplain tidak ada respons , pulsa sudah terpotong kena tarik per kb .""]",False,10,2383,24,True,99,0.123763375,informal,0,0.7392874956130981,0.8085644245147705,0.9304578304290771,65.34184637465758,False,0.0
google/gemma-3-4b-it,informal,formal,centroid,,"orderan g sampe , duit ilang . bener2 de driver xxxuserxxx kecewa makin banyak aja org jahat y","admin, orderan saya kok belum sampai ya? kok duitnya udah abis? drivernya juga kayaknya gak jelas, xxxuserxxx makin kecewa aja nih.",False,175,4200087,42,"[""selamat malam . mohon saya diberi informasi . paket saya sejak tanggal xxxnumberxxx tertahan dengan status itu dan belum terkirim sampai sekarang . ada apa ?"", ""sudah xxxnumberxxx hari , status belum juga berubah admin . tadi sudah telepon qc katanya cuma disuruh menunggu ."", ""sore admin . ini ada keluhan nomor saya , pulsa terpotong terus . padahal tidak berlangganan paket apapun . tolong diperiksa min + xxxnumberxxx xxxnumberxxx - xxxnumberxxx - xxxnumberxxx ."", ""grab paket hemat saya billingnya itu tanggal xxxnumberxxx juli xxxnumberxxx . sekarang sudah agustus mengapa subscribe - nya masih aktif ?"", ""dear indosat , saya mau isi paket , tetapi mengapa tidak bisa ya ? sudah sejak jam xxxtimexxx tadi pulsa sudah masuk tetapi tidak bisa aktif ."", ""admin , kenapa saya tidak bisa sms ? saya mau konfirmasi pembelian paket selalu gagal smsnya dari tadi ."", ""sudah kak . sudah saya ganti ke xxxnumberxxx g , tapi tetap susah ."", ""pulsa saya berkurang xxxnumberxxx padahal tidak digunakan . saya mau beli paket jadi kurang , bagaimana ini ? xxxnumberxxx"", ""jb xxxphonexxx , sudah seminggu paket tidak sampai , padahal masih dalam jakarta . malah dikirim ke surabaya untuk apa ? jnt sistemnya seperti apa ?"", ""cek dm coba xxxuserxxx dari tadi komplain tidak ada respons , pulsa sudah terpotong kena tarik per kb .""]",False,10,2368,36,True,131,0.0035541295,informal,0,0.6954755783081055,0.6199809312820435,0.922397255897522,85.06812093147609,False,0.0
google/gemma-3-4b-it,informal,formal,centroid,,"baik , di tunggu progress nya ya . terimakasih","admin, statusnya gimana nih? makasih ya.",False,177,4200088,42,"[""selamat malam . mohon saya diberi informasi . paket saya sejak tanggal xxxnumberxxx tertahan dengan status itu dan belum terkirim sampai sekarang . ada apa ?"", ""sudah xxxnumberxxx hari , status belum juga berubah admin . tadi sudah telepon qc katanya cuma disuruh menunggu ."", ""sore admin . ini ada keluhan nomor saya , pulsa terpotong terus . padahal tidak berlangganan paket apapun . tolong diperiksa min + xxxnumberxxx xxxnumberxxx - xxxnumberxxx - xxxnumberxxx ."", ""grab paket hemat saya billingnya itu tanggal xxxnumberxxx juli xxxnumberxxx . sekarang sudah agustus mengapa subscribe - nya masih aktif ?"", ""dear indosat , saya mau isi paket , tetapi mengapa tidak bisa ya ? sudah sejak jam xxxtimexxx tadi pulsa sudah masuk tetapi tidak bisa aktif ."", ""admin , kenapa saya tidak bisa sms ? saya mau konfirmasi pembelian paket selalu gagal smsnya dari tadi ."", ""sudah kak . sudah saya ganti ke xxxnumberxxx g , tapi tetap susah ."", ""pulsa saya berkurang xxxnumberxxx padahal tidak digunakan . saya mau beli paket jadi kurang , bagaimana ini ? xxxnumberxxx"", ""jb xxxphonexxx , sudah seminggu paket tidak sampai , padahal masih dalam jakarta . malah dikirim ke surabaya untuk apa ? jnt sistemnya seperti apa ?"", ""cek dm coba xxxuserxxx dari tadi komplain tidak ada respons , pulsa sudah terpotong kena tarik per kb .""]",False,10,2320,12,True,40,0.006951888,informal,0,0.510472297668457,0.5095144510269165,0.8508920073509216,219.29619352412712,False,0.0
google/gemma-3-4b-it,informal,formal,centroid,,saya gabisa mengirim dm ke akun ini .,"admin, kenapa saya nggak bisa kirim dm ke sini?",False,179,4200089,42,"[""selamat malam . mohon saya diberi informasi . paket saya sejak tanggal xxxnumberxxx tertahan dengan status itu dan belum terkirim sampai sekarang . ada apa ?"", ""sudah xxxnumberxxx hari , status belum juga berubah admin . tadi sudah telepon qc katanya cuma disuruh menunggu ."", ""sore admin . ini ada keluhan nomor saya , pulsa terpotong terus . padahal tidak berlangganan paket apapun . tolong diperiksa min + xxxnumberxxx xxxnumberxxx - xxxnumberxxx - xxxnumberxxx ."", ""grab paket hemat saya billingnya itu tanggal xxxnumberxxx juli xxxnumberxxx . sekarang sudah agustus mengapa subscribe - nya masih aktif ?"", ""dear indosat , saya mau isi paket , tetapi mengapa tidak bisa ya ? sudah sejak jam xxxtimexxx tadi pulsa sudah masuk tetapi tidak bisa aktif ."", ""admin , kenapa saya tidak bisa sms ? saya mau konfirmasi pembelian paket selalu gagal smsnya dari tadi ."", ""sudah kak . sudah saya ganti ke xxxnumberxxx g , tapi tetap susah ."", ""pulsa saya berkurang xxxnumberxxx padahal tidak digunakan . saya mau beli paket jadi kurang , bagaimana ini ? xxxnumberxxx"", ""jb xxxphonexxx , sudah seminggu paket tidak sampai , padahal masih dalam jakarta . malah dikirim ke surabaya untuk apa ? jnt sistemnya seperti apa ?"", ""cek dm coba xxxuserxxx dari tadi komplain tidak ada respons , pulsa sudah terpotong kena tarik per kb .""]",False,10,2311,12,True,47,0.30669978,informal,0,0.6532589793205261,0.6992472410202026,0.9121800065040588,332.77370428570936,False,0.0
google/gemma-3-4b-it,informal,formal,centroid,,"udah aku dm lho kak dari tadi pagi , fyi aja","admin , udah aku dm lho kak dari tadi pagi , fyi aja",False,181,4200090,42,"[""selamat malam . mohon saya diberi informasi . paket saya sejak tanggal xxxnumberxxx tertahan dengan status itu dan belum terkirim sampai sekarang . ada apa ?"", ""sudah xxxnumberxxx hari , status belum juga berubah admin . tadi sudah telepon qc katanya cuma disuruh menunggu ."", ""sore admin . ini ada keluhan nomor saya , pulsa terpotong terus . padahal tidak berlangganan paket apapun . tolong diperiksa min + xxxnumberxxx xxxnumberxxx - xxxnumberxxx - xxxnumberxxx ."", ""grab paket hemat saya billingnya itu tanggal xxxnumberxxx juli xxxnumberxxx . sekarang sudah agustus mengapa subscribe - nya masih aktif ?"", ""dear indosat , saya mau isi paket , tetapi mengapa tidak bisa ya ? sudah sejak jam xxxtimexxx tadi pulsa sudah masuk tetapi tidak bisa aktif ."", ""admin , kenapa saya tidak bisa sms ? saya mau konfirmasi pembelian paket selalu gagal smsnya dari tadi ."", ""sudah kak . sudah saya ganti ke xxxnumberxxx g , tapi tetap susah ."", ""pulsa saya berkurang xxxnumberxxx padahal tidak digunakan . saya mau beli paket jadi kurang , bagaimana ini ? xxxnumberxxx"", ""jb xxxphonexxx , sudah seminggu paket tidak sampai , padahal masih dalam jakarta . malah dikirim ke surabaya untuk apa ? jnt sistemnya seperti apa ?"", ""cek dm coba xxxuserxxx dari tadi komplain tidak ada respons , pulsa sudah terpotong kena tarik per kb .""]",False,10,2318,15,False,52,0.0016001711,informal,0,0.891973614692688,0.7511593103408813,0.9707573652267456,939.5798040285815,False,0.0
google/gemma-3-4b-it,informal,formal,centroid,,dari tadi mention terus gak dibalas . tolong dong dibalas . dm saya juga tolong dibalas,"admin, tolong balas dm saya ya. udah dari tadi mention gak dibales.",False,183,4200091,42,"[""selamat malam . mohon saya diberi informasi . paket saya sejak tanggal xxxnumberxxx tertahan dengan status itu dan belum terkirim sampai sekarang . ada apa ?"", ""sudah xxxnumberxxx hari , status belum juga berubah admin . tadi sudah telepon qc katanya cuma disuruh menunggu ."", ""sore admin . ini ada keluhan nomor saya , pulsa terpotong terus . padahal tidak berlangganan paket apapun . tolong diperiksa min + xxxnumberxxx xxxnumberxxx - xxxnumberxxx - xxxnumberxxx ."", ""grab paket hemat saya billingnya itu tanggal xxxnumberxxx juli xxxnumberxxx . sekarang sudah agustus mengapa subscribe - nya masih aktif ?"", ""dear indosat , saya mau isi paket , tetapi mengapa tidak bisa ya ? sudah sejak jam xxxtimexxx tadi pulsa sudah masuk tetapi tidak bisa aktif ."", ""admin , kenapa saya tidak bisa sms ? saya mau konfirmasi pembelian paket selalu gagal smsnya dari tadi ."", ""sudah kak . sudah saya ganti ke xxxnumberxxx g , tapi tetap susah ."", ""pulsa saya berkurang xxxnumberxxx padahal tidak digunakan . saya mau beli paket jadi kurang , bagaimana ini ? xxxnumberxxx"", ""jb xxxphonexxx , sudah seminggu paket tidak sampai , padahal masih dalam jakarta . malah dikirim ke surabaya untuk apa ? jnt sistemnya seperti apa ?"", ""cek dm coba xxxuserxxx dari tadi komplain tidak ada respons , pulsa sudah terpotong kena tarik per kb .""]",False,10,2361,19,True,67,0.0034253253,informal,0,0.8435220718383789,0.6834540367126465,0.9241436719894409,84.31990821121776,False,0.0
google/gemma-3-4b-it,informal,formal,centroid,,kalo saya setuju dan kemudian saya menolak tidak bisa di setujui ya ? jadi gimana solusinya buat saya ?,"“kok, kalau saya setuju sama, terus saya tolak kok nggak disetujui ya? jadi gimana solusinya buat saya?”",False,185,4200092,42,"[""selamat malam . mohon saya diberi informasi . paket saya sejak tanggal xxxnumberxxx tertahan dengan status itu dan belum terkirim sampai sekarang . ada apa ?"", ""sudah xxxnumberxxx hari , status belum juga berubah admin . tadi sudah telepon qc katanya cuma disuruh menunggu ."", ""sore admin . ini ada keluhan nomor saya , pulsa terpotong terus . padahal tidak berlangganan paket apapun . tolong diperiksa min + xxxnumberxxx xxxnumberxxx - xxxnumberxxx - xxxnumberxxx ."", ""grab paket hemat saya billingnya itu tanggal xxxnumberxxx juli xxxnumberxxx . sekarang sudah agustus mengapa subscribe - nya masih aktif ?"", ""dear indosat , saya mau isi paket , tetapi mengapa tidak bisa ya ? sudah sejak jam xxxtimexxx tadi pulsa sudah masuk tetapi tidak bisa aktif ."", ""admin , kenapa saya tidak bisa sms ? saya mau konfirmasi pembelian paket selalu gagal smsnya dari tadi ."", ""sudah kak . sudah saya ganti ke xxxnumberxxx g , tapi tetap susah ."", ""pulsa saya berkurang xxxnumberxxx padahal tidak digunakan . saya mau beli paket jadi kurang , bagaimana ini ? xxxnumberxxx"", ""jb xxxphonexxx , sudah seminggu paket tidak sampai , padahal masih dalam jakarta . malah dikirim ke surabaya untuk apa ? jnt sistemnya seperti apa ?"", ""cek dm coba xxxuserxxx dari tadi komplain tidak ada respons , pulsa sudah terpotong kena tarik per kb .""]",False,10,2377,28,True,104,0.020551795,informal,0,0.8566329479217529,0.8437621593475342,0.92461758852005,50.09423136235891,False,0.0
google/gemma-3-4b-it,informal,formal,centroid,,maaf saya kok gk bisa dm ya ? no saya xxxnumberxxx mau daftar paket freedom yg xxxnumberxxx xxxnumberxxx k dapat xxxnumberxxx giga kak,"""admin, kok saya gak bisa DM ya? no saya xxxnumberxxx mau daftar paket freedom yang xxxnumberxxx xxxnumberxxx, dapat xxxnumberxxx giga kak.""",False,187,4200093,42,"[""selamat malam . mohon saya diberi informasi . paket saya sejak tanggal xxxnumberxxx tertahan dengan status itu dan belum terkirim sampai sekarang . ada apa ?"", ""sudah xxxnumberxxx hari , status belum juga berubah admin . tadi sudah telepon qc katanya cuma disuruh menunggu ."", ""sore admin . ini ada keluhan nomor saya , pulsa terpotong terus . padahal tidak berlangganan paket apapun . tolong diperiksa min + xxxnumberxxx xxxnumberxxx - xxxnumberxxx - xxxnumberxxx ."", ""grab paket hemat saya billingnya itu tanggal xxxnumberxxx juli xxxnumberxxx . sekarang sudah agustus mengapa subscribe - nya masih aktif ?"", ""dear indosat , saya mau isi paket , tetapi mengapa tidak bisa ya ? sudah sejak jam xxxtimexxx tadi pulsa sudah masuk tetapi tidak bisa aktif ."", ""admin , kenapa saya tidak bisa sms ? saya mau konfirmasi pembelian paket selalu gagal smsnya dari tadi ."", ""sudah kak . sudah saya ganti ke xxxnumberxxx g , tapi tetap susah ."", ""pulsa saya berkurang xxxnumberxxx padahal tidak digunakan . saya mau beli paket jadi kurang , bagaimana ini ? xxxnumberxxx"", ""jb xxxphonexxx , sudah seminggu paket tidak sampai , padahal masih dalam jakarta . malah dikirim ke surabaya untuk apa ? jnt sistemnya seperti apa ?"", ""cek dm coba xxxuserxxx dari tadi komplain tidak ada respons , pulsa sudah terpotong kena tarik per kb .""]",False,10,2408,36,True,140,0.011497642,informal,0,0.9500908255577087,0.7595321536064148,0.9649372100830078,301.6991164963474,False,0.0
google/gemma-3-4b-it,informal,formal,centroid,,min jne trucking dr medan ke pinang ranti berat sekitar xxxnumberxxx - xxxnumberxxx kilo brp y min ? sya cek kok malah tambah mahal min ?,"min jne , sudah xxxnumberxxx hari paket belum sampai dari medan ke pinang ranti , kok malah tambah mahal ya min? ceknya aja dong.",False,189,4200094,42,"[""selamat malam . mohon saya diberi informasi . paket saya sejak tanggal xxxnumberxxx tertahan dengan status itu dan belum terkirim sampai sekarang . ada apa ?"", ""sudah xxxnumberxxx hari , status belum juga berubah admin . tadi sudah telepon qc katanya cuma disuruh menunggu ."", ""sore admin . ini ada keluhan nomor saya , pulsa terpotong terus . padahal tidak berlangganan paket apapun . tolong diperiksa min + xxxnumberxxx xxxnumberxxx - xxxnumberxxx - xxxnumberxxx ."", ""grab paket hemat saya billingnya itu tanggal xxxnumberxxx juli xxxnumberxxx . sekarang sudah agustus mengapa subscribe - nya masih aktif ?"", ""dear indosat , saya mau isi paket , tetapi mengapa tidak bisa ya ? sudah sejak jam xxxtimexxx tadi pulsa sudah masuk tetapi tidak bisa aktif ."", ""admin , kenapa saya tidak bisa sms ? saya mau konfirmasi pembelian paket selalu gagal smsnya dari tadi ."", ""sudah kak . sudah saya ganti ke xxxnumberxxx g , tapi tetap susah ."", ""pulsa saya berkurang xxxnumberxxx padahal tidak digunakan . saya mau beli paket jadi kurang , bagaimana ini ? xxxnumberxxx"", ""jb xxxphonexxx , sudah seminggu paket tidak sampai , padahal masih dalam jakarta . malah dikirim ke surabaya untuk apa ? jnt sistemnya seperti apa ?"", ""cek dm coba xxxuserxxx dari tadi komplain tidak ada respons , pulsa sudah terpotong kena tarik per kb .""]",False,10,2411,33,True,129,0.0018412662,informal,0,0.83684903383255,0.7311693429946899,0.941779613494873,292.4671509605817,False,0.0
google/gemma-3-4b-it,informal,formal,centroid,,"min m - banking saya keblokir gara gara lupa password , boleh dibantu cara aktivasi kembali m - banking saya ?","min , kenapa m - banking saya keblokir ya ? passwordnya lupa , tolong bantu aktifkan kembali dong .",False,191,4200095,42,"[""selamat malam . mohon saya diberi informasi . paket saya sejak tanggal xxxnumberxxx tertahan dengan status itu dan belum terkirim sampai sekarang . ada apa ?"", ""sudah xxxnumberxxx hari , status belum juga berubah admin . tadi sudah telepon qc katanya cuma disuruh menunggu ."", ""sore admin . ini ada keluhan nomor saya , pulsa terpotong terus . padahal tidak berlangganan paket apapun . tolong diperiksa min + xxxnumberxxx xxxnumberxxx - xxxnumberxxx - xxxnumberxxx ."", ""grab paket hemat saya billingnya itu tanggal xxxnumberxxx juli xxxnumberxxx . sekarang sudah agustus mengapa subscribe - nya masih aktif ?"", ""dear indosat , saya mau isi paket , tetapi mengapa tidak bisa ya ? sudah sejak jam xxxtimexxx tadi pulsa sudah masuk tetapi tidak bisa aktif ."", ""admin , kenapa saya tidak bisa sms ? saya mau konfirmasi pembelian paket selalu gagal smsnya dari tadi ."", ""sudah kak . sudah saya ganti ke xxxnumberxxx g , tapi tetap susah ."", ""pulsa saya berkurang xxxnumberxxx padahal tidak digunakan . saya mau beli paket jadi kurang , bagaimana ini ? xxxnumberxxx"", ""jb xxxphonexxx , sudah seminggu paket tidak sampai , padahal masih dalam jakarta . malah dikirim ke surabaya untuk apa ? jnt sistemnya seperti apa ?"", ""cek dm coba xxxuserxxx dari tadi komplain tidak ada respons , pulsa sudah terpotong kena tarik per kb .""]",False,10,2384,25,True,99,0.005449303,informal,0,0.9154588580131531,0.8718664646148682,0.9675118923187256,185.57351995974807,False,0.0
google/gemma-3-4b-it,informal,formal,centroid,,udah dua hari stuck gitu dari tanggal xxxnumberxxx gak dianterin padahal udah di kota saya ini kurirnya kenapa ya tolong follow up jp xxxphonexxx,"admin , udah dua hari paket gak dianterin nih dari tanggal xxxnumberxxx , kurirnya kenapa ya tolong follow up jp xxxphonexxx",False,193,4200096,42,"[""selamat malam . mohon saya diberi informasi . paket saya sejak tanggal xxxnumberxxx tertahan dengan status itu dan belum terkirim sampai sekarang . ada apa ?"", ""sudah xxxnumberxxx hari , status belum juga berubah admin . tadi sudah telepon qc katanya cuma disuruh menunggu ."", ""sore admin . ini ada keluhan nomor saya , pulsa terpotong terus . padahal tidak berlangganan paket apapun . tolong diperiksa min + xxxnumberxxx xxxnumberxxx - xxxnumberxxx - xxxnumberxxx ."", ""grab paket hemat saya billingnya itu tanggal xxxnumberxxx juli xxxnumberxxx . sekarang sudah agustus mengapa subscribe - nya masih aktif ?"", ""dear indosat , saya mau isi paket , tetapi mengapa tidak bisa ya ? sudah sejak jam xxxtimexxx tadi pulsa sudah masuk tetapi tidak bisa aktif ."", ""admin , kenapa saya tidak bisa sms ? saya mau konfirmasi pembelian paket selalu gagal smsnya dari tadi ."", ""sudah kak . sudah saya ganti ke xxxnumberxxx g , tapi tetap susah ."", ""pulsa saya berkurang xxxnumberxxx padahal tidak digunakan . saya mau beli paket jadi kurang , bagaimana ini ? xxxnumberxxx"", ""jb xxxphonexxx , sudah seminggu paket tidak sampai , padahal masih dalam jakarta . malah dikirim ke surabaya untuk apa ? jnt sistemnya seperti apa ?"", ""cek dm coba xxxuserxxx dari tadi komplain tidak ada respons , pulsa sudah terpotong kena tarik per kb .""]",False,10,2419,32,False,124,0.0014730373,informal,0,0.8474390506744385,0.7487519979476929,0.9655002951622009,267.61657439023554,False,0.0
google/gemma-3-4b-it,informal,formal,centroid,,"jaringn internet xxxnumberxxx g saya error , hanya bisa h + itupun lemot sekali .","admin, internet saya error + lemot sekali dari xxxnumberxxx g .",False,195,4200097,42,"[""selamat malam . mohon saya diberi informasi . paket saya sejak tanggal xxxnumberxxx tertahan dengan status itu dan belum terkirim sampai sekarang . ada apa ?"", ""sudah xxxnumberxxx hari , status belum juga berubah admin . tadi sudah telepon qc katanya cuma disuruh menunggu ."", ""sore admin . ini ada keluhan nomor saya , pulsa terpotong terus . padahal tidak berlangganan paket apapun . tolong diperiksa min + xxxnumberxxx xxxnumberxxx - xxxnumberxxx - xxxnumberxxx ."", ""grab paket hemat saya billingnya itu tanggal xxxnumberxxx juli xxxnumberxxx . sekarang sudah agustus mengapa subscribe - nya masih aktif ?"", ""dear indosat , saya mau isi paket , tetapi mengapa tidak bisa ya ? sudah sejak jam xxxtimexxx tadi pulsa sudah masuk tetapi tidak bisa aktif ."", ""admin , kenapa saya tidak bisa sms ? saya mau konfirmasi pembelian paket selalu gagal smsnya dari tadi ."", ""sudah kak . sudah saya ganti ke xxxnumberxxx g , tapi tetap susah ."", ""pulsa saya berkurang xxxnumberxxx padahal tidak digunakan . saya mau beli paket jadi kurang , bagaimana ini ? xxxnumberxxx"", ""jb xxxphonexxx , sudah seminggu paket tidak sampai , padahal masih dalam jakarta . malah dikirim ke surabaya untuk apa ? jnt sistemnya seperti apa ?"", ""cek dm coba xxxuserxxx dari tadi komplain tidak ada respons , pulsa sudah terpotong kena tarik per kb .""]",False,10,2355,16,True,63,0.9118608,formal,1,0.8745180368423462,0.7554483413696289,0.9500865340232849,2816.3144478488366,True,0.0
google/gemma-3-4b-it,informal,formal,centroid,,"gimana nih , j & t udah xxxnumberxxx hari paket saya gak ada perkembangan !","admin, sudah xxxnumberxxx hari, paket saya belum juga sampai. kok bisa ya?",False,197,4200098,42,"[""selamat malam . mohon saya diberi informasi . paket saya sejak tanggal xxxnumberxxx tertahan dengan status itu dan belum terkirim sampai sekarang . ada apa ?"", ""sudah xxxnumberxxx hari , status belum juga berubah admin . tadi sudah telepon qc katanya cuma disuruh menunggu ."", ""sore admin . ini ada keluhan nomor saya , pulsa terpotong terus . padahal tidak berlangganan paket apapun . tolong diperiksa min + xxxnumberxxx xxxnumberxxx - xxxnumberxxx - xxxnumberxxx ."", ""grab paket hemat saya billingnya itu tanggal xxxnumberxxx juli xxxnumberxxx . sekarang sudah agustus mengapa subscribe - nya masih aktif ?"", ""dear indosat , saya mau isi paket , tetapi mengapa tidak bisa ya ? sudah sejak jam xxxtimexxx tadi pulsa sudah masuk tetapi tidak bisa aktif ."", ""admin , kenapa saya tidak bisa sms ? saya mau konfirmasi pembelian paket selalu gagal smsnya dari tadi ."", ""sudah kak . sudah saya ganti ke xxxnumberxxx g , tapi tetap susah ."", ""pulsa saya berkurang xxxnumberxxx padahal tidak digunakan . saya mau beli paket jadi kurang , bagaimana ini ? xxxnumberxxx"", ""jb xxxphonexxx , sudah seminggu paket tidak sampai , padahal masih dalam jakarta . malah dikirim ke surabaya untuk apa ? jnt sistemnya seperti apa ?"", ""cek dm coba xxxuserxxx dari tadi komplain tidak ada respons , pulsa sudah terpotong kena tarik per kb .""]",False,10,2349,19,True,74,0.1430827,informal,0,0.8190284371376038,0.7479089498519897,0.9053646326065063,181.66860947338623,False,0.0
google/gemma-3-4b-it,informal,formal,centroid,,main ps sama sinb ga ada ?,"admin, kenapa saya gak bisa main ps sama sinb ya?",False,199,4200099,42,"[""selamat malam . mohon saya diberi informasi . paket saya sejak tanggal xxxnumberxxx tertahan dengan status itu dan belum terkirim sampai sekarang . ada apa ?"", ""sudah xxxnumberxxx hari , status belum juga berubah admin . tadi sudah telepon qc katanya cuma disuruh menunggu ."", ""sore admin . ini ada keluhan nomor saya , pulsa terpotong terus . padahal tidak berlangganan paket apapun . tolong diperiksa min + xxxnumberxxx xxxnumberxxx - xxxnumberxxx - xxxnumberxxx ."", ""grab paket hemat saya billingnya itu tanggal xxxnumberxxx juli xxxnumberxxx . sekarang sudah agustus mengapa subscribe - nya masih aktif ?"", ""dear indosat , saya mau isi paket , tetapi mengapa tidak bisa ya ? sudah sejak jam xxxtimexxx tadi pulsa sudah masuk tetapi tidak bisa aktif ."", ""admin , kenapa saya tidak bisa sms ? saya mau konfirmasi pembelian paket selalu gagal smsnya dari tadi ."", ""sudah kak . sudah saya ganti ke xxxnumberxxx g , tapi tetap susah ."", ""pulsa saya berkurang xxxnumberxxx padahal tidak digunakan . saya mau beli paket jadi kurang , bagaimana ini ? xxxnumberxxx"", ""jb xxxphonexxx , sudah seminggu paket tidak sampai , padahal masih dalam jakarta . malah dikirim ke surabaya untuk apa ? jnt sistemnya seperti apa ?"", ""cek dm coba xxxuserxxx dari tadi komplain tidak ada respons , pulsa sudah terpotong kena tarik per kb .""]",False,10,2300,14,True,49,0.0075951624,informal,0,0.7768739461898804,0.63083416223526,0.9225000143051147,609.1195076919516,False,0.0
google/gemma-3-4b-it,informal,formal,centroid,,mantap xxxuserxxx segini + soup cream cuman xxxnumberxxx,"admin, kok paket + soup cream cuman xxxnumberxxx ya?",False,201,4200100,42,"[""selamat malam . mohon saya diberi informasi . paket saya sejak tanggal xxxnumberxxx tertahan dengan status itu dan belum terkirim sampai sekarang . ada apa ?"", ""sudah xxxnumberxxx hari , status belum juga berubah admin . tadi sudah telepon qc katanya cuma disuruh menunggu ."", ""sore admin . ini ada keluhan nomor saya , pulsa terpotong terus . padahal tidak berlangganan paket apapun . tolong diperiksa min + xxxnumberxxx xxxnumberxxx - xxxnumberxxx - xxxnumberxxx ."", ""grab paket hemat saya billingnya itu tanggal xxxnumberxxx juli xxxnumberxxx . sekarang sudah agustus mengapa subscribe - nya masih aktif ?"", ""dear indosat , saya mau isi paket , tetapi mengapa tidak bisa ya ? sudah sejak jam xxxtimexxx tadi pulsa sudah masuk tetapi tidak bisa aktif ."", ""admin , kenapa saya tidak bisa sms ? saya mau konfirmasi pembelian paket selalu gagal smsnya dari tadi ."", ""sudah kak . sudah saya ganti ke xxxnumberxxx g , tapi tetap susah ."", ""pulsa saya berkurang xxxnumberxxx padahal tidak digunakan . saya mau beli paket jadi kurang , bagaimana ini ? xxxnumberxxx"", ""jb xxxphonexxx , sudah seminggu paket tidak sampai , padahal masih dalam jakarta . malah dikirim ke surabaya untuk apa ? jnt sistemnya seperti apa ?"", ""cek dm coba xxxuserxxx dari tadi komplain tidak ada respons , pulsa sudah terpotong kena tarik per kb .""]",False,10,2330,15,True,52,0.014083979,informal,0,0.7875994443893433,0.6317232251167297,0.9214733839035034,4942.722151165252,True,0.0
google/gemma-3-4b-it,informal,formal,centroid,,"mas , mbak , seventeen mau upload teaser nanti malem jam xxxnumberxxx , tolong aplikasinya jangan error mulu saya mau beli paket . makasih . jangan lupa stan seventeen .","admin , seventeen mau upload teaser nanti malem jam xxxnumberxxx , tolong aplikasinya jangan error mulu saya mau beli paket . makasih . jangan lupa stan seventeen .",False,203,4200101,42,"[""selamat malam . mohon saya diberi informasi . paket saya sejak tanggal xxxnumberxxx tertahan dengan status itu dan belum terkirim sampai sekarang . ada apa ?"", ""sudah xxxnumberxxx hari , status belum juga berubah admin . tadi sudah telepon qc katanya cuma disuruh menunggu ."", ""sore admin . ini ada keluhan nomor saya , pulsa terpotong terus . padahal tidak berlangganan paket apapun . tolong diperiksa min + xxxnumberxxx xxxnumberxxx - xxxnumberxxx - xxxnumberxxx ."", ""grab paket hemat saya billingnya itu tanggal xxxnumberxxx juli xxxnumberxxx . sekarang sudah agustus mengapa subscribe - nya masih aktif ?"", ""dear indosat , saya mau isi paket , tetapi mengapa tidak bisa ya ? sudah sejak jam xxxtimexxx tadi pulsa sudah masuk tetapi tidak bisa aktif ."", ""admin , kenapa saya tidak bisa sms ? saya mau konfirmasi pembelian paket selalu gagal smsnya dari tadi ."", ""sudah kak . sudah saya ganti ke xxxnumberxxx g , tapi tetap susah ."", ""pulsa saya berkurang xxxnumberxxx padahal tidak digunakan . saya mau beli paket jadi kurang , bagaimana ini ? xxxnumberxxx"", ""jb xxxphonexxx , sudah seminggu paket tidak sampai , padahal masih dalam jakarta . malah dikirim ke surabaya untuk apa ? jnt sistemnya seperti apa ?"", ""cek dm coba xxxuserxxx dari tadi komplain tidak ada respons , pulsa sudah terpotong kena tarik per kb .""]",False,10,2443,36,True,164,0.5085126,formal,1,0.9592560529708862,0.9427610635757446,0.9945119619369507,471.54270663139556,False,0.0
google/gemma-3-4b-it,informal,formal,centroid,,lagi pada beli motor gan masih inden xxxnumberxxx taun,“kok masih inden motor xxxnumberxxx taun nih?”,False,205,4200102,42,"[""selamat malam . mohon saya diberi informasi . paket saya sejak tanggal xxxnumberxxx tertahan dengan status itu dan belum terkirim sampai sekarang . ada apa ?"", ""sudah xxxnumberxxx hari , status belum juga berubah admin . tadi sudah telepon qc katanya cuma disuruh menunggu ."", ""sore admin . ini ada keluhan nomor saya , pulsa terpotong terus . padahal tidak berlangganan paket apapun . tolong diperiksa min + xxxnumberxxx xxxnumberxxx - xxxnumberxxx - xxxnumberxxx ."", ""grab paket hemat saya billingnya itu tanggal xxxnumberxxx juli xxxnumberxxx . sekarang sudah agustus mengapa subscribe - nya masih aktif ?"", ""dear indosat , saya mau isi paket , tetapi mengapa tidak bisa ya ? sudah sejak jam xxxtimexxx tadi pulsa sudah masuk tetapi tidak bisa aktif ."", ""admin , kenapa saya tidak bisa sms ? saya mau konfirmasi pembelian paket selalu gagal smsnya dari tadi ."", ""sudah kak . sudah saya ganti ke xxxnumberxxx g , tapi tetap susah ."", ""pulsa saya berkurang xxxnumberxxx padahal tidak digunakan . saya mau beli paket jadi kurang , bagaimana ini ? xxxnumberxxx"", ""jb xxxphonexxx , sudah seminggu paket tidak sampai , padahal masih dalam jakarta . malah dikirim ke surabaya untuk apa ? jnt sistemnya seperti apa ?"", ""cek dm coba xxxuserxxx dari tadi komplain tidak ada respons , pulsa sudah terpotong kena tarik per kb .""]",False,10,2328,13,True,46,0.004559257,informal,0,0.8589579463005066,0.6690737009048462,0.8968279957771301,2622.7402445861217,True,0.0
google/gemma-3-4b-it,informal,formal,centroid,,"kak ko saya gabisa beli paket ya ? saya mau beli yg xxxnumberxxx , pulsa saya juga pas xxxnumberxxx . tapi disini malah tulisannya pulsa tidak cukup ?","kak, kok saya gak bisa beli paket ya? mau beli yang xxxnumberxxx, pulsa saya juga cuma xxxnumberxxx. tapi di sini malah tulisannya pulsa gak cukup?",False,207,4200103,42,"[""selamat malam . mohon saya diberi informasi . paket saya sejak tanggal xxxnumberxxx tertahan dengan status itu dan belum terkirim sampai sekarang . ada apa ?"", ""sudah xxxnumberxxx hari , status belum juga berubah admin . tadi sudah telepon qc katanya cuma disuruh menunggu ."", ""sore admin . ini ada keluhan nomor saya , pulsa terpotong terus . padahal tidak berlangganan paket apapun . tolong diperiksa min + xxxnumberxxx xxxnumberxxx - xxxnumberxxx - xxxnumberxxx ."", ""grab paket hemat saya billingnya itu tanggal xxxnumberxxx juli xxxnumberxxx . sekarang sudah agustus mengapa subscribe - nya masih aktif ?"", ""dear indosat , saya mau isi paket , tetapi mengapa tidak bisa ya ? sudah sejak jam xxxtimexxx tadi pulsa sudah masuk tetapi tidak bisa aktif ."", ""admin , kenapa saya tidak bisa sms ? saya mau konfirmasi pembelian paket selalu gagal smsnya dari tadi ."", ""sudah kak . sudah saya ganti ke xxxnumberxxx g , tapi tetap susah ."", ""pulsa saya berkurang xxxnumberxxx padahal tidak digunakan . saya mau beli paket jadi kurang , bagaimana ini ? xxxnumberxxx"", ""jb xxxphonexxx , sudah seminggu paket tidak sampai , padahal masih dalam jakarta . malah dikirim ke surabaya untuk apa ? jnt sistemnya seperti apa ?"", ""cek dm coba xxxuserxxx dari tadi komplain tidak ada respons , pulsa sudah terpotong kena tarik per kb .""]",False,10,2424,36,True,147,0.009292863,informal,0,0.9321171045303345,0.9273906946182251,0.9914159774780273,97.4158597917808,False,0.0
google/gemma-3-4b-it,informal,formal,centroid,,"kak xxxuserxxx check dm ya , terimakasih","kak xxxuserxxx, cek dm ya, trims.",False,209,4200104,42,"[""selamat malam . mohon saya diberi informasi . paket saya sejak tanggal xxxnumberxxx tertahan dengan status itu dan belum terkirim sampai sekarang . ada apa ?"", ""sudah xxxnumberxxx hari , status belum juga berubah admin . tadi sudah telepon qc katanya cuma disuruh menunggu ."", ""sore admin . ini ada keluhan nomor saya , pulsa terpotong terus . padahal tidak berlangganan paket apapun . tolong diperiksa min + xxxnumberxxx xxxnumberxxx - xxxnumberxxx - xxxnumberxxx ."", ""grab paket hemat saya billingnya itu tanggal xxxnumberxxx juli xxxnumberxxx . sekarang sudah agustus mengapa subscribe - nya masih aktif ?"", ""dear indosat , saya mau isi paket , tetapi mengapa tidak bisa ya ? sudah sejak jam xxxtimexxx tadi pulsa sudah masuk tetapi tidak bisa aktif ."", ""admin , kenapa saya tidak bisa sms ? saya mau konfirmasi pembelian paket selalu gagal smsnya dari tadi ."", ""sudah kak . sudah saya ganti ke xxxnumberxxx g , tapi tetap susah ."", ""pulsa saya berkurang xxxnumberxxx padahal tidak digunakan . saya mau beli paket jadi kurang , bagaimana ini ? xxxnumberxxx"", ""jb xxxphonexxx , sudah seminggu paket tidak sampai , padahal masih dalam jakarta . malah dikirim ke surabaya untuk apa ? jnt sistemnya seperti apa ?"", ""cek dm coba xxxuserxxx dari tadi komplain tidak ada respons , pulsa sudah terpotong kena tarik per kb .""]",False,10,2314,12,True,33,0.02353925,informal,0,0.9283448457717896,0.8941969871520996,0.9638500809669495,3339.2819756525046,True,0.0
google/gemma-3-4b-it,informal,formal,centroid,,halo xxxuserxxx apa three lagi gangguan ? kenapa lemot bgt internet sy,"admin, kenapa internetnya lemot banget sih? sudah xxxuserxxx",False,211,4200105,42,"[""selamat malam . mohon saya diberi informasi . paket saya sejak tanggal xxxnumberxxx tertahan dengan status itu dan belum terkirim sampai sekarang . ada apa ?"", ""sudah xxxnumberxxx hari , status belum juga berubah admin . tadi sudah telepon qc katanya cuma disuruh menunggu ."", ""sore admin . ini ada keluhan nomor saya , pulsa terpotong terus . padahal tidak berlangganan paket apapun . tolong diperiksa min + xxxnumberxxx xxxnumberxxx - xxxnumberxxx - xxxnumberxxx ."", ""grab paket hemat saya billingnya itu tanggal xxxnumberxxx juli xxxnumberxxx . sekarang sudah agustus mengapa subscribe - nya masih aktif ?"", ""dear indosat , saya mau isi paket , tetapi mengapa tidak bisa ya ? sudah sejak jam xxxtimexxx tadi pulsa sudah masuk tetapi tidak bisa aktif ."", ""admin , kenapa saya tidak bisa sms ? saya mau konfirmasi pembelian paket selalu gagal smsnya dari tadi ."", ""sudah kak . sudah saya ganti ke xxxnumberxxx g , tapi tetap susah ."", ""pulsa saya berkurang xxxnumberxxx padahal tidak digunakan . saya mau beli paket jadi kurang , bagaimana ini ? xxxnumberxxx"", ""jb xxxphonexxx , sudah seminggu paket tidak sampai , padahal masih dalam jakarta . malah dikirim ke surabaya untuk apa ? jnt sistemnya seperti apa ?"", ""cek dm coba xxxuserxxx dari tadi komplain tidak ada respons , pulsa sudah terpotong kena tarik per kb .""]",False,10,2344,15,False,60,0.025903907,informal,0,0.7907828092575073,0.6632765531539917,0.9316172003746033,655.703505553312,False,0.0
google/gemma-3-4b-it,informal,formal,centroid,,sudah saya kirim min mohon di cek,"“sudah kok, udah saya kirim nih, tolong dicek ya.”",False,213,4200106,42,"[""selamat malam . mohon saya diberi informasi . paket saya sejak tanggal xxxnumberxxx tertahan dengan status itu dan belum terkirim sampai sekarang . ada apa ?"", ""sudah xxxnumberxxx hari , status belum juga berubah admin . tadi sudah telepon qc katanya cuma disuruh menunggu ."", ""sore admin . ini ada keluhan nomor saya , pulsa terpotong terus . padahal tidak berlangganan paket apapun . tolong diperiksa min + xxxnumberxxx xxxnumberxxx - xxxnumberxxx - xxxnumberxxx ."", ""grab paket hemat saya billingnya itu tanggal xxxnumberxxx juli xxxnumberxxx . sekarang sudah agustus mengapa subscribe - nya masih aktif ?"", ""dear indosat , saya mau isi paket , tetapi mengapa tidak bisa ya ? sudah sejak jam xxxtimexxx tadi pulsa sudah masuk tetapi tidak bisa aktif ."", ""admin , kenapa saya tidak bisa sms ? saya mau konfirmasi pembelian paket selalu gagal smsnya dari tadi ."", ""sudah kak . sudah saya ganti ke xxxnumberxxx g , tapi tetap susah ."", ""pulsa saya berkurang xxxnumberxxx padahal tidak digunakan . saya mau beli paket jadi kurang , bagaimana ini ? xxxnumberxxx"", ""jb xxxphonexxx , sudah seminggu paket tidak sampai , padahal masih dalam jakarta . malah dikirim ke surabaya untuk apa ? jnt sistemnya seperti apa ?"", ""cek dm coba xxxuserxxx dari tadi komplain tidak ada respons , pulsa sudah terpotong kena tarik per kb .""]",False,10,2307,17,True,50,0.03394561,informal,0,0.7091326713562012,0.7087423205375671,0.8792989253997803,33.264225417254586,False,0.0
google/gemma-3-4b-it,informal,formal,centroid,,owhh haha typo bikin salah paham,"“eh, maaf salah ketik jadi salah paham.”",False,215,4200107,42,"[""selamat malam . mohon saya diberi informasi . paket saya sejak tanggal xxxnumberxxx tertahan dengan status itu dan belum terkirim sampai sekarang . ada apa ?"", ""sudah xxxnumberxxx hari , status belum juga berubah admin . tadi sudah telepon qc katanya cuma disuruh menunggu ."", ""sore admin . ini ada keluhan nomor saya , pulsa terpotong terus . padahal tidak berlangganan paket apapun . tolong diperiksa min + xxxnumberxxx xxxnumberxxx - xxxnumberxxx - xxxnumberxxx ."", ""grab paket hemat saya billingnya itu tanggal xxxnumberxxx juli xxxnumberxxx . sekarang sudah agustus mengapa subscribe - nya masih aktif ?"", ""dear indosat , saya mau isi paket , tetapi mengapa tidak bisa ya ? sudah sejak jam xxxtimexxx tadi pulsa sudah masuk tetapi tidak bisa aktif ."", ""admin , kenapa saya tidak bisa sms ? saya mau konfirmasi pembelian paket selalu gagal smsnya dari tadi ."", ""sudah kak . sudah saya ganti ke xxxnumberxxx g , tapi tetap susah ."", ""pulsa saya berkurang xxxnumberxxx padahal tidak digunakan . saya mau beli paket jadi kurang , bagaimana ini ? xxxnumberxxx"", ""jb xxxphonexxx , sudah seminggu paket tidak sampai , padahal masih dalam jakarta . malah dikirim ke surabaya untuk apa ? jnt sistemnya seperti apa ?"", ""cek dm coba xxxuserxxx dari tadi komplain tidak ada respons , pulsa sudah terpotong kena tarik per kb .""]",False,10,2306,12,True,40,0.7442028,formal,1,0.5679508447647095,0.668791651725769,0.8778247833251953,97.41270114087179,False,0.0
google/gemma-3-4b-it,informal,formal,centroid,,"sinyal xxxnumberxxx g full tapi ga bisa dipake , daerah jogja ini kenapa udh hampir seminggu","admin , sinyal saya full kok gak bisa dipake di jogja , udah hampir seminggu nih .",True,217,4200108,42,"[""selamat malam . mohon saya diberi informasi . paket saya sejak tanggal xxxnumberxxx tertahan dengan status itu dan belum terkirim sampai sekarang . ada apa ?"", ""sudah xxxnumberxxx hari , status belum juga berubah admin . tadi sudah telepon qc katanya cuma disuruh menunggu ."", ""sore admin . ini ada keluhan nomor saya , pulsa terpotong terus . padahal tidak berlangganan paket apapun . tolong diperiksa min + xxxnumberxxx xxxnumberxxx - xxxnumberxxx - xxxnumberxxx ."", ""grab paket hemat saya billingnya itu tanggal xxxnumberxxx juli xxxnumberxxx . sekarang sudah agustus mengapa subscribe - nya masih aktif ?"", ""dear indosat , saya mau isi paket , tetapi mengapa tidak bisa ya ? sudah sejak jam xxxtimexxx tadi pulsa sudah masuk tetapi tidak bisa aktif ."", ""admin , kenapa saya tidak bisa sms ? saya mau konfirmasi pembelian paket selalu gagal smsnya dari tadi ."", ""sudah kak . sudah saya ganti ke xxxnumberxxx g , tapi tetap susah ."", ""pulsa saya berkurang xxxnumberxxx padahal tidak digunakan . saya mau beli paket jadi kurang , bagaimana ini ? xxxnumberxxx"", ""jb xxxphonexxx , sudah seminggu paket tidak sampai , padahal masih dalam jakarta . malah dikirim ke surabaya untuk apa ? jnt sistemnya seperti apa ?"", ""cek dm coba xxxuserxxx dari tadi komplain tidak ada respons , pulsa sudah terpotong kena tarik per kb .""]",False,10,2366,21,True,82,0.003832955,informal,0,0.7878334522247314,0.6951766610145569,0.9338337182998657,167.2491976066505,False,0.0
google/gemma-3-4b-it,informal,formal,centroid,,"halo admin , saya mau melaporkan sebuah toko . jadi penjualnya itu bersikap tidak sopan ke saya ( selaku pembeli ) dan saya merasa tersinggung dengan perkataan penjualnya .","“admin, ada toko yang penjualnya gak sopanin ke saya (sebagai pembeli) dan bikin saya tersinggung sama perkataannya.”",False,219,4200109,42,"[""selamat malam . mohon saya diberi informasi . paket saya sejak tanggal xxxnumberxxx tertahan dengan status itu dan belum terkirim sampai sekarang . ada apa ?"", ""sudah xxxnumberxxx hari , status belum juga berubah admin . tadi sudah telepon qc katanya cuma disuruh menunggu ."", ""sore admin . ini ada keluhan nomor saya , pulsa terpotong terus . padahal tidak berlangganan paket apapun . tolong diperiksa min + xxxnumberxxx xxxnumberxxx - xxxnumberxxx - xxxnumberxxx ."", ""grab paket hemat saya billingnya itu tanggal xxxnumberxxx juli xxxnumberxxx . sekarang sudah agustus mengapa subscribe - nya masih aktif ?"", ""dear indosat , saya mau isi paket , tetapi mengapa tidak bisa ya ? sudah sejak jam xxxtimexxx tadi pulsa sudah masuk tetapi tidak bisa aktif ."", ""admin , kenapa saya tidak bisa sms ? saya mau konfirmasi pembelian paket selalu gagal smsnya dari tadi ."", ""sudah kak . sudah saya ganti ke xxxnumberxxx g , tapi tetap susah ."", ""pulsa saya berkurang xxxnumberxxx padahal tidak digunakan . saya mau beli paket jadi kurang , bagaimana ini ? xxxnumberxxx"", ""jb xxxphonexxx , sudah seminggu paket tidak sampai , padahal masih dalam jakarta . malah dikirim ke surabaya untuk apa ? jnt sistemnya seperti apa ?"", ""cek dm coba xxxuserxxx dari tadi komplain tidak ada respons , pulsa sudah terpotong kena tarik per kb .""]",False,10,2446,30,True,117,0.30734125,informal,0,0.8149691820144653,0.8179605603218079,0.9447015523910522,57.35372124929516,False,0.0
google/gemma-3-4b-it,informal,formal,centroid,,harus punya pulsa banyak klo hub . nomer itu ya min ? emang gak ada twitter brilink ya,"“admin, kenapa nomor saya gak bisa hubung-hubung? kok gak ada twitter Brilink ya?”",False,221,4200110,42,"[""selamat malam . mohon saya diberi informasi . paket saya sejak tanggal xxxnumberxxx tertahan dengan status itu dan belum terkirim sampai sekarang . ada apa ?"", ""sudah xxxnumberxxx hari , status belum juga berubah admin . tadi sudah telepon qc katanya cuma disuruh menunggu ."", ""sore admin . ini ada keluhan nomor saya , pulsa terpotong terus . padahal tidak berlangganan paket apapun . tolong diperiksa min + xxxnumberxxx xxxnumberxxx - xxxnumberxxx - xxxnumberxxx ."", ""grab paket hemat saya billingnya itu tanggal xxxnumberxxx juli xxxnumberxxx . sekarang sudah agustus mengapa subscribe - nya masih aktif ?"", ""dear indosat , saya mau isi paket , tetapi mengapa tidak bisa ya ? sudah sejak jam xxxtimexxx tadi pulsa sudah masuk tetapi tidak bisa aktif ."", ""admin , kenapa saya tidak bisa sms ? saya mau konfirmasi pembelian paket selalu gagal smsnya dari tadi ."", ""sudah kak . sudah saya ganti ke xxxnumberxxx g , tapi tetap susah ."", ""pulsa saya berkurang xxxnumberxxx padahal tidak digunakan . saya mau beli paket jadi kurang , bagaimana ini ? xxxnumberxxx"", ""jb xxxphonexxx , sudah seminggu paket tidak sampai , padahal masih dalam jakarta . malah dikirim ke surabaya untuk apa ? jnt sistemnya seperti apa ?"", ""cek dm coba xxxuserxxx dari tadi komplain tidak ada respons , pulsa sudah terpotong kena tarik per kb .""]",False,10,2360,22,True,82,0.010058829,informal,0,0.7563528418540955,0.5006924867630005,0.9003380537033081,239.3304401878783,False,0.0
google/gemma-3-4b-it,informal,formal,centroid,,"xxxnumberxxx hari ini jaringan xxxnumberxxx g ngadat , xxxnumberxxx g pun ngos - ngosan . sekedar buka web saja luaamaa . tolong dong di tindak lanjuti","admin, jaringan xxxnumberxxx g udah lama matiin hari ini, bikin susah banget. Mau buka web aja udah ngos-ngosan. Tolong di tindak lanjuti ya.",False,223,4200111,42,"[""selamat malam . mohon saya diberi informasi . paket saya sejak tanggal xxxnumberxxx tertahan dengan status itu dan belum terkirim sampai sekarang . ada apa ?"", ""sudah xxxnumberxxx hari , status belum juga berubah admin . tadi sudah telepon qc katanya cuma disuruh menunggu ."", ""sore admin . ini ada keluhan nomor saya , pulsa terpotong terus . padahal tidak berlangganan paket apapun . tolong diperiksa min + xxxnumberxxx xxxnumberxxx - xxxnumberxxx - xxxnumberxxx ."", ""grab paket hemat saya billingnya itu tanggal xxxnumberxxx juli xxxnumberxxx . sekarang sudah agustus mengapa subscribe - nya masih aktif ?"", ""dear indosat , saya mau isi paket , tetapi mengapa tidak bisa ya ? sudah sejak jam xxxtimexxx tadi pulsa sudah masuk tetapi tidak bisa aktif ."", ""admin , kenapa saya tidak bisa sms ? saya mau konfirmasi pembelian paket selalu gagal smsnya dari tadi ."", ""sudah kak . sudah saya ganti ke xxxnumberxxx g , tapi tetap susah ."", ""pulsa saya berkurang xxxnumberxxx padahal tidak digunakan . saya mau beli paket jadi kurang , bagaimana ini ? xxxnumberxxx"", ""jb xxxphonexxx , sudah seminggu paket tidak sampai , padahal masih dalam jakarta . malah dikirim ke surabaya untuk apa ? jnt sistemnya seperti apa ?"", ""cek dm coba xxxuserxxx dari tadi komplain tidak ada respons , pulsa sudah terpotong kena tarik per kb .""]",False,10,2425,39,True,141,0.0070732627,informal,0,0.7697290182113647,0.7830106019973755,0.9191012382507324,88.02061167129501,False,0.0
google/gemma-3-4b-it,informal,formal,centroid,,sy sudah menyelesaikan mission jugglenaut pas masih ada xxxnumberxxx + rewards left nya smoe skrg blm dikirim rewardsnya,"“sudah kak, saya sudah menyelesaikan misi Jugglenaut pas masih ada xxxnumberxxx + rewards left nya. skrg rewardsnya belum dikirim.”",False,225,4200112,42,"[""selamat malam . mohon saya diberi informasi . paket saya sejak tanggal xxxnumberxxx tertahan dengan status itu dan belum terkirim sampai sekarang . ada apa ?"", ""sudah xxxnumberxxx hari , status belum juga berubah admin . tadi sudah telepon qc katanya cuma disuruh menunggu ."", ""sore admin . ini ada keluhan nomor saya , pulsa terpotong terus . padahal tidak berlangganan paket apapun . tolong diperiksa min + xxxnumberxxx xxxnumberxxx - xxxnumberxxx - xxxnumberxxx ."", ""grab paket hemat saya billingnya itu tanggal xxxnumberxxx juli xxxnumberxxx . sekarang sudah agustus mengapa subscribe - nya masih aktif ?"", ""dear indosat , saya mau isi paket , tetapi mengapa tidak bisa ya ? sudah sejak jam xxxtimexxx tadi pulsa sudah masuk tetapi tidak bisa aktif ."", ""admin , kenapa saya tidak bisa sms ? saya mau konfirmasi pembelian paket selalu gagal smsnya dari tadi ."", ""sudah kak . sudah saya ganti ke xxxnumberxxx g , tapi tetap susah ."", ""pulsa saya berkurang xxxnumberxxx padahal tidak digunakan . saya mau beli paket jadi kurang , bagaimana ini ? xxxnumberxxx"", ""jb xxxphonexxx , sudah seminggu paket tidak sampai , padahal masih dalam jakarta . malah dikirim ke surabaya untuk apa ? jnt sistemnya seperti apa ?"", ""cek dm coba xxxuserxxx dari tadi komplain tidak ada respons , pulsa sudah terpotong kena tarik per kb .""]",False,10,2394,31,True,131,0.036783133,informal,0,0.8775470852851868,0.8674267530441284,0.9334787130355835,501.26287346327905,False,0.0
google/gemma-3-4b-it,informal,formal,centroid,,tolong xxxuserxxx di tindak lanjuti yang beginian,"admin, tolong tindak lanjuti yang beginian ya?",False,227,4200113,42,"[""selamat malam . mohon saya diberi informasi . paket saya sejak tanggal xxxnumberxxx tertahan dengan status itu dan belum terkirim sampai sekarang . ada apa ?"", ""sudah xxxnumberxxx hari , status belum juga berubah admin . tadi sudah telepon qc katanya cuma disuruh menunggu ."", ""sore admin . ini ada keluhan nomor saya , pulsa terpotong terus . padahal tidak berlangganan paket apapun . tolong diperiksa min + xxxnumberxxx xxxnumberxxx - xxxnumberxxx - xxxnumberxxx ."", ""grab paket hemat saya billingnya itu tanggal xxxnumberxxx juli xxxnumberxxx . sekarang sudah agustus mengapa subscribe - nya masih aktif ?"", ""dear indosat , saya mau isi paket , tetapi mengapa tidak bisa ya ? sudah sejak jam xxxtimexxx tadi pulsa sudah masuk tetapi tidak bisa aktif ."", ""admin , kenapa saya tidak bisa sms ? saya mau konfirmasi pembelian paket selalu gagal smsnya dari tadi ."", ""sudah kak . sudah saya ganti ke xxxnumberxxx g , tapi tetap susah ."", ""pulsa saya berkurang xxxnumberxxx padahal tidak digunakan . saya mau beli paket jadi kurang , bagaimana ini ? xxxnumberxxx"", ""jb xxxphonexxx , sudah seminggu paket tidak sampai , padahal masih dalam jakarta . malah dikirim ke surabaya untuk apa ? jnt sistemnya seperti apa ?"", ""cek dm coba xxxuserxxx dari tadi komplain tidak ada respons , pulsa sudah terpotong kena tarik per kb .""]",False,10,2323,14,True,46,0.025883008,informal,0,0.621362566947937,0.5698637962341309,0.9150826334953308,147.63131852670753,False,0.0
google/gemma-3-4b-it,informal,formal,centroid,,"klo paketan cod gagal dikirim , gimana kelanjutannya ? pembeli susah dihubungi","“Paket COD gagal dikirim, bagaimana kelanjutannya? Pembeli susah dihubungi, tolong diusahakan.”",False,229,4200114,42,"[""selamat malam . mohon saya diberi informasi . paket saya sejak tanggal xxxnumberxxx tertahan dengan status itu dan belum terkirim sampai sekarang . ada apa ?"", ""sudah xxxnumberxxx hari , status belum juga berubah admin . tadi sudah telepon qc katanya cuma disuruh menunggu ."", ""sore admin . ini ada keluhan nomor saya , pulsa terpotong terus . padahal tidak berlangganan paket apapun . tolong diperiksa min + xxxnumberxxx xxxnumberxxx - xxxnumberxxx - xxxnumberxxx ."", ""grab paket hemat saya billingnya itu tanggal xxxnumberxxx juli xxxnumberxxx . sekarang sudah agustus mengapa subscribe - nya masih aktif ?"", ""dear indosat , saya mau isi paket , tetapi mengapa tidak bisa ya ? sudah sejak jam xxxtimexxx tadi pulsa sudah masuk tetapi tidak bisa aktif ."", ""admin , kenapa saya tidak bisa sms ? saya mau konfirmasi pembelian paket selalu gagal smsnya dari tadi ."", ""sudah kak . sudah saya ganti ke xxxnumberxxx g , tapi tetap susah ."", ""pulsa saya berkurang xxxnumberxxx padahal tidak digunakan . saya mau beli paket jadi kurang , bagaimana ini ? xxxnumberxxx"", ""jb xxxphonexxx , sudah seminggu paket tidak sampai , padahal masih dalam jakarta . malah dikirim ke surabaya untuk apa ? jnt sistemnya seperti apa ?"", ""cek dm coba xxxuserxxx dari tadi komplain tidak ada respons , pulsa sudah terpotong kena tarik per kb .""]",False,10,2352,25,True,95,0.7749221,formal,1,0.917244553565979,0.8702657222747803,0.9266822934150696,62.15498615415422,False,0.0
google/gemma-3-4b-it,informal,formal,centroid,,"bingung sama xxxuserxxx sinyal ga pernah stabil , sebanyak apapun isi kuota kayanya ga ngaruh . udh ubah xxxnumberxxx g pun ttp aja .","admin, sinyalnya kok nggak stabil ya? udah isi kuota sebanyak apa aja, tetep aja gitu. udah ganti ke xxxnumberxxx g juga nggak berubah.",False,231,4200115,42,"[""selamat malam . mohon saya diberi informasi . paket saya sejak tanggal xxxnumberxxx tertahan dengan status itu dan belum terkirim sampai sekarang . ada apa ?"", ""sudah xxxnumberxxx hari , status belum juga berubah admin . tadi sudah telepon qc katanya cuma disuruh menunggu ."", ""sore admin . ini ada keluhan nomor saya , pulsa terpotong terus . padahal tidak berlangganan paket apapun . tolong diperiksa min + xxxnumberxxx xxxnumberxxx - xxxnumberxxx - xxxnumberxxx ."", ""grab paket hemat saya billingnya itu tanggal xxxnumberxxx juli xxxnumberxxx . sekarang sudah agustus mengapa subscribe - nya masih aktif ?"", ""dear indosat , saya mau isi paket , tetapi mengapa tidak bisa ya ? sudah sejak jam xxxtimexxx tadi pulsa sudah masuk tetapi tidak bisa aktif ."", ""admin , kenapa saya tidak bisa sms ? saya mau konfirmasi pembelian paket selalu gagal smsnya dari tadi ."", ""sudah kak . sudah saya ganti ke xxxnumberxxx g , tapi tetap susah ."", ""pulsa saya berkurang xxxnumberxxx padahal tidak digunakan . saya mau beli paket jadi kurang , bagaimana ini ? xxxnumberxxx"", ""jb xxxphonexxx , sudah seminggu paket tidak sampai , padahal masih dalam jakarta . malah dikirim ke surabaya untuk apa ? jnt sistemnya seperti apa ?"", ""cek dm coba xxxuserxxx dari tadi komplain tidak ada respons , pulsa sudah terpotong kena tarik per kb .""]",False,10,2407,34,True,135,0.003814229,informal,0,0.8317075967788696,0.7312816381454468,0.9552441239356995,116.36479948631764,False,0.0
google/gemma-3-4b-it,informal,formal,centroid,,kenapa ya internet jadi lemot ? padahal udah di pengaturan terus pilih jaringan manual tapi tetap saja lemot,"“kok ya internetnya lama sih? udah diatur manual, pilih jaringan manual, tetep aja lemot.”",False,233,4200116,42,"[""selamat malam . mohon saya diberi informasi . paket saya sejak tanggal xxxnumberxxx tertahan dengan status itu dan belum terkirim sampai sekarang . ada apa ?"", ""sudah xxxnumberxxx hari , status belum juga berubah admin . tadi sudah telepon qc katanya cuma disuruh menunggu ."", ""sore admin . ini ada keluhan nomor saya , pulsa terpotong terus . padahal tidak berlangganan paket apapun . tolong diperiksa min + xxxnumberxxx xxxnumberxxx - xxxnumberxxx - xxxnumberxxx ."", ""grab paket hemat saya billingnya itu tanggal xxxnumberxxx juli xxxnumberxxx . sekarang sudah agustus mengapa subscribe - nya masih aktif ?"", ""dear indosat , saya mau isi paket , tetapi mengapa tidak bisa ya ? sudah sejak jam xxxtimexxx tadi pulsa sudah masuk tetapi tidak bisa aktif ."", ""admin , kenapa saya tidak bisa sms ? saya mau konfirmasi pembelian paket selalu gagal smsnya dari tadi ."", ""sudah kak . sudah saya ganti ke xxxnumberxxx g , tapi tetap susah ."", ""pulsa saya berkurang xxxnumberxxx padahal tidak digunakan . saya mau beli paket jadi kurang , bagaimana ini ? xxxnumberxxx"", ""jb xxxphonexxx , sudah seminggu paket tidak sampai , padahal masih dalam jakarta . malah dikirim ke surabaya untuk apa ? jnt sistemnya seperti apa ?"", ""cek dm coba xxxuserxxx dari tadi komplain tidak ada respons , pulsa sudah terpotong kena tarik per kb .""]",False,10,2382,23,True,90,0.0065177274,informal,0,0.8732464909553528,0.7776522636413574,0.9304410219192505,72.85858249121075,False,0.0
google/gemma-3-4b-it,informal,formal,centroid,,"iye di kasih kopi , kopi sudah mendarah daging","iye, kok bisa gitu? udah mendarah daging nih.",False,235,4200117,42,"[""selamat malam . mohon saya diberi informasi . paket saya sejak tanggal xxxnumberxxx tertahan dengan status itu dan belum terkirim sampai sekarang . ada apa ?"", ""sudah xxxnumberxxx hari , status belum juga berubah admin . tadi sudah telepon qc katanya cuma disuruh menunggu ."", ""sore admin . ini ada keluhan nomor saya , pulsa terpotong terus . padahal tidak berlangganan paket apapun . tolong diperiksa min + xxxnumberxxx xxxnumberxxx - xxxnumberxxx - xxxnumberxxx ."", ""grab paket hemat saya billingnya itu tanggal xxxnumberxxx juli xxxnumberxxx . sekarang sudah agustus mengapa subscribe - nya masih aktif ?"", ""dear indosat , saya mau isi paket , tetapi mengapa tidak bisa ya ? sudah sejak jam xxxtimexxx tadi pulsa sudah masuk tetapi tidak bisa aktif ."", ""admin , kenapa saya tidak bisa sms ? saya mau konfirmasi pembelian paket selalu gagal smsnya dari tadi ."", ""sudah kak . sudah saya ganti ke xxxnumberxxx g , tapi tetap susah ."", ""pulsa saya berkurang xxxnumberxxx padahal tidak digunakan . saya mau beli paket jadi kurang , bagaimana ini ? xxxnumberxxx"", ""jb xxxphonexxx , sudah seminggu paket tidak sampai , padahal masih dalam jakarta . malah dikirim ke surabaya untuk apa ? jnt sistemnya seperti apa ?"", ""cek dm coba xxxuserxxx dari tadi komplain tidak ada respons , pulsa sudah terpotong kena tarik per kb .""]",False,10,2320,15,True,45,0.003823074,informal,0,0.6141573190689087,0.33495134115219116,0.889120876789093,58.271885775452375,False,0.0
google/gemma-3-4b-it,informal,formal,centroid,,"masih error , saya beralih aja ke kartu yang lain","“udah, kok masih error nih, mending ganti kartu aja.”",False,237,4200118,42,"[""selamat malam . mohon saya diberi informasi . paket saya sejak tanggal xxxnumberxxx tertahan dengan status itu dan belum terkirim sampai sekarang . ada apa ?"", ""sudah xxxnumberxxx hari , status belum juga berubah admin . tadi sudah telepon qc katanya cuma disuruh menunggu ."", ""sore admin . ini ada keluhan nomor saya , pulsa terpotong terus . padahal tidak berlangganan paket apapun . tolong diperiksa min + xxxnumberxxx xxxnumberxxx - xxxnumberxxx - xxxnumberxxx ."", ""grab paket hemat saya billingnya itu tanggal xxxnumberxxx juli xxxnumberxxx . sekarang sudah agustus mengapa subscribe - nya masih aktif ?"", ""dear indosat , saya mau isi paket , tetapi mengapa tidak bisa ya ? sudah sejak jam xxxtimexxx tadi pulsa sudah masuk tetapi tidak bisa aktif ."", ""admin , kenapa saya tidak bisa sms ? saya mau konfirmasi pembelian paket selalu gagal smsnya dari tadi ."", ""sudah kak . sudah saya ganti ke xxxnumberxxx g , tapi tetap susah ."", ""pulsa saya berkurang xxxnumberxxx padahal tidak digunakan . saya mau beli paket jadi kurang , bagaimana ini ? xxxnumberxxx"", ""jb xxxphonexxx , sudah seminggu paket tidak sampai , padahal masih dalam jakarta . malah dikirim ke surabaya untuk apa ? jnt sistemnya seperti apa ?"", ""cek dm coba xxxuserxxx dari tadi komplain tidak ada respons , pulsa sudah terpotong kena tarik per kb .""]",False,10,2323,14,True,53,0.05904329,informal,0,0.6036831140518188,0.7205349206924438,0.9038600921630859,179.10556966319027,False,0.0
google/gemma-3-4b-it,informal,formal,centroid,,"malam admin xxxuserxxx saya baru isi pulsa xxxnumberxxx xxxnumberxxx k , tiba2 pulsa ilang entah kenapa . padahal belum saya apa2in . sebel saya","admin, pulsa saya tiba-tiba ilang setelah isi pulsa xxxnumberxxx xxxnumberxxx. sebel banget!",False,239,4200119,42,"[""selamat malam . mohon saya diberi informasi . paket saya sejak tanggal xxxnumberxxx tertahan dengan status itu dan belum terkirim sampai sekarang . ada apa ?"", ""sudah xxxnumberxxx hari , status belum juga berubah admin . tadi sudah telepon qc katanya cuma disuruh menunggu ."", ""sore admin . ini ada keluhan nomor saya , pulsa terpotong terus . padahal tidak berlangganan paket apapun . tolong diperiksa min + xxxnumberxxx xxxnumberxxx - xxxnumberxxx - xxxnumberxxx ."", ""grab paket hemat saya billingnya itu tanggal xxxnumberxxx juli xxxnumberxxx . sekarang sudah agustus mengapa subscribe - nya masih aktif ?"", ""dear indosat , saya mau isi paket , tetapi mengapa tidak bisa ya ? sudah sejak jam xxxtimexxx tadi pulsa sudah masuk tetapi tidak bisa aktif ."", ""admin , kenapa saya tidak bisa sms ? saya mau konfirmasi pembelian paket selalu gagal smsnya dari tadi ."", ""sudah kak . sudah saya ganti ke xxxnumberxxx g , tapi tetap susah ."", ""pulsa saya berkurang xxxnumberxxx padahal tidak digunakan . saya mau beli paket jadi kurang , bagaimana ini ? xxxnumberxxx"", ""jb xxxphonexxx , sudah seminggu paket tidak sampai , padahal masih dalam jakarta . malah dikirim ke surabaya untuk apa ? jnt sistemnya seperti apa ?"", ""cek dm coba xxxuserxxx dari tadi komplain tidak ada respons , pulsa sudah terpotong kena tarik per kb .""]",False,10,2418,22,True,92,0.030257575,informal,0,0.8874677419662476,0.7833045721054077,0.9460817575454712,517.2876239626726,False,0.0
google/gemma-3-4b-it,informal,formal,centroid,,"kencan bahagia itu dinner bareng kekasih di kfc bayarnya , kenyangnya dapet , romantisnya dapet , plus dapat cashback xxxpercentxxx dari xxxuserxxx . mantul mantul mantul .","“Mau kencan seru? Dinner bareng pacar di KFC, bayarnya hemat, romantisnya juga ada, plus dapat cashback xxxpercentxxx dari xxxuserxxx. Mantul banget!”",False,241,4200120,42,"[""selamat malam . mohon saya diberi informasi . paket saya sejak tanggal xxxnumberxxx tertahan dengan status itu dan belum terkirim sampai sekarang . ada apa ?"", ""sudah xxxnumberxxx hari , status belum juga berubah admin . tadi sudah telepon qc katanya cuma disuruh menunggu ."", ""sore admin . ini ada keluhan nomor saya , pulsa terpotong terus . padahal tidak berlangganan paket apapun . tolong diperiksa min + xxxnumberxxx xxxnumberxxx - xxxnumberxxx - xxxnumberxxx ."", ""grab paket hemat saya billingnya itu tanggal xxxnumberxxx juli xxxnumberxxx . sekarang sudah agustus mengapa subscribe - nya masih aktif ?"", ""dear indosat , saya mau isi paket , tetapi mengapa tidak bisa ya ? sudah sejak jam xxxtimexxx tadi pulsa sudah masuk tetapi tidak bisa aktif ."", ""admin , kenapa saya tidak bisa sms ? saya mau konfirmasi pembelian paket selalu gagal smsnya dari tadi ."", ""sudah kak . sudah saya ganti ke xxxnumberxxx g , tapi tetap susah ."", ""pulsa saya berkurang xxxnumberxxx padahal tidak digunakan . saya mau beli paket jadi kurang , bagaimana ini ? xxxnumberxxx"", ""jb xxxphonexxx , sudah seminggu paket tidak sampai , padahal masih dalam jakarta . malah dikirim ke surabaya untuk apa ? jnt sistemnya seperti apa ?"", ""cek dm coba xxxuserxxx dari tadi komplain tidak ada respons , pulsa sudah terpotong kena tarik per kb .""]",False,10,2446,38,True,150,0.1553276,informal,0,0.852666437625885,0.813334584236145,0.9301278591156006,194.9309656314545,False,0.0
google/gemma-3-4b-it,informal,formal,centroid,,min transaksi xxxnumberxxx belum dipick up kurir terus sudah xxxnumberxxx hari . bisa bantu percepat ?,"admin , transaksi xxxnumberxxx belum di-pick up kurir sudah xxxnumberxxx hari . bisa bantu percepat?",False,243,4200121,42,"[""selamat malam . mohon saya diberi informasi . paket saya sejak tanggal xxxnumberxxx tertahan dengan status itu dan belum terkirim sampai sekarang . ada apa ?"", ""sudah xxxnumberxxx hari , status belum juga berubah admin . tadi sudah telepon qc katanya cuma disuruh menunggu ."", ""sore admin . ini ada keluhan nomor saya , pulsa terpotong terus . padahal tidak berlangganan paket apapun . tolong diperiksa min + xxxnumberxxx xxxnumberxxx - xxxnumberxxx - xxxnumberxxx ."", ""grab paket hemat saya billingnya itu tanggal xxxnumberxxx juli xxxnumberxxx . sekarang sudah agustus mengapa subscribe - nya masih aktif ?"", ""dear indosat , saya mau isi paket , tetapi mengapa tidak bisa ya ? sudah sejak jam xxxtimexxx tadi pulsa sudah masuk tetapi tidak bisa aktif ."", ""admin , kenapa saya tidak bisa sms ? saya mau konfirmasi pembelian paket selalu gagal smsnya dari tadi ."", ""sudah kak . sudah saya ganti ke xxxnumberxxx g , tapi tetap susah ."", ""pulsa saya berkurang xxxnumberxxx padahal tidak digunakan . saya mau beli paket jadi kurang , bagaimana ini ? xxxnumberxxx"", ""jb xxxphonexxx , sudah seminggu paket tidak sampai , padahal masih dalam jakarta . malah dikirim ke surabaya untuk apa ? jnt sistemnya seperti apa ?"", ""cek dm coba xxxuserxxx dari tadi komplain tidak ada respons , pulsa sudah terpotong kena tarik per kb .""]",False,10,2376,25,True,100,0.8773831,formal,1,0.8953068852424622,0.8494923710823059,0.9887676239013672,409.78030937732973,False,0.0
google/gemma-3-4b-it,informal,formal,centroid,,saya tarik saldo dari aplikasi linkaja ke rekening bank bri saya kenapa sampe sekarang masih pending ya ?,"“Kenapa masih pending ya? dari tadi tarik saldo Linkaja ke BRI, sampe sekarang belum juga masuk.”",False,245,4200122,42,"[""selamat malam . mohon saya diberi informasi . paket saya sejak tanggal xxxnumberxxx tertahan dengan status itu dan belum terkirim sampai sekarang . ada apa ?"", ""sudah xxxnumberxxx hari , status belum juga berubah admin . tadi sudah telepon qc katanya cuma disuruh menunggu ."", ""sore admin . ini ada keluhan nomor saya , pulsa terpotong terus . padahal tidak berlangganan paket apapun . tolong diperiksa min + xxxnumberxxx xxxnumberxxx - xxxnumberxxx - xxxnumberxxx ."", ""grab paket hemat saya billingnya itu tanggal xxxnumberxxx juli xxxnumberxxx . sekarang sudah agustus mengapa subscribe - nya masih aktif ?"", ""dear indosat , saya mau isi paket , tetapi mengapa tidak bisa ya ? sudah sejak jam xxxtimexxx tadi pulsa sudah masuk tetapi tidak bisa aktif ."", ""admin , kenapa saya tidak bisa sms ? saya mau konfirmasi pembelian paket selalu gagal smsnya dari tadi ."", ""sudah kak . sudah saya ganti ke xxxnumberxxx g , tapi tetap susah ."", ""pulsa saya berkurang xxxnumberxxx padahal tidak digunakan . saya mau beli paket jadi kurang , bagaimana ini ? xxxnumberxxx"", ""jb xxxphonexxx , sudah seminggu paket tidak sampai , padahal masih dalam jakarta . malah dikirim ke surabaya untuk apa ? jnt sistemnya seperti apa ?"", ""cek dm coba xxxuserxxx dari tadi komplain tidak ada respons , pulsa sudah terpotong kena tarik per kb .""]",False,10,2379,23,True,97,0.04096406,informal,0,0.8657944202423096,0.7648297548294067,0.9497073292732239,156.72212829618582,False,0.0
google/gemma-3-4b-it,informal,formal,centroid,,jawaban nya a . asuransi ikutan yuk xxxuserxxx xxxuserxxx xxxuserxxx done follow semua sosmed,"admin, sudah selesai follow semua sosmed, jawabannya a ya? xxxuserxxx",False,247,4200123,42,"[""selamat malam . mohon saya diberi informasi . paket saya sejak tanggal xxxnumberxxx tertahan dengan status itu dan belum terkirim sampai sekarang . ada apa ?"", ""sudah xxxnumberxxx hari , status belum juga berubah admin . tadi sudah telepon qc katanya cuma disuruh menunggu ."", ""sore admin . ini ada keluhan nomor saya , pulsa terpotong terus . padahal tidak berlangganan paket apapun . tolong diperiksa min + xxxnumberxxx xxxnumberxxx - xxxnumberxxx - xxxnumberxxx ."", ""grab paket hemat saya billingnya itu tanggal xxxnumberxxx juli xxxnumberxxx . sekarang sudah agustus mengapa subscribe - nya masih aktif ?"", ""dear indosat , saya mau isi paket , tetapi mengapa tidak bisa ya ? sudah sejak jam xxxtimexxx tadi pulsa sudah masuk tetapi tidak bisa aktif ."", ""admin , kenapa saya tidak bisa sms ? saya mau konfirmasi pembelian paket selalu gagal smsnya dari tadi ."", ""sudah kak . sudah saya ganti ke xxxnumberxxx g , tapi tetap susah ."", ""pulsa saya berkurang xxxnumberxxx padahal tidak digunakan . saya mau beli paket jadi kurang , bagaimana ini ? xxxnumberxxx"", ""jb xxxphonexxx , sudah seminggu paket tidak sampai , padahal masih dalam jakarta . malah dikirim ke surabaya untuk apa ? jnt sistemnya seperti apa ?"", ""cek dm coba xxxuserxxx dari tadi komplain tidak ada respons , pulsa sudah terpotong kena tarik per kb .""]",False,10,2367,18,False,69,0.087511964,informal,0,0.5659133195877075,0.6389991641044617,0.9336047172546387,1075.3315910860802,True,0.0
google/gemma-3-4b-it,informal,formal,centroid,,berarti kalo ga di on / off kan dulu airplane mode nya tetep pake kuota reguler gitu ?,"“terus kalau nggak dinyalain airplane mode, tetep pakai kuota reguler gitu ya?”",False,249,4200124,42,"[""selamat malam . mohon saya diberi informasi . paket saya sejak tanggal xxxnumberxxx tertahan dengan status itu dan belum terkirim sampai sekarang . ada apa ?"", ""sudah xxxnumberxxx hari , status belum juga berubah admin . tadi sudah telepon qc katanya cuma disuruh menunggu ."", ""sore admin . ini ada keluhan nomor saya , pulsa terpotong terus . padahal tidak berlangganan paket apapun . tolong diperiksa min + xxxnumberxxx xxxnumberxxx - xxxnumberxxx - xxxnumberxxx ."", ""grab paket hemat saya billingnya itu tanggal xxxnumberxxx juli xxxnumberxxx . sekarang sudah agustus mengapa subscribe - nya masih aktif ?"", ""dear indosat , saya mau isi paket , tetapi mengapa tidak bisa ya ? sudah sejak jam xxxtimexxx tadi pulsa sudah masuk tetapi tidak bisa aktif ."", ""admin , kenapa saya tidak bisa sms ? saya mau konfirmasi pembelian paket selalu gagal smsnya dari tadi ."", ""sudah kak . sudah saya ganti ke xxxnumberxxx g , tapi tetap susah ."", ""pulsa saya berkurang xxxnumberxxx padahal tidak digunakan . saya mau beli paket jadi kurang , bagaimana ini ? xxxnumberxxx"", ""jb xxxphonexxx , sudah seminggu paket tidak sampai , padahal masih dalam jakarta . malah dikirim ke surabaya untuk apa ? jnt sistemnya seperti apa ?"", ""cek dm coba xxxuserxxx dari tadi komplain tidak ada respons , pulsa sudah terpotong kena tarik per kb .""]",False,10,2360,21,True,79,0.005686193,informal,0,0.8317357897758484,0.7790859937667847,0.9255568981170654,82.59325610050067,False,0.0
google/gemma-3-4b-it,informal,formal,centroid,,"sy tunggu responnya disini , segera ! sblm dpt jwban sy retweet simultan biar inget !","admin, tolong segera balas ya! aku mau retweet biar gak lupa.",False,251,4200125,42,"[""selamat malam . mohon saya diberi informasi . paket saya sejak tanggal xxxnumberxxx tertahan dengan status itu dan belum terkirim sampai sekarang . ada apa ?"", ""sudah xxxnumberxxx hari , status belum juga berubah admin . tadi sudah telepon qc katanya cuma disuruh menunggu ."", ""sore admin . ini ada keluhan nomor saya , pulsa terpotong terus . padahal tidak berlangganan paket apapun . tolong diperiksa min + xxxnumberxxx xxxnumberxxx - xxxnumberxxx - xxxnumberxxx ."", ""grab paket hemat saya billingnya itu tanggal xxxnumberxxx juli xxxnumberxxx . sekarang sudah agustus mengapa subscribe - nya masih aktif ?"", ""dear indosat , saya mau isi paket , tetapi mengapa tidak bisa ya ? sudah sejak jam xxxtimexxx tadi pulsa sudah masuk tetapi tidak bisa aktif ."", ""admin , kenapa saya tidak bisa sms ? saya mau konfirmasi pembelian paket selalu gagal smsnya dari tadi ."", ""sudah kak . sudah saya ganti ke xxxnumberxxx g , tapi tetap susah ."", ""pulsa saya berkurang xxxnumberxxx padahal tidak digunakan . saya mau beli paket jadi kurang , bagaimana ini ? xxxnumberxxx"", ""jb xxxphonexxx , sudah seminggu paket tidak sampai , padahal masih dalam jakarta . malah dikirim ke surabaya untuk apa ? jnt sistemnya seperti apa ?"", ""cek dm coba xxxuserxxx dari tadi komplain tidak ada respons , pulsa sudah terpotong kena tarik per kb .""]",False,10,2359,17,True,61,0.04038703,informal,0,0.6310465335845947,0.6106963157653809,0.9241005778312683,198.15747109459815,False,0.0
google/gemma-3-4b-it,informal,formal,centroid,,maaf memang lg gangguan ya ? mulai td gak bisa cek & beli kuota .,"“admin, kok mulai tadi nggak bisa cek & beli kuota ya? maaf banget, lagi gangguan ya?”",False,253,4200126,42,"[""selamat malam . mohon saya diberi informasi . paket saya sejak tanggal xxxnumberxxx tertahan dengan status itu dan belum terkirim sampai sekarang . ada apa ?"", ""sudah xxxnumberxxx hari , status belum juga berubah admin . tadi sudah telepon qc katanya cuma disuruh menunggu ."", ""sore admin . ini ada keluhan nomor saya , pulsa terpotong terus . padahal tidak berlangganan paket apapun . tolong diperiksa min + xxxnumberxxx xxxnumberxxx - xxxnumberxxx - xxxnumberxxx ."", ""grab paket hemat saya billingnya itu tanggal xxxnumberxxx juli xxxnumberxxx . sekarang sudah agustus mengapa subscribe - nya masih aktif ?"", ""dear indosat , saya mau isi paket , tetapi mengapa tidak bisa ya ? sudah sejak jam xxxtimexxx tadi pulsa sudah masuk tetapi tidak bisa aktif ."", ""admin , kenapa saya tidak bisa sms ? saya mau konfirmasi pembelian paket selalu gagal smsnya dari tadi ."", ""sudah kak . sudah saya ganti ke xxxnumberxxx g , tapi tetap susah ."", ""pulsa saya berkurang xxxnumberxxx padahal tidak digunakan . saya mau beli paket jadi kurang , bagaimana ini ? xxxnumberxxx"", ""jb xxxphonexxx , sudah seminggu paket tidak sampai , padahal masih dalam jakarta . malah dikirim ke surabaya untuk apa ? jnt sistemnya seperti apa ?"", ""cek dm coba xxxuserxxx dari tadi komplain tidak ada respons , pulsa sudah terpotong kena tarik per kb .""]",False,10,2339,23,True,86,0.011413135,informal,0,0.8419244289398193,0.6322516202926636,0.9163063168525696,124.7380852254762,False,0.0
google/gemma-3-4b-it,informal,formal,centroid,,"beli token listrik min , udah mau abis soalnya","“Pak, token listrik saya mau habis nih, tolong bantu cek ya.”",False,255,4200127,42,"[""selamat malam . mohon saya diberi informasi . paket saya sejak tanggal xxxnumberxxx tertahan dengan status itu dan belum terkirim sampai sekarang . ada apa ?"", ""sudah xxxnumberxxx hari , status belum juga berubah admin . tadi sudah telepon qc katanya cuma disuruh menunggu ."", ""sore admin . ini ada keluhan nomor saya , pulsa terpotong terus . padahal tidak berlangganan paket apapun . tolong diperiksa min + xxxnumberxxx xxxnumberxxx - xxxnumberxxx - xxxnumberxxx ."", ""grab paket hemat saya billingnya itu tanggal xxxnumberxxx juli xxxnumberxxx . sekarang sudah agustus mengapa subscribe - nya masih aktif ?"", ""dear indosat , saya mau isi paket , tetapi mengapa tidak bisa ya ? sudah sejak jam xxxtimexxx tadi pulsa sudah masuk tetapi tidak bisa aktif ."", ""admin , kenapa saya tidak bisa sms ? saya mau konfirmasi pembelian paket selalu gagal smsnya dari tadi ."", ""sudah kak . sudah saya ganti ke xxxnumberxxx g , tapi tetap susah ."", ""pulsa saya berkurang xxxnumberxxx padahal tidak digunakan . saya mau beli paket jadi kurang , bagaimana ini ? xxxnumberxxx"", ""jb xxxphonexxx , sudah seminggu paket tidak sampai , padahal masih dalam jakarta . malah dikirim ke surabaya untuk apa ? jnt sistemnya seperti apa ?"", ""cek dm coba xxxuserxxx dari tadi komplain tidak ada respons , pulsa sudah terpotong kena tarik per kb .""]",False,10,2320,17,True,61,0.15654895,informal,0,0.7570412755012512,0.6132558584213257,0.8542595505714417,41.64710400120539,False,0.0
google/gemma-3-4b-it,informal,formal,centroid,,saldo grab dan ovo kan udah nyatu sekarang .,“Saldo Grab dan Ovo kan udah gabung sekarang ya?”,False,257,4200128,42,"[""selamat malam . mohon saya diberi informasi . paket saya sejak tanggal xxxnumberxxx tertahan dengan status itu dan belum terkirim sampai sekarang . ada apa ?"", ""sudah xxxnumberxxx hari , status belum juga berubah admin . tadi sudah telepon qc katanya cuma disuruh menunggu ."", ""sore admin . ini ada keluhan nomor saya , pulsa terpotong terus . padahal tidak berlangganan paket apapun . tolong diperiksa min + xxxnumberxxx xxxnumberxxx - xxxnumberxxx - xxxnumberxxx ."", ""grab paket hemat saya billingnya itu tanggal xxxnumberxxx juli xxxnumberxxx . sekarang sudah agustus mengapa subscribe - nya masih aktif ?"", ""dear indosat , saya mau isi paket , tetapi mengapa tidak bisa ya ? sudah sejak jam xxxtimexxx tadi pulsa sudah masuk tetapi tidak bisa aktif ."", ""admin , kenapa saya tidak bisa sms ? saya mau konfirmasi pembelian paket selalu gagal smsnya dari tadi ."", ""sudah kak . sudah saya ganti ke xxxnumberxxx g , tapi tetap susah ."", ""pulsa saya berkurang xxxnumberxxx padahal tidak digunakan . saya mau beli paket jadi kurang , bagaimana ini ? xxxnumberxxx"", ""jb xxxphonexxx , sudah seminggu paket tidak sampai , padahal masih dalam jakarta . malah dikirim ke surabaya untuk apa ? jnt sistemnya seperti apa ?"", ""cek dm coba xxxuserxxx dari tadi komplain tidak ada respons , pulsa sudah terpotong kena tarik per kb .""]",False,10,2318,14,True,49,0.0040507778,informal,0,0.8112748861312866,0.7075003385543823,0.892583966255188,180.2612996694551,False,0.0
google/gemma-3-4b-it,informal,formal,centroid,,tolong min dikasih bonus buat masnya,"""admin, tolong kasih bonus buat saya ya?""",True,259,4200129,42,"[""selamat malam . mohon saya diberi informasi . paket saya sejak tanggal xxxnumberxxx tertahan dengan status itu dan belum terkirim sampai sekarang . ada apa ?"", ""sudah xxxnumberxxx hari , status belum juga berubah admin . tadi sudah telepon qc katanya cuma disuruh menunggu ."", ""sore admin . ini ada keluhan nomor saya , pulsa terpotong terus . padahal tidak berlangganan paket apapun . tolong diperiksa min + xxxnumberxxx xxxnumberxxx - xxxnumberxxx - xxxnumberxxx ."", ""grab paket hemat saya billingnya itu tanggal xxxnumberxxx juli xxxnumberxxx . sekarang sudah agustus mengapa subscribe - nya masih aktif ?"", ""dear indosat , saya mau isi paket , tetapi mengapa tidak bisa ya ? sudah sejak jam xxxtimexxx tadi pulsa sudah masuk tetapi tidak bisa aktif ."", ""admin , kenapa saya tidak bisa sms ? saya mau konfirmasi pembelian paket selalu gagal smsnya dari tadi ."", ""sudah kak . sudah saya ganti ke xxxnumberxxx g , tapi tetap susah ."", ""pulsa saya berkurang xxxnumberxxx padahal tidak digunakan . saya mau beli paket jadi kurang , bagaimana ini ? xxxnumberxxx"", ""jb xxxphonexxx , sudah seminggu paket tidak sampai , padahal masih dalam jakarta . malah dikirim ke surabaya untuk apa ? jnt sistemnya seperti apa ?"", ""cek dm coba xxxuserxxx dari tadi komplain tidak ada respons , pulsa sudah terpotong kena tarik per kb .""]",False,10,2310,12,True,41,0.092925966,informal,0,0.7602211833000183,0.6937305331230164,0.9043617248535156,206.85131612398578,False,0.0
google/gemma-3-4b-it,informal,formal,centroid,,"halo xl , saya mau lapor untuk tujuan pemblokiran nomor handphone yang dipakai untuk menipu , bagaimana caranya ? surat polisi sudah siap","halo xl, mau laporan soal blokir nomor buat laporan penipuan, gimana caranya? surat polisi udah siap.",False,261,4200130,42,"[""selamat malam . mohon saya diberi informasi . paket saya sejak tanggal xxxnumberxxx tertahan dengan status itu dan belum terkirim sampai sekarang . ada apa ?"", ""sudah xxxnumberxxx hari , status belum juga berubah admin . tadi sudah telepon qc katanya cuma disuruh menunggu ."", ""sore admin . ini ada keluhan nomor saya , pulsa terpotong terus . padahal tidak berlangganan paket apapun . tolong diperiksa min + xxxnumberxxx xxxnumberxxx - xxxnumberxxx - xxxnumberxxx ."", ""grab paket hemat saya billingnya itu tanggal xxxnumberxxx juli xxxnumberxxx . sekarang sudah agustus mengapa subscribe - nya masih aktif ?"", ""dear indosat , saya mau isi paket , tetapi mengapa tidak bisa ya ? sudah sejak jam xxxtimexxx tadi pulsa sudah masuk tetapi tidak bisa aktif ."", ""admin , kenapa saya tidak bisa sms ? saya mau konfirmasi pembelian paket selalu gagal smsnya dari tadi ."", ""sudah kak . sudah saya ganti ke xxxnumberxxx g , tapi tetap susah ."", ""pulsa saya berkurang xxxnumberxxx padahal tidak digunakan . saya mau beli paket jadi kurang , bagaimana ini ? xxxnumberxxx"", ""jb xxxphonexxx , sudah seminggu paket tidak sampai , padahal masih dalam jakarta . malah dikirim ke surabaya untuk apa ? jnt sistemnya seperti apa ?"", ""cek dm coba xxxuserxxx dari tadi komplain tidak ada respons , pulsa sudah terpotong kena tarik per kb .""]",False,10,2411,25,True,101,0.0060064984,informal,0,0.8780837059020996,0.9112054109573364,0.9426665306091309,249.0482840592537,False,0.0
google/gemma-3-4b-it,informal,formal,centroid,,min proses pengembalian pulsanya berapa lama ?,"admin, kok lama banget sih pengembalian pulsa nya?",False,263,4200131,42,"[""selamat malam . mohon saya diberi informasi . paket saya sejak tanggal xxxnumberxxx tertahan dengan status itu dan belum terkirim sampai sekarang . ada apa ?"", ""sudah xxxnumberxxx hari , status belum juga berubah admin . tadi sudah telepon qc katanya cuma disuruh menunggu ."", ""sore admin . ini ada keluhan nomor saya , pulsa terpotong terus . padahal tidak berlangganan paket apapun . tolong diperiksa min + xxxnumberxxx xxxnumberxxx - xxxnumberxxx - xxxnumberxxx ."", ""grab paket hemat saya billingnya itu tanggal xxxnumberxxx juli xxxnumberxxx . sekarang sudah agustus mengapa subscribe - nya masih aktif ?"", ""dear indosat , saya mau isi paket , tetapi mengapa tidak bisa ya ? sudah sejak jam xxxtimexxx tadi pulsa sudah masuk tetapi tidak bisa aktif ."", ""admin , kenapa saya tidak bisa sms ? saya mau konfirmasi pembelian paket selalu gagal smsnya dari tadi ."", ""sudah kak . sudah saya ganti ke xxxnumberxxx g , tapi tetap susah ."", ""pulsa saya berkurang xxxnumberxxx padahal tidak digunakan . saya mau beli paket jadi kurang , bagaimana ini ? xxxnumberxxx"", ""jb xxxphonexxx , sudah seminggu paket tidak sampai , padahal masih dalam jakarta . malah dikirim ke surabaya untuk apa ? jnt sistemnya seperti apa ?"", ""cek dm coba xxxuserxxx dari tadi komplain tidak ada respons , pulsa sudah terpotong kena tarik per kb .""]",False,10,2320,13,True,50,0.023485698,informal,0,0.8000553846359253,0.6921800374984741,0.8828250169754028,178.06598406928663,False,0.0
google/gemma-3-4b-it,informal,formal,centroid,,untuk grapari jogja diman ya min,"admin, ini nomor saya , paketnya kok belum ya?",False,265,4200132,42,"[""selamat malam . mohon saya diberi informasi . paket saya sejak tanggal xxxnumberxxx tertahan dengan status itu dan belum terkirim sampai sekarang . ada apa ?"", ""sudah xxxnumberxxx hari , status belum juga berubah admin . tadi sudah telepon qc katanya cuma disuruh menunggu ."", ""sore admin . ini ada keluhan nomor saya , pulsa terpotong terus . padahal tidak berlangganan paket apapun . tolong diperiksa min + xxxnumberxxx xxxnumberxxx - xxxnumberxxx - xxxnumberxxx ."", ""grab paket hemat saya billingnya itu tanggal xxxnumberxxx juli xxxnumberxxx . sekarang sudah agustus mengapa subscribe - nya masih aktif ?"", ""dear indosat , saya mau isi paket , tetapi mengapa tidak bisa ya ? sudah sejak jam xxxtimexxx tadi pulsa sudah masuk tetapi tidak bisa aktif ."", ""admin , kenapa saya tidak bisa sms ? saya mau konfirmasi pembelian paket selalu gagal smsnya dari tadi ."", ""sudah kak . sudah saya ganti ke xxxnumberxxx g , tapi tetap susah ."", ""pulsa saya berkurang xxxnumberxxx padahal tidak digunakan . saya mau beli paket jadi kurang , bagaimana ini ? xxxnumberxxx"", ""jb xxxphonexxx , sudah seminggu paket tidak sampai , padahal masih dalam jakarta . malah dikirim ke surabaya untuk apa ? jnt sistemnya seperti apa ?"", ""cek dm coba xxxuserxxx dari tadi komplain tidak ada respons , pulsa sudah terpotong kena tarik per kb .""]",False,10,2306,13,True,46,0.20562908,informal,0,0.43375808000564575,0.1946711540222168,0.8099672794342041,587.587236734031,False,0.0
google/gemma-3-4b-it,informal,formal,centroid,,biar bisa mabar di sela nyusun laporan magang dan skripsian,"admin , kenapa saya tidak bisa main game ? saya mau daftar paket selalu gagal , sudah sejak jam xxxtimexxx tadi pulsa sudah masuk tetapi tidak bisa aktif .",False,267,4200133,42,"[""selamat malam . mohon saya diberi informasi . paket saya sejak tanggal xxxnumberxxx tertahan dengan status itu dan belum terkirim sampai sekarang . ada apa ?"", ""sudah xxxnumberxxx hari , status belum juga berubah admin . tadi sudah telepon qc katanya cuma disuruh menunggu ."", ""sore admin . ini ada keluhan nomor saya , pulsa terpotong terus . padahal tidak berlangganan paket apapun . tolong diperiksa min + xxxnumberxxx xxxnumberxxx - xxxnumberxxx - xxxnumberxxx ."", ""grab paket hemat saya billingnya itu tanggal xxxnumberxxx juli xxxnumberxxx . sekarang sudah agustus mengapa subscribe - nya masih aktif ?"", ""dear indosat , saya mau isi paket , tetapi mengapa tidak bisa ya ? sudah sejak jam xxxtimexxx tadi pulsa sudah masuk tetapi tidak bisa aktif ."", ""admin , kenapa saya tidak bisa sms ? saya mau konfirmasi pembelian paket selalu gagal smsnya dari tadi ."", ""sudah kak . sudah saya ganti ke xxxnumberxxx g , tapi tetap susah ."", ""pulsa saya berkurang xxxnumberxxx padahal tidak digunakan . saya mau beli paket jadi kurang , bagaimana ini ? xxxnumberxxx"", ""jb xxxphonexxx , sudah seminggu paket tidak sampai , padahal masih dalam jakarta . malah dikirim ke surabaya untuk apa ? jnt sistemnya seperti apa ?"", ""cek dm coba xxxuserxxx dari tadi komplain tidak ada respons , pulsa sudah terpotong kena tarik per kb .""]",False,10,2333,32,True,155,0.9824829,formal,1,0.11234433948993683,0.17537428438663483,0.8026661276817322,236.63432519268662,False,0.2777777777777778
google/gemma-3-4b-it,informal,formal,centroid,,nilai pelanggraran rp . xxxnumberxxx ribu dikurangi biaya ojek ( standard harga xxxuserxxx : rp . xxxnumberxxx ribu . total bayar : rp . xxxnumberxxx rebu ),“nilai pengurangan rp . xxxnumberxxx ribu dikurangi biaya ojek ( standar harga xxxuserxxx : rp . xxxnumberxxx ribu . total bayar : rp . xxxnumberxxx ribu)”,False,269,4200134,42,"[""selamat malam . mohon saya diberi informasi . paket saya sejak tanggal xxxnumberxxx tertahan dengan status itu dan belum terkirim sampai sekarang . ada apa ?"", ""sudah xxxnumberxxx hari , status belum juga berubah admin . tadi sudah telepon qc katanya cuma disuruh menunggu ."", ""sore admin . ini ada keluhan nomor saya , pulsa terpotong terus . padahal tidak berlangganan paket apapun . tolong diperiksa min + xxxnumberxxx xxxnumberxxx - xxxnumberxxx - xxxnumberxxx ."", ""grab paket hemat saya billingnya itu tanggal xxxnumberxxx juli xxxnumberxxx . sekarang sudah agustus mengapa subscribe - nya masih aktif ?"", ""dear indosat , saya mau isi paket , tetapi mengapa tidak bisa ya ? sudah sejak jam xxxtimexxx tadi pulsa sudah masuk tetapi tidak bisa aktif ."", ""admin , kenapa saya tidak bisa sms ? saya mau konfirmasi pembelian paket selalu gagal smsnya dari tadi ."", ""sudah kak . sudah saya ganti ke xxxnumberxxx g , tapi tetap susah ."", ""pulsa saya berkurang xxxnumberxxx padahal tidak digunakan . saya mau beli paket jadi kurang , bagaimana ini ? xxxnumberxxx"", ""jb xxxphonexxx , sudah seminggu paket tidak sampai , padahal masih dalam jakarta . malah dikirim ke surabaya untuk apa ? jnt sistemnya seperti apa ?"", ""cek dm coba xxxuserxxx dari tadi komplain tidak ada respons , pulsa sudah terpotong kena tarik per kb .""]",False,10,2430,41,True,155,0.82826847,formal,1,0.83550626039505,0.8695031404495239,0.9633817076683044,89.15989302845237,False,0.0
google/gemma-3-4b-it,informal,formal,centroid,,sudah mulai goyah sm indosat wkaka,"“Pak indosat, kok kayaknya nggak stabil ya layanan Indosat?”",False,271,4200135,42,"[""selamat malam . mohon saya diberi informasi . paket saya sejak tanggal xxxnumberxxx tertahan dengan status itu dan belum terkirim sampai sekarang . ada apa ?"", ""sudah xxxnumberxxx hari , status belum juga berubah admin . tadi sudah telepon qc katanya cuma disuruh menunggu ."", ""sore admin . ini ada keluhan nomor saya , pulsa terpotong terus . padahal tidak berlangganan paket apapun . tolong diperiksa min + xxxnumberxxx xxxnumberxxx - xxxnumberxxx - xxxnumberxxx ."", ""grab paket hemat saya billingnya itu tanggal xxxnumberxxx juli xxxnumberxxx . sekarang sudah agustus mengapa subscribe - nya masih aktif ?"", ""dear indosat , saya mau isi paket , tetapi mengapa tidak bisa ya ? sudah sejak jam xxxtimexxx tadi pulsa sudah masuk tetapi tidak bisa aktif ."", ""admin , kenapa saya tidak bisa sms ? saya mau konfirmasi pembelian paket selalu gagal smsnya dari tadi ."", ""sudah kak . sudah saya ganti ke xxxnumberxxx g , tapi tetap susah ."", ""pulsa saya berkurang xxxnumberxxx padahal tidak digunakan . saya mau beli paket jadi kurang , bagaimana ini ? xxxnumberxxx"", ""jb xxxphonexxx , sudah seminggu paket tidak sampai , padahal masih dalam jakarta . malah dikirim ke surabaya untuk apa ? jnt sistemnya seperti apa ?"", ""cek dm coba xxxuserxxx dari tadi komplain tidak ada respons , pulsa sudah terpotong kena tarik per kb .""]",False,10,2308,18,True,60,0.010946999,informal,0,0.5353773832321167,0.3072613477706909,0.8456751108169556,84.61134759049291,False,0.0
google/gemma-3-4b-it,informal,formal,centroid,,"yeayy shopee terbaik , bisa pake dua voucher dalam sekali checkoutt yuhuu ~","“akhirnya bisa belanja di shopee , senang banget bisa pakai voucher dua sekaligus !”",False,273,4200136,42,"[""selamat malam . mohon saya diberi informasi . paket saya sejak tanggal xxxnumberxxx tertahan dengan status itu dan belum terkirim sampai sekarang . ada apa ?"", ""sudah xxxnumberxxx hari , status belum juga berubah admin . tadi sudah telepon qc katanya cuma disuruh menunggu ."", ""sore admin . ini ada keluhan nomor saya , pulsa terpotong terus . padahal tidak berlangganan paket apapun . tolong diperiksa min + xxxnumberxxx xxxnumberxxx - xxxnumberxxx - xxxnumberxxx ."", ""grab paket hemat saya billingnya itu tanggal xxxnumberxxx juli xxxnumberxxx . sekarang sudah agustus mengapa subscribe - nya masih aktif ?"", ""dear indosat , saya mau isi paket , tetapi mengapa tidak bisa ya ? sudah sejak jam xxxtimexxx tadi pulsa sudah masuk tetapi tidak bisa aktif ."", ""admin , kenapa saya tidak bisa sms ? saya mau konfirmasi pembelian paket selalu gagal smsnya dari tadi ."", ""sudah kak . sudah saya ganti ke xxxnumberxxx g , tapi tetap susah ."", ""pulsa saya berkurang xxxnumberxxx padahal tidak digunakan . saya mau beli paket jadi kurang , bagaimana ini ? xxxnumberxxx"", ""jb xxxphonexxx , sudah seminggu paket tidak sampai , padahal masih dalam jakarta . malah dikirim ke surabaya untuk apa ? jnt sistemnya seperti apa ?"", ""cek dm coba xxxuserxxx dari tadi komplain tidak ada respons , pulsa sudah terpotong kena tarik per kb .""]",False,10,2349,17,True,84,0.17089629,informal,0,0.679599404335022,0.7821671366691589,0.8925939798355103,232.65115393615318,False,0.0
google/gemma-3-4b-it,informal,formal,centroid,,hay min saya suda pesen barang sudah transfer juga tp kenapa habis banyar tulisannya pemesanan tidak sah ya ?,"hay min, sudah xxxnumberxxx hari saya pesan barang, sudah transfer juga, tapi kenapa tulisannya pembayaran tidak sah ya?",False,275,4200137,42,"[""selamat malam . mohon saya diberi informasi . paket saya sejak tanggal xxxnumberxxx tertahan dengan status itu dan belum terkirim sampai sekarang . ada apa ?"", ""sudah xxxnumberxxx hari , status belum juga berubah admin . tadi sudah telepon qc katanya cuma disuruh menunggu ."", ""sore admin . ini ada keluhan nomor saya , pulsa terpotong terus . padahal tidak berlangganan paket apapun . tolong diperiksa min + xxxnumberxxx xxxnumberxxx - xxxnumberxxx - xxxnumberxxx ."", ""grab paket hemat saya billingnya itu tanggal xxxnumberxxx juli xxxnumberxxx . sekarang sudah agustus mengapa subscribe - nya masih aktif ?"", ""dear indosat , saya mau isi paket , tetapi mengapa tidak bisa ya ? sudah sejak jam xxxtimexxx tadi pulsa sudah masuk tetapi tidak bisa aktif ."", ""admin , kenapa saya tidak bisa sms ? saya mau konfirmasi pembelian paket selalu gagal smsnya dari tadi ."", ""sudah kak . sudah saya ganti ke xxxnumberxxx g , tapi tetap susah ."", ""pulsa saya berkurang xxxnumberxxx padahal tidak digunakan . saya mau beli paket jadi kurang , bagaimana ini ? xxxnumberxxx"", ""jb xxxphonexxx , sudah seminggu paket tidak sampai , padahal masih dalam jakarta . malah dikirim ke surabaya untuk apa ? jnt sistemnya seperti apa ?"", ""cek dm coba xxxuserxxx dari tadi komplain tidak ada respons , pulsa sudah terpotong kena tarik per kb .""]",False,10,2383,26,True,120,0.03763804,informal,0,0.7468783259391785,0.8133696913719177,0.9594776630401611,204.09778639948607,False,0.0
google/gemma-3-4b-it,informal,formal,centroid,,"min ini knp yahh saya topup ovo dr alfamart kata mbanya udh kekirim dan udh ada bukti transaksinya , knp saldo saya blm bertambah ?","“min, kok topup ovo dari alfamart kenapa ya? kemarin mbaknya bilang udah dikirim dan ada bukti transaksinya, kenapa saldo saya belum bertambah?”",False,277,4200138,42,"[""selamat malam . mohon saya diberi informasi . paket saya sejak tanggal xxxnumberxxx tertahan dengan status itu dan belum terkirim sampai sekarang . ada apa ?"", ""sudah xxxnumberxxx hari , status belum juga berubah admin . tadi sudah telepon qc katanya cuma disuruh menunggu ."", ""sore admin . ini ada keluhan nomor saya , pulsa terpotong terus . padahal tidak berlangganan paket apapun . tolong diperiksa min + xxxnumberxxx xxxnumberxxx - xxxnumberxxx - xxxnumberxxx ."", ""grab paket hemat saya billingnya itu tanggal xxxnumberxxx juli xxxnumberxxx . sekarang sudah agustus mengapa subscribe - nya masih aktif ?"", ""dear indosat , saya mau isi paket , tetapi mengapa tidak bisa ya ? sudah sejak jam xxxtimexxx tadi pulsa sudah masuk tetapi tidak bisa aktif ."", ""admin , kenapa saya tidak bisa sms ? saya mau konfirmasi pembelian paket selalu gagal smsnya dari tadi ."", ""sudah kak . sudah saya ganti ke xxxnumberxxx g , tapi tetap susah ."", ""pulsa saya berkurang xxxnumberxxx padahal tidak digunakan . saya mau beli paket jadi kurang , bagaimana ini ? xxxnumberxxx"", ""jb xxxphonexxx , sudah seminggu paket tidak sampai , padahal masih dalam jakarta . malah dikirim ke surabaya untuk apa ? jnt sistemnya seperti apa ?"", ""cek dm coba xxxuserxxx dari tadi komplain tidak ada respons , pulsa sudah terpotong kena tarik per kb .""]",False,10,2405,34,True,144,0.019051345,informal,0,0.8689007759094238,0.7821707725524902,0.9379667639732361,71.91844167660206,False,0.0
google/gemma-3-4b-it,informal,formal,centroid,,sini sini . tapi jauh dr tempatmu dek .,"admin, kok saya gak bisa masuk ya? udah dari tadi, pulsa udah masuk tapi gak bisa aktif.",True,279,4200139,42,"[""selamat malam . mohon saya diberi informasi . paket saya sejak tanggal xxxnumberxxx tertahan dengan status itu dan belum terkirim sampai sekarang . ada apa ?"", ""sudah xxxnumberxxx hari , status belum juga berubah admin . tadi sudah telepon qc katanya cuma disuruh menunggu ."", ""sore admin . ini ada keluhan nomor saya , pulsa terpotong terus . padahal tidak berlangganan paket apapun . tolong diperiksa min + xxxnumberxxx xxxnumberxxx - xxxnumberxxx - xxxnumberxxx ."", ""grab paket hemat saya billingnya itu tanggal xxxnumberxxx juli xxxnumberxxx . sekarang sudah agustus mengapa subscribe - nya masih aktif ?"", ""dear indosat , saya mau isi paket , tetapi mengapa tidak bisa ya ? sudah sejak jam xxxtimexxx tadi pulsa sudah masuk tetapi tidak bisa aktif ."", ""admin , kenapa saya tidak bisa sms ? saya mau konfirmasi pembelian paket selalu gagal smsnya dari tadi ."", ""sudah kak . sudah saya ganti ke xxxnumberxxx g , tapi tetap susah ."", ""pulsa saya berkurang xxxnumberxxx padahal tidak digunakan . saya mau beli paket jadi kurang , bagaimana ini ? xxxnumberxxx"", ""jb xxxphonexxx , sudah seminggu paket tidak sampai , padahal masih dalam jakarta . malah dikirim ke surabaya untuk apa ? jnt sistemnya seperti apa ?"", ""cek dm coba xxxuserxxx dari tadi komplain tidak ada respons , pulsa sudah terpotong kena tarik per kb .""]",False,10,2313,22,True,88,0.004806342,informal,0,0.06994019448757172,0.27883440256118774,0.8148782253265381,55.64195971330173,False,0.0
google/gemma-3-4b-it,informal,formal,centroid,,"min , hari ini kok loadingnya super slow ya buka apapun sloow banget","“admin, kenapa sih loadingnya lama banget pas buka apaan aja? super lambat banget.”",False,281,4200140,42,"[""selamat malam . mohon saya diberi informasi . paket saya sejak tanggal xxxnumberxxx tertahan dengan status itu dan belum terkirim sampai sekarang . ada apa ?"", ""sudah xxxnumberxxx hari , status belum juga berubah admin . tadi sudah telepon qc katanya cuma disuruh menunggu ."", ""sore admin . ini ada keluhan nomor saya , pulsa terpotong terus . padahal tidak berlangganan paket apapun . tolong diperiksa min + xxxnumberxxx xxxnumberxxx - xxxnumberxxx - xxxnumberxxx ."", ""grab paket hemat saya billingnya itu tanggal xxxnumberxxx juli xxxnumberxxx . sekarang sudah agustus mengapa subscribe - nya masih aktif ?"", ""dear indosat , saya mau isi paket , tetapi mengapa tidak bisa ya ? sudah sejak jam xxxtimexxx tadi pulsa sudah masuk tetapi tidak bisa aktif ."", ""admin , kenapa saya tidak bisa sms ? saya mau konfirmasi pembelian paket selalu gagal smsnya dari tadi ."", ""sudah kak . sudah saya ganti ke xxxnumberxxx g , tapi tetap susah ."", ""pulsa saya berkurang xxxnumberxxx padahal tidak digunakan . saya mau beli paket jadi kurang , bagaimana ini ? xxxnumberxxx"", ""jb xxxphonexxx , sudah seminggu paket tidak sampai , padahal masih dalam jakarta . malah dikirim ke surabaya untuk apa ? jnt sistemnya seperti apa ?"", ""cek dm coba xxxuserxxx dari tadi komplain tidak ada respons , pulsa sudah terpotong kena tarik per kb .""]",False,10,2342,20,True,83,0.028890288,informal,0,0.7200352549552917,0.6402313709259033,0.8853854537010193,81.17016831176672,False,0.0
google/gemma-3-4b-it,informal,formal,centroid,,"sudah bisa min , saya coba di atm lokasi lain . trimakasih","udah, min. udah saya coba di atm lokasi lain. makasih.",False,283,4200141,42,"[""selamat malam . mohon saya diberi informasi . paket saya sejak tanggal xxxnumberxxx tertahan dengan status itu dan belum terkirim sampai sekarang . ada apa ?"", ""sudah xxxnumberxxx hari , status belum juga berubah admin . tadi sudah telepon qc katanya cuma disuruh menunggu ."", ""sore admin . ini ada keluhan nomor saya , pulsa terpotong terus . padahal tidak berlangganan paket apapun . tolong diperiksa min + xxxnumberxxx xxxnumberxxx - xxxnumberxxx - xxxnumberxxx ."", ""grab paket hemat saya billingnya itu tanggal xxxnumberxxx juli xxxnumberxxx . sekarang sudah agustus mengapa subscribe - nya masih aktif ?"", ""dear indosat , saya mau isi paket , tetapi mengapa tidak bisa ya ? sudah sejak jam xxxtimexxx tadi pulsa sudah masuk tetapi tidak bisa aktif ."", ""admin , kenapa saya tidak bisa sms ? saya mau konfirmasi pembelian paket selalu gagal smsnya dari tadi ."", ""sudah kak . sudah saya ganti ke xxxnumberxxx g , tapi tetap susah ."", ""pulsa saya berkurang xxxnumberxxx padahal tidak digunakan . saya mau beli paket jadi kurang , bagaimana ini ? xxxnumberxxx"", ""jb xxxphonexxx , sudah seminggu paket tidak sampai , padahal masih dalam jakarta . malah dikirim ke surabaya untuk apa ? jnt sistemnya seperti apa ?"", ""cek dm coba xxxuserxxx dari tadi komplain tidak ada respons , pulsa sudah terpotong kena tarik per kb .""]",False,10,2332,16,True,54,0.0027909214,informal,0,0.800032377243042,0.9197394847869873,0.9709664583206177,583.9009873462605,False,0.0
google/gemma-3-4b-it,informal,formal,centroid,,"halo , mohon dibantu dipercepat dan info perkiraan barang tiba ke alamat penerima : jp xxxphonexxx tujuan ntb . saya pengirim . trimakasih bantuannya !","admin, tolong info perkiraan barang sampai ke NTB ya. saya pengirim, trims bantuannya!",False,285,4200142,42,"[""selamat malam . mohon saya diberi informasi . paket saya sejak tanggal xxxnumberxxx tertahan dengan status itu dan belum terkirim sampai sekarang . ada apa ?"", ""sudah xxxnumberxxx hari , status belum juga berubah admin . tadi sudah telepon qc katanya cuma disuruh menunggu ."", ""sore admin . ini ada keluhan nomor saya , pulsa terpotong terus . padahal tidak berlangganan paket apapun . tolong diperiksa min + xxxnumberxxx xxxnumberxxx - xxxnumberxxx - xxxnumberxxx ."", ""grab paket hemat saya billingnya itu tanggal xxxnumberxxx juli xxxnumberxxx . sekarang sudah agustus mengapa subscribe - nya masih aktif ?"", ""dear indosat , saya mau isi paket , tetapi mengapa tidak bisa ya ? sudah sejak jam xxxtimexxx tadi pulsa sudah masuk tetapi tidak bisa aktif ."", ""admin , kenapa saya tidak bisa sms ? saya mau konfirmasi pembelian paket selalu gagal smsnya dari tadi ."", ""sudah kak . sudah saya ganti ke xxxnumberxxx g , tapi tetap susah ."", ""pulsa saya berkurang xxxnumberxxx padahal tidak digunakan . saya mau beli paket jadi kurang , bagaimana ini ? xxxnumberxxx"", ""jb xxxphonexxx , sudah seminggu paket tidak sampai , padahal masih dalam jakarta . malah dikirim ke surabaya untuk apa ? jnt sistemnya seperti apa ?"", ""cek dm coba xxxuserxxx dari tadi komplain tidak ada respons , pulsa sudah terpotong kena tarik per kb .""]",False,10,2425,23,True,86,0.09674079,informal,0,0.8609431385993958,0.7004693746566772,0.9279735088348389,171.30089840281332,False,0.0
google/gemma-3-4b-it,informal,formal,centroid,,"min . mo tanya , kalo driver performa bintang ngaruhnya gimana ya ? apa berpengaruh ke pendapatan orderan juga ?","min , kok orderan nya kurang ya ? udah pakai driver performa bintang , tapi kok belum keliatan efeknya ke pendapatan?",False,287,4200143,42,"[""selamat malam . mohon saya diberi informasi . paket saya sejak tanggal xxxnumberxxx tertahan dengan status itu dan belum terkirim sampai sekarang . ada apa ?"", ""sudah xxxnumberxxx hari , status belum juga berubah admin . tadi sudah telepon qc katanya cuma disuruh menunggu ."", ""sore admin . ini ada keluhan nomor saya , pulsa terpotong terus . padahal tidak berlangganan paket apapun . tolong diperiksa min + xxxnumberxxx xxxnumberxxx - xxxnumberxxx - xxxnumberxxx ."", ""grab paket hemat saya billingnya itu tanggal xxxnumberxxx juli xxxnumberxxx . sekarang sudah agustus mengapa subscribe - nya masih aktif ?"", ""dear indosat , saya mau isi paket , tetapi mengapa tidak bisa ya ? sudah sejak jam xxxtimexxx tadi pulsa sudah masuk tetapi tidak bisa aktif ."", ""admin , kenapa saya tidak bisa sms ? saya mau konfirmasi pembelian paket selalu gagal smsnya dari tadi ."", ""sudah kak . sudah saya ganti ke xxxnumberxxx g , tapi tetap susah ."", ""pulsa saya berkurang xxxnumberxxx padahal tidak digunakan . saya mau beli paket jadi kurang , bagaimana ini ? xxxnumberxxx"", ""jb xxxphonexxx , sudah seminggu paket tidak sampai , padahal masih dalam jakarta . malah dikirim ke surabaya untuk apa ? jnt sistemnya seperti apa ?"", ""cek dm coba xxxuserxxx dari tadi komplain tidak ada respons , pulsa sudah terpotong kena tarik per kb .""]",False,10,2386,27,True,117,0.0015540792,informal,0,0.8059065341949463,0.7365471124649048,0.9455853700637817,228.1393065826361,False,0.0
google/gemma-3-4b-it,informal,formal,centroid,,ini kenapa dari tadi pagi server penuh terus,"admin, kenapa dari tadi pagi servernya penuh terus?",False,289,4200144,42,"[""selamat malam . mohon saya diberi informasi . paket saya sejak tanggal xxxnumberxxx tertahan dengan status itu dan belum terkirim sampai sekarang . ada apa ?"", ""sudah xxxnumberxxx hari , status belum juga berubah admin . tadi sudah telepon qc katanya cuma disuruh menunggu ."", ""sore admin . ini ada keluhan nomor saya , pulsa terpotong terus . padahal tidak berlangganan paket apapun . tolong diperiksa min + xxxnumberxxx xxxnumberxxx - xxxnumberxxx - xxxnumberxxx ."", ""grab paket hemat saya billingnya itu tanggal xxxnumberxxx juli xxxnumberxxx . sekarang sudah agustus mengapa subscribe - nya masih aktif ?"", ""dear indosat , saya mau isi paket , tetapi mengapa tidak bisa ya ? sudah sejak jam xxxtimexxx tadi pulsa sudah masuk tetapi tidak bisa aktif ."", ""admin , kenapa saya tidak bisa sms ? saya mau konfirmasi pembelian paket selalu gagal smsnya dari tadi ."", ""sudah kak . sudah saya ganti ke xxxnumberxxx g , tapi tetap susah ."", ""pulsa saya berkurang xxxnumberxxx padahal tidak digunakan . saya mau beli paket jadi kurang , bagaimana ini ? xxxnumberxxx"", ""jb xxxphonexxx , sudah seminggu paket tidak sampai , padahal masih dalam jakarta . malah dikirim ke surabaya untuk apa ? jnt sistemnya seperti apa ?"", ""cek dm coba xxxuserxxx dari tadi komplain tidak ada respons , pulsa sudah terpotong kena tarik per kb .""]",False,10,2318,12,True,51,0.9390351,formal,1,0.9052475094795227,0.8025493621826172,0.9590331315994263,259.1976664272487,False,0.0
google/gemma-3-4b-it,informal,formal,centroid,,ini min . biasanya combo terbaik untukmu ada yg xxxnumberxxx xxxnumberxxx gb xxxnumberxxx xxxnumberxxx rb dan xxxnumberxxx xxxnumberxxx gb xxxnumberxxx xxxnumberxxx rb . ini dia hilang gk ad lg 🤔,"min , combo terbaik buat aku biasanya ada yg xxxnumberxxx gb xxxnumberxxx rb dan xxxnumberxxx gb xxxnumberxxx rb . ini gk ada lagi ya 🤔",False,291,4200145,42,"[""selamat malam . mohon saya diberi informasi . paket saya sejak tanggal xxxnumberxxx tertahan dengan status itu dan belum terkirim sampai sekarang . ada apa ?"", ""sudah xxxnumberxxx hari , status belum juga berubah admin . tadi sudah telepon qc katanya cuma disuruh menunggu ."", ""sore admin . ini ada keluhan nomor saya , pulsa terpotong terus . padahal tidak berlangganan paket apapun . tolong diperiksa min + xxxnumberxxx xxxnumberxxx - xxxnumberxxx - xxxnumberxxx ."", ""grab paket hemat saya billingnya itu tanggal xxxnumberxxx juli xxxnumberxxx . sekarang sudah agustus mengapa subscribe - nya masih aktif ?"", ""dear indosat , saya mau isi paket , tetapi mengapa tidak bisa ya ? sudah sejak jam xxxtimexxx tadi pulsa sudah masuk tetapi tidak bisa aktif ."", ""admin , kenapa saya tidak bisa sms ? saya mau konfirmasi pembelian paket selalu gagal smsnya dari tadi ."", ""sudah kak . sudah saya ganti ke xxxnumberxxx g , tapi tetap susah ."", ""pulsa saya berkurang xxxnumberxxx padahal tidak digunakan . saya mau beli paket jadi kurang , bagaimana ini ? xxxnumberxxx"", ""jb xxxphonexxx , sudah seminggu paket tidak sampai , padahal masih dalam jakarta . malah dikirim ke surabaya untuk apa ? jnt sistemnya seperti apa ?"", ""cek dm coba xxxuserxxx dari tadi komplain tidak ada respons , pulsa sudah terpotong kena tarik per kb .""]",False,10,2469,34,False,135,0.0014231129,informal,0,0.9147480726242065,0.8568453788757324,0.9615271687507629,197.0800255061317,False,0.0
google/gemma-3-4b-it,informal,formal,centroid,,"hai tolong bantuannya saya baru top up ovo tp tulisannya di ovo gagal terus gak bisa nampilin saldo , gimana ya ?","“hai , tolong bantu saya . top up ovo saya gagal terus , tulisannya ‘ovo gagal’ gak bisa nampilin saldo , gimana ya ?”",False,293,4200146,42,"[""selamat malam . mohon saya diberi informasi . paket saya sejak tanggal xxxnumberxxx tertahan dengan status itu dan belum terkirim sampai sekarang . ada apa ?"", ""sudah xxxnumberxxx hari , status belum juga berubah admin . tadi sudah telepon qc katanya cuma disuruh menunggu ."", ""sore admin . ini ada keluhan nomor saya , pulsa terpotong terus . padahal tidak berlangganan paket apapun . tolong diperiksa min + xxxnumberxxx xxxnumberxxx - xxxnumberxxx - xxxnumberxxx ."", ""grab paket hemat saya billingnya itu tanggal xxxnumberxxx juli xxxnumberxxx . sekarang sudah agustus mengapa subscribe - nya masih aktif ?"", ""dear indosat , saya mau isi paket , tetapi mengapa tidak bisa ya ? sudah sejak jam xxxtimexxx tadi pulsa sudah masuk tetapi tidak bisa aktif ."", ""admin , kenapa saya tidak bisa sms ? saya mau konfirmasi pembelian paket selalu gagal smsnya dari tadi ."", ""sudah kak . sudah saya ganti ke xxxnumberxxx g , tapi tetap susah ."", ""pulsa saya berkurang xxxnumberxxx padahal tidak digunakan . saya mau beli paket jadi kurang , bagaimana ini ? xxxnumberxxx"", ""jb xxxphonexxx , sudah seminggu paket tidak sampai , padahal masih dalam jakarta . malah dikirim ke surabaya untuk apa ? jnt sistemnya seperti apa ?"", ""cek dm coba xxxuserxxx dari tadi komplain tidak ada respons , pulsa sudah terpotong kena tarik per kb .""]",False,10,2387,32,True,118,0.0071871364,informal,0,0.9172811508178711,0.8494430780410767,0.9375094771385193,47.8261378783877,False,0.0
google/gemma-3-4b-it,informal,formal,centroid,,"ini chattingan sama triva , cepet banget responnya jadi gak lama nunggu kaya chat dari dia","“admin, respon Trivanya cepat banget, nggak lama nunggu kayak chat dari dia.”",False,295,4200147,42,"[""selamat malam . mohon saya diberi informasi . paket saya sejak tanggal xxxnumberxxx tertahan dengan status itu dan belum terkirim sampai sekarang . ada apa ?"", ""sudah xxxnumberxxx hari , status belum juga berubah admin . tadi sudah telepon qc katanya cuma disuruh menunggu ."", ""sore admin . ini ada keluhan nomor saya , pulsa terpotong terus . padahal tidak berlangganan paket apapun . tolong diperiksa min + xxxnumberxxx xxxnumberxxx - xxxnumberxxx - xxxnumberxxx ."", ""grab paket hemat saya billingnya itu tanggal xxxnumberxxx juli xxxnumberxxx . sekarang sudah agustus mengapa subscribe - nya masih aktif ?"", ""dear indosat , saya mau isi paket , tetapi mengapa tidak bisa ya ? sudah sejak jam xxxtimexxx tadi pulsa sudah masuk tetapi tidak bisa aktif ."", ""admin , kenapa saya tidak bisa sms ? saya mau konfirmasi pembelian paket selalu gagal smsnya dari tadi ."", ""sudah kak . sudah saya ganti ke xxxnumberxxx g , tapi tetap susah ."", ""pulsa saya berkurang xxxnumberxxx padahal tidak digunakan . saya mau beli paket jadi kurang , bagaimana ini ? xxxnumberxxx"", ""jb xxxphonexxx , sudah seminggu paket tidak sampai , padahal masih dalam jakarta . malah dikirim ke surabaya untuk apa ? jnt sistemnya seperti apa ?"", ""cek dm coba xxxuserxxx dari tadi komplain tidak ada respons , pulsa sudah terpotong kena tarik per kb .""]",False,10,2364,20,True,77,0.11513543,informal,0,0.8590632081031799,0.720638632774353,0.9267257452011108,369.13128357954514,False,0.0
google/gemma-3-4b-it,informal,formal,centroid,,ini kok muncul ginian terus sih min ? bisa xxxnumberxxx - xxxnumberxxx x semenit . gmn cara ilanginnya ?,"min, kok lama banget muncul begitu sih? bisa xxxnumberxxx - xxxnumberxxx x semenit. gimana ya cara ngilanginnya?",False,297,4200148,42,"[""selamat malam . mohon saya diberi informasi . paket saya sejak tanggal xxxnumberxxx tertahan dengan status itu dan belum terkirim sampai sekarang . ada apa ?"", ""sudah xxxnumberxxx hari , status belum juga berubah admin . tadi sudah telepon qc katanya cuma disuruh menunggu ."", ""sore admin . ini ada keluhan nomor saya , pulsa terpotong terus . padahal tidak berlangganan paket apapun . tolong diperiksa min + xxxnumberxxx xxxnumberxxx - xxxnumberxxx - xxxnumberxxx ."", ""grab paket hemat saya billingnya itu tanggal xxxnumberxxx juli xxxnumberxxx . sekarang sudah agustus mengapa subscribe - nya masih aktif ?"", ""dear indosat , saya mau isi paket , tetapi mengapa tidak bisa ya ? sudah sejak jam xxxtimexxx tadi pulsa sudah masuk tetapi tidak bisa aktif ."", ""admin , kenapa saya tidak bisa sms ? saya mau konfirmasi pembelian paket selalu gagal smsnya dari tadi ."", ""sudah kak . sudah saya ganti ke xxxnumberxxx g , tapi tetap susah ."", ""pulsa saya berkurang xxxnumberxxx padahal tidak digunakan . saya mau beli paket jadi kurang , bagaimana ini ? xxxnumberxxx"", ""jb xxxphonexxx , sudah seminggu paket tidak sampai , padahal masih dalam jakarta . malah dikirim ke surabaya untuk apa ? jnt sistemnya seperti apa ?"", ""cek dm coba xxxuserxxx dari tadi komplain tidak ada respons , pulsa sudah terpotong kena tarik per kb .""]",False,10,2378,30,True,112,0.0034879427,informal,0,0.9117703437805176,0.7976782321929932,0.9604710340499878,293.5652170498018,False,0.0
google/gemma-3-4b-it,informal,formal,centroid,,"halo jenius , untuk pengiriman kartu ke domisili biasanya dibutuhkan waktu brp lama ya ? ty","“admin , untuk estimasi pengiriman kartu ke alamat saya berapa lama ya? makasih.”",False,299,4200149,42,"[""selamat malam . mohon saya diberi informasi . paket saya sejak tanggal xxxnumberxxx tertahan dengan status itu dan belum terkirim sampai sekarang . ada apa ?"", ""sudah xxxnumberxxx hari , status belum juga berubah admin . tadi sudah telepon qc katanya cuma disuruh menunggu ."", ""sore admin . ini ada keluhan nomor saya , pulsa terpotong terus . padahal tidak berlangganan paket apapun . tolong diperiksa min + xxxnumberxxx xxxnumberxxx - xxxnumberxxx - xxxnumberxxx ."", ""grab paket hemat saya billingnya itu tanggal xxxnumberxxx juli xxxnumberxxx . sekarang sudah agustus mengapa subscribe - nya masih aktif ?"", ""dear indosat , saya mau isi paket , tetapi mengapa tidak bisa ya ? sudah sejak jam xxxtimexxx tadi pulsa sudah masuk tetapi tidak bisa aktif ."", ""admin , kenapa saya tidak bisa sms ? saya mau konfirmasi pembelian paket selalu gagal smsnya dari tadi ."", ""sudah kak . sudah saya ganti ke xxxnumberxxx g , tapi tetap susah ."", ""pulsa saya berkurang xxxnumberxxx padahal tidak digunakan . saya mau beli paket jadi kurang , bagaimana ini ? xxxnumberxxx"", ""jb xxxphonexxx , sudah seminggu paket tidak sampai , padahal masih dalam jakarta . malah dikirim ke surabaya untuk apa ? jnt sistemnya seperti apa ?"", ""cek dm coba xxxuserxxx dari tadi komplain tidak ada respons , pulsa sudah terpotong kena tarik per kb .""]",False,10,2365,19,True,81,0.015278057,informal,0,0.7285687923431396,0.6372690796852112,0.8946751356124878,120.97122780195723,False,0.0
google/gemma-3-4b-it,informal,formal,centroid,,"min , kok pulsa saya selalu tersedot terus ya ? padahal data selalu saya matiin ?","“min, kok pulsa terus hilang ya? padahal data matiin terus.”",False,301,4200150,42,"[""selamat malam . mohon saya diberi informasi . paket saya sejak tanggal xxxnumberxxx tertahan dengan status itu dan belum terkirim sampai sekarang . ada apa ?"", ""sudah xxxnumberxxx hari , status belum juga berubah admin . tadi sudah telepon qc katanya cuma disuruh menunggu ."", ""sore admin . ini ada keluhan nomor saya , pulsa terpotong terus . padahal tidak berlangganan paket apapun . tolong diperiksa min + xxxnumberxxx xxxnumberxxx - xxxnumberxxx - xxxnumberxxx ."", ""grab paket hemat saya billingnya itu tanggal xxxnumberxxx juli xxxnumberxxx . sekarang sudah agustus mengapa subscribe - nya masih aktif ?"", ""dear indosat , saya mau isi paket , tetapi mengapa tidak bisa ya ? sudah sejak jam xxxtimexxx tadi pulsa sudah masuk tetapi tidak bisa aktif ."", ""admin , kenapa saya tidak bisa sms ? saya mau konfirmasi pembelian paket selalu gagal smsnya dari tadi ."", ""sudah kak . sudah saya ganti ke xxxnumberxxx g , tapi tetap susah ."", ""pulsa saya berkurang xxxnumberxxx padahal tidak digunakan . saya mau beli paket jadi kurang , bagaimana ini ? xxxnumberxxx"", ""jb xxxphonexxx , sudah seminggu paket tidak sampai , padahal masih dalam jakarta . malah dikirim ke surabaya untuk apa ? jnt sistemnya seperti apa ?"", ""cek dm coba xxxuserxxx dari tadi komplain tidak ada respons , pulsa sudah terpotong kena tarik per kb .""]",False,10,2355,17,True,60,0.013791201,informal,0,0.8598891496658325,0.8227735757827759,0.9311456680297852,123.76742476184556,False,0.0
google/gemma-3-4b-it,informal,formal,centroid,,"halo , mau tanya . untuk transaksi ini kok resinya gak update ya ? padahal status di jne nya sudah diproses . xxxnumberxxx thanks","“admin, resi transaksi kok belum update ya? padahal sudah diproses di JNE, xxxnumberxxx thanks.”",True,303,4200151,42,"[""selamat malam . mohon saya diberi informasi . paket saya sejak tanggal xxxnumberxxx tertahan dengan status itu dan belum terkirim sampai sekarang . ada apa ?"", ""sudah xxxnumberxxx hari , status belum juga berubah admin . tadi sudah telepon qc katanya cuma disuruh menunggu ."", ""sore admin . ini ada keluhan nomor saya , pulsa terpotong terus . padahal tidak berlangganan paket apapun . tolong diperiksa min + xxxnumberxxx xxxnumberxxx - xxxnumberxxx - xxxnumberxxx ."", ""grab paket hemat saya billingnya itu tanggal xxxnumberxxx juli xxxnumberxxx . sekarang sudah agustus mengapa subscribe - nya masih aktif ?"", ""dear indosat , saya mau isi paket , tetapi mengapa tidak bisa ya ? sudah sejak jam xxxtimexxx tadi pulsa sudah masuk tetapi tidak bisa aktif ."", ""admin , kenapa saya tidak bisa sms ? saya mau konfirmasi pembelian paket selalu gagal smsnya dari tadi ."", ""sudah kak . sudah saya ganti ke xxxnumberxxx g , tapi tetap susah ."", ""pulsa saya berkurang xxxnumberxxx padahal tidak digunakan . saya mau beli paket jadi kurang , bagaimana ini ? xxxnumberxxx"", ""jb xxxphonexxx , sudah seminggu paket tidak sampai , padahal masih dalam jakarta . malah dikirim ke surabaya untuk apa ? jnt sistemnya seperti apa ?"", ""cek dm coba xxxuserxxx dari tadi komplain tidak ada respons , pulsa sudah terpotong kena tarik per kb .""]",False,10,2403,25,True,96,0.07300931,informal,0,0.8363924026489258,0.7180501222610474,0.9308404922485352,184.6165169318099,False,0.0
google/gemma-3-4b-it,informal,formal,centroid,,yah . lupa . dulu waktu aktivasi di ceklis apa enggak .,"“eh, lupa ya… dulu pas aktivasi di ceklis itu gimana sih?”",False,305,4200152,42,"[""selamat malam . mohon saya diberi informasi . paket saya sejak tanggal xxxnumberxxx tertahan dengan status itu dan belum terkirim sampai sekarang . ada apa ?"", ""sudah xxxnumberxxx hari , status belum juga berubah admin . tadi sudah telepon qc katanya cuma disuruh menunggu ."", ""sore admin . ini ada keluhan nomor saya , pulsa terpotong terus . padahal tidak berlangganan paket apapun . tolong diperiksa min + xxxnumberxxx xxxnumberxxx - xxxnumberxxx - xxxnumberxxx ."", ""grab paket hemat saya billingnya itu tanggal xxxnumberxxx juli xxxnumberxxx . sekarang sudah agustus mengapa subscribe - nya masih aktif ?"", ""dear indosat , saya mau isi paket , tetapi mengapa tidak bisa ya ? sudah sejak jam xxxtimexxx tadi pulsa sudah masuk tetapi tidak bisa aktif ."", ""admin , kenapa saya tidak bisa sms ? saya mau konfirmasi pembelian paket selalu gagal smsnya dari tadi ."", ""sudah kak . sudah saya ganti ke xxxnumberxxx g , tapi tetap susah ."", ""pulsa saya berkurang xxxnumberxxx padahal tidak digunakan . saya mau beli paket jadi kurang , bagaimana ini ? xxxnumberxxx"", ""jb xxxphonexxx , sudah seminggu paket tidak sampai , padahal masih dalam jakarta . malah dikirim ke surabaya untuk apa ? jnt sistemnya seperti apa ?"", ""cek dm coba xxxuserxxx dari tadi komplain tidak ada respons , pulsa sudah terpotong kena tarik per kb .""]",False,10,2329,18,True,58,0.012678653,informal,0,0.7350543737411499,0.6857167482376099,0.9257978200912476,141.77797202109386,False,0.0
google/gemma-3-4b-it,informal,formal,centroid,,"halo kak , tolong di cek jp xxxphonexxx saya belum menerima barangnya .","“kak, sudah xxxnumberxxx hari , paket JP belum sampai. kok bisa ya?”",False,307,4200153,42,"[""selamat malam . mohon saya diberi informasi . paket saya sejak tanggal xxxnumberxxx tertahan dengan status itu dan belum terkirim sampai sekarang . ada apa ?"", ""sudah xxxnumberxxx hari , status belum juga berubah admin . tadi sudah telepon qc katanya cuma disuruh menunggu ."", ""sore admin . ini ada keluhan nomor saya , pulsa terpotong terus . padahal tidak berlangganan paket apapun . tolong diperiksa min + xxxnumberxxx xxxnumberxxx - xxxnumberxxx - xxxnumberxxx ."", ""grab paket hemat saya billingnya itu tanggal xxxnumberxxx juli xxxnumberxxx . sekarang sudah agustus mengapa subscribe - nya masih aktif ?"", ""dear indosat , saya mau isi paket , tetapi mengapa tidak bisa ya ? sudah sejak jam xxxtimexxx tadi pulsa sudah masuk tetapi tidak bisa aktif ."", ""admin , kenapa saya tidak bisa sms ? saya mau konfirmasi pembelian paket selalu gagal smsnya dari tadi ."", ""sudah kak . sudah saya ganti ke xxxnumberxxx g , tapi tetap susah ."", ""pulsa saya berkurang xxxnumberxxx padahal tidak digunakan . saya mau beli paket jadi kurang , bagaimana ini ? xxxnumberxxx"", ""jb xxxphonexxx , sudah seminggu paket tidak sampai , padahal masih dalam jakarta . malah dikirim ke surabaya untuk apa ? jnt sistemnya seperti apa ?"", ""cek dm coba xxxuserxxx dari tadi komplain tidak ada respons , pulsa sudah terpotong kena tarik per kb .""]",False,10,2345,19,True,68,0.17678903,informal,0,0.7781021595001221,0.6407455801963806,0.8918838500976562,659.6810358635935,False,0.0
google/gemma-3-4b-it,informal,formal,centroid,,"milenial bang , sibuk di kantor . banyak online shop juga , ada ojol juga . gak ada manfaatnya dong nih online shop sama ojol","admin , kok online shop sama ojolnya gak ada manfaatnya ya ? udah sibuk banget di kantor .",True,309,4200154,42,"[""selamat malam . mohon saya diberi informasi . paket saya sejak tanggal xxxnumberxxx tertahan dengan status itu dan belum terkirim sampai sekarang . ada apa ?"", ""sudah xxxnumberxxx hari , status belum juga berubah admin . tadi sudah telepon qc katanya cuma disuruh menunggu ."", ""sore admin . ini ada keluhan nomor saya , pulsa terpotong terus . padahal tidak berlangganan paket apapun . tolong diperiksa min + xxxnumberxxx xxxnumberxxx - xxxnumberxxx - xxxnumberxxx ."", ""grab paket hemat saya billingnya itu tanggal xxxnumberxxx juli xxxnumberxxx . sekarang sudah agustus mengapa subscribe - nya masih aktif ?"", ""dear indosat , saya mau isi paket , tetapi mengapa tidak bisa ya ? sudah sejak jam xxxtimexxx tadi pulsa sudah masuk tetapi tidak bisa aktif ."", ""admin , kenapa saya tidak bisa sms ? saya mau konfirmasi pembelian paket selalu gagal smsnya dari tadi ."", ""sudah kak . sudah saya ganti ke xxxnumberxxx g , tapi tetap susah ."", ""pulsa saya berkurang xxxnumberxxx padahal tidak digunakan . saya mau beli paket jadi kurang , bagaimana ini ? xxxnumberxxx"", ""jb xxxphonexxx , sudah seminggu paket tidak sampai , padahal masih dalam jakarta . malah dikirim ke surabaya untuk apa ? jnt sistemnya seperti apa ?"", ""cek dm coba xxxuserxxx dari tadi komplain tidak ada respons , pulsa sudah terpotong kena tarik per kb .""]",False,10,2399,22,True,90,0.0034775895,informal,0,0.8400396108627319,0.6377061009407043,0.9372158050537109,286.49485153843636,False,0.0
google/gemma-3-4b-it,informal,formal,centroid,,ke asyikan ya kaya operator punya bapak kamu sendiri wkwkwkwk,"“wah parah banget sih operator Bapak itu, kayaknya punya sendiri wkwkwk”",False,311,4200155,42,"[""selamat malam . mohon saya diberi informasi . paket saya sejak tanggal xxxnumberxxx tertahan dengan status itu dan belum terkirim sampai sekarang . ada apa ?"", ""sudah xxxnumberxxx hari , status belum juga berubah admin . tadi sudah telepon qc katanya cuma disuruh menunggu ."", ""sore admin . ini ada keluhan nomor saya , pulsa terpotong terus . padahal tidak berlangganan paket apapun . tolong diperiksa min + xxxnumberxxx xxxnumberxxx - xxxnumberxxx - xxxnumberxxx ."", ""grab paket hemat saya billingnya itu tanggal xxxnumberxxx juli xxxnumberxxx . sekarang sudah agustus mengapa subscribe - nya masih aktif ?"", ""dear indosat , saya mau isi paket , tetapi mengapa tidak bisa ya ? sudah sejak jam xxxtimexxx tadi pulsa sudah masuk tetapi tidak bisa aktif ."", ""admin , kenapa saya tidak bisa sms ? saya mau konfirmasi pembelian paket selalu gagal smsnya dari tadi ."", ""sudah kak . sudah saya ganti ke xxxnumberxxx g , tapi tetap susah ."", ""pulsa saya berkurang xxxnumberxxx padahal tidak digunakan . saya mau beli paket jadi kurang , bagaimana ini ? xxxnumberxxx"", ""jb xxxphonexxx , sudah seminggu paket tidak sampai , padahal masih dalam jakarta . malah dikirim ke surabaya untuk apa ? jnt sistemnya seperti apa ?"", ""cek dm coba xxxuserxxx dari tadi komplain tidak ada respons , pulsa sudah terpotong kena tarik per kb .""]",False,10,2335,19,True,72,0.0059185745,informal,0,0.6359390020370483,0.6717848777770996,0.9032374620437622,121.40763947541258,False,0.0
google/gemma-3-4b-it,informal,formal,centroid,,"jam xxxnumberxxx tadi di telpon kurir , gw ketiduran min . bisa diambil sendiri ke gudang tidak ? sampai jam berapa ya ? thanks","admin, tadi jam xxxnumberxxx di telpon kurir, bisa diambil sendiri di gudang gak ya? sampai jam berapa nih? thanks",False,313,4200156,42,"[""selamat malam . mohon saya diberi informasi . paket saya sejak tanggal xxxnumberxxx tertahan dengan status itu dan belum terkirim sampai sekarang . ada apa ?"", ""sudah xxxnumberxxx hari , status belum juga berubah admin . tadi sudah telepon qc katanya cuma disuruh menunggu ."", ""sore admin . ini ada keluhan nomor saya , pulsa terpotong terus . padahal tidak berlangganan paket apapun . tolong diperiksa min + xxxnumberxxx xxxnumberxxx - xxxnumberxxx - xxxnumberxxx ."", ""grab paket hemat saya billingnya itu tanggal xxxnumberxxx juli xxxnumberxxx . sekarang sudah agustus mengapa subscribe - nya masih aktif ?"", ""dear indosat , saya mau isi paket , tetapi mengapa tidak bisa ya ? sudah sejak jam xxxtimexxx tadi pulsa sudah masuk tetapi tidak bisa aktif ."", ""admin , kenapa saya tidak bisa sms ? saya mau konfirmasi pembelian paket selalu gagal smsnya dari tadi ."", ""sudah kak . sudah saya ganti ke xxxnumberxxx g , tapi tetap susah ."", ""pulsa saya berkurang xxxnumberxxx padahal tidak digunakan . saya mau beli paket jadi kurang , bagaimana ini ? xxxnumberxxx"", ""jb xxxphonexxx , sudah seminggu paket tidak sampai , padahal masih dalam jakarta . malah dikirim ke surabaya untuk apa ? jnt sistemnya seperti apa ?"", ""cek dm coba xxxuserxxx dari tadi komplain tidak ada respons , pulsa sudah terpotong kena tarik per kb .""]",False,10,2401,28,False,114,0.0067484663,informal,0,0.9365158677101135,0.846225917339325,0.9776955246925354,290.5835703261436,False,0.0
google/gemma-3-4b-it,informal,formal,centroid,,knapa sekarang foto driver gak bisa di klik utk memperbesar / memperjelas ? bagaimana penukpang mau merasa aman kalau foto driver terlalu kecil untuk dilihat ?,"admin, kenapa foto drivernya gak bisa diklik buat diperbesar/nambah jelas? gimana ya kalau mau merasa aman, fotonya terlalu kecil buat dilihat?",False,315,4200157,42,"[""selamat malam . mohon saya diberi informasi . paket saya sejak tanggal xxxnumberxxx tertahan dengan status itu dan belum terkirim sampai sekarang . ada apa ?"", ""sudah xxxnumberxxx hari , status belum juga berubah admin . tadi sudah telepon qc katanya cuma disuruh menunggu ."", ""sore admin . ini ada keluhan nomor saya , pulsa terpotong terus . padahal tidak berlangganan paket apapun . tolong diperiksa min + xxxnumberxxx xxxnumberxxx - xxxnumberxxx - xxxnumberxxx ."", ""grab paket hemat saya billingnya itu tanggal xxxnumberxxx juli xxxnumberxxx . sekarang sudah agustus mengapa subscribe - nya masih aktif ?"", ""dear indosat , saya mau isi paket , tetapi mengapa tidak bisa ya ? sudah sejak jam xxxtimexxx tadi pulsa sudah masuk tetapi tidak bisa aktif ."", ""admin , kenapa saya tidak bisa sms ? saya mau konfirmasi pembelian paket selalu gagal smsnya dari tadi ."", ""sudah kak . sudah saya ganti ke xxxnumberxxx g , tapi tetap susah ."", ""pulsa saya berkurang xxxnumberxxx padahal tidak digunakan . saya mau beli paket jadi kurang , bagaimana ini ? xxxnumberxxx"", ""jb xxxphonexxx , sudah seminggu paket tidak sampai , padahal masih dalam jakarta . malah dikirim ke surabaya untuk apa ? jnt sistemnya seperti apa ?"", ""cek dm coba xxxuserxxx dari tadi komplain tidak ada respons , pulsa sudah terpotong kena tarik per kb .""]",False,10,2433,33,True,143,0.017720373,informal,0,0.837498664855957,0.8799861669540405,0.9707549214363098,109.9714802483578,False,0.0
google/gemma-3-4b-it,informal,formal,centroid,,ni toko online tp ga mau ngerespon chat nya ? kalo emang ga mau dagang ga usah dagang mendingan .,"“tolong balas chat saya , toko . kalo emang gak mau jualan yaudah stop aja.”",False,317,4200158,42,"[""selamat malam . mohon saya diberi informasi . paket saya sejak tanggal xxxnumberxxx tertahan dengan status itu dan belum terkirim sampai sekarang . ada apa ?"", ""sudah xxxnumberxxx hari , status belum juga berubah admin . tadi sudah telepon qc katanya cuma disuruh menunggu ."", ""sore admin . ini ada keluhan nomor saya , pulsa terpotong terus . padahal tidak berlangganan paket apapun . tolong diperiksa min + xxxnumberxxx xxxnumberxxx - xxxnumberxxx - xxxnumberxxx ."", ""grab paket hemat saya billingnya itu tanggal xxxnumberxxx juli xxxnumberxxx . sekarang sudah agustus mengapa subscribe - nya masih aktif ?"", ""dear indosat , saya mau isi paket , tetapi mengapa tidak bisa ya ? sudah sejak jam xxxtimexxx tadi pulsa sudah masuk tetapi tidak bisa aktif ."", ""admin , kenapa saya tidak bisa sms ? saya mau konfirmasi pembelian paket selalu gagal smsnya dari tadi ."", ""sudah kak . sudah saya ganti ke xxxnumberxxx g , tapi tetap susah ."", ""pulsa saya berkurang xxxnumberxxx padahal tidak digunakan . saya mau beli paket jadi kurang , bagaimana ini ? xxxnumberxxx"", ""jb xxxphonexxx , sudah seminggu paket tidak sampai , padahal masih dalam jakarta . malah dikirim ke surabaya untuk apa ? jnt sistemnya seperti apa ?"", ""cek dm coba xxxuserxxx dari tadi komplain tidak ada respons , pulsa sudah terpotong kena tarik per kb .""]",False,10,2371,23,True,76,0.0031180321,informal,0,0.6186262369155884,0.6103260517120361,0.9013817310333252,121.36110349066897,False,0.0
google/gemma-3-4b-it,informal,formal,centroid,,no barcode rv417785365gb hampir xxxnumberxxx hari tidak ada pergerakan mengenai barang saya,“no barcode rv417785365gb hampir xxxnumberxxx hari belum ada kabar soal barang saya.”,False,319,4200159,42,"[""selamat malam . mohon saya diberi informasi . paket saya sejak tanggal xxxnumberxxx tertahan dengan status itu dan belum terkirim sampai sekarang . ada apa ?"", ""sudah xxxnumberxxx hari , status belum juga berubah admin . tadi sudah telepon qc katanya cuma disuruh menunggu ."", ""sore admin . ini ada keluhan nomor saya , pulsa terpotong terus . padahal tidak berlangganan paket apapun . tolong diperiksa min + xxxnumberxxx xxxnumberxxx - xxxnumberxxx - xxxnumberxxx ."", ""grab paket hemat saya billingnya itu tanggal xxxnumberxxx juli xxxnumberxxx . sekarang sudah agustus mengapa subscribe - nya masih aktif ?"", ""dear indosat , saya mau isi paket , tetapi mengapa tidak bisa ya ? sudah sejak jam xxxtimexxx tadi pulsa sudah masuk tetapi tidak bisa aktif ."", ""admin , kenapa saya tidak bisa sms ? saya mau konfirmasi pembelian paket selalu gagal smsnya dari tadi ."", ""sudah kak . sudah saya ganti ke xxxnumberxxx g , tapi tetap susah ."", ""pulsa saya berkurang xxxnumberxxx padahal tidak digunakan . saya mau beli paket jadi kurang , bagaimana ini ? xxxnumberxxx"", ""jb xxxphonexxx , sudah seminggu paket tidak sampai , padahal masih dalam jakarta . malah dikirim ke surabaya untuk apa ? jnt sistemnya seperti apa ?"", ""cek dm coba xxxuserxxx dari tadi komplain tidak ada respons , pulsa sudah terpotong kena tarik per kb .""]",False,10,2365,27,True,85,0.3011814,informal,0,0.8999336361885071,0.8877912759780884,0.958177924156189,425.8987333781043,False,0.0
google/gemma-3-4b-it,informal,formal,centroid,,"coba juga di jam tengah malam , biasanya jam² im3 lancar","admin, coba juga di jam tengah malam, biasanya jam-jam Im3 lancar.",False,321,4200160,42,"[""selamat malam . mohon saya diberi informasi . paket saya sejak tanggal xxxnumberxxx tertahan dengan status itu dan belum terkirim sampai sekarang . ada apa ?"", ""sudah xxxnumberxxx hari , status belum juga berubah admin . tadi sudah telepon qc katanya cuma disuruh menunggu ."", ""sore admin . ini ada keluhan nomor saya , pulsa terpotong terus . padahal tidak berlangganan paket apapun . tolong diperiksa min + xxxnumberxxx xxxnumberxxx - xxxnumberxxx - xxxnumberxxx ."", ""grab paket hemat saya billingnya itu tanggal xxxnumberxxx juli xxxnumberxxx . sekarang sudah agustus mengapa subscribe - nya masih aktif ?"", ""dear indosat , saya mau isi paket , tetapi mengapa tidak bisa ya ? sudah sejak jam xxxtimexxx tadi pulsa sudah masuk tetapi tidak bisa aktif ."", ""admin , kenapa saya tidak bisa sms ? saya mau konfirmasi pembelian paket selalu gagal smsnya dari tadi ."", ""sudah kak . sudah saya ganti ke xxxnumberxxx g , tapi tetap susah ."", ""pulsa saya berkurang xxxnumberxxx padahal tidak digunakan . saya mau beli paket jadi kurang , bagaimana ini ? xxxnumberxxx"", ""jb xxxphonexxx , sudah seminggu paket tidak sampai , padahal masih dalam jakarta . malah dikirim ke surabaya untuk apa ? jnt sistemnya seperti apa ?"", ""cek dm coba xxxuserxxx dari tadi komplain tidak ada respons , pulsa sudah terpotong kena tarik per kb .""]",False,10,2330,18,True,66,0.87589103,formal,1,0.8743290305137634,0.8620465993881226,0.9651821851730347,486.7825789245977,False,0.0
google/gemma-3-4b-it,informal,formal,centroid,,baik intinya kuota trf gratis ke rekening bank itu xxxnumberxxx kali ya,"“kira-kira xxxnumberxxx kali ya, kuota trf gratis ke bank.”",False,323,4200161,42,"[""selamat malam . mohon saya diberi informasi . paket saya sejak tanggal xxxnumberxxx tertahan dengan status itu dan belum terkirim sampai sekarang . ada apa ?"", ""sudah xxxnumberxxx hari , status belum juga berubah admin . tadi sudah telepon qc katanya cuma disuruh menunggu ."", ""sore admin . ini ada keluhan nomor saya , pulsa terpotong terus . padahal tidak berlangganan paket apapun . tolong diperiksa min + xxxnumberxxx xxxnumberxxx - xxxnumberxxx - xxxnumberxxx ."", ""grab paket hemat saya billingnya itu tanggal xxxnumberxxx juli xxxnumberxxx . sekarang sudah agustus mengapa subscribe - nya masih aktif ?"", ""dear indosat , saya mau isi paket , tetapi mengapa tidak bisa ya ? sudah sejak jam xxxtimexxx tadi pulsa sudah masuk tetapi tidak bisa aktif ."", ""admin , kenapa saya tidak bisa sms ? saya mau konfirmasi pembelian paket selalu gagal smsnya dari tadi ."", ""sudah kak . sudah saya ganti ke xxxnumberxxx g , tapi tetap susah ."", ""pulsa saya berkurang xxxnumberxxx padahal tidak digunakan . saya mau beli paket jadi kurang , bagaimana ini ? xxxnumberxxx"", ""jb xxxphonexxx , sudah seminggu paket tidak sampai , padahal masih dalam jakarta . malah dikirim ke surabaya untuk apa ? jnt sistemnya seperti apa ?"", ""cek dm coba xxxuserxxx dari tadi komplain tidak ada respons , pulsa sudah terpotong kena tarik per kb .""]",False,10,2345,19,True,59,0.13483584,informal,0,0.8280786275863647,0.7396942377090454,0.9280749559402466,370.0044715895419,False,0.0
google/gemma-3-4b-it,informal,formal,centroid,,"selamat pagi min xxxuserxxx , tolong trouble ticket id ttb000003452245 di follow up . terima kasih","admin, tolong follow up trouble ticket id ttb000003452245. terima kasih.",False,325,4200162,42,"[""selamat malam . mohon saya diberi informasi . paket saya sejak tanggal xxxnumberxxx tertahan dengan status itu dan belum terkirim sampai sekarang . ada apa ?"", ""sudah xxxnumberxxx hari , status belum juga berubah admin . tadi sudah telepon qc katanya cuma disuruh menunggu ."", ""sore admin . ini ada keluhan nomor saya , pulsa terpotong terus . padahal tidak berlangganan paket apapun . tolong diperiksa min + xxxnumberxxx xxxnumberxxx - xxxnumberxxx - xxxnumberxxx ."", ""grab paket hemat saya billingnya itu tanggal xxxnumberxxx juli xxxnumberxxx . sekarang sudah agustus mengapa subscribe - nya masih aktif ?"", ""dear indosat , saya mau isi paket , tetapi mengapa tidak bisa ya ? sudah sejak jam xxxtimexxx tadi pulsa sudah masuk tetapi tidak bisa aktif ."", ""admin , kenapa saya tidak bisa sms ? saya mau konfirmasi pembelian paket selalu gagal smsnya dari tadi ."", ""sudah kak . sudah saya ganti ke xxxnumberxxx g , tapi tetap susah ."", ""pulsa saya berkurang xxxnumberxxx padahal tidak digunakan . saya mau beli paket jadi kurang , bagaimana ini ? xxxnumberxxx"", ""jb xxxphonexxx , sudah seminggu paket tidak sampai , padahal masih dalam jakarta . malah dikirim ke surabaya untuk apa ? jnt sistemnya seperti apa ?"", ""cek dm coba xxxuserxxx dari tadi komplain tidak ada respons , pulsa sudah terpotong kena tarik per kb .""]",False,10,2372,28,True,72,0.4814462,informal,0,0.9172054529190063,0.8076322078704834,0.9617325067520142,68.13606048931383,False,0.0
google/gemma-3-4b-it,informal,formal,centroid,,"jaringan bermasalah ga ada ? kemarin baru ngisi , sore ini sudah lemot parah , blm fup ya ! sinyal perbaiki daerah neglasari , tangerang .","admin, jaringan kok bermasalah ya? Kemarin baru isi paket, sore ini udah lemot banget, belum FUP ya? Sinyal perbaiki di Neglasari, Tangerang.",True,327,4200163,42,"[""selamat malam . mohon saya diberi informasi . paket saya sejak tanggal xxxnumberxxx tertahan dengan status itu dan belum terkirim sampai sekarang . ada apa ?"", ""sudah xxxnumberxxx hari , status belum juga berubah admin . tadi sudah telepon qc katanya cuma disuruh menunggu ."", ""sore admin . ini ada keluhan nomor saya , pulsa terpotong terus . padahal tidak berlangganan paket apapun . tolong diperiksa min + xxxnumberxxx xxxnumberxxx - xxxnumberxxx - xxxnumberxxx ."", ""grab paket hemat saya billingnya itu tanggal xxxnumberxxx juli xxxnumberxxx . sekarang sudah agustus mengapa subscribe - nya masih aktif ?"", ""dear indosat , saya mau isi paket , tetapi mengapa tidak bisa ya ? sudah sejak jam xxxtimexxx tadi pulsa sudah masuk tetapi tidak bisa aktif ."", ""admin , kenapa saya tidak bisa sms ? saya mau konfirmasi pembelian paket selalu gagal smsnya dari tadi ."", ""sudah kak . sudah saya ganti ke xxxnumberxxx g , tapi tetap susah ."", ""pulsa saya berkurang xxxnumberxxx padahal tidak digunakan . saya mau beli paket jadi kurang , bagaimana ini ? xxxnumberxxx"", ""jb xxxphonexxx , sudah seminggu paket tidak sampai , padahal masih dalam jakarta . malah dikirim ke surabaya untuk apa ? jnt sistemnya seperti apa ?"", ""cek dm coba xxxuserxxx dari tadi komplain tidak ada respons , pulsa sudah terpotong kena tarik per kb .""]",False,10,2412,38,True,141,0.0136624,informal,0,0.8834449052810669,0.7938677668571472,0.9439316987991333,116.53638087792086,False,0.0
google/gemma-3-4b-it,informal,formal,centroid,,pesta kuota apa ya min ?,"“min, paket kuota saya kok hilang ya? udah xxxnumberxxx hari nih.”",False,329,4200164,42,"[""selamat malam . mohon saya diberi informasi . paket saya sejak tanggal xxxnumberxxx tertahan dengan status itu dan belum terkirim sampai sekarang . ada apa ?"", ""sudah xxxnumberxxx hari , status belum juga berubah admin . tadi sudah telepon qc katanya cuma disuruh menunggu ."", ""sore admin . ini ada keluhan nomor saya , pulsa terpotong terus . padahal tidak berlangganan paket apapun . tolong diperiksa min + xxxnumberxxx xxxnumberxxx - xxxnumberxxx - xxxnumberxxx ."", ""grab paket hemat saya billingnya itu tanggal xxxnumberxxx juli xxxnumberxxx . sekarang sudah agustus mengapa subscribe - nya masih aktif ?"", ""dear indosat , saya mau isi paket , tetapi mengapa tidak bisa ya ? sudah sejak jam xxxtimexxx tadi pulsa sudah masuk tetapi tidak bisa aktif ."", ""admin , kenapa saya tidak bisa sms ? saya mau konfirmasi pembelian paket selalu gagal smsnya dari tadi ."", ""sudah kak . sudah saya ganti ke xxxnumberxxx g , tapi tetap susah ."", ""pulsa saya berkurang xxxnumberxxx padahal tidak digunakan . saya mau beli paket jadi kurang , bagaimana ini ? xxxnumberxxx"", ""jb xxxphonexxx , sudah seminggu paket tidak sampai , padahal masih dalam jakarta . malah dikirim ke surabaya untuk apa ? jnt sistemnya seperti apa ?"", ""cek dm coba xxxuserxxx dari tadi komplain tidak ada respons , pulsa sudah terpotong kena tarik per kb .""]",False,10,2298,19,True,66,0.0045723836,informal,0,0.5948843955993652,0.4169650971889496,0.853537917137146,393.8457365359922,False,0.0
google/gemma-3-4b-it,informal,formal,centroid,,gak gitu min disini pada demo2 gakjls kasian para driver yang uangnya di gopay kaya saya min,"“admin, kenapa saldo gopay saya berkurang padahal tidak digunakan? ini sangat merugikan, terutama para driver yang uangnya diambil seperti ini.”",False,331,4200165,42,"[""selamat malam . mohon saya diberi informasi . paket saya sejak tanggal xxxnumberxxx tertahan dengan status itu dan belum terkirim sampai sekarang . ada apa ?"", ""sudah xxxnumberxxx hari , status belum juga berubah admin . tadi sudah telepon qc katanya cuma disuruh menunggu ."", ""sore admin . ini ada keluhan nomor saya , pulsa terpotong terus . padahal tidak berlangganan paket apapun . tolong diperiksa min + xxxnumberxxx xxxnumberxxx - xxxnumberxxx - xxxnumberxxx ."", ""grab paket hemat saya billingnya itu tanggal xxxnumberxxx juli xxxnumberxxx . sekarang sudah agustus mengapa subscribe - nya masih aktif ?"", ""dear indosat , saya mau isi paket , tetapi mengapa tidak bisa ya ? sudah sejak jam xxxtimexxx tadi pulsa sudah masuk tetapi tidak bisa aktif ."", ""admin , kenapa saya tidak bisa sms ? saya mau konfirmasi pembelian paket selalu gagal smsnya dari tadi ."", ""sudah kak . sudah saya ganti ke xxxnumberxxx g , tapi tetap susah ."", ""pulsa saya berkurang xxxnumberxxx padahal tidak digunakan . saya mau beli paket jadi kurang , bagaimana ini ? xxxnumberxxx"", ""jb xxxphonexxx , sudah seminggu paket tidak sampai , padahal masih dalam jakarta . malah dikirim ke surabaya untuk apa ? jnt sistemnya seperti apa ?"", ""cek dm coba xxxuserxxx dari tadi komplain tidak ada respons , pulsa sudah terpotong kena tarik per kb .""]",False,10,2366,32,True,144,0.87679344,formal,1,0.6769709587097168,0.46923136711120605,0.8617987632751465,30.64729730984647,False,0.0
google/gemma-3-4b-it,informal,formal,centroid,,gua ga pernah begini soalnya wkwkwk,"“Gue udah bingung banget soalnya, wih!”",False,333,4200166,42,"[""selamat malam . mohon saya diberi informasi . paket saya sejak tanggal xxxnumberxxx tertahan dengan status itu dan belum terkirim sampai sekarang . ada apa ?"", ""sudah xxxnumberxxx hari , status belum juga berubah admin . tadi sudah telepon qc katanya cuma disuruh menunggu ."", ""sore admin . ini ada keluhan nomor saya , pulsa terpotong terus . padahal tidak berlangganan paket apapun . tolong diperiksa min + xxxnumberxxx xxxnumberxxx - xxxnumberxxx - xxxnumberxxx ."", ""grab paket hemat saya billingnya itu tanggal xxxnumberxxx juli xxxnumberxxx . sekarang sudah agustus mengapa subscribe - nya masih aktif ?"", ""dear indosat , saya mau isi paket , tetapi mengapa tidak bisa ya ? sudah sejak jam xxxtimexxx tadi pulsa sudah masuk tetapi tidak bisa aktif ."", ""admin , kenapa saya tidak bisa sms ? saya mau konfirmasi pembelian paket selalu gagal smsnya dari tadi ."", ""sudah kak . sudah saya ganti ke xxxnumberxxx g , tapi tetap susah ."", ""pulsa saya berkurang xxxnumberxxx padahal tidak digunakan . saya mau beli paket jadi kurang , bagaimana ini ? xxxnumberxxx"", ""jb xxxphonexxx , sudah seminggu paket tidak sampai , padahal masih dalam jakarta . malah dikirim ke surabaya untuk apa ? jnt sistemnya seperti apa ?"", ""cek dm coba xxxuserxxx dari tadi komplain tidak ada respons , pulsa sudah terpotong kena tarik per kb .""]",False,10,2309,12,True,39,0.005563808,informal,0,0.42846494913101196,0.3765318989753723,0.8122718334197998,281.629152819179,False,0.0
google/gemma-3-4b-it,informal,formal,centroid,,min tolong cek riwayat pulsa transfer yg masuk ke nomor xxxnumberxxx pada tanggal xxxnumberxxx agustus xxxnumberxxx,"admin , tolong cek transfer pulsa ke nomor xxxnumberxxx tanggal xxxnumberxxx agustus xxxnumberxxx",False,335,4200167,42,"[""selamat malam . mohon saya diberi informasi . paket saya sejak tanggal xxxnumberxxx tertahan dengan status itu dan belum terkirim sampai sekarang . ada apa ?"", ""sudah xxxnumberxxx hari , status belum juga berubah admin . tadi sudah telepon qc katanya cuma disuruh menunggu ."", ""sore admin . ini ada keluhan nomor saya , pulsa terpotong terus . padahal tidak berlangganan paket apapun . tolong diperiksa min + xxxnumberxxx xxxnumberxxx - xxxnumberxxx - xxxnumberxxx ."", ""grab paket hemat saya billingnya itu tanggal xxxnumberxxx juli xxxnumberxxx . sekarang sudah agustus mengapa subscribe - nya masih aktif ?"", ""dear indosat , saya mau isi paket , tetapi mengapa tidak bisa ya ? sudah sejak jam xxxtimexxx tadi pulsa sudah masuk tetapi tidak bisa aktif ."", ""admin , kenapa saya tidak bisa sms ? saya mau konfirmasi pembelian paket selalu gagal smsnya dari tadi ."", ""sudah kak . sudah saya ganti ke xxxnumberxxx g , tapi tetap susah ."", ""pulsa saya berkurang xxxnumberxxx padahal tidak digunakan . saya mau beli paket jadi kurang , bagaimana ini ? xxxnumberxxx"", ""jb xxxphonexxx , sudah seminggu paket tidak sampai , padahal masih dalam jakarta . malah dikirim ke surabaya untuk apa ? jnt sistemnya seperti apa ?"", ""cek dm coba xxxuserxxx dari tadi komplain tidak ada respons , pulsa sudah terpotong kena tarik per kb .""]",False,10,2389,22,False,97,0.34761888,informal,0,0.91518634557724,0.8238568902015686,0.9782875180244446,145.88130785007894,False,0.0
google/gemma-3-4b-it,informal,formal,centroid,,sudah . masih tetep ngga bisa dari tadi,"“udah, masih kok ngga bisa dari tadi.”",False,337,4200168,42,"[""selamat malam . mohon saya diberi informasi . paket saya sejak tanggal xxxnumberxxx tertahan dengan status itu dan belum terkirim sampai sekarang . ada apa ?"", ""sudah xxxnumberxxx hari , status belum juga berubah admin . tadi sudah telepon qc katanya cuma disuruh menunggu ."", ""sore admin . ini ada keluhan nomor saya , pulsa terpotong terus . padahal tidak berlangganan paket apapun . tolong diperiksa min + xxxnumberxxx xxxnumberxxx - xxxnumberxxx - xxxnumberxxx ."", ""grab paket hemat saya billingnya itu tanggal xxxnumberxxx juli xxxnumberxxx . sekarang sudah agustus mengapa subscribe - nya masih aktif ?"", ""dear indosat , saya mau isi paket , tetapi mengapa tidak bisa ya ? sudah sejak jam xxxtimexxx tadi pulsa sudah masuk tetapi tidak bisa aktif ."", ""admin , kenapa saya tidak bisa sms ? saya mau konfirmasi pembelian paket selalu gagal smsnya dari tadi ."", ""sudah kak . sudah saya ganti ke xxxnumberxxx g , tapi tetap susah ."", ""pulsa saya berkurang xxxnumberxxx padahal tidak digunakan . saya mau beli paket jadi kurang , bagaimana ini ? xxxnumberxxx"", ""jb xxxphonexxx , sudah seminggu paket tidak sampai , padahal masih dalam jakarta . malah dikirim ke surabaya untuk apa ? jnt sistemnya seperti apa ?"", ""cek dm coba xxxuserxxx dari tadi komplain tidak ada respons , pulsa sudah terpotong kena tarik per kb .""]",False,10,2313,12,True,38,0.059457943,informal,0,0.7874248027801514,0.6983614563941956,0.915252149105072,330.4406147171622,False,0.0
google/gemma-3-4b-it,informal,formal,centroid,,nah bener nih dipesen itu grabfoodnya dan jangan lupa apapun makanannya minumannya teh botol sosro ( endorse dong xxxuserxxx ),"admin, grabfoodnya udah dipesan, tapi kok belum dateng ya? jangan lupa minuman teh botol sosro ( endorse dong xxxuserxxx )",False,339,4200169,42,"[""selamat malam . mohon saya diberi informasi . paket saya sejak tanggal xxxnumberxxx tertahan dengan status itu dan belum terkirim sampai sekarang . ada apa ?"", ""sudah xxxnumberxxx hari , status belum juga berubah admin . tadi sudah telepon qc katanya cuma disuruh menunggu ."", ""sore admin . ini ada keluhan nomor saya , pulsa terpotong terus . padahal tidak berlangganan paket apapun . tolong diperiksa min + xxxnumberxxx xxxnumberxxx - xxxnumberxxx - xxxnumberxxx ."", ""grab paket hemat saya billingnya itu tanggal xxxnumberxxx juli xxxnumberxxx . sekarang sudah agustus mengapa subscribe - nya masih aktif ?"", ""dear indosat , saya mau isi paket , tetapi mengapa tidak bisa ya ? sudah sejak jam xxxtimexxx tadi pulsa sudah masuk tetapi tidak bisa aktif ."", ""admin , kenapa saya tidak bisa sms ? saya mau konfirmasi pembelian paket selalu gagal smsnya dari tadi ."", ""sudah kak . sudah saya ganti ke xxxnumberxxx g , tapi tetap susah ."", ""pulsa saya berkurang xxxnumberxxx padahal tidak digunakan . saya mau beli paket jadi kurang , bagaimana ini ? xxxnumberxxx"", ""jb xxxphonexxx , sudah seminggu paket tidak sampai , padahal masih dalam jakarta . malah dikirim ke surabaya untuk apa ? jnt sistemnya seperti apa ?"", ""cek dm coba xxxuserxxx dari tadi komplain tidak ada respons , pulsa sudah terpotong kena tarik per kb .""]",False,10,2400,31,False,122,0.0074132034,informal,0,0.8436144590377808,0.6390380859375,0.9271643757820129,287.71012108764313,False,0.0
google/gemma-3-4b-it,informal,formal,centroid,,tidak . krn banyak mitra berkerumun didepan saya,"“udah, makanya susah ya, banyak macemnya di depan saya.”",False,341,4200170,42,"[""selamat malam . mohon saya diberi informasi . paket saya sejak tanggal xxxnumberxxx tertahan dengan status itu dan belum terkirim sampai sekarang . ada apa ?"", ""sudah xxxnumberxxx hari , status belum juga berubah admin . tadi sudah telepon qc katanya cuma disuruh menunggu ."", ""sore admin . ini ada keluhan nomor saya , pulsa terpotong terus . padahal tidak berlangganan paket apapun . tolong diperiksa min + xxxnumberxxx xxxnumberxxx - xxxnumberxxx - xxxnumberxxx ."", ""grab paket hemat saya billingnya itu tanggal xxxnumberxxx juli xxxnumberxxx . sekarang sudah agustus mengapa subscribe - nya masih aktif ?"", ""dear indosat , saya mau isi paket , tetapi mengapa tidak bisa ya ? sudah sejak jam xxxtimexxx tadi pulsa sudah masuk tetapi tidak bisa aktif ."", ""admin , kenapa saya tidak bisa sms ? saya mau konfirmasi pembelian paket selalu gagal smsnya dari tadi ."", ""sudah kak . sudah saya ganti ke xxxnumberxxx g , tapi tetap susah ."", ""pulsa saya berkurang xxxnumberxxx padahal tidak digunakan . saya mau beli paket jadi kurang , bagaimana ini ? xxxnumberxxx"", ""jb xxxphonexxx , sudah seminggu paket tidak sampai , padahal masih dalam jakarta . malah dikirim ke surabaya untuk apa ? jnt sistemnya seperti apa ?"", ""cek dm coba xxxuserxxx dari tadi komplain tidak ada respons , pulsa sudah terpotong kena tarik per kb .""]",False,10,2322,17,True,56,0.13841261,informal,0,0.3173590898513794,0.5594199895858765,0.8583503365516663,167.73446508147762,False,0.0
google/gemma-3-4b-it,informal,formal,centroid,,min . saya coba buat transfer ke bank lain pakai m - banking pagi ini gagal terus ya ? tp buat transfer ke virtual account lancar . ada solusikah ?,"min . pagi ini saya coba transfer ke bank lain pakai m - banking gagal terus ya ? kok lancar buat virtual account sih , ada solusinya nggak ya?",False,343,4200171,42,"[""selamat malam . mohon saya diberi informasi . paket saya sejak tanggal xxxnumberxxx tertahan dengan status itu dan belum terkirim sampai sekarang . ada apa ?"", ""sudah xxxnumberxxx hari , status belum juga berubah admin . tadi sudah telepon qc katanya cuma disuruh menunggu ."", ""sore admin . ini ada keluhan nomor saya , pulsa terpotong terus . padahal tidak berlangganan paket apapun . tolong diperiksa min + xxxnumberxxx xxxnumberxxx - xxxnumberxxx - xxxnumberxxx ."", ""grab paket hemat saya billingnya itu tanggal xxxnumberxxx juli xxxnumberxxx . sekarang sudah agustus mengapa subscribe - nya masih aktif ?"", ""dear indosat , saya mau isi paket , tetapi mengapa tidak bisa ya ? sudah sejak jam xxxtimexxx tadi pulsa sudah masuk tetapi tidak bisa aktif ."", ""admin , kenapa saya tidak bisa sms ? saya mau konfirmasi pembelian paket selalu gagal smsnya dari tadi ."", ""sudah kak . sudah saya ganti ke xxxnumberxxx g , tapi tetap susah ."", ""pulsa saya berkurang xxxnumberxxx padahal tidak digunakan . saya mau beli paket jadi kurang , bagaimana ini ? xxxnumberxxx"", ""jb xxxphonexxx , sudah seminggu paket tidak sampai , padahal masih dalam jakarta . malah dikirim ke surabaya untuk apa ? jnt sistemnya seperti apa ?"", ""cek dm coba xxxuserxxx dari tadi komplain tidak ada respons , pulsa sudah terpotong kena tarik per kb .""]",False,10,2421,33,True,143,0.0019403074,informal,0,0.9450485706329346,0.9690109491348267,0.9925966262817383,99.26713603578865,False,0.0
google/gemma-3-4b-it,informal,formal,centroid,,pengen liatt min tpi gimana yaa,"admin, kok saya gak bisa lihat sih? gimana ya?",False,345,4200172,42,"[""selamat malam . mohon saya diberi informasi . paket saya sejak tanggal xxxnumberxxx tertahan dengan status itu dan belum terkirim sampai sekarang . ada apa ?"", ""sudah xxxnumberxxx hari , status belum juga berubah admin . tadi sudah telepon qc katanya cuma disuruh menunggu ."", ""sore admin . ini ada keluhan nomor saya , pulsa terpotong terus . padahal tidak berlangganan paket apapun . tolong diperiksa min + xxxnumberxxx xxxnumberxxx - xxxnumberxxx - xxxnumberxxx ."", ""grab paket hemat saya billingnya itu tanggal xxxnumberxxx juli xxxnumberxxx . sekarang sudah agustus mengapa subscribe - nya masih aktif ?"", ""dear indosat , saya mau isi paket , tetapi mengapa tidak bisa ya ? sudah sejak jam xxxtimexxx tadi pulsa sudah masuk tetapi tidak bisa aktif ."", ""admin , kenapa saya tidak bisa sms ? saya mau konfirmasi pembelian paket selalu gagal smsnya dari tadi ."", ""sudah kak . sudah saya ganti ke xxxnumberxxx g , tapi tetap susah ."", ""pulsa saya berkurang xxxnumberxxx padahal tidak digunakan . saya mau beli paket jadi kurang , bagaimana ini ? xxxnumberxxx"", ""jb xxxphonexxx , sudah seminggu paket tidak sampai , padahal masih dalam jakarta . malah dikirim ke surabaya untuk apa ? jnt sistemnya seperti apa ?"", ""cek dm coba xxxuserxxx dari tadi komplain tidak ada respons , pulsa sudah terpotong kena tarik per kb .""]",False,10,2305,13,True,46,0.007393161,informal,0,0.6645649075508118,0.4863293766975403,0.8040571212768555,203.5758389745771,False,0.0
google/gemma-3-4b-it,informal,formal,centroid,,halo min xxxuserxxx tolong cek dm ya .,"dear xxxuserxxx , tolong cek dm ya",True,347,4200173,42,"[""selamat malam . mohon saya diberi informasi . paket saya sejak tanggal xxxnumberxxx tertahan dengan status itu dan belum terkirim sampai sekarang . ada apa ?"", ""sudah xxxnumberxxx hari , status belum juga berubah admin . tadi sudah telepon qc katanya cuma disuruh menunggu ."", ""sore admin . ini ada keluhan nomor saya , pulsa terpotong terus . padahal tidak berlangganan paket apapun . tolong diperiksa min + xxxnumberxxx xxxnumberxxx - xxxnumberxxx - xxxnumberxxx ."", ""grab paket hemat saya billingnya itu tanggal xxxnumberxxx juli xxxnumberxxx . sekarang sudah agustus mengapa subscribe - nya masih aktif ?"", ""dear indosat , saya mau isi paket , tetapi mengapa tidak bisa ya ? sudah sejak jam xxxtimexxx tadi pulsa sudah masuk tetapi tidak bisa aktif ."", ""admin , kenapa saya tidak bisa sms ? saya mau konfirmasi pembelian paket selalu gagal smsnya dari tadi ."", ""sudah kak . sudah saya ganti ke xxxnumberxxx g , tapi tetap susah ."", ""pulsa saya berkurang xxxnumberxxx padahal tidak digunakan . saya mau beli paket jadi kurang , bagaimana ini ? xxxnumberxxx"", ""jb xxxphonexxx , sudah seminggu paket tidak sampai , padahal masih dalam jakarta . malah dikirim ke surabaya untuk apa ? jnt sistemnya seperti apa ?"", ""cek dm coba xxxuserxxx dari tadi komplain tidak ada respons , pulsa sudah terpotong kena tarik per kb .""]",False,10,2312,11,False,34,0.0023633072,informal,0,0.9106748104095459,0.8749592304229736,0.9656766653060913,8283.37716880301,True,0.0
google/gemma-3-4b-it,informal,formal,centroid,,"pakdok ga usah ikutan , traktir saya ngopi aja deh .","“admin, kok gak bisa ikut traktir kopi ya? udah, tolong aja.”",False,349,4200174,42,"[""selamat malam . mohon saya diberi informasi . paket saya sejak tanggal xxxnumberxxx tertahan dengan status itu dan belum terkirim sampai sekarang . ada apa ?"", ""sudah xxxnumberxxx hari , status belum juga berubah admin . tadi sudah telepon qc katanya cuma disuruh menunggu ."", ""sore admin . ini ada keluhan nomor saya , pulsa terpotong terus . padahal tidak berlangganan paket apapun . tolong diperiksa min + xxxnumberxxx xxxnumberxxx - xxxnumberxxx - xxxnumberxxx ."", ""grab paket hemat saya billingnya itu tanggal xxxnumberxxx juli xxxnumberxxx . sekarang sudah agustus mengapa subscribe - nya masih aktif ?"", ""dear indosat , saya mau isi paket , tetapi mengapa tidak bisa ya ? sudah sejak jam xxxtimexxx tadi pulsa sudah masuk tetapi tidak bisa aktif ."", ""admin , kenapa saya tidak bisa sms ? saya mau konfirmasi pembelian paket selalu gagal smsnya dari tadi ."", ""sudah kak . sudah saya ganti ke xxxnumberxxx g , tapi tetap susah ."", ""pulsa saya berkurang xxxnumberxxx padahal tidak digunakan . saya mau beli paket jadi kurang , bagaimana ini ? xxxnumberxxx"", ""jb xxxphonexxx , sudah seminggu paket tidak sampai , padahal masih dalam jakarta . malah dikirim ke surabaya untuk apa ? jnt sistemnya seperti apa ?"", ""cek dm coba xxxuserxxx dari tadi komplain tidak ada respons , pulsa sudah terpotong kena tarik per kb .""]",False,10,2326,19,True,61,0.011591668,informal,0,0.7326242923736572,0.29584988951683044,0.8263765573501587,176.6720917481617,False,0.0
google/gemma-3-4b-it,informal,formal,centroid,,"kencan bahagia versi gue itu yang gak pake ribet , sederhana , saling ngerti , gak harus nuntut dan paling penting dia seneng ketika ketemu gue","“gue lagi cari pacar yang simple aja sih, yang ngerti aja, gak usah banyak tuntutan, yang penting dia happy kalau sama gue.”",False,351,4200175,42,"[""selamat malam . mohon saya diberi informasi . paket saya sejak tanggal xxxnumberxxx tertahan dengan status itu dan belum terkirim sampai sekarang . ada apa ?"", ""sudah xxxnumberxxx hari , status belum juga berubah admin . tadi sudah telepon qc katanya cuma disuruh menunggu ."", ""sore admin . ini ada keluhan nomor saya , pulsa terpotong terus . padahal tidak berlangganan paket apapun . tolong diperiksa min + xxxnumberxxx xxxnumberxxx - xxxnumberxxx - xxxnumberxxx ."", ""grab paket hemat saya billingnya itu tanggal xxxnumberxxx juli xxxnumberxxx . sekarang sudah agustus mengapa subscribe - nya masih aktif ?"", ""dear indosat , saya mau isi paket , tetapi mengapa tidak bisa ya ? sudah sejak jam xxxtimexxx tadi pulsa sudah masuk tetapi tidak bisa aktif ."", ""admin , kenapa saya tidak bisa sms ? saya mau konfirmasi pembelian paket selalu gagal smsnya dari tadi ."", ""sudah kak . sudah saya ganti ke xxxnumberxxx g , tapi tetap susah ."", ""pulsa saya berkurang xxxnumberxxx padahal tidak digunakan . saya mau beli paket jadi kurang , bagaimana ini ? xxxnumberxxx"", ""jb xxxphonexxx , sudah seminggu paket tidak sampai , padahal masih dalam jakarta . malah dikirim ke surabaya untuk apa ? jnt sistemnya seperti apa ?"", ""cek dm coba xxxuserxxx dari tadi komplain tidak ada respons , pulsa sudah terpotong kena tarik per kb .""]",False,10,2417,30,True,124,0.06792742,informal,0,0.7426113486289978,0.7121648788452148,0.8819530010223389,22.170091570009152,False,0.0
google/gemma-3-4b-it,informal,formal,centroid,,kalau lokasi bank terdekat dimana ya ?,"admin, lokasi bank terdekat di mana ya?",False,353,4200176,42,"[""selamat malam . mohon saya diberi informasi . paket saya sejak tanggal xxxnumberxxx tertahan dengan status itu dan belum terkirim sampai sekarang . ada apa ?"", ""sudah xxxnumberxxx hari , status belum juga berubah admin . tadi sudah telepon qc katanya cuma disuruh menunggu ."", ""sore admin . ini ada keluhan nomor saya , pulsa terpotong terus . padahal tidak berlangganan paket apapun . tolong diperiksa min + xxxnumberxxx xxxnumberxxx - xxxnumberxxx - xxxnumberxxx ."", ""grab paket hemat saya billingnya itu tanggal xxxnumberxxx juli xxxnumberxxx . sekarang sudah agustus mengapa subscribe - nya masih aktif ?"", ""dear indosat , saya mau isi paket , tetapi mengapa tidak bisa ya ? sudah sejak jam xxxtimexxx tadi pulsa sudah masuk tetapi tidak bisa aktif ."", ""admin , kenapa saya tidak bisa sms ? saya mau konfirmasi pembelian paket selalu gagal smsnya dari tadi ."", ""sudah kak . sudah saya ganti ke xxxnumberxxx g , tapi tetap susah ."", ""pulsa saya berkurang xxxnumberxxx padahal tidak digunakan . saya mau beli paket jadi kurang , bagaimana ini ? xxxnumberxxx"", ""jb xxxphonexxx , sudah seminggu paket tidak sampai , padahal masih dalam jakarta . malah dikirim ke surabaya untuk apa ? jnt sistemnya seperti apa ?"", ""cek dm coba xxxuserxxx dari tadi komplain tidak ada respons , pulsa sudah terpotong kena tarik per kb .""]",False,10,2312,10,True,39,0.16165505,informal,0,0.9083147048950195,0.8470101952552795,0.9561794400215149,1025.5886529073518,True,0.0
google/gemma-3-4b-it,informal,formal,centroid,,bisa tolong cek dm dr saya,"admin, bisa tolong cek dm dari saya?",False,355,4200177,42,"[""selamat malam . mohon saya diberi informasi . paket saya sejak tanggal xxxnumberxxx tertahan dengan status itu dan belum terkirim sampai sekarang . ada apa ?"", ""sudah xxxnumberxxx hari , status belum juga berubah admin . tadi sudah telepon qc katanya cuma disuruh menunggu ."", ""sore admin . ini ada keluhan nomor saya , pulsa terpotong terus . padahal tidak berlangganan paket apapun . tolong diperiksa min + xxxnumberxxx xxxnumberxxx - xxxnumberxxx - xxxnumberxxx ."", ""grab paket hemat saya billingnya itu tanggal xxxnumberxxx juli xxxnumberxxx . sekarang sudah agustus mengapa subscribe - nya masih aktif ?"", ""dear indosat , saya mau isi paket , tetapi mengapa tidak bisa ya ? sudah sejak jam xxxtimexxx tadi pulsa sudah masuk tetapi tidak bisa aktif ."", ""admin , kenapa saya tidak bisa sms ? saya mau konfirmasi pembelian paket selalu gagal smsnya dari tadi ."", ""sudah kak . sudah saya ganti ke xxxnumberxxx g , tapi tetap susah ."", ""pulsa saya berkurang xxxnumberxxx padahal tidak digunakan . saya mau beli paket jadi kurang , bagaimana ini ? xxxnumberxxx"", ""jb xxxphonexxx , sudah seminggu paket tidak sampai , padahal masih dalam jakarta . malah dikirim ke surabaya untuk apa ? jnt sistemnya seperti apa ?"", ""cek dm coba xxxuserxxx dari tadi komplain tidak ada respons , pulsa sudah terpotong kena tarik per kb .""]",False,10,2300,11,True,36,0.6917537,formal,1,0.7990371584892273,0.779711127281189,0.925795316696167,171.9392092532913,False,0.0
google/gemma-3-4b-it,informal,formal,centroid,,itu seler kurang aja . iklan palsu dan aku sudah tertipu .,"“ini seler kurang ya. iklan palsu banget, dan aku udah kena tipu.”",False,357,4200178,42,"[""selamat malam . mohon saya diberi informasi . paket saya sejak tanggal xxxnumberxxx tertahan dengan status itu dan belum terkirim sampai sekarang . ada apa ?"", ""sudah xxxnumberxxx hari , status belum juga berubah admin . tadi sudah telepon qc katanya cuma disuruh menunggu ."", ""sore admin . ini ada keluhan nomor saya , pulsa terpotong terus . padahal tidak berlangganan paket apapun . tolong diperiksa min + xxxnumberxxx xxxnumberxxx - xxxnumberxxx - xxxnumberxxx ."", ""grab paket hemat saya billingnya itu tanggal xxxnumberxxx juli xxxnumberxxx . sekarang sudah agustus mengapa subscribe - nya masih aktif ?"", ""dear indosat , saya mau isi paket , tetapi mengapa tidak bisa ya ? sudah sejak jam xxxtimexxx tadi pulsa sudah masuk tetapi tidak bisa aktif ."", ""admin , kenapa saya tidak bisa sms ? saya mau konfirmasi pembelian paket selalu gagal smsnya dari tadi ."", ""sudah kak . sudah saya ganti ke xxxnumberxxx g , tapi tetap susah ."", ""pulsa saya berkurang xxxnumberxxx padahal tidak digunakan . saya mau beli paket jadi kurang , bagaimana ini ? xxxnumberxxx"", ""jb xxxphonexxx , sudah seminggu paket tidak sampai , padahal masih dalam jakarta . malah dikirim ke surabaya untuk apa ? jnt sistemnya seperti apa ?"", ""cek dm coba xxxuserxxx dari tadi komplain tidak ada respons , pulsa sudah terpotong kena tarik per kb .""]",False,10,2332,19,True,66,0.03244811,informal,0,0.8213394284248352,0.8137556314468384,0.91527259349823,321.18598246117995,False,0.0
google/gemma-3-4b-it,informal,formal,centroid,,"besok "" pas udh ketemu tanya , kemarin kamu isiin gopay sapa aja","“udah fix, nanti tanya, kemarin kamu isi Gopay sama siapa aja?”",False,359,4200179,42,"[""selamat malam . mohon saya diberi informasi . paket saya sejak tanggal xxxnumberxxx tertahan dengan status itu dan belum terkirim sampai sekarang . ada apa ?"", ""sudah xxxnumberxxx hari , status belum juga berubah admin . tadi sudah telepon qc katanya cuma disuruh menunggu ."", ""sore admin . ini ada keluhan nomor saya , pulsa terpotong terus . padahal tidak berlangganan paket apapun . tolong diperiksa min + xxxnumberxxx xxxnumberxxx - xxxnumberxxx - xxxnumberxxx ."", ""grab paket hemat saya billingnya itu tanggal xxxnumberxxx juli xxxnumberxxx . sekarang sudah agustus mengapa subscribe - nya masih aktif ?"", ""dear indosat , saya mau isi paket , tetapi mengapa tidak bisa ya ? sudah sejak jam xxxtimexxx tadi pulsa sudah masuk tetapi tidak bisa aktif ."", ""admin , kenapa saya tidak bisa sms ? saya mau konfirmasi pembelian paket selalu gagal smsnya dari tadi ."", ""sudah kak . sudah saya ganti ke xxxnumberxxx g , tapi tetap susah ."", ""pulsa saya berkurang xxxnumberxxx padahal tidak digunakan . saya mau beli paket jadi kurang , bagaimana ini ? xxxnumberxxx"", ""jb xxxphonexxx , sudah seminggu paket tidak sampai , padahal masih dalam jakarta . malah dikirim ke surabaya untuk apa ? jnt sistemnya seperti apa ?"", ""cek dm coba xxxuserxxx dari tadi komplain tidak ada respons , pulsa sudah terpotong kena tarik per kb .""]",False,10,2338,17,True,63,0.10193678,informal,0,0.8152720332145691,0.6248925924301147,0.8768281936645508,509.78168376398764,False,0.0
google/gemma-3-4b-it,informal,formal,centroid,,"cek saha ma , so tau kamu mah","Ma, cek saha ya? Aku mau tau kamu mah.",False,361,4200180,42,"[""selamat malam . mohon saya diberi informasi . paket saya sejak tanggal xxxnumberxxx tertahan dengan status itu dan belum terkirim sampai sekarang . ada apa ?"", ""sudah xxxnumberxxx hari , status belum juga berubah admin . tadi sudah telepon qc katanya cuma disuruh menunggu ."", ""sore admin . ini ada keluhan nomor saya , pulsa terpotong terus . padahal tidak berlangganan paket apapun . tolong diperiksa min + xxxnumberxxx xxxnumberxxx - xxxnumberxxx - xxxnumberxxx ."", ""grab paket hemat saya billingnya itu tanggal xxxnumberxxx juli xxxnumberxxx . sekarang sudah agustus mengapa subscribe - nya masih aktif ?"", ""dear indosat , saya mau isi paket , tetapi mengapa tidak bisa ya ? sudah sejak jam xxxtimexxx tadi pulsa sudah masuk tetapi tidak bisa aktif ."", ""admin , kenapa saya tidak bisa sms ? saya mau konfirmasi pembelian paket selalu gagal smsnya dari tadi ."", ""sudah kak . sudah saya ganti ke xxxnumberxxx g , tapi tetap susah ."", ""pulsa saya berkurang xxxnumberxxx padahal tidak digunakan . saya mau beli paket jadi kurang , bagaimana ini ? xxxnumberxxx"", ""jb xxxphonexxx , sudah seminggu paket tidak sampai , padahal masih dalam jakarta . malah dikirim ke surabaya untuk apa ? jnt sistemnya seperti apa ?"", ""cek dm coba xxxuserxxx dari tadi komplain tidak ada respons , pulsa sudah terpotong kena tarik per kb .""]",False,10,2303,13,True,38,0.014687346,informal,0,0.7819671630859375,0.7067501544952393,0.9160610437393188,502.77600292001773,False,0.0
google/gemma-3-4b-it,informal,formal,centroid,,sampe jam segini masih belum bisa daftarin paket loh,"“udah lama banget masih gak bisa daftar paket, admin.”",False,363,4200181,42,"[""selamat malam . mohon saya diberi informasi . paket saya sejak tanggal xxxnumberxxx tertahan dengan status itu dan belum terkirim sampai sekarang . ada apa ?"", ""sudah xxxnumberxxx hari , status belum juga berubah admin . tadi sudah telepon qc katanya cuma disuruh menunggu ."", ""sore admin . ini ada keluhan nomor saya , pulsa terpotong terus . padahal tidak berlangganan paket apapun . tolong diperiksa min + xxxnumberxxx xxxnumberxxx - xxxnumberxxx - xxxnumberxxx ."", ""grab paket hemat saya billingnya itu tanggal xxxnumberxxx juli xxxnumberxxx . sekarang sudah agustus mengapa subscribe - nya masih aktif ?"", ""dear indosat , saya mau isi paket , tetapi mengapa tidak bisa ya ? sudah sejak jam xxxtimexxx tadi pulsa sudah masuk tetapi tidak bisa aktif ."", ""admin , kenapa saya tidak bisa sms ? saya mau konfirmasi pembelian paket selalu gagal smsnya dari tadi ."", ""sudah kak . sudah saya ganti ke xxxnumberxxx g , tapi tetap susah ."", ""pulsa saya berkurang xxxnumberxxx padahal tidak digunakan . saya mau beli paket jadi kurang , bagaimana ini ? xxxnumberxxx"", ""jb xxxphonexxx , sudah seminggu paket tidak sampai , padahal masih dalam jakarta . malah dikirim ke surabaya untuk apa ? jnt sistemnya seperti apa ?"", ""cek dm coba xxxuserxxx dari tadi komplain tidak ada respons , pulsa sudah terpotong kena tarik per kb .""]",False,10,2326,13,True,54,0.02402204,informal,0,0.6566139459609985,0.6394445896148682,0.8813360929489136,625.6441370426679,False,0.0
google/gemma-3-4b-it,informal,formal,centroid,,"kota malang min , biasanya cepet dapet driver . hari ini yg parah .","admin , kota malang , biasanya cepet dapet driver . hari ini yg parah .",False,365,4200182,42,"[""selamat malam . mohon saya diberi informasi . paket saya sejak tanggal xxxnumberxxx tertahan dengan status itu dan belum terkirim sampai sekarang . ada apa ?"", ""sudah xxxnumberxxx hari , status belum juga berubah admin . tadi sudah telepon qc katanya cuma disuruh menunggu ."", ""sore admin . ini ada keluhan nomor saya , pulsa terpotong terus . padahal tidak berlangganan paket apapun . tolong diperiksa min + xxxnumberxxx xxxnumberxxx - xxxnumberxxx - xxxnumberxxx ."", ""grab paket hemat saya billingnya itu tanggal xxxnumberxxx juli xxxnumberxxx . sekarang sudah agustus mengapa subscribe - nya masih aktif ?"", ""dear indosat , saya mau isi paket , tetapi mengapa tidak bisa ya ? sudah sejak jam xxxtimexxx tadi pulsa sudah masuk tetapi tidak bisa aktif ."", ""admin , kenapa saya tidak bisa sms ? saya mau konfirmasi pembelian paket selalu gagal smsnya dari tadi ."", ""sudah kak . sudah saya ganti ke xxxnumberxxx g , tapi tetap susah ."", ""pulsa saya berkurang xxxnumberxxx padahal tidak digunakan . saya mau beli paket jadi kurang , bagaimana ini ? xxxnumberxxx"", ""jb xxxphonexxx , sudah seminggu paket tidak sampai , padahal masih dalam jakarta . malah dikirim ke surabaya untuk apa ? jnt sistemnya seperti apa ?"", ""cek dm coba xxxuserxxx dari tadi komplain tidak ada respons , pulsa sudah terpotong kena tarik per kb .""]",False,10,2341,18,True,71,0.51118416,formal,1,0.9405485391616821,0.8969126343727112,0.980080783367157,476.1563239642068,False,0.0
google/gemma-3-4b-it,informal,formal,centroid,,"menu pembaharuan password itu kaya gini , kenapa sih susah amat ambil dana yang ada di akun sendiri ke rekening sendiri","admin, kenapa sih susah banget mau ambil dana di akun sendiri ke rekening sendiri ya?",False,367,4200183,42,"[""selamat malam . mohon saya diberi informasi . paket saya sejak tanggal xxxnumberxxx tertahan dengan status itu dan belum terkirim sampai sekarang . ada apa ?"", ""sudah xxxnumberxxx hari , status belum juga berubah admin . tadi sudah telepon qc katanya cuma disuruh menunggu ."", ""sore admin . ini ada keluhan nomor saya , pulsa terpotong terus . padahal tidak berlangganan paket apapun . tolong diperiksa min + xxxnumberxxx xxxnumberxxx - xxxnumberxxx - xxxnumberxxx ."", ""grab paket hemat saya billingnya itu tanggal xxxnumberxxx juli xxxnumberxxx . sekarang sudah agustus mengapa subscribe - nya masih aktif ?"", ""dear indosat , saya mau isi paket , tetapi mengapa tidak bisa ya ? sudah sejak jam xxxtimexxx tadi pulsa sudah masuk tetapi tidak bisa aktif ."", ""admin , kenapa saya tidak bisa sms ? saya mau konfirmasi pembelian paket selalu gagal smsnya dari tadi ."", ""sudah kak . sudah saya ganti ke xxxnumberxxx g , tapi tetap susah ."", ""pulsa saya berkurang xxxnumberxxx padahal tidak digunakan . saya mau beli paket jadi kurang , bagaimana ini ? xxxnumberxxx"", ""jb xxxphonexxx , sudah seminggu paket tidak sampai , padahal masih dalam jakarta . malah dikirim ke surabaya untuk apa ? jnt sistemnya seperti apa ?"", ""cek dm coba xxxuserxxx dari tadi komplain tidak ada respons , pulsa sudah terpotong kena tarik per kb .""]",False,10,2393,18,True,85,0.018842878,informal,0,0.8295096158981323,0.6813066601753235,0.9456058740615845,151.36329649212928,False,0.0
google/gemma-3-4b-it,informal,formal,centroid,,ini sudah terkirim tp pesanan belum selesai d sistem karna saya menggunakan kurir berbeda,“kok pesanan saya belum selesai di sistem ya? karena pakai kurir beda.”,False,369,4200184,42,"[""selamat malam . mohon saya diberi informasi . paket saya sejak tanggal xxxnumberxxx tertahan dengan status itu dan belum terkirim sampai sekarang . ada apa ?"", ""sudah xxxnumberxxx hari , status belum juga berubah admin . tadi sudah telepon qc katanya cuma disuruh menunggu ."", ""sore admin . ini ada keluhan nomor saya , pulsa terpotong terus . padahal tidak berlangganan paket apapun . tolong diperiksa min + xxxnumberxxx xxxnumberxxx - xxxnumberxxx - xxxnumberxxx ."", ""grab paket hemat saya billingnya itu tanggal xxxnumberxxx juli xxxnumberxxx . sekarang sudah agustus mengapa subscribe - nya masih aktif ?"", ""dear indosat , saya mau isi paket , tetapi mengapa tidak bisa ya ? sudah sejak jam xxxtimexxx tadi pulsa sudah masuk tetapi tidak bisa aktif ."", ""admin , kenapa saya tidak bisa sms ? saya mau konfirmasi pembelian paket selalu gagal smsnya dari tadi ."", ""sudah kak . sudah saya ganti ke xxxnumberxxx g , tapi tetap susah ."", ""pulsa saya berkurang xxxnumberxxx padahal tidak digunakan . saya mau beli paket jadi kurang , bagaimana ini ? xxxnumberxxx"", ""jb xxxphonexxx , sudah seminggu paket tidak sampai , padahal masih dalam jakarta . malah dikirim ke surabaya untuk apa ? jnt sistemnya seperti apa ?"", ""cek dm coba xxxuserxxx dari tadi komplain tidak ada respons , pulsa sudah terpotong kena tarik per kb .""]",False,10,2363,17,True,71,0.113254994,informal,0,0.7678189277648926,0.7683225870132446,0.9151937961578369,181.91123848725255,False,0.0
google/gemma-3-4b-it,informal,formal,centroid,,dr kmaren kok xl no service . ada penjelasan ?,"admin, kok nomor saya nggak ada signal dari kemarin? ada penjelasan?",False,371,4200185,42,"[""selamat malam . mohon saya diberi informasi . paket saya sejak tanggal xxxnumberxxx tertahan dengan status itu dan belum terkirim sampai sekarang . ada apa ?"", ""sudah xxxnumberxxx hari , status belum juga berubah admin . tadi sudah telepon qc katanya cuma disuruh menunggu ."", ""sore admin . ini ada keluhan nomor saya , pulsa terpotong terus . padahal tidak berlangganan paket apapun . tolong diperiksa min + xxxnumberxxx xxxnumberxxx - xxxnumberxxx - xxxnumberxxx ."", ""grab paket hemat saya billingnya itu tanggal xxxnumberxxx juli xxxnumberxxx . sekarang sudah agustus mengapa subscribe - nya masih aktif ?"", ""dear indosat , saya mau isi paket , tetapi mengapa tidak bisa ya ? sudah sejak jam xxxtimexxx tadi pulsa sudah masuk tetapi tidak bisa aktif ."", ""admin , kenapa saya tidak bisa sms ? saya mau konfirmasi pembelian paket selalu gagal smsnya dari tadi ."", ""sudah kak . sudah saya ganti ke xxxnumberxxx g , tapi tetap susah ."", ""pulsa saya berkurang xxxnumberxxx padahal tidak digunakan . saya mau beli paket jadi kurang , bagaimana ini ? xxxnumberxxx"", ""jb xxxphonexxx , sudah seminggu paket tidak sampai , padahal masih dalam jakarta . malah dikirim ke surabaya untuk apa ? jnt sistemnya seperti apa ?"", ""cek dm coba xxxuserxxx dari tadi komplain tidak ada respons , pulsa sudah terpotong kena tarik per kb .""]",False,10,2320,15,True,68,0.1453295,informal,0,0.6865761876106262,0.5180842876434326,0.8887031674385071,545.917476853834,False,0.0
google/gemma-3-4b-it,informal,formal,centroid,,"apakah tanpa buku tabungan bisa , untuk upgrade nya , sama mau setor tunai soalnya pecahan xxxnumberxxx ribu , trimakasih","“Bisa upgrade tanpa buku tabungan ya? Trus mau setor tunai, pecahan xxxnumberxxx ribu nih, makasih.”",False,373,4200186,42,"[""selamat malam . mohon saya diberi informasi . paket saya sejak tanggal xxxnumberxxx tertahan dengan status itu dan belum terkirim sampai sekarang . ada apa ?"", ""sudah xxxnumberxxx hari , status belum juga berubah admin . tadi sudah telepon qc katanya cuma disuruh menunggu ."", ""sore admin . ini ada keluhan nomor saya , pulsa terpotong terus . padahal tidak berlangganan paket apapun . tolong diperiksa min + xxxnumberxxx xxxnumberxxx - xxxnumberxxx - xxxnumberxxx ."", ""grab paket hemat saya billingnya itu tanggal xxxnumberxxx juli xxxnumberxxx . sekarang sudah agustus mengapa subscribe - nya masih aktif ?"", ""dear indosat , saya mau isi paket , tetapi mengapa tidak bisa ya ? sudah sejak jam xxxtimexxx tadi pulsa sudah masuk tetapi tidak bisa aktif ."", ""admin , kenapa saya tidak bisa sms ? saya mau konfirmasi pembelian paket selalu gagal smsnya dari tadi ."", ""sudah kak . sudah saya ganti ke xxxnumberxxx g , tapi tetap susah ."", ""pulsa saya berkurang xxxnumberxxx padahal tidak digunakan . saya mau beli paket jadi kurang , bagaimana ini ? xxxnumberxxx"", ""jb xxxphonexxx , sudah seminggu paket tidak sampai , padahal masih dalam jakarta . malah dikirim ke surabaya untuk apa ? jnt sistemnya seperti apa ?"", ""cek dm coba xxxuserxxx dari tadi komplain tidak ada respons , pulsa sudah terpotong kena tarik per kb .""]",False,10,2395,27,True,100,0.0060109817,informal,0,0.8856831789016724,0.8505023717880249,0.9409294128417969,299.9621189732328,False,0.0
google/gemma-3-4b-it,informal,formal,centroid,,mau tanya udh beli paket kok ga masuk2 gimana nii ?,"“kok paketnya gak masuk ya? udah beli, tapi kok gak aktif?”",False,375,4200187,42,"[""selamat malam . mohon saya diberi informasi . paket saya sejak tanggal xxxnumberxxx tertahan dengan status itu dan belum terkirim sampai sekarang . ada apa ?"", ""sudah xxxnumberxxx hari , status belum juga berubah admin . tadi sudah telepon qc katanya cuma disuruh menunggu ."", ""sore admin . ini ada keluhan nomor saya , pulsa terpotong terus . padahal tidak berlangganan paket apapun . tolong diperiksa min + xxxnumberxxx xxxnumberxxx - xxxnumberxxx - xxxnumberxxx ."", ""grab paket hemat saya billingnya itu tanggal xxxnumberxxx juli xxxnumberxxx . sekarang sudah agustus mengapa subscribe - nya masih aktif ?"", ""dear indosat , saya mau isi paket , tetapi mengapa tidak bisa ya ? sudah sejak jam xxxtimexxx tadi pulsa sudah masuk tetapi tidak bisa aktif ."", ""admin , kenapa saya tidak bisa sms ? saya mau konfirmasi pembelian paket selalu gagal smsnya dari tadi ."", ""sudah kak . sudah saya ganti ke xxxnumberxxx g , tapi tetap susah ."", ""pulsa saya berkurang xxxnumberxxx padahal tidak digunakan . saya mau beli paket jadi kurang , bagaimana ini ? xxxnumberxxx"", ""jb xxxphonexxx , sudah seminggu paket tidak sampai , padahal masih dalam jakarta . malah dikirim ke surabaya untuk apa ? jnt sistemnya seperti apa ?"", ""cek dm coba xxxuserxxx dari tadi komplain tidak ada respons , pulsa sudah terpotong kena tarik per kb .""]",False,10,2325,17,True,59,0.004336006,informal,0,0.8120170831680298,0.6599186062812805,0.9133713245391846,47.73227235897066,False,0.0
google/gemma-3-4b-it,informal,formal,centroid,,hhahaha yg trakhir pas kiss eresiinya lutcuu bangett njirr 🤣 🤣 🤣 🤣 🤣 ada xxxnumberxxx wink kayanya,"“hadeee , terakhir pas lagi ngelakuin ituuu , kayaknya ada xxxnumberxxx emoji wink gitu deh.”",True,377,4200188,42,"[""selamat malam . mohon saya diberi informasi . paket saya sejak tanggal xxxnumberxxx tertahan dengan status itu dan belum terkirim sampai sekarang . ada apa ?"", ""sudah xxxnumberxxx hari , status belum juga berubah admin . tadi sudah telepon qc katanya cuma disuruh menunggu ."", ""sore admin . ini ada keluhan nomor saya , pulsa terpotong terus . padahal tidak berlangganan paket apapun . tolong diperiksa min + xxxnumberxxx xxxnumberxxx - xxxnumberxxx - xxxnumberxxx ."", ""grab paket hemat saya billingnya itu tanggal xxxnumberxxx juli xxxnumberxxx . sekarang sudah agustus mengapa subscribe - nya masih aktif ?"", ""dear indosat , saya mau isi paket , tetapi mengapa tidak bisa ya ? sudah sejak jam xxxtimexxx tadi pulsa sudah masuk tetapi tidak bisa aktif ."", ""admin , kenapa saya tidak bisa sms ? saya mau konfirmasi pembelian paket selalu gagal smsnya dari tadi ."", ""sudah kak . sudah saya ganti ke xxxnumberxxx g , tapi tetap susah ."", ""pulsa saya berkurang xxxnumberxxx padahal tidak digunakan . saya mau beli paket jadi kurang , bagaimana ini ? xxxnumberxxx"", ""jb xxxphonexxx , sudah seminggu paket tidak sampai , padahal masih dalam jakarta . malah dikirim ke surabaya untuk apa ? jnt sistemnya seperti apa ?"", ""cek dm coba xxxuserxxx dari tadi komplain tidak ada respons , pulsa sudah terpotong kena tarik per kb .""]",False,10,2372,26,True,93,0.001776806,informal,0,0.44125330448150635,0.4795799255371094,0.8937910795211792,333.0689779014712,False,0.0
google/gemma-3-4b-it,informal,formal,centroid,,selamat siang . dua hari ini orderan grabfood di denpasar kok drivernya jauh - jauh dari resto ya ? kebetulan atau memang ada error ? terima kasih,selamat siang . dua hari ini pesanan grabfood di denpasar kok drivernya jauh - jauh dari resto ya ? kebetulan atau memang ada error ? terima kasih,True,379,4200189,42,"[""selamat malam . mohon saya diberi informasi . paket saya sejak tanggal xxxnumberxxx tertahan dengan status itu dan belum terkirim sampai sekarang . ada apa ?"", ""sudah xxxnumberxxx hari , status belum juga berubah admin . tadi sudah telepon qc katanya cuma disuruh menunggu ."", ""sore admin . ini ada keluhan nomor saya , pulsa terpotong terus . padahal tidak berlangganan paket apapun . tolong diperiksa min + xxxnumberxxx xxxnumberxxx - xxxnumberxxx - xxxnumberxxx ."", ""grab paket hemat saya billingnya itu tanggal xxxnumberxxx juli xxxnumberxxx . sekarang sudah agustus mengapa subscribe - nya masih aktif ?"", ""dear indosat , saya mau isi paket , tetapi mengapa tidak bisa ya ? sudah sejak jam xxxtimexxx tadi pulsa sudah masuk tetapi tidak bisa aktif ."", ""admin , kenapa saya tidak bisa sms ? saya mau konfirmasi pembelian paket selalu gagal smsnya dari tadi ."", ""sudah kak . sudah saya ganti ke xxxnumberxxx g , tapi tetap susah ."", ""pulsa saya berkurang xxxnumberxxx padahal tidak digunakan . saya mau beli paket jadi kurang , bagaimana ini ? xxxnumberxxx"", ""jb xxxphonexxx , sudah seminggu paket tidak sampai , padahal masih dalam jakarta . malah dikirim ke surabaya untuk apa ? jnt sistemnya seperti apa ?"", ""cek dm coba xxxuserxxx dari tadi komplain tidak ada respons , pulsa sudah terpotong kena tarik per kb .""]",False,10,2420,34,False,146,0.010013439,informal,0,0.992960512638092,0.9970966577529907,0.9981472492218018,194.37359728071377,False,0.0
google/gemma-3-4b-it,informal,formal,centroid,,"halo , ini saya login gabisa2 dari tadi , kodenya ga ke send2 di nomor saya . soalnya mau ganti nomor tolong dong","“admin, kok saya login gak bisa dari tadi? kok kodenya gak ke-send2 di nomor saya ya? soalnya mau ganti nomor, tolong dong.”",False,381,4200190,42,"[""selamat malam . mohon saya diberi informasi . paket saya sejak tanggal xxxnumberxxx tertahan dengan status itu dan belum terkirim sampai sekarang . ada apa ?"", ""sudah xxxnumberxxx hari , status belum juga berubah admin . tadi sudah telepon qc katanya cuma disuruh menunggu ."", ""sore admin . ini ada keluhan nomor saya , pulsa terpotong terus . padahal tidak berlangganan paket apapun . tolong diperiksa min + xxxnumberxxx xxxnumberxxx - xxxnumberxxx - xxxnumberxxx ."", ""grab paket hemat saya billingnya itu tanggal xxxnumberxxx juli xxxnumberxxx . sekarang sudah agustus mengapa subscribe - nya masih aktif ?"", ""dear indosat , saya mau isi paket , tetapi mengapa tidak bisa ya ? sudah sejak jam xxxtimexxx tadi pulsa sudah masuk tetapi tidak bisa aktif ."", ""admin , kenapa saya tidak bisa sms ? saya mau konfirmasi pembelian paket selalu gagal smsnya dari tadi ."", ""sudah kak . sudah saya ganti ke xxxnumberxxx g , tapi tetap susah ."", ""pulsa saya berkurang xxxnumberxxx padahal tidak digunakan . saya mau beli paket jadi kurang , bagaimana ini ? xxxnumberxxx"", ""jb xxxphonexxx , sudah seminggu paket tidak sampai , padahal masih dalam jakarta . malah dikirim ke surabaya untuk apa ? jnt sistemnya seperti apa ?"", ""cek dm coba xxxuserxxx dari tadi komplain tidak ada respons , pulsa sudah terpotong kena tarik per kb .""]",False,10,2387,36,True,124,0.0095019275,informal,0,0.8839946985244751,0.7313618659973145,0.9078633785247803,51.455554333424644,False,0.0
google/gemma-3-4b-it,informal,formal,centroid,,bandwidth xxxnumberxxx xxxnumberxxx xxxnumberxxx kbps buat youtubean menggunakan indosat buffering terus tidak ?,"admin , bandwidth saya xxxnumberxxx xxxnumberxxx xxxnumberxxx kbps buat youtubean terus buffering , kenapa ya?",False,383,4200191,42,"[""selamat malam . mohon saya diberi informasi . paket saya sejak tanggal xxxnumberxxx tertahan dengan status itu dan belum terkirim sampai sekarang . ada apa ?"", ""sudah xxxnumberxxx hari , status belum juga berubah admin . tadi sudah telepon qc katanya cuma disuruh menunggu ."", ""sore admin . ini ada keluhan nomor saya , pulsa terpotong terus . padahal tidak berlangganan paket apapun . tolong diperiksa min + xxxnumberxxx xxxnumberxxx - xxxnumberxxx - xxxnumberxxx ."", ""grab paket hemat saya billingnya itu tanggal xxxnumberxxx juli xxxnumberxxx . sekarang sudah agustus mengapa subscribe - nya masih aktif ?"", ""dear indosat , saya mau isi paket , tetapi mengapa tidak bisa ya ? sudah sejak jam xxxtimexxx tadi pulsa sudah masuk tetapi tidak bisa aktif ."", ""admin , kenapa saya tidak bisa sms ? saya mau konfirmasi pembelian paket selalu gagal smsnya dari tadi ."", ""sudah kak . sudah saya ganti ke xxxnumberxxx g , tapi tetap susah ."", ""pulsa saya berkurang xxxnumberxxx padahal tidak digunakan . saya mau beli paket jadi kurang , bagaimana ini ? xxxnumberxxx"", ""jb xxxphonexxx , sudah seminggu paket tidak sampai , padahal masih dalam jakarta . malah dikirim ke surabaya untuk apa ? jnt sistemnya seperti apa ?"", ""cek dm coba xxxuserxxx dari tadi komplain tidak ada respons , pulsa sudah terpotong kena tarik per kb .""]",False,10,2386,26,True,110,0.11590666,informal,0,0.8901581764221191,0.7983132600784302,0.9589282274246216,367.38039853445343,False,0.0
google/gemma-3-4b-it,informal,formal,centroid,,cek dm min disana ada nomer nomer kartu yg baru dibeli dan tidak bisa dipake internet . monggo solusinya,"admin, cek dm disana ada nomor-nomor kartu yang baru dibeli dan nggak bisa dipakai internet. mohon solusinya.",False,385,4200192,42,"[""selamat malam . mohon saya diberi informasi . paket saya sejak tanggal xxxnumberxxx tertahan dengan status itu dan belum terkirim sampai sekarang . ada apa ?"", ""sudah xxxnumberxxx hari , status belum juga berubah admin . tadi sudah telepon qc katanya cuma disuruh menunggu ."", ""sore admin . ini ada keluhan nomor saya , pulsa terpotong terus . padahal tidak berlangganan paket apapun . tolong diperiksa min + xxxnumberxxx xxxnumberxxx - xxxnumberxxx - xxxnumberxxx ."", ""grab paket hemat saya billingnya itu tanggal xxxnumberxxx juli xxxnumberxxx . sekarang sudah agustus mengapa subscribe - nya masih aktif ?"", ""dear indosat , saya mau isi paket , tetapi mengapa tidak bisa ya ? sudah sejak jam xxxtimexxx tadi pulsa sudah masuk tetapi tidak bisa aktif ."", ""admin , kenapa saya tidak bisa sms ? saya mau konfirmasi pembelian paket selalu gagal smsnya dari tadi ."", ""sudah kak . sudah saya ganti ke xxxnumberxxx g , tapi tetap susah ."", ""pulsa saya berkurang xxxnumberxxx padahal tidak digunakan . saya mau beli paket jadi kurang , bagaimana ini ? xxxnumberxxx"", ""jb xxxphonexxx , sudah seminggu paket tidak sampai , padahal masih dalam jakarta . malah dikirim ke surabaya untuk apa ? jnt sistemnya seperti apa ?"", ""cek dm coba xxxuserxxx dari tadi komplain tidak ada respons , pulsa sudah terpotong kena tarik per kb .""]",False,10,2378,28,True,109,0.14463268,informal,0,0.8279389142990112,0.87992262840271,0.961363673210144,92.10771943004507,False,0.0
google/gemma-3-4b-it,informal,formal,centroid,,driver online yg ngocol pasti kesel terus nyinyir liat beginian . ngoceh bla . bla bukannya istighfar sambil bilang gw juga mau kaya gini ahh,"“driver online itu pasti kesel banget ngeliat kayak gini. ngoceh aja tuh. bukannya istighfar, malah ngomong mau kaya kayak gini juga aku.”",False,387,4200193,42,"[""selamat malam . mohon saya diberi informasi . paket saya sejak tanggal xxxnumberxxx tertahan dengan status itu dan belum terkirim sampai sekarang . ada apa ?"", ""sudah xxxnumberxxx hari , status belum juga berubah admin . tadi sudah telepon qc katanya cuma disuruh menunggu ."", ""sore admin . ini ada keluhan nomor saya , pulsa terpotong terus . padahal tidak berlangganan paket apapun . tolong diperiksa min + xxxnumberxxx xxxnumberxxx - xxxnumberxxx - xxxnumberxxx ."", ""grab paket hemat saya billingnya itu tanggal xxxnumberxxx juli xxxnumberxxx . sekarang sudah agustus mengapa subscribe - nya masih aktif ?"", ""dear indosat , saya mau isi paket , tetapi mengapa tidak bisa ya ? sudah sejak jam xxxtimexxx tadi pulsa sudah masuk tetapi tidak bisa aktif ."", ""admin , kenapa saya tidak bisa sms ? saya mau konfirmasi pembelian paket selalu gagal smsnya dari tadi ."", ""sudah kak . sudah saya ganti ke xxxnumberxxx g , tapi tetap susah ."", ""pulsa saya berkurang xxxnumberxxx padahal tidak digunakan . saya mau beli paket jadi kurang , bagaimana ini ? xxxnumberxxx"", ""jb xxxphonexxx , sudah seminggu paket tidak sampai , padahal masih dalam jakarta . malah dikirim ke surabaya untuk apa ? jnt sistemnya seperti apa ?"", ""cek dm coba xxxuserxxx dari tadi komplain tidak ada respons , pulsa sudah terpotong kena tarik per kb .""]",False,10,2415,39,True,138,0.006562029,informal,0,0.8259538412094116,0.7183526754379272,0.9418901801109314,73.71449891405449,False,0.0
google/gemma-3-4b-it,informal,formal,centroid,,kurang adil ya kayanya di tokped aja penjual bisa ngasih reputasi ke akun pembeli 🤭,"“kok aneh ya, di Tokped penjual bisa kasih reputasi ke akun pembeli 🤭”",False,389,4200194,42,"[""selamat malam . mohon saya diberi informasi . paket saya sejak tanggal xxxnumberxxx tertahan dengan status itu dan belum terkirim sampai sekarang . ada apa ?"", ""sudah xxxnumberxxx hari , status belum juga berubah admin . tadi sudah telepon qc katanya cuma disuruh menunggu ."", ""sore admin . ini ada keluhan nomor saya , pulsa terpotong terus . padahal tidak berlangganan paket apapun . tolong diperiksa min + xxxnumberxxx xxxnumberxxx - xxxnumberxxx - xxxnumberxxx ."", ""grab paket hemat saya billingnya itu tanggal xxxnumberxxx juli xxxnumberxxx . sekarang sudah agustus mengapa subscribe - nya masih aktif ?"", ""dear indosat , saya mau isi paket , tetapi mengapa tidak bisa ya ? sudah sejak jam xxxtimexxx tadi pulsa sudah masuk tetapi tidak bisa aktif ."", ""admin , kenapa saya tidak bisa sms ? saya mau konfirmasi pembelian paket selalu gagal smsnya dari tadi ."", ""sudah kak . sudah saya ganti ke xxxnumberxxx g , tapi tetap susah ."", ""pulsa saya berkurang xxxnumberxxx padahal tidak digunakan . saya mau beli paket jadi kurang , bagaimana ini ? xxxnumberxxx"", ""jb xxxphonexxx , sudah seminggu paket tidak sampai , padahal masih dalam jakarta . malah dikirim ke surabaya untuk apa ? jnt sistemnya seperti apa ?"", ""cek dm coba xxxuserxxx dari tadi komplain tidak ada respons , pulsa sudah terpotong kena tarik per kb .""]",False,10,2357,20,True,70,0.022310106,informal,0,0.8592758774757385,0.646831750869751,0.9001234173774719,141.55356597603512,False,0.0
google/gemma-3-4b-it,informal,formal,centroid,,kak kenapa ga bisa bales sms ke xxxnumberxxx ?,"admin , kenapa saya tidak bisa bales sms ya? xxxnumberxxx",False,391,4200195,42,"[""selamat malam . mohon saya diberi informasi . paket saya sejak tanggal xxxnumberxxx tertahan dengan status itu dan belum terkirim sampai sekarang . ada apa ?"", ""sudah xxxnumberxxx hari , status belum juga berubah admin . tadi sudah telepon qc katanya cuma disuruh menunggu ."", ""sore admin . ini ada keluhan nomor saya , pulsa terpotong terus . padahal tidak berlangganan paket apapun . tolong diperiksa min + xxxnumberxxx xxxnumberxxx - xxxnumberxxx - xxxnumberxxx ."", ""grab paket hemat saya billingnya itu tanggal xxxnumberxxx juli xxxnumberxxx . sekarang sudah agustus mengapa subscribe - nya masih aktif ?"", ""dear indosat , saya mau isi paket , tetapi mengapa tidak bisa ya ? sudah sejak jam xxxtimexxx tadi pulsa sudah masuk tetapi tidak bisa aktif ."", ""admin , kenapa saya tidak bisa sms ? saya mau konfirmasi pembelian paket selalu gagal smsnya dari tadi ."", ""sudah kak . sudah saya ganti ke xxxnumberxxx g , tapi tetap susah ."", ""pulsa saya berkurang xxxnumberxxx padahal tidak digunakan . saya mau beli paket jadi kurang , bagaimana ini ? xxxnumberxxx"", ""jb xxxphonexxx , sudah seminggu paket tidak sampai , padahal masih dalam jakarta . malah dikirim ke surabaya untuk apa ? jnt sistemnya seperti apa ?"", ""cek dm coba xxxuserxxx dari tadi komplain tidak ada respons , pulsa sudah terpotong kena tarik per kb .""]",False,10,2320,14,False,57,0.023636287,informal,0,0.9064562320709229,0.8177467584609985,0.9597400426864624,1204.9857528103253,True,0.0
google/gemma-3-4b-it,informal,formal,centroid,,"iya , paham . yg saya protes kan kenapa smsnya bilang bakal diantar hari ini ? kalo","“iya, ngerti. yang protes itu kok, smsnya bilang bakal diantar hari ini? kalau…”",False,393,4200196,42,"[""selamat malam . mohon saya diberi informasi . paket saya sejak tanggal xxxnumberxxx tertahan dengan status itu dan belum terkirim sampai sekarang . ada apa ?"", ""sudah xxxnumberxxx hari , status belum juga berubah admin . tadi sudah telepon qc katanya cuma disuruh menunggu ."", ""sore admin . ini ada keluhan nomor saya , pulsa terpotong terus . padahal tidak berlangganan paket apapun . tolong diperiksa min + xxxnumberxxx xxxnumberxxx - xxxnumberxxx - xxxnumberxxx ."", ""grab paket hemat saya billingnya itu tanggal xxxnumberxxx juli xxxnumberxxx . sekarang sudah agustus mengapa subscribe - nya masih aktif ?"", ""dear indosat , saya mau isi paket , tetapi mengapa tidak bisa ya ? sudah sejak jam xxxtimexxx tadi pulsa sudah masuk tetapi tidak bisa aktif ."", ""admin , kenapa saya tidak bisa sms ? saya mau konfirmasi pembelian paket selalu gagal smsnya dari tadi ."", ""sudah kak . sudah saya ganti ke xxxnumberxxx g , tapi tetap susah ."", ""pulsa saya berkurang xxxnumberxxx padahal tidak digunakan . saya mau beli paket jadi kurang , bagaimana ini ? xxxnumberxxx"", ""jb xxxphonexxx , sudah seminggu paket tidak sampai , padahal masih dalam jakarta . malah dikirim ke surabaya untuk apa ? jnt sistemnya seperti apa ?"", ""cek dm coba xxxuserxxx dari tadi komplain tidak ada respons , pulsa sudah terpotong kena tarik per kb .""]",False,10,2357,23,True,80,0.17079087,informal,0,0.8006341457366943,0.8414685726165771,0.913826584815979,283.5909661376135,False,0.0
google/gemma-3-4b-it,informal,formal,centroid,,"min saya mau hapus akun gojek cust , gmn cranya ? soal nya kna bajak orang","admin , mau tanya cara hapus akun gojek saya nih , soalnya banyak yang pakai akun saya.",False,395,4200197,42,"[""selamat malam . mohon saya diberi informasi . paket saya sejak tanggal xxxnumberxxx tertahan dengan status itu dan belum terkirim sampai sekarang . ada apa ?"", ""sudah xxxnumberxxx hari , status belum juga berubah admin . tadi sudah telepon qc katanya cuma disuruh menunggu ."", ""sore admin . ini ada keluhan nomor saya , pulsa terpotong terus . padahal tidak berlangganan paket apapun . tolong diperiksa min + xxxnumberxxx xxxnumberxxx - xxxnumberxxx - xxxnumberxxx ."", ""grab paket hemat saya billingnya itu tanggal xxxnumberxxx juli xxxnumberxxx . sekarang sudah agustus mengapa subscribe - nya masih aktif ?"", ""dear indosat , saya mau isi paket , tetapi mengapa tidak bisa ya ? sudah sejak jam xxxtimexxx tadi pulsa sudah masuk tetapi tidak bisa aktif ."", ""admin , kenapa saya tidak bisa sms ? saya mau konfirmasi pembelian paket selalu gagal smsnya dari tadi ."", ""sudah kak . sudah saya ganti ke xxxnumberxxx g , tapi tetap susah ."", ""pulsa saya berkurang xxxnumberxxx padahal tidak digunakan . saya mau beli paket jadi kurang , bagaimana ini ? xxxnumberxxx"", ""jb xxxphonexxx , sudah seminggu paket tidak sampai , padahal masih dalam jakarta . malah dikirim ke surabaya untuk apa ? jnt sistemnya seperti apa ?"", ""cek dm coba xxxuserxxx dari tadi komplain tidak ada respons , pulsa sudah terpotong kena tarik per kb .""]",False,10,2348,22,True,87,0.057981957,informal,0,0.837453305721283,0.7022116184234619,0.9065507054328918,68.71251520854652,False,0.0
google/gemma-3-4b-it,informal,formal,centroid,,mksdnya gimana min ? buka dimana itu ?,"admin, kok gak bisa ya? buka di mana sih?",False,397,4200198,42,"[""selamat malam . mohon saya diberi informasi . paket saya sejak tanggal xxxnumberxxx tertahan dengan status itu dan belum terkirim sampai sekarang . ada apa ?"", ""sudah xxxnumberxxx hari , status belum juga berubah admin . tadi sudah telepon qc katanya cuma disuruh menunggu ."", ""sore admin . ini ada keluhan nomor saya , pulsa terpotong terus . padahal tidak berlangganan paket apapun . tolong diperiksa min + xxxnumberxxx xxxnumberxxx - xxxnumberxxx - xxxnumberxxx ."", ""grab paket hemat saya billingnya itu tanggal xxxnumberxxx juli xxxnumberxxx . sekarang sudah agustus mengapa subscribe - nya masih aktif ?"", ""dear indosat , saya mau isi paket , tetapi mengapa tidak bisa ya ? sudah sejak jam xxxtimexxx tadi pulsa sudah masuk tetapi tidak bisa aktif ."", ""admin , kenapa saya tidak bisa sms ? saya mau konfirmasi pembelian paket selalu gagal smsnya dari tadi ."", ""sudah kak . sudah saya ganti ke xxxnumberxxx g , tapi tetap susah ."", ""pulsa saya berkurang xxxnumberxxx padahal tidak digunakan . saya mau beli paket jadi kurang , bagaimana ini ? xxxnumberxxx"", ""jb xxxphonexxx , sudah seminggu paket tidak sampai , padahal masih dalam jakarta . malah dikirim ke surabaya untuk apa ? jnt sistemnya seperti apa ?"", ""cek dm coba xxxuserxxx dari tadi komplain tidak ada respons , pulsa sudah terpotong kena tarik per kb .""]",False,10,2312,13,True,41,0.0075824712,informal,0,0.7301446199417114,0.5760111808776855,0.8961780071258545,156.51078238451447,False,0.0
google/gemma-3-4b-it,informal,formal,centroid,,cc xxxuserxxx kayak ginian dulu udah digiles sama xxxuserxxx . kemkominfo xxxuserxxx sekarang mana berani .,"admin , cc xxxuserxxx kayak gini dulu udah di-giles sama xxxuserxxx . komkemxxxuserxxx sekarang mana berani .",False,399,4200199,42,"[""selamat malam . mohon saya diberi informasi . paket saya sejak tanggal xxxnumberxxx tertahan dengan status itu dan belum terkirim sampai sekarang . ada apa ?"", ""sudah xxxnumberxxx hari , status belum juga berubah admin . tadi sudah telepon qc katanya cuma disuruh menunggu ."", ""sore admin . ini ada keluhan nomor saya , pulsa terpotong terus . padahal tidak berlangganan paket apapun . tolong diperiksa min + xxxnumberxxx xxxnumberxxx - xxxnumberxxx - xxxnumberxxx ."", ""grab paket hemat saya billingnya itu tanggal xxxnumberxxx juli xxxnumberxxx . sekarang sudah agustus mengapa subscribe - nya masih aktif ?"", ""dear indosat , saya mau isi paket , tetapi mengapa tidak bisa ya ? sudah sejak jam xxxtimexxx tadi pulsa sudah masuk tetapi tidak bisa aktif ."", ""admin , kenapa saya tidak bisa sms ? saya mau konfirmasi pembelian paket selalu gagal smsnya dari tadi ."", ""sudah kak . sudah saya ganti ke xxxnumberxxx g , tapi tetap susah ."", ""pulsa saya berkurang xxxnumberxxx padahal tidak digunakan . saya mau beli paket jadi kurang , bagaimana ini ? xxxnumberxxx"", ""jb xxxphonexxx , sudah seminggu paket tidak sampai , padahal masih dalam jakarta . malah dikirim ke surabaya untuk apa ? jnt sistemnya seperti apa ?"", ""cek dm coba xxxuserxxx dari tadi komplain tidak ada respons , pulsa sudah terpotong kena tarik per kb .""]",False,10,2381,30,True,109,0.55831283,formal,1,0.8105964660644531,0.8368183374404907,0.9650542736053467,701.5771683619247,False,0.0
google/gemma-3-4b-it,informal,formal,centroid,,udah mana lagi jagain jodoh orang digangguin pula sama sinyal,"admin, kok sinyalnya susah ya? udah banyak yang komplain, kayaknya belum juga kelar jaganya.",False,401,4200200,42,"[""selamat malam . mohon saya diberi informasi . paket saya sejak tanggal xxxnumberxxx tertahan dengan status itu dan belum terkirim sampai sekarang . ada apa ?"", ""sudah xxxnumberxxx hari , status belum juga berubah admin . tadi sudah telepon qc katanya cuma disuruh menunggu ."", ""sore admin . ini ada keluhan nomor saya , pulsa terpotong terus . padahal tidak berlangganan paket apapun . tolong diperiksa min + xxxnumberxxx xxxnumberxxx - xxxnumberxxx - xxxnumberxxx ."", ""grab paket hemat saya billingnya itu tanggal xxxnumberxxx juli xxxnumberxxx . sekarang sudah agustus mengapa subscribe - nya masih aktif ?"", ""dear indosat , saya mau isi paket , tetapi mengapa tidak bisa ya ? sudah sejak jam xxxtimexxx tadi pulsa sudah masuk tetapi tidak bisa aktif ."", ""admin , kenapa saya tidak bisa sms ? saya mau konfirmasi pembelian paket selalu gagal smsnya dari tadi ."", ""sudah kak . sudah saya ganti ke xxxnumberxxx g , tapi tetap susah ."", ""pulsa saya berkurang xxxnumberxxx padahal tidak digunakan . saya mau beli paket jadi kurang , bagaimana ini ? xxxnumberxxx"", ""jb xxxphonexxx , sudah seminggu paket tidak sampai , padahal masih dalam jakarta . malah dikirim ke surabaya untuk apa ? jnt sistemnya seperti apa ?"", ""cek dm coba xxxuserxxx dari tadi komplain tidak ada respons , pulsa sudah terpotong kena tarik per kb .""]",False,10,2335,24,True,92,0.0045701317,informal,0,0.43948715925216675,0.29873499274253845,0.860906720161438,104.1266005154951,False,0.0
google/gemma-3-4b-it,informal,formal,centroid,,"halo , min saya ga bisa registrasi nomer kenapa ya ?","“halo , kenapa saya tidak bisa registrasi nomor ya ?”",False,403,4200201,42,"[""selamat malam . mohon saya diberi informasi . paket saya sejak tanggal xxxnumberxxx tertahan dengan status itu dan belum terkirim sampai sekarang . ada apa ?"", ""sudah xxxnumberxxx hari , status belum juga berubah admin . tadi sudah telepon qc katanya cuma disuruh menunggu ."", ""sore admin . ini ada keluhan nomor saya , pulsa terpotong terus . padahal tidak berlangganan paket apapun . tolong diperiksa min + xxxnumberxxx xxxnumberxxx - xxxnumberxxx - xxxnumberxxx ."", ""grab paket hemat saya billingnya itu tanggal xxxnumberxxx juli xxxnumberxxx . sekarang sudah agustus mengapa subscribe - nya masih aktif ?"", ""dear indosat , saya mau isi paket , tetapi mengapa tidak bisa ya ? sudah sejak jam xxxtimexxx tadi pulsa sudah masuk tetapi tidak bisa aktif ."", ""admin , kenapa saya tidak bisa sms ? saya mau konfirmasi pembelian paket selalu gagal smsnya dari tadi ."", ""sudah kak . sudah saya ganti ke xxxnumberxxx g , tapi tetap susah ."", ""pulsa saya berkurang xxxnumberxxx padahal tidak digunakan . saya mau beli paket jadi kurang , bagaimana ini ? xxxnumberxxx"", ""jb xxxphonexxx , sudah seminggu paket tidak sampai , padahal masih dalam jakarta . malah dikirim ke surabaya untuk apa ? jnt sistemnya seperti apa ?"", ""cek dm coba xxxuserxxx dari tadi komplain tidak ada respons , pulsa sudah terpotong kena tarik per kb .""]",False,10,2326,13,True,53,0.43081975,informal,0,0.8889120221138,0.8845342397689819,0.928046464920044,157.72432220417826,False,0.0
google/gemma-3-4b-it,informal,formal,centroid,,"halo . sistem lazada sedang error kah ? saya tidak bisa checkout dan bayar . sudah dicoba via app , browser hp & pc , sudah restart hp juga","“admin, kenapa Lazada nggak bisa ya? Saya kok nggak bisa checkout sama bayar, udah coba di app, browser HP sama PC juga, HP udah di restart.”",False,405,4200202,42,"[""selamat malam . mohon saya diberi informasi . paket saya sejak tanggal xxxnumberxxx tertahan dengan status itu dan belum terkirim sampai sekarang . ada apa ?"", ""sudah xxxnumberxxx hari , status belum juga berubah admin . tadi sudah telepon qc katanya cuma disuruh menunggu ."", ""sore admin . ini ada keluhan nomor saya , pulsa terpotong terus . padahal tidak berlangganan paket apapun . tolong diperiksa min + xxxnumberxxx xxxnumberxxx - xxxnumberxxx - xxxnumberxxx ."", ""grab paket hemat saya billingnya itu tanggal xxxnumberxxx juli xxxnumberxxx . sekarang sudah agustus mengapa subscribe - nya masih aktif ?"", ""dear indosat , saya mau isi paket , tetapi mengapa tidak bisa ya ? sudah sejak jam xxxtimexxx tadi pulsa sudah masuk tetapi tidak bisa aktif ."", ""admin , kenapa saya tidak bisa sms ? saya mau konfirmasi pembelian paket selalu gagal smsnya dari tadi ."", ""sudah kak . sudah saya ganti ke xxxnumberxxx g , tapi tetap susah ."", ""pulsa saya berkurang xxxnumberxxx padahal tidak digunakan . saya mau beli paket jadi kurang , bagaimana ini ? xxxnumberxxx"", ""jb xxxphonexxx , sudah seminggu paket tidak sampai , padahal masih dalam jakarta . malah dikirim ke surabaya untuk apa ? jnt sistemnya seperti apa ?"", ""cek dm coba xxxuserxxx dari tadi komplain tidak ada respons , pulsa sudah terpotong kena tarik per kb .""]",False,10,2413,35,True,141,0.019754099,informal,0,0.8085495233535767,0.7703586220741272,0.9270274639129639,64.63453436175932,False,0.0
google/gemma-3-4b-it,informal,formal,centroid,,"min , saya sudah isi pulsa xxxnumberxxx xxxnumberxxx rb tapi kok gak masuk ya ? padahal nomor sudah benar min","min, pulsa saya xxxnumberxxx gak masuk , padahal udah isi rb , nomor juga bener min",False,407,4200203,42,"[""selamat malam . mohon saya diberi informasi . paket saya sejak tanggal xxxnumberxxx tertahan dengan status itu dan belum terkirim sampai sekarang . ada apa ?"", ""sudah xxxnumberxxx hari , status belum juga berubah admin . tadi sudah telepon qc katanya cuma disuruh menunggu ."", ""sore admin . ini ada keluhan nomor saya , pulsa terpotong terus . padahal tidak berlangganan paket apapun . tolong diperiksa min + xxxnumberxxx xxxnumberxxx - xxxnumberxxx - xxxnumberxxx ."", ""grab paket hemat saya billingnya itu tanggal xxxnumberxxx juli xxxnumberxxx . sekarang sudah agustus mengapa subscribe - nya masih aktif ?"", ""dear indosat , saya mau isi paket , tetapi mengapa tidak bisa ya ? sudah sejak jam xxxtimexxx tadi pulsa sudah masuk tetapi tidak bisa aktif ."", ""admin , kenapa saya tidak bisa sms ? saya mau konfirmasi pembelian paket selalu gagal smsnya dari tadi ."", ""sudah kak . sudah saya ganti ke xxxnumberxxx g , tapi tetap susah ."", ""pulsa saya berkurang xxxnumberxxx padahal tidak digunakan . saya mau beli paket jadi kurang , bagaimana ini ? xxxnumberxxx"", ""jb xxxphonexxx , sudah seminggu paket tidak sampai , padahal masih dalam jakarta . malah dikirim ke surabaya untuk apa ? jnt sistemnya seperti apa ?"", ""cek dm coba xxxuserxxx dari tadi komplain tidak ada respons , pulsa sudah terpotong kena tarik per kb .""]",False,10,2383,22,False,83,0.0023091314,informal,0,0.9299919605255127,0.8819594979286194,0.9717249870300293,704.9644883578062,False,0.0
google/gemma-3-4b-it,informal,formal,centroid,,"inv / xxxnumberxxx / xix / ix / xxxnumberxxx , tlg perpanjang masa ired order sampai xxxdatexxx , tq mod","admin, tolong perpanjang masa ired order buat nomor xxxnumberxxx, tq.",False,409,4200204,42,"[""selamat malam . mohon saya diberi informasi . paket saya sejak tanggal xxxnumberxxx tertahan dengan status itu dan belum terkirim sampai sekarang . ada apa ?"", ""sudah xxxnumberxxx hari , status belum juga berubah admin . tadi sudah telepon qc katanya cuma disuruh menunggu ."", ""sore admin . ini ada keluhan nomor saya , pulsa terpotong terus . padahal tidak berlangganan paket apapun . tolong diperiksa min + xxxnumberxxx xxxnumberxxx - xxxnumberxxx - xxxnumberxxx ."", ""grab paket hemat saya billingnya itu tanggal xxxnumberxxx juli xxxnumberxxx . sekarang sudah agustus mengapa subscribe - nya masih aktif ?"", ""dear indosat , saya mau isi paket , tetapi mengapa tidak bisa ya ? sudah sejak jam xxxtimexxx tadi pulsa sudah masuk tetapi tidak bisa aktif ."", ""admin , kenapa saya tidak bisa sms ? saya mau konfirmasi pembelian paket selalu gagal smsnya dari tadi ."", ""sudah kak . sudah saya ganti ke xxxnumberxxx g , tapi tetap susah ."", ""pulsa saya berkurang xxxnumberxxx padahal tidak digunakan . saya mau beli paket jadi kurang , bagaimana ini ? xxxnumberxxx"", ""jb xxxphonexxx , sudah seminggu paket tidak sampai , padahal masih dalam jakarta . malah dikirim ke surabaya untuk apa ? jnt sistemnya seperti apa ?"", ""cek dm coba xxxuserxxx dari tadi komplain tidak ada respons , pulsa sudah terpotong kena tarik per kb .""]",False,10,2378,19,True,69,0.43133393,informal,0,0.7277929782867432,0.704470157623291,0.9294580221176147,1422.0893609187747,True,0.0
google/gemma-3-4b-it,informal,formal,centroid,,min tolong respon komplain no transaksi xxxnumberxxx secepatnya . trimakasih banyak,"admin, tolong tanggapi keluhan nomor transaksi xxxnumberxxx secepatnya. makasih banyak.",False,411,4200205,42,"[""selamat malam . mohon saya diberi informasi . paket saya sejak tanggal xxxnumberxxx tertahan dengan status itu dan belum terkirim sampai sekarang . ada apa ?"", ""sudah xxxnumberxxx hari , status belum juga berubah admin . tadi sudah telepon qc katanya cuma disuruh menunggu ."", ""sore admin . ini ada keluhan nomor saya , pulsa terpotong terus . padahal tidak berlangganan paket apapun . tolong diperiksa min + xxxnumberxxx xxxnumberxxx - xxxnumberxxx - xxxnumberxxx ."", ""grab paket hemat saya billingnya itu tanggal xxxnumberxxx juli xxxnumberxxx . sekarang sudah agustus mengapa subscribe - nya masih aktif ?"", ""dear indosat , saya mau isi paket , tetapi mengapa tidak bisa ya ? sudah sejak jam xxxtimexxx tadi pulsa sudah masuk tetapi tidak bisa aktif ."", ""admin , kenapa saya tidak bisa sms ? saya mau konfirmasi pembelian paket selalu gagal smsnya dari tadi ."", ""sudah kak . sudah saya ganti ke xxxnumberxxx g , tapi tetap susah ."", ""pulsa saya berkurang xxxnumberxxx padahal tidak digunakan . saya mau beli paket jadi kurang , bagaimana ini ? xxxnumberxxx"", ""jb xxxphonexxx , sudah seminggu paket tidak sampai , padahal masih dalam jakarta . malah dikirim ke surabaya untuk apa ? jnt sistemnya seperti apa ?"", ""cek dm coba xxxuserxxx dari tadi komplain tidak ada respons , pulsa sudah terpotong kena tarik per kb .""]",False,10,2357,22,True,87,0.3744632,informal,0,0.9084316492080688,0.8513169884681702,0.9501054286956787,198.8336504630466,False,0.0
google/gemma-3-4b-it,informal,formal,centroid,,minn kuota ini berlaku sampai kapan ya ? trims,“kok kuota ini sampai kapan ya? makasih.”,False,413,4200206,42,"[""selamat malam . mohon saya diberi informasi . paket saya sejak tanggal xxxnumberxxx tertahan dengan status itu dan belum terkirim sampai sekarang . ada apa ?"", ""sudah xxxnumberxxx hari , status belum juga berubah admin . tadi sudah telepon qc katanya cuma disuruh menunggu ."", ""sore admin . ini ada keluhan nomor saya , pulsa terpotong terus . padahal tidak berlangganan paket apapun . tolong diperiksa min + xxxnumberxxx xxxnumberxxx - xxxnumberxxx - xxxnumberxxx ."", ""grab paket hemat saya billingnya itu tanggal xxxnumberxxx juli xxxnumberxxx . sekarang sudah agustus mengapa subscribe - nya masih aktif ?"", ""dear indosat , saya mau isi paket , tetapi mengapa tidak bisa ya ? sudah sejak jam xxxtimexxx tadi pulsa sudah masuk tetapi tidak bisa aktif ."", ""admin , kenapa saya tidak bisa sms ? saya mau konfirmasi pembelian paket selalu gagal smsnya dari tadi ."", ""sudah kak . sudah saya ganti ke xxxnumberxxx g , tapi tetap susah ."", ""pulsa saya berkurang xxxnumberxxx padahal tidak digunakan . saya mau beli paket jadi kurang , bagaimana ini ? xxxnumberxxx"", ""jb xxxphonexxx , sudah seminggu paket tidak sampai , padahal masih dalam jakarta . malah dikirim ke surabaya untuk apa ? jnt sistemnya seperti apa ?"", ""cek dm coba xxxuserxxx dari tadi komplain tidak ada respons , pulsa sudah terpotong kena tarik per kb .""]",False,10,2320,13,True,41,0.0140642235,informal,0,0.7458477020263672,0.7493249177932739,0.8917614221572876,216.5177807556291,False,0.0
google/gemma-3-4b-it,informal,formal,centroid,,mohon dibantu saya sdh lakukan pembayaran tagihan xxxdatexxx bulanan tapi knpa no hp masih belum bisa aktiv no hp matrik xxxnumberxxx,"“admin, sudah saya bayar tagihan bulanan tanggal xxxdatexxx, tapi kok nomor HP masih belum aktif? Nomor HP matrik xxxnumberxxx.”",False,415,4200207,42,"[""selamat malam . mohon saya diberi informasi . paket saya sejak tanggal xxxnumberxxx tertahan dengan status itu dan belum terkirim sampai sekarang . ada apa ?"", ""sudah xxxnumberxxx hari , status belum juga berubah admin . tadi sudah telepon qc katanya cuma disuruh menunggu ."", ""sore admin . ini ada keluhan nomor saya , pulsa terpotong terus . padahal tidak berlangganan paket apapun . tolong diperiksa min + xxxnumberxxx xxxnumberxxx - xxxnumberxxx - xxxnumberxxx ."", ""grab paket hemat saya billingnya itu tanggal xxxnumberxxx juli xxxnumberxxx . sekarang sudah agustus mengapa subscribe - nya masih aktif ?"", ""dear indosat , saya mau isi paket , tetapi mengapa tidak bisa ya ? sudah sejak jam xxxtimexxx tadi pulsa sudah masuk tetapi tidak bisa aktif ."", ""admin , kenapa saya tidak bisa sms ? saya mau konfirmasi pembelian paket selalu gagal smsnya dari tadi ."", ""sudah kak . sudah saya ganti ke xxxnumberxxx g , tapi tetap susah ."", ""pulsa saya berkurang xxxnumberxxx padahal tidak digunakan . saya mau beli paket jadi kurang , bagaimana ini ? xxxnumberxxx"", ""jb xxxphonexxx , sudah seminggu paket tidak sampai , padahal masih dalam jakarta . malah dikirim ke surabaya untuk apa ? jnt sistemnya seperti apa ?"", ""cek dm coba xxxuserxxx dari tadi komplain tidak ada respons , pulsa sudah terpotong kena tarik per kb .""]",False,10,2407,33,True,128,0.7378154,formal,1,0.8979802131652832,0.771014928817749,0.923870325088501,69.40081990531714,False,0.0
google/gemma-3-4b-it,informal,formal,centroid,,"eh ada yg punya setori , misi ya mbaa","“Halo, ada masalah dengan nomor saya ya, Mbak?”",False,417,4200208,42,"[""selamat malam . mohon saya diberi informasi . paket saya sejak tanggal xxxnumberxxx tertahan dengan status itu dan belum terkirim sampai sekarang . ada apa ?"", ""sudah xxxnumberxxx hari , status belum juga berubah admin . tadi sudah telepon qc katanya cuma disuruh menunggu ."", ""sore admin . ini ada keluhan nomor saya , pulsa terpotong terus . padahal tidak berlangganan paket apapun . tolong diperiksa min + xxxnumberxxx xxxnumberxxx - xxxnumberxxx - xxxnumberxxx ."", ""grab paket hemat saya billingnya itu tanggal xxxnumberxxx juli xxxnumberxxx . sekarang sudah agustus mengapa subscribe - nya masih aktif ?"", ""dear indosat , saya mau isi paket , tetapi mengapa tidak bisa ya ? sudah sejak jam xxxtimexxx tadi pulsa sudah masuk tetapi tidak bisa aktif ."", ""admin , kenapa saya tidak bisa sms ? saya mau konfirmasi pembelian paket selalu gagal smsnya dari tadi ."", ""sudah kak . sudah saya ganti ke xxxnumberxxx g , tapi tetap susah ."", ""pulsa saya berkurang xxxnumberxxx padahal tidak digunakan . saya mau beli paket jadi kurang , bagaimana ini ? xxxnumberxxx"", ""jb xxxphonexxx , sudah seminggu paket tidak sampai , padahal masih dalam jakarta . malah dikirim ke surabaya untuk apa ? jnt sistemnya seperti apa ?"", ""cek dm coba xxxuserxxx dari tadi komplain tidak ada respons , pulsa sudah terpotong kena tarik per kb .""]",False,10,2311,14,True,47,0.17962256,informal,0,0.2670162618160248,0.35954058170318604,0.80504310131073,81.7793754389835,False,0.0
google/gemma-3-4b-it,informal,formal,centroid,,alasannya tdk masuk akal kadang perintah operator telkomsel bila lelet matikan tombol pesawat atau sebut data diri tp tetap lelet,"admin, kenapa sih lama banget ya? kadang operator Telkomsel bilang matiin HP atau sebutin data diri, tapi tetep aja lelet.",False,419,4200209,42,"[""selamat malam . mohon saya diberi informasi . paket saya sejak tanggal xxxnumberxxx tertahan dengan status itu dan belum terkirim sampai sekarang . ada apa ?"", ""sudah xxxnumberxxx hari , status belum juga berubah admin . tadi sudah telepon qc katanya cuma disuruh menunggu ."", ""sore admin . ini ada keluhan nomor saya , pulsa terpotong terus . padahal tidak berlangganan paket apapun . tolong diperiksa min + xxxnumberxxx xxxnumberxxx - xxxnumberxxx - xxxnumberxxx ."", ""grab paket hemat saya billingnya itu tanggal xxxnumberxxx juli xxxnumberxxx . sekarang sudah agustus mengapa subscribe - nya masih aktif ?"", ""dear indosat , saya mau isi paket , tetapi mengapa tidak bisa ya ? sudah sejak jam xxxtimexxx tadi pulsa sudah masuk tetapi tidak bisa aktif ."", ""admin , kenapa saya tidak bisa sms ? saya mau konfirmasi pembelian paket selalu gagal smsnya dari tadi ."", ""sudah kak . sudah saya ganti ke xxxnumberxxx g , tapi tetap susah ."", ""pulsa saya berkurang xxxnumberxxx padahal tidak digunakan . saya mau beli paket jadi kurang , bagaimana ini ? xxxnumberxxx"", ""jb xxxphonexxx , sudah seminggu paket tidak sampai , padahal masih dalam jakarta . malah dikirim ke surabaya untuk apa ? jnt sistemnya seperti apa ?"", ""cek dm coba xxxuserxxx dari tadi komplain tidak ada respons , pulsa sudah terpotong kena tarik per kb .""]",False,10,2403,31,True,122,0.0073787225,informal,0,0.7104867100715637,0.6576871275901794,0.9324299693107605,101.35454203075541,False,0.0
google/gemma-3-4b-it,informal,formal,centroid,,"tolong cek dm , saya kirim screenshot history topup tapi gak masuk yah saldonya","tolong cek dm , sudah saya kirim screenshot history topup tapi saldo gak masuk yah",False,421,4200210,42,"[""selamat malam . mohon saya diberi informasi . paket saya sejak tanggal xxxnumberxxx tertahan dengan status itu dan belum terkirim sampai sekarang . ada apa ?"", ""sudah xxxnumberxxx hari , status belum juga berubah admin . tadi sudah telepon qc katanya cuma disuruh menunggu ."", ""sore admin . ini ada keluhan nomor saya , pulsa terpotong terus . padahal tidak berlangganan paket apapun . tolong diperiksa min + xxxnumberxxx xxxnumberxxx - xxxnumberxxx - xxxnumberxxx ."", ""grab paket hemat saya billingnya itu tanggal xxxnumberxxx juli xxxnumberxxx . sekarang sudah agustus mengapa subscribe - nya masih aktif ?"", ""dear indosat , saya mau isi paket , tetapi mengapa tidak bisa ya ? sudah sejak jam xxxtimexxx tadi pulsa sudah masuk tetapi tidak bisa aktif ."", ""admin , kenapa saya tidak bisa sms ? saya mau konfirmasi pembelian paket selalu gagal smsnya dari tadi ."", ""sudah kak . sudah saya ganti ke xxxnumberxxx g , tapi tetap susah ."", ""pulsa saya berkurang xxxnumberxxx padahal tidak digunakan . saya mau beli paket jadi kurang , bagaimana ini ? xxxnumberxxx"", ""jb xxxphonexxx , sudah seminggu paket tidak sampai , padahal masih dalam jakarta . malah dikirim ke surabaya untuk apa ? jnt sistemnya seperti apa ?"", ""cek dm coba xxxuserxxx dari tadi komplain tidak ada respons , pulsa sudah terpotong kena tarik per kb .""]",False,10,2353,18,False,82,0.0015140547,informal,0,0.9559115171432495,0.9922372102737427,0.9974731206893921,286.84985108125073,False,0.0
google/gemma-3-4b-it,informal,formal,centroid,,colek xxxuserxxx dan xxxuserxxx mohon diperhitungkan biaya parkir,"“kak, mohon dihitung biaya parkirnya buat xxxuserxxx dan xxxuserxxx.”",False,423,4200211,42,"[""selamat malam . mohon saya diberi informasi . paket saya sejak tanggal xxxnumberxxx tertahan dengan status itu dan belum terkirim sampai sekarang . ada apa ?"", ""sudah xxxnumberxxx hari , status belum juga berubah admin . tadi sudah telepon qc katanya cuma disuruh menunggu ."", ""sore admin . ini ada keluhan nomor saya , pulsa terpotong terus . padahal tidak berlangganan paket apapun . tolong diperiksa min + xxxnumberxxx xxxnumberxxx - xxxnumberxxx - xxxnumberxxx ."", ""grab paket hemat saya billingnya itu tanggal xxxnumberxxx juli xxxnumberxxx . sekarang sudah agustus mengapa subscribe - nya masih aktif ?"", ""dear indosat , saya mau isi paket , tetapi mengapa tidak bisa ya ? sudah sejak jam xxxtimexxx tadi pulsa sudah masuk tetapi tidak bisa aktif ."", ""admin , kenapa saya tidak bisa sms ? saya mau konfirmasi pembelian paket selalu gagal smsnya dari tadi ."", ""sudah kak . sudah saya ganti ke xxxnumberxxx g , tapi tetap susah ."", ""pulsa saya berkurang xxxnumberxxx padahal tidak digunakan . saya mau beli paket jadi kurang , bagaimana ini ? xxxnumberxxx"", ""jb xxxphonexxx , sudah seminggu paket tidak sampai , padahal masih dalam jakarta . malah dikirim ke surabaya untuk apa ? jnt sistemnya seperti apa ?"", ""cek dm coba xxxuserxxx dari tadi komplain tidak ada respons , pulsa sudah terpotong kena tarik per kb .""]",False,10,2339,20,True,69,0.60783535,formal,1,0.7449312210083008,0.8324165940284729,0.9420236349105835,124.01861921462348,False,0.0
google/gemma-3-4b-it,informal,formal,centroid,,sudah saya dm infonya . mohon dicek . terima kasih .,"""udah kak , udah saya dm infonya . mohon dicek ya . makasih.""",False,425,4200212,42,"[""selamat malam . mohon saya diberi informasi . paket saya sejak tanggal xxxnumberxxx tertahan dengan status itu dan belum terkirim sampai sekarang . ada apa ?"", ""sudah xxxnumberxxx hari , status belum juga berubah admin . tadi sudah telepon qc katanya cuma disuruh menunggu ."", ""sore admin . ini ada keluhan nomor saya , pulsa terpotong terus . padahal tidak berlangganan paket apapun . tolong diperiksa min + xxxnumberxxx xxxnumberxxx - xxxnumberxxx - xxxnumberxxx ."", ""grab paket hemat saya billingnya itu tanggal xxxnumberxxx juli xxxnumberxxx . sekarang sudah agustus mengapa subscribe - nya masih aktif ?"", ""dear indosat , saya mau isi paket , tetapi mengapa tidak bisa ya ? sudah sejak jam xxxtimexxx tadi pulsa sudah masuk tetapi tidak bisa aktif ."", ""admin , kenapa saya tidak bisa sms ? saya mau konfirmasi pembelian paket selalu gagal smsnya dari tadi ."", ""sudah kak . sudah saya ganti ke xxxnumberxxx g , tapi tetap susah ."", ""pulsa saya berkurang xxxnumberxxx padahal tidak digunakan . saya mau beli paket jadi kurang , bagaimana ini ? xxxnumberxxx"", ""jb xxxphonexxx , sudah seminggu paket tidak sampai , padahal masih dalam jakarta . malah dikirim ke surabaya untuk apa ? jnt sistemnya seperti apa ?"", ""cek dm coba xxxuserxxx dari tadi komplain tidak ada respons , pulsa sudah terpotong kena tarik per kb .""]",False,10,2326,20,True,61,0.0022105519,informal,0,0.8367020487785339,0.7880399823188782,0.9470701813697815,98.964186657485,False,0.0
google/gemma-3-4b-it,informal,formal,centroid,,"iya jadi kurang tingkat kepercayaan nya , gak kebayang flexi cash nya","“iya, jadi kurang percaya deh, nggak ngerti soal flexi cashnya.”",False,427,4200213,42,"[""selamat malam . mohon saya diberi informasi . paket saya sejak tanggal xxxnumberxxx tertahan dengan status itu dan belum terkirim sampai sekarang . ada apa ?"", ""sudah xxxnumberxxx hari , status belum juga berubah admin . tadi sudah telepon qc katanya cuma disuruh menunggu ."", ""sore admin . ini ada keluhan nomor saya , pulsa terpotong terus . padahal tidak berlangganan paket apapun . tolong diperiksa min + xxxnumberxxx xxxnumberxxx - xxxnumberxxx - xxxnumberxxx ."", ""grab paket hemat saya billingnya itu tanggal xxxnumberxxx juli xxxnumberxxx . sekarang sudah agustus mengapa subscribe - nya masih aktif ?"", ""dear indosat , saya mau isi paket , tetapi mengapa tidak bisa ya ? sudah sejak jam xxxtimexxx tadi pulsa sudah masuk tetapi tidak bisa aktif ."", ""admin , kenapa saya tidak bisa sms ? saya mau konfirmasi pembelian paket selalu gagal smsnya dari tadi ."", ""sudah kak . sudah saya ganti ke xxxnumberxxx g , tapi tetap susah ."", ""pulsa saya berkurang xxxnumberxxx padahal tidak digunakan . saya mau beli paket jadi kurang , bagaimana ini ? xxxnumberxxx"", ""jb xxxphonexxx , sudah seminggu paket tidak sampai , padahal masih dalam jakarta . malah dikirim ke surabaya untuk apa ? jnt sistemnya seperti apa ?"", ""cek dm coba xxxuserxxx dari tadi komplain tidak ada respons , pulsa sudah terpotong kena tarik per kb .""]",False,10,2343,18,True,64,0.12956536,informal,0,0.6040945649147034,0.7614209055900574,0.9214340448379517,249.5899221412687,False,0.0
google/gemma-3-4b-it,informal,formal,centroid,,"selamat siang , saya dapet sms dari xxxnumberxxx xxxnumberxxx . mengatas namakan telsel . memberikan penawaran cc bankmega . apakah ini benar ?","“Halo, kok bisa ya dapat sms dari nomor xxxnumberxxx , mengaku dari telkom , nawarin kerjasama bankmega? Ini beneran gak ya?”",False,429,4200214,42,"[""selamat malam . mohon saya diberi informasi . paket saya sejak tanggal xxxnumberxxx tertahan dengan status itu dan belum terkirim sampai sekarang . ada apa ?"", ""sudah xxxnumberxxx hari , status belum juga berubah admin . tadi sudah telepon qc katanya cuma disuruh menunggu ."", ""sore admin . ini ada keluhan nomor saya , pulsa terpotong terus . padahal tidak berlangganan paket apapun . tolong diperiksa min + xxxnumberxxx xxxnumberxxx - xxxnumberxxx - xxxnumberxxx ."", ""grab paket hemat saya billingnya itu tanggal xxxnumberxxx juli xxxnumberxxx . sekarang sudah agustus mengapa subscribe - nya masih aktif ?"", ""dear indosat , saya mau isi paket , tetapi mengapa tidak bisa ya ? sudah sejak jam xxxtimexxx tadi pulsa sudah masuk tetapi tidak bisa aktif ."", ""admin , kenapa saya tidak bisa sms ? saya mau konfirmasi pembelian paket selalu gagal smsnya dari tadi ."", ""sudah kak . sudah saya ganti ke xxxnumberxxx g , tapi tetap susah ."", ""pulsa saya berkurang xxxnumberxxx padahal tidak digunakan . saya mau beli paket jadi kurang , bagaimana ini ? xxxnumberxxx"", ""jb xxxphonexxx , sudah seminggu paket tidak sampai , padahal masih dalam jakarta . malah dikirim ke surabaya untuk apa ? jnt sistemnya seperti apa ?"", ""cek dm coba xxxuserxxx dari tadi komplain tidak ada respons , pulsa sudah terpotong kena tarik per kb .""]",False,10,2417,33,True,125,0.01616156,informal,0,0.7363266348838806,0.75007164478302,0.9228192567825317,127.48942604668028,False,0.0
google/gemma-3-4b-it,informal,formal,centroid,,min ini kenapa lagi min udah dari tadi pagi ini sy gak bisa dm situ btw,"“min, kok lagi kenapa min? udah dari tadi pagi aku gak bisa dm situ, btw.”",False,431,4200215,42,"[""selamat malam . mohon saya diberi informasi . paket saya sejak tanggal xxxnumberxxx tertahan dengan status itu dan belum terkirim sampai sekarang . ada apa ?"", ""sudah xxxnumberxxx hari , status belum juga berubah admin . tadi sudah telepon qc katanya cuma disuruh menunggu ."", ""sore admin . ini ada keluhan nomor saya , pulsa terpotong terus . padahal tidak berlangganan paket apapun . tolong diperiksa min + xxxnumberxxx xxxnumberxxx - xxxnumberxxx - xxxnumberxxx ."", ""grab paket hemat saya billingnya itu tanggal xxxnumberxxx juli xxxnumberxxx . sekarang sudah agustus mengapa subscribe - nya masih aktif ?"", ""dear indosat , saya mau isi paket , tetapi mengapa tidak bisa ya ? sudah sejak jam xxxtimexxx tadi pulsa sudah masuk tetapi tidak bisa aktif ."", ""admin , kenapa saya tidak bisa sms ? saya mau konfirmasi pembelian paket selalu gagal smsnya dari tadi ."", ""sudah kak . sudah saya ganti ke xxxnumberxxx g , tapi tetap susah ."", ""pulsa saya berkurang xxxnumberxxx padahal tidak digunakan . saya mau beli paket jadi kurang , bagaimana ini ? xxxnumberxxx"", ""jb xxxphonexxx , sudah seminggu paket tidak sampai , padahal masih dalam jakarta . malah dikirim ke surabaya untuk apa ? jnt sistemnya seperti apa ?"", ""cek dm coba xxxuserxxx dari tadi komplain tidak ada respons , pulsa sudah terpotong kena tarik per kb .""]",False,10,2345,21,True,74,0.0037394522,informal,0,0.8167154788970947,0.8076622486114502,0.9325716495513916,254.6624459068278,False,0.0
google/gemma-3-4b-it,informal,formal,centroid,,jaringan lagi jelek kah ? dah xxxnumberxxx hari lemot,"admin, jaringan lagi lemot ya? udah xxxnumberxxx hari kayak gini.",False,433,4200216,42,"[""selamat malam . mohon saya diberi informasi . paket saya sejak tanggal xxxnumberxxx tertahan dengan status itu dan belum terkirim sampai sekarang . ada apa ?"", ""sudah xxxnumberxxx hari , status belum juga berubah admin . tadi sudah telepon qc katanya cuma disuruh menunggu ."", ""sore admin . ini ada keluhan nomor saya , pulsa terpotong terus . padahal tidak berlangganan paket apapun . tolong diperiksa min + xxxnumberxxx xxxnumberxxx - xxxnumberxxx - xxxnumberxxx ."", ""grab paket hemat saya billingnya itu tanggal xxxnumberxxx juli xxxnumberxxx . sekarang sudah agustus mengapa subscribe - nya masih aktif ?"", ""dear indosat , saya mau isi paket , tetapi mengapa tidak bisa ya ? sudah sejak jam xxxtimexxx tadi pulsa sudah masuk tetapi tidak bisa aktif ."", ""admin , kenapa saya tidak bisa sms ? saya mau konfirmasi pembelian paket selalu gagal smsnya dari tadi ."", ""sudah kak . sudah saya ganti ke xxxnumberxxx g , tapi tetap susah ."", ""pulsa saya berkurang xxxnumberxxx padahal tidak digunakan . saya mau beli paket jadi kurang , bagaimana ini ? xxxnumberxxx"", ""jb xxxphonexxx , sudah seminggu paket tidak sampai , padahal masih dalam jakarta . malah dikirim ke surabaya untuk apa ? jnt sistemnya seperti apa ?"", ""cek dm coba xxxuserxxx dari tadi komplain tidak ada respons , pulsa sudah terpotong kena tarik per kb .""]",False,10,2327,18,True,65,0.0027362225,informal,0,0.8527196645736694,0.7168554067611694,0.9463208913803101,789.2246638657026,False,0.0
google/gemma-3-4b-it,informal,formal,centroid,,min kalo pada key bca saat baru dinyalakan muncul tulisan batt xxxnumberxxx artinya apa,"admin, kenapa pas buka aplikasi muncul tulisan batt xxxnumberxxx ya?",False,435,4200217,42,"[""selamat malam . mohon saya diberi informasi . paket saya sejak tanggal xxxnumberxxx tertahan dengan status itu dan belum terkirim sampai sekarang . ada apa ?"", ""sudah xxxnumberxxx hari , status belum juga berubah admin . tadi sudah telepon qc katanya cuma disuruh menunggu ."", ""sore admin . ini ada keluhan nomor saya , pulsa terpotong terus . padahal tidak berlangganan paket apapun . tolong diperiksa min + xxxnumberxxx xxxnumberxxx - xxxnumberxxx - xxxnumberxxx ."", ""grab paket hemat saya billingnya itu tanggal xxxnumberxxx juli xxxnumberxxx . sekarang sudah agustus mengapa subscribe - nya masih aktif ?"", ""dear indosat , saya mau isi paket , tetapi mengapa tidak bisa ya ? sudah sejak jam xxxtimexxx tadi pulsa sudah masuk tetapi tidak bisa aktif ."", ""admin , kenapa saya tidak bisa sms ? saya mau konfirmasi pembelian paket selalu gagal smsnya dari tadi ."", ""sudah kak . sudah saya ganti ke xxxnumberxxx g , tapi tetap susah ."", ""pulsa saya berkurang xxxnumberxxx padahal tidak digunakan . saya mau beli paket jadi kurang , bagaimana ini ? xxxnumberxxx"", ""jb xxxphonexxx , sudah seminggu paket tidak sampai , padahal masih dalam jakarta . malah dikirim ke surabaya untuk apa ? jnt sistemnya seperti apa ?"", ""cek dm coba xxxuserxxx dari tadi komplain tidak ada respons , pulsa sudah terpotong kena tarik per kb .""]",False,10,2361,15,True,68,0.16081828,informal,0,0.8745976686477661,0.6141877174377441,0.9318722486495972,3924.6409020535903,True,0.0
google/gemma-3-4b-it,informal,formal,centroid,,ini member seventeen baru ya xxxuserxxx ? wkwk,"admin, kok bisa gitu ya? baru nih kayaknya, xixixixi.",False,437,4200218,42,"[""selamat malam . mohon saya diberi informasi . paket saya sejak tanggal xxxnumberxxx tertahan dengan status itu dan belum terkirim sampai sekarang . ada apa ?"", ""sudah xxxnumberxxx hari , status belum juga berubah admin . tadi sudah telepon qc katanya cuma disuruh menunggu ."", ""sore admin . ini ada keluhan nomor saya , pulsa terpotong terus . padahal tidak berlangganan paket apapun . tolong diperiksa min + xxxnumberxxx xxxnumberxxx - xxxnumberxxx - xxxnumberxxx ."", ""grab paket hemat saya billingnya itu tanggal xxxnumberxxx juli xxxnumberxxx . sekarang sudah agustus mengapa subscribe - nya masih aktif ?"", ""dear indosat , saya mau isi paket , tetapi mengapa tidak bisa ya ? sudah sejak jam xxxtimexxx tadi pulsa sudah masuk tetapi tidak bisa aktif ."", ""admin , kenapa saya tidak bisa sms ? saya mau konfirmasi pembelian paket selalu gagal smsnya dari tadi ."", ""sudah kak . sudah saya ganti ke xxxnumberxxx g , tapi tetap susah ."", ""pulsa saya berkurang xxxnumberxxx padahal tidak digunakan . saya mau beli paket jadi kurang , bagaimana ini ? xxxnumberxxx"", ""jb xxxphonexxx , sudah seminggu paket tidak sampai , padahal masih dalam jakarta . malah dikirim ke surabaya untuk apa ? jnt sistemnya seperti apa ?"", ""cek dm coba xxxuserxxx dari tadi komplain tidak ada respons , pulsa sudah terpotong kena tarik per kb .""]",False,10,2320,17,True,53,0.014024718,informal,0,0.1432133913040161,0.445371150970459,0.8562610149383545,119.5229377656028,False,0.0
google/gemma-3-4b-it,informal,formal,centroid,,"hari minggu , di kcp buka untuk pembelian kartu flazz ngak ?","admin, hari minggu kantor buka untuk pembelian kartu flazz nggak?",False,439,4200219,42,"[""selamat malam . mohon saya diberi informasi . paket saya sejak tanggal xxxnumberxxx tertahan dengan status itu dan belum terkirim sampai sekarang . ada apa ?"", ""sudah xxxnumberxxx hari , status belum juga berubah admin . tadi sudah telepon qc katanya cuma disuruh menunggu ."", ""sore admin . ini ada keluhan nomor saya , pulsa terpotong terus . padahal tidak berlangganan paket apapun . tolong diperiksa min + xxxnumberxxx xxxnumberxxx - xxxnumberxxx - xxxnumberxxx ."", ""grab paket hemat saya billingnya itu tanggal xxxnumberxxx juli xxxnumberxxx . sekarang sudah agustus mengapa subscribe - nya masih aktif ?"", ""dear indosat , saya mau isi paket , tetapi mengapa tidak bisa ya ? sudah sejak jam xxxtimexxx tadi pulsa sudah masuk tetapi tidak bisa aktif ."", ""admin , kenapa saya tidak bisa sms ? saya mau konfirmasi pembelian paket selalu gagal smsnya dari tadi ."", ""sudah kak . sudah saya ganti ke xxxnumberxxx g , tapi tetap susah ."", ""pulsa saya berkurang xxxnumberxxx padahal tidak digunakan . saya mau beli paket jadi kurang , bagaimana ini ? xxxnumberxxx"", ""jb xxxphonexxx , sudah seminggu paket tidak sampai , padahal masih dalam jakarta . malah dikirim ke surabaya untuk apa ? jnt sistemnya seperti apa ?"", ""cek dm coba xxxuserxxx dari tadi komplain tidak ada respons , pulsa sudah terpotong kena tarik per kb .""]",False,10,2334,14,True,65,0.08736324,informal,0,0.8644647598266602,0.8261192440986633,0.9486916661262512,875.1856165051281,False,0.0
google/gemma-3-4b-it,informal,formal,centroid,,"lupa saya resinya , tolong cek by nama saya aja","""admin, lupa resinya, tolong cek by nama saya aja.""",False,441,4200220,42,"[""selamat malam . mohon saya diberi informasi . paket saya sejak tanggal xxxnumberxxx tertahan dengan status itu dan belum terkirim sampai sekarang . ada apa ?"", ""sudah xxxnumberxxx hari , status belum juga berubah admin . tadi sudah telepon qc katanya cuma disuruh menunggu ."", ""sore admin . ini ada keluhan nomor saya , pulsa terpotong terus . padahal tidak berlangganan paket apapun . tolong diperiksa min + xxxnumberxxx xxxnumberxxx - xxxnumberxxx - xxxnumberxxx ."", ""grab paket hemat saya billingnya itu tanggal xxxnumberxxx juli xxxnumberxxx . sekarang sudah agustus mengapa subscribe - nya masih aktif ?"", ""dear indosat , saya mau isi paket , tetapi mengapa tidak bisa ya ? sudah sejak jam xxxtimexxx tadi pulsa sudah masuk tetapi tidak bisa aktif ."", ""admin , kenapa saya tidak bisa sms ? saya mau konfirmasi pembelian paket selalu gagal smsnya dari tadi ."", ""sudah kak . sudah saya ganti ke xxxnumberxxx g , tapi tetap susah ."", ""pulsa saya berkurang xxxnumberxxx padahal tidak digunakan . saya mau beli paket jadi kurang , bagaimana ini ? xxxnumberxxx"", ""jb xxxphonexxx , sudah seminggu paket tidak sampai , padahal masih dalam jakarta . malah dikirim ke surabaya untuk apa ? jnt sistemnya seperti apa ?"", ""cek dm coba xxxuserxxx dari tadi komplain tidak ada respons , pulsa sudah terpotong kena tarik per kb .""]",False,10,2321,16,True,51,0.17593896,informal,0,0.9093490839004517,0.7653257846832275,0.9464207887649536,295.4275513161943,False,0.0
google/gemma-3-4b-it,informal,formal,centroid,,"oke , sudah saya kirim via dm","admin, udah saya kirim lewat dm.",False,443,4200221,42,"[""selamat malam . mohon saya diberi informasi . paket saya sejak tanggal xxxnumberxxx tertahan dengan status itu dan belum terkirim sampai sekarang . ada apa ?"", ""sudah xxxnumberxxx hari , status belum juga berubah admin . tadi sudah telepon qc katanya cuma disuruh menunggu ."", ""sore admin . ini ada keluhan nomor saya , pulsa terpotong terus . padahal tidak berlangganan paket apapun . tolong diperiksa min + xxxnumberxxx xxxnumberxxx - xxxnumberxxx - xxxnumberxxx ."", ""grab paket hemat saya billingnya itu tanggal xxxnumberxxx juli xxxnumberxxx . sekarang sudah agustus mengapa subscribe - nya masih aktif ?"", ""dear indosat , saya mau isi paket , tetapi mengapa tidak bisa ya ? sudah sejak jam xxxtimexxx tadi pulsa sudah masuk tetapi tidak bisa aktif ."", ""admin , kenapa saya tidak bisa sms ? saya mau konfirmasi pembelian paket selalu gagal smsnya dari tadi ."", ""sudah kak . sudah saya ganti ke xxxnumberxxx g , tapi tetap susah ."", ""pulsa saya berkurang xxxnumberxxx padahal tidak digunakan . saya mau beli paket jadi kurang , bagaimana ini ? xxxnumberxxx"", ""jb xxxphonexxx , sudah seminggu paket tidak sampai , padahal masih dalam jakarta . malah dikirim ke surabaya untuk apa ? jnt sistemnya seperti apa ?"", ""cek dm coba xxxuserxxx dari tadi komplain tidak ada respons , pulsa sudah terpotong kena tarik per kb .""]",False,10,2303,9,True,32,0.08837917,informal,0,0.9145166873931885,0.82549649477005,0.9485794901847839,987.2306102586232,False,0.0
google/gemma-3-4b-it,informal,formal,centroid,,dapat xxxnumberxxx gb cuman rp xxxnumberxxx dari,"admin, dapat paket xxxgb cuman rp xxx, kok?",False,445,4200222,42,"[""selamat malam . mohon saya diberi informasi . paket saya sejak tanggal xxxnumberxxx tertahan dengan status itu dan belum terkirim sampai sekarang . ada apa ?"", ""sudah xxxnumberxxx hari , status belum juga berubah admin . tadi sudah telepon qc katanya cuma disuruh menunggu ."", ""sore admin . ini ada keluhan nomor saya , pulsa terpotong terus . padahal tidak berlangganan paket apapun . tolong diperiksa min + xxxnumberxxx xxxnumberxxx - xxxnumberxxx - xxxnumberxxx ."", ""grab paket hemat saya billingnya itu tanggal xxxnumberxxx juli xxxnumberxxx . sekarang sudah agustus mengapa subscribe - nya masih aktif ?"", ""dear indosat , saya mau isi paket , tetapi mengapa tidak bisa ya ? sudah sejak jam xxxtimexxx tadi pulsa sudah masuk tetapi tidak bisa aktif ."", ""admin , kenapa saya tidak bisa sms ? saya mau konfirmasi pembelian paket selalu gagal smsnya dari tadi ."", ""sudah kak . sudah saya ganti ke xxxnumberxxx g , tapi tetap susah ."", ""pulsa saya berkurang xxxnumberxxx padahal tidak digunakan . saya mau beli paket jadi kurang , bagaimana ini ? xxxnumberxxx"", ""jb xxxphonexxx , sudah seminggu paket tidak sampai , padahal masih dalam jakarta . malah dikirim ke surabaya untuk apa ? jnt sistemnya seperti apa ?"", ""cek dm coba xxxuserxxx dari tadi komplain tidak ada respons , pulsa sudah terpotong kena tarik per kb .""]",False,10,2322,14,True,43,0.39009053,informal,0,0.6368701457977295,0.7182947993278503,0.9338123798370361,3208.166460657389,True,0.0
google/gemma-3-4b-it,informal,formal,centroid,,daftarin paket yellow lemot bgt sampe xxxnumberxxx kali daftarin . biasanya bisa . tapi ini kedaftar double . gemana sih ah .,"admin , sudah xxxnumberxxx kali coba daftarin paket yellow , tapi selalu gagal . malah double jadi . gimana sih ini ya ?",False,447,4200223,42,"[""selamat malam . mohon saya diberi informasi . paket saya sejak tanggal xxxnumberxxx tertahan dengan status itu dan belum terkirim sampai sekarang . ada apa ?"", ""sudah xxxnumberxxx hari , status belum juga berubah admin . tadi sudah telepon qc katanya cuma disuruh menunggu ."", ""sore admin . ini ada keluhan nomor saya , pulsa terpotong terus . padahal tidak berlangganan paket apapun . tolong diperiksa min + xxxnumberxxx xxxnumberxxx - xxxnumberxxx - xxxnumberxxx ."", ""grab paket hemat saya billingnya itu tanggal xxxnumberxxx juli xxxnumberxxx . sekarang sudah agustus mengapa subscribe - nya masih aktif ?"", ""dear indosat , saya mau isi paket , tetapi mengapa tidak bisa ya ? sudah sejak jam xxxtimexxx tadi pulsa sudah masuk tetapi tidak bisa aktif ."", ""admin , kenapa saya tidak bisa sms ? saya mau konfirmasi pembelian paket selalu gagal smsnya dari tadi ."", ""sudah kak . sudah saya ganti ke xxxnumberxxx g , tapi tetap susah ."", ""pulsa saya berkurang xxxnumberxxx padahal tidak digunakan . saya mau beli paket jadi kurang , bagaimana ini ? xxxnumberxxx"", ""jb xxxphonexxx , sudah seminggu paket tidak sampai , padahal masih dalam jakarta . malah dikirim ke surabaya untuk apa ? jnt sistemnya seperti apa ?"", ""cek dm coba xxxuserxxx dari tadi komplain tidak ada respons , pulsa sudah terpotong kena tarik per kb .""]",False,10,2399,27,True,120,0.18786712,informal,0,0.7563877105712891,0.7417609095573425,0.9468897581100464,431.5583984741038,False,0.0
google/gemma-3-4b-it,informal,formal,centroid,,ini speed nya segini doang di jaringan full xxxnumberxxx g wahai provider terbesar di indonesia ? mohon penjelasan logisnya,"admin, kenapa speednya segini aja ya? kok full jaringan padahal? mohon dijelaskan, ini provider terbesar di Indonesia.",False,449,4200224,42,"[""selamat malam . mohon saya diberi informasi . paket saya sejak tanggal xxxnumberxxx tertahan dengan status itu dan belum terkirim sampai sekarang . ada apa ?"", ""sudah xxxnumberxxx hari , status belum juga berubah admin . tadi sudah telepon qc katanya cuma disuruh menunggu ."", ""sore admin . ini ada keluhan nomor saya , pulsa terpotong terus . padahal tidak berlangganan paket apapun . tolong diperiksa min + xxxnumberxxx xxxnumberxxx - xxxnumberxxx - xxxnumberxxx ."", ""grab paket hemat saya billingnya itu tanggal xxxnumberxxx juli xxxnumberxxx . sekarang sudah agustus mengapa subscribe - nya masih aktif ?"", ""dear indosat , saya mau isi paket , tetapi mengapa tidak bisa ya ? sudah sejak jam xxxtimexxx tadi pulsa sudah masuk tetapi tidak bisa aktif ."", ""admin , kenapa saya tidak bisa sms ? saya mau konfirmasi pembelian paket selalu gagal smsnya dari tadi ."", ""sudah kak . sudah saya ganti ke xxxnumberxxx g , tapi tetap susah ."", ""pulsa saya berkurang xxxnumberxxx padahal tidak digunakan . saya mau beli paket jadi kurang , bagaimana ini ? xxxnumberxxx"", ""jb xxxphonexxx , sudah seminggu paket tidak sampai , padahal masih dalam jakarta . malah dikirim ke surabaya untuk apa ? jnt sistemnya seperti apa ?"", ""cek dm coba xxxuserxxx dari tadi komplain tidak ada respons , pulsa sudah terpotong kena tarik per kb .""]",False,10,2397,28,True,118,0.023796368,informal,0,0.736984372138977,0.7504159212112427,0.9438250660896301,134.07615187373517,False,0.0
google/gemma-3-4b-it,informal,formal,centroid,,: seberapa kamu ? : besok gw mau nembak loe : terus ? : gw nangisnya sekarang,"""dear , besok aku mau ngakuin perasaan ke kamu , terus gimana ? aku sedih banget""",False,451,4200225,42,"[""selamat malam . mohon saya diberi informasi . paket saya sejak tanggal xxxnumberxxx tertahan dengan status itu dan belum terkirim sampai sekarang . ada apa ?"", ""sudah xxxnumberxxx hari , status belum juga berubah admin . tadi sudah telepon qc katanya cuma disuruh menunggu ."", ""sore admin . ini ada keluhan nomor saya , pulsa terpotong terus . padahal tidak berlangganan paket apapun . tolong diperiksa min + xxxnumberxxx xxxnumberxxx - xxxnumberxxx - xxxnumberxxx ."", ""grab paket hemat saya billingnya itu tanggal xxxnumberxxx juli xxxnumberxxx . sekarang sudah agustus mengapa subscribe - nya masih aktif ?"", ""dear indosat , saya mau isi paket , tetapi mengapa tidak bisa ya ? sudah sejak jam xxxtimexxx tadi pulsa sudah masuk tetapi tidak bisa aktif ."", ""admin , kenapa saya tidak bisa sms ? saya mau konfirmasi pembelian paket selalu gagal smsnya dari tadi ."", ""sudah kak . sudah saya ganti ke xxxnumberxxx g , tapi tetap susah ."", ""pulsa saya berkurang xxxnumberxxx padahal tidak digunakan . saya mau beli paket jadi kurang , bagaimana ini ? xxxnumberxxx"", ""jb xxxphonexxx , sudah seminggu paket tidak sampai , padahal masih dalam jakarta . malah dikirim ke surabaya untuk apa ? jnt sistemnya seperti apa ?"", ""cek dm coba xxxuserxxx dari tadi komplain tidak ada respons , pulsa sudah terpotong kena tarik per kb .""]",False,10,2351,22,True,81,0.0028198198,informal,0,0.5457783937454224,0.5406355857849121,0.8656426668167114,66.34785820161429,False,0.0
google/gemma-3-4b-it,informal,formal,centroid,,"bener banget promonya kerasa bgt lah , top grab !","“promo-nya beneran nampang banget, keren Grab!”",False,453,4200226,42,"[""selamat malam . mohon saya diberi informasi . paket saya sejak tanggal xxxnumberxxx tertahan dengan status itu dan belum terkirim sampai sekarang . ada apa ?"", ""sudah xxxnumberxxx hari , status belum juga berubah admin . tadi sudah telepon qc katanya cuma disuruh menunggu ."", ""sore admin . ini ada keluhan nomor saya , pulsa terpotong terus . padahal tidak berlangganan paket apapun . tolong diperiksa min + xxxnumberxxx xxxnumberxxx - xxxnumberxxx - xxxnumberxxx ."", ""grab paket hemat saya billingnya itu tanggal xxxnumberxxx juli xxxnumberxxx . sekarang sudah agustus mengapa subscribe - nya masih aktif ?"", ""dear indosat , saya mau isi paket , tetapi mengapa tidak bisa ya ? sudah sejak jam xxxtimexxx tadi pulsa sudah masuk tetapi tidak bisa aktif ."", ""admin , kenapa saya tidak bisa sms ? saya mau konfirmasi pembelian paket selalu gagal smsnya dari tadi ."", ""sudah kak . sudah saya ganti ke xxxnumberxxx g , tapi tetap susah ."", ""pulsa saya berkurang xxxnumberxxx padahal tidak digunakan . saya mau beli paket jadi kurang , bagaimana ini ? xxxnumberxxx"", ""jb xxxphonexxx , sudah seminggu paket tidak sampai , padahal masih dalam jakarta . malah dikirim ke surabaya untuk apa ? jnt sistemnya seperti apa ?"", ""cek dm coba xxxuserxxx dari tadi komplain tidak ada respons , pulsa sudah terpotong kena tarik per kb .""]",False,10,2323,15,True,47,0.03490269,informal,0,0.6294866800308228,0.782942533493042,0.9069764614105225,746.0615343908134,False,0.0
google/gemma-3-4b-it,informal,formal,centroid,,udah habis voucher nya gmna donkk,"“udah habis voucher nya gmna donkk” menjadi “admin, kenapa voucher saya habis? sudah sejak tadi, saya coba isi ulang tapi tidak bisa.”",False,455,4200227,42,"[""selamat malam . mohon saya diberi informasi . paket saya sejak tanggal xxxnumberxxx tertahan dengan status itu dan belum terkirim sampai sekarang . ada apa ?"", ""sudah xxxnumberxxx hari , status belum juga berubah admin . tadi sudah telepon qc katanya cuma disuruh menunggu ."", ""sore admin . ini ada keluhan nomor saya , pulsa terpotong terus . padahal tidak berlangganan paket apapun . tolong diperiksa min + xxxnumberxxx xxxnumberxxx - xxxnumberxxx - xxxnumberxxx ."", ""grab paket hemat saya billingnya itu tanggal xxxnumberxxx juli xxxnumberxxx . sekarang sudah agustus mengapa subscribe - nya masih aktif ?"", ""dear indosat , saya mau isi paket , tetapi mengapa tidak bisa ya ? sudah sejak jam xxxtimexxx tadi pulsa sudah masuk tetapi tidak bisa aktif ."", ""admin , kenapa saya tidak bisa sms ? saya mau konfirmasi pembelian paket selalu gagal smsnya dari tadi ."", ""sudah kak . sudah saya ganti ke xxxnumberxxx g , tapi tetap susah ."", ""pulsa saya berkurang xxxnumberxxx padahal tidak digunakan . saya mau beli paket jadi kurang , bagaimana ini ? xxxnumberxxx"", ""jb xxxphonexxx , sudah seminggu paket tidak sampai , padahal masih dalam jakarta . malah dikirim ke surabaya untuk apa ? jnt sistemnya seperti apa ?"", ""cek dm coba xxxuserxxx dari tadi komplain tidak ada respons , pulsa sudah terpotong kena tarik per kb .""]",False,10,2307,32,True,134,0.074619286,informal,0,0.7124736309051514,0.5949188470840454,0.872638463973999,112.45576326514019,False,0.0
google/gemma-3-4b-it,informal,formal,centroid,,saya lupa id klik bca saya bagaimana cara mengetahuinya ? untuk pin saya masih ingat .,"“permisi admin, saya mau tanya nih. lupa id klik bca saya, bagaimana cara tau caranya ya? pin saya masih ingat.”",True,457,4200228,42,"[""selamat malam . mohon saya diberi informasi . paket saya sejak tanggal xxxnumberxxx tertahan dengan status itu dan belum terkirim sampai sekarang . ada apa ?"", ""sudah xxxnumberxxx hari , status belum juga berubah admin . tadi sudah telepon qc katanya cuma disuruh menunggu ."", ""sore admin . ini ada keluhan nomor saya , pulsa terpotong terus . padahal tidak berlangganan paket apapun . tolong diperiksa min + xxxnumberxxx xxxnumberxxx - xxxnumberxxx - xxxnumberxxx ."", ""grab paket hemat saya billingnya itu tanggal xxxnumberxxx juli xxxnumberxxx . sekarang sudah agustus mengapa subscribe - nya masih aktif ?"", ""dear indosat , saya mau isi paket , tetapi mengapa tidak bisa ya ? sudah sejak jam xxxtimexxx tadi pulsa sudah masuk tetapi tidak bisa aktif ."", ""admin , kenapa saya tidak bisa sms ? saya mau konfirmasi pembelian paket selalu gagal smsnya dari tadi ."", ""sudah kak . sudah saya ganti ke xxxnumberxxx g , tapi tetap susah ."", ""pulsa saya berkurang xxxnumberxxx padahal tidak digunakan . saya mau beli paket jadi kurang , bagaimana ini ? xxxnumberxxx"", ""jb xxxphonexxx , sudah seminggu paket tidak sampai , padahal masih dalam jakarta . malah dikirim ke surabaya untuk apa ? jnt sistemnya seperti apa ?"", ""cek dm coba xxxuserxxx dari tadi komplain tidak ada respons , pulsa sudah terpotong kena tarik per kb .""]",False,10,2360,30,True,112,0.07527004,informal,0,0.8734680414199829,0.7686207890510559,0.929192066192627,47.034285202429174,False,0.0
google/gemma-3-4b-it,informal,formal,centroid,,jangan berikan kode ini kepada siapapun,“tolong jangan kasih kode ini ke siapa pun ya.”,False,459,4200229,42,"[""selamat malam . mohon saya diberi informasi . paket saya sejak tanggal xxxnumberxxx tertahan dengan status itu dan belum terkirim sampai sekarang . ada apa ?"", ""sudah xxxnumberxxx hari , status belum juga berubah admin . tadi sudah telepon qc katanya cuma disuruh menunggu ."", ""sore admin . ini ada keluhan nomor saya , pulsa terpotong terus . padahal tidak berlangganan paket apapun . tolong diperiksa min + xxxnumberxxx xxxnumberxxx - xxxnumberxxx - xxxnumberxxx ."", ""grab paket hemat saya billingnya itu tanggal xxxnumberxxx juli xxxnumberxxx . sekarang sudah agustus mengapa subscribe - nya masih aktif ?"", ""dear indosat , saya mau isi paket , tetapi mengapa tidak bisa ya ? sudah sejak jam xxxtimexxx tadi pulsa sudah masuk tetapi tidak bisa aktif ."", ""admin , kenapa saya tidak bisa sms ? saya mau konfirmasi pembelian paket selalu gagal smsnya dari tadi ."", ""sudah kak . sudah saya ganti ke xxxnumberxxx g , tapi tetap susah ."", ""pulsa saya berkurang xxxnumberxxx padahal tidak digunakan . saya mau beli paket jadi kurang , bagaimana ini ? xxxnumberxxx"", ""jb xxxphonexxx , sudah seminggu paket tidak sampai , padahal masih dalam jakarta . malah dikirim ke surabaya untuk apa ? jnt sistemnya seperti apa ?"", ""cek dm coba xxxuserxxx dari tadi komplain tidak ada respons , pulsa sudah terpotong kena tarik per kb .""]",False,10,2313,13,True,47,0.32789704,informal,0,0.7164067625999451,0.8823750019073486,0.9382399320602417,81.89234520846831,False,0.0
google/gemma-3-4b-it,informal,formal,centroid,,"sm20 . xxxnumberxxx sukses . sn / ref : xxxnumberxxx . saldo xxxnumberxxx , xxxnumberxxx - xxxnumberxxx = xxxnumberxxx , xxxnumberxxx xxxuserxxx / xxxnumberxxx xxxtimexxx bantu cek bos , blm masuk menerut customer","sm20 . nomor saya sudah sukses , sn / ref : xxxnumberxxx . saldo xxxnumberxxx , xxxnumberxxx - xxxnumberxxx = xxxnumberxxx , xxxuserxxx / xxxnumberxxx xxxtimexxx bantu cek ya bos , blm masuk menurut customer",False,461,4200230,42,"[""selamat malam . mohon saya diberi informasi . paket saya sejak tanggal xxxnumberxxx tertahan dengan status itu dan belum terkirim sampai sekarang . ada apa ?"", ""sudah xxxnumberxxx hari , status belum juga berubah admin . tadi sudah telepon qc katanya cuma disuruh menunggu ."", ""sore admin . ini ada keluhan nomor saya , pulsa terpotong terus . padahal tidak berlangganan paket apapun . tolong diperiksa min + xxxnumberxxx xxxnumberxxx - xxxnumberxxx - xxxnumberxxx ."", ""grab paket hemat saya billingnya itu tanggal xxxnumberxxx juli xxxnumberxxx . sekarang sudah agustus mengapa subscribe - nya masih aktif ?"", ""dear indosat , saya mau isi paket , tetapi mengapa tidak bisa ya ? sudah sejak jam xxxtimexxx tadi pulsa sudah masuk tetapi tidak bisa aktif ."", ""admin , kenapa saya tidak bisa sms ? saya mau konfirmasi pembelian paket selalu gagal smsnya dari tadi ."", ""sudah kak . sudah saya ganti ke xxxnumberxxx g , tapi tetap susah ."", ""pulsa saya berkurang xxxnumberxxx padahal tidak digunakan . saya mau beli paket jadi kurang , bagaimana ini ? xxxnumberxxx"", ""jb xxxphonexxx , sudah seminggu paket tidak sampai , padahal masih dalam jakarta . malah dikirim ke surabaya untuk apa ? jnt sistemnya seperti apa ?"", ""cek dm coba xxxuserxxx dari tadi komplain tidak ada respons , pulsa sudah terpotong kena tarik per kb .""]",False,10,2487,55,False,207,0.2712635,informal,0,0.9526892304420471,0.8517316579818726,0.9860730171203613,114.84826387809488,False,0.0
google/gemma-3-4b-it,informal,formal,centroid,,udah brapa bulan ini masi aja xxxuserxxx blom bisa aktivasi imessage,"“sudah berapa bulan ini, masih saja xxxuserxxx belum bisa aktivasi iMessage.”",False,463,4200231,42,"[""selamat malam . mohon saya diberi informasi . paket saya sejak tanggal xxxnumberxxx tertahan dengan status itu dan belum terkirim sampai sekarang . ada apa ?"", ""sudah xxxnumberxxx hari , status belum juga berubah admin . tadi sudah telepon qc katanya cuma disuruh menunggu ."", ""sore admin . ini ada keluhan nomor saya , pulsa terpotong terus . padahal tidak berlangganan paket apapun . tolong diperiksa min + xxxnumberxxx xxxnumberxxx - xxxnumberxxx - xxxnumberxxx ."", ""grab paket hemat saya billingnya itu tanggal xxxnumberxxx juli xxxnumberxxx . sekarang sudah agustus mengapa subscribe - nya masih aktif ?"", ""dear indosat , saya mau isi paket , tetapi mengapa tidak bisa ya ? sudah sejak jam xxxtimexxx tadi pulsa sudah masuk tetapi tidak bisa aktif ."", ""admin , kenapa saya tidak bisa sms ? saya mau konfirmasi pembelian paket selalu gagal smsnya dari tadi ."", ""sudah kak . sudah saya ganti ke xxxnumberxxx g , tapi tetap susah ."", ""pulsa saya berkurang xxxnumberxxx padahal tidak digunakan . saya mau beli paket jadi kurang , bagaimana ini ? xxxnumberxxx"", ""jb xxxphonexxx , sudah seminggu paket tidak sampai , padahal masih dalam jakarta . malah dikirim ke surabaya untuk apa ? jnt sistemnya seperti apa ?"", ""cek dm coba xxxuserxxx dari tadi komplain tidak ada respons , pulsa sudah terpotong kena tarik per kb .""]",False,10,2342,20,True,77,0.78819263,formal,1,0.8593772649765015,0.7111597061157227,0.8919790983200073,295.47911454078525,False,0.0
google/gemma-3-4b-it,informal,formal,centroid,,"sama - sama bpk rudi , semoga berkenan dengan informasi yang kami sampaikan . tks ~ toby","“Bpk. Rudi, selamat malam. Mohon info mengenai paket saya ya. Thanks ~Toby”",False,465,4200232,42,"[""selamat malam . mohon saya diberi informasi . paket saya sejak tanggal xxxnumberxxx tertahan dengan status itu dan belum terkirim sampai sekarang . ada apa ?"", ""sudah xxxnumberxxx hari , status belum juga berubah admin . tadi sudah telepon qc katanya cuma disuruh menunggu ."", ""sore admin . ini ada keluhan nomor saya , pulsa terpotong terus . padahal tidak berlangganan paket apapun . tolong diperiksa min + xxxnumberxxx xxxnumberxxx - xxxnumberxxx - xxxnumberxxx ."", ""grab paket hemat saya billingnya itu tanggal xxxnumberxxx juli xxxnumberxxx . sekarang sudah agustus mengapa subscribe - nya masih aktif ?"", ""dear indosat , saya mau isi paket , tetapi mengapa tidak bisa ya ? sudah sejak jam xxxtimexxx tadi pulsa sudah masuk tetapi tidak bisa aktif ."", ""admin , kenapa saya tidak bisa sms ? saya mau konfirmasi pembelian paket selalu gagal smsnya dari tadi ."", ""sudah kak . sudah saya ganti ke xxxnumberxxx g , tapi tetap susah ."", ""pulsa saya berkurang xxxnumberxxx padahal tidak digunakan . saya mau beli paket jadi kurang , bagaimana ini ? xxxnumberxxx"", ""jb xxxphonexxx , sudah seminggu paket tidak sampai , padahal masih dalam jakarta . malah dikirim ke surabaya untuk apa ? jnt sistemnya seperti apa ?"", ""cek dm coba xxxuserxxx dari tadi komplain tidak ada respons , pulsa sudah terpotong kena tarik per kb .""]",False,10,2362,22,True,75,0.021011777,informal,0,0.7765313982963562,0.6225982904434204,0.8833303451538086,227.15843727779813,False,0.0
google/gemma-3-4b-it,informal,formal,centroid,,"hi min , mau tanya ini paketku statusnya sedang di kiri cuma anehnya pas di resi namanya penerima gak sesuai dg yg aku tulis .","halo , paket saya kok masih di kirim ya? pas resinya nama penerima gak sesuai , kok aneh banget .",False,467,4200233,42,"[""selamat malam . mohon saya diberi informasi . paket saya sejak tanggal xxxnumberxxx tertahan dengan status itu dan belum terkirim sampai sekarang . ada apa ?"", ""sudah xxxnumberxxx hari , status belum juga berubah admin . tadi sudah telepon qc katanya cuma disuruh menunggu ."", ""sore admin . ini ada keluhan nomor saya , pulsa terpotong terus . padahal tidak berlangganan paket apapun . tolong diperiksa min + xxxnumberxxx xxxnumberxxx - xxxnumberxxx - xxxnumberxxx ."", ""grab paket hemat saya billingnya itu tanggal xxxnumberxxx juli xxxnumberxxx . sekarang sudah agustus mengapa subscribe - nya masih aktif ?"", ""dear indosat , saya mau isi paket , tetapi mengapa tidak bisa ya ? sudah sejak jam xxxtimexxx tadi pulsa sudah masuk tetapi tidak bisa aktif ."", ""admin , kenapa saya tidak bisa sms ? saya mau konfirmasi pembelian paket selalu gagal smsnya dari tadi ."", ""sudah kak . sudah saya ganti ke xxxnumberxxx g , tapi tetap susah ."", ""pulsa saya berkurang xxxnumberxxx padahal tidak digunakan . saya mau beli paket jadi kurang , bagaimana ini ? xxxnumberxxx"", ""jb xxxphonexxx , sudah seminggu paket tidak sampai , padahal masih dalam jakarta . malah dikirim ke surabaya untuk apa ? jnt sistemnya seperti apa ?"", ""cek dm coba xxxuserxxx dari tadi komplain tidak ada respons , pulsa sudah terpotong kena tarik per kb .""]",False,10,2400,23,True,97,0.010393178,informal,0,0.7746763229370117,0.7186123132705688,0.9364162087440491,526.8554848316644,False,0.0
google/gemma-3-4b-it,informal,formal,centroid,,min kok saya nggak bisa daftar paket ya ?,"“kok bisa nggak sih min, saya mau daftar paket malah nggak bisa?”",False,469,4200234,42,"[""selamat malam . mohon saya diberi informasi . paket saya sejak tanggal xxxnumberxxx tertahan dengan status itu dan belum terkirim sampai sekarang . ada apa ?"", ""sudah xxxnumberxxx hari , status belum juga berubah admin . tadi sudah telepon qc katanya cuma disuruh menunggu ."", ""sore admin . ini ada keluhan nomor saya , pulsa terpotong terus . padahal tidak berlangganan paket apapun . tolong diperiksa min + xxxnumberxxx xxxnumberxxx - xxxnumberxxx - xxxnumberxxx ."", ""grab paket hemat saya billingnya itu tanggal xxxnumberxxx juli xxxnumberxxx . sekarang sudah agustus mengapa subscribe - nya masih aktif ?"", ""dear indosat , saya mau isi paket , tetapi mengapa tidak bisa ya ? sudah sejak jam xxxtimexxx tadi pulsa sudah masuk tetapi tidak bisa aktif ."", ""admin , kenapa saya tidak bisa sms ? saya mau konfirmasi pembelian paket selalu gagal smsnya dari tadi ."", ""sudah kak . sudah saya ganti ke xxxnumberxxx g , tapi tetap susah ."", ""pulsa saya berkurang xxxnumberxxx padahal tidak digunakan . saya mau beli paket jadi kurang , bagaimana ini ? xxxnumberxxx"", ""jb xxxphonexxx , sudah seminggu paket tidak sampai , padahal masih dalam jakarta . malah dikirim ke surabaya untuk apa ? jnt sistemnya seperti apa ?"", ""cek dm coba xxxuserxxx dari tadi komplain tidak ada respons , pulsa sudah terpotong kena tarik per kb .""]",False,10,2315,16,True,65,0.007236709,informal,0,0.8844208717346191,0.8070882558822632,0.9206238985061646,129.34756088631602,False,0.0
google/gemma-3-4b-it,informal,formal,centroid,,oh iya masukan dari saya kalau bisa untuk perusahaan kurir di beri rating juga di apps . jadi bisa kelihatan performa perusahaan kurirnya .,"“admin, tolong bisa di rate ya perusahaan kurirnya di aplikasi. biar kelihatan performanya.”",False,471,4200235,42,"[""selamat malam . mohon saya diberi informasi . paket saya sejak tanggal xxxnumberxxx tertahan dengan status itu dan belum terkirim sampai sekarang . ada apa ?"", ""sudah xxxnumberxxx hari , status belum juga berubah admin . tadi sudah telepon qc katanya cuma disuruh menunggu ."", ""sore admin . ini ada keluhan nomor saya , pulsa terpotong terus . padahal tidak berlangganan paket apapun . tolong diperiksa min + xxxnumberxxx xxxnumberxxx - xxxnumberxxx - xxxnumberxxx ."", ""grab paket hemat saya billingnya itu tanggal xxxnumberxxx juli xxxnumberxxx . sekarang sudah agustus mengapa subscribe - nya masih aktif ?"", ""dear indosat , saya mau isi paket , tetapi mengapa tidak bisa ya ? sudah sejak jam xxxtimexxx tadi pulsa sudah masuk tetapi tidak bisa aktif ."", ""admin , kenapa saya tidak bisa sms ? saya mau konfirmasi pembelian paket selalu gagal smsnya dari tadi ."", ""sudah kak . sudah saya ganti ke xxxnumberxxx g , tapi tetap susah ."", ""pulsa saya berkurang xxxnumberxxx padahal tidak digunakan . saya mau beli paket jadi kurang , bagaimana ini ? xxxnumberxxx"", ""jb xxxphonexxx , sudah seminggu paket tidak sampai , padahal masih dalam jakarta . malah dikirim ke surabaya untuk apa ? jnt sistemnya seperti apa ?"", ""cek dm coba xxxuserxxx dari tadi komplain tidak ada respons , pulsa sudah terpotong kena tarik per kb .""]",False,10,2413,23,True,92,0.32940426,informal,0,0.7345280051231384,0.6834816932678223,0.9172742366790771,113.88736593445141,False,0.0
google/gemma-3-4b-it,informal,formal,centroid,,itu kelamaan gak diantar . gak diupdate jg udah datang . disimpan dlm gudang jne hingga dimakan tikus xxxnumberxxx bungkus . gmn tuh ?,"admin, udah seminggu paketnya gak dateng, gak diupdate juga udah datang. Gak juga diantar, malah disimpan di gudang JNE sampe dimakan tikus xxxx bungkus. Gimana ini?",False,473,4200236,42,"[""selamat malam . mohon saya diberi informasi . paket saya sejak tanggal xxxnumberxxx tertahan dengan status itu dan belum terkirim sampai sekarang . ada apa ?"", ""sudah xxxnumberxxx hari , status belum juga berubah admin . tadi sudah telepon qc katanya cuma disuruh menunggu ."", ""sore admin . ini ada keluhan nomor saya , pulsa terpotong terus . padahal tidak berlangganan paket apapun . tolong diperiksa min + xxxnumberxxx xxxnumberxxx - xxxnumberxxx - xxxnumberxxx ."", ""grab paket hemat saya billingnya itu tanggal xxxnumberxxx juli xxxnumberxxx . sekarang sudah agustus mengapa subscribe - nya masih aktif ?"", ""dear indosat , saya mau isi paket , tetapi mengapa tidak bisa ya ? sudah sejak jam xxxtimexxx tadi pulsa sudah masuk tetapi tidak bisa aktif ."", ""admin , kenapa saya tidak bisa sms ? saya mau konfirmasi pembelian paket selalu gagal smsnya dari tadi ."", ""sudah kak . sudah saya ganti ke xxxnumberxxx g , tapi tetap susah ."", ""pulsa saya berkurang xxxnumberxxx padahal tidak digunakan . saya mau beli paket jadi kurang , bagaimana ini ? xxxnumberxxx"", ""jb xxxphonexxx , sudah seminggu paket tidak sampai , padahal masih dalam jakarta . malah dikirim ke surabaya untuk apa ? jnt sistemnya seperti apa ?"", ""cek dm coba xxxuserxxx dari tadi komplain tidak ada respons , pulsa sudah terpotong kena tarik per kb .""]",False,10,2408,45,True,165,0.004711171,informal,0,0.8524647951126099,0.7104446887969971,0.903587281703949,67.06506075012418,False,0.0
google/gemma-3-4b-it,informal,formal,centroid,,mohon respon dm dari saya . terimakasih .,"admin, cek dm saya ya. makasih.",False,475,4200237,42,"[""selamat malam . mohon saya diberi informasi . paket saya sejak tanggal xxxnumberxxx tertahan dengan status itu dan belum terkirim sampai sekarang . ada apa ?"", ""sudah xxxnumberxxx hari , status belum juga berubah admin . tadi sudah telepon qc katanya cuma disuruh menunggu ."", ""sore admin . ini ada keluhan nomor saya , pulsa terpotong terus . padahal tidak berlangganan paket apapun . tolong diperiksa min + xxxnumberxxx xxxnumberxxx - xxxnumberxxx - xxxnumberxxx ."", ""grab paket hemat saya billingnya itu tanggal xxxnumberxxx juli xxxnumberxxx . sekarang sudah agustus mengapa subscribe - nya masih aktif ?"", ""dear indosat , saya mau isi paket , tetapi mengapa tidak bisa ya ? sudah sejak jam xxxtimexxx tadi pulsa sudah masuk tetapi tidak bisa aktif ."", ""admin , kenapa saya tidak bisa sms ? saya mau konfirmasi pembelian paket selalu gagal smsnya dari tadi ."", ""sudah kak . sudah saya ganti ke xxxnumberxxx g , tapi tetap susah ."", ""pulsa saya berkurang xxxnumberxxx padahal tidak digunakan . saya mau beli paket jadi kurang , bagaimana ini ? xxxnumberxxx"", ""jb xxxphonexxx , sudah seminggu paket tidak sampai , padahal masih dalam jakarta . malah dikirim ke surabaya untuk apa ? jnt sistemnya seperti apa ?"", ""cek dm coba xxxuserxxx dari tadi komplain tidak ada respons , pulsa sudah terpotong kena tarik per kb .""]",False,10,2315,11,True,31,0.029077234,informal,0,0.759010910987854,0.6370582580566406,0.8949670791625977,178.04679578723324,False,0.0
google/gemma-3-4b-it,informal,formal,centroid,,mangkannya kalo kartu nya telkomsel jangan beli pulsa xl jadi ga masuk kak,"“udah, kayaknya gak usah beli kartu Telkomsel, mending gak beli pulsa XL aja gak masuk, Kak.”",False,477,4200238,42,"[""selamat malam . mohon saya diberi informasi . paket saya sejak tanggal xxxnumberxxx tertahan dengan status itu dan belum terkirim sampai sekarang . ada apa ?"", ""sudah xxxnumberxxx hari , status belum juga berubah admin . tadi sudah telepon qc katanya cuma disuruh menunggu ."", ""sore admin . ini ada keluhan nomor saya , pulsa terpotong terus . padahal tidak berlangganan paket apapun . tolong diperiksa min + xxxnumberxxx xxxnumberxxx - xxxnumberxxx - xxxnumberxxx ."", ""grab paket hemat saya billingnya itu tanggal xxxnumberxxx juli xxxnumberxxx . sekarang sudah agustus mengapa subscribe - nya masih aktif ?"", ""dear indosat , saya mau isi paket , tetapi mengapa tidak bisa ya ? sudah sejak jam xxxtimexxx tadi pulsa sudah masuk tetapi tidak bisa aktif ."", ""admin , kenapa saya tidak bisa sms ? saya mau konfirmasi pembelian paket selalu gagal smsnya dari tadi ."", ""sudah kak . sudah saya ganti ke xxxnumberxxx g , tapi tetap susah ."", ""pulsa saya berkurang xxxnumberxxx padahal tidak digunakan . saya mau beli paket jadi kurang , bagaimana ini ? xxxnumberxxx"", ""jb xxxphonexxx , sudah seminggu paket tidak sampai , padahal masih dalam jakarta . malah dikirim ke surabaya untuk apa ? jnt sistemnya seperti apa ?"", ""cek dm coba xxxuserxxx dari tadi komplain tidak ada respons , pulsa sudah terpotong kena tarik per kb .""]",False,10,2348,25,True,93,0.008572466,informal,0,0.7817460894584656,0.7431493997573853,0.9061827063560486,150.12881359292183,False,0.0
google/gemma-3-4b-it,informal,formal,centroid,,mana nih dana reply email dan dm nya ?,mana nih balasannya email dan dm nya?,False,479,4200239,42,"[""selamat malam . mohon saya diberi informasi . paket saya sejak tanggal xxxnumberxxx tertahan dengan status itu dan belum terkirim sampai sekarang . ada apa ?"", ""sudah xxxnumberxxx hari , status belum juga berubah admin . tadi sudah telepon qc katanya cuma disuruh menunggu ."", ""sore admin . ini ada keluhan nomor saya , pulsa terpotong terus . padahal tidak berlangganan paket apapun . tolong diperiksa min + xxxnumberxxx xxxnumberxxx - xxxnumberxxx - xxxnumberxxx ."", ""grab paket hemat saya billingnya itu tanggal xxxnumberxxx juli xxxnumberxxx . sekarang sudah agustus mengapa subscribe - nya masih aktif ?"", ""dear indosat , saya mau isi paket , tetapi mengapa tidak bisa ya ? sudah sejak jam xxxtimexxx tadi pulsa sudah masuk tetapi tidak bisa aktif ."", ""admin , kenapa saya tidak bisa sms ? saya mau konfirmasi pembelian paket selalu gagal smsnya dari tadi ."", ""sudah kak . sudah saya ganti ke xxxnumberxxx g , tapi tetap susah ."", ""pulsa saya berkurang xxxnumberxxx padahal tidak digunakan . saya mau beli paket jadi kurang , bagaimana ini ? xxxnumberxxx"", ""jb xxxphonexxx , sudah seminggu paket tidak sampai , padahal masih dalam jakarta . malah dikirim ke surabaya untuk apa ? jnt sistemnya seperti apa ?"", ""cek dm coba xxxuserxxx dari tadi komplain tidak ada respons , pulsa sudah terpotong kena tarik per kb .""]",False,10,2312,11,True,37,0.0046710935,informal,0,0.6978482007980347,0.9512524604797363,0.9699573516845703,1969.9998129969836,True,0.0
google/gemma-3-4b-it,informal,formal,centroid,,sekelas jenius bisa kena begini juga ya,"“Kok bisa, saya juga kena kayak gini ya?”",False,481,4200240,42,"[""selamat malam . mohon saya diberi informasi . paket saya sejak tanggal xxxnumberxxx tertahan dengan status itu dan belum terkirim sampai sekarang . ada apa ?"", ""sudah xxxnumberxxx hari , status belum juga berubah admin . tadi sudah telepon qc katanya cuma disuruh menunggu ."", ""sore admin . ini ada keluhan nomor saya , pulsa terpotong terus . padahal tidak berlangganan paket apapun . tolong diperiksa min + xxxnumberxxx xxxnumberxxx - xxxnumberxxx - xxxnumberxxx ."", ""grab paket hemat saya billingnya itu tanggal xxxnumberxxx juli xxxnumberxxx . sekarang sudah agustus mengapa subscribe - nya masih aktif ?"", ""dear indosat , saya mau isi paket , tetapi mengapa tidak bisa ya ? sudah sejak jam xxxtimexxx tadi pulsa sudah masuk tetapi tidak bisa aktif ."", ""admin , kenapa saya tidak bisa sms ? saya mau konfirmasi pembelian paket selalu gagal smsnya dari tadi ."", ""sudah kak . sudah saya ganti ke xxxnumberxxx g , tapi tetap susah ."", ""pulsa saya berkurang xxxnumberxxx padahal tidak digunakan . saya mau beli paket jadi kurang , bagaimana ini ? xxxnumberxxx"", ""jb xxxphonexxx , sudah seminggu paket tidak sampai , padahal masih dalam jakarta . malah dikirim ke surabaya untuk apa ? jnt sistemnya seperti apa ?"", ""cek dm coba xxxuserxxx dari tadi komplain tidak ada respons , pulsa sudah terpotong kena tarik per kb .""]",False,10,2313,13,True,41,0.022378167,informal,0,0.5716922283172607,0.39213934540748596,0.8369425535202026,72.65909144312613,False,0.0
google/gemma-3-4b-it,informal,formal,centroid,,"min , kalo sy punya xxxnumberxxx akun ovo karena ada xxxnumberxxx no smartphone , bisa nggak cek saldo ovo cukup di xxxnumberxxx smartphone aja .","min , kalo aku punya xxxnumberxxx akun ovo karena ada xxxnumberxxx no smartphone , bisa nggak cek saldo ovo cukup di xxxnumberxxx smartphone aja .",False,483,4200241,42,"[""selamat malam . mohon saya diberi informasi . paket saya sejak tanggal xxxnumberxxx tertahan dengan status itu dan belum terkirim sampai sekarang . ada apa ?"", ""sudah xxxnumberxxx hari , status belum juga berubah admin . tadi sudah telepon qc katanya cuma disuruh menunggu ."", ""sore admin . ini ada keluhan nomor saya , pulsa terpotong terus . padahal tidak berlangganan paket apapun . tolong diperiksa min + xxxnumberxxx xxxnumberxxx - xxxnumberxxx - xxxnumberxxx ."", ""grab paket hemat saya billingnya itu tanggal xxxnumberxxx juli xxxnumberxxx . sekarang sudah agustus mengapa subscribe - nya masih aktif ?"", ""dear indosat , saya mau isi paket , tetapi mengapa tidak bisa ya ? sudah sejak jam xxxtimexxx tadi pulsa sudah masuk tetapi tidak bisa aktif ."", ""admin , kenapa saya tidak bisa sms ? saya mau konfirmasi pembelian paket selalu gagal smsnya dari tadi ."", ""sudah kak . sudah saya ganti ke xxxnumberxxx g , tapi tetap susah ."", ""pulsa saya berkurang xxxnumberxxx padahal tidak digunakan . saya mau beli paket jadi kurang , bagaimana ini ? xxxnumberxxx"", ""jb xxxphonexxx , sudah seminggu paket tidak sampai , padahal masih dalam jakarta . malah dikirim ke surabaya untuk apa ? jnt sistemnya seperti apa ?"", ""cek dm coba xxxuserxxx dari tadi komplain tidak ada respons , pulsa sudah terpotong kena tarik per kb .""]",False,10,2419,32,True,146,0.002150355,informal,0,0.9790765047073364,0.987621545791626,0.9984286427497864,264.7493454419008,False,0.0
google/gemma-3-4b-it,informal,formal,centroid,,min tolong dm sy di folow up,"dear admin , tolong follow up ya paket saya .",False,485,4200242,42,"[""selamat malam . mohon saya diberi informasi . paket saya sejak tanggal xxxnumberxxx tertahan dengan status itu dan belum terkirim sampai sekarang . ada apa ?"", ""sudah xxxnumberxxx hari , status belum juga berubah admin . tadi sudah telepon qc katanya cuma disuruh menunggu ."", ""sore admin . ini ada keluhan nomor saya , pulsa terpotong terus . padahal tidak berlangganan paket apapun . tolong diperiksa min + xxxnumberxxx xxxnumberxxx - xxxnumberxxx - xxxnumberxxx ."", ""grab paket hemat saya billingnya itu tanggal xxxnumberxxx juli xxxnumberxxx . sekarang sudah agustus mengapa subscribe - nya masih aktif ?"", ""dear indosat , saya mau isi paket , tetapi mengapa tidak bisa ya ? sudah sejak jam xxxtimexxx tadi pulsa sudah masuk tetapi tidak bisa aktif ."", ""admin , kenapa saya tidak bisa sms ? saya mau konfirmasi pembelian paket selalu gagal smsnya dari tadi ."", ""sudah kak . sudah saya ganti ke xxxnumberxxx g , tapi tetap susah ."", ""pulsa saya berkurang xxxnumberxxx padahal tidak digunakan . saya mau beli paket jadi kurang , bagaimana ini ? xxxnumberxxx"", ""jb xxxphonexxx , sudah seminggu paket tidak sampai , padahal masih dalam jakarta . malah dikirim ke surabaya untuk apa ? jnt sistemnya seperti apa ?"", ""cek dm coba xxxuserxxx dari tadi komplain tidak ada respons , pulsa sudah terpotong kena tarik per kb .""]",False,10,2302,12,True,45,0.909238,formal,1,0.48505139350891113,0.44382068514823914,0.8607532978057861,4144.7804657631405,True,0.0
google/gemma-3-4b-it,informal,formal,centroid,,saya juga gitu udah di dm di tweet juga tapi gak fi gubris taik,"“aku juga gitu, udah dm di tweet juga nggak direspons.”",False,487,4200243,42,"[""selamat malam . mohon saya diberi informasi . paket saya sejak tanggal xxxnumberxxx tertahan dengan status itu dan belum terkirim sampai sekarang . ada apa ?"", ""sudah xxxnumberxxx hari , status belum juga berubah admin . tadi sudah telepon qc katanya cuma disuruh menunggu ."", ""sore admin . ini ada keluhan nomor saya , pulsa terpotong terus . padahal tidak berlangganan paket apapun . tolong diperiksa min + xxxnumberxxx xxxnumberxxx - xxxnumberxxx - xxxnumberxxx ."", ""grab paket hemat saya billingnya itu tanggal xxxnumberxxx juli xxxnumberxxx . sekarang sudah agustus mengapa subscribe - nya masih aktif ?"", ""dear indosat , saya mau isi paket , tetapi mengapa tidak bisa ya ? sudah sejak jam xxxtimexxx tadi pulsa sudah masuk tetapi tidak bisa aktif ."", ""admin , kenapa saya tidak bisa sms ? saya mau konfirmasi pembelian paket selalu gagal smsnya dari tadi ."", ""sudah kak . sudah saya ganti ke xxxnumberxxx g , tapi tetap susah ."", ""pulsa saya berkurang xxxnumberxxx padahal tidak digunakan . saya mau beli paket jadi kurang , bagaimana ini ? xxxnumberxxx"", ""jb xxxphonexxx , sudah seminggu paket tidak sampai , padahal masih dalam jakarta . malah dikirim ke surabaya untuk apa ? jnt sistemnya seperti apa ?"", ""cek dm coba xxxuserxxx dari tadi komplain tidak ada respons , pulsa sudah terpotong kena tarik per kb .""]",False,10,2337,15,True,55,0.006806213,informal,0,0.6717437505722046,0.7580851912498474,0.8822163343429565,299.2322523424347,False,0.0
google/gemma-3-4b-it,informal,formal,centroid,,sy penumpang terpilih daerah semarang ? hehehe,"“permisi admin, saya penumpang dari semarang nih.”",False,489,4200244,42,"[""selamat malam . mohon saya diberi informasi . paket saya sejak tanggal xxxnumberxxx tertahan dengan status itu dan belum terkirim sampai sekarang . ada apa ?"", ""sudah xxxnumberxxx hari , status belum juga berubah admin . tadi sudah telepon qc katanya cuma disuruh menunggu ."", ""sore admin . ini ada keluhan nomor saya , pulsa terpotong terus . padahal tidak berlangganan paket apapun . tolong diperiksa min + xxxnumberxxx xxxnumberxxx - xxxnumberxxx - xxxnumberxxx ."", ""grab paket hemat saya billingnya itu tanggal xxxnumberxxx juli xxxnumberxxx . sekarang sudah agustus mengapa subscribe - nya masih aktif ?"", ""dear indosat , saya mau isi paket , tetapi mengapa tidak bisa ya ? sudah sejak jam xxxtimexxx tadi pulsa sudah masuk tetapi tidak bisa aktif ."", ""admin , kenapa saya tidak bisa sms ? saya mau konfirmasi pembelian paket selalu gagal smsnya dari tadi ."", ""sudah kak . sudah saya ganti ke xxxnumberxxx g , tapi tetap susah ."", ""pulsa saya berkurang xxxnumberxxx padahal tidak digunakan . saya mau beli paket jadi kurang , bagaimana ini ? xxxnumberxxx"", ""jb xxxphonexxx , sudah seminggu paket tidak sampai , padahal masih dalam jakarta . malah dikirim ke surabaya untuk apa ? jnt sistemnya seperti apa ?"", ""cek dm coba xxxuserxxx dari tadi komplain tidak ada respons , pulsa sudah terpotong kena tarik per kb .""]",False,10,2320,12,True,50,0.23529878,informal,0,0.6299463510513306,0.40281015634536743,0.8537789583206177,454.6371750536994,False,0.0
google/gemma-3-4b-it,informal,formal,centroid,,mana jawaban dari dm pict bukti yg sudah saya kirim ?,mana jawaban dari dm pict bukti yg sudah saya kirim?,False,491,4200245,42,"[""selamat malam . mohon saya diberi informasi . paket saya sejak tanggal xxxnumberxxx tertahan dengan status itu dan belum terkirim sampai sekarang . ada apa ?"", ""sudah xxxnumberxxx hari , status belum juga berubah admin . tadi sudah telepon qc katanya cuma disuruh menunggu ."", ""sore admin . ini ada keluhan nomor saya , pulsa terpotong terus . padahal tidak berlangganan paket apapun . tolong diperiksa min + xxxnumberxxx xxxnumberxxx - xxxnumberxxx - xxxnumberxxx ."", ""grab paket hemat saya billingnya itu tanggal xxxnumberxxx juli xxxnumberxxx . sekarang sudah agustus mengapa subscribe - nya masih aktif ?"", ""dear indosat , saya mau isi paket , tetapi mengapa tidak bisa ya ? sudah sejak jam xxxtimexxx tadi pulsa sudah masuk tetapi tidak bisa aktif ."", ""admin , kenapa saya tidak bisa sms ? saya mau konfirmasi pembelian paket selalu gagal smsnya dari tadi ."", ""sudah kak . sudah saya ganti ke xxxnumberxxx g , tapi tetap susah ."", ""pulsa saya berkurang xxxnumberxxx padahal tidak digunakan . saya mau beli paket jadi kurang , bagaimana ini ? xxxnumberxxx"", ""jb xxxphonexxx , sudah seminggu paket tidak sampai , padahal masih dalam jakarta . malah dikirim ke surabaya untuk apa ? jnt sistemnya seperti apa ?"", ""cek dm coba xxxuserxxx dari tadi komplain tidak ada respons , pulsa sudah terpotong kena tarik per kb .""]",False,10,2327,12,True,52,0.019534437,informal,0,1.0,1.0000001192092896,0.9987511038780212,2880.3078674022186,True,0.0
google/gemma-3-4b-it,informal,formal,centroid,,wooy gak ada tanggepan apa nih !,"""admin, kok nggak ada tanggepan ya?""",True,493,4200246,42,"[""selamat malam . mohon saya diberi informasi . paket saya sejak tanggal xxxnumberxxx tertahan dengan status itu dan belum terkirim sampai sekarang . ada apa ?"", ""sudah xxxnumberxxx hari , status belum juga berubah admin . tadi sudah telepon qc katanya cuma disuruh menunggu ."", ""sore admin . ini ada keluhan nomor saya , pulsa terpotong terus . padahal tidak berlangganan paket apapun . tolong diperiksa min + xxxnumberxxx xxxnumberxxx - xxxnumberxxx - xxxnumberxxx ."", ""grab paket hemat saya billingnya itu tanggal xxxnumberxxx juli xxxnumberxxx . sekarang sudah agustus mengapa subscribe - nya masih aktif ?"", ""dear indosat , saya mau isi paket , tetapi mengapa tidak bisa ya ? sudah sejak jam xxxtimexxx tadi pulsa sudah masuk tetapi tidak bisa aktif ."", ""admin , kenapa saya tidak bisa sms ? saya mau konfirmasi pembelian paket selalu gagal smsnya dari tadi ."", ""sudah kak . sudah saya ganti ke xxxnumberxxx g , tapi tetap susah ."", ""pulsa saya berkurang xxxnumberxxx padahal tidak digunakan . saya mau beli paket jadi kurang , bagaimana ini ? xxxnumberxxx"", ""jb xxxphonexxx , sudah seminggu paket tidak sampai , padahal masih dalam jakarta . malah dikirim ke surabaya untuk apa ? jnt sistemnya seperti apa ?"", ""cek dm coba xxxuserxxx dari tadi komplain tidak ada respons , pulsa sudah terpotong kena tarik per kb .""]",False,10,2306,12,True,36,0.012258567,informal,0,0.6159834861755371,0.4447137713432312,0.8620644807815552,183.82075485657893,False,0.0
google/gemma-3-4b-it,informal,formal,centroid,,saya lg pesen grabfood trus app nya lemot bgt dan saya gabisa hubungin driver nya . gimana nih ?,"admin, kenapa grabfoodnya lemot banget ya? susah juga hubungin drivernya.",True,495,4200247,42,"[""selamat malam . mohon saya diberi informasi . paket saya sejak tanggal xxxnumberxxx tertahan dengan status itu dan belum terkirim sampai sekarang . ada apa ?"", ""sudah xxxnumberxxx hari , status belum juga berubah admin . tadi sudah telepon qc katanya cuma disuruh menunggu ."", ""sore admin . ini ada keluhan nomor saya , pulsa terpotong terus . padahal tidak berlangganan paket apapun . tolong diperiksa min + xxxnumberxxx xxxnumberxxx - xxxnumberxxx - xxxnumberxxx ."", ""grab paket hemat saya billingnya itu tanggal xxxnumberxxx juli xxxnumberxxx . sekarang sudah agustus mengapa subscribe - nya masih aktif ?"", ""dear indosat , saya mau isi paket , tetapi mengapa tidak bisa ya ? sudah sejak jam xxxtimexxx tadi pulsa sudah masuk tetapi tidak bisa aktif ."", ""admin , kenapa saya tidak bisa sms ? saya mau konfirmasi pembelian paket selalu gagal smsnya dari tadi ."", ""sudah kak . sudah saya ganti ke xxxnumberxxx g , tapi tetap susah ."", ""pulsa saya berkurang xxxnumberxxx padahal tidak digunakan . saya mau beli paket jadi kurang , bagaimana ini ? xxxnumberxxx"", ""jb xxxphonexxx , sudah seminggu paket tidak sampai , padahal masih dalam jakarta . malah dikirim ke surabaya untuk apa ? jnt sistemnya seperti apa ?"", ""cek dm coba xxxuserxxx dari tadi komplain tidak ada respons , pulsa sudah terpotong kena tarik per kb .""]",False,10,2370,20,True,73,0.0084212,informal,0,0.8501086831092834,0.609575629234314,0.91837078332901,131.9779834430807,False,0.0
google/gemma-3-4b-it,informal,formal,centroid,,min ni pas mau bayar kok gak bisa ya ? tulisannya web temporary down . di back juga gak bisa . musti restart hape .,"“min, kok pas mau bayar gak bisa ya? tulisannya web sementara down. di back juga gak bisa. harus restart HP.”",False,497,4200248,42,"[""selamat malam . mohon saya diberi informasi . paket saya sejak tanggal xxxnumberxxx tertahan dengan status itu dan belum terkirim sampai sekarang . ada apa ?"", ""sudah xxxnumberxxx hari , status belum juga berubah admin . tadi sudah telepon qc katanya cuma disuruh menunggu ."", ""sore admin . ini ada keluhan nomor saya , pulsa terpotong terus . padahal tidak berlangganan paket apapun . tolong diperiksa min + xxxnumberxxx xxxnumberxxx - xxxnumberxxx - xxxnumberxxx ."", ""grab paket hemat saya billingnya itu tanggal xxxnumberxxx juli xxxnumberxxx . sekarang sudah agustus mengapa subscribe - nya masih aktif ?"", ""dear indosat , saya mau isi paket , tetapi mengapa tidak bisa ya ? sudah sejak jam xxxtimexxx tadi pulsa sudah masuk tetapi tidak bisa aktif ."", ""admin , kenapa saya tidak bisa sms ? saya mau konfirmasi pembelian paket selalu gagal smsnya dari tadi ."", ""sudah kak . sudah saya ganti ke xxxnumberxxx g , tapi tetap susah ."", ""pulsa saya berkurang xxxnumberxxx padahal tidak digunakan . saya mau beli paket jadi kurang , bagaimana ini ? xxxnumberxxx"", ""jb xxxphonexxx , sudah seminggu paket tidak sampai , padahal masih dalam jakarta . malah dikirim ke surabaya untuk apa ? jnt sistemnya seperti apa ?"", ""cek dm coba xxxuserxxx dari tadi komplain tidak ada respons , pulsa sudah terpotong kena tarik per kb .""]",False,10,2389,28,True,109,0.007755618,informal,0,0.9208472371101379,0.8046449422836304,0.9363330602645874,152.7155210131328,False,0.0
google/gemma-3-4b-it,informal,formal,centroid,,"terima kasih sudah followup , saya sudah sering chat tidak ada balasan","admin, sudah beberapa kali chat tapi nggak ada balasan ya?",False,499,4200249,42,"[""selamat malam . mohon saya diberi informasi . paket saya sejak tanggal xxxnumberxxx tertahan dengan status itu dan belum terkirim sampai sekarang . ada apa ?"", ""sudah xxxnumberxxx hari , status belum juga berubah admin . tadi sudah telepon qc katanya cuma disuruh menunggu ."", ""sore admin . ini ada keluhan nomor saya , pulsa terpotong terus . padahal tidak berlangganan paket apapun . tolong diperiksa min + xxxnumberxxx xxxnumberxxx - xxxnumberxxx - xxxnumberxxx ."", ""grab paket hemat saya billingnya itu tanggal xxxnumberxxx juli xxxnumberxxx . sekarang sudah agustus mengapa subscribe - nya masih aktif ?"", ""dear indosat , saya mau isi paket , tetapi mengapa tidak bisa ya ? sudah sejak jam xxxtimexxx tadi pulsa sudah masuk tetapi tidak bisa aktif ."", ""admin , kenapa saya tidak bisa sms ? saya mau konfirmasi pembelian paket selalu gagal smsnya dari tadi ."", ""sudah kak . sudah saya ganti ke xxxnumberxxx g , tapi tetap susah ."", ""pulsa saya berkurang xxxnumberxxx padahal tidak digunakan . saya mau beli paket jadi kurang , bagaimana ini ? xxxnumberxxx"", ""jb xxxphonexxx , sudah seminggu paket tidak sampai , padahal masih dalam jakarta . malah dikirim ke surabaya untuk apa ? jnt sistemnya seperti apa ?"", ""cek dm coba xxxuserxxx dari tadi komplain tidak ada respons , pulsa sudah terpotong kena tarik per kb .""]",False,10,2344,14,True,58,0.022295307,informal,0,0.7925677299499512,0.6922506093978882,0.8983439207077026,145.1058857147372,False,0.0
