

########## formality / style_accuracy (exit 0) ##########

Metrik: style_accuracy | konfigurasi: 38 | pasangan sebanding: 342
361 pasangan lintas target dilewati, karena membandingkan dua target gaya yang berbeda tidak bermakna

        metrik                  konfigurasi_a                  konfigurasi_b  n_pasangan  selisih_mean  ci95_bawah  ci95_atas  bermakna_95  p_wilcoxon  p_permutasi_tanda
style_accuracy                formal|bm25|k10                 formal|bm25|k5         250        -0.012     -0.0520     0.0280        False     0.56370             0.7003
style_accuracy                formal|bm25|k10            formal|centroid|k10         250         0.016     -0.0360     0.0680        False     0.53709             0.6331
style_accuracy                formal|bm25|k10             formal|centroid|k5         250        -0.132     -0.1960    -0.0680         True     0.00007             0.0002
style_accuracy                formal|bm25|k10               formal|dense|k10         250        -0.032     -0.0800     0.0160        False     0.18242             0.2425
style_accuracy                formal|bm25|k10                formal|dense|k5         250        -0.008     -0.0560     0.0400        False     0.75183             0.8748
style_accuracy                formal|bm25|k10   formal|hybrid_early|a0.1|k10         250        -0.032     -0.0840     0.0200        False     0.22780             0.2929
style_accuracy                formal|bm25|k10    formal|hybrid_early|a0.1|k5         250        -0.072     -0.1280    -0.0120         True     0.01616             0.0222
style_accuracy                formal|bm25|k10   formal|hybrid_early|a0.3|k10         250        -0.036     -0.0840     0.0120        False     0.13898             0.1881
style_accuracy                formal|bm25|k10    formal|hybrid_early|a0.3|k5         250        -0.056     -0.1080     0.0000        False     0.04771             0.0643
style_accuracy                formal|bm25|k10   formal|hybrid_early|a0.5|k10         250        -0.016     -0.0680     0.0360        False     0.53709             0.6412
style_accuracy                formal|bm25|k10    formal|hybrid_early|a0.5|k5         250         0.008     -0.0401     0.0600        False     0.75183             0.8775
style_accuracy                formal|bm25|k10   formal|hybrid_early|a0.7|k10         250        -0.024     -0.0720     0.0240        False     0.33039             0.4226
style_accuracy                formal|bm25|k10    formal|hybrid_early|a0.7|k5         250        -0.032     -0.0800     0.0160        False     0.18242             0.2419
style_accuracy                formal|bm25|k10   formal|hybrid_early|a0.9|k10         250        -0.024     -0.0720     0.0200        False     0.30348             0.3946
style_accuracy                formal|bm25|k10    formal|hybrid_early|a0.9|k5         250         0.000     -0.0440     0.0440        False     1.00000             1.0000
style_accuracy                formal|bm25|k10              formal|random|k10         250         0.072      0.0320     0.1160         True     0.00102             0.0020
style_accuracy                formal|bm25|k10               formal|random|k5         250         0.056      0.0120     0.1000         True     0.01059             0.0153
style_accuracy                formal|bm25|k10            formal|zero_shot|k5         250        -0.660     -0.7280    -0.5880         True     0.00000             0.0000
style_accuracy                 formal|bm25|k5            formal|centroid|k10         250         0.028     -0.0240     0.0800        False     0.28575             0.3553
style_accuracy                 formal|bm25|k5             formal|centroid|k5         250        -0.120     -0.1840    -0.0560         True     0.00034             0.0003
style_accuracy                 formal|bm25|k5               formal|dense|k10         250        -0.020     -0.0720     0.0320        False     0.44577             0.5390
style_accuracy                 formal|bm25|k5                formal|dense|k5         250         0.004     -0.0480     0.0560        False     0.88150             1.0000
style_accuracy                 formal|bm25|k5   formal|hybrid_early|a0.1|k10         250        -0.020     -0.0760     0.0360        False     0.48384             0.5747
style_accuracy                 formal|bm25|k5    formal|hybrid_early|a0.1|k5         250        -0.060     -0.1200     0.0000        False     0.05084             0.0659
style_accuracy                 formal|bm25|k5   formal|hybrid_early|a0.3|k10         250        -0.024     -0.0760     0.0280        False     0.35454             0.4434
style_accuracy                 formal|bm25|k5    formal|hybrid_early|a0.3|k5         250        -0.044     -0.0960     0.0120        False     0.11608             0.1511
style_accuracy                 formal|bm25|k5   formal|hybrid_early|a0.5|k10         250        -0.004     -0.0600     0.0520        False     0.88864             1.0000
style_accuracy                 formal|bm25|k5    formal|hybrid_early|a0.5|k5         250         0.020     -0.0320     0.0680        False     0.43488             0.5406
style_accuracy                 formal|bm25|k5   formal|hybrid_early|a0.7|k10         250        -0.012     -0.0640     0.0400        False     0.64731             0.7547
style_accuracy                 formal|bm25|k5    formal|hybrid_early|a0.7|k5         250        -0.020     -0.0720     0.0280        False     0.42334             0.5213
style_accuracy                 formal|bm25|k5   formal|hybrid_early|a0.9|k10         250        -0.012     -0.0640     0.0360        False     0.63941             0.7479
style_accuracy                 formal|bm25|k5    formal|hybrid_early|a0.9|k5         250         0.012     -0.0400     0.0600        False     0.63941             0.7501
style_accuracy                 formal|bm25|k5              formal|random|k10         250         0.084      0.0360     0.1320         True     0.00056             0.0002
style_accuracy                 formal|bm25|k5               formal|random|k5         250         0.068      0.0200     0.1160         True     0.00519             0.0060
style_accuracy                 formal|bm25|k5            formal|zero_shot|k5         250        -0.648     -0.7120    -0.5800         True     0.00000             0.0000
style_accuracy            formal|centroid|k10             formal|centroid|k5         250        -0.148     -0.2040    -0.0880         True     0.00000             0.0000
style_accuracy            formal|centroid|k10               formal|dense|k10         250        -0.048     -0.1040     0.0080        False     0.08969             0.1192
style_accuracy            formal|centroid|k10                formal|dense|k5         250        -0.024     -0.0720     0.0240        False     0.34278             0.4265
style_accuracy            formal|centroid|k10   formal|hybrid_early|a0.1|k10         250        -0.048     -0.1000     0.0000        False     0.05778             0.0813
style_accuracy            formal|centroid|k10    formal|hybrid_early|a0.1|k5         250        -0.088     -0.1440    -0.0320         True     0.00276             0.0036
style_accuracy            formal|centroid|k10   formal|hybrid_early|a0.3|k10         250        -0.052     -0.1080     0.0040        False     0.06329             0.0834
style_accuracy            formal|centroid|k10    formal|hybrid_early|a0.3|k5         250        -0.072     -0.1280    -0.0160         True     0.01431             0.0190
style_accuracy            formal|centroid|k10   formal|hybrid_early|a0.5|k10         250        -0.032     -0.0840     0.0200        False     0.22780             0.2898
style_accuracy            formal|centroid|k10    formal|hybrid_early|a0.5|k5         250        -0.008     -0.0600     0.0440        False     0.76302             0.8819
style_accuracy            formal|centroid|k10   formal|hybrid_early|a0.7|k10         250        -0.040     -0.0960     0.0160        False     0.16552             0.2093
style_accuracy            formal|centroid|k10    formal|hybrid_early|a0.7|k5         250        -0.048     -0.1040     0.0040        False     0.08326             0.1113
style_accuracy            formal|centroid|k10   formal|hybrid_early|a0.9|k10         250        -0.040     -0.0960     0.0120        False     0.14891             0.1913
style_accuracy            formal|centroid|k10    formal|hybrid_early|a0.9|k5         250        -0.016     -0.0640     0.0320        False     0.50499             0.6162
style_accuracy            formal|centroid|k10              formal|random|k10         250         0.056      0.0120     0.1000         True     0.01333             0.0197
style_accuracy            formal|centroid|k10               formal|random|k5         250         0.040     -0.0040     0.0840        False     0.07710             0.1099
style_accuracy            formal|centroid|k10            formal|zero_shot|k5         250        -0.676     -0.7360    -0.6160         True     0.00000             0.0000
style_accuracy             formal|centroid|k5               formal|dense|k10         250         0.100      0.0360     0.1640         True     0.00262             0.0040
style_accuracy             formal|centroid|k5                formal|dense|k5         250         0.124      0.0600     0.1880         True     0.00023             0.0001
style_accuracy             formal|centroid|k5   formal|hybrid_early|a0.1|k10         250         0.100      0.0400     0.1600         True     0.00137             0.0019
style_accuracy             formal|centroid|k5    formal|hybrid_early|a0.1|k5         250         0.060     -0.0040     0.1200        False     0.05878             0.0777
style_accuracy             formal|centroid|k5   formal|hybrid_early|a0.3|k10         250         0.096      0.0320     0.1560         True     0.00270             0.0041
style_accuracy             formal|centroid|k5    formal|hybrid_early|a0.3|k5         250         0.076      0.0120     0.1400         True     0.01844             0.0278
style_accuracy             formal|centroid|k5   formal|hybrid_early|a0.5|k10         250         0.116      0.0520     0.1760         True     0.00026             0.0002
style_accuracy             formal|centroid|k5    formal|hybrid_early|a0.5|k5         250         0.140      0.0800     0.2000         True     0.00001             0.0000
style_accuracy             formal|centroid|k5   formal|hybrid_early|a0.7|k10         250         0.108      0.0440     0.1720         True     0.00097             0.0011
style_accuracy             formal|centroid|k5    formal|hybrid_early|a0.7|k5         250         0.100      0.0400     0.1600         True     0.00114             0.0016
style_accuracy             formal|centroid|k5   formal|hybrid_early|a0.9|k10         250         0.108      0.0440     0.1720         True     0.00135             0.0014
style_accuracy             formal|centroid|k5    formal|hybrid_early|a0.9|k5         250         0.132      0.0680     0.1960         True     0.00006             0.0000
style_accuracy             formal|centroid|k5              formal|random|k10         250         0.204      0.1480     0.2600         True     0.00000             0.0000
style_accuracy             formal|centroid|k5               formal|random|k5         250         0.188      0.1320     0.2440         True     0.00000             0.0000
style_accuracy             formal|centroid|k5            formal|zero_shot|k5         250        -0.528     -0.6000    -0.4560         True     0.00000             0.0000
style_accuracy               formal|dense|k10                formal|dense|k5         250         0.024     -0.0200     0.0680        False     0.28884             0.3856
style_accuracy               formal|dense|k10   formal|hybrid_early|a0.1|k10         250         0.000     -0.0520     0.0520        False     1.00000             1.0000
style_accuracy               formal|dense|k10    formal|hybrid_early|a0.1|k5         250        -0.040     -0.1040     0.0240        False     0.21130             0.2591
style_accuracy               formal|dense|k10   formal|hybrid_early|a0.3|k10         250        -0.004     -0.0520     0.0440        False     0.87278             1.0000
style_accuracy               formal|dense|k10    formal|hybrid_early|a0.3|k5         250        -0.024     -0.0760     0.0280        False     0.35454             0.4490
style_accuracy               formal|dense|k10   formal|hybrid_early|a0.5|k10         250         0.016     -0.0320     0.0680        False     0.52709             0.6406
style_accuracy               formal|dense|k10    formal|hybrid_early|a0.5|k5         250         0.040     -0.0080     0.0880        False     0.10476             0.1480
style_accuracy               formal|dense|k10   formal|hybrid_early|a0.7|k10         250         0.008     -0.0400     0.0560        False     0.73888             0.8641
style_accuracy               formal|dense|k10    formal|hybrid_early|a0.7|k5         250         0.000     -0.0440     0.0440        False     1.00000             1.0000
style_accuracy               formal|dense|k10   formal|hybrid_early|a0.9|k10         250         0.008     -0.0280     0.0440        False     0.65472             0.8183
style_accuracy               formal|dense|k10    formal|hybrid_early|a0.9|k5         250         0.032     -0.0120     0.0800        False     0.17007             0.2341
style_accuracy               formal|dense|k10              formal|random|k10         250         0.104      0.0560     0.1560         True     0.00006             0.0000
style_accuracy               formal|dense|k10               formal|random|k5         250         0.088      0.0400     0.1400         True     0.00091             0.0016
style_accuracy               formal|dense|k10            formal|zero_shot|k5         250        -0.628     -0.6960    -0.5560         True     0.00000             0.0000
style_accuracy                formal|dense|k5   formal|hybrid_early|a0.1|k10         250        -0.024     -0.0760     0.0280        False     0.37634             0.4568
style_accuracy                formal|dense|k5    formal|hybrid_early|a0.1|k5         250        -0.064     -0.1280     0.0000        False     0.04550             0.0586
style_accuracy                formal|dense|k5   formal|hybrid_early|a0.3|k10         250        -0.028     -0.0840     0.0240        False     0.30723             0.3791
style_accuracy                formal|dense|k5    formal|hybrid_early|a0.3|k5         250        -0.048     -0.1040     0.0080        False     0.08969             0.1159
style_accuracy                formal|dense|k5   formal|hybrid_early|a0.5|k10         250        -0.008     -0.0480     0.0320        False     0.70546             0.8483
style_accuracy                formal|dense|k5    formal|hybrid_early|a0.5|k5         250         0.016     -0.0360     0.0680        False     0.54649             0.6560
style_accuracy                formal|dense|k5   formal|hybrid_early|a0.7|k10         250        -0.016     -0.0680     0.0360        False     0.53709             0.6471
style_accuracy                formal|dense|k5    formal|hybrid_early|a0.7|k5         250        -0.024     -0.0720     0.0240        False     0.31731             0.4099
style_accuracy                formal|dense|k5   formal|hybrid_early|a0.9|k10         250        -0.016     -0.0640     0.0320        False     0.50499             0.6168
style_accuracy                formal|dense|k5    formal|hybrid_early|a0.9|k5         250         0.008     -0.0240     0.0400        False     0.61708             0.8070
style_accuracy                formal|dense|k5              formal|random|k10         250         0.080      0.0400     0.1240         True     0.00041             0.0008
style_accuracy                formal|dense|k5               formal|random|k5         250         0.064      0.0160     0.1120         True     0.00944             0.0152
style_accuracy                formal|dense|k5            formal|zero_shot|k5         250        -0.652     -0.7160    -0.5880         True     0.00000             0.0000
style_accuracy   formal|hybrid_early|a0.1|k10    formal|hybrid_early|a0.1|k5         250        -0.040     -0.0960     0.0200        False     0.17357             0.2207
style_accuracy   formal|hybrid_early|a0.1|k10   formal|hybrid_early|a0.3|k10         250        -0.004     -0.0600     0.0480        False     0.88403             1.0000
style_accuracy   formal|hybrid_early|a0.1|k10    formal|hybrid_early|a0.3|k5         250        -0.024     -0.0760     0.0280        False     0.38648             0.4692
style_accuracy   formal|hybrid_early|a0.1|k10   formal|hybrid_early|a0.5|k10         250         0.016     -0.0360     0.0680        False     0.54649             0.6527
style_accuracy   formal|hybrid_early|a0.1|k10    formal|hybrid_early|a0.5|k5         250         0.040     -0.0120     0.0920        False     0.12282             0.1645
style_accuracy   formal|hybrid_early|a0.1|k10   formal|hybrid_early|a0.7|k10         250         0.008     -0.0480     0.0640        False     0.77283             0.8854
style_accuracy   formal|hybrid_early|a0.1|k10    formal|hybrid_early|a0.7|k5         250         0.000     -0.0520     0.0520        False     1.00000             1.0000
style_accuracy   formal|hybrid_early|a0.1|k10   formal|hybrid_early|a0.9|k10         250         0.008     -0.0440     0.0600        False     0.76302             0.8787
style_accuracy   formal|hybrid_early|a0.1|k10    formal|hybrid_early|a0.9|k5         250         0.032     -0.0160     0.0800        False     0.20590             0.2701
style_accuracy   formal|hybrid_early|a0.1|k10              formal|random|k10         250         0.104      0.0560     0.1520         True     0.00002             0.0000
style_accuracy   formal|hybrid_early|a0.1|k10               formal|random|k5         250         0.088      0.0440     0.1360         True     0.00036             0.0003
style_accuracy   formal|hybrid_early|a0.1|k10            formal|zero_shot|k5         250        -0.628     -0.6960    -0.5600         True     0.00000             0.0000
style_accuracy    formal|hybrid_early|a0.1|k5   formal|hybrid_early|a0.3|k10         250         0.036     -0.0240     0.0960        False     0.23323             0.2875
style_accuracy    formal|hybrid_early|a0.1|k5    formal|hybrid_early|a0.3|k5         250         0.016     -0.0440     0.0760        False     0.59943             0.6910
style_accuracy    formal|hybrid_early|a0.1|k5   formal|hybrid_early|a0.5|k10         250         0.056     -0.0040     0.1160        False     0.07070             0.0864
style_accuracy    formal|hybrid_early|a0.1|k5    formal|hybrid_early|a0.5|k5         250         0.080      0.0200     0.1400         True     0.00864             0.0119
style_accuracy    formal|hybrid_early|a0.1|k5   formal|hybrid_early|a0.7|k10         250         0.048     -0.0120     0.1041        False     0.10881             0.1359
style_accuracy    formal|hybrid_early|a0.1|k5    formal|hybrid_early|a0.7|k5         250         0.040     -0.0160     0.0960        False     0.16552             0.2053
style_accuracy    formal|hybrid_early|a0.1|k5   formal|hybrid_early|a0.9|k10         250         0.048     -0.0160     0.1120        False     0.12751             0.1548
style_accuracy    formal|hybrid_early|a0.1|k5    formal|hybrid_early|a0.9|k5         250         0.072      0.0120     0.1320         True     0.02014             0.0256
style_accuracy    formal|hybrid_early|a0.1|k5              formal|random|k10         250         0.144      0.0920     0.1960         True     0.00000             0.0000
style_accuracy    formal|hybrid_early|a0.1|k5               formal|random|k5         250         0.128      0.0800     0.1800         True     0.00000             0.0000
style_accuracy    formal|hybrid_early|a0.1|k5            formal|zero_shot|k5         250        -0.588     -0.6560    -0.5160         True     0.00000             0.0000
style_accuracy   formal|hybrid_early|a0.3|k10    formal|hybrid_early|a0.3|k5         250        -0.020     -0.0720     0.0280        False     0.43488             0.5317
style_accuracy   formal|hybrid_early|a0.3|k10   formal|hybrid_early|a0.5|k10         250         0.020     -0.0240     0.0640        False     0.38409             0.4816
style_accuracy   formal|hybrid_early|a0.3|k10    formal|hybrid_early|a0.5|k5         250         0.044      0.0000     0.0880        False     0.05551             0.0783
style_accuracy   formal|hybrid_early|a0.3|k10   formal|hybrid_early|a0.7|k10         250         0.012     -0.0400     0.0601        False     0.63941             0.7499
style_accuracy   formal|hybrid_early|a0.3|k10    formal|hybrid_early|a0.7|k5         250         0.004     -0.0440     0.0520        False     0.86942             1.0000
style_accuracy   formal|hybrid_early|a0.3|k10   formal|hybrid_early|a0.9|k10         250         0.012     -0.0320     0.0600        False     0.61209             0.7342
style_accuracy   formal|hybrid_early|a0.3|k10    formal|hybrid_early|a0.9|k5         250         0.036     -0.0160     0.0880        False     0.16991             0.2185
style_accuracy   formal|hybrid_early|a0.3|k10              formal|random|k10         250         0.108      0.0600     0.1600         True     0.00004             0.0002
style_accuracy   formal|hybrid_early|a0.3|k10               formal|random|k5         250         0.092      0.0440     0.1400         True     0.00023             0.0007
style_accuracy   formal|hybrid_early|a0.3|k10            formal|zero_shot|k5         250        -0.624     -0.6920    -0.5520         True     0.00000             0.0000
style_accuracy    formal|hybrid_early|a0.3|k5   formal|hybrid_early|a0.5|k10         250         0.040     -0.0160     0.0960        False     0.14891             0.1982
style_accuracy    formal|hybrid_early|a0.3|k5    formal|hybrid_early|a0.5|k5         250         0.064      0.0120     0.1160         True     0.01586             0.0251
style_accuracy    formal|hybrid_early|a0.3|k5   formal|hybrid_early|a0.7|k10         250         0.032     -0.0280     0.0880        False     0.27630             0.3351
style_accuracy    formal|hybrid_early|a0.3|k5    formal|hybrid_early|a0.7|k5         250         0.024     -0.0280     0.0760        False     0.36571             0.4554
style_accuracy    formal|hybrid_early|a0.3|k5   formal|hybrid_early|a0.9|k10         250         0.032     -0.0240     0.0840        False     0.23818             0.3027
style_accuracy    formal|hybrid_early|a0.3|k5    formal|hybrid_early|a0.9|k5         250         0.056      0.0000     0.1080        False     0.04331             0.0598
style_accuracy    formal|hybrid_early|a0.3|k5              formal|random|k10         250         0.128      0.0760     0.1840         True     0.00001             0.0000
style_accuracy    formal|hybrid_early|a0.3|k5               formal|random|k5         250         0.112      0.0600     0.1640         True     0.00005             0.0002
style_accuracy    formal|hybrid_early|a0.3|k5            formal|zero_shot|k5         250        -0.604     -0.6720    -0.5360         True     0.00000             0.0000
style_accuracy   formal|hybrid_early|a0.5|k10    formal|hybrid_early|a0.5|k5         250         0.024     -0.0240     0.0720        False     0.31731             0.4098
style_accuracy   formal|hybrid_early|a0.5|k10   formal|hybrid_early|a0.7|k10         250        -0.008     -0.0560     0.0400        False     0.73888             0.8699
style_accuracy   formal|hybrid_early|a0.5|k10    formal|hybrid_early|a0.7|k5         250        -0.016     -0.0640     0.0320        False     0.51641             0.6359
style_accuracy   formal|hybrid_early|a0.5|k10   formal|hybrid_early|a0.9|k10         250        -0.008     -0.0561     0.0440        False     0.75183             0.8714
style_accuracy   formal|hybrid_early|a0.5|k10    formal|hybrid_early|a0.9|k5         250         0.016     -0.0280     0.0600        False     0.46521             0.5944
style_accuracy   formal|hybrid_early|a0.5|k10              formal|random|k10         250         0.088      0.0480     0.1320         True     0.00006             0.0001
style_accuracy   formal|hybrid_early|a0.5|k10               formal|random|k5         250         0.072      0.0240     0.1200         True     0.00350             0.0051
style_accuracy   formal|hybrid_early|a0.5|k10            formal|zero_shot|k5         250        -0.644     -0.7120    -0.5760         True     0.00000             0.0000
style_accuracy    formal|hybrid_early|a0.5|k5   formal|hybrid_early|a0.7|k10         250        -0.032     -0.0840     0.0160        False     0.20590             0.2676
style_accuracy    formal|hybrid_early|a0.5|k5    formal|hybrid_early|a0.7|k5         250        -0.040     -0.0840     0.0040        False     0.07710             0.1164
style_accuracy    formal|hybrid_early|a0.5|k5   formal|hybrid_early|a0.9|k10         250        -0.032     -0.0800     0.0160        False     0.18242             0.2497
style_accuracy    formal|hybrid_early|a0.5|k5    formal|hybrid_early|a0.9|k5         250        -0.008     -0.0600     0.0440        False     0.75183             0.8777
style_accuracy    formal|hybrid_early|a0.5|k5              formal|random|k10         250         0.064      0.0200     0.1080         True     0.00468             0.0074
style_accuracy    formal|hybrid_early|a0.5|k5               formal|random|k5         250         0.048      0.0080     0.0880         True     0.01860             0.0320
style_accuracy    formal|hybrid_early|a0.5|k5            formal|zero_shot|k5         250        -0.668     -0.7360    -0.6000         True     0.00000             0.0000
style_accuracy   formal|hybrid_early|a0.7|k10    formal|hybrid_early|a0.7|k5         250        -0.008     -0.0560     0.0400        False     0.73160             0.8653
style_accuracy   formal|hybrid_early|a0.7|k10   formal|hybrid_early|a0.9|k10         250         0.000     -0.0400     0.0400        False     1.00000             1.0000
style_accuracy   formal|hybrid_early|a0.7|k10    formal|hybrid_early|a0.9|k5         250         0.024     -0.0200     0.0720        False     0.30348             0.3905
style_accuracy   formal|hybrid_early|a0.7|k10              formal|random|k10         250         0.096      0.0520     0.1440         True     0.00004             0.0000
style_accuracy   formal|hybrid_early|a0.7|k10               formal|random|k5         250         0.080      0.0320     0.1320         True     0.00203             0.0029
style_accuracy   formal|hybrid_early|a0.7|k10            formal|zero_shot|k5         250        -0.636     -0.7040    -0.5640         True     0.00000             0.0000
style_accuracy    formal|hybrid_early|a0.7|k5   formal|hybrid_early|a0.9|k10         250         0.008     -0.0400     0.0560        False     0.73888             0.8696
style_accuracy    formal|hybrid_early|a0.7|k5    formal|hybrid_early|a0.9|k5         250         0.032     -0.0080     0.0720        False     0.13057             0.1898
style_accuracy    formal|hybrid_early|a0.7|k5              formal|random|k10         250         0.104      0.0560     0.1520         True     0.00004             0.0000
style_accuracy    formal|hybrid_early|a0.7|k5               formal|random|k5         250         0.088      0.0400     0.1400         True     0.00069             0.0008
style_accuracy    formal|hybrid_early|a0.7|k5            formal|zero_shot|k5         250        -0.628     -0.6960    -0.5560         True     0.00000             0.0000
style_accuracy   formal|hybrid_early|a0.9|k10    formal|hybrid_early|a0.9|k5         250         0.024     -0.0200     0.0680        False     0.27332             0.3647
style_accuracy   formal|hybrid_early|a0.9|k10              formal|random|k10         250         0.096      0.0520     0.1440         True     0.00006             0.0002
style_accuracy   formal|hybrid_early|a0.9|k10               formal|random|k5         250         0.080      0.0320     0.1320         True     0.00203             0.0018
style_accuracy   formal|hybrid_early|a0.9|k10            formal|zero_shot|k5         250        -0.636     -0.7000    -0.5680         True     0.00000             0.0000
style_accuracy    formal|hybrid_early|a0.9|k5              formal|random|k10         250         0.072      0.0280     0.1160         True     0.00146             0.0021
style_accuracy    formal|hybrid_early|a0.9|k5               formal|random|k5         250         0.056      0.0120     0.1040         True     0.01963             0.0311
style_accuracy    formal|hybrid_early|a0.9|k5            formal|zero_shot|k5         250        -0.660     -0.7200    -0.5960         True     0.00000             0.0000
style_accuracy              formal|random|k10               formal|random|k5         250        -0.016     -0.0520     0.0160        False     0.34578             0.4782
style_accuracy              formal|random|k10            formal|zero_shot|k5         250        -0.732     -0.7920    -0.6720         True     0.00000             0.0000
style_accuracy               formal|random|k5            formal|zero_shot|k5         250        -0.716     -0.7720    -0.6560         True     0.00000             0.0000
style_accuracy              informal|bm25|k10               informal|bm25|k5         250         0.032     -0.0040     0.0680        False     0.08808             0.1277
style_accuracy              informal|bm25|k10          informal|centroid|k10         250        -0.020     -0.0600     0.0200        False     0.31731             0.4281
style_accuracy              informal|bm25|k10           informal|centroid|k5         250        -0.016     -0.0560     0.0240        False     0.41422             0.5459
style_accuracy              informal|bm25|k10             informal|dense|k10         250        -0.032     -0.0680     0.0040        False     0.07364             0.1104
style_accuracy              informal|bm25|k10              informal|dense|k5         250        -0.016     -0.0520     0.0200        False     0.39377             0.5121
style_accuracy              informal|bm25|k10 informal|hybrid_early|a0.1|k10         250        -0.036     -0.0720    -0.0040         True     0.03895             0.0657
style_accuracy              informal|bm25|k10  informal|hybrid_early|a0.1|k5         250        -0.024     -0.0600     0.0120        False     0.20083             0.2820
style_accuracy              informal|bm25|k10 informal|hybrid_early|a0.3|k10         250        -0.052     -0.0840    -0.0200         True     0.00162             0.0029
style_accuracy              informal|bm25|k10  informal|hybrid_early|a0.3|k5         250        -0.048     -0.0840    -0.0160         True     0.00729             0.0114
style_accuracy              informal|bm25|k10 informal|hybrid_early|a0.5|k10         250        -0.040     -0.0721    -0.0080         True     0.01842             0.0318
style_accuracy              informal|bm25|k10  informal|hybrid_early|a0.5|k5         250        -0.032     -0.0680     0.0040        False     0.07364             0.1200
style_accuracy              informal|bm25|k10 informal|hybrid_early|a0.7|k10         250        -0.024     -0.0560     0.0080        False     0.15730             0.2377
style_accuracy              informal|bm25|k10  informal|hybrid_early|a0.7|k5         250         0.000     -0.0400     0.0400        False     1.00000             1.0000
style_accuracy              informal|bm25|k10 informal|hybrid_early|a0.9|k10         250        -0.040     -0.0760    -0.0040         True     0.02535             0.0392
style_accuracy              informal|bm25|k10  informal|hybrid_early|a0.9|k5         250        -0.024     -0.0600     0.0120        False     0.20083             0.2831
style_accuracy              informal|bm25|k10            informal|random|k10         250        -0.032     -0.0680     0.0040        False     0.07364             0.1179
style_accuracy              informal|bm25|k10             informal|random|k5         250        -0.052     -0.0840    -0.0240         True     0.00079             0.0009
style_accuracy              informal|bm25|k10          informal|zero_shot|k5         250         0.800      0.7480     0.8520         True     0.00000             0.0000
style_accuracy               informal|bm25|k5          informal|centroid|k10         250        -0.052     -0.0960    -0.0080         True     0.02364             0.0336
style_accuracy               informal|bm25|k5           informal|centroid|k5         250        -0.048     -0.0920    -0.0040         True     0.03389             0.0521
style_accuracy               informal|bm25|k5             informal|dense|k10         250        -0.064     -0.1040    -0.0240         True     0.00170             0.0027
style_accuracy               informal|bm25|k5              informal|dense|k5         250        -0.048     -0.0880    -0.0120         True     0.01860             0.0286
style_accuracy               informal|bm25|k5 informal|hybrid_early|a0.1|k10         250        -0.068     -0.1080    -0.0280         True     0.00107             0.0013
style_accuracy               informal|bm25|k5  informal|hybrid_early|a0.1|k5         250        -0.056     -0.0960    -0.0200         True     0.00427             0.0047
style_accuracy               informal|bm25|k5 informal|hybrid_early|a0.3|k10         250        -0.084     -0.1200    -0.0480         True     0.00001             0.0000
style_accuracy               informal|bm25|k5  informal|hybrid_early|a0.3|k5         250        -0.080     -0.1200    -0.0440         True     0.00009             0.0000
style_accuracy               informal|bm25|k5 informal|hybrid_early|a0.5|k10         250        -0.072     -0.1120    -0.0320         True     0.00042             0.0006
style_accuracy               informal|bm25|k5  informal|hybrid_early|a0.5|k5         250        -0.064     -0.1040    -0.0240         True     0.00250             0.0033
style_accuracy               informal|bm25|k5 informal|hybrid_early|a0.7|k10         250        -0.056     -0.0960    -0.0200         True     0.00427             0.0068
style_accuracy               informal|bm25|k5  informal|hybrid_early|a0.7|k5         250        -0.032     -0.0720     0.0080        False     0.13057             0.1856
style_accuracy               informal|bm25|k5 informal|hybrid_early|a0.9|k10         250        -0.072     -0.1120    -0.0320         True     0.00042             0.0005
style_accuracy               informal|bm25|k5  informal|hybrid_early|a0.9|k5         250        -0.056     -0.0960    -0.0200         True     0.00427             0.0065
style_accuracy               informal|bm25|k5            informal|random|k10         250        -0.064     -0.1040    -0.0240         True     0.00170             0.0030
style_accuracy               informal|bm25|k5             informal|random|k5         250        -0.084     -0.1240    -0.0480         True     0.00001             0.0000
style_accuracy               informal|bm25|k5          informal|zero_shot|k5         250         0.768      0.7120     0.8201         True     0.00000             0.0000
style_accuracy          informal|centroid|k10           informal|centroid|k5         250         0.004     -0.0280     0.0400        False     0.81855             1.0000
style_accuracy          informal|centroid|k10             informal|dense|k10         250        -0.012     -0.0440     0.0160        False     0.43858             0.6051
style_accuracy          informal|centroid|k10              informal|dense|k5         250         0.004     -0.0280     0.0360        False     0.80837             1.0000
style_accuracy          informal|centroid|k10 informal|hybrid_early|a0.1|k10         250        -0.016     -0.0400     0.0080        False     0.20590             0.3426
style_accuracy          informal|centroid|k10  informal|hybrid_early|a0.1|k5         250        -0.004     -0.0400     0.0320        False     0.81855             1.0000
style_accuracy          informal|centroid|k10 informal|hybrid_early|a0.3|k10         250        -0.032     -0.0600    -0.0080         True     0.02092             0.0388
style_accuracy          informal|centroid|k10  informal|hybrid_early|a0.3|k5         250        -0.028     -0.0560     0.0000        False     0.05220             0.0949
style_accuracy          informal|centroid|k10 informal|hybrid_early|a0.5|k10         250        -0.020     -0.0480     0.0080        False     0.16552             0.2663
style_accuracy          informal|centroid|k10  informal|hybrid_early|a0.5|k5         250        -0.012     -0.0440     0.0161        False     0.43858             0.6044
style_accuracy          informal|centroid|k10 informal|hybrid_early|a0.7|k10         250        -0.004     -0.0400     0.0320        False     0.81855             1.0000
style_accuracy          informal|centroid|k10  informal|hybrid_early|a0.7|k5         250         0.020     -0.0160     0.0560        False     0.27523             0.3776
style_accuracy          informal|centroid|k10 informal|hybrid_early|a0.9|k10         250        -0.020     -0.0520     0.0120        False     0.19671             0.3043
style_accuracy          informal|centroid|k10  informal|hybrid_early|a0.9|k5         250        -0.004     -0.0400     0.0320        False     0.81855             1.0000
style_accuracy          informal|centroid|k10            informal|random|k10         250        -0.012     -0.0440     0.0200        False     0.46685             0.6294
style_accuracy          informal|centroid|k10             informal|random|k5         250        -0.032     -0.0600    -0.0080         True     0.02092             0.0391
style_accuracy          informal|centroid|k10          informal|zero_shot|k5         250         0.820      0.7680     0.8680         True     0.00000             0.0000
style_accuracy           informal|centroid|k5             informal|dense|k10         250        -0.016     -0.0480     0.0120        False     0.28505             0.4217
style_accuracy           informal|centroid|k5              informal|dense|k5         250         0.000     -0.0320     0.0360        False     1.00000             1.0000
style_accuracy           informal|centroid|k5 informal|hybrid_early|a0.1|k10         250        -0.020     -0.0480     0.0080        False     0.16552             0.2670
style_accuracy           informal|centroid|k5  informal|hybrid_early|a0.1|k5         250        -0.008     -0.0400     0.0240        False     0.63735             0.8115
style_accuracy           informal|centroid|k5 informal|hybrid_early|a0.3|k10         250        -0.036     -0.0641    -0.0080         True     0.01255             0.0204
style_accuracy           informal|centroid|k5  informal|hybrid_early|a0.3|k5         250        -0.032     -0.0640     0.0000        False     0.04550             0.0766
style_accuracy           informal|centroid|k5 informal|hybrid_early|a0.5|k10         250        -0.024     -0.0560     0.0040        False     0.10881             0.1798
style_accuracy           informal|centroid|k5  informal|hybrid_early|a0.5|k5         250        -0.016     -0.0440     0.0120        False     0.24821             0.3849
style_accuracy           informal|centroid|k5 informal|hybrid_early|a0.7|k10         250        -0.008     -0.0400     0.0240        False     0.61708             0.8040
style_accuracy           informal|centroid|k5  informal|hybrid_early|a0.7|k5         250         0.016     -0.0200     0.0520        False     0.39377             0.5235
style_accuracy           informal|centroid|k5 informal|hybrid_early|a0.9|k10         250        -0.024     -0.0600     0.0080        False     0.15730             0.2331
style_accuracy           informal|centroid|k5  informal|hybrid_early|a0.9|k5         250        -0.008     -0.0440     0.0240        False     0.63735             0.8107
style_accuracy           informal|centroid|k5            informal|random|k10         250        -0.016     -0.0480     0.0120        False     0.28505             0.4311
style_accuracy           informal|centroid|k5             informal|random|k5         250        -0.036     -0.0600    -0.0160         True     0.00270             0.0029
style_accuracy           informal|centroid|k5          informal|zero_shot|k5         250         0.816      0.7640     0.8640         True     0.00000             0.0000
style_accuracy             informal|dense|k10              informal|dense|k5         250         0.016     -0.0080     0.0400        False     0.20590             0.3369
style_accuracy             informal|dense|k10 informal|hybrid_early|a0.1|k10         250        -0.004     -0.0280     0.0200        False     0.73888             1.0000
style_accuracy             informal|dense|k10  informal|hybrid_early|a0.1|k5         250         0.008     -0.0200     0.0360        False     0.56370             0.7734
style_accuracy             informal|dense|k10 informal|hybrid_early|a0.3|k10         250        -0.020     -0.0440     0.0040        False     0.09558             0.1813
style_accuracy             informal|dense|k10  informal|hybrid_early|a0.3|k5         250        -0.016     -0.0400     0.0080        False     0.20590             0.3380
style_accuracy             informal|dense|k10 informal|hybrid_early|a0.5|k10         250        -0.008     -0.0320     0.0160        False     0.52709             0.7595
style_accuracy             informal|dense|k10  informal|hybrid_early|a0.5|k5         250         0.000     -0.0280     0.0280        False     1.00000             1.0000
style_accuracy             informal|dense|k10 informal|hybrid_early|a0.7|k10         250         0.008     -0.0120     0.0320        False     0.47950             0.7168
style_accuracy             informal|dense|k10  informal|hybrid_early|a0.7|k5         250         0.032      0.0040     0.0640         True     0.04550             0.0781
style_accuracy             informal|dense|k10 informal|hybrid_early|a0.9|k10         250        -0.008     -0.0320     0.0120        False     0.47950             0.7328
style_accuracy             informal|dense|k10  informal|hybrid_early|a0.9|k5         250         0.008     -0.0160     0.0320        False     0.52709             0.7517
style_accuracy             informal|dense|k10            informal|random|k10         250         0.000     -0.0240     0.0200        False     1.00000             1.0000
style_accuracy             informal|dense|k10             informal|random|k5         250        -0.020     -0.0440     0.0040        False     0.09558             0.1737
style_accuracy             informal|dense|k10          informal|zero_shot|k5         250         0.832      0.7840     0.8800         True     0.00000             0.0000
style_accuracy              informal|dense|k5 informal|hybrid_early|a0.1|k10         250        -0.020     -0.0480     0.0080        False     0.16552             0.2668
style_accuracy              informal|dense|k5  informal|hybrid_early|a0.1|k5         250        -0.008     -0.0360     0.0200        False     0.56370             0.7752
style_accuracy              informal|dense|k5 informal|hybrid_early|a0.3|k10         250        -0.036     -0.0640    -0.0120         True     0.01255             0.0215
style_accuracy              informal|dense|k5  informal|hybrid_early|a0.3|k5         250        -0.032     -0.0600    -0.0080         True     0.01141             0.0208
style_accuracy              informal|dense|k5 informal|hybrid_early|a0.5|k10         250        -0.024     -0.0520     0.0000        False     0.08326             0.1403
style_accuracy              informal|dense|k5  informal|hybrid_early|a0.5|k5         250        -0.016     -0.0440     0.0120        False     0.28505             0.4212
style_accuracy              informal|dense|k5 informal|hybrid_early|a0.7|k10         250        -0.008     -0.0320     0.0160        False     0.52709             0.7552
style_accuracy              informal|dense|k5  informal|hybrid_early|a0.7|k5         250         0.016     -0.0120     0.0440        False     0.28505             0.4245
style_accuracy              informal|dense|k5 informal|hybrid_early|a0.9|k10         250        -0.024     -0.0520     0.0040        False     0.08326             0.1406
style_accuracy              informal|dense|k5  informal|hybrid_early|a0.9|k5         250        -0.008     -0.0280     0.0120        False     0.41422             0.6797
style_accuracy              informal|dense|k5            informal|random|k10         250        -0.016     -0.0480     0.0120        False     0.28505             0.4213
style_accuracy              informal|dense|k5             informal|random|k5         250        -0.036     -0.0640    -0.0120         True     0.00666             0.0117
style_accuracy              informal|dense|k5          informal|zero_shot|k5         250         0.816      0.7640     0.8640         True     0.00000             0.0000
style_accuracy informal|hybrid_early|a0.1|k10  informal|hybrid_early|a0.1|k5         250         0.012     -0.0160     0.0400        False     0.40538             0.5806
style_accuracy informal|hybrid_early|a0.1|k10 informal|hybrid_early|a0.3|k10         250        -0.016     -0.0400     0.0040        False     0.15730             0.2990
style_accuracy informal|hybrid_early|a0.1|k10  informal|hybrid_early|a0.3|k5         250        -0.012     -0.0360     0.0120        False     0.31731             0.5059
style_accuracy informal|hybrid_early|a0.1|k10 informal|hybrid_early|a0.5|k10         250        -0.004     -0.0240     0.0160        False     0.70546             1.0000
style_accuracy informal|hybrid_early|a0.1|k10  informal|hybrid_early|a0.5|k5         250         0.004     -0.0200     0.0280        False     0.73888             1.0000
style_accuracy informal|hybrid_early|a0.1|k10 informal|hybrid_early|a0.7|k10         250         0.012     -0.0120     0.0400        False     0.36571             0.5459
style_accuracy informal|hybrid_early|a0.1|k10  informal|hybrid_early|a0.7|k5         250         0.036      0.0040     0.0720         True     0.03895             0.0641
style_accuracy informal|hybrid_early|a0.1|k10 informal|hybrid_early|a0.9|k10         250        -0.004     -0.0320     0.0240        False     0.76302             1.0000
style_accuracy informal|hybrid_early|a0.1|k10  informal|hybrid_early|a0.9|k5         250         0.012     -0.0160     0.0400        False     0.40538             0.5807
style_accuracy informal|hybrid_early|a0.1|k10            informal|random|k10         250         0.004     -0.0200     0.0320        False     0.76302             1.0000
style_accuracy informal|hybrid_early|a0.1|k10             informal|random|k5         250        -0.016     -0.0360     0.0000        False     0.10247             0.2216
style_accuracy informal|hybrid_early|a0.1|k10          informal|zero_shot|k5         250         0.836      0.7880     0.8800         True     0.00000             0.0000
style_accuracy  informal|hybrid_early|a0.1|k5 informal|hybrid_early|a0.3|k10         250        -0.028     -0.0560    -0.0040         True     0.03481             0.0618
style_accuracy  informal|hybrid_early|a0.1|k5  informal|hybrid_early|a0.3|k5         250        -0.024     -0.0520     0.0040        False     0.08326             0.1463
style_accuracy  informal|hybrid_early|a0.1|k5 informal|hybrid_early|a0.5|k10         250        -0.016     -0.0440     0.0120        False     0.24821             0.3838
style_accuracy  informal|hybrid_early|a0.1|k5  informal|hybrid_early|a0.5|k5         250        -0.008     -0.0360     0.0200        False     0.56370             0.7852
style_accuracy  informal|hybrid_early|a0.1|k5 informal|hybrid_early|a0.7|k10         250         0.000     -0.0280     0.0280        False     1.00000             1.0000
style_accuracy  informal|hybrid_early|a0.1|k5  informal|hybrid_early|a0.7|k5         250         0.024     -0.0120     0.0600        False     0.17971             0.2668
style_accuracy  informal|hybrid_early|a0.1|k5 informal|hybrid_early|a0.9|k10         250        -0.016     -0.0480     0.0160        False     0.31731             0.4559
style_accuracy  informal|hybrid_early|a0.1|k5  informal|hybrid_early|a0.9|k5         250         0.000     -0.0280     0.0280        False     1.00000             1.0000
style_accuracy  informal|hybrid_early|a0.1|k5            informal|random|k10         250        -0.008     -0.0400     0.0200        False     0.59298             0.7890
style_accuracy  informal|hybrid_early|a0.1|k5             informal|random|k5         250        -0.028     -0.0520    -0.0080         True     0.01963             0.0418
style_accuracy  informal|hybrid_early|a0.1|k5          informal|zero_shot|k5         250         0.824      0.7720     0.8720         True     0.00000             0.0000
style_accuracy informal|hybrid_early|a0.3|k10  informal|hybrid_early|a0.3|k5         250         0.004     -0.0120     0.0200        False     0.65472             1.0000
style_accuracy informal|hybrid_early|a0.3|k10 informal|hybrid_early|a0.5|k10         250         0.012     -0.0040     0.0320        False     0.17971             0.3807
style_accuracy informal|hybrid_early|a0.3|k10  informal|hybrid_early|a0.5|k5         250         0.020      0.0000     0.0440        False     0.05878             0.1274
style_accuracy informal|hybrid_early|a0.3|k10 informal|hybrid_early|a0.7|k10         250         0.028      0.0040     0.0560         True     0.03481             0.0671
style_accuracy informal|hybrid_early|a0.3|k10  informal|hybrid_early|a0.7|k5         250         0.052      0.0240     0.0840         True     0.00162             0.0034
style_accuracy informal|hybrid_early|a0.3|k10 informal|hybrid_early|a0.9|k10         250         0.012     -0.0120     0.0360        False     0.31731             0.5049
style_accuracy informal|hybrid_early|a0.3|k10  informal|hybrid_early|a0.9|k5         250         0.028      0.0000     0.0560        False     0.05220             0.0945
style_accuracy informal|hybrid_early|a0.3|k10            informal|random|k10         250         0.020     -0.0040     0.0440        False     0.09558             0.1850
style_accuracy informal|hybrid_early|a0.3|k10             informal|random|k5         250         0.000     -0.0160     0.0160        False     1.00000             1.0000
style_accuracy informal|hybrid_early|a0.3|k10          informal|zero_shot|k5         250         0.852      0.8080     0.8960         True     0.00000             0.0000
style_accuracy  informal|hybrid_early|a0.3|k5 informal|hybrid_early|a0.5|k10         250         0.008     -0.0120     0.0320        False     0.47950             0.7284
style_accuracy  informal|hybrid_early|a0.3|k5  informal|hybrid_early|a0.5|k5         250         0.016     -0.0080     0.0400        False     0.20590             0.3476
style_accuracy  informal|hybrid_early|a0.3|k5 informal|hybrid_early|a0.7|k10         250         0.024     -0.0040     0.0560        False     0.10881             0.1792
style_accuracy  informal|hybrid_early|a0.3|k5  informal|hybrid_early|a0.7|k5         250         0.048      0.0160     0.0800         True     0.00468             0.0088
style_accuracy  informal|hybrid_early|a0.3|k5 informal|hybrid_early|a0.9|k10         250         0.008     -0.0160     0.0320        False     0.47950             0.7138
style_accuracy  informal|hybrid_early|a0.3|k5  informal|hybrid_early|a0.9|k5         250         0.024      0.0000     0.0520        False     0.08326             0.1456
style_accuracy  informal|hybrid_early|a0.3|k5            informal|random|k10         250         0.016     -0.0120     0.0440        False     0.24821             0.3933
style_accuracy  informal|hybrid_early|a0.3|k5             informal|random|k5         250        -0.004     -0.0240     0.0160        False     0.70546             1.0000
style_accuracy  informal|hybrid_early|a0.3|k5          informal|zero_shot|k5         250         0.848      0.8000     0.8920         True     0.00000             0.0000
style_accuracy informal|hybrid_early|a0.5|k10  informal|hybrid_early|a0.5|k5         250         0.008     -0.0120     0.0280        False     0.41422             0.6880
style_accuracy informal|hybrid_early|a0.5|k10 informal|hybrid_early|a0.7|k10         250         0.016     -0.0080     0.0440        False     0.24821             0.3867
style_accuracy informal|hybrid_early|a0.5|k10  informal|hybrid_early|a0.7|k5         250         0.040      0.0120     0.0720         True     0.01242             0.0250
style_accuracy informal|hybrid_early|a0.5|k10 informal|hybrid_early|a0.9|k10         250         0.000     -0.0240     0.0240        False     1.00000             1.0000
style_accuracy informal|hybrid_early|a0.5|k10  informal|hybrid_early|a0.9|k5         250         0.016     -0.0120     0.0440        False     0.24821             0.3832
style_accuracy informal|hybrid_early|a0.5|k10            informal|random|k10         250         0.008     -0.0200     0.0360        False     0.56370             0.7727
style_accuracy informal|hybrid_early|a0.5|k10             informal|random|k5         250        -0.012     -0.0320     0.0040        False     0.17971             0.3830
style_accuracy informal|hybrid_early|a0.5|k10          informal|zero_shot|k5         250         0.840      0.7920     0.8840         True     0.00000             0.0000
style_accuracy  informal|hybrid_early|a0.5|k5 informal|hybrid_early|a0.7|k10         250         0.008     -0.0200     0.0360        False     0.56370             0.7839
style_accuracy  informal|hybrid_early|a0.5|k5  informal|hybrid_early|a0.7|k5         250         0.032      0.0040     0.0640         True     0.04550             0.0819
style_accuracy  informal|hybrid_early|a0.5|k5 informal|hybrid_early|a0.9|k10         250        -0.008     -0.0360     0.0200        False     0.59298             0.7935
style_accuracy  informal|hybrid_early|a0.5|k5  informal|hybrid_early|a0.9|k5         250         0.008     -0.0240     0.0400        False     0.61708             0.8014
style_accuracy  informal|hybrid_early|a0.5|k5            informal|random|k10         250         0.000     -0.0280     0.0280        False     1.00000             1.0000
style_accuracy  informal|hybrid_early|a0.5|k5             informal|random|k5         250        -0.020     -0.0440     0.0000        False     0.05878             0.1256
style_accuracy  informal|hybrid_early|a0.5|k5          informal|zero_shot|k5         250         0.832      0.7840     0.8760         True     0.00000             0.0000
style_accuracy informal|hybrid_early|a0.7|k10  informal|hybrid_early|a0.7|k5         250         0.024     -0.0080     0.0560        False     0.15730             0.2428
style_accuracy informal|hybrid_early|a0.7|k10 informal|hybrid_early|a0.9|k10         250        -0.016     -0.0400     0.0040        False     0.15730             0.2927
style_accuracy informal|hybrid_early|a0.7|k10  informal|hybrid_early|a0.9|k5         250         0.000     -0.0240     0.0240        False     1.00000             1.0000
style_accuracy informal|hybrid_early|a0.7|k10            informal|random|k10         250        -0.008     -0.0320     0.0160        False     0.52709             0.7524
style_accuracy informal|hybrid_early|a0.7|k10             informal|random|k5         250        -0.028     -0.0520    -0.0080         True     0.01963             0.0401
style_accuracy informal|hybrid_early|a0.7|k10          informal|zero_shot|k5         250         0.824      0.7760     0.8720         True     0.00000             0.0000
style_accuracy  informal|hybrid_early|a0.7|k5 informal|hybrid_early|a0.9|k10         250        -0.040     -0.0720    -0.0120         True     0.01242             0.0205
style_accuracy  informal|hybrid_early|a0.7|k5  informal|hybrid_early|a0.9|k5         250        -0.024     -0.0480     0.0000        False     0.05778             0.1103
style_accuracy  informal|hybrid_early|a0.7|k5            informal|random|k10         250        -0.032     -0.0680     0.0000        False     0.07364             0.1149
style_accuracy  informal|hybrid_early|a0.7|k5             informal|random|k5         250        -0.052     -0.0840    -0.0200         True     0.00162             0.0032
style_accuracy  informal|hybrid_early|a0.7|k5          informal|zero_shot|k5         250         0.800      0.7480     0.8520         True     0.00000             0.0000
style_accuracy informal|hybrid_early|a0.9|k10  informal|hybrid_early|a0.9|k5         250         0.016     -0.0080     0.0440        False     0.20590             0.3510
style_accuracy informal|hybrid_early|a0.9|k10            informal|random|k10         250         0.008     -0.0200     0.0360        False     0.56370             0.7748
style_accuracy informal|hybrid_early|a0.9|k10             informal|random|k5         250        -0.012     -0.0360     0.0120        False     0.31731             0.5142
style_accuracy informal|hybrid_early|a0.9|k10          informal|zero_shot|k5         250         0.840      0.7920     0.8840         True     0.00000             0.0000
style_accuracy  informal|hybrid_early|a0.9|k5            informal|random|k10         250        -0.008     -0.0360     0.0200        False     0.59298             0.7857
style_accuracy  informal|hybrid_early|a0.9|k5             informal|random|k5         250        -0.028     -0.0560    -0.0040         True     0.03481             0.0696
style_accuracy  informal|hybrid_early|a0.9|k5          informal|zero_shot|k5         250         0.824      0.7720     0.8720         True     0.00000             0.0000
style_accuracy            informal|random|k10             informal|random|k5         250        -0.020     -0.0440     0.0040        False     0.09558             0.1738
style_accuracy            informal|random|k10          informal|zero_shot|k5         250         0.832      0.7800     0.8800         True     0.00000             0.0000
style_accuracy             informal|random|k5          informal|zero_shot|k5         250         0.852      0.8080     0.8960         True     0.00000             0.0000

Catatan: 'bermakna_95' berarti interval keyakinan 95% selisih berpasangan tidak memuat nol. Bila kolom p_wilcoxon kosong, scipy tidak terpasang dan dipakai uji permutasi tanda.
Hasil disimpan: D:\FILEMAHASISWA\Fikri Hasani Folder\JCCE-First Revision\TABEL_uji_formality_style_accuracy.csv


########## formality / style_strength_calibrated (exit 0) ##########

Metrik: style_strength_calibrated | konfigurasi: 38 | pasangan sebanding: 342
361 pasangan lintas target dilewati, karena membandingkan dua target gaya yang berbeda tidak bermakna

                   metrik                  konfigurasi_a                  konfigurasi_b  n_pasangan  selisih_mean  ci95_bawah  ci95_atas  bermakna_95  p_wilcoxon  p_permutasi_tanda
style_strength_calibrated                formal|bm25|k10                 formal|bm25|k5         250      -0.01472    -0.04372    0.01398        False     0.08827             0.3278
style_strength_calibrated                formal|bm25|k10            formal|centroid|k10         250      -0.00069    -0.04011    0.03821        False     0.22240             0.9746
style_strength_calibrated                formal|bm25|k10             formal|centroid|k5         250      -0.12090    -0.16280   -0.07828         True     0.00000             0.0000
style_strength_calibrated                formal|bm25|k10               formal|dense|k10         250      -0.02228    -0.05625    0.01210        False     0.01800             0.2085
style_strength_calibrated                formal|bm25|k10                formal|dense|k5         250      -0.02168    -0.05548    0.01324        False     0.00037             0.2227
style_strength_calibrated                formal|bm25|k10   formal|hybrid_early|a0.1|k10         250      -0.02188    -0.05791    0.01557        False     0.00293             0.2450
style_strength_calibrated                formal|bm25|k10    formal|hybrid_early|a0.1|k5         250      -0.05849    -0.10186   -0.01391         True     0.00001             0.0099
style_strength_calibrated                formal|bm25|k10   formal|hybrid_early|a0.3|k10         250      -0.03118    -0.06652    0.00375        False     0.00382             0.0809
style_strength_calibrated                formal|bm25|k10    formal|hybrid_early|a0.3|k5         250      -0.05754    -0.09669   -0.01727         True     0.00099             0.0041
style_strength_calibrated                formal|bm25|k10   formal|hybrid_early|a0.5|k10         250      -0.01698    -0.05388    0.02112        False     0.01030             0.3790
style_strength_calibrated                formal|bm25|k10    formal|hybrid_early|a0.5|k5         250      -0.01174    -0.04825    0.02523        False     0.00441             0.5343
style_strength_calibrated                formal|bm25|k10   formal|hybrid_early|a0.7|k10         250      -0.02817    -0.06570    0.01007        False     0.01671             0.1398
style_strength_calibrated                formal|bm25|k10    formal|hybrid_early|a0.7|k5         250      -0.04080    -0.07637   -0.00515         True     0.00007             0.0264
style_strength_calibrated                formal|bm25|k10   formal|hybrid_early|a0.9|k10         250      -0.01936    -0.05529    0.01712        False     0.05299             0.2853
style_strength_calibrated                formal|bm25|k10    formal|hybrid_early|a0.9|k5         250      -0.02075    -0.05321    0.01195        False     0.00044             0.2167
style_strength_calibrated                formal|bm25|k10              formal|random|k10         250       0.07039     0.03984    0.10397         True     0.00030             0.0000
style_strength_calibrated                formal|bm25|k10               formal|random|k5         250       0.04463     0.01200    0.07910         True     0.67589             0.0088
style_strength_calibrated                formal|bm25|k10            formal|zero_shot|k5         250      -0.47373    -0.51232   -0.43249         True     0.00000             0.0000
style_strength_calibrated                 formal|bm25|k5            formal|centroid|k10         250       0.01402    -0.02500    0.05303        False     0.92586             0.4779
style_strength_calibrated                 formal|bm25|k5             formal|centroid|k5         250      -0.10619    -0.14933   -0.06233         True     0.00000             0.0000
style_strength_calibrated                 formal|bm25|k5               formal|dense|k10         250      -0.00756    -0.04380    0.02925        False     0.93100             0.6915
style_strength_calibrated                 formal|bm25|k5                formal|dense|k5         250      -0.00696    -0.04316    0.02935        False     0.08628             0.7074
style_strength_calibrated                 formal|bm25|k5   formal|hybrid_early|a0.1|k10         250      -0.00716    -0.04766    0.03319        False     0.07532             0.7254
style_strength_calibrated                 formal|bm25|k5    formal|hybrid_early|a0.1|k5         250      -0.04377    -0.08719   -0.00064         True     0.00023             0.0483
style_strength_calibrated                 formal|bm25|k5   formal|hybrid_early|a0.3|k10         250      -0.01646    -0.05493    0.02095        False     0.07897             0.3969
style_strength_calibrated                 formal|bm25|k5    formal|hybrid_early|a0.3|k5         250      -0.04283    -0.08269   -0.00287         True     0.00092             0.0340
style_strength_calibrated                 formal|bm25|k5   formal|hybrid_early|a0.5|k10         250      -0.00226    -0.04243    0.03769        False     0.88020             0.9119
style_strength_calibrated                 formal|bm25|k5    formal|hybrid_early|a0.5|k5         250       0.00297    -0.03272    0.03877        False     0.11944             0.8691
style_strength_calibrated                 formal|bm25|k5   formal|hybrid_early|a0.7|k10         250      -0.01346    -0.05170    0.02459        False     0.23386             0.4790
style_strength_calibrated                 formal|bm25|k5    formal|hybrid_early|a0.7|k5         250      -0.02608    -0.06219    0.01058        False     0.01167             0.1648
style_strength_calibrated                 formal|bm25|k5   formal|hybrid_early|a0.9|k10         250      -0.00465    -0.04149    0.03187        False     0.76208             0.8048
style_strength_calibrated                 formal|bm25|k5    formal|hybrid_early|a0.9|k5         250      -0.00604    -0.04205    0.02930        False     0.12131             0.7373
style_strength_calibrated                 formal|bm25|k5              formal|random|k10         250       0.08510     0.05108    0.12006         True     0.00001             0.0000
style_strength_calibrated                 formal|bm25|k5               formal|random|k5         250       0.05934     0.02510    0.09439         True     0.02543             0.0007
style_strength_calibrated                 formal|bm25|k5            formal|zero_shot|k5         250      -0.45902    -0.49865   -0.41711         True     0.00000             0.0000
style_strength_calibrated            formal|centroid|k10             formal|centroid|k5         250      -0.12021    -0.15539   -0.08462         True     0.00000             0.0000
style_strength_calibrated            formal|centroid|k10               formal|dense|k10         250      -0.02159    -0.06187    0.01960        False     0.87400             0.3001
style_strength_calibrated            formal|centroid|k10                formal|dense|k5         250      -0.02099    -0.05600    0.01430        False     0.05871             0.2403
style_strength_calibrated            formal|centroid|k10   formal|hybrid_early|a0.1|k10         250      -0.02119    -0.05672    0.01414        False     0.16436             0.2496
style_strength_calibrated            formal|centroid|k10    formal|hybrid_early|a0.1|k5         250      -0.05780    -0.09582   -0.02092         True     0.00020             0.0024
style_strength_calibrated            formal|centroid|k10   formal|hybrid_early|a0.3|k10         250      -0.03049    -0.06982    0.00999        False     0.16463             0.1303
style_strength_calibrated            formal|centroid|k10    formal|hybrid_early|a0.3|k5         250      -0.05685    -0.09928   -0.01502         True     0.00678             0.0072
style_strength_calibrated            formal|centroid|k10   formal|hybrid_early|a0.5|k10         250      -0.01629    -0.05243    0.01994        False     0.70097             0.3778
style_strength_calibrated            formal|centroid|k10    formal|hybrid_early|a0.5|k5         250      -0.01105    -0.04850    0.02739        False     0.38872             0.5731
style_strength_calibrated            formal|centroid|k10   formal|hybrid_early|a0.7|k10         250      -0.02748    -0.06960    0.01372        False     0.48047             0.1948
style_strength_calibrated            formal|centroid|k10    formal|hybrid_early|a0.7|k5         250      -0.04011    -0.07912   -0.00061         True     0.01007             0.0469
style_strength_calibrated            formal|centroid|k10   formal|hybrid_early|a0.9|k10         250      -0.01867    -0.05843    0.02019        False     0.98919             0.3427
style_strength_calibrated            formal|centroid|k10    formal|hybrid_early|a0.9|k5         250      -0.02006    -0.05359    0.01467        False     0.02759             0.2578
style_strength_calibrated            formal|centroid|k10              formal|random|k10         250       0.07108     0.04039    0.10287         True     0.00000             0.0000
style_strength_calibrated            formal|centroid|k10               formal|random|k5         250       0.04532     0.01152    0.08005         True     0.02129             0.0111
style_strength_calibrated            formal|centroid|k10            formal|zero_shot|k5         250      -0.47304    -0.50589   -0.43804         True     0.00000             0.0000
style_strength_calibrated             formal|centroid|k5               formal|dense|k10         250       0.09862     0.05429    0.14216         True     0.00000             0.0000
style_strength_calibrated             formal|centroid|k5                formal|dense|k5         250       0.09922     0.05832    0.13941         True     0.00000             0.0000
style_strength_calibrated             formal|centroid|k5   formal|hybrid_early|a0.1|k10         250       0.09902     0.06098    0.13617         True     0.00000             0.0000
style_strength_calibrated             formal|centroid|k5    formal|hybrid_early|a0.1|k5         250       0.06241     0.02568    0.09832         True     0.00008             0.0007
style_strength_calibrated             formal|centroid|k5   formal|hybrid_early|a0.3|k10         250       0.08972     0.04591    0.13215         True     0.00000             0.0002
style_strength_calibrated             formal|centroid|k5    formal|hybrid_early|a0.3|k5         250       0.06336     0.02246    0.10536         True     0.00002             0.0036
style_strength_calibrated             formal|centroid|k5   formal|hybrid_early|a0.5|k10         250       0.10392     0.06479    0.14263         True     0.00000             0.0000
style_strength_calibrated             formal|centroid|k5    formal|hybrid_early|a0.5|k5         250       0.10916     0.06919    0.14954         True     0.00000             0.0000
style_strength_calibrated             formal|centroid|k5   formal|hybrid_early|a0.7|k10         250       0.09273     0.04884    0.13660         True     0.00000             0.0000
style_strength_calibrated             formal|centroid|k5    formal|hybrid_early|a0.7|k5         250       0.08010     0.04001    0.12090         True     0.00002             0.0001
style_strength_calibrated             formal|centroid|k5   formal|hybrid_early|a0.9|k10         250       0.10154     0.05626    0.14591         True     0.00000             0.0000
style_strength_calibrated             formal|centroid|k5    formal|hybrid_early|a0.9|k5         250       0.10015     0.06133    0.14045         True     0.00000             0.0000
style_strength_calibrated             formal|centroid|k5              formal|random|k10         250       0.19129     0.15946    0.22406         True     0.00000             0.0000
style_strength_calibrated             formal|centroid|k5               formal|random|k5         250       0.16553     0.13060    0.20073         True     0.00000             0.0000
style_strength_calibrated             formal|centroid|k5            formal|zero_shot|k5         250      -0.35283    -0.38949   -0.31548         True     0.00000             0.0000
style_strength_calibrated               formal|dense|k10                formal|dense|k5         250       0.00060    -0.02897    0.03074        False     0.01671             0.9677
style_strength_calibrated               formal|dense|k10   formal|hybrid_early|a0.1|k10         250       0.00040    -0.03684    0.03815        False     0.11593             0.9825
style_strength_calibrated               formal|dense|k10    formal|hybrid_early|a0.1|k5         250      -0.03621    -0.08191    0.00966        False     0.00029             0.1174
style_strength_calibrated               formal|dense|k10   formal|hybrid_early|a0.3|k10         250      -0.00890    -0.04398    0.02567        False     0.11937             0.6261
style_strength_calibrated               formal|dense|k10    formal|hybrid_early|a0.3|k5         250      -0.03526    -0.07146    0.00213        False     0.02758             0.0603
style_strength_calibrated               formal|dense|k10   formal|hybrid_early|a0.5|k10         250       0.00530    -0.03076    0.04175        False     0.85390             0.7763
style_strength_calibrated               formal|dense|k10    formal|hybrid_early|a0.5|k5         250       0.01053    -0.02286    0.04439        False     0.20450             0.5504
style_strength_calibrated               formal|dense|k10   formal|hybrid_early|a0.7|k10         250      -0.00589    -0.03836    0.02583        False     0.14487             0.7216
style_strength_calibrated               formal|dense|k10    formal|hybrid_early|a0.7|k5         250      -0.01852    -0.04923    0.01233        False     0.00507             0.2508
style_strength_calibrated               formal|dense|k10   formal|hybrid_early|a0.9|k10         250       0.00292    -0.02194    0.02793        False     0.96069             0.8155
style_strength_calibrated               formal|dense|k10    formal|hybrid_early|a0.9|k5         250       0.00153    -0.02958    0.03283        False     0.02901             0.9310
style_strength_calibrated               formal|dense|k10              formal|random|k10         250       0.09267     0.05672    0.12991         True     0.00000             0.0000
style_strength_calibrated               formal|dense|k10               formal|random|k5         250       0.06690     0.02935    0.10559         True     0.03157             0.0009
style_strength_calibrated               formal|dense|k10            formal|zero_shot|k5         250      -0.45145    -0.49122   -0.40905         True     0.00000             0.0000
style_strength_calibrated                formal|dense|k5   formal|hybrid_early|a0.1|k10         250      -0.00020    -0.03683    0.03632        False     0.59375             0.9918
style_strength_calibrated                formal|dense|k5    formal|hybrid_early|a0.1|k5         250      -0.03681    -0.07998    0.00629        False     0.02802             0.0870
style_strength_calibrated                formal|dense|k5   formal|hybrid_early|a0.3|k10         250      -0.00950    -0.04589    0.02542        False     0.30727             0.5992
style_strength_calibrated                formal|dense|k5    formal|hybrid_early|a0.3|k5         250      -0.03587    -0.07396    0.00325        False     0.15706             0.0683
style_strength_calibrated                formal|dense|k5   formal|hybrid_early|a0.5|k10         250       0.00470    -0.02490    0.03468        False     0.23359             0.7597
style_strength_calibrated                formal|dense|k5    formal|hybrid_early|a0.5|k5         250       0.00993    -0.02318    0.04306        False     0.68742             0.5608
style_strength_calibrated                formal|dense|k5   formal|hybrid_early|a0.7|k10         250      -0.00650    -0.04143    0.02712        False     0.61920             0.7032
style_strength_calibrated                formal|dense|k5    formal|hybrid_early|a0.7|k5         250      -0.01912    -0.04818    0.00998        False     0.24128             0.2070
style_strength_calibrated                formal|dense|k5   formal|hybrid_early|a0.9|k10         250       0.00232    -0.02700    0.03088        False     0.02359             0.8772
style_strength_calibrated                formal|dense|k5    formal|hybrid_early|a0.9|k5         250       0.00093    -0.02070    0.02223        False     0.80414             0.9338
style_strength_calibrated                formal|dense|k5              formal|random|k10         250       0.09207     0.06209    0.12348         True     0.00000             0.0000
style_strength_calibrated                formal|dense|k5               formal|random|k5         250       0.06630     0.03294    0.10043         True     0.00002             0.0000
style_strength_calibrated                formal|dense|k5            formal|zero_shot|k5         250      -0.45206    -0.48609   -0.41688         True     0.00000             0.0000
style_strength_calibrated   formal|hybrid_early|a0.1|k10    formal|hybrid_early|a0.1|k5         250      -0.03661    -0.07386    0.00151        False     0.00362             0.0561
style_strength_calibrated   formal|hybrid_early|a0.1|k10   formal|hybrid_early|a0.3|k10         250      -0.00930    -0.04801    0.02816        False     0.97874             0.6419
style_strength_calibrated   formal|hybrid_early|a0.1|k10    formal|hybrid_early|a0.3|k5         250      -0.03567    -0.07326    0.00174        False     0.01882             0.0650
style_strength_calibrated   formal|hybrid_early|a0.1|k10   formal|hybrid_early|a0.5|k10         250       0.00490    -0.03094    0.04108        False     0.46432             0.7878
style_strength_calibrated   formal|hybrid_early|a0.1|k10    formal|hybrid_early|a0.5|k5         250       0.01013    -0.02611    0.04718        False     0.83629             0.5838
style_strength_calibrated   formal|hybrid_early|a0.1|k10   formal|hybrid_early|a0.7|k10         250      -0.00630    -0.04507    0.03263        False     0.89124             0.7455
style_strength_calibrated   formal|hybrid_early|a0.1|k10    formal|hybrid_early|a0.7|k5         250      -0.01892    -0.05422    0.01640        False     0.05871             0.2960
style_strength_calibrated   formal|hybrid_early|a0.1|k10   formal|hybrid_early|a0.9|k10         250       0.00252    -0.03590    0.04019        False     0.38632             0.8953
style_strength_calibrated   formal|hybrid_early|a0.1|k10    formal|hybrid_early|a0.9|k5         250       0.00113    -0.03366    0.03582        False     0.51255             0.9512
style_strength_calibrated   formal|hybrid_early|a0.1|k10              formal|random|k10         250       0.09227     0.06126    0.12454         True     0.00000             0.0000
style_strength_calibrated   formal|hybrid_early|a0.1|k10               formal|random|k5         250       0.06650     0.03463    0.09956         True     0.00076             0.0000
style_strength_calibrated   formal|hybrid_early|a0.1|k10            formal|zero_shot|k5         250      -0.45186    -0.48833   -0.41231         True     0.00000             0.0000
style_strength_calibrated    formal|hybrid_early|a0.1|k5   formal|hybrid_early|a0.3|k10         250       0.02731    -0.01557    0.06996        False     0.00991             0.2080
style_strength_calibrated    formal|hybrid_early|a0.1|k5    formal|hybrid_early|a0.3|k5         250       0.00094    -0.04088    0.04257        False     0.52786             0.9632
style_strength_calibrated    formal|hybrid_early|a0.1|k5   formal|hybrid_early|a0.5|k10         250       0.04151    -0.00102    0.08392        False     0.00118             0.0495
style_strength_calibrated    formal|hybrid_early|a0.1|k5    formal|hybrid_early|a0.5|k5         250       0.04674     0.00460    0.08852         True     0.01359             0.0259
style_strength_calibrated    formal|hybrid_early|a0.1|k5   formal|hybrid_early|a0.7|k10         250       0.03031    -0.01127    0.07257        False     0.01220             0.1595
style_strength_calibrated    formal|hybrid_early|a0.1|k5    formal|hybrid_early|a0.7|k5         250       0.01769    -0.02227    0.05888        False     0.35187             0.3869
style_strength_calibrated    formal|hybrid_early|a0.1|k5   formal|hybrid_early|a0.9|k10         250       0.03912    -0.00434    0.08224        False     0.00038             0.0678
style_strength_calibrated    formal|hybrid_early|a0.1|k5    formal|hybrid_early|a0.9|k5         250       0.03774    -0.00344    0.07930        False     0.00422             0.0761
style_strength_calibrated    formal|hybrid_early|a0.1|k5              formal|random|k10         250       0.12887     0.09570    0.16329         True     0.00000             0.0000
style_strength_calibrated    formal|hybrid_early|a0.1|k5               formal|random|k5         250       0.10311     0.06759    0.13904         True     0.00000             0.0000
style_strength_calibrated    formal|hybrid_early|a0.1|k5            formal|zero_shot|k5         250      -0.41525    -0.45468   -0.37457         True     0.00000             0.0000
style_strength_calibrated   formal|hybrid_early|a0.3|k10    formal|hybrid_early|a0.3|k5         250      -0.02637    -0.06155    0.00899        False     0.32631             0.1429
style_strength_calibrated   formal|hybrid_early|a0.3|k10   formal|hybrid_early|a0.5|k10         250       0.01420    -0.01938    0.04793        False     0.40246             0.4147
style_strength_calibrated   formal|hybrid_early|a0.3|k10    formal|hybrid_early|a0.5|k5         250       0.01943    -0.01270    0.05176        False     0.91546             0.2472
style_strength_calibrated   formal|hybrid_early|a0.3|k10   formal|hybrid_early|a0.7|k10         250       0.00300    -0.03163    0.03789        False     0.99334             0.8629
style_strength_calibrated   formal|hybrid_early|a0.3|k10    formal|hybrid_early|a0.7|k5         250      -0.00962    -0.04311    0.02413        False     0.50137             0.5745
style_strength_calibrated   formal|hybrid_early|a0.3|k10   formal|hybrid_early|a0.9|k10         250       0.01182    -0.02390    0.04806        False     0.15484             0.5089
style_strength_calibrated   formal|hybrid_early|a0.3|k10    formal|hybrid_early|a0.9|k5         250       0.01043    -0.02351    0.04553        False     0.88020             0.5600
style_strength_calibrated   formal|hybrid_early|a0.3|k10              formal|random|k10         250       0.10157     0.06598    0.13965         True     0.00000             0.0000
style_strength_calibrated   formal|hybrid_early|a0.3|k10               formal|random|k5         250       0.07580     0.03958    0.11194         True     0.00064             0.0002
style_strength_calibrated   formal|hybrid_early|a0.3|k10            formal|zero_shot|k5         250      -0.44256    -0.48295   -0.39950         True     0.00000             0.0000
style_strength_calibrated    formal|hybrid_early|a0.3|k5   formal|hybrid_early|a0.5|k10         250       0.04056     0.00125    0.08033         True     0.00496             0.0437
style_strength_calibrated    formal|hybrid_early|a0.3|k5    formal|hybrid_early|a0.5|k5         250       0.04580     0.01014    0.08201         True     0.07725             0.0136
style_strength_calibrated    formal|hybrid_early|a0.3|k5   formal|hybrid_early|a0.7|k10         250       0.02937    -0.01207    0.07000        False     0.02790             0.1548
style_strength_calibrated    formal|hybrid_early|a0.3|k5    formal|hybrid_early|a0.7|k5         250       0.01675    -0.02042    0.05476        False     0.41945             0.3820
style_strength_calibrated    formal|hybrid_early|a0.3|k5   formal|hybrid_early|a0.9|k10         250       0.03818    -0.00028    0.07661        False     0.02790             0.0447
style_strength_calibrated    formal|hybrid_early|a0.3|k5    formal|hybrid_early|a0.9|k5         250       0.03679    -0.00146    0.07508        False     0.09386             0.0602
style_strength_calibrated    formal|hybrid_early|a0.3|k5              formal|random|k10         250       0.12793     0.09142    0.16530         True     0.00000             0.0000
style_strength_calibrated    formal|hybrid_early|a0.3|k5               formal|random|k5         250       0.10217     0.06547    0.13954         True     0.00000             0.0000
style_strength_calibrated    formal|hybrid_early|a0.3|k5            formal|zero_shot|k5         250      -0.41619    -0.45675   -0.37442         True     0.00000             0.0000
style_strength_calibrated   formal|hybrid_early|a0.5|k10    formal|hybrid_early|a0.5|k5         250       0.00523    -0.02604    0.03743        False     0.03326             0.7472
style_strength_calibrated   formal|hybrid_early|a0.5|k10   formal|hybrid_early|a0.7|k10         250      -0.01119    -0.04567    0.02270        False     0.32111             0.5283
style_strength_calibrated   formal|hybrid_early|a0.5|k10    formal|hybrid_early|a0.7|k5         250      -0.02382    -0.05880    0.00989        False     0.04129             0.1837
style_strength_calibrated   formal|hybrid_early|a0.5|k10   formal|hybrid_early|a0.9|k10         250      -0.00238    -0.03832    0.03305        False     0.68421             0.8936
style_strength_calibrated   formal|hybrid_early|a0.5|k10    formal|hybrid_early|a0.9|k5         250      -0.00377    -0.03335    0.02534        False     0.32513             0.8090
style_strength_calibrated   formal|hybrid_early|a0.5|k10              formal|random|k10         250       0.08737     0.05633    0.11986         True     0.00000             0.0000
style_strength_calibrated   formal|hybrid_early|a0.5|k10               formal|random|k5         250       0.06160     0.02688    0.09665         True     0.02308             0.0007
style_strength_calibrated   formal|hybrid_early|a0.5|k10            formal|zero_shot|k5         250      -0.45675    -0.49512   -0.41655         True     0.00000             0.0000
style_strength_calibrated    formal|hybrid_early|a0.5|k5   formal|hybrid_early|a0.7|k10         250      -0.01643    -0.05009    0.01607        False     0.72554             0.3354
style_strength_calibrated    formal|hybrid_early|a0.5|k5    formal|hybrid_early|a0.7|k5         250      -0.02905    -0.06007    0.00192        False     0.06058             0.0709
style_strength_calibrated    formal|hybrid_early|a0.5|k5   formal|hybrid_early|a0.9|k10         250      -0.00762    -0.03994    0.02361        False     0.23416             0.6455
style_strength_calibrated    formal|hybrid_early|a0.5|k5    formal|hybrid_early|a0.9|k5         250      -0.00901    -0.04242    0.02401        False     0.49775             0.6060
style_strength_calibrated    formal|hybrid_early|a0.5|k5              formal|random|k10         250       0.08213     0.05069    0.11481         True     0.00000             0.0000
style_strength_calibrated    formal|hybrid_early|a0.5|k5               formal|random|k5         250       0.05637     0.02650    0.08693         True     0.00015             0.0002
style_strength_calibrated    formal|hybrid_early|a0.5|k5            formal|zero_shot|k5         250      -0.46199    -0.49844   -0.42304         True     0.00000             0.0000
style_strength_calibrated   formal|hybrid_early|a0.7|k10    formal|hybrid_early|a0.7|k5         250      -0.01262    -0.04189    0.01697        False     0.04547             0.3982
style_strength_calibrated   formal|hybrid_early|a0.7|k10   formal|hybrid_early|a0.9|k10         250       0.00881    -0.01864    0.03765        False     0.38364             0.5477
style_strength_calibrated   formal|hybrid_early|a0.7|k10    formal|hybrid_early|a0.9|k5         250       0.00742    -0.02358    0.03914        False     0.56548             0.6468
style_strength_calibrated   formal|hybrid_early|a0.7|k10              formal|random|k10         250       0.09856     0.06510    0.13427         True     0.00000             0.0000
style_strength_calibrated   formal|hybrid_early|a0.7|k10               formal|random|k5         250       0.07280     0.03572    0.11079         True     0.00138             0.0001
style_strength_calibrated   formal|hybrid_early|a0.7|k10            formal|zero_shot|k5         250      -0.44556    -0.48717   -0.40133         True     0.00000             0.0000
style_strength_calibrated    formal|hybrid_early|a0.7|k5   formal|hybrid_early|a0.9|k10         250       0.02144    -0.00926    0.05216        False     0.03047             0.1716
style_strength_calibrated    formal|hybrid_early|a0.7|k5    formal|hybrid_early|a0.9|k5         250       0.02005    -0.00745    0.04759        False     0.12805             0.1695
style_strength_calibrated    formal|hybrid_early|a0.7|k5              formal|random|k10         250       0.11119     0.07773    0.14622         True     0.00000             0.0000
style_strength_calibrated    formal|hybrid_early|a0.7|k5               formal|random|k5         250       0.08542     0.04955    0.12137         True     0.00000             0.0000
style_strength_calibrated    formal|hybrid_early|a0.7|k5            formal|zero_shot|k5         250      -0.43294    -0.47160   -0.39213         True     0.00000             0.0000
style_strength_calibrated   formal|hybrid_early|a0.9|k10    formal|hybrid_early|a0.9|k5         250      -0.00139    -0.02961    0.02761        False     0.04712             0.9276
style_strength_calibrated   formal|hybrid_early|a0.9|k10              formal|random|k10         250       0.08975     0.05572    0.12550         True     0.00000             0.0000
style_strength_calibrated   formal|hybrid_early|a0.9|k10               formal|random|k5         250       0.06399     0.02800    0.10125         True     0.01633             0.0002
style_strength_calibrated   formal|hybrid_early|a0.9|k10            formal|zero_shot|k5         250      -0.45437    -0.49451   -0.41202         True     0.00000             0.0000
style_strength_calibrated    formal|hybrid_early|a0.9|k5              formal|random|k10         250       0.09114     0.06039    0.12255         True     0.00000             0.0000
style_strength_calibrated    formal|hybrid_early|a0.9|k5               formal|random|k5         250       0.06538     0.03246    0.09888         True     0.00003             0.0001
style_strength_calibrated    formal|hybrid_early|a0.9|k5            formal|zero_shot|k5         250      -0.45298    -0.48758   -0.41704         True     0.00000             0.0000
style_strength_calibrated              formal|random|k10               formal|random|k5         250      -0.02576    -0.04819   -0.00395         True     0.00003             0.0249
style_strength_calibrated              formal|random|k10            formal|zero_shot|k5         250      -0.54412    -0.57192   -0.51419         True     0.00000             0.0000
style_strength_calibrated               formal|random|k5            formal|zero_shot|k5         250      -0.51836    -0.54772   -0.48650         True     0.00000             0.0000
style_strength_calibrated              informal|bm25|k10               informal|bm25|k5         250       0.02981     0.00321    0.05736         True     0.03267             0.0324
style_strength_calibrated              informal|bm25|k10          informal|centroid|k10         250      -0.01139    -0.04225    0.01949        False     0.62494             0.4763
style_strength_calibrated              informal|bm25|k10           informal|centroid|k5         250      -0.01127    -0.04146    0.01895        False     0.00391             0.4782
style_strength_calibrated              informal|bm25|k10             informal|dense|k10         250      -0.02762    -0.05522    0.00016        False     0.00066             0.0458
style_strength_calibrated              informal|bm25|k10              informal|dense|k5         250      -0.01626    -0.04346    0.01075        False     0.03648             0.2464
style_strength_calibrated              informal|bm25|k10 informal|hybrid_early|a0.1|k10         250      -0.03053    -0.05791   -0.00384         True     0.02827             0.0301
style_strength_calibrated              informal|bm25|k10  informal|hybrid_early|a0.1|k5         250      -0.00987    -0.03675    0.01609        False     0.23147             0.4779
style_strength_calibrated              informal|bm25|k10 informal|hybrid_early|a0.3|k10         250      -0.05205    -0.07790   -0.02771         True     0.00000             0.0000
style_strength_calibrated              informal|bm25|k10  informal|hybrid_early|a0.3|k5         250      -0.03881    -0.06697   -0.01116         True     0.03899             0.0073
style_strength_calibrated              informal|bm25|k10 informal|hybrid_early|a0.5|k10         250      -0.04543    -0.07079   -0.02106         True     0.00000             0.0001
style_strength_calibrated              informal|bm25|k10  informal|hybrid_early|a0.5|k5         250      -0.02474    -0.05056    0.00045        False     0.03481             0.0583
style_strength_calibrated              informal|bm25|k10 informal|hybrid_early|a0.7|k10         250      -0.03228    -0.05823   -0.00719         True     0.00085             0.0135
style_strength_calibrated              informal|bm25|k10  informal|hybrid_early|a0.7|k5         250      -0.01272    -0.04211    0.01675        False     0.14345             0.4116
style_strength_calibrated              informal|bm25|k10 informal|hybrid_early|a0.9|k10         250      -0.03973    -0.06720   -0.01307         True     0.00000             0.0038
style_strength_calibrated              informal|bm25|k10  informal|hybrid_early|a0.9|k5         250      -0.02254    -0.04959    0.00407        False     0.02821             0.0987
style_strength_calibrated              informal|bm25|k10            informal|random|k10         250      -0.03277    -0.05901   -0.00768         True     0.00000             0.0114
style_strength_calibrated              informal|bm25|k10             informal|random|k5         250      -0.04631    -0.07112   -0.02312         True     0.00089             0.0000
style_strength_calibrated              informal|bm25|k10          informal|zero_shot|k5         250       0.56633     0.53541    0.59546         True     0.00000             0.0000
style_strength_calibrated               informal|bm25|k5          informal|centroid|k10         250      -0.04120    -0.07667   -0.00661         True     0.43756             0.0202
style_strength_calibrated               informal|bm25|k5           informal|centroid|k5         250      -0.04108    -0.07549   -0.00760         True     0.00005             0.0174
style_strength_calibrated               informal|bm25|k5             informal|dense|k10         250      -0.05743    -0.08972   -0.02561         True     0.00001             0.0002
style_strength_calibrated               informal|bm25|k5              informal|dense|k5         250      -0.04607    -0.07675   -0.01689         True     0.00001             0.0016
style_strength_calibrated               informal|bm25|k5 informal|hybrid_early|a0.1|k10         250      -0.06035    -0.09371   -0.02832         True     0.00013             0.0003
style_strength_calibrated               informal|bm25|k5  informal|hybrid_early|a0.1|k5         250      -0.03968    -0.07042   -0.01078         True     0.63799             0.0077
style_strength_calibrated               informal|bm25|k5 informal|hybrid_early|a0.3|k10         250      -0.08186    -0.11144   -0.05444         True     0.00000             0.0000
style_strength_calibrated               informal|bm25|k5  informal|hybrid_early|a0.3|k5         250      -0.06862    -0.09901   -0.03993         True     0.00001             0.0000
style_strength_calibrated               informal|bm25|k5 informal|hybrid_early|a0.5|k10         250      -0.07524    -0.10643   -0.04526         True     0.00000             0.0000
style_strength_calibrated               informal|bm25|k5  informal|hybrid_early|a0.5|k5         250      -0.05455    -0.08499   -0.02516         True     0.00002             0.0003
style_strength_calibrated               informal|bm25|k5 informal|hybrid_early|a0.7|k10         250      -0.06209    -0.09169   -0.03368         True     0.00000             0.0000
style_strength_calibrated               informal|bm25|k5  informal|hybrid_early|a0.7|k5         250      -0.04253    -0.07481   -0.01081         True     0.00048             0.0087
style_strength_calibrated               informal|bm25|k5 informal|hybrid_early|a0.9|k10         250      -0.06954    -0.10071   -0.03987         True     0.00000             0.0000
style_strength_calibrated               informal|bm25|k5  informal|hybrid_early|a0.9|k5         250      -0.05235    -0.08097   -0.02532         True     0.00004             0.0004
style_strength_calibrated               informal|bm25|k5            informal|random|k10         250      -0.06258    -0.09306   -0.03307         True     0.00000             0.0000
style_strength_calibrated               informal|bm25|k5             informal|random|k5         250      -0.07612    -0.10531   -0.04876         True     0.00000             0.0000
style_strength_calibrated               informal|bm25|k5          informal|zero_shot|k5         250       0.53652     0.50317    0.56804         True     0.00000             0.0000
style_strength_calibrated          informal|centroid|k10           informal|centroid|k5         250       0.00013    -0.02785    0.02878        False     0.01053             0.9944
style_strength_calibrated          informal|centroid|k10             informal|dense|k10         250      -0.01623    -0.04206    0.00993        False     0.00170             0.2201
style_strength_calibrated          informal|centroid|k10              informal|dense|k5         250      -0.00486    -0.03075    0.02089        False     0.00715             0.7185
style_strength_calibrated          informal|centroid|k10 informal|hybrid_early|a0.1|k10         250      -0.01914    -0.04051    0.00218        False     0.00232             0.0796
style_strength_calibrated          informal|centroid|k10  informal|hybrid_early|a0.1|k5         250       0.00153    -0.02429    0.02713        False     0.54283             0.9123
style_strength_calibrated          informal|centroid|k10 informal|hybrid_early|a0.3|k10         250      -0.04065    -0.06192   -0.02099         True     0.00000             0.0000
style_strength_calibrated          informal|centroid|k10  informal|hybrid_early|a0.3|k5         250      -0.02742    -0.05212   -0.00385         True     0.02062             0.0247
style_strength_calibrated          informal|centroid|k10 informal|hybrid_early|a0.5|k10         250      -0.03404    -0.05814   -0.01152         True     0.00000             0.0031
style_strength_calibrated          informal|centroid|k10  informal|hybrid_early|a0.5|k5         250      -0.01335    -0.03788    0.01040        False     0.00614             0.2796
style_strength_calibrated          informal|centroid|k10 informal|hybrid_early|a0.7|k10         250      -0.02089    -0.04795    0.00553        False     0.00001             0.1327
style_strength_calibrated          informal|centroid|k10  informal|hybrid_early|a0.7|k5         250      -0.00133    -0.02812    0.02562        False     0.01158             0.9261
style_strength_calibrated          informal|centroid|k10 informal|hybrid_early|a0.9|k10         250      -0.02834    -0.05233   -0.00484         True     0.00001             0.0142
style_strength_calibrated          informal|centroid|k10  informal|hybrid_early|a0.9|k5         250      -0.01115    -0.03850    0.01536        False     0.00971             0.4273
style_strength_calibrated          informal|centroid|k10            informal|random|k10         250      -0.02137    -0.04729    0.00373        False     0.00002             0.0950
style_strength_calibrated          informal|centroid|k10             informal|random|k5         250      -0.03492    -0.05806   -0.01312         True     0.00027             0.0013
style_strength_calibrated          informal|centroid|k10          informal|zero_shot|k5         250       0.57772     0.54970    0.60357         True     0.00000             0.0000
style_strength_calibrated           informal|centroid|k5             informal|dense|k10         250      -0.01636    -0.04049    0.00784        False     0.96132             0.1822
style_strength_calibrated           informal|centroid|k5              informal|dense|k5         250      -0.00499    -0.03040    0.01945        False     0.52387             0.6925
style_strength_calibrated           informal|centroid|k5 informal|hybrid_early|a0.1|k10         250      -0.01927    -0.04275    0.00302        False     0.99129             0.0955
style_strength_calibrated           informal|centroid|k5  informal|hybrid_early|a0.1|k5         250       0.00140    -0.02361    0.02582        False     0.00075             0.9173
style_strength_calibrated           informal|centroid|k5 informal|hybrid_early|a0.3|k10         250      -0.04078    -0.06532   -0.01938         True     0.04522             0.0003
style_strength_calibrated           informal|centroid|k5  informal|hybrid_early|a0.3|k5         250      -0.02754    -0.05318   -0.00417         True     0.54050             0.0228
style_strength_calibrated           informal|centroid|k5 informal|hybrid_early|a0.5|k10         250      -0.03416    -0.05798   -0.01193         True     0.25767             0.0020
style_strength_calibrated           informal|centroid|k5  informal|hybrid_early|a0.5|k5         250      -0.01348    -0.03881    0.01002        False     0.97651             0.2775
style_strength_calibrated           informal|centroid|k5 informal|hybrid_early|a0.7|k10         250      -0.02102    -0.04676    0.00452        False     0.63612             0.1035
style_strength_calibrated           informal|centroid|k5  informal|hybrid_early|a0.7|k5         250      -0.00146    -0.02868    0.02632        False     0.42503             0.9176
style_strength_calibrated           informal|centroid|k5 informal|hybrid_early|a0.9|k10         250      -0.02847    -0.05399   -0.00352         True     0.05079             0.0230
style_strength_calibrated           informal|centroid|k5  informal|hybrid_early|a0.9|k5         250      -0.01127    -0.03714    0.01413        False     0.59012             0.3882
style_strength_calibrated           informal|centroid|k5            informal|random|k10         250      -0.02150    -0.04785    0.00342        False     0.04956             0.0919
style_strength_calibrated           informal|centroid|k5             informal|random|k5         250      -0.03504    -0.05565   -0.01636         True     0.81045             0.0002
style_strength_calibrated           informal|centroid|k5          informal|zero_shot|k5         250       0.57759     0.54844    0.60473         True     0.00000             0.0000
style_strength_calibrated             informal|dense|k10              informal|dense|k5         250       0.01137    -0.00828    0.03031        False     0.08732             0.2522
style_strength_calibrated             informal|dense|k10 informal|hybrid_early|a0.1|k10         250      -0.00291    -0.02385    0.01700        False     0.15783             0.7806
style_strength_calibrated             informal|dense|k10  informal|hybrid_early|a0.1|k5         250       0.01775    -0.00443    0.03861        False     0.00000             0.1127
style_strength_calibrated             informal|dense|k10 informal|hybrid_early|a0.3|k10         250      -0.02443    -0.04624   -0.00491         True     0.02218             0.0187
style_strength_calibrated             informal|dense|k10  informal|hybrid_early|a0.3|k5         250      -0.01119    -0.03363    0.00958        False     0.25628             0.3214
style_strength_calibrated             informal|dense|k10 informal|hybrid_early|a0.5|k10         250      -0.01781    -0.03947    0.00272        False     0.12106             0.0975
style_strength_calibrated             informal|dense|k10  informal|hybrid_early|a0.5|k5         250       0.00288    -0.02055    0.02483        False     0.59225             0.8052
style_strength_calibrated             informal|dense|k10 informal|hybrid_early|a0.7|k10         250      -0.00466    -0.02307    0.01226        False     0.97171             0.5986
style_strength_calibrated             informal|dense|k10  informal|hybrid_early|a0.7|k5         250       0.01490    -0.00871    0.03804        False     0.48094             0.2219
style_strength_calibrated             informal|dense|k10 informal|hybrid_early|a0.9|k10         250      -0.01211    -0.02889    0.00357        False     0.04029             0.1471
style_strength_calibrated             informal|dense|k10  informal|hybrid_early|a0.9|k5         250       0.00508    -0.01642    0.02549        False     0.25483             0.6385
style_strength_calibrated             informal|dense|k10            informal|random|k10         250      -0.00514    -0.02669    0.01578        False     0.04992             0.6414
style_strength_calibrated             informal|dense|k10             informal|random|k5         250      -0.01869    -0.03945    0.00057        False     0.87537             0.0627
style_strength_calibrated             informal|dense|k10          informal|zero_shot|k5         250       0.59395     0.56756    0.61817         True     0.00000             0.0000
style_strength_calibrated              informal|dense|k5 informal|hybrid_early|a0.1|k10         250      -0.01428    -0.03766    0.00861        False     0.94671             0.2227
style_strength_calibrated              informal|dense|k5  informal|hybrid_early|a0.1|k5         250       0.00639    -0.01319    0.02528        False     0.00003             0.5148
style_strength_calibrated              informal|dense|k5 informal|hybrid_early|a0.3|k10         250      -0.03579    -0.05753   -0.01676         True     0.00185             0.0004
style_strength_calibrated              informal|dense|k5  informal|hybrid_early|a0.3|k5         250      -0.02255    -0.04414   -0.00226         True     0.88365             0.0336
style_strength_calibrated              informal|dense|k5 informal|hybrid_early|a0.5|k10         250      -0.02917    -0.05041   -0.00935         True     0.00829             0.0032
style_strength_calibrated              informal|dense|k5  informal|hybrid_early|a0.5|k5         250      -0.00849    -0.03100    0.01295        False     0.91411             0.4548
style_strength_calibrated              informal|dense|k5 informal|hybrid_early|a0.7|k10         250      -0.01603    -0.03393    0.00103        False     0.06496             0.0729
style_strength_calibrated              informal|dense|k5  informal|hybrid_early|a0.7|k5         250       0.00353    -0.01473    0.02280        False     0.78064             0.7183
style_strength_calibrated              informal|dense|k5 informal|hybrid_early|a0.9|k10         250      -0.02348    -0.04282   -0.00410         True     0.00064             0.0129
style_strength_calibrated              informal|dense|k5  informal|hybrid_early|a0.9|k5         250      -0.00628    -0.02065    0.00682        False     0.37231             0.3766
style_strength_calibrated              informal|dense|k5            informal|random|k10         250      -0.01651    -0.03920    0.00607        False     0.00014             0.1501
style_strength_calibrated              informal|dense|k5             informal|random|k5         250      -0.03005    -0.04970   -0.01156         True     0.19434             0.0017
style_strength_calibrated              informal|dense|k5          informal|zero_shot|k5         250       0.58258     0.55596    0.60719         True     0.00000             0.0000
style_strength_calibrated informal|hybrid_early|a0.1|k10  informal|hybrid_early|a0.1|k5         250       0.02067    -0.00173    0.04227        False     0.00004             0.0678
style_strength_calibrated informal|hybrid_early|a0.1|k10 informal|hybrid_early|a0.3|k10         250      -0.02151    -0.04158   -0.00333         True     0.00027             0.0264
style_strength_calibrated informal|hybrid_early|a0.1|k10  informal|hybrid_early|a0.3|k5         250      -0.00828    -0.03157    0.01357        False     0.79694             0.4786
style_strength_calibrated informal|hybrid_early|a0.1|k10 informal|hybrid_early|a0.5|k10         250      -0.01490    -0.03432    0.00330        False     0.00698             0.1193
style_strength_calibrated informal|hybrid_early|a0.1|k10  informal|hybrid_early|a0.5|k5         250       0.00579    -0.01279    0.02463        False     0.48429             0.5377
style_strength_calibrated informal|hybrid_early|a0.1|k10 informal|hybrid_early|a0.7|k10         250      -0.00175    -0.02208    0.01933        False     0.05555             0.8649
style_strength_calibrated informal|hybrid_early|a0.1|k10  informal|hybrid_early|a0.7|k5         250       0.01781    -0.00782    0.04397        False     0.97177             0.1807
style_strength_calibrated informal|hybrid_early|a0.1|k10 informal|hybrid_early|a0.9|k10         250      -0.00920    -0.03111    0.01221        False     0.00280             0.4063
style_strength_calibrated informal|hybrid_early|a0.1|k10  informal|hybrid_early|a0.9|k5         250       0.00800    -0.01615    0.03247        False     0.95158             0.5215
style_strength_calibrated informal|hybrid_early|a0.1|k10            informal|random|k10         250      -0.00223    -0.02457    0.02025        False     0.00147             0.8387
style_strength_calibrated informal|hybrid_early|a0.1|k10             informal|random|k5         250      -0.01578    -0.03454    0.00207        False     0.15225             0.0962
style_strength_calibrated informal|hybrid_early|a0.1|k10          informal|zero_shot|k5         250       0.59686     0.56957    0.62250         True     0.00000             0.0000
style_strength_calibrated  informal|hybrid_early|a0.1|k5 informal|hybrid_early|a0.3|k10         250      -0.04218    -0.06142   -0.02468         True     0.00000             0.0000
style_strength_calibrated  informal|hybrid_early|a0.1|k5  informal|hybrid_early|a0.3|k5         250      -0.02894    -0.05095   -0.00695         True     0.00003             0.0087
style_strength_calibrated  informal|hybrid_early|a0.1|k5 informal|hybrid_early|a0.5|k10         250      -0.03556    -0.05435   -0.01699         True     0.00000             0.0002
style_strength_calibrated  informal|hybrid_early|a0.1|k5  informal|hybrid_early|a0.5|k5         250      -0.01488    -0.03554    0.00614        False     0.00008             0.1682
style_strength_calibrated  informal|hybrid_early|a0.1|k5 informal|hybrid_early|a0.7|k10         250      -0.02242    -0.04306   -0.00107         True     0.00000             0.0341
style_strength_calibrated  informal|hybrid_early|a0.1|k5  informal|hybrid_early|a0.7|k5         250      -0.00286    -0.02655    0.02165        False     0.00003             0.8145
style_strength_calibrated  informal|hybrid_early|a0.1|k5 informal|hybrid_early|a0.9|k10         250      -0.02986    -0.05219   -0.00715         True     0.00000             0.0077
style_strength_calibrated  informal|hybrid_early|a0.1|k5  informal|hybrid_early|a0.9|k5         250      -0.01267    -0.03305    0.00805        False     0.00050             0.2337
style_strength_calibrated  informal|hybrid_early|a0.1|k5            informal|random|k10         250      -0.02290    -0.04438   -0.00124         True     0.00000             0.0408
style_strength_calibrated  informal|hybrid_early|a0.1|k5             informal|random|k5         250      -0.03644    -0.05420   -0.01924         True     0.00000             0.0000
style_strength_calibrated  informal|hybrid_early|a0.1|k5          informal|zero_shot|k5         250       0.57619     0.55020    0.60101         True     0.00000             0.0000
style_strength_calibrated informal|hybrid_early|a0.3|k10  informal|hybrid_early|a0.3|k5         250       0.01324    -0.00213    0.02936        False     0.00002             0.1043
style_strength_calibrated informal|hybrid_early|a0.3|k10 informal|hybrid_early|a0.5|k10         250       0.00662    -0.00673    0.02167        False     0.19203             0.3807
style_strength_calibrated informal|hybrid_early|a0.3|k10  informal|hybrid_early|a0.5|k5         250       0.02730     0.01077    0.04530         True     0.00094             0.0011
style_strength_calibrated informal|hybrid_early|a0.3|k10 informal|hybrid_early|a0.7|k10         250       0.01976     0.00162    0.04006         True     0.04511             0.0444
style_strength_calibrated informal|hybrid_early|a0.3|k10  informal|hybrid_early|a0.7|k5         250       0.03932     0.01823    0.06270         True     0.00052             0.0009
style_strength_calibrated informal|hybrid_early|a0.3|k10 informal|hybrid_early|a0.9|k10         250       0.01232    -0.00500    0.03165        False     0.15719             0.1932
style_strength_calibrated informal|hybrid_early|a0.3|k10  informal|hybrid_early|a0.9|k5         250       0.02951     0.00854    0.05219         True     0.00036             0.0074
style_strength_calibrated informal|hybrid_early|a0.3|k10            informal|random|k10         250       0.01928     0.00256    0.03802         True     0.90437             0.0324
style_strength_calibrated informal|hybrid_early|a0.3|k10             informal|random|k5         250       0.00574    -0.00717    0.02026        False     0.13481             0.4219
style_strength_calibrated informal|hybrid_early|a0.3|k10          informal|zero_shot|k5         250       0.61837     0.59750    0.63788         True     0.00000             0.0000
style_strength_calibrated  informal|hybrid_early|a0.3|k5 informal|hybrid_early|a0.5|k10         250      -0.00662    -0.02456    0.01150        False     0.00203             0.4892
style_strength_calibrated  informal|hybrid_early|a0.3|k5  informal|hybrid_early|a0.5|k5         250       0.01407    -0.00689    0.03568        False     0.26048             0.2045
style_strength_calibrated  informal|hybrid_early|a0.3|k5 informal|hybrid_early|a0.7|k10         250       0.00653    -0.01554    0.02897        False     0.00950             0.5795
style_strength_calibrated  informal|hybrid_early|a0.3|k5  informal|hybrid_early|a0.7|k5         250       0.02609     0.00284    0.05071         True     0.62038             0.0344
style_strength_calibrated  informal|hybrid_early|a0.3|k5 informal|hybrid_early|a0.9|k10         250      -0.00092    -0.01887    0.01681        False     0.01667             0.9244
style_strength_calibrated  informal|hybrid_early|a0.3|k5  informal|hybrid_early|a0.9|k5         250       0.01627    -0.00485    0.03789        False     0.85808             0.1373
style_strength_calibrated  informal|hybrid_early|a0.3|k5            informal|random|k10         250       0.00604    -0.01572    0.02771        False     0.00167             0.5961
style_strength_calibrated  informal|hybrid_early|a0.3|k5             informal|random|k5         250      -0.00750    -0.02680    0.01180        False     0.28036             0.4578
style_strength_calibrated  informal|hybrid_early|a0.3|k5          informal|zero_shot|k5         250       0.60514     0.58244    0.62644         True     0.00000             0.0000
style_strength_calibrated informal|hybrid_early|a0.5|k10  informal|hybrid_early|a0.5|k5         250       0.02069     0.00547    0.03668         True     0.02652             0.0070
style_strength_calibrated informal|hybrid_early|a0.5|k10 informal|hybrid_early|a0.7|k10         250       0.01315    -0.00539    0.03325        False     0.23434             0.1847
style_strength_calibrated informal|hybrid_early|a0.5|k10  informal|hybrid_early|a0.7|k5         250       0.03271     0.01260    0.05363         True     0.00153             0.0021
style_strength_calibrated informal|hybrid_early|a0.5|k10 informal|hybrid_early|a0.9|k10         250       0.00570    -0.01312    0.02466        False     0.90787             0.5619
style_strength_calibrated informal|hybrid_early|a0.5|k10  informal|hybrid_early|a0.9|k5         250       0.02289     0.00243    0.04403         True     0.00053             0.0310
style_strength_calibrated informal|hybrid_early|a0.5|k10            informal|random|k10         250       0.01267    -0.00705    0.03320        False     0.28852             0.2315
style_strength_calibrated informal|hybrid_early|a0.5|k10             informal|random|k5         250      -0.00088    -0.01457    0.01260        False     0.19251             0.9076
style_strength_calibrated informal|hybrid_early|a0.5|k10          informal|zero_shot|k5         250       0.61176     0.58910    0.63315         True     0.00000             0.0000
style_strength_calibrated  informal|hybrid_early|a0.5|k5 informal|hybrid_early|a0.7|k10         250      -0.00754    -0.02740    0.01256        False     0.26148             0.4683
style_strength_calibrated  informal|hybrid_early|a0.5|k5  informal|hybrid_early|a0.7|k5         250       0.01202    -0.01117    0.03553        False     0.26565             0.3265
style_strength_calibrated  informal|hybrid_early|a0.5|k5 informal|hybrid_early|a0.9|k10         250      -0.01499    -0.03633    0.00628        False     0.04353             0.1696
style_strength_calibrated  informal|hybrid_early|a0.5|k5  informal|hybrid_early|a0.9|k5         250       0.00220    -0.02082    0.02512        False     0.60105             0.8544
style_strength_calibrated  informal|hybrid_early|a0.5|k5            informal|random|k10         250      -0.00802    -0.02977    0.01393        False     0.00439             0.4771
style_strength_calibrated  informal|hybrid_early|a0.5|k5             informal|random|k5         250      -0.02157    -0.03890   -0.00454         True     0.26471             0.0117
style_strength_calibrated  informal|hybrid_early|a0.5|k5          informal|zero_shot|k5         250       0.59107     0.56551    0.61458         True     0.00000             0.0000
style_strength_calibrated informal|hybrid_early|a0.7|k10  informal|hybrid_early|a0.7|k5         250       0.01956    -0.00284    0.04216        False     0.02926             0.1007
style_strength_calibrated informal|hybrid_early|a0.7|k10 informal|hybrid_early|a0.9|k10         250      -0.00745    -0.02379    0.00931        False     0.07449             0.3921
style_strength_calibrated informal|hybrid_early|a0.7|k10  informal|hybrid_early|a0.9|k5         250       0.00974    -0.00892    0.02800        False     0.01623             0.3226
style_strength_calibrated informal|hybrid_early|a0.7|k10            informal|random|k10         250      -0.00048    -0.01939    0.01850        False     0.05530             0.9623
style_strength_calibrated informal|hybrid_early|a0.7|k10             informal|random|k5         250      -0.01403    -0.03165    0.00198        False     0.77543             0.1093
style_strength_calibrated informal|hybrid_early|a0.7|k10          informal|zero_shot|k5         250       0.59861     0.57276    0.62242         True     0.00000             0.0000
style_strength_calibrated  informal|hybrid_early|a0.7|k5 informal|hybrid_early|a0.9|k10         250      -0.02701    -0.05025   -0.00490         True     0.00192             0.0184
style_strength_calibrated  informal|hybrid_early|a0.7|k5  informal|hybrid_early|a0.9|k5         250      -0.00982    -0.02837    0.00751        False     0.66375             0.2948
style_strength_calibrated  informal|hybrid_early|a0.7|k5            informal|random|k10         250      -0.02004    -0.04437    0.00382        False     0.00016             0.1121
style_strength_calibrated  informal|hybrid_early|a0.7|k5             informal|random|k5         250      -0.03359    -0.05721   -0.01117         True     0.49915             0.0043
style_strength_calibrated  informal|hybrid_early|a0.7|k5          informal|zero_shot|k5         250       0.57905     0.55113    0.60520         True     0.00000             0.0000
style_strength_calibrated informal|hybrid_early|a0.9|k10  informal|hybrid_early|a0.9|k5         250       0.01719    -0.00109    0.03672        False     0.00310             0.0672
style_strength_calibrated informal|hybrid_early|a0.9|k10            informal|random|k10         250       0.00697    -0.01366    0.02806        False     0.59213             0.5266
style_strength_calibrated informal|hybrid_early|a0.9|k10             informal|random|k5         250      -0.00658    -0.02469    0.00992        False     0.07167             0.4750
style_strength_calibrated informal|hybrid_early|a0.9|k10          informal|zero_shot|k5         250       0.60606     0.58253    0.62784         True     0.00000             0.0000
style_strength_calibrated  informal|hybrid_early|a0.9|k5            informal|random|k10         250      -0.01023    -0.03229    0.01194        False     0.00003             0.3711
style_strength_calibrated  informal|hybrid_early|a0.9|k5             informal|random|k5         250      -0.02377    -0.04401   -0.00408         True     0.08200             0.0200
style_strength_calibrated  informal|hybrid_early|a0.9|k5          informal|zero_shot|k5         250       0.58887     0.56393    0.61229         True     0.00000             0.0000
style_strength_calibrated            informal|random|k10             informal|random|k5         250      -0.01354    -0.03109    0.00439        False     0.04043             0.1340
style_strength_calibrated            informal|random|k10          informal|zero_shot|k5         250       0.59909     0.57444    0.62232         True     0.00000             0.0000
style_strength_calibrated             informal|random|k5          informal|zero_shot|k5         250       0.61264     0.59062    0.63362         True     0.00000             0.0000

Catatan: 'bermakna_95' berarti interval keyakinan 95% selisih berpasangan tidak memuat nol. Bila kolom p_wilcoxon kosong, scipy tidak terpasang dan dipakai uji permutasi tanda.
Hasil disimpan: D:\FILEMAHASISWA\Fikri Hasani Folder\JCCE-First Revision\TABEL_uji_formality_style_strength_calibrated.csv


########## formality / content_preservation (exit 0) ##########

Metrik: content_preservation | konfigurasi: 38 | pasangan sebanding: 342
361 pasangan lintas target dilewati, karena membandingkan dua target gaya yang berbeda tidak bermakna

              metrik                  konfigurasi_a                  konfigurasi_b  n_pasangan  selisih_mean  ci95_bawah  ci95_atas  bermakna_95  p_wilcoxon  p_permutasi_tanda
content_preservation                formal|bm25|k10                 formal|bm25|k5         250       0.03177     0.01750    0.04623         True     0.00035             0.0000
content_preservation                formal|bm25|k10            formal|centroid|k10         250       0.05720     0.03966    0.07633         True     0.00000             0.0000
content_preservation                formal|bm25|k10             formal|centroid|k5         250       0.10131     0.08250    0.12055         True     0.00000             0.0000
content_preservation                formal|bm25|k10               formal|dense|k10         250       0.01872     0.00556    0.03247         True     0.00507             0.0072
content_preservation                formal|bm25|k10                formal|dense|k5         250       0.02717     0.01431    0.04005         True     0.00001             0.0002
content_preservation                formal|bm25|k10   formal|hybrid_early|a0.1|k10         250       0.05994     0.04300    0.07822         True     0.00000             0.0000
content_preservation                formal|bm25|k10    formal|hybrid_early|a0.1|k5         250       0.07814     0.06197    0.09499         True     0.00000             0.0000
content_preservation                formal|bm25|k10   formal|hybrid_early|a0.3|k10         250       0.03555     0.02016    0.05156         True     0.00001             0.0000
content_preservation                formal|bm25|k10    formal|hybrid_early|a0.3|k5         250       0.05505     0.03801    0.07248         True     0.00000             0.0000
content_preservation                formal|bm25|k10   formal|hybrid_early|a0.5|k10         250       0.02087     0.00680    0.03507         True     0.00171             0.0027
content_preservation                formal|bm25|k10    formal|hybrid_early|a0.5|k5         250       0.03295     0.01892    0.04702         True     0.00000             0.0000
content_preservation                formal|bm25|k10   formal|hybrid_early|a0.7|k10         250       0.02174     0.00793    0.03571         True     0.00446             0.0020
content_preservation                formal|bm25|k10    formal|hybrid_early|a0.7|k5         250       0.03713     0.02395    0.05039         True     0.00000             0.0000
content_preservation                formal|bm25|k10   formal|hybrid_early|a0.9|k10         250       0.01445     0.00075    0.02787         True     0.00509             0.0358
content_preservation                formal|bm25|k10    formal|hybrid_early|a0.9|k5         250       0.03045     0.01877    0.04223         True     0.00000             0.0000
content_preservation                formal|bm25|k10              formal|random|k10         250       0.04654     0.03024    0.06342         True     0.00000             0.0000
content_preservation                formal|bm25|k10               formal|random|k5         250       0.06192     0.04576    0.07839         True     0.00000             0.0000
content_preservation                formal|bm25|k10            formal|zero_shot|k5         250       0.31141     0.28379    0.33955         True     0.00000             0.0000
content_preservation                 formal|bm25|k5            formal|centroid|k10         250       0.02543     0.00717    0.04466         True     0.04333             0.0068
content_preservation                 formal|bm25|k5             formal|centroid|k5         250       0.06954     0.05073    0.08918         True     0.00000             0.0000
content_preservation                 formal|bm25|k5               formal|dense|k10         250      -0.01305    -0.03002    0.00416        False     0.37317             0.1395
content_preservation                 formal|bm25|k5                formal|dense|k5         250      -0.00460    -0.02040    0.01097        False     0.96381             0.5621
content_preservation                 formal|bm25|k5   formal|hybrid_early|a0.1|k10         250       0.02817     0.00961    0.04714         True     0.00396             0.0030
content_preservation                 formal|bm25|k5    formal|hybrid_early|a0.1|k5         250       0.04637     0.02940    0.06406         True     0.00000             0.0000
content_preservation                 formal|bm25|k5   formal|hybrid_early|a0.3|k10         250       0.00378    -0.01304    0.02086        False     0.64108             0.6606
content_preservation                 formal|bm25|k5    formal|hybrid_early|a0.3|k5         250       0.02328     0.00624    0.04043         True     0.00476             0.0077
content_preservation                 formal|bm25|k5   formal|hybrid_early|a0.5|k10         250      -0.01091    -0.02751    0.00605        False     0.49490             0.2088
content_preservation                 formal|bm25|k5    formal|hybrid_early|a0.5|k5         250       0.00117    -0.01543    0.01752        False     0.55032             0.8965
content_preservation                 formal|bm25|k5   formal|hybrid_early|a0.7|k10         250      -0.01003    -0.02588    0.00613        False     0.40036             0.2251
content_preservation                 formal|bm25|k5    formal|hybrid_early|a0.7|k5         250       0.00536    -0.01016    0.02075        False     0.10253             0.5014
content_preservation                 formal|bm25|k5   formal|hybrid_early|a0.9|k10         250      -0.01732    -0.03490   -0.00016         True     0.24958             0.0491
content_preservation                 formal|bm25|k5    formal|hybrid_early|a0.9|k5         250      -0.00132    -0.01604    0.01317        False     0.44898             0.8581
content_preservation                 formal|bm25|k5              formal|random|k10         250       0.01477    -0.00236    0.03254        False     0.06329             0.1050
content_preservation                 formal|bm25|k5               formal|random|k5         250       0.03014     0.01377    0.04710         True     0.00005             0.0005
content_preservation                 formal|bm25|k5            formal|zero_shot|k5         250       0.27964     0.25263    0.30687         True     0.00000             0.0000
content_preservation            formal|centroid|k10             formal|centroid|k5         250       0.04411     0.02779    0.06005         True     0.00000             0.0000
content_preservation            formal|centroid|k10               formal|dense|k10         250      -0.03848    -0.05752   -0.01996         True     0.00026             0.0000
content_preservation            formal|centroid|k10                formal|dense|k5         250      -0.03003    -0.04794   -0.01266         True     0.02432             0.0009
content_preservation            formal|centroid|k10   formal|hybrid_early|a0.1|k10         250       0.00274    -0.01300    0.01845        False     0.79428             0.7279
content_preservation            formal|centroid|k10    formal|hybrid_early|a0.1|k5         250       0.02094     0.00583    0.03498         True     0.00000             0.0061
content_preservation            formal|centroid|k10   formal|hybrid_early|a0.3|k10         250      -0.02165    -0.03795   -0.00586         True     0.01115             0.0094
content_preservation            formal|centroid|k10    formal|hybrid_early|a0.3|k5         250      -0.00215    -0.02000    0.01475        False     0.43023             0.8096
content_preservation            formal|centroid|k10   formal|hybrid_early|a0.5|k10         250      -0.03634    -0.05414   -0.01899         True     0.00319             0.0000
content_preservation            formal|centroid|k10    formal|hybrid_early|a0.5|k5         250      -0.02426    -0.04263   -0.00731         True     0.10514             0.0089
content_preservation            formal|centroid|k10   formal|hybrid_early|a0.7|k10         250      -0.03546    -0.05249   -0.01872         True     0.00005             0.0001
content_preservation            formal|centroid|k10    formal|hybrid_early|a0.7|k5         250      -0.02007    -0.03637   -0.00431         True     0.18143             0.0180
content_preservation            formal|centroid|k10   formal|hybrid_early|a0.9|k10         250      -0.04275    -0.06256   -0.02453         True     0.00032             0.0000
content_preservation            formal|centroid|k10    formal|hybrid_early|a0.9|k5         250      -0.02675    -0.04426   -0.00988         True     0.09352             0.0026
content_preservation            formal|centroid|k10              formal|random|k10         250      -0.01066    -0.02905    0.00735        False     0.55267             0.2536
content_preservation            formal|centroid|k10               formal|random|k5         250       0.00471    -0.01502    0.02409        False     0.08139             0.6309
content_preservation            formal|centroid|k10            formal|zero_shot|k5         250       0.25421     0.22724    0.28120         True     0.00000             0.0000
content_preservation             formal|centroid|k5               formal|dense|k10         250      -0.08259    -0.10143   -0.06364         True     0.00000             0.0000
content_preservation             formal|centroid|k5                formal|dense|k5         250      -0.07414    -0.09252   -0.05590         True     0.00000             0.0000
content_preservation             formal|centroid|k5   formal|hybrid_early|a0.1|k10         250      -0.04137    -0.05653   -0.02603         True     0.00000             0.0000
content_preservation             formal|centroid|k5    formal|hybrid_early|a0.1|k5         250      -0.02318    -0.03736   -0.00873         True     0.00155             0.0010
content_preservation             formal|centroid|k5   formal|hybrid_early|a0.3|k10         250      -0.06576    -0.08178   -0.05016         True     0.00000             0.0000
content_preservation             formal|centroid|k5    formal|hybrid_early|a0.3|k5         250      -0.04626    -0.06351   -0.02924         True     0.00000             0.0000
content_preservation             formal|centroid|k5   formal|hybrid_early|a0.5|k10         250      -0.08045    -0.09746   -0.06411         True     0.00000             0.0000
content_preservation             formal|centroid|k5    formal|hybrid_early|a0.5|k5         250      -0.06837    -0.08513   -0.05205         True     0.00000             0.0000
content_preservation             formal|centroid|k5   formal|hybrid_early|a0.7|k10         250      -0.07957    -0.09716   -0.06231         True     0.00000             0.0000
content_preservation             formal|centroid|k5    formal|hybrid_early|a0.7|k5         250      -0.06418    -0.08121   -0.04743         True     0.00000             0.0000
content_preservation             formal|centroid|k5   formal|hybrid_early|a0.9|k10         250      -0.08686    -0.10610   -0.06888         True     0.00000             0.0000
content_preservation             formal|centroid|k5    formal|hybrid_early|a0.9|k5         250      -0.07086    -0.08862   -0.05344         True     0.00000             0.0000
content_preservation             formal|centroid|k5              formal|random|k10         250      -0.05477    -0.07209   -0.03723         True     0.00000             0.0000
content_preservation             formal|centroid|k5               formal|random|k5         250      -0.03940    -0.05729   -0.02153         True     0.00005             0.0000
content_preservation             formal|centroid|k5            formal|zero_shot|k5         250       0.21010     0.18526    0.23471         True     0.00000             0.0000
content_preservation               formal|dense|k10                formal|dense|k5         250       0.00845    -0.00267    0.01951        False     0.09355             0.1410
content_preservation               formal|dense|k10   formal|hybrid_early|a0.1|k10         250       0.04122     0.02348    0.05952         True     0.00010             0.0000
content_preservation               formal|dense|k10    formal|hybrid_early|a0.1|k5         250       0.05942     0.04344    0.07577         True     0.00000             0.0000
content_preservation               formal|dense|k10   formal|hybrid_early|a0.3|k10         250       0.01683     0.00131    0.03241         True     0.03476             0.0366
content_preservation               formal|dense|k10    formal|hybrid_early|a0.3|k5         250       0.03633     0.01998    0.05293         True     0.00001             0.0000
content_preservation               formal|dense|k10   formal|hybrid_early|a0.5|k10         250       0.00214    -0.01071    0.01530        False     0.65348             0.7450
content_preservation               formal|dense|k10    formal|hybrid_early|a0.5|k5         250       0.01422     0.00079    0.02759         True     0.00807             0.0389
content_preservation               formal|dense|k10   formal|hybrid_early|a0.7|k10         250       0.00302    -0.00924    0.01509        False     0.41904             0.6311
content_preservation               formal|dense|k10    formal|hybrid_early|a0.7|k5         250       0.01841     0.00645    0.03055         True     0.00106             0.0030
content_preservation               formal|dense|k10   formal|hybrid_early|a0.9|k10         250      -0.00427    -0.01529    0.00611        False     0.59629             0.4359
content_preservation               formal|dense|k10    formal|hybrid_early|a0.9|k5         250       0.01173    -0.00013    0.02334        False     0.01411             0.0466
content_preservation               formal|dense|k10              formal|random|k10         250       0.02782     0.01026    0.04544         True     0.00289             0.0021
content_preservation               formal|dense|k10               formal|random|k5         250       0.04319     0.02574    0.06103         True     0.00000             0.0000
content_preservation               formal|dense|k10            formal|zero_shot|k5         250       0.29269     0.26629    0.31892         True     0.00000             0.0000
content_preservation                formal|dense|k5   formal|hybrid_early|a0.1|k10         250       0.03277     0.01471    0.05142         True     0.00938             0.0010
content_preservation                formal|dense|k5    formal|hybrid_early|a0.1|k5         250       0.05097     0.03490    0.06718         True     0.00000             0.0000
content_preservation                formal|dense|k5   formal|hybrid_early|a0.3|k10         250       0.00838    -0.00744    0.02461        False     0.71495             0.3138
content_preservation                formal|dense|k5    formal|hybrid_early|a0.3|k5         250       0.02789     0.01103    0.04505         True     0.00031             0.0011
content_preservation                formal|dense|k5   formal|hybrid_early|a0.5|k10         250      -0.00630    -0.01998    0.00747        False     0.27566             0.3694
content_preservation                formal|dense|k5    formal|hybrid_early|a0.5|k5         250       0.00578    -0.00709    0.01837        False     0.26664             0.3701
content_preservation                formal|dense|k5   formal|hybrid_early|a0.7|k10         250      -0.00542    -0.01813    0.00734        False     0.21371             0.4137
content_preservation                formal|dense|k5    formal|hybrid_early|a0.7|k5         250       0.00996    -0.00121    0.02127        False     0.03715             0.0832
content_preservation                formal|dense|k5   formal|hybrid_early|a0.9|k10         250      -0.01272    -0.02457   -0.00112         True     0.00802             0.0361
content_preservation                formal|dense|k5    formal|hybrid_early|a0.9|k5         250       0.00328    -0.00485    0.01155        False     0.27334             0.4316
content_preservation                formal|dense|k5              formal|random|k10         250       0.01938     0.00292    0.03631         True     0.04876             0.0235
content_preservation                formal|dense|k5               formal|random|k5         250       0.03475     0.01776    0.05192         True     0.00007             0.0002
content_preservation                formal|dense|k5            formal|zero_shot|k5         250       0.28424     0.25762    0.31069         True     0.00000             0.0000
content_preservation   formal|hybrid_early|a0.1|k10    formal|hybrid_early|a0.1|k5         250       0.01820     0.00454    0.03209         True     0.00057             0.0102
content_preservation   formal|hybrid_early|a0.1|k10   formal|hybrid_early|a0.3|k10         250      -0.02439    -0.03923   -0.01042         True     0.00279             0.0007
content_preservation   formal|hybrid_early|a0.1|k10    formal|hybrid_early|a0.3|k5         250      -0.00489    -0.02210    0.01184        False     0.74606             0.5608
content_preservation   formal|hybrid_early|a0.1|k10   formal|hybrid_early|a0.5|k10         250      -0.03908    -0.05574   -0.02294         True     0.00040             0.0000
content_preservation   formal|hybrid_early|a0.1|k10    formal|hybrid_early|a0.5|k5         250      -0.02700    -0.04406   -0.01066         True     0.09199             0.0020
content_preservation   formal|hybrid_early|a0.1|k10   formal|hybrid_early|a0.7|k10         250      -0.03820    -0.05475   -0.02232         True     0.00005             0.0000
content_preservation   formal|hybrid_early|a0.1|k10    formal|hybrid_early|a0.7|k5         250      -0.02281    -0.04012   -0.00631         True     0.15326             0.0095
content_preservation   formal|hybrid_early|a0.1|k10   formal|hybrid_early|a0.9|k10         250      -0.04549    -0.06474   -0.02766         True     0.00005             0.0000
content_preservation   formal|hybrid_early|a0.1|k10    formal|hybrid_early|a0.9|k5         250      -0.02949    -0.04595   -0.01363         True     0.01653             0.0005
content_preservation   formal|hybrid_early|a0.1|k10              formal|random|k10         250      -0.01340    -0.03177    0.00481        False     0.37112             0.1600
content_preservation   formal|hybrid_early|a0.1|k10               formal|random|k5         250       0.00197    -0.01593    0.01989        False     0.16184             0.8290
content_preservation   formal|hybrid_early|a0.1|k10            formal|zero_shot|k5         250       0.25147     0.22383    0.27882         True     0.00000             0.0000
content_preservation    formal|hybrid_early|a0.1|k5   formal|hybrid_early|a0.3|k10         250      -0.04259    -0.05864   -0.02735         True     0.00000             0.0000
content_preservation    formal|hybrid_early|a0.1|k5    formal|hybrid_early|a0.3|k5         250      -0.02308    -0.03896   -0.00701         True     0.00052             0.0059
content_preservation    formal|hybrid_early|a0.1|k5   formal|hybrid_early|a0.5|k10         250      -0.05727    -0.07270   -0.04198         True     0.00000             0.0000
content_preservation    formal|hybrid_early|a0.1|k5    formal|hybrid_early|a0.5|k5         250      -0.04519    -0.06033   -0.03034         True     0.00000             0.0000
content_preservation    formal|hybrid_early|a0.1|k5   formal|hybrid_early|a0.7|k10         250      -0.05639    -0.07168   -0.04172         True     0.00000             0.0000
content_preservation    formal|hybrid_early|a0.1|k5    formal|hybrid_early|a0.7|k5         250      -0.04101    -0.05660   -0.02546         True     0.00000             0.0000
content_preservation    formal|hybrid_early|a0.1|k5   formal|hybrid_early|a0.9|k10         250      -0.06369    -0.08121   -0.04756         True     0.00000             0.0000
content_preservation    formal|hybrid_early|a0.1|k5    formal|hybrid_early|a0.9|k5         250      -0.04769    -0.06356   -0.03229         True     0.00000             0.0000
content_preservation    formal|hybrid_early|a0.1|k5              formal|random|k10         250      -0.03159    -0.04797   -0.01511         True     0.00001             0.0002
content_preservation    formal|hybrid_early|a0.1|k5               formal|random|k5         250      -0.01622    -0.03313    0.00056        False     0.05871             0.0627
content_preservation    formal|hybrid_early|a0.1|k5            formal|zero_shot|k5         250       0.23328     0.20777    0.25936         True     0.00000             0.0000
content_preservation   formal|hybrid_early|a0.3|k10    formal|hybrid_early|a0.3|k5         250       0.01950     0.00432    0.03511         True     0.00687             0.0129
content_preservation   formal|hybrid_early|a0.3|k10   formal|hybrid_early|a0.5|k10         250      -0.01468    -0.02894   -0.00065         True     0.26187             0.0500
content_preservation   formal|hybrid_early|a0.3|k10    formal|hybrid_early|a0.5|k5         250      -0.00260    -0.01804    0.01208        False     0.36133             0.7312
content_preservation   formal|hybrid_early|a0.3|k10   formal|hybrid_early|a0.7|k10         250      -0.01380    -0.02835    0.00008        False     0.14842             0.0607
content_preservation   formal|hybrid_early|a0.3|k10    formal|hybrid_early|a0.7|k5         250       0.00158    -0.01338    0.01604        False     0.16965             0.8310
content_preservation   formal|hybrid_early|a0.3|k10   formal|hybrid_early|a0.9|k10         250      -0.02110    -0.03757   -0.00539         True     0.02875             0.0103
content_preservation   formal|hybrid_early|a0.3|k10    formal|hybrid_early|a0.9|k5         250      -0.00510    -0.01977    0.00939        False     0.90722             0.5004
content_preservation   formal|hybrid_early|a0.3|k10              formal|random|k10         250       0.01100    -0.00616    0.02854        False     0.17301             0.2188
content_preservation   formal|hybrid_early|a0.3|k10               formal|random|k5         250       0.02637     0.00879    0.04373         True     0.00065             0.0027
content_preservation   formal|hybrid_early|a0.3|k10            formal|zero_shot|k5         250       0.27586     0.25125    0.30127         True     0.00000             0.0000
content_preservation    formal|hybrid_early|a0.3|k5   formal|hybrid_early|a0.5|k10         250      -0.03419    -0.04980   -0.01920         True     0.00004             0.0000
content_preservation    formal|hybrid_early|a0.3|k5    formal|hybrid_early|a0.5|k5         250      -0.02211    -0.03794   -0.00687         True     0.01470             0.0041
content_preservation    formal|hybrid_early|a0.3|k5   formal|hybrid_early|a0.7|k10         250      -0.03331    -0.05034   -0.01686         True     0.00001             0.0002
content_preservation    formal|hybrid_early|a0.3|k5    formal|hybrid_early|a0.7|k5         250      -0.01792    -0.03418   -0.00202         True     0.02811             0.0318
content_preservation    formal|hybrid_early|a0.3|k5   formal|hybrid_early|a0.9|k10         250      -0.04060    -0.05872   -0.02353         True     0.00000             0.0000
content_preservation    formal|hybrid_early|a0.3|k5    formal|hybrid_early|a0.9|k5         250      -0.02460    -0.04065   -0.00881         True     0.00113             0.0021
content_preservation    formal|hybrid_early|a0.3|k5              formal|random|k10         250      -0.00851    -0.02737    0.01001        False     0.37399             0.3824
content_preservation    formal|hybrid_early|a0.3|k5               formal|random|k5         250       0.00686    -0.01098    0.02435        False     0.22373             0.4532
content_preservation    formal|hybrid_early|a0.3|k5            formal|zero_shot|k5         250       0.25636     0.23039    0.28276         True     0.00000             0.0000
content_preservation   formal|hybrid_early|a0.5|k10    formal|hybrid_early|a0.5|k5         250       0.01208    -0.00065    0.02463        False     0.01747             0.0614
content_preservation   formal|hybrid_early|a0.5|k10   formal|hybrid_early|a0.7|k10         250       0.00088    -0.00960    0.01180        False     0.57187             0.8788
content_preservation   formal|hybrid_early|a0.5|k10    formal|hybrid_early|a0.7|k5         250       0.01627     0.00436    0.02801         True     0.00840             0.0069
content_preservation   formal|hybrid_early|a0.5|k10   formal|hybrid_early|a0.9|k10         250      -0.00642    -0.01971    0.00662        False     0.33130             0.3487
content_preservation   formal|hybrid_early|a0.5|k10    formal|hybrid_early|a0.9|k5         250       0.00959    -0.00299    0.02194        False     0.17950             0.1275
content_preservation   formal|hybrid_early|a0.5|k10              formal|random|k10         250       0.02568     0.00894    0.04268         True     0.01672             0.0046
content_preservation   formal|hybrid_early|a0.5|k10               formal|random|k5         250       0.04105     0.02399    0.05802         True     0.00000             0.0000
content_preservation   formal|hybrid_early|a0.5|k10            formal|zero_shot|k5         250       0.29055     0.26423    0.31721         True     0.00000             0.0000
content_preservation    formal|hybrid_early|a0.5|k5   formal|hybrid_early|a0.7|k10         250      -0.01120    -0.02388    0.00147        False     0.00133             0.0840
content_preservation    formal|hybrid_early|a0.5|k5    formal|hybrid_early|a0.7|k5         250       0.00419    -0.00790    0.01666        False     0.62763             0.5000
content_preservation    formal|hybrid_early|a0.5|k5   formal|hybrid_early|a0.9|k10         250      -0.01850    -0.03079   -0.00641         True     0.00275             0.0030
content_preservation    formal|hybrid_early|a0.5|k5    formal|hybrid_early|a0.9|k5         250      -0.00249    -0.01527    0.01017        False     0.59418             0.6986
content_preservation    formal|hybrid_early|a0.5|k5              formal|random|k10         250       0.01360    -0.00268    0.03066        False     0.34113             0.1132
content_preservation    formal|hybrid_early|a0.5|k5               formal|random|k5         250       0.02897     0.01312    0.04575         True     0.00070             0.0003
content_preservation    formal|hybrid_early|a0.5|k5            formal|zero_shot|k5         250       0.27847     0.25258    0.30449         True     0.00000             0.0000
content_preservation   formal|hybrid_early|a0.7|k10    formal|hybrid_early|a0.7|k5         250       0.01539     0.00519    0.02599         True     0.00273             0.0042
content_preservation   formal|hybrid_early|a0.7|k10   formal|hybrid_early|a0.9|k10         250      -0.00729    -0.01953    0.00467        False     0.32028             0.2549
content_preservation   formal|hybrid_early|a0.7|k10    formal|hybrid_early|a0.9|k5         250       0.00871    -0.00268    0.01997        False     0.01655             0.1272
content_preservation   formal|hybrid_early|a0.7|k10              formal|random|k10         250       0.02480     0.00897    0.04128         True     0.00730             0.0040
content_preservation   formal|hybrid_early|a0.7|k10               formal|random|k5         250       0.04017     0.02390    0.05663         True     0.00000             0.0000
content_preservation   formal|hybrid_early|a0.7|k10            formal|zero_shot|k5         250       0.28967     0.26349    0.31546         True     0.00000             0.0000
content_preservation    formal|hybrid_early|a0.7|k5   formal|hybrid_early|a0.9|k10         250      -0.02268    -0.03531   -0.01055         True     0.00025             0.0003
content_preservation    formal|hybrid_early|a0.7|k5    formal|hybrid_early|a0.9|k5         250      -0.00668    -0.01685    0.00340        False     0.23930             0.1946
content_preservation    formal|hybrid_early|a0.7|k5              formal|random|k10         250       0.00941    -0.00626    0.02516        False     0.67908             0.2516
content_preservation    formal|hybrid_early|a0.7|k5               formal|random|k5         250       0.02479     0.00823    0.04167         True     0.00479             0.0042
content_preservation    formal|hybrid_early|a0.7|k5            formal|zero_shot|k5         250       0.27428     0.24796    0.30055         True     0.00000             0.0000
content_preservation   formal|hybrid_early|a0.9|k10    formal|hybrid_early|a0.9|k5         250       0.01600     0.00423    0.02838         True     0.00946             0.0086
content_preservation   formal|hybrid_early|a0.9|k10              formal|random|k10         250       0.03209     0.01454    0.05015         True     0.00112             0.0001
content_preservation   formal|hybrid_early|a0.9|k10               formal|random|k5         250       0.04747     0.02927    0.06615         True     0.00000             0.0000
content_preservation   formal|hybrid_early|a0.9|k10            formal|zero_shot|k5         250       0.29696     0.26992    0.32363         True     0.00000             0.0000
content_preservation    formal|hybrid_early|a0.9|k5              formal|random|k10         250       0.01609     0.00047    0.03230         True     0.16357             0.0499
content_preservation    formal|hybrid_early|a0.9|k5               formal|random|k5         250       0.03146     0.01564    0.04764         True     0.00031             0.0000
content_preservation    formal|hybrid_early|a0.9|k5            formal|zero_shot|k5         250       0.28096     0.25441    0.30708         True     0.00000             0.0000
content_preservation              formal|random|k10               formal|random|k5         250       0.01537     0.00025    0.02991         True     0.00481             0.0440
content_preservation              formal|random|k10            formal|zero_shot|k5         250       0.26487     0.23904    0.29090         True     0.00000             0.0000
content_preservation               formal|random|k5            formal|zero_shot|k5         250       0.24950     0.22319    0.27641         True     0.00000             0.0000
content_preservation              informal|bm25|k10               informal|bm25|k5         250       0.00248    -0.00975    0.01390        False     0.31538             0.6900
content_preservation              informal|bm25|k10          informal|centroid|k10         250       0.03425     0.01628    0.05199         True     0.00151             0.0003
content_preservation              informal|bm25|k10           informal|centroid|k5         250       0.02936     0.01284    0.04614         True     0.00067             0.0009
content_preservation              informal|bm25|k10             informal|dense|k10         250      -0.00216    -0.01672    0.01201        False     0.85615             0.7600
content_preservation              informal|bm25|k10              informal|dense|k5         250       0.00034    -0.01274    0.01300        False     0.35948             0.9575
content_preservation              informal|bm25|k10 informal|hybrid_early|a0.1|k10         250       0.02435     0.00857    0.04042         True     0.00360             0.0017
content_preservation              informal|bm25|k10  informal|hybrid_early|a0.1|k5         250       0.03621     0.01989    0.05196         True     0.00000             0.0000
content_preservation              informal|bm25|k10 informal|hybrid_early|a0.3|k10         250       0.00291    -0.01213    0.01760        False     0.38539             0.7058
content_preservation              informal|bm25|k10  informal|hybrid_early|a0.3|k5         250       0.01593     0.00218    0.02945         True     0.00496             0.0244
content_preservation              informal|bm25|k10 informal|hybrid_early|a0.5|k10         250      -0.00129    -0.01666    0.01418        False     0.85252             0.8722
content_preservation              informal|bm25|k10  informal|hybrid_early|a0.5|k5         250       0.01213    -0.00268    0.02666        False     0.08672             0.1045
content_preservation              informal|bm25|k10 informal|hybrid_early|a0.7|k10         250      -0.00596    -0.02051    0.00831        False     0.65580             0.4149
content_preservation              informal|bm25|k10  informal|hybrid_early|a0.7|k5         250       0.00812    -0.00720    0.02323        False     0.12464             0.2867
content_preservation              informal|bm25|k10 informal|hybrid_early|a0.9|k10         250      -0.00082    -0.01616    0.01424        False     0.57434             0.9112
content_preservation              informal|bm25|k10  informal|hybrid_early|a0.9|k5         250      -0.00082    -0.01466    0.01280        False     0.51285             0.9090
content_preservation              informal|bm25|k10            informal|random|k10         250       0.05126     0.03536    0.06766         True     0.00000             0.0000
content_preservation              informal|bm25|k10             informal|random|k5         250       0.06256     0.04536    0.08030         True     0.00000             0.0000
content_preservation              informal|bm25|k10          informal|zero_shot|k5         250       0.22715     0.20201    0.25198         True     0.00000             0.0000
content_preservation               informal|bm25|k5          informal|centroid|k10         250       0.03178     0.01395    0.05007         True     0.00367             0.0007
content_preservation               informal|bm25|k5           informal|centroid|k5         250       0.02688     0.01258    0.04184         True     0.00184             0.0006
content_preservation               informal|bm25|k5             informal|dense|k10         250      -0.00464    -0.01687    0.00738        False     0.78491             0.4633
content_preservation               informal|bm25|k5              informal|dense|k5         250      -0.00214    -0.01407    0.00958        False     0.73954             0.7220
content_preservation               informal|bm25|k5 informal|hybrid_early|a0.1|k10         250       0.02188     0.00709    0.03710         True     0.00268             0.0032
content_preservation               informal|bm25|k5  informal|hybrid_early|a0.1|k5         250       0.03374     0.01918    0.04886         True     0.00001             0.0000
content_preservation               informal|bm25|k5 informal|hybrid_early|a0.3|k10         250       0.00044    -0.01303    0.01421        False     0.80031             0.9473
content_preservation               informal|bm25|k5  informal|hybrid_early|a0.3|k5         250       0.01345     0.00196    0.02525         True     0.01064             0.0228
content_preservation               informal|bm25|k5 informal|hybrid_early|a0.5|k10         250      -0.00377    -0.01778    0.01054        False     0.36745             0.6104
content_preservation               informal|bm25|k5  informal|hybrid_early|a0.5|k5         250       0.00965    -0.00481    0.02415        False     0.26147             0.2023
content_preservation               informal|bm25|k5 informal|hybrid_early|a0.7|k10         250      -0.00843    -0.02201    0.00499        False     0.31852             0.2274
content_preservation               informal|bm25|k5  informal|hybrid_early|a0.7|k5         250       0.00564    -0.00788    0.01967        False     0.23249             0.4194
content_preservation               informal|bm25|k5 informal|hybrid_early|a0.9|k10         250      -0.00329    -0.01634    0.00985        False     0.72995             0.6277
content_preservation               informal|bm25|k5  informal|hybrid_early|a0.9|k5         250      -0.00330    -0.01589    0.00935        False     0.76807             0.6137
content_preservation               informal|bm25|k5            informal|random|k10         250       0.04878     0.03296    0.06483         True     0.00000             0.0000
content_preservation               informal|bm25|k5             informal|random|k5         250       0.06009     0.04357    0.07724         True     0.00000             0.0000
content_preservation               informal|bm25|k5          informal|zero_shot|k5         250       0.22468     0.20135    0.24836         True     0.00000             0.0000
content_preservation          informal|centroid|k10           informal|centroid|k5         250      -0.00489    -0.02317    0.01361        False     0.36144             0.6021
content_preservation          informal|centroid|k10             informal|dense|k10         250      -0.03641    -0.05315   -0.01988         True     0.00310             0.0000
content_preservation          informal|centroid|k10              informal|dense|k5         250      -0.03391    -0.05129   -0.01665         True     0.00189             0.0005
content_preservation          informal|centroid|k10 informal|hybrid_early|a0.1|k10         250      -0.00990    -0.02584    0.00656        False     0.30733             0.2265
content_preservation          informal|centroid|k10  informal|hybrid_early|a0.1|k5         250       0.00196    -0.01489    0.01867        False     0.40592             0.8154
content_preservation          informal|centroid|k10 informal|hybrid_early|a0.3|k10         250      -0.03134    -0.04651   -0.01631         True     0.00107             0.0000
content_preservation          informal|centroid|k10  informal|hybrid_early|a0.3|k5         250      -0.01832    -0.03509   -0.00142         True     0.23975             0.0364
content_preservation          informal|centroid|k10 informal|hybrid_early|a0.5|k10         250      -0.03554    -0.05195   -0.01898         True     0.00020             0.0001
content_preservation          informal|centroid|k10  informal|hybrid_early|a0.5|k5         250      -0.02212    -0.04001   -0.00444         True     0.04298             0.0152
content_preservation          informal|centroid|k10 informal|hybrid_early|a0.7|k10         250      -0.04021    -0.05678   -0.02361         True     0.00007             0.0000
content_preservation          informal|centroid|k10  informal|hybrid_early|a0.7|k5         250      -0.02613    -0.04446   -0.00814         True     0.00952             0.0047
content_preservation          informal|centroid|k10 informal|hybrid_early|a0.9|k10         250      -0.03507    -0.05128   -0.01905         True     0.00112             0.0000
content_preservation          informal|centroid|k10  informal|hybrid_early|a0.9|k5         250      -0.03507    -0.05171   -0.01848         True     0.00097             0.0000
content_preservation          informal|centroid|k10            informal|random|k10         250       0.01701    -0.00196    0.03537        False     0.00763             0.0729
content_preservation          informal|centroid|k10             informal|random|k5         250       0.02831     0.00990    0.04709         True     0.00051             0.0040
content_preservation          informal|centroid|k10          informal|zero_shot|k5         250       0.19290     0.16803    0.21707         True     0.00000             0.0000
content_preservation           informal|centroid|k5             informal|dense|k10         250      -0.03152    -0.04811   -0.01551         True     0.00324             0.0001
content_preservation           informal|centroid|k5              informal|dense|k5         250      -0.02902    -0.04609   -0.01277         True     0.01696             0.0008
content_preservation           informal|centroid|k5 informal|hybrid_early|a0.1|k10         250      -0.00501    -0.02153    0.01125        False     0.89676             0.5536
content_preservation           informal|centroid|k5  informal|hybrid_early|a0.1|k5         250       0.00686    -0.00987    0.02299        False     0.03341             0.4081
content_preservation           informal|centroid|k5 informal|hybrid_early|a0.3|k10         250      -0.02644    -0.04326   -0.01067         True     0.00763             0.0011
content_preservation           informal|centroid|k5  informal|hybrid_early|a0.3|k5         250      -0.01343    -0.03041    0.00299        False     0.62928             0.1147
content_preservation           informal|centroid|k5 informal|hybrid_early|a0.5|k10         250      -0.03065    -0.04869   -0.01344         True     0.00471             0.0007
content_preservation           informal|centroid|k5  informal|hybrid_early|a0.5|k5         250      -0.01723    -0.03589    0.00063        False     0.16717             0.0649
content_preservation           informal|centroid|k5 informal|hybrid_early|a0.7|k10         250      -0.03531    -0.05259   -0.01883         True     0.00034             0.0000
content_preservation           informal|centroid|k5  informal|hybrid_early|a0.7|k5         250      -0.02124    -0.03920   -0.00392         True     0.20785             0.0194
content_preservation           informal|centroid|k5 informal|hybrid_early|a0.9|k10         250      -0.03017    -0.04706   -0.01374         True     0.00279             0.0004
content_preservation           informal|centroid|k5  informal|hybrid_early|a0.9|k5         250      -0.03018    -0.04817   -0.01339         True     0.02019             0.0004
content_preservation           informal|centroid|k5            informal|random|k10         250       0.02190     0.00433    0.03927         True     0.00108             0.0180
content_preservation           informal|centroid|k5             informal|random|k5         250       0.03321     0.01433    0.05230         True     0.00000             0.0007
content_preservation           informal|centroid|k5          informal|zero_shot|k5         250       0.19779     0.17228    0.22349         True     0.00000             0.0000
content_preservation             informal|dense|k10              informal|dense|k5         250       0.00250    -0.00763    0.01261        False     0.46499             0.6382
content_preservation             informal|dense|k10 informal|hybrid_early|a0.1|k10         250       0.02651     0.01202    0.04117         True     0.00190             0.0004
content_preservation             informal|dense|k10  informal|hybrid_early|a0.1|k5         250       0.03837     0.02418    0.05199         True     0.00000             0.0000
content_preservation             informal|dense|k10 informal|hybrid_early|a0.3|k10         250       0.00507    -0.00854    0.01865        False     0.29293             0.4637
content_preservation             informal|dense|k10  informal|hybrid_early|a0.3|k5         250       0.01809     0.00587    0.03052         True     0.00081             0.0044
content_preservation             informal|dense|k10 informal|hybrid_early|a0.5|k10         250       0.00087    -0.01111    0.01316        False     0.57984             0.8889
content_preservation             informal|dense|k10  informal|hybrid_early|a0.5|k5         250       0.01429     0.00086    0.02792         True     0.15434             0.0409
content_preservation             informal|dense|k10 informal|hybrid_early|a0.7|k10         250      -0.00380    -0.01471    0.00744        False     0.35653             0.5071
content_preservation             informal|dense|k10  informal|hybrid_early|a0.7|k5         250       0.01028    -0.00267    0.02281        False     0.07547             0.1103
content_preservation             informal|dense|k10 informal|hybrid_early|a0.9|k10         250       0.00134    -0.00679    0.00963        False     0.76653             0.7468
content_preservation             informal|dense|k10  informal|hybrid_early|a0.9|k5         250       0.00134    -0.00957    0.01256        False     0.86414             0.8123
content_preservation             informal|dense|k10            informal|random|k10         250       0.05342     0.03627    0.07059         True     0.00000             0.0000
content_preservation             informal|dense|k10             informal|random|k5         250       0.06472     0.04853    0.08175         True     0.00000             0.0000
content_preservation             informal|dense|k10          informal|zero_shot|k5         250       0.22931     0.20715    0.25194         True     0.00000             0.0000
content_preservation              informal|dense|k5 informal|hybrid_early|a0.1|k10         250       0.02401     0.00890    0.03947         True     0.00757             0.0026
content_preservation              informal|dense|k5  informal|hybrid_early|a0.1|k5         250       0.03587     0.02172    0.05010         True     0.00003             0.0000
content_preservation              informal|dense|k5 informal|hybrid_early|a0.3|k10         250       0.00257    -0.01051    0.01582        False     0.86149             0.7040
content_preservation              informal|dense|k5  informal|hybrid_early|a0.3|k5         250       0.01559     0.00383    0.02786         True     0.01766             0.0113
content_preservation              informal|dense|k5 informal|hybrid_early|a0.5|k10         250      -0.00163    -0.01465    0.01180        False     0.17796             0.8104
content_preservation              informal|dense|k5  informal|hybrid_early|a0.5|k5         250       0.01179    -0.00050    0.02486        False     0.41842             0.0705
content_preservation              informal|dense|k5 informal|hybrid_early|a0.7|k10         250      -0.00630    -0.01753    0.00505        False     0.10281             0.2850
content_preservation              informal|dense|k5  informal|hybrid_early|a0.7|k5         250       0.00778    -0.00345    0.01931        False     0.27832             0.1781
content_preservation              informal|dense|k5 informal|hybrid_early|a0.9|k10         250      -0.00116    -0.01236    0.00999        False     0.56495             0.8477
content_preservation              informal|dense|k5  informal|hybrid_early|a0.9|k5         250      -0.00116    -0.00925    0.00741        False     0.43392             0.7859
content_preservation              informal|dense|k5            informal|random|k10         250       0.05092     0.03515    0.06728         True     0.00000             0.0000
content_preservation              informal|dense|k5             informal|random|k5         250       0.06222     0.04710    0.07829         True     0.00000             0.0000
content_preservation              informal|dense|k5          informal|zero_shot|k5         250       0.22681     0.20462    0.24965         True     0.00000             0.0000
content_preservation informal|hybrid_early|a0.1|k10  informal|hybrid_early|a0.1|k5         250       0.01186    -0.00185    0.02553        False     0.04786             0.0898
content_preservation informal|hybrid_early|a0.1|k10 informal|hybrid_early|a0.3|k10         250      -0.02144    -0.03366   -0.00963         True     0.00470             0.0008
content_preservation informal|hybrid_early|a0.1|k10  informal|hybrid_early|a0.3|k5         250      -0.00842    -0.02213    0.00510        False     0.48702             0.2237
content_preservation informal|hybrid_early|a0.1|k10 informal|hybrid_early|a0.5|k10         250      -0.02565    -0.04063   -0.01090         True     0.00075             0.0009
content_preservation informal|hybrid_early|a0.1|k10  informal|hybrid_early|a0.5|k5         250      -0.01223    -0.02809    0.00316        False     0.06764             0.1149
content_preservation informal|hybrid_early|a0.1|k10 informal|hybrid_early|a0.7|k10         250      -0.03031    -0.04537   -0.01558         True     0.00017             0.0000
content_preservation informal|hybrid_early|a0.1|k10  informal|hybrid_early|a0.7|k5         250      -0.01623    -0.03124   -0.00161         True     0.05871             0.0311
content_preservation informal|hybrid_early|a0.1|k10 informal|hybrid_early|a0.9|k10         250      -0.02517    -0.04052   -0.01018         True     0.00382             0.0005
content_preservation informal|hybrid_early|a0.1|k10  informal|hybrid_early|a0.9|k5         250      -0.02517    -0.03976   -0.01076         True     0.00204             0.0006
content_preservation informal|hybrid_early|a0.1|k10            informal|random|k10         250       0.02691     0.00970    0.04363         True     0.00072             0.0022
content_preservation informal|hybrid_early|a0.1|k10             informal|random|k5         250       0.03821     0.02085    0.05546         True     0.00000             0.0000
content_preservation informal|hybrid_early|a0.1|k10          informal|zero_shot|k5         250       0.20280     0.17725    0.22816         True     0.00000             0.0000
content_preservation  informal|hybrid_early|a0.1|k5 informal|hybrid_early|a0.3|k10         250      -0.03330    -0.04682   -0.02037         True     0.00001             0.0000
content_preservation  informal|hybrid_early|a0.1|k5  informal|hybrid_early|a0.3|k5         250      -0.02028    -0.03476   -0.00629         True     0.02005             0.0061
content_preservation  informal|hybrid_early|a0.1|k5 informal|hybrid_early|a0.5|k10         250      -0.03751    -0.05280   -0.02218         True     0.00000             0.0000
content_preservation  informal|hybrid_early|a0.1|k5  informal|hybrid_early|a0.5|k5         250      -0.02409    -0.03870   -0.00932         True     0.00214             0.0017
content_preservation  informal|hybrid_early|a0.1|k5 informal|hybrid_early|a0.7|k10         250      -0.04217    -0.05567   -0.02866         True     0.00000             0.0000
content_preservation  informal|hybrid_early|a0.1|k5  informal|hybrid_early|a0.7|k5         250      -0.02809    -0.04253   -0.01346         True     0.00056             0.0003
content_preservation  informal|hybrid_early|a0.1|k5 informal|hybrid_early|a0.9|k10         250      -0.03703    -0.05066   -0.02360         True     0.00000             0.0000
content_preservation  informal|hybrid_early|a0.1|k5  informal|hybrid_early|a0.9|k5         250      -0.03704    -0.05052   -0.02356         True     0.00001             0.0000
content_preservation  informal|hybrid_early|a0.1|k5            informal|random|k10         250       0.01504    -0.00205    0.03255        False     0.04208             0.0881
content_preservation  informal|hybrid_early|a0.1|k5             informal|random|k5         250       0.02635     0.00830    0.04437         True     0.00029             0.0055
content_preservation  informal|hybrid_early|a0.1|k5          informal|zero_shot|k5         250       0.19094     0.16607    0.21671         True     0.00000             0.0000
content_preservation informal|hybrid_early|a0.3|k10  informal|hybrid_early|a0.3|k5         250       0.01302     0.00229    0.02433         True     0.01879             0.0209
content_preservation informal|hybrid_early|a0.3|k10 informal|hybrid_early|a0.5|k10         250      -0.00421    -0.01603    0.00811        False     0.18178             0.5007
content_preservation informal|hybrid_early|a0.3|k10  informal|hybrid_early|a0.5|k5         250       0.00921    -0.00463    0.02343        False     0.55199             0.1935
content_preservation informal|hybrid_early|a0.3|k10 informal|hybrid_early|a0.7|k10         250      -0.00887    -0.02148    0.00400        False     0.12204             0.1723
content_preservation informal|hybrid_early|a0.3|k10  informal|hybrid_early|a0.7|k5         250       0.00521    -0.00734    0.01772        False     0.39161             0.4208
content_preservation informal|hybrid_early|a0.3|k10 informal|hybrid_early|a0.9|k10         250      -0.00373    -0.01709    0.01010        False     0.36416             0.5880
content_preservation informal|hybrid_early|a0.3|k10  informal|hybrid_early|a0.9|k5         250      -0.00374    -0.01615    0.00865        False     0.97230             0.5644
content_preservation informal|hybrid_early|a0.3|k10            informal|random|k10         250       0.04834     0.03232    0.06420         True     0.00000             0.0000
content_preservation informal|hybrid_early|a0.3|k10             informal|random|k5         250       0.05965     0.04437    0.07543         True     0.00000             0.0000
content_preservation informal|hybrid_early|a0.3|k10          informal|zero_shot|k5         250       0.22424     0.20004    0.24819         True     0.00000             0.0000
content_preservation  informal|hybrid_early|a0.3|k5 informal|hybrid_early|a0.5|k10         250      -0.01722    -0.02907   -0.00559         True     0.00028             0.0042
content_preservation  informal|hybrid_early|a0.3|k5  informal|hybrid_early|a0.5|k5         250      -0.00380    -0.01675    0.00923        False     0.23228             0.5631
content_preservation  informal|hybrid_early|a0.3|k5 informal|hybrid_early|a0.7|k10         250      -0.02189    -0.03407   -0.01015         True     0.00004             0.0003
content_preservation  informal|hybrid_early|a0.3|k5  informal|hybrid_early|a0.7|k5         250      -0.00781    -0.02026    0.00450        False     0.18749             0.2085
content_preservation  informal|hybrid_early|a0.3|k5 informal|hybrid_early|a0.9|k10         250      -0.01675    -0.02946   -0.00390         True     0.00071             0.0117
content_preservation  informal|hybrid_early|a0.3|k5  informal|hybrid_early|a0.9|k5         250      -0.01675    -0.02822   -0.00540         True     0.00645             0.0033
content_preservation  informal|hybrid_early|a0.3|k5            informal|random|k10         250       0.03533     0.01904    0.05162         True     0.00001             0.0000
content_preservation  informal|hybrid_early|a0.3|k5             informal|random|k5         250       0.04663     0.03087    0.06272         True     0.00000             0.0000
content_preservation  informal|hybrid_early|a0.3|k5          informal|zero_shot|k5         250       0.21122     0.18816    0.23444         True     0.00000             0.0000
content_preservation informal|hybrid_early|a0.5|k10  informal|hybrid_early|a0.5|k5         250       0.01342     0.00018    0.02677         True     0.01857             0.0500
content_preservation informal|hybrid_early|a0.5|k10 informal|hybrid_early|a0.7|k10         250      -0.00466    -0.01627    0.00690        False     0.41296             0.4308
content_preservation informal|hybrid_early|a0.5|k10  informal|hybrid_early|a0.7|k5         250       0.00941    -0.00405    0.02298        False     0.04816             0.1786
content_preservation informal|hybrid_early|a0.5|k10 informal|hybrid_early|a0.9|k10         250       0.00048    -0.01199    0.01279        False     0.47470             0.9419
content_preservation informal|hybrid_early|a0.5|k10  informal|hybrid_early|a0.9|k5         250       0.00047    -0.01180    0.01249        False     0.43211             0.9354
content_preservation informal|hybrid_early|a0.5|k10            informal|random|k10         250       0.05255     0.03627    0.06868         True     0.00000             0.0000
content_preservation informal|hybrid_early|a0.5|k10             informal|random|k5         250       0.06386     0.04763    0.08011         True     0.00000             0.0000
content_preservation informal|hybrid_early|a0.5|k10          informal|zero_shot|k5         250       0.22844     0.20441    0.25251         True     0.00000             0.0000
content_preservation  informal|hybrid_early|a0.5|k5 informal|hybrid_early|a0.7|k10         250      -0.01808    -0.03102   -0.00538         True     0.00136             0.0056
content_preservation  informal|hybrid_early|a0.5|k5  informal|hybrid_early|a0.7|k5         250      -0.00401    -0.01510    0.00656        False     0.88703             0.4770
content_preservation  informal|hybrid_early|a0.5|k5 informal|hybrid_early|a0.9|k10         250      -0.01294    -0.02686    0.00127        False     0.17493             0.0668
content_preservation  informal|hybrid_early|a0.5|k5  informal|hybrid_early|a0.9|k5         250      -0.01295    -0.02573   -0.00026         True     0.11392             0.0458
content_preservation  informal|hybrid_early|a0.5|k5            informal|random|k10         250       0.03913     0.02168    0.05668         True     0.00000             0.0000
content_preservation  informal|hybrid_early|a0.5|k5             informal|random|k5         250       0.05044     0.03351    0.06740         True     0.00000             0.0000
content_preservation  informal|hybrid_early|a0.5|k5          informal|zero_shot|k5         250       0.21502     0.19092    0.23953         True     0.00000             0.0000
content_preservation informal|hybrid_early|a0.7|k10  informal|hybrid_early|a0.7|k5         250       0.01408     0.00183    0.02648         True     0.00251             0.0306
content_preservation informal|hybrid_early|a0.7|k10 informal|hybrid_early|a0.9|k10         250       0.00514    -0.00643    0.01634        False     0.15920             0.3788
content_preservation informal|hybrid_early|a0.7|k10  informal|hybrid_early|a0.9|k5         250       0.00514    -0.00598    0.01596        False     0.09028             0.3585
content_preservation informal|hybrid_early|a0.7|k10            informal|random|k10         250       0.05722     0.04040    0.07451         True     0.00000             0.0000
content_preservation informal|hybrid_early|a0.7|k10             informal|random|k5         250       0.06852     0.05218    0.08527         True     0.00000             0.0000
content_preservation informal|hybrid_early|a0.7|k10          informal|zero_shot|k5         250       0.23311     0.21038    0.25693         True     0.00000             0.0000
content_preservation  informal|hybrid_early|a0.7|k5 informal|hybrid_early|a0.9|k10         250      -0.00894    -0.02151    0.00400        False     0.14296             0.1690
content_preservation  informal|hybrid_early|a0.7|k5  informal|hybrid_early|a0.9|k5         250      -0.00894    -0.01962    0.00186        False     0.06426             0.1001
content_preservation  informal|hybrid_early|a0.7|k5            informal|random|k10         250       0.04314     0.02533    0.06107         True     0.00001             0.0000
content_preservation  informal|hybrid_early|a0.7|k5             informal|random|k5         250       0.05444     0.03748    0.07142         True     0.00000             0.0000
content_preservation  informal|hybrid_early|a0.7|k5          informal|zero_shot|k5         250       0.21903     0.19577    0.24215         True     0.00000             0.0000
content_preservation informal|hybrid_early|a0.9|k10  informal|hybrid_early|a0.9|k5         250      -0.00000    -0.01140    0.01137        False     0.57090             0.9994
content_preservation informal|hybrid_early|a0.9|k10            informal|random|k10         250       0.05208     0.03470    0.06956         True     0.00000             0.0000
content_preservation informal|hybrid_early|a0.9|k10             informal|random|k5         250       0.06338     0.04689    0.08040         True     0.00000             0.0000
content_preservation informal|hybrid_early|a0.9|k10          informal|zero_shot|k5         250       0.22797     0.20553    0.25049         True     0.00000             0.0000
content_preservation  informal|hybrid_early|a0.9|k5            informal|random|k10         250       0.05208     0.03684    0.06729         True     0.00000             0.0000
content_preservation  informal|hybrid_early|a0.9|k5             informal|random|k5         250       0.06339     0.04756    0.07992         True     0.00000             0.0000
content_preservation  informal|hybrid_early|a0.9|k5          informal|zero_shot|k5         250       0.22797     0.20467    0.25145         True     0.00000             0.0000
content_preservation            informal|random|k10             informal|random|k5         250       0.01131    -0.00479    0.02800        False     0.05451             0.1781
content_preservation            informal|random|k10          informal|zero_shot|k5         250       0.17589     0.15017    0.20172         True     0.00000             0.0000
content_preservation             informal|random|k5          informal|zero_shot|k5         250       0.16459     0.13904    0.18968         True     0.00000             0.0000

Catatan: 'bermakna_95' berarti interval keyakinan 95% selisih berpasangan tidak memuat nol. Bila kolom p_wilcoxon kosong, scipy tidak terpasang dan dipakai uji permutasi tanda.
Hasil disimpan: D:\FILEMAHASISWA\Fikri Hasani Folder\JCCE-First Revision\TABEL_uji_formality_content_preservation.csv


########## formality / content_preservation_LaBSE (exit 0) ##########

Metrik: content_preservation_LaBSE | konfigurasi: 38 | pasangan sebanding: 342
361 pasangan lintas target dilewati, karena membandingkan dua target gaya yang berbeda tidak bermakna

                    metrik                  konfigurasi_a                  konfigurasi_b  n_pasangan  selisih_mean  ci95_bawah  ci95_atas  bermakna_95  p_wilcoxon  p_permutasi_tanda
content_preservation_LaBSE                formal|bm25|k10                 formal|bm25|k5         250       0.02270     0.00706    0.03793         True     0.00145             0.0036
content_preservation_LaBSE                formal|bm25|k10            formal|centroid|k10         250       0.07788     0.05921    0.09635         True     0.00000             0.0000
content_preservation_LaBSE                formal|bm25|k10             formal|centroid|k5         250       0.09676     0.07694    0.11682         True     0.00000             0.0000
content_preservation_LaBSE                formal|bm25|k10               formal|dense|k10         250       0.02672     0.00983    0.04361         True     0.00036             0.0018
content_preservation_LaBSE                formal|bm25|k10                formal|dense|k5         250       0.03251     0.01598    0.04839         True     0.00003             0.0001
content_preservation_LaBSE                formal|bm25|k10   formal|hybrid_early|a0.1|k10         250       0.07520     0.05659    0.09403         True     0.00000             0.0000
content_preservation_LaBSE                formal|bm25|k10    formal|hybrid_early|a0.1|k5         250       0.09904     0.08062    0.11752         True     0.00000             0.0000
content_preservation_LaBSE                formal|bm25|k10   formal|hybrid_early|a0.3|k10         250       0.05999     0.04276    0.07708         True     0.00000             0.0000
content_preservation_LaBSE                formal|bm25|k10    formal|hybrid_early|a0.3|k5         250       0.07305     0.05479    0.09106         True     0.00000             0.0000
content_preservation_LaBSE                formal|bm25|k10   formal|hybrid_early|a0.5|k10         250       0.04525     0.02804    0.06231         True     0.00000             0.0000
content_preservation_LaBSE                formal|bm25|k10    formal|hybrid_early|a0.5|k5         250       0.04774     0.02997    0.06523         True     0.00000             0.0000
content_preservation_LaBSE                formal|bm25|k10   formal|hybrid_early|a0.7|k10         250       0.03681     0.02068    0.05316         True     0.00001             0.0000
content_preservation_LaBSE                formal|bm25|k10    formal|hybrid_early|a0.7|k5         250       0.04448     0.02744    0.06173         True     0.00000             0.0000
content_preservation_LaBSE                formal|bm25|k10   formal|hybrid_early|a0.9|k10         250       0.03284     0.01578    0.04956         True     0.00001             0.0002
content_preservation_LaBSE                formal|bm25|k10    formal|hybrid_early|a0.9|k5         250       0.03562     0.01956    0.05151         True     0.00000             0.0000
content_preservation_LaBSE                formal|bm25|k10              formal|random|k10         250       0.03597     0.01852    0.05329         True     0.00008             0.0002
content_preservation_LaBSE                formal|bm25|k10               formal|random|k5         250       0.04173     0.02370    0.05931         True     0.00000             0.0000
content_preservation_LaBSE                formal|bm25|k10            formal|zero_shot|k5         250       0.23474     0.21003    0.26005         True     0.00000             0.0000
content_preservation_LaBSE                 formal|bm25|k5            formal|centroid|k10         250       0.05517     0.03754    0.07335         True     0.00000             0.0000
content_preservation_LaBSE                 formal|bm25|k5             formal|centroid|k5         250       0.07406     0.05660    0.09297         True     0.00000             0.0000
content_preservation_LaBSE                 formal|bm25|k5               formal|dense|k10         250       0.00402    -0.01366    0.02259        False     0.42225             0.6714
content_preservation_LaBSE                 formal|bm25|k5                formal|dense|k5         250       0.00981    -0.00636    0.02645        False     0.29744             0.2445
content_preservation_LaBSE                 formal|bm25|k5   formal|hybrid_early|a0.1|k10         250       0.05250     0.03417    0.07133         True     0.00000             0.0000
content_preservation_LaBSE                 formal|bm25|k5    formal|hybrid_early|a0.1|k5         250       0.07633     0.05927    0.09444         True     0.00000             0.0000
content_preservation_LaBSE                 formal|bm25|k5   formal|hybrid_early|a0.3|k10         250       0.03729     0.01963    0.05510         True     0.00024             0.0000
content_preservation_LaBSE                 formal|bm25|k5    formal|hybrid_early|a0.3|k5         250       0.05035     0.03383    0.06822         True     0.00000             0.0000
content_preservation_LaBSE                 formal|bm25|k5   formal|hybrid_early|a0.5|k10         250       0.02255     0.00546    0.04047         True     0.00207             0.0128
content_preservation_LaBSE                 formal|bm25|k5    formal|hybrid_early|a0.5|k5         250       0.02504     0.00682    0.04348         True     0.00300             0.0075
content_preservation_LaBSE                 formal|bm25|k5   formal|hybrid_early|a0.7|k10         250       0.01411    -0.00207    0.03065        False     0.11171             0.0914
content_preservation_LaBSE                 formal|bm25|k5    formal|hybrid_early|a0.7|k5         250       0.02177     0.00481    0.03924         True     0.00466             0.0117
content_preservation_LaBSE                 formal|bm25|k5   formal|hybrid_early|a0.9|k10         250       0.01014    -0.00745    0.02740        False     0.12431             0.2587
content_preservation_LaBSE                 formal|bm25|k5    formal|hybrid_early|a0.9|k5         250       0.01292    -0.00264    0.02927        False     0.15997             0.1081
content_preservation_LaBSE                 formal|bm25|k5              formal|random|k10         250       0.01327    -0.00338    0.03104        False     0.20100             0.1266
content_preservation_LaBSE                 formal|bm25|k5               formal|random|k5         250       0.01903     0.00224    0.03662         True     0.06510             0.0316
content_preservation_LaBSE                 formal|bm25|k5            formal|zero_shot|k5         250       0.21203     0.18839    0.23615         True     0.00000             0.0000
content_preservation_LaBSE            formal|centroid|k10             formal|centroid|k5         250       0.01889     0.00265    0.03515         True     0.01043             0.0225
content_preservation_LaBSE            formal|centroid|k10               formal|dense|k10         250      -0.05115    -0.06970   -0.03247         True     0.00000             0.0000
content_preservation_LaBSE            formal|centroid|k10                formal|dense|k5         250      -0.04537    -0.06271   -0.02788         True     0.00000             0.0000
content_preservation_LaBSE            formal|centroid|k10   formal|hybrid_early|a0.1|k10         250      -0.00268    -0.01710    0.01151        False     0.99855             0.7285
content_preservation_LaBSE            formal|centroid|k10    formal|hybrid_early|a0.1|k5         250       0.02116     0.00650    0.03543         True     0.00028             0.0055
content_preservation_LaBSE            formal|centroid|k10   formal|hybrid_early|a0.3|k10         250      -0.01789    -0.03439   -0.00102         True     0.05836             0.0352
content_preservation_LaBSE            formal|centroid|k10    formal|hybrid_early|a0.3|k5         250      -0.00483    -0.02115    0.01177        False     0.63236             0.5658
content_preservation_LaBSE            formal|centroid|k10   formal|hybrid_early|a0.5|k10         250      -0.03263    -0.05129   -0.01339         True     0.00350             0.0005
content_preservation_LaBSE            formal|centroid|k10    formal|hybrid_early|a0.5|k5         250      -0.03013    -0.04916   -0.01126         True     0.01481             0.0019
content_preservation_LaBSE            formal|centroid|k10   formal|hybrid_early|a0.7|k10         250      -0.04106    -0.05775   -0.02422         True     0.00000             0.0000
content_preservation_LaBSE            formal|centroid|k10    formal|hybrid_early|a0.7|k5         250      -0.03340    -0.05019   -0.01647         True     0.00170             0.0002
content_preservation_LaBSE            formal|centroid|k10   formal|hybrid_early|a0.9|k10         250      -0.04504    -0.06414   -0.02633         True     0.00000             0.0000
content_preservation_LaBSE            formal|centroid|k10    formal|hybrid_early|a0.9|k5         250      -0.04226    -0.05983   -0.02445         True     0.00004             0.0000
content_preservation_LaBSE            formal|centroid|k10              formal|random|k10         250      -0.04190    -0.05889   -0.02463         True     0.00000             0.0000
content_preservation_LaBSE            formal|centroid|k10               formal|random|k5         250      -0.03614    -0.05436   -0.01794         True     0.00004             0.0000
content_preservation_LaBSE            formal|centroid|k10            formal|zero_shot|k5         250       0.15686     0.13227    0.18195         True     0.00000             0.0000
content_preservation_LaBSE             formal|centroid|k5               formal|dense|k10         250      -0.07004    -0.09001   -0.05032         True     0.00000             0.0000
content_preservation_LaBSE             formal|centroid|k5                formal|dense|k5         250      -0.06425    -0.08259   -0.04623         True     0.00000             0.0000
content_preservation_LaBSE             formal|centroid|k5   formal|hybrid_early|a0.1|k10         250      -0.02157    -0.03762   -0.00545         True     0.00125             0.0088
content_preservation_LaBSE             formal|centroid|k5    formal|hybrid_early|a0.1|k5         250       0.00227    -0.01301    0.01731        False     0.40164             0.7709
content_preservation_LaBSE             formal|centroid|k5   formal|hybrid_early|a0.3|k10         250      -0.03678    -0.05384   -0.02009         True     0.00000             0.0000
content_preservation_LaBSE             formal|centroid|k5    formal|hybrid_early|a0.3|k5         250      -0.02372    -0.04112   -0.00630         True     0.00120             0.0084
content_preservation_LaBSE             formal|centroid|k5   formal|hybrid_early|a0.5|k10         250      -0.05152    -0.07038   -0.03215         True     0.00000             0.0000
content_preservation_LaBSE             formal|centroid|k5    formal|hybrid_early|a0.5|k5         250      -0.04902    -0.06773   -0.03083         True     0.00000             0.0000
content_preservation_LaBSE             formal|centroid|k5   formal|hybrid_early|a0.7|k10         250      -0.05995    -0.07828   -0.04204         True     0.00000             0.0000
content_preservation_LaBSE             formal|centroid|k5    formal|hybrid_early|a0.7|k5         250      -0.05229    -0.07005   -0.03492         True     0.00000             0.0000
content_preservation_LaBSE             formal|centroid|k5   formal|hybrid_early|a0.9|k10         250      -0.06392    -0.08354   -0.04441         True     0.00000             0.0000
content_preservation_LaBSE             formal|centroid|k5    formal|hybrid_early|a0.9|k5         250      -0.06115    -0.07932   -0.04316         True     0.00000             0.0000
content_preservation_LaBSE             formal|centroid|k5              formal|random|k10         250      -0.06079    -0.07799   -0.04436         True     0.00000             0.0000
content_preservation_LaBSE             formal|centroid|k5               formal|random|k5         250      -0.05503    -0.07189   -0.03857         True     0.00000             0.0000
content_preservation_LaBSE             formal|centroid|k5            formal|zero_shot|k5         250       0.13797     0.11564    0.15933         True     0.00000             0.0000
content_preservation_LaBSE               formal|dense|k10                formal|dense|k5         250       0.00579    -0.00876    0.02028        False     0.44223             0.4444
content_preservation_LaBSE               formal|dense|k10   formal|hybrid_early|a0.1|k10         250       0.04848     0.03020    0.06680         True     0.00000             0.0000
content_preservation_LaBSE               formal|dense|k10    formal|hybrid_early|a0.1|k5         250       0.07231     0.05408    0.09053         True     0.00000             0.0000
content_preservation_LaBSE               formal|dense|k10   formal|hybrid_early|a0.3|k10         250       0.03327     0.01503    0.05151         True     0.00162             0.0007
content_preservation_LaBSE               formal|dense|k10    formal|hybrid_early|a0.3|k5         250       0.04633     0.02797    0.06488         True     0.00000             0.0000
content_preservation_LaBSE               formal|dense|k10   formal|hybrid_early|a0.5|k10         250       0.01853     0.00260    0.03484         True     0.00744             0.0250
content_preservation_LaBSE               formal|dense|k10    formal|hybrid_early|a0.5|k5         250       0.02102     0.00299    0.03804         True     0.00187             0.0182
content_preservation_LaBSE               formal|dense|k10   formal|hybrid_early|a0.7|k10         250       0.01009    -0.00363    0.02369        False     0.24576             0.1407
content_preservation_LaBSE               formal|dense|k10    formal|hybrid_early|a0.7|k5         250       0.01776     0.00254    0.03248         True     0.02808             0.0202
content_preservation_LaBSE               formal|dense|k10   formal|hybrid_early|a0.9|k10         250       0.00612    -0.00522    0.01742        False     0.44871             0.2887
content_preservation_LaBSE               formal|dense|k10    formal|hybrid_early|a0.9|k5         250       0.00890    -0.00666    0.02415        False     0.22433             0.2641
content_preservation_LaBSE               formal|dense|k10              formal|random|k10         250       0.00925    -0.00955    0.02753        False     0.21039             0.3221
content_preservation_LaBSE               formal|dense|k10               formal|random|k5         250       0.01501    -0.00380    0.03414        False     0.05744             0.1210
content_preservation_LaBSE               formal|dense|k10            formal|zero_shot|k5         250       0.20802     0.18372    0.23240         True     0.00000             0.0000
content_preservation_LaBSE                formal|dense|k5   formal|hybrid_early|a0.1|k10         250       0.04269     0.02488    0.06081         True     0.00001             0.0000
content_preservation_LaBSE                formal|dense|k5    formal|hybrid_early|a0.1|k5         250       0.06653     0.04860    0.08410         True     0.00000             0.0000
content_preservation_LaBSE                formal|dense|k5   formal|hybrid_early|a0.3|k10         250       0.02748     0.01066    0.04459         True     0.00670             0.0015
content_preservation_LaBSE                formal|dense|k5    formal|hybrid_early|a0.3|k5         250       0.04054     0.02322    0.05795         True     0.00000             0.0000
content_preservation_LaBSE                formal|dense|k5   formal|hybrid_early|a0.5|k10         250       0.01274    -0.00343    0.02958        False     0.03227             0.1360
content_preservation_LaBSE                formal|dense|k5    formal|hybrid_early|a0.5|k5         250       0.01523    -0.00190    0.03157        False     0.00988             0.0766
content_preservation_LaBSE                formal|dense|k5   formal|hybrid_early|a0.7|k10         250       0.00430    -0.01066    0.01947        False     0.76255             0.5728
content_preservation_LaBSE                formal|dense|k5    formal|hybrid_early|a0.7|k5         250       0.01197    -0.00088    0.02468        False     0.00701             0.0648
content_preservation_LaBSE                formal|dense|k5   formal|hybrid_early|a0.9|k10         250       0.00033    -0.01411    0.01474        False     0.79572             0.9663
content_preservation_LaBSE                formal|dense|k5    formal|hybrid_early|a0.9|k5         250       0.00311    -0.00607    0.01214        False     0.46461             0.5158
content_preservation_LaBSE                formal|dense|k5              formal|random|k10         250       0.00346    -0.01353    0.02054        False     0.47236             0.6887
content_preservation_LaBSE                formal|dense|k5               formal|random|k5         250       0.00922    -0.00790    0.02654        False     0.24539             0.2969
content_preservation_LaBSE                formal|dense|k5            formal|zero_shot|k5         250       0.20223     0.17809    0.22604         True     0.00000             0.0000
content_preservation_LaBSE   formal|hybrid_early|a0.1|k10    formal|hybrid_early|a0.1|k5         250       0.02384     0.01068    0.03697         True     0.00048             0.0002
content_preservation_LaBSE   formal|hybrid_early|a0.1|k10   formal|hybrid_early|a0.3|k10         250      -0.01521    -0.03028   -0.00018         True     0.07376             0.0493
content_preservation_LaBSE   formal|hybrid_early|a0.1|k10    formal|hybrid_early|a0.3|k5         250      -0.00215    -0.01887    0.01466        False     0.70968             0.7987
content_preservation_LaBSE   formal|hybrid_early|a0.1|k10   formal|hybrid_early|a0.5|k10         250      -0.02995    -0.04884   -0.01114         True     0.01456             0.0027
content_preservation_LaBSE   formal|hybrid_early|a0.1|k10    formal|hybrid_early|a0.5|k5         250      -0.02746    -0.04671   -0.00878         True     0.04434             0.0051
content_preservation_LaBSE   formal|hybrid_early|a0.1|k10   formal|hybrid_early|a0.7|k10         250      -0.03838    -0.05426   -0.02289         True     0.00001             0.0000
content_preservation_LaBSE   formal|hybrid_early|a0.1|k10    formal|hybrid_early|a0.7|k5         250      -0.03072    -0.04714   -0.01451         True     0.00174             0.0005
content_preservation_LaBSE   formal|hybrid_early|a0.1|k10   formal|hybrid_early|a0.9|k10         250      -0.04236    -0.06147   -0.02405         True     0.00014             0.0000
content_preservation_LaBSE   formal|hybrid_early|a0.1|k10    formal|hybrid_early|a0.9|k5         250      -0.03958    -0.05678   -0.02276         True     0.00004             0.0000
content_preservation_LaBSE   formal|hybrid_early|a0.1|k10              formal|random|k10         250      -0.03923    -0.05711   -0.02224         True     0.00004             0.0000
content_preservation_LaBSE   formal|hybrid_early|a0.1|k10               formal|random|k5         250      -0.03346    -0.05143   -0.01590         True     0.00052             0.0002
content_preservation_LaBSE   formal|hybrid_early|a0.1|k10            formal|zero_shot|k5         250       0.15954     0.13522    0.18375         True     0.00000             0.0000
content_preservation_LaBSE    formal|hybrid_early|a0.1|k5   formal|hybrid_early|a0.3|k10         250      -0.03905    -0.05457   -0.02359         True     0.00000             0.0000
content_preservation_LaBSE    formal|hybrid_early|a0.1|k5    formal|hybrid_early|a0.3|k5         250      -0.02599    -0.04052   -0.01106         True     0.00012             0.0003
content_preservation_LaBSE    formal|hybrid_early|a0.1|k5   formal|hybrid_early|a0.5|k10         250      -0.05379    -0.07184   -0.03555         True     0.00000             0.0000
content_preservation_LaBSE    formal|hybrid_early|a0.1|k5    formal|hybrid_early|a0.5|k5         250      -0.05129    -0.06947   -0.03367         True     0.00000             0.0000
content_preservation_LaBSE    formal|hybrid_early|a0.1|k5   formal|hybrid_early|a0.7|k10         250      -0.06222    -0.07813   -0.04648         True     0.00000             0.0000
content_preservation_LaBSE    formal|hybrid_early|a0.1|k5    formal|hybrid_early|a0.7|k5         250      -0.05456    -0.07084   -0.03849         True     0.00000             0.0000
content_preservation_LaBSE    formal|hybrid_early|a0.1|k5   formal|hybrid_early|a0.9|k10         250      -0.06620    -0.08541   -0.04794         True     0.00000             0.0000
content_preservation_LaBSE    formal|hybrid_early|a0.1|k5    formal|hybrid_early|a0.9|k5         250      -0.06342    -0.08030   -0.04640         True     0.00000             0.0000
content_preservation_LaBSE    formal|hybrid_early|a0.1|k5              formal|random|k10         250      -0.06306    -0.08043   -0.04565         True     0.00000             0.0000
content_preservation_LaBSE    formal|hybrid_early|a0.1|k5               formal|random|k5         250      -0.05730    -0.07518   -0.03951         True     0.00000             0.0000
content_preservation_LaBSE    formal|hybrid_early|a0.1|k5            formal|zero_shot|k5         250       0.13570     0.11235    0.15910         True     0.00000             0.0000
content_preservation_LaBSE   formal|hybrid_early|a0.3|k10    formal|hybrid_early|a0.3|k5         250       0.01306    -0.00220    0.02861        False     0.02949             0.0940
content_preservation_LaBSE   formal|hybrid_early|a0.3|k10   formal|hybrid_early|a0.5|k10         250      -0.01474    -0.03246    0.00299        False     0.74694             0.1069
content_preservation_LaBSE   formal|hybrid_early|a0.3|k10    formal|hybrid_early|a0.5|k5         250      -0.01225    -0.02954    0.00487        False     0.83356             0.1680
content_preservation_LaBSE   formal|hybrid_early|a0.3|k10   formal|hybrid_early|a0.7|k10         250      -0.02317    -0.03882   -0.00750         True     0.02359             0.0051
content_preservation_LaBSE   formal|hybrid_early|a0.3|k10    formal|hybrid_early|a0.7|k5         250      -0.01551    -0.03147    0.00060        False     0.35948             0.0647
content_preservation_LaBSE   formal|hybrid_early|a0.3|k10   formal|hybrid_early|a0.9|k10         250      -0.02715    -0.04541   -0.00903         True     0.00830             0.0033
content_preservation_LaBSE   formal|hybrid_early|a0.3|k10    formal|hybrid_early|a0.9|k5         250      -0.02437    -0.04061   -0.00780         True     0.01379             0.0042
content_preservation_LaBSE   formal|hybrid_early|a0.3|k10              formal|random|k10         250      -0.02402    -0.04142   -0.00620         True     0.00984             0.0080
content_preservation_LaBSE   formal|hybrid_early|a0.3|k10               formal|random|k5         250      -0.01825    -0.03669    0.00001        False     0.04806             0.0527
content_preservation_LaBSE   formal|hybrid_early|a0.3|k10            formal|zero_shot|k5         250       0.17475     0.15046    0.19931         True     0.00000             0.0000
content_preservation_LaBSE    formal|hybrid_early|a0.3|k5   formal|hybrid_early|a0.5|k10         250      -0.02780    -0.04528   -0.01076         True     0.00965             0.0020
content_preservation_LaBSE    formal|hybrid_early|a0.3|k5    formal|hybrid_early|a0.5|k5         250      -0.02531    -0.04212   -0.00945         True     0.00975             0.0020
content_preservation_LaBSE    formal|hybrid_early|a0.3|k5   formal|hybrid_early|a0.7|k10         250      -0.03623    -0.05356   -0.01926         True     0.00001             0.0001
content_preservation_LaBSE    formal|hybrid_early|a0.3|k5    formal|hybrid_early|a0.7|k5         250      -0.02857    -0.04452   -0.01292         True     0.00021             0.0007
content_preservation_LaBSE    formal|hybrid_early|a0.3|k5   formal|hybrid_early|a0.9|k10         250      -0.04021    -0.05855   -0.02283         True     0.00001             0.0001
content_preservation_LaBSE    formal|hybrid_early|a0.3|k5    formal|hybrid_early|a0.9|k5         250      -0.03743    -0.05496   -0.02103         True     0.00001             0.0000
content_preservation_LaBSE    formal|hybrid_early|a0.3|k5              formal|random|k10         250      -0.03708    -0.05525   -0.01898         True     0.00017             0.0000
content_preservation_LaBSE    formal|hybrid_early|a0.3|k5               formal|random|k5         250      -0.03131    -0.04932   -0.01389         True     0.00091             0.0007
content_preservation_LaBSE    formal|hybrid_early|a0.3|k5            formal|zero_shot|k5         250       0.16169     0.13806    0.18540         True     0.00000             0.0000
content_preservation_LaBSE   formal|hybrid_early|a0.5|k10    formal|hybrid_early|a0.5|k5         250       0.00249    -0.01140    0.01579        False     0.50688             0.7299
content_preservation_LaBSE   formal|hybrid_early|a0.5|k10   formal|hybrid_early|a0.7|k10         250      -0.00843    -0.02221    0.00537        False     0.08668             0.2249
content_preservation_LaBSE   formal|hybrid_early|a0.5|k10    formal|hybrid_early|a0.7|k5         250      -0.00077    -0.01586    0.01432        False     0.91684             0.9161
content_preservation_LaBSE   formal|hybrid_early|a0.5|k10   formal|hybrid_early|a0.9|k10         250      -0.01241    -0.02771    0.00305        False     0.00761             0.1178
content_preservation_LaBSE   formal|hybrid_early|a0.5|k10    formal|hybrid_early|a0.9|k5         250      -0.00963    -0.02670    0.00675        False     0.16100             0.2574
content_preservation_LaBSE   formal|hybrid_early|a0.5|k10              formal|random|k10         250      -0.00928    -0.02657    0.00839        False     0.22943             0.2995
content_preservation_LaBSE   formal|hybrid_early|a0.5|k10               formal|random|k5         250      -0.00351    -0.02295    0.01569        False     0.52672             0.7276
content_preservation_LaBSE   formal|hybrid_early|a0.5|k10            formal|zero_shot|k5         250       0.18949     0.16518    0.21384         True     0.00000             0.0000
content_preservation_LaBSE    formal|hybrid_early|a0.5|k5   formal|hybrid_early|a0.7|k10         250      -0.01093    -0.02662    0.00505        False     0.01587             0.1692
content_preservation_LaBSE    formal|hybrid_early|a0.5|k5    formal|hybrid_early|a0.7|k5         250      -0.00327    -0.01758    0.01139        False     0.60522             0.6688
content_preservation_LaBSE    formal|hybrid_early|a0.5|k5   formal|hybrid_early|a0.9|k10         250      -0.01490    -0.03118    0.00201        False     0.00288             0.0805
content_preservation_LaBSE    formal|hybrid_early|a0.5|k5    formal|hybrid_early|a0.9|k5         250      -0.01212    -0.02857    0.00469        False     0.04134             0.1507
content_preservation_LaBSE    formal|hybrid_early|a0.5|k5              formal|random|k10         250      -0.01177    -0.02987    0.00669        False     0.16463             0.2118
content_preservation_LaBSE    formal|hybrid_early|a0.5|k5               formal|random|k5         250      -0.00601    -0.02467    0.01253        False     0.45057             0.5366
content_preservation_LaBSE    formal|hybrid_early|a0.5|k5            formal|zero_shot|k5         250       0.18699     0.16225    0.21154         True     0.00000             0.0000
content_preservation_LaBSE   formal|hybrid_early|a0.7|k10    formal|hybrid_early|a0.7|k5         250       0.00766    -0.00621    0.02143        False     0.07982             0.2850
content_preservation_LaBSE   formal|hybrid_early|a0.7|k10   formal|hybrid_early|a0.9|k10         250      -0.00397    -0.01735    0.00950        False     0.22916             0.5554
content_preservation_LaBSE   formal|hybrid_early|a0.7|k10    formal|hybrid_early|a0.9|k5         250      -0.00120    -0.01577    0.01305        False     0.66648             0.8689
content_preservation_LaBSE   formal|hybrid_early|a0.7|k10              formal|random|k10         250      -0.00084    -0.01779    0.01623        False     0.79357             0.9227
content_preservation_LaBSE   formal|hybrid_early|a0.7|k10               formal|random|k5         250       0.00492    -0.01261    0.02257        False     0.77543             0.5936
content_preservation_LaBSE   formal|hybrid_early|a0.7|k10            formal|zero_shot|k5         250       0.19792     0.17488    0.22119         True     0.00000             0.0000
content_preservation_LaBSE    formal|hybrid_early|a0.7|k5   formal|hybrid_early|a0.9|k10         250      -0.01164    -0.02689    0.00376        False     0.01975             0.1377
content_preservation_LaBSE    formal|hybrid_early|a0.7|k5    formal|hybrid_early|a0.9|k5         250      -0.00886    -0.02139    0.00363        False     0.09138             0.1592
content_preservation_LaBSE    formal|hybrid_early|a0.7|k5              formal|random|k10         250      -0.00850    -0.02593    0.00887        False     0.38345             0.3403
content_preservation_LaBSE    formal|hybrid_early|a0.7|k5               formal|random|k5         250      -0.00274    -0.02077    0.01521        False     0.47830             0.7613
content_preservation_LaBSE    formal|hybrid_early|a0.7|k5            formal|zero_shot|k5         250       0.19026     0.16758    0.21317         True     0.00000             0.0000
content_preservation_LaBSE   formal|hybrid_early|a0.9|k10    formal|hybrid_early|a0.9|k5         250       0.00278    -0.01161    0.01722        False     0.62535             0.7018
content_preservation_LaBSE   formal|hybrid_early|a0.9|k10              formal|random|k10         250       0.00313    -0.01520    0.02156        False     0.69580             0.7444
content_preservation_LaBSE   formal|hybrid_early|a0.9|k10               formal|random|k5         250       0.00889    -0.01023    0.02867        False     0.34872             0.3782
content_preservation_LaBSE   formal|hybrid_early|a0.9|k10            formal|zero_shot|k5         250       0.20190     0.17776    0.22662         True     0.00000             0.0000
content_preservation_LaBSE    formal|hybrid_early|a0.9|k5              formal|random|k10         250       0.00035    -0.01719    0.01790        False     0.65178             0.9713
content_preservation_LaBSE    formal|hybrid_early|a0.9|k5               formal|random|k5         250       0.00612    -0.01188    0.02341        False     0.57573             0.4890
content_preservation_LaBSE    formal|hybrid_early|a0.9|k5            formal|zero_shot|k5         250       0.19912     0.17501    0.22368         True     0.00000             0.0000
content_preservation_LaBSE              formal|random|k10               formal|random|k5         250       0.00576    -0.00942    0.02081        False     0.50862             0.4482
content_preservation_LaBSE              formal|random|k10            formal|zero_shot|k5         250       0.19876     0.17550    0.22178         True     0.00000             0.0000
content_preservation_LaBSE               formal|random|k5            formal|zero_shot|k5         250       0.19300     0.17037    0.21568         True     0.00000             0.0000
content_preservation_LaBSE              informal|bm25|k10               informal|bm25|k5         250       0.00200    -0.01067    0.01451        False     0.73641             0.7630
content_preservation_LaBSE              informal|bm25|k10          informal|centroid|k10         250       0.03850     0.01946    0.05753         True     0.00065             0.0001
content_preservation_LaBSE              informal|bm25|k10           informal|centroid|k5         250       0.03394     0.01686    0.05153         True     0.00059             0.0004
content_preservation_LaBSE              informal|bm25|k10             informal|dense|k10         250       0.02076     0.00494    0.03685         True     0.01900             0.0123
content_preservation_LaBSE              informal|bm25|k10              informal|dense|k5         250       0.01670     0.00156    0.03186         True     0.01676             0.0330
content_preservation_LaBSE              informal|bm25|k10 informal|hybrid_early|a0.1|k10         250       0.03352     0.01647    0.05119         True     0.00017             0.0000
content_preservation_LaBSE              informal|bm25|k10  informal|hybrid_early|a0.1|k5         250       0.03483     0.01828    0.05188         True     0.00005             0.0000
content_preservation_LaBSE              informal|bm25|k10 informal|hybrid_early|a0.3|k10         250       0.03362     0.01638    0.05153         True     0.00051             0.0002
content_preservation_LaBSE              informal|bm25|k10  informal|hybrid_early|a0.3|k5         250       0.03229     0.01600    0.04857         True     0.00008             0.0000
content_preservation_LaBSE              informal|bm25|k10 informal|hybrid_early|a0.5|k10         250       0.02365     0.00732    0.04044         True     0.01536             0.0046
content_preservation_LaBSE              informal|bm25|k10  informal|hybrid_early|a0.5|k5         250       0.02625     0.00867    0.04368         True     0.00909             0.0039
content_preservation_LaBSE              informal|bm25|k10 informal|hybrid_early|a0.7|k10         250       0.01970     0.00367    0.03604         True     0.01059             0.0180
content_preservation_LaBSE              informal|bm25|k10  informal|hybrid_early|a0.7|k5         250       0.02417     0.00758    0.04103         True     0.00146             0.0053
content_preservation_LaBSE              informal|bm25|k10 informal|hybrid_early|a0.9|k10         250       0.02208     0.00563    0.03896         True     0.00881             0.0101
content_preservation_LaBSE              informal|bm25|k10  informal|hybrid_early|a0.9|k5         250       0.01676     0.00135    0.03270         True     0.02124             0.0370
content_preservation_LaBSE              informal|bm25|k10            informal|random|k10         250       0.04549     0.02906    0.06248         True     0.00000             0.0000
content_preservation_LaBSE              informal|bm25|k10             informal|random|k5         250       0.04470     0.02684    0.06297         True     0.00000             0.0000
content_preservation_LaBSE              informal|bm25|k10          informal|zero_shot|k5         250       0.21521     0.19289    0.23818         True     0.00000             0.0000
content_preservation_LaBSE               informal|bm25|k5          informal|centroid|k10         250       0.03650     0.01770    0.05580         True     0.00180             0.0003
content_preservation_LaBSE               informal|bm25|k5           informal|centroid|k5         250       0.03194     0.01561    0.04877         True     0.00035             0.0001
content_preservation_LaBSE               informal|bm25|k5             informal|dense|k10         250       0.01876     0.00285    0.03478         True     0.02452             0.0201
content_preservation_LaBSE               informal|bm25|k5              informal|dense|k5         250       0.01470     0.00065    0.02894         True     0.03291             0.0422
content_preservation_LaBSE               informal|bm25|k5 informal|hybrid_early|a0.1|k10         250       0.03152     0.01520    0.04833         True     0.00005             0.0000
content_preservation_LaBSE               informal|bm25|k5  informal|hybrid_early|a0.1|k5         250       0.03284     0.01612    0.04992         True     0.00014             0.0001
content_preservation_LaBSE               informal|bm25|k5 informal|hybrid_early|a0.3|k10         250       0.03162     0.01421    0.04935         True     0.00055             0.0001
content_preservation_LaBSE               informal|bm25|k5  informal|hybrid_early|a0.3|k5         250       0.03029     0.01486    0.04610         True     0.00023             0.0002
content_preservation_LaBSE               informal|bm25|k5 informal|hybrid_early|a0.5|k10         250       0.02165     0.00506    0.03882         True     0.00379             0.0116
content_preservation_LaBSE               informal|bm25|k5  informal|hybrid_early|a0.5|k5         250       0.02426     0.00684    0.04201         True     0.00328             0.0071
content_preservation_LaBSE               informal|bm25|k5 informal|hybrid_early|a0.7|k10         250       0.01770     0.00148    0.03382         True     0.02821             0.0371
content_preservation_LaBSE               informal|bm25|k5  informal|hybrid_early|a0.7|k5         250       0.02217     0.00678    0.03776         True     0.00194             0.0040
content_preservation_LaBSE               informal|bm25|k5 informal|hybrid_early|a0.9|k10         250       0.02008     0.00481    0.03549         True     0.01197             0.0114
content_preservation_LaBSE               informal|bm25|k5  informal|hybrid_early|a0.9|k5         250       0.01476    -0.00012    0.02985        False     0.02526             0.0542
content_preservation_LaBSE               informal|bm25|k5            informal|random|k10         250       0.04349     0.02711    0.06031         True     0.00000             0.0000
content_preservation_LaBSE               informal|bm25|k5             informal|random|k5         250       0.04270     0.02730    0.05879         True     0.00000             0.0000
content_preservation_LaBSE               informal|bm25|k5          informal|zero_shot|k5         250       0.21321     0.19210    0.23472         True     0.00000             0.0000
content_preservation_LaBSE          informal|centroid|k10           informal|centroid|k5         250      -0.00455    -0.02141    0.01232        False     0.79963             0.6009
content_preservation_LaBSE          informal|centroid|k10             informal|dense|k10         250      -0.01773    -0.03555   -0.00017         True     0.12658             0.0471
content_preservation_LaBSE          informal|centroid|k10              informal|dense|k5         250      -0.02180    -0.03998   -0.00367         True     0.06621             0.0206
content_preservation_LaBSE          informal|centroid|k10 informal|hybrid_early|a0.1|k10         250      -0.00498    -0.02199    0.01218        False     0.90637             0.5742
content_preservation_LaBSE          informal|centroid|k10  informal|hybrid_early|a0.1|k5         250      -0.00366    -0.02161    0.01388        False     0.54998             0.6865
content_preservation_LaBSE          informal|centroid|k10 informal|hybrid_early|a0.3|k10         250      -0.00488    -0.02359    0.01380        False     0.66633             0.6119
content_preservation_LaBSE          informal|centroid|k10  informal|hybrid_early|a0.3|k5         250      -0.00621    -0.02495    0.01209        False     0.68549             0.5199
content_preservation_LaBSE          informal|centroid|k10 informal|hybrid_early|a0.5|k10         250      -0.01485    -0.03373    0.00377        False     0.35778             0.1215
content_preservation_LaBSE          informal|centroid|k10  informal|hybrid_early|a0.5|k5         250      -0.01224    -0.03083    0.00642        False     0.22506             0.1913
content_preservation_LaBSE          informal|centroid|k10 informal|hybrid_early|a0.7|k10         250      -0.01880    -0.03774   -0.00043         True     0.17774             0.0482
content_preservation_LaBSE          informal|centroid|k10  informal|hybrid_early|a0.7|k5         250      -0.01433    -0.03400    0.00551        False     0.15477             0.1620
content_preservation_LaBSE          informal|centroid|k10 informal|hybrid_early|a0.9|k10         250      -0.01642    -0.03565    0.00249        False     0.26621             0.0896
content_preservation_LaBSE          informal|centroid|k10  informal|hybrid_early|a0.9|k5         250      -0.02173    -0.04046   -0.00300         True     0.05698             0.0253
content_preservation_LaBSE          informal|centroid|k10            informal|random|k10         250       0.00699    -0.01352    0.02687        False     0.07121             0.5036
content_preservation_LaBSE          informal|centroid|k10             informal|random|k5         250       0.00621    -0.01341    0.02557        False     0.25183             0.5366
content_preservation_LaBSE          informal|centroid|k10          informal|zero_shot|k5         250       0.17671     0.15417    0.19961         True     0.00000             0.0000
content_preservation_LaBSE           informal|centroid|k5             informal|dense|k10         250      -0.01318    -0.03170    0.00475        False     0.55505             0.1636
content_preservation_LaBSE           informal|centroid|k5              informal|dense|k5         250      -0.01724    -0.03568    0.00078        False     0.41621             0.0725
content_preservation_LaBSE           informal|centroid|k5 informal|hybrid_early|a0.1|k10         250      -0.00043    -0.01686    0.01595        False     0.69193             0.9643
content_preservation_LaBSE           informal|centroid|k5  informal|hybrid_early|a0.1|k5         250       0.00089    -0.01471    0.01631        False     0.16855             0.9119
content_preservation_LaBSE           informal|centroid|k5 informal|hybrid_early|a0.3|k10         250      -0.00032    -0.01847    0.01723        False     0.69322             0.9704
content_preservation_LaBSE           informal|centroid|k5  informal|hybrid_early|a0.3|k5         250      -0.00165    -0.01963    0.01602        False     0.51820             0.8628
content_preservation_LaBSE           informal|centroid|k5 informal|hybrid_early|a0.5|k10         250      -0.01030    -0.03005    0.00887        False     0.71919             0.3059
content_preservation_LaBSE           informal|centroid|k5  informal|hybrid_early|a0.5|k5         250      -0.00769    -0.02701    0.01160        False     0.67084             0.4389
content_preservation_LaBSE           informal|centroid|k5 informal|hybrid_early|a0.7|k10         250      -0.01425    -0.03368    0.00450        False     0.22876             0.1497
content_preservation_LaBSE           informal|centroid|k5  informal|hybrid_early|a0.7|k5         250      -0.00977    -0.02814    0.00853        False     0.78348             0.3082
content_preservation_LaBSE           informal|centroid|k5 informal|hybrid_early|a0.9|k10         250      -0.01187    -0.03075    0.00615        False     0.58111             0.2114
content_preservation_LaBSE           informal|centroid|k5  informal|hybrid_early|a0.9|k5         250      -0.01718    -0.03523    0.00038        False     0.44118             0.0726
content_preservation_LaBSE           informal|centroid|k5            informal|random|k10         250       0.01155    -0.00676    0.02945        False     0.07222             0.2205
content_preservation_LaBSE           informal|centroid|k5             informal|random|k5         250       0.01076    -0.00704    0.02810        False     0.02250             0.2435
content_preservation_LaBSE           informal|centroid|k5          informal|zero_shot|k5         250       0.18127     0.15723    0.20512         True     0.00000             0.0000
content_preservation_LaBSE             informal|dense|k10              informal|dense|k5         250      -0.00406    -0.01781    0.00941        False     0.71994             0.5620
content_preservation_LaBSE             informal|dense|k10 informal|hybrid_early|a0.1|k10         250       0.01275    -0.00343    0.02902        False     0.08624             0.1183
content_preservation_LaBSE             informal|dense|k10  informal|hybrid_early|a0.1|k5         250       0.01407    -0.00204    0.02990        False     0.07433             0.0795
content_preservation_LaBSE             informal|dense|k10 informal|hybrid_early|a0.3|k10         250       0.01286    -0.00373    0.02919        False     0.26800             0.1293
content_preservation_LaBSE             informal|dense|k10  informal|hybrid_early|a0.3|k5         250       0.01153    -0.00357    0.02646        False     0.20487             0.1412
content_preservation_LaBSE             informal|dense|k10 informal|hybrid_early|a0.5|k10         250       0.00288    -0.01172    0.01762        False     0.67898             0.7053
content_preservation_LaBSE             informal|dense|k10  informal|hybrid_early|a0.5|k5         250       0.00549    -0.01020    0.02125        False     0.64570             0.4975
content_preservation_LaBSE             informal|dense|k10 informal|hybrid_early|a0.7|k10         250      -0.00107    -0.01469    0.01243        False     0.68413             0.8842
content_preservation_LaBSE             informal|dense|k10  informal|hybrid_early|a0.7|k5         250       0.00341    -0.01196    0.01863        False     0.71167             0.6587
content_preservation_LaBSE             informal|dense|k10 informal|hybrid_early|a0.9|k10         250       0.00131    -0.00887    0.01126        False     0.23936             0.7991
content_preservation_LaBSE             informal|dense|k10  informal|hybrid_early|a0.9|k5         250      -0.00400    -0.01823    0.00994        False     0.58617             0.5744
content_preservation_LaBSE             informal|dense|k10            informal|random|k10         250       0.02473     0.00689    0.04288         True     0.01356             0.0079
content_preservation_LaBSE             informal|dense|k10             informal|random|k5         250       0.02394     0.00599    0.04136         True     0.00857             0.0064
content_preservation_LaBSE             informal|dense|k10          informal|zero_shot|k5         250       0.19445     0.17304    0.21599         True     0.00000             0.0000
content_preservation_LaBSE              informal|dense|k5 informal|hybrid_early|a0.1|k10         250       0.01682    -0.00004    0.03419        False     0.07236             0.0582
content_preservation_LaBSE              informal|dense|k5  informal|hybrid_early|a0.1|k5         250       0.01814     0.00221    0.03422         True     0.03385             0.0280
content_preservation_LaBSE              informal|dense|k5 informal|hybrid_early|a0.3|k10         250       0.01692     0.00067    0.03356         True     0.25693             0.0506
content_preservation_LaBSE              informal|dense|k5  informal|hybrid_early|a0.3|k5         250       0.01559     0.00063    0.03089         True     0.20235             0.0457
content_preservation_LaBSE              informal|dense|k5 informal|hybrid_early|a0.5|k10         250       0.00695    -0.00803    0.02230        False     0.94184             0.3668
content_preservation_LaBSE              informal|dense|k5  informal|hybrid_early|a0.5|k5         250       0.00956    -0.00490    0.02460        False     0.42816             0.2121
content_preservation_LaBSE              informal|dense|k5 informal|hybrid_early|a0.7|k10         250       0.00300    -0.01050    0.01670        False     0.94326             0.6772
content_preservation_LaBSE              informal|dense|k5  informal|hybrid_early|a0.7|k5         250       0.00747    -0.00596    0.02123        False     0.28624             0.2935
content_preservation_LaBSE              informal|dense|k5 informal|hybrid_early|a0.9|k10         250       0.00538    -0.00841    0.01910        False     0.65873             0.4560
content_preservation_LaBSE              informal|dense|k5  informal|hybrid_early|a0.9|k5         250       0.00006    -0.00881    0.00912        False     0.81369             0.9892
content_preservation_LaBSE              informal|dense|k5            informal|random|k10         250       0.02879     0.01168    0.04673         True     0.00265             0.0015
content_preservation_LaBSE              informal|dense|k5             informal|random|k5         250       0.02800     0.01111    0.04513         True     0.00471             0.0014
content_preservation_LaBSE              informal|dense|k5          informal|zero_shot|k5         250       0.19851     0.17732    0.22020         True     0.00000             0.0000
content_preservation_LaBSE informal|hybrid_early|a0.1|k10  informal|hybrid_early|a0.1|k5         250       0.00132    -0.01335    0.01581        False     0.53749             0.8634
content_preservation_LaBSE informal|hybrid_early|a0.1|k10 informal|hybrid_early|a0.3|k10         250       0.00010    -0.01547    0.01551        False     0.71728             0.9898
content_preservation_LaBSE informal|hybrid_early|a0.1|k10  informal|hybrid_early|a0.3|k5         250      -0.00123    -0.01731    0.01438        False     0.87193             0.8766
content_preservation_LaBSE informal|hybrid_early|a0.1|k10 informal|hybrid_early|a0.5|k10         250      -0.00987    -0.02722    0.00743        False     0.34069             0.2710
content_preservation_LaBSE informal|hybrid_early|a0.1|k10  informal|hybrid_early|a0.5|k5         250      -0.00726    -0.02488    0.01027        False     0.30480             0.4070
content_preservation_LaBSE informal|hybrid_early|a0.1|k10 informal|hybrid_early|a0.7|k10         250      -0.01382    -0.03214    0.00406        False     0.18734             0.1332
content_preservation_LaBSE informal|hybrid_early|a0.1|k10  informal|hybrid_early|a0.7|k5         250      -0.00935    -0.02659    0.00767        False     0.42326             0.2845
content_preservation_LaBSE informal|hybrid_early|a0.1|k10 informal|hybrid_early|a0.9|k10         250      -0.01144    -0.02940    0.00622        False     0.27904             0.2151
content_preservation_LaBSE informal|hybrid_early|a0.1|k10  informal|hybrid_early|a0.9|k5         250      -0.01675    -0.03414    0.00074        False     0.06145             0.0666
content_preservation_LaBSE informal|hybrid_early|a0.1|k10            informal|random|k10         250       0.01198    -0.00563    0.02922        False     0.13436             0.1862
content_preservation_LaBSE informal|hybrid_early|a0.1|k10             informal|random|k5         250       0.01119    -0.00669    0.02837        False     0.18225             0.2074
content_preservation_LaBSE informal|hybrid_early|a0.1|k10          informal|zero_shot|k5         250       0.18169     0.15898    0.20433         True     0.00000             0.0000
content_preservation_LaBSE  informal|hybrid_early|a0.1|k5 informal|hybrid_early|a0.3|k10         250      -0.00122    -0.01774    0.01496        False     0.88364             0.8840
content_preservation_LaBSE  informal|hybrid_early|a0.1|k5  informal|hybrid_early|a0.3|k5         250      -0.00255    -0.01781    0.01234        False     0.70486             0.7419
content_preservation_LaBSE  informal|hybrid_early|a0.1|k5 informal|hybrid_early|a0.5|k10         250      -0.01119    -0.02821    0.00605        False     0.18574             0.2029
content_preservation_LaBSE  informal|hybrid_early|a0.1|k5  informal|hybrid_early|a0.5|k5         250      -0.00858    -0.02479    0.00779        False     0.11690             0.3010
content_preservation_LaBSE  informal|hybrid_early|a0.1|k5 informal|hybrid_early|a0.7|k10         250      -0.01514    -0.03175    0.00134        False     0.11528             0.0698
content_preservation_LaBSE  informal|hybrid_early|a0.1|k5  informal|hybrid_early|a0.7|k5         250      -0.01066    -0.02661    0.00539        False     0.15861             0.1944
content_preservation_LaBSE  informal|hybrid_early|a0.1|k5 informal|hybrid_early|a0.9|k10         250      -0.01276    -0.02848    0.00281        False     0.10256             0.1095
content_preservation_LaBSE  informal|hybrid_early|a0.1|k5  informal|hybrid_early|a0.9|k5         250      -0.01807    -0.03385   -0.00206         True     0.05563             0.0289
content_preservation_LaBSE  informal|hybrid_early|a0.1|k5            informal|random|k10         250       0.01066    -0.00613    0.02764        False     0.05848             0.2274
content_preservation_LaBSE  informal|hybrid_early|a0.1|k5             informal|random|k5         250       0.00987    -0.00628    0.02600        False     0.07988             0.2367
content_preservation_LaBSE  informal|hybrid_early|a0.1|k5          informal|zero_shot|k5         250       0.18038     0.15731    0.20273         True     0.00000             0.0000
content_preservation_LaBSE informal|hybrid_early|a0.3|k10  informal|hybrid_early|a0.3|k5         250      -0.00133    -0.01568    0.01306        False     0.92288             0.8604
content_preservation_LaBSE informal|hybrid_early|a0.3|k10 informal|hybrid_early|a0.5|k10         250      -0.00997    -0.02473    0.00480        False     0.41996             0.1917
content_preservation_LaBSE informal|hybrid_early|a0.3|k10  informal|hybrid_early|a0.5|k5         250      -0.00736    -0.02439    0.00978        False     0.42489             0.3928
content_preservation_LaBSE informal|hybrid_early|a0.3|k10 informal|hybrid_early|a0.7|k10         250      -0.01392    -0.03084    0.00297        False     0.19397             0.1074
content_preservation_LaBSE informal|hybrid_early|a0.3|k10  informal|hybrid_early|a0.7|k5         250      -0.00945    -0.02484    0.00605        False     0.29301             0.2369
content_preservation_LaBSE informal|hybrid_early|a0.3|k10 informal|hybrid_early|a0.9|k10         250      -0.01154    -0.02869    0.00597        False     0.27015             0.1932
content_preservation_LaBSE informal|hybrid_early|a0.3|k10  informal|hybrid_early|a0.9|k5         250      -0.01686    -0.03339   -0.00055         True     0.10877             0.0484
content_preservation_LaBSE informal|hybrid_early|a0.3|k10            informal|random|k10         250       0.01187    -0.00684    0.03011        False     0.03234             0.2040
content_preservation_LaBSE informal|hybrid_early|a0.3|k10             informal|random|k5         250       0.01109    -0.00678    0.02912        False     0.25914             0.2256
content_preservation_LaBSE informal|hybrid_early|a0.3|k10          informal|zero_shot|k5         250       0.18159     0.15778    0.20532         True     0.00000             0.0000
content_preservation_LaBSE  informal|hybrid_early|a0.3|k5 informal|hybrid_early|a0.5|k10         250      -0.00864    -0.02431    0.00744        False     0.48646             0.2893
content_preservation_LaBSE  informal|hybrid_early|a0.3|k5  informal|hybrid_early|a0.5|k5         250      -0.00603    -0.02128    0.00955        False     0.44104             0.4440
content_preservation_LaBSE  informal|hybrid_early|a0.3|k5 informal|hybrid_early|a0.7|k10         250      -0.01259    -0.02842    0.00297        False     0.14189             0.1241
content_preservation_LaBSE  informal|hybrid_early|a0.3|k5  informal|hybrid_early|a0.7|k5         250      -0.00812    -0.02343    0.00716        False     0.30190             0.3002
content_preservation_LaBSE  informal|hybrid_early|a0.3|k5 informal|hybrid_early|a0.9|k10         250      -0.01021    -0.02663    0.00652        False     0.17995             0.2297
content_preservation_LaBSE  informal|hybrid_early|a0.3|k5  informal|hybrid_early|a0.9|k5         250      -0.01553    -0.03069   -0.00048         True     0.10591             0.0484
content_preservation_LaBSE  informal|hybrid_early|a0.3|k5            informal|random|k10         250       0.01320    -0.00447    0.03126        False     0.10877             0.1544
content_preservation_LaBSE  informal|hybrid_early|a0.3|k5             informal|random|k5         250       0.01242    -0.00501    0.03025        False     0.23215             0.1714
content_preservation_LaBSE  informal|hybrid_early|a0.3|k5          informal|zero_shot|k5         250       0.18292     0.16087    0.20548         True     0.00000             0.0000
content_preservation_LaBSE informal|hybrid_early|a0.5|k10  informal|hybrid_early|a0.5|k5         250       0.00261    -0.01336    0.01876        False     0.76398             0.7479
content_preservation_LaBSE informal|hybrid_early|a0.5|k10 informal|hybrid_early|a0.7|k10         250      -0.00395    -0.01714    0.00959        False     0.41110             0.5695
content_preservation_LaBSE informal|hybrid_early|a0.5|k10  informal|hybrid_early|a0.7|k5         250       0.00052    -0.01472    0.01566        False     0.37348             0.9481
content_preservation_LaBSE informal|hybrid_early|a0.5|k10 informal|hybrid_early|a0.9|k10         250      -0.00157    -0.01570    0.01206        False     0.87331             0.8234
content_preservation_LaBSE informal|hybrid_early|a0.5|k10  informal|hybrid_early|a0.9|k5         250      -0.00688    -0.02237    0.00785        False     0.80992             0.3686
content_preservation_LaBSE informal|hybrid_early|a0.5|k10            informal|random|k10         250       0.02185     0.00403    0.03936         True     0.00360             0.0185
content_preservation_LaBSE informal|hybrid_early|a0.5|k10             informal|random|k5         250       0.02106     0.00319    0.03882         True     0.00777             0.0170
content_preservation_LaBSE informal|hybrid_early|a0.5|k10          informal|zero_shot|k5         250       0.19156     0.17016    0.21284         True     0.00000             0.0000
content_preservation_LaBSE  informal|hybrid_early|a0.5|k5 informal|hybrid_early|a0.7|k10         250      -0.00656    -0.02268    0.00912        False     0.46754             0.4197
content_preservation_LaBSE  informal|hybrid_early|a0.5|k5  informal|hybrid_early|a0.7|k5         250      -0.00208    -0.01619    0.01191        False     0.82254             0.7747
content_preservation_LaBSE  informal|hybrid_early|a0.5|k5 informal|hybrid_early|a0.9|k10         250      -0.00418    -0.02074    0.01248        False     0.54821             0.6293
content_preservation_LaBSE  informal|hybrid_early|a0.5|k5  informal|hybrid_early|a0.9|k5         250      -0.00949    -0.02472    0.00545        False     0.61415             0.2237
content_preservation_LaBSE  informal|hybrid_early|a0.5|k5            informal|random|k10         250       0.01924     0.00072    0.03757         True     0.00715             0.0468
content_preservation_LaBSE  informal|hybrid_early|a0.5|k5             informal|random|k5         250       0.01845     0.00005    0.03615         True     0.01053             0.0470
content_preservation_LaBSE  informal|hybrid_early|a0.5|k5          informal|zero_shot|k5         250       0.18896     0.16556    0.21250         True     0.00000             0.0000
content_preservation_LaBSE informal|hybrid_early|a0.7|k10  informal|hybrid_early|a0.7|k5         250       0.00447    -0.01017    0.01856        False     0.33466             0.5534
content_preservation_LaBSE informal|hybrid_early|a0.7|k10 informal|hybrid_early|a0.9|k10         250       0.00238    -0.01176    0.01627        False     0.51141             0.7453
content_preservation_LaBSE informal|hybrid_early|a0.7|k10  informal|hybrid_early|a0.9|k5         250      -0.00293    -0.01662    0.01075        False     0.91780             0.6691
content_preservation_LaBSE informal|hybrid_early|a0.7|k10            informal|random|k10         250       0.02579     0.00735    0.04429         True     0.00880             0.0062
content_preservation_LaBSE informal|hybrid_early|a0.7|k10             informal|random|k5         250       0.02501     0.00740    0.04250         True     0.00492             0.0054
content_preservation_LaBSE informal|hybrid_early|a0.7|k10          informal|zero_shot|k5         250       0.19551     0.17425    0.21760         True     0.00000             0.0000
content_preservation_LaBSE  informal|hybrid_early|a0.7|k5 informal|hybrid_early|a0.9|k10         250      -0.00209    -0.01755    0.01347        False     0.62038             0.7925
content_preservation_LaBSE  informal|hybrid_early|a0.7|k5  informal|hybrid_early|a0.9|k5         250      -0.00741    -0.01935    0.00430        False     0.42097             0.2296
content_preservation_LaBSE  informal|hybrid_early|a0.7|k5            informal|random|k10         250       0.02132     0.00282    0.03983         True     0.01610             0.0260
content_preservation_LaBSE  informal|hybrid_early|a0.7|k5             informal|random|k5         250       0.02053     0.00242    0.03785         True     0.01684             0.0260
content_preservation_LaBSE  informal|hybrid_early|a0.7|k5          informal|zero_shot|k5         250       0.19104     0.16868    0.21321         True     0.00000             0.0000
content_preservation_LaBSE informal|hybrid_early|a0.9|k10  informal|hybrid_early|a0.9|k5         250      -0.00531    -0.01965    0.00877        False     0.96423             0.4786
content_preservation_LaBSE informal|hybrid_early|a0.9|k10            informal|random|k10         250       0.02342     0.00508    0.04190         True     0.01164             0.0146
content_preservation_LaBSE informal|hybrid_early|a0.9|k10             informal|random|k5         250       0.02263     0.00527    0.04025         True     0.01113             0.0118
content_preservation_LaBSE informal|hybrid_early|a0.9|k10          informal|zero_shot|k5         250       0.19313     0.17119    0.21551         True     0.00000             0.0000
content_preservation_LaBSE  informal|hybrid_early|a0.9|k5            informal|random|k10         250       0.02873     0.01154    0.04612         True     0.00090             0.0021
content_preservation_LaBSE  informal|hybrid_early|a0.9|k5             informal|random|k5         250       0.02794     0.01113    0.04488         True     0.00310             0.0013
content_preservation_LaBSE  informal|hybrid_early|a0.9|k5          informal|zero_shot|k5         250       0.19845     0.17640    0.22043         True     0.00000             0.0000
content_preservation_LaBSE            informal|random|k10             informal|random|k5         250      -0.00079    -0.01712    0.01576        False     0.47874             0.9250
content_preservation_LaBSE            informal|random|k10          informal|zero_shot|k5         250       0.16972     0.14650    0.19310         True     0.00000             0.0000
content_preservation_LaBSE             informal|random|k5          informal|zero_shot|k5         250       0.17051     0.14834    0.19297         True     0.00000             0.0000

Catatan: 'bermakna_95' berarti interval keyakinan 95% selisih berpasangan tidak memuat nol. Bila kolom p_wilcoxon kosong, scipy tidak terpasang dan dipakai uji permutasi tanda.
Hasil disimpan: D:\FILEMAHASISWA\Fikri Hasani Folder\JCCE-First Revision\TABEL_uji_formality_content_preservation_LaBSE.csv


########## formality / content_preservation_mE5 (exit 0) ##########

Metrik: content_preservation_mE5 | konfigurasi: 38 | pasangan sebanding: 342
361 pasangan lintas target dilewati, karena membandingkan dua target gaya yang berbeda tidak bermakna

                  metrik                  konfigurasi_a                  konfigurasi_b  n_pasangan  selisih_mean  ci95_bawah  ci95_atas  bermakna_95  p_wilcoxon  p_permutasi_tanda
content_preservation_mE5                formal|bm25|k10                 formal|bm25|k5         250       0.00900     0.00472    0.01322         True     0.00002             0.0000
content_preservation_mE5                formal|bm25|k10            formal|centroid|k10         250       0.01812     0.01361    0.02274         True     0.00000             0.0000
content_preservation_mE5                formal|bm25|k10             formal|centroid|k5         250       0.03504     0.03015    0.03996         True     0.00000             0.0000
content_preservation_mE5                formal|bm25|k10               formal|dense|k10         250       0.00889     0.00427    0.01356         True     0.00013             0.0001
content_preservation_mE5                formal|bm25|k10                formal|dense|k5         250       0.01404     0.00980    0.01835         True     0.00000             0.0000
content_preservation_mE5                formal|bm25|k10   formal|hybrid_early|a0.1|k10         250       0.01958     0.01447    0.02483         True     0.00000             0.0000
content_preservation_mE5                formal|bm25|k10    formal|hybrid_early|a0.1|k5         250       0.03169     0.02735    0.03605         True     0.00000             0.0000
content_preservation_mE5                formal|bm25|k10   formal|hybrid_early|a0.3|k10         250       0.01398     0.00942    0.01857         True     0.00000             0.0000
content_preservation_mE5                formal|bm25|k10    formal|hybrid_early|a0.3|k5         250       0.02032     0.01575    0.02494         True     0.00000             0.0000
content_preservation_mE5                formal|bm25|k10   formal|hybrid_early|a0.5|k10         250       0.01073     0.00631    0.01516         True     0.00000             0.0000
content_preservation_mE5                formal|bm25|k10    formal|hybrid_early|a0.5|k5         250       0.01363     0.00911    0.01826         True     0.00000             0.0000
content_preservation_mE5                formal|bm25|k10   formal|hybrid_early|a0.7|k10         250       0.01084     0.00631    0.01541         True     0.00000             0.0000
content_preservation_mE5                formal|bm25|k10    formal|hybrid_early|a0.7|k5         250       0.01666     0.01224    0.02103         True     0.00000             0.0000
content_preservation_mE5                formal|bm25|k10   formal|hybrid_early|a0.9|k10         250       0.00899     0.00430    0.01366         True     0.00005             0.0001
content_preservation_mE5                formal|bm25|k10    formal|hybrid_early|a0.9|k5         250       0.01378     0.00968    0.01788         True     0.00000             0.0000
content_preservation_mE5                formal|bm25|k10              formal|random|k10         250       0.01237     0.00768    0.01711         True     0.00000             0.0000
content_preservation_mE5                formal|bm25|k10               formal|random|k5         250       0.01734     0.01231    0.02229         True     0.00000             0.0000
content_preservation_mE5                formal|bm25|k10            formal|zero_shot|k5         250       0.07043     0.06426    0.07652         True     0.00000             0.0000
content_preservation_mE5                 formal|bm25|k5            formal|centroid|k10         250       0.00911     0.00422    0.01426         True     0.00136             0.0004
content_preservation_mE5                 formal|bm25|k5             formal|centroid|k5         250       0.02604     0.02126    0.03109         True     0.00000             0.0000
content_preservation_mE5                 formal|bm25|k5               formal|dense|k10         250      -0.00011    -0.00505    0.00516        False     0.77749             0.9647
content_preservation_mE5                 formal|bm25|k5                formal|dense|k5         250       0.00504     0.00046    0.00978         True     0.03778             0.0352
content_preservation_mE5                 formal|bm25|k5   formal|hybrid_early|a0.1|k10         250       0.01057     0.00522    0.01622         True     0.00104             0.0001
content_preservation_mE5                 formal|bm25|k5    formal|hybrid_early|a0.1|k5         250       0.02268     0.01793    0.02769         True     0.00000             0.0000
content_preservation_mE5                 formal|bm25|k5   formal|hybrid_early|a0.3|k10         250       0.00497    -0.00002    0.01010        False     0.15198             0.0544
content_preservation_mE5                 formal|bm25|k5    formal|hybrid_early|a0.3|k5         250       0.01132     0.00670    0.01605         True     0.00000             0.0000
content_preservation_mE5                 formal|bm25|k5   formal|hybrid_early|a0.5|k10         250       0.00173    -0.00288    0.00668        False     0.56269             0.4863
content_preservation_mE5                 formal|bm25|k5    formal|hybrid_early|a0.5|k5         250       0.00463    -0.00018    0.00946        False     0.06843             0.0624
content_preservation_mE5                 formal|bm25|k5   formal|hybrid_early|a0.7|k10         250       0.00183    -0.00276    0.00666        False     0.71723             0.4508
content_preservation_mE5                 formal|bm25|k5    formal|hybrid_early|a0.7|k5         250       0.00766     0.00320    0.01217         True     0.00013             0.0007
content_preservation_mE5                 formal|bm25|k5   formal|hybrid_early|a0.9|k10         250      -0.00001    -0.00509    0.00530        False     0.87675             0.9965
content_preservation_mE5                 formal|bm25|k5    formal|hybrid_early|a0.9|k5         250       0.00477     0.00027    0.00932         True     0.04555             0.0390
content_preservation_mE5                 formal|bm25|k5              formal|random|k10         250       0.00337    -0.00141    0.00827        False     0.17859             0.1764
content_preservation_mE5                 formal|bm25|k5               formal|random|k5         250       0.00833     0.00343    0.01334         True     0.00199             0.0010
content_preservation_mE5                 formal|bm25|k5            formal|zero_shot|k5         250       0.06142     0.05535    0.06737         True     0.00000             0.0000
content_preservation_mE5            formal|centroid|k10             formal|centroid|k5         250       0.01692     0.01286    0.02096         True     0.00000             0.0000
content_preservation_mE5            formal|centroid|k10               formal|dense|k10         250      -0.00923    -0.01411   -0.00429         True     0.00112             0.0002
content_preservation_mE5            formal|centroid|k10                formal|dense|k5         250      -0.00408    -0.00866    0.00061        False     0.11568             0.0832
content_preservation_mE5            formal|centroid|k10   formal|hybrid_early|a0.1|k10         250       0.00146    -0.00251    0.00556        False     0.31294             0.5017
content_preservation_mE5            formal|centroid|k10    formal|hybrid_early|a0.1|k5         250       0.01357     0.01000    0.01720         True     0.00000             0.0000
content_preservation_mE5            formal|centroid|k10   formal|hybrid_early|a0.3|k10         250      -0.00414    -0.00849    0.00020        False     0.04751             0.0598
content_preservation_mE5            formal|centroid|k10    formal|hybrid_early|a0.3|k5         250       0.00220    -0.00237    0.00675        False     0.22429             0.3404
content_preservation_mE5            formal|centroid|k10   formal|hybrid_early|a0.5|k10         250      -0.00739    -0.01235   -0.00252         True     0.02522             0.0036
content_preservation_mE5            formal|centroid|k10    formal|hybrid_early|a0.5|k5         250      -0.00449    -0.00967    0.00048        False     0.24971             0.0846
content_preservation_mE5            formal|centroid|k10   formal|hybrid_early|a0.7|k10         250      -0.00728    -0.01190   -0.00277         True     0.00390             0.0021
content_preservation_mE5            formal|centroid|k10    formal|hybrid_early|a0.7|k5         250      -0.00146    -0.00601    0.00314        False     0.84860             0.5456
content_preservation_mE5            formal|centroid|k10   formal|hybrid_early|a0.9|k10         250      -0.00913    -0.01412   -0.00413         True     0.00038             0.0006
content_preservation_mE5            formal|centroid|k10    formal|hybrid_early|a0.9|k5         250      -0.00434    -0.00894    0.00019        False     0.14634             0.0659
content_preservation_mE5            formal|centroid|k10              formal|random|k10         250      -0.00575    -0.01030   -0.00120         True     0.01931             0.0148
content_preservation_mE5            formal|centroid|k10               formal|random|k5         250      -0.00078    -0.00558    0.00410        False     0.67333             0.7460
content_preservation_mE5            formal|centroid|k10            formal|zero_shot|k5         250       0.05231     0.04631    0.05827         True     0.00000             0.0000
content_preservation_mE5             formal|centroid|k5               formal|dense|k10         250      -0.02615    -0.03100   -0.02132         True     0.00000             0.0000
content_preservation_mE5             formal|centroid|k5                formal|dense|k5         250      -0.02100    -0.02562   -0.01629         True     0.00000             0.0000
content_preservation_mE5             formal|centroid|k5   formal|hybrid_early|a0.1|k10         250      -0.01547    -0.01981   -0.01109         True     0.00000             0.0000
content_preservation_mE5             formal|centroid|k5    formal|hybrid_early|a0.1|k5         250      -0.00335    -0.00673    0.00003        False     0.07356             0.0493
content_preservation_mE5             formal|centroid|k5   formal|hybrid_early|a0.3|k10         250      -0.02107    -0.02533   -0.01703         True     0.00000             0.0000
content_preservation_mE5             formal|centroid|k5    formal|hybrid_early|a0.3|k5         250      -0.01472    -0.01913   -0.01037         True     0.00000             0.0000
content_preservation_mE5             formal|centroid|k5   formal|hybrid_early|a0.5|k10         250      -0.02431    -0.02908   -0.01973         True     0.00000             0.0000
content_preservation_mE5             formal|centroid|k5    formal|hybrid_early|a0.5|k5         250      -0.02141    -0.02597   -0.01705         True     0.00000             0.0000
content_preservation_mE5             formal|centroid|k5   formal|hybrid_early|a0.7|k10         250      -0.02420    -0.02878   -0.01979         True     0.00000             0.0000
content_preservation_mE5             formal|centroid|k5    formal|hybrid_early|a0.7|k5         250      -0.01838    -0.02274   -0.01415         True     0.00000             0.0000
content_preservation_mE5             formal|centroid|k5   formal|hybrid_early|a0.9|k10         250      -0.02605    -0.03096   -0.02116         True     0.00000             0.0000
content_preservation_mE5             formal|centroid|k5    formal|hybrid_early|a0.9|k5         250      -0.02127    -0.02583   -0.01675         True     0.00000             0.0000
content_preservation_mE5             formal|centroid|k5              formal|random|k10         250      -0.02267    -0.02734   -0.01808         True     0.00000             0.0000
content_preservation_mE5             formal|centroid|k5               formal|random|k5         250      -0.01771    -0.02201   -0.01343         True     0.00000             0.0000
content_preservation_mE5             formal|centroid|k5            formal|zero_shot|k5         250       0.03538     0.03034    0.04035         True     0.00000             0.0000
content_preservation_mE5               formal|dense|k10                formal|dense|k5         250       0.00515     0.00144    0.00886         True     0.00664             0.0067
content_preservation_mE5               formal|dense|k10   formal|hybrid_early|a0.1|k10         250       0.01069     0.00557    0.01589         True     0.00024             0.0000
content_preservation_mE5               formal|dense|k10    formal|hybrid_early|a0.1|k5         250       0.02280     0.01853    0.02709         True     0.00000             0.0000
content_preservation_mE5               formal|dense|k10   formal|hybrid_early|a0.3|k10         250       0.00509     0.00047    0.00976         True     0.06896             0.0282
content_preservation_mE5               formal|dense|k10    formal|hybrid_early|a0.3|k5         250       0.01143     0.00668    0.01620         True     0.00000             0.0000
content_preservation_mE5               formal|dense|k10   formal|hybrid_early|a0.5|k10         250       0.00184    -0.00227    0.00598        False     0.31662             0.3826
content_preservation_mE5               formal|dense|k10    formal|hybrid_early|a0.5|k5         250       0.00474     0.00035    0.00897         True     0.00472             0.0302
content_preservation_mE5               formal|dense|k10   formal|hybrid_early|a0.7|k10         250       0.00195    -0.00168    0.00548        False     0.41583             0.2832
content_preservation_mE5               formal|dense|k10    formal|hybrid_early|a0.7|k5         250       0.00777     0.00389    0.01160         True     0.00003             0.0002
content_preservation_mE5               formal|dense|k10   formal|hybrid_early|a0.9|k10         250       0.00010    -0.00316    0.00320        False     0.64889             0.9480
content_preservation_mE5               formal|dense|k10    formal|hybrid_early|a0.9|k5         250       0.00488     0.00116    0.00856         True     0.00521             0.0110
content_preservation_mE5               formal|dense|k10              formal|random|k10         250       0.00348    -0.00152    0.00838        False     0.08872             0.1616
content_preservation_mE5               formal|dense|k10               formal|random|k5         250       0.00845     0.00326    0.01357         True     0.00103             0.0016
content_preservation_mE5               formal|dense|k10            formal|zero_shot|k5         250       0.06153     0.05559    0.06732         True     0.00000             0.0000
content_preservation_mE5                formal|dense|k5   formal|hybrid_early|a0.1|k10         250       0.00553     0.00047    0.01069         True     0.08560             0.0366
content_preservation_mE5                formal|dense|k5    formal|hybrid_early|a0.1|k5         250       0.01765     0.01324    0.02207         True     0.00000             0.0000
content_preservation_mE5                formal|dense|k5   formal|hybrid_early|a0.3|k10         250      -0.00007    -0.00464    0.00446        False     0.65241             0.9760
content_preservation_mE5                formal|dense|k5    formal|hybrid_early|a0.3|k5         250       0.00628     0.00151    0.01098         True     0.00836             0.0085
content_preservation_mE5                formal|dense|k5   formal|hybrid_early|a0.5|k10         250      -0.00331    -0.00754    0.00094        False     0.17742             0.1313
content_preservation_mE5                formal|dense|k5    formal|hybrid_early|a0.5|k5         250      -0.00041    -0.00480    0.00380        False     0.85753             0.8489
content_preservation_mE5                formal|dense|k5   formal|hybrid_early|a0.7|k10         250      -0.00320    -0.00751    0.00107        False     0.10521             0.1375
content_preservation_mE5                formal|dense|k5    formal|hybrid_early|a0.7|k5         250       0.00262    -0.00102    0.00618        False     0.04694             0.1610
content_preservation_mE5                formal|dense|k5   formal|hybrid_early|a0.9|k10         250      -0.00505    -0.00888   -0.00132         True     0.00407             0.0104
content_preservation_mE5                formal|dense|k5    formal|hybrid_early|a0.9|k5         250      -0.00027    -0.00271    0.00209        False     0.41098             0.8287
content_preservation_mE5                formal|dense|k5              formal|random|k10         250      -0.00167    -0.00656    0.00311        False     0.96202             0.5029
content_preservation_mE5                formal|dense|k5               formal|random|k5         250       0.00329    -0.00146    0.00801        False     0.10019             0.1727
content_preservation_mE5                formal|dense|k5            formal|zero_shot|k5         250       0.05638     0.05049    0.06215         True     0.00000             0.0000
content_preservation_mE5   formal|hybrid_early|a0.1|k10    formal|hybrid_early|a0.1|k5         250       0.01211     0.00817    0.01610         True     0.00000             0.0000
content_preservation_mE5   formal|hybrid_early|a0.1|k10   formal|hybrid_early|a0.3|k10         250      -0.00560    -0.00971   -0.00166         True     0.02722             0.0083
content_preservation_mE5   formal|hybrid_early|a0.1|k10    formal|hybrid_early|a0.3|k5         250       0.00074    -0.00419    0.00556        False     0.47511             0.7627
content_preservation_mE5   formal|hybrid_early|a0.1|k10   formal|hybrid_early|a0.5|k10         250      -0.00885    -0.01398   -0.00386         True     0.01330             0.0009
content_preservation_mE5   formal|hybrid_early|a0.1|k10    formal|hybrid_early|a0.5|k5         250      -0.00595    -0.01155   -0.00069         True     0.16199             0.0324
content_preservation_mE5   formal|hybrid_early|a0.1|k10   formal|hybrid_early|a0.7|k10         250      -0.00874    -0.01331   -0.00427         True     0.00132             0.0000
content_preservation_mE5   formal|hybrid_early|a0.1|k10    formal|hybrid_early|a0.7|k5         250      -0.00292    -0.00777    0.00188        False     0.78829             0.2503
content_preservation_mE5   formal|hybrid_early|a0.1|k10   formal|hybrid_early|a0.9|k10         250      -0.01058    -0.01590   -0.00551         True     0.00016             0.0000
content_preservation_mE5   formal|hybrid_early|a0.1|k10    formal|hybrid_early|a0.9|k5         250      -0.00580    -0.01052   -0.00116         True     0.06367             0.0177
content_preservation_mE5   formal|hybrid_early|a0.1|k10              formal|random|k10         250      -0.00721    -0.01217   -0.00227         True     0.02929             0.0058
content_preservation_mE5   formal|hybrid_early|a0.1|k10               formal|random|k5         250      -0.00224    -0.00722    0.00277        False     0.51537             0.3788
content_preservation_mE5   formal|hybrid_early|a0.1|k10            formal|zero_shot|k5         250       0.05085     0.04464    0.05700         True     0.00000             0.0000
content_preservation_mE5    formal|hybrid_early|a0.1|k5   formal|hybrid_early|a0.3|k10         250      -0.01771    -0.02191   -0.01374         True     0.00000             0.0000
content_preservation_mE5    formal|hybrid_early|a0.1|k5    formal|hybrid_early|a0.3|k5         250      -0.01137    -0.01547   -0.00733         True     0.00000             0.0000
content_preservation_mE5    formal|hybrid_early|a0.1|k5   formal|hybrid_early|a0.5|k10         250      -0.02096    -0.02556   -0.01649         True     0.00000             0.0000
content_preservation_mE5    formal|hybrid_early|a0.1|k5    formal|hybrid_early|a0.5|k5         250      -0.01806    -0.02274   -0.01352         True     0.00000             0.0000
content_preservation_mE5    formal|hybrid_early|a0.1|k5   formal|hybrid_early|a0.7|k10         250      -0.02085    -0.02511   -0.01670         True     0.00000             0.0000
content_preservation_mE5    formal|hybrid_early|a0.1|k5    formal|hybrid_early|a0.7|k5         250      -0.01503    -0.01928   -0.01086         True     0.00000             0.0000
content_preservation_mE5    formal|hybrid_early|a0.1|k5   formal|hybrid_early|a0.9|k10         250      -0.02269    -0.02732   -0.01820         True     0.00000             0.0000
content_preservation_mE5    formal|hybrid_early|a0.1|k5    formal|hybrid_early|a0.9|k5         250      -0.01791    -0.02215   -0.01380         True     0.00000             0.0000
content_preservation_mE5    formal|hybrid_early|a0.1|k5              formal|random|k10         250      -0.01932    -0.02370   -0.01495         True     0.00000             0.0000
content_preservation_mE5    formal|hybrid_early|a0.1|k5               formal|random|k5         250      -0.01435    -0.01874   -0.00992         True     0.00000             0.0000
content_preservation_mE5    formal|hybrid_early|a0.1|k5            formal|zero_shot|k5         250       0.03874     0.03321    0.04419         True     0.00000             0.0000
content_preservation_mE5   formal|hybrid_early|a0.3|k10    formal|hybrid_early|a0.3|k5         250       0.00635     0.00222    0.01062         True     0.00004             0.0029
content_preservation_mE5   formal|hybrid_early|a0.3|k10   formal|hybrid_early|a0.5|k10         250      -0.00325    -0.00793    0.00131        False     0.86437             0.1659
content_preservation_mE5   formal|hybrid_early|a0.3|k10    formal|hybrid_early|a0.5|k5         250      -0.00034    -0.00500    0.00428        False     0.38012             0.8811
content_preservation_mE5   formal|hybrid_early|a0.3|k10   formal|hybrid_early|a0.7|k10         250      -0.00314    -0.00731    0.00105        False     0.28442             0.1417
content_preservation_mE5   formal|hybrid_early|a0.3|k10    formal|hybrid_early|a0.7|k5         250       0.00269    -0.00156    0.00688        False     0.02662             0.2241
content_preservation_mE5   formal|hybrid_early|a0.3|k10   formal|hybrid_early|a0.9|k10         250      -0.00498    -0.00969   -0.00035         True     0.15971             0.0358
content_preservation_mE5   formal|hybrid_early|a0.3|k10    formal|hybrid_early|a0.9|k5         250      -0.00020    -0.00444    0.00404        False     0.57818             0.9243
content_preservation_mE5   formal|hybrid_early|a0.3|k10              formal|random|k10         250      -0.00160    -0.00648    0.00330        False     0.80842             0.5172
content_preservation_mE5   formal|hybrid_early|a0.3|k10               formal|random|k5         250       0.00336    -0.00164    0.00835        False     0.14489             0.1908
content_preservation_mE5   formal|hybrid_early|a0.3|k10            formal|zero_shot|k5         250       0.05645     0.05076    0.06211         True     0.00000             0.0000
content_preservation_mE5    formal|hybrid_early|a0.3|k5   formal|hybrid_early|a0.5|k10         250      -0.00959    -0.01431   -0.00495         True     0.00011             0.0001
content_preservation_mE5    formal|hybrid_early|a0.3|k5    formal|hybrid_early|a0.5|k5         250      -0.00669    -0.01136   -0.00223         True     0.00981             0.0040
content_preservation_mE5    formal|hybrid_early|a0.3|k5   formal|hybrid_early|a0.7|k10         250      -0.00948    -0.01411   -0.00478         True     0.00000             0.0001
content_preservation_mE5    formal|hybrid_early|a0.3|k5    formal|hybrid_early|a0.7|k5         250      -0.00366    -0.00810    0.00072        False     0.16692             0.1059
content_preservation_mE5    formal|hybrid_early|a0.3|k5   formal|hybrid_early|a0.9|k10         250      -0.01133    -0.01620   -0.00639         True     0.00000             0.0000
content_preservation_mE5    formal|hybrid_early|a0.3|k5    formal|hybrid_early|a0.9|k5         250      -0.00655    -0.01116   -0.00199         True     0.00717             0.0049
content_preservation_mE5    formal|hybrid_early|a0.3|k5              formal|random|k10         250      -0.00795    -0.01293   -0.00303         True     0.00945             0.0025
content_preservation_mE5    formal|hybrid_early|a0.3|k5               formal|random|k5         250      -0.00299    -0.00781    0.00183        False     0.48374             0.2347
content_preservation_mE5    formal|hybrid_early|a0.3|k5            formal|zero_shot|k5         250       0.05010     0.04439    0.05579         True     0.00000             0.0000
content_preservation_mE5   formal|hybrid_early|a0.5|k10    formal|hybrid_early|a0.5|k5         250       0.00290    -0.00089    0.00655        False     0.05578             0.1350
content_preservation_mE5   formal|hybrid_early|a0.5|k10   formal|hybrid_early|a0.7|k10         250       0.00011    -0.00368    0.00395        False     0.86591             0.9508
content_preservation_mE5   formal|hybrid_early|a0.5|k10    formal|hybrid_early|a0.7|k5         250       0.00593     0.00198    0.00989         True     0.01506             0.0047
content_preservation_mE5   formal|hybrid_early|a0.5|k10   formal|hybrid_early|a0.9|k10         250      -0.00174    -0.00564    0.00220        False     0.35242             0.3779
content_preservation_mE5   formal|hybrid_early|a0.5|k10    formal|hybrid_early|a0.9|k5         250       0.00305    -0.00098    0.00705        False     0.14826             0.1446
content_preservation_mE5   formal|hybrid_early|a0.5|k10              formal|random|k10         250       0.00164    -0.00306    0.00642        False     0.49915             0.4959
content_preservation_mE5   formal|hybrid_early|a0.5|k10               formal|random|k5         250       0.00661     0.00142    0.01174         True     0.01105             0.0143
content_preservation_mE5   formal|hybrid_early|a0.5|k10            formal|zero_shot|k5         250       0.05970     0.05387    0.06555         True     0.00000             0.0000
content_preservation_mE5    formal|hybrid_early|a0.5|k5   formal|hybrid_early|a0.7|k10         250      -0.00279    -0.00711    0.00170        False     0.03000             0.2073
content_preservation_mE5    formal|hybrid_early|a0.5|k5    formal|hybrid_early|a0.7|k5         250       0.00303    -0.00068    0.00698        False     0.14230             0.1227
content_preservation_mE5    formal|hybrid_early|a0.5|k5   formal|hybrid_early|a0.9|k10         250      -0.00464    -0.00873   -0.00041         True     0.00356             0.0292
content_preservation_mE5    formal|hybrid_early|a0.5|k5    formal|hybrid_early|a0.9|k5         250       0.00014    -0.00385    0.00426        False     0.73675             0.9449
content_preservation_mE5    formal|hybrid_early|a0.5|k5              formal|random|k10         250      -0.00126    -0.00617    0.00379        False     0.63550             0.6186
content_preservation_mE5    formal|hybrid_early|a0.5|k5               formal|random|k5         250       0.00370    -0.00128    0.00890        False     0.14417             0.1519
content_preservation_mE5    formal|hybrid_early|a0.5|k5            formal|zero_shot|k5         250       0.05679     0.05108    0.06273         True     0.00000             0.0000
content_preservation_mE5   formal|hybrid_early|a0.7|k10    formal|hybrid_early|a0.7|k5         250       0.00582     0.00223    0.00947         True     0.00108             0.0022
content_preservation_mE5   formal|hybrid_early|a0.7|k10   formal|hybrid_early|a0.9|k10         250      -0.00184    -0.00548    0.00176        False     0.63544             0.3158
content_preservation_mE5   formal|hybrid_early|a0.7|k10    formal|hybrid_early|a0.9|k5         250       0.00294    -0.00089    0.00677        False     0.09215             0.1339
content_preservation_mE5   formal|hybrid_early|a0.7|k10              formal|random|k10         250       0.00153    -0.00326    0.00637        False     0.45583             0.5335
content_preservation_mE5   formal|hybrid_early|a0.7|k10               formal|random|k5         250       0.00650     0.00149    0.01149         True     0.01527             0.0124
content_preservation_mE5   formal|hybrid_early|a0.7|k10            formal|zero_shot|k5         250       0.05959     0.05371    0.06540         True     0.00000             0.0000
content_preservation_mE5    formal|hybrid_early|a0.7|k5   formal|hybrid_early|a0.9|k10         250      -0.00767    -0.01191   -0.00336         True     0.00005             0.0003
content_preservation_mE5    formal|hybrid_early|a0.7|k5    formal|hybrid_early|a0.9|k5         250      -0.00289    -0.00620    0.00053        False     0.00563             0.0928
content_preservation_mE5    formal|hybrid_early|a0.7|k5              formal|random|k10         250      -0.00429    -0.00917    0.00057        False     0.15938             0.0861
content_preservation_mE5    formal|hybrid_early|a0.7|k5               formal|random|k5         250       0.00067    -0.00409    0.00551        False     0.93072             0.7928
content_preservation_mE5    formal|hybrid_early|a0.7|k5            formal|zero_shot|k5         250       0.05376     0.04812    0.05944         True     0.00000             0.0000
content_preservation_mE5   formal|hybrid_early|a0.9|k10    formal|hybrid_early|a0.9|k5         250       0.00478     0.00096    0.00876         True     0.02136             0.0142
content_preservation_mE5   formal|hybrid_early|a0.9|k10              formal|random|k10         250       0.00338    -0.00164    0.00849        False     0.17887             0.1850
content_preservation_mE5   formal|hybrid_early|a0.9|k10               formal|random|k5         250       0.00834     0.00313    0.01363         True     0.00124             0.0021
content_preservation_mE5   formal|hybrid_early|a0.9|k10            formal|zero_shot|k5         250       0.06143     0.05549    0.06735         True     0.00000             0.0000
content_preservation_mE5    formal|hybrid_early|a0.9|k5              formal|random|k10         250      -0.00140    -0.00619    0.00338        False     0.98641             0.5672
content_preservation_mE5    formal|hybrid_early|a0.9|k5               formal|random|k5         250       0.00356    -0.00115    0.00827        False     0.11308             0.1384
content_preservation_mE5    formal|hybrid_early|a0.9|k5            formal|zero_shot|k5         250       0.05665     0.05068    0.06260         True     0.00000             0.0000
content_preservation_mE5              formal|random|k10               formal|random|k5         250       0.00496     0.00129    0.00852         True     0.01284             0.0082
content_preservation_mE5              formal|random|k10            formal|zero_shot|k5         250       0.05805     0.05213    0.06396         True     0.00000             0.0000
content_preservation_mE5               formal|random|k5            formal|zero_shot|k5         250       0.05309     0.04727    0.05900         True     0.00000             0.0000
content_preservation_mE5              informal|bm25|k10               informal|bm25|k5         250      -0.00140    -0.00471    0.00182        False     0.58594             0.4062
content_preservation_mE5              informal|bm25|k10          informal|centroid|k10         250       0.00827     0.00331    0.01325         True     0.00719             0.0012
content_preservation_mE5              informal|bm25|k10           informal|centroid|k5         250       0.00290    -0.00170    0.00753        False     0.49748             0.2243
content_preservation_mE5              informal|bm25|k10             informal|dense|k10         250       0.00372    -0.00052    0.00810        False     0.12453             0.0912
content_preservation_mE5              informal|bm25|k10              informal|dense|k5         250       0.00206    -0.00185    0.00591        False     0.26396             0.2948
content_preservation_mE5              informal|bm25|k10 informal|hybrid_early|a0.1|k10         250       0.00693     0.00225    0.01170         True     0.00715             0.0035
content_preservation_mE5              informal|bm25|k10  informal|hybrid_early|a0.1|k5         250       0.01003     0.00552    0.01454         True     0.00001             0.0000
content_preservation_mE5              informal|bm25|k10 informal|hybrid_early|a0.3|k10         250       0.00340    -0.00121    0.00825        False     0.22877             0.1527
content_preservation_mE5              informal|bm25|k10  informal|hybrid_early|a0.3|k5         250       0.00464     0.00033    0.00885         True     0.02777             0.0329
content_preservation_mE5              informal|bm25|k10 informal|hybrid_early|a0.5|k10         250       0.00402    -0.00055    0.00871        False     0.11211             0.0910
content_preservation_mE5              informal|bm25|k10  informal|hybrid_early|a0.5|k5         250       0.00402    -0.00041    0.00856        False     0.17774             0.0831
content_preservation_mE5              informal|bm25|k10 informal|hybrid_early|a0.7|k10         250       0.00148    -0.00288    0.00581        False     0.22597             0.5089
content_preservation_mE5              informal|bm25|k10  informal|hybrid_early|a0.7|k5         250       0.00375    -0.00069    0.00826        False     0.10073             0.1043
content_preservation_mE5              informal|bm25|k10 informal|hybrid_early|a0.9|k10         250       0.00342    -0.00102    0.00793        False     0.20285             0.1300
content_preservation_mE5              informal|bm25|k10  informal|hybrid_early|a0.9|k5         250       0.00250    -0.00154    0.00657        False     0.13943             0.2278
content_preservation_mE5              informal|bm25|k10            informal|random|k10         250       0.01273     0.00825    0.01735         True     0.00000             0.0000
content_preservation_mE5              informal|bm25|k10             informal|random|k5         250       0.01199     0.00730    0.01677         True     0.00000             0.0000
content_preservation_mE5              informal|bm25|k10          informal|zero_shot|k5         250       0.05461     0.04894    0.06041         True     0.00000             0.0000
content_preservation_mE5               informal|bm25|k5          informal|centroid|k10         250       0.00966     0.00477    0.01466         True     0.00292             0.0004
content_preservation_mE5               informal|bm25|k5           informal|centroid|k5         250       0.00429     0.00008    0.00881         True     0.23318             0.0561
content_preservation_mE5               informal|bm25|k5             informal|dense|k10         250       0.00512     0.00111    0.00922         True     0.02424             0.0124
content_preservation_mE5               informal|bm25|k5              informal|dense|k5         250       0.00346    -0.00013    0.00702        False     0.05462             0.0601
content_preservation_mE5               informal|bm25|k5 informal|hybrid_early|a0.1|k10         250       0.00832     0.00410    0.01262         True     0.00018             0.0000
content_preservation_mE5               informal|bm25|k5  informal|hybrid_early|a0.1|k5         250       0.01142     0.00702    0.01589         True     0.00000             0.0000
content_preservation_mE5               informal|bm25|k5 informal|hybrid_early|a0.3|k10         250       0.00480     0.00046    0.00936         True     0.07633             0.0367
content_preservation_mE5               informal|bm25|k5  informal|hybrid_early|a0.3|k5         250       0.00604     0.00227    0.00990         True     0.00312             0.0016
content_preservation_mE5               informal|bm25|k5 informal|hybrid_early|a0.5|k10         250       0.00541     0.00129    0.00977         True     0.01741             0.0137
content_preservation_mE5               informal|bm25|k5  informal|hybrid_early|a0.5|k5         250       0.00542     0.00108    0.00980         True     0.06823             0.0164
content_preservation_mE5               informal|bm25|k5 informal|hybrid_early|a0.7|k10         250       0.00288    -0.00119    0.00694        False     0.21213             0.1746
content_preservation_mE5               informal|bm25|k5  informal|hybrid_early|a0.7|k5         250       0.00515     0.00104    0.00937         True     0.01672             0.0157
content_preservation_mE5               informal|bm25|k5 informal|hybrid_early|a0.9|k10         250       0.00482     0.00079    0.00890         True     0.05798             0.0220
content_preservation_mE5               informal|bm25|k5  informal|hybrid_early|a0.9|k5         250       0.00389     0.00019    0.00783         True     0.04307             0.0479
content_preservation_mE5               informal|bm25|k5            informal|random|k10         250       0.01413     0.00987    0.01856         True     0.00000             0.0000
content_preservation_mE5               informal|bm25|k5             informal|random|k5         250       0.01339     0.00940    0.01746         True     0.00000             0.0000
content_preservation_mE5               informal|bm25|k5          informal|zero_shot|k5         250       0.05600     0.05072    0.06136         True     0.00000             0.0000
content_preservation_mE5          informal|centroid|k10           informal|centroid|k5         250      -0.00537    -0.01030   -0.00049         True     0.00410             0.0359
content_preservation_mE5          informal|centroid|k10             informal|dense|k10         250      -0.00454    -0.00923    0.00010        False     0.13710             0.0514
content_preservation_mE5          informal|centroid|k10              informal|dense|k5         250      -0.00620    -0.01093   -0.00160         True     0.03055             0.0123
content_preservation_mE5          informal|centroid|k10 informal|hybrid_early|a0.1|k10         250      -0.00134    -0.00560    0.00300        False     0.87698             0.5564
content_preservation_mE5          informal|centroid|k10  informal|hybrid_early|a0.1|k5         250       0.00176    -0.00287    0.00637        False     0.17606             0.4571
content_preservation_mE5          informal|centroid|k10 informal|hybrid_early|a0.3|k10         250      -0.00486    -0.00945   -0.00030         True     0.04673             0.0392
content_preservation_mE5          informal|centroid|k10  informal|hybrid_early|a0.3|k5         250      -0.00363    -0.00823    0.00087        False     0.29623             0.1225
content_preservation_mE5          informal|centroid|k10 informal|hybrid_early|a0.5|k10         250      -0.00425    -0.00905    0.00040        False     0.17000             0.0774
content_preservation_mE5          informal|centroid|k10  informal|hybrid_early|a0.5|k5         250      -0.00425    -0.00895    0.00039        False     0.08079             0.0731
content_preservation_mE5          informal|centroid|k10 informal|hybrid_early|a0.7|k10         250      -0.00678    -0.01157   -0.00201         True     0.02620             0.0060
content_preservation_mE5          informal|centroid|k10  informal|hybrid_early|a0.7|k5         250      -0.00451    -0.00940    0.00048        False     0.05907             0.0808
content_preservation_mE5          informal|centroid|k10 informal|hybrid_early|a0.9|k10         250      -0.00484    -0.00978   -0.00009         True     0.16016             0.0464
content_preservation_mE5          informal|centroid|k10  informal|hybrid_early|a0.9|k5         250      -0.00577    -0.01056   -0.00107         True     0.07044             0.0221
content_preservation_mE5          informal|centroid|k10            informal|random|k10         250       0.00447    -0.00052    0.00946        False     0.01266             0.0851
content_preservation_mE5          informal|centroid|k10             informal|random|k5         250       0.00373    -0.00080    0.00832        False     0.04936             0.1130
content_preservation_mE5          informal|centroid|k10          informal|zero_shot|k5         250       0.04634     0.04071    0.05198         True     0.00000             0.0000
content_preservation_mE5           informal|centroid|k5             informal|dense|k10         250       0.00083    -0.00397    0.00559        False     0.18286             0.7414
content_preservation_mE5           informal|centroid|k5              informal|dense|k5         250      -0.00083    -0.00565    0.00377        False     0.37024             0.7402
content_preservation_mE5           informal|centroid|k5 informal|hybrid_early|a0.1|k10         250       0.00403    -0.00060    0.00872        False     0.02110             0.0915
content_preservation_mE5           informal|centroid|k5  informal|hybrid_early|a0.1|k5         250       0.00713     0.00271    0.01155         True     0.00000             0.0020
content_preservation_mE5           informal|centroid|k5 informal|hybrid_early|a0.3|k10         250       0.00051    -0.00440    0.00548        False     0.35052             0.8444
content_preservation_mE5           informal|centroid|k5  informal|hybrid_early|a0.3|k5         250       0.00174    -0.00303    0.00634        False     0.02981             0.4757
content_preservation_mE5           informal|centroid|k5 informal|hybrid_early|a0.5|k10         250       0.00112    -0.00406    0.00627        False     0.29663             0.6717
content_preservation_mE5           informal|centroid|k5  informal|hybrid_early|a0.5|k5         250       0.00112    -0.00383    0.00614        False     0.32757             0.6693
content_preservation_mE5           informal|centroid|k5 informal|hybrid_early|a0.7|k10         250      -0.00142    -0.00633    0.00339        False     0.93420             0.5658
content_preservation_mE5           informal|centroid|k5  informal|hybrid_early|a0.7|k5         250       0.00085    -0.00410    0.00588        False     0.36007             0.7374
content_preservation_mE5           informal|centroid|k5 informal|hybrid_early|a0.9|k10         250       0.00052    -0.00439    0.00536        False     0.25111             0.8322
content_preservation_mE5           informal|centroid|k5  informal|hybrid_early|a0.9|k5         250      -0.00040    -0.00509    0.00420        False     0.26734             0.8719
content_preservation_mE5           informal|centroid|k5            informal|random|k10         250       0.00984     0.00530    0.01438         True     0.00000             0.0000
content_preservation_mE5           informal|centroid|k5             informal|random|k5         250       0.00909     0.00452    0.01372         True     0.00000             0.0001
content_preservation_mE5           informal|centroid|k5          informal|zero_shot|k5         250       0.05171     0.04550    0.05788         True     0.00000             0.0000
content_preservation_mE5             informal|dense|k10              informal|dense|k5         250      -0.00166    -0.00533    0.00191        False     0.37964             0.3637
content_preservation_mE5             informal|dense|k10 informal|hybrid_early|a0.1|k10         250       0.00320    -0.00102    0.00737        False     0.13687             0.1330
content_preservation_mE5             informal|dense|k10  informal|hybrid_early|a0.1|k5         250       0.00630     0.00207    0.01047         True     0.00158             0.0033
content_preservation_mE5             informal|dense|k10 informal|hybrid_early|a0.3|k10         250      -0.00032    -0.00475    0.00408        False     0.72311             0.8874
content_preservation_mE5             informal|dense|k10  informal|hybrid_early|a0.3|k5         250       0.00092    -0.00274    0.00456        False     0.42022             0.6204
content_preservation_mE5             informal|dense|k10 informal|hybrid_early|a0.5|k10         250       0.00029    -0.00361    0.00427        False     0.98536             0.8824
content_preservation_mE5             informal|dense|k10  informal|hybrid_early|a0.5|k5         250       0.00030    -0.00383    0.00446        False     0.74888             0.8889
content_preservation_mE5             informal|dense|k10 informal|hybrid_early|a0.7|k10         250      -0.00224    -0.00586    0.00141        False     0.18452             0.2319
content_preservation_mE5             informal|dense|k10  informal|hybrid_early|a0.7|k5         250       0.00003    -0.00395    0.00393        False     0.68937             0.9908
content_preservation_mE5             informal|dense|k10 informal|hybrid_early|a0.9|k10         250      -0.00030    -0.00296    0.00229        False     0.60366             0.8213
content_preservation_mE5             informal|dense|k10  informal|hybrid_early|a0.9|k5         250      -0.00123    -0.00499    0.00245        False     0.64570             0.5181
content_preservation_mE5             informal|dense|k10            informal|random|k10         250       0.00901     0.00414    0.01391         True     0.00030             0.0004
content_preservation_mE5             informal|dense|k10             informal|random|k5         250       0.00827     0.00385    0.01259         True     0.00010             0.0004
content_preservation_mE5             informal|dense|k10          informal|zero_shot|k5         250       0.05088     0.04544    0.05626         True     0.00000             0.0000
content_preservation_mE5              informal|dense|k5 informal|hybrid_early|a0.1|k10         250       0.00486     0.00061    0.00922         True     0.02644             0.0298
content_preservation_mE5              informal|dense|k5  informal|hybrid_early|a0.1|k5         250       0.00796     0.00395    0.01203         True     0.00023             0.0002
content_preservation_mE5              informal|dense|k5 informal|hybrid_early|a0.3|k10         250       0.00134    -0.00287    0.00573        False     0.88503             0.5399
content_preservation_mE5              informal|dense|k5  informal|hybrid_early|a0.3|k5         250       0.00258    -0.00113    0.00629        False     0.12848             0.1780
content_preservation_mE5              informal|dense|k5 informal|hybrid_early|a0.5|k10         250       0.00195    -0.00206    0.00613        False     0.66445             0.3469
content_preservation_mE5              informal|dense|k5  informal|hybrid_early|a0.5|k5         250       0.00196    -0.00181    0.00590        False     0.74606             0.3166
content_preservation_mE5              informal|dense|k5 informal|hybrid_early|a0.7|k10         250      -0.00058    -0.00417    0.00305        False     0.75713             0.7559
content_preservation_mE5              informal|dense|k5  informal|hybrid_early|a0.7|k5         250       0.00169    -0.00177    0.00529        False     0.39092             0.3565
content_preservation_mE5              informal|dense|k5 informal|hybrid_early|a0.9|k10         250       0.00136    -0.00226    0.00511        False     0.65056             0.4785
content_preservation_mE5              informal|dense|k5  informal|hybrid_early|a0.9|k5         250       0.00043    -0.00192    0.00289        False     0.61626             0.7272
content_preservation_mE5              informal|dense|k5            informal|random|k10         250       0.01067     0.00632    0.01522         True     0.00001             0.0000
content_preservation_mE5              informal|dense|k5             informal|random|k5         250       0.00993     0.00589    0.01410         True     0.00001             0.0000
content_preservation_mE5              informal|dense|k5          informal|zero_shot|k5         250       0.05254     0.04716    0.05807         True     0.00000             0.0000
content_preservation_mE5 informal|hybrid_early|a0.1|k10  informal|hybrid_early|a0.1|k5         250       0.00310    -0.00095    0.00715        False     0.08887             0.1320
content_preservation_mE5 informal|hybrid_early|a0.1|k10 informal|hybrid_early|a0.3|k10         250      -0.00352    -0.00751    0.00054        False     0.04696             0.0895
content_preservation_mE5 informal|hybrid_early|a0.1|k10  informal|hybrid_early|a0.3|k5         250      -0.00229    -0.00624    0.00170        False     0.25328             0.2672
content_preservation_mE5 informal|hybrid_early|a0.1|k10 informal|hybrid_early|a0.5|k10         250      -0.00291    -0.00719    0.00148        False     0.19551             0.1978
content_preservation_mE5 informal|hybrid_early|a0.1|k10  informal|hybrid_early|a0.5|k5         250      -0.00291    -0.00738    0.00154        False     0.08139             0.1964
content_preservation_mE5 informal|hybrid_early|a0.1|k10 informal|hybrid_early|a0.7|k10         250      -0.00544    -0.01003   -0.00089         True     0.01441             0.0210
content_preservation_mE5 informal|hybrid_early|a0.1|k10  informal|hybrid_early|a0.7|k5         250      -0.00318    -0.00761    0.00130        False     0.22673             0.1562
content_preservation_mE5 informal|hybrid_early|a0.1|k10 informal|hybrid_early|a0.9|k10         250      -0.00351    -0.00808    0.00106        False     0.26359             0.1276
content_preservation_mE5 informal|hybrid_early|a0.1|k10  informal|hybrid_early|a0.9|k5         250      -0.00443    -0.00889    0.00005        False     0.07779             0.0561
content_preservation_mE5 informal|hybrid_early|a0.1|k10            informal|random|k10         250       0.00581     0.00120    0.01033         True     0.01353             0.0145
content_preservation_mE5 informal|hybrid_early|a0.1|k10             informal|random|k5         250       0.00506     0.00073    0.00941         True     0.03110             0.0247
content_preservation_mE5 informal|hybrid_early|a0.1|k10          informal|zero_shot|k5         250       0.04768     0.04208    0.05322         True     0.00000             0.0000
content_preservation_mE5  informal|hybrid_early|a0.1|k5 informal|hybrid_early|a0.3|k10         250      -0.00662    -0.01110   -0.00214         True     0.00138             0.0030
content_preservation_mE5  informal|hybrid_early|a0.1|k5  informal|hybrid_early|a0.3|k5         250      -0.00539    -0.00933   -0.00154         True     0.01741             0.0063
content_preservation_mE5  informal|hybrid_early|a0.1|k5 informal|hybrid_early|a0.5|k10         250      -0.00601    -0.01048   -0.00152         True     0.00241             0.0089
content_preservation_mE5  informal|hybrid_early|a0.1|k5  informal|hybrid_early|a0.5|k5         250      -0.00601    -0.01024   -0.00175         True     0.00152             0.0043
content_preservation_mE5  informal|hybrid_early|a0.1|k5 informal|hybrid_early|a0.7|k10         250      -0.00855    -0.01270   -0.00434         True     0.00004             0.0000
content_preservation_mE5  informal|hybrid_early|a0.1|k5  informal|hybrid_early|a0.7|k5         250      -0.00628    -0.01041   -0.00214         True     0.00337             0.0023
content_preservation_mE5  informal|hybrid_early|a0.1|k5 informal|hybrid_early|a0.9|k10         250      -0.00661    -0.01087   -0.00240         True     0.00270             0.0022
content_preservation_mE5  informal|hybrid_early|a0.1|k5  informal|hybrid_early|a0.9|k5         250      -0.00753    -0.01166   -0.00348         True     0.00078             0.0006
content_preservation_mE5  informal|hybrid_early|a0.1|k5            informal|random|k10         250       0.00271    -0.00170    0.00718        False     0.14610             0.2319
content_preservation_mE5  informal|hybrid_early|a0.1|k5             informal|random|k5         250       0.00196    -0.00261    0.00630        False     0.25075             0.3865
content_preservation_mE5  informal|hybrid_early|a0.1|k5          informal|zero_shot|k5         250       0.04458     0.03894    0.05027         True     0.00000             0.0000
content_preservation_mE5 informal|hybrid_early|a0.3|k10  informal|hybrid_early|a0.3|k5         250       0.00124    -0.00253    0.00488        False     0.16638             0.5226
content_preservation_mE5 informal|hybrid_early|a0.3|k10 informal|hybrid_early|a0.5|k10         250       0.00061    -0.00330    0.00448        False     0.56363             0.7661
content_preservation_mE5 informal|hybrid_early|a0.3|k10  informal|hybrid_early|a0.5|k5         250       0.00062    -0.00378    0.00488        False     0.86857             0.7754
content_preservation_mE5 informal|hybrid_early|a0.3|k10 informal|hybrid_early|a0.7|k10         250      -0.00192    -0.00634    0.00256        False     0.44156             0.3963
content_preservation_mE5 informal|hybrid_early|a0.3|k10  informal|hybrid_early|a0.7|k5         250       0.00035    -0.00385    0.00439        False     0.33628             0.8675
content_preservation_mE5 informal|hybrid_early|a0.3|k10 informal|hybrid_early|a0.9|k10         250       0.00002    -0.00454    0.00450        False     0.72024             0.9943
content_preservation_mE5 informal|hybrid_early|a0.3|k10  informal|hybrid_early|a0.9|k5         250      -0.00091    -0.00530    0.00332        False     0.67662             0.6827
content_preservation_mE5 informal|hybrid_early|a0.3|k10            informal|random|k10         250       0.00933     0.00440    0.01415         True     0.00002             0.0003
content_preservation_mE5 informal|hybrid_early|a0.3|k10             informal|random|k5         250       0.00859     0.00380    0.01319         True     0.00005             0.0003
content_preservation_mE5 informal|hybrid_early|a0.3|k10          informal|zero_shot|k5         250       0.05120     0.04539    0.05707         True     0.00000             0.0000
content_preservation_mE5  informal|hybrid_early|a0.3|k5 informal|hybrid_early|a0.5|k10         250      -0.00062    -0.00444    0.00323        False     0.56304             0.7487
content_preservation_mE5  informal|hybrid_early|a0.3|k5  informal|hybrid_early|a0.5|k5         250      -0.00062    -0.00436    0.00313        False     0.46051             0.7460
content_preservation_mE5  informal|hybrid_early|a0.3|k5 informal|hybrid_early|a0.7|k10         250      -0.00316    -0.00698    0.00063        False     0.03392             0.1049
content_preservation_mE5  informal|hybrid_early|a0.3|k5  informal|hybrid_early|a0.7|k5         250      -0.00089    -0.00476    0.00297        False     0.55447             0.6582
content_preservation_mE5  informal|hybrid_early|a0.3|k5 informal|hybrid_early|a0.9|k10         250      -0.00122    -0.00514    0.00278        False     0.25665             0.5467
content_preservation_mE5  informal|hybrid_early|a0.3|k5  informal|hybrid_early|a0.9|k5         250      -0.00214    -0.00596    0.00163        False     0.22596             0.2689
content_preservation_mE5  informal|hybrid_early|a0.3|k5            informal|random|k10         250       0.00809     0.00362    0.01252         True     0.00110             0.0006
content_preservation_mE5  informal|hybrid_early|a0.3|k5             informal|random|k5         250       0.00735     0.00313    0.01161         True     0.00052             0.0007
content_preservation_mE5  informal|hybrid_early|a0.3|k5          informal|zero_shot|k5         250       0.04997     0.04480    0.05523         True     0.00000             0.0000
content_preservation_mE5 informal|hybrid_early|a0.5|k10  informal|hybrid_early|a0.5|k5         250       0.00000    -0.00418    0.00420        False     0.66445             0.9993
content_preservation_mE5 informal|hybrid_early|a0.5|k10 informal|hybrid_early|a0.7|k10         250      -0.00254    -0.00615    0.00108        False     0.17012             0.1663
content_preservation_mE5 informal|hybrid_early|a0.5|k10  informal|hybrid_early|a0.7|k5         250      -0.00027    -0.00449    0.00389        False     0.52432             0.9030
content_preservation_mE5 informal|hybrid_early|a0.5|k10 informal|hybrid_early|a0.9|k10         250      -0.00060    -0.00446    0.00316        False     0.83856             0.7581
content_preservation_mE5 informal|hybrid_early|a0.5|k10  informal|hybrid_early|a0.9|k5         250      -0.00152    -0.00556    0.00246        False     0.61671             0.4620
content_preservation_mE5 informal|hybrid_early|a0.5|k10            informal|random|k10         250       0.00872     0.00404    0.01329         True     0.00005             0.0000
content_preservation_mE5 informal|hybrid_early|a0.5|k10             informal|random|k5         250       0.00797     0.00342    0.01242         True     0.00004             0.0006
content_preservation_mE5 informal|hybrid_early|a0.5|k10          informal|zero_shot|k5         250       0.05059     0.04496    0.05635         True     0.00000             0.0000
content_preservation_mE5  informal|hybrid_early|a0.5|k5 informal|hybrid_early|a0.7|k10         250      -0.00254    -0.00652    0.00144        False     0.45741             0.2110
content_preservation_mE5  informal|hybrid_early|a0.5|k5  informal|hybrid_early|a0.7|k5         250      -0.00027    -0.00391    0.00328        False     0.65674             0.8863
content_preservation_mE5  informal|hybrid_early|a0.5|k5 informal|hybrid_early|a0.9|k10         250      -0.00060    -0.00501    0.00390        False     0.71627             0.7901
content_preservation_mE5  informal|hybrid_early|a0.5|k5  informal|hybrid_early|a0.9|k5         250      -0.00152    -0.00547    0.00237        False     0.94438             0.4486
content_preservation_mE5  informal|hybrid_early|a0.5|k5            informal|random|k10         250       0.00872     0.00396    0.01350         True     0.00001             0.0000
content_preservation_mE5  informal|hybrid_early|a0.5|k5             informal|random|k5         250       0.00797     0.00327    0.01247         True     0.00004             0.0008
content_preservation_mE5  informal|hybrid_early|a0.5|k5          informal|zero_shot|k5         250       0.05059     0.04483    0.05638         True     0.00000             0.0000
content_preservation_mE5 informal|hybrid_early|a0.7|k10  informal|hybrid_early|a0.7|k5         250       0.00227    -0.00168    0.00615        False     0.14395             0.2623
content_preservation_mE5 informal|hybrid_early|a0.7|k10 informal|hybrid_early|a0.9|k10         250       0.00194    -0.00176    0.00568        False     0.08941             0.3021
content_preservation_mE5 informal|hybrid_early|a0.7|k10  informal|hybrid_early|a0.9|k5         250       0.00102    -0.00253    0.00458        False     0.51087             0.5813
content_preservation_mE5 informal|hybrid_early|a0.7|k10            informal|random|k10         250       0.01125     0.00657    0.01600         True     0.00000             0.0000
content_preservation_mE5 informal|hybrid_early|a0.7|k10             informal|random|k5         250       0.01051     0.00601    0.01493         True     0.00000             0.0000
content_preservation_mE5 informal|hybrid_early|a0.7|k10          informal|zero_shot|k5         250       0.05313     0.04764    0.05875         True     0.00000             0.0000
content_preservation_mE5  informal|hybrid_early|a0.7|k5 informal|hybrid_early|a0.9|k10         250      -0.00033    -0.00432    0.00376        False     0.66676             0.8703
content_preservation_mE5  informal|hybrid_early|a0.7|k5  informal|hybrid_early|a0.9|k5         250      -0.00125    -0.00444    0.00198        False     0.43627             0.4528
content_preservation_mE5  informal|hybrid_early|a0.7|k5            informal|random|k10         250       0.00898     0.00417    0.01380         True     0.00009             0.0001
content_preservation_mE5  informal|hybrid_early|a0.7|k5             informal|random|k5         250       0.00824     0.00383    0.01251         True     0.00012             0.0004
content_preservation_mE5  informal|hybrid_early|a0.7|k5          informal|zero_shot|k5         250       0.05086     0.04503    0.05649         True     0.00000             0.0000
content_preservation_mE5 informal|hybrid_early|a0.9|k10  informal|hybrid_early|a0.9|k5         250      -0.00092    -0.00480    0.00280        False     0.79223             0.6365
content_preservation_mE5 informal|hybrid_early|a0.9|k10            informal|random|k10         250       0.00931     0.00449    0.01417         True     0.00008             0.0003
content_preservation_mE5 informal|hybrid_early|a0.9|k10             informal|random|k5         250       0.00857     0.00391    0.01303         True     0.00001             0.0002
content_preservation_mE5 informal|hybrid_early|a0.9|k10          informal|zero_shot|k5         250       0.05119     0.04538    0.05692         True     0.00000             0.0000
content_preservation_mE5  informal|hybrid_early|a0.9|k5            informal|random|k10         250       0.01024     0.00581    0.01465         True     0.00000             0.0000
content_preservation_mE5  informal|hybrid_early|a0.9|k5             informal|random|k5         250       0.00949     0.00539    0.01359         True     0.00001             0.0000
content_preservation_mE5  informal|hybrid_early|a0.9|k5          informal|zero_shot|k5         250       0.05211     0.04662    0.05775         True     0.00000             0.0000
content_preservation_mE5            informal|random|k10             informal|random|k5         250      -0.00074    -0.00496    0.00348        False     0.33173             0.7270
content_preservation_mE5            informal|random|k10          informal|zero_shot|k5         250       0.04187     0.03588    0.04797         True     0.00000             0.0000
content_preservation_mE5             informal|random|k5          informal|zero_shot|k5         250       0.04262     0.03704    0.04833         True     0.00000             0.0000

Catatan: 'bermakna_95' berarti interval keyakinan 95% selisih berpasangan tidak memuat nol. Bila kolom p_wilcoxon kosong, scipy tidak terpasang dan dipakai uji permutasi tanda.
Hasil disimpan: D:\FILEMAHASISWA\Fikri Hasani Folder\JCCE-First Revision\TABEL_uji_formality_content_preservation_mE5.csv


########## formality / replication_rate_8 (exit 0) ##########

Metrik: replication_rate_8 | konfigurasi: 38 | pasangan sebanding: 342
361 pasangan lintas target dilewati, karena membandingkan dua target gaya yang berbeda tidak bermakna

            metrik                  konfigurasi_a                  konfigurasi_b  n_pasangan  selisih_mean  ci95_bawah  ci95_atas  bermakna_95  p_wilcoxon  p_permutasi_tanda
replication_rate_8                formal|bm25|k10                 formal|bm25|k5         250      -0.00147    -0.00373    0.00000        False     0.17971             0.5009
replication_rate_8                formal|bm25|k10            formal|centroid|k10         250      -0.00111    -0.00333    0.00000        False     0.31731             1.0000
replication_rate_8                formal|bm25|k10             formal|centroid|k5         250       0.00000     0.00000    0.00000        False         NaN             1.0000
replication_rate_8                formal|bm25|k10               formal|dense|k10         250      -0.00200    -0.00600    0.00000        False     0.31731             1.0000
replication_rate_8                formal|bm25|k10                formal|dense|k5         250      -0.00600    -0.01600    0.00000        False     0.17971             0.5027
replication_rate_8                formal|bm25|k10   formal|hybrid_early|a0.1|k10         250      -0.00667    -0.01667    0.00000        False     0.10881             0.2463
replication_rate_8                formal|bm25|k10    formal|hybrid_early|a0.1|k5         250      -0.01250    -0.02800   -0.00050         True     0.05878             0.1258
replication_rate_8                formal|bm25|k10   formal|hybrid_early|a0.3|k10         250      -0.00029    -0.00086    0.00000        False     0.31731             1.0000
replication_rate_8                formal|bm25|k10    formal|hybrid_early|a0.3|k5         250      -0.00911    -0.02172   -0.00031         True     0.06560             0.1285
replication_rate_8                formal|bm25|k10   formal|hybrid_early|a0.5|k10         250      -0.00114    -0.00343    0.00000        False     0.31731             1.0000
replication_rate_8                formal|bm25|k10    formal|hybrid_early|a0.5|k5         250      -0.00213    -0.00560    0.00000        False     0.17971             0.5015
replication_rate_8                formal|bm25|k10   formal|hybrid_early|a0.7|k10         250      -0.00280    -0.00760    0.00000        False     0.17971             0.4931
replication_rate_8                formal|bm25|k10    formal|hybrid_early|a0.7|k5         250       0.00000     0.00000    0.00000        False         NaN             1.0000
replication_rate_8                formal|bm25|k10   formal|hybrid_early|a0.9|k10         250      -0.00800    -0.02000    0.00000        False     0.15730             0.4908
replication_rate_8                formal|bm25|k10    formal|hybrid_early|a0.9|k5         250      -0.00314    -0.00829    0.00000        False     0.17971             0.4847
replication_rate_8                formal|bm25|k10              formal|random|k10         250       0.00000     0.00000    0.00000        False         NaN             1.0000
replication_rate_8                formal|bm25|k10               formal|random|k5         250      -0.00400    -0.01200    0.00000        False     0.31731             1.0000
replication_rate_8                formal|bm25|k10            formal|zero_shot|k5         250       0.00000     0.00000    0.00000        False         NaN             1.0000
replication_rate_8                 formal|bm25|k5            formal|centroid|k10         250       0.00036    -0.00267    0.00320        False     1.00000             1.0000
replication_rate_8                 formal|bm25|k5             formal|centroid|k5         250       0.00147     0.00000    0.00373        False     0.17971             0.5009
replication_rate_8                 formal|bm25|k5               formal|dense|k10         250      -0.00053    -0.00533    0.00307        False     1.00000             1.0000
replication_rate_8                 formal|bm25|k5                formal|dense|k5         250      -0.00453    -0.01520    0.00240        False     0.46521             0.5027
replication_rate_8                 formal|bm25|k5   formal|hybrid_early|a0.1|k10         250      -0.00520    -0.01533    0.00213        False     0.41637             0.3682
replication_rate_8                 formal|bm25|k5    formal|hybrid_early|a0.1|k5         250      -0.01103    -0.02650    0.00080        False     0.24362             0.2123
replication_rate_8                 formal|bm25|k5   formal|hybrid_early|a0.3|k10         250       0.00118    -0.00057    0.00358        False     0.28505             0.5009
replication_rate_8                 formal|bm25|k5    formal|hybrid_early|a0.3|k5         250      -0.00764    -0.02031    0.00108        False     0.22280             0.3152
replication_rate_8                 formal|bm25|k5   formal|hybrid_early|a0.5|k10         250       0.00032    -0.00276    0.00307        False     1.00000             1.0000
replication_rate_8                 formal|bm25|k5    formal|hybrid_early|a0.5|k5         250      -0.00067    -0.00320    0.00147        False     0.59298             0.7505
replication_rate_8                 formal|bm25|k5   formal|hybrid_early|a0.7|k10         250      -0.00133    -0.00680    0.00280        False     0.58071             0.7445
replication_rate_8                 formal|bm25|k5    formal|hybrid_early|a0.7|k5         250       0.00147     0.00000    0.00373        False     0.17971             0.5009
replication_rate_8                 formal|bm25|k5   formal|hybrid_early|a0.9|k10         250      -0.00653    -0.01933    0.00240        False     0.46145             0.4908
replication_rate_8                 formal|bm25|k5    formal|hybrid_early|a0.9|k5         250      -0.00168    -0.00743    0.00246        False     0.46521             0.6142
replication_rate_8                 formal|bm25|k5              formal|random|k10         250       0.00147     0.00000    0.00373        False     0.17971             0.5009
replication_rate_8                 formal|bm25|k5               formal|random|k5         250      -0.00253    -0.01200    0.00307        False     1.00000             1.0000
replication_rate_8                 formal|bm25|k5            formal|zero_shot|k5         250       0.00147     0.00000    0.00373        False     0.17971             0.5009
replication_rate_8            formal|centroid|k10             formal|centroid|k5         250       0.00111     0.00000    0.00333        False     0.31731             1.0000
replication_rate_8            formal|centroid|k10               formal|dense|k10         250      -0.00089    -0.00600    0.00333        False     0.65472             1.0000
replication_rate_8            formal|centroid|k10                formal|dense|k5         250      -0.00489    -0.01578    0.00222        False     0.28505             0.5027
replication_rate_8            formal|centroid|k10   formal|hybrid_early|a0.1|k10         250      -0.00556    -0.01578    0.00156        False     0.27332             0.3704
replication_rate_8            formal|centroid|k10    formal|hybrid_early|a0.1|k5         250      -0.01139    -0.02689    0.00044        False     0.13080             0.1812
replication_rate_8            formal|centroid|k10   formal|hybrid_early|a0.3|k10         250       0.00083    -0.00086    0.00333        False     0.65472             1.0000
replication_rate_8            formal|centroid|k10    formal|hybrid_early|a0.3|k5         250      -0.00800    -0.02110    0.00111        False     0.22280             0.3120
replication_rate_8            formal|centroid|k10   formal|hybrid_early|a0.5|k10         250      -0.00003    -0.00343    0.00333        False     0.65472             1.0000
replication_rate_8            formal|centroid|k10    formal|hybrid_early|a0.5|k5         250      -0.00102    -0.00502    0.00253        False     0.59298             0.7564
replication_rate_8            formal|centroid|k10   formal|hybrid_early|a0.7|k10         250      -0.00169    -0.00689    0.00245        False     0.59298             0.7505
replication_rate_8            formal|centroid|k10    formal|hybrid_early|a0.7|k5         250       0.00111     0.00000    0.00333        False     0.31731             1.0000
replication_rate_8            formal|centroid|k10   formal|hybrid_early|a0.9|k10         250      -0.00689    -0.02000    0.00222        False     0.27630             0.4908
replication_rate_8            formal|centroid|k10    formal|hybrid_early|a0.9|k5         250      -0.00203    -0.00800    0.00222        False     0.28505             0.4847
replication_rate_8            formal|centroid|k10              formal|random|k10         250       0.00111     0.00000    0.00333        False     0.31731             1.0000
replication_rate_8            formal|centroid|k10               formal|random|k5         250      -0.00289    -0.01200    0.00333        False     0.65472             1.0000
replication_rate_8            formal|centroid|k10            formal|zero_shot|k5         250       0.00111     0.00000    0.00333        False     0.31731             1.0000
replication_rate_8             formal|centroid|k5               formal|dense|k10         250      -0.00200    -0.00600    0.00000        False     0.31731             1.0000
replication_rate_8             formal|centroid|k5                formal|dense|k5         250      -0.00600    -0.01600    0.00000        False     0.17971             0.5027
replication_rate_8             formal|centroid|k5   formal|hybrid_early|a0.1|k10         250      -0.00667    -0.01667    0.00000        False     0.10881             0.2463
replication_rate_8             formal|centroid|k5    formal|hybrid_early|a0.1|k5         250      -0.01250    -0.02800   -0.00050         True     0.05878             0.1258
replication_rate_8             formal|centroid|k5   formal|hybrid_early|a0.3|k10         250      -0.00029    -0.00086    0.00000        False     0.31731             1.0000
replication_rate_8             formal|centroid|k5    formal|hybrid_early|a0.3|k5         250      -0.00911    -0.02172   -0.00031         True     0.06560             0.1285
replication_rate_8             formal|centroid|k5   formal|hybrid_early|a0.5|k10         250      -0.00114    -0.00343    0.00000        False     0.31731             1.0000
replication_rate_8             formal|centroid|k5    formal|hybrid_early|a0.5|k5         250      -0.00213    -0.00560    0.00000        False     0.17971             0.5015
replication_rate_8             formal|centroid|k5   formal|hybrid_early|a0.7|k10         250      -0.00280    -0.00760    0.00000        False     0.17971             0.4931
replication_rate_8             formal|centroid|k5    formal|hybrid_early|a0.7|k5         250       0.00000     0.00000    0.00000        False         NaN             1.0000
replication_rate_8             formal|centroid|k5   formal|hybrid_early|a0.9|k10         250      -0.00800    -0.02000    0.00000        False     0.15730             0.4908
replication_rate_8             formal|centroid|k5    formal|hybrid_early|a0.9|k5         250      -0.00314    -0.00829    0.00000        False     0.17971             0.4847
replication_rate_8             formal|centroid|k5              formal|random|k10         250       0.00000     0.00000    0.00000        False         NaN             1.0000
replication_rate_8             formal|centroid|k5               formal|random|k5         250      -0.00400    -0.01200    0.00000        False     0.31731             1.0000
replication_rate_8             formal|centroid|k5            formal|zero_shot|k5         250       0.00000     0.00000    0.00000        False         NaN             1.0000
replication_rate_8               formal|dense|k10                formal|dense|k5         250      -0.00400    -0.01400    0.00400        False     0.41422             0.7529
replication_rate_8               formal|dense|k10   formal|hybrid_early|a0.1|k10         250      -0.00467    -0.01533    0.00400        False     0.35727             0.4976
replication_rate_8               formal|dense|k10    formal|hybrid_early|a0.1|k5         250      -0.01050    -0.02600    0.00200        False     0.13080             0.1865
replication_rate_8               formal|dense|k10   formal|hybrid_early|a0.3|k10         250       0.00171    -0.00086    0.00600        False     0.65472             1.0000
replication_rate_8               formal|dense|k10    formal|hybrid_early|a0.3|k5         250      -0.00711    -0.02062    0.00308        False     0.22280             0.3200
replication_rate_8               formal|dense|k10   formal|hybrid_early|a0.5|k10         250       0.00086    -0.00343    0.00600        False     0.65472             1.0000
replication_rate_8               formal|dense|k10    formal|hybrid_early|a0.5|k5         250      -0.00013    -0.00480    0.00520        False     1.00000             1.0000
replication_rate_8               formal|dense|k10   formal|hybrid_early|a0.7|k10         250      -0.00080    -0.00680    0.00520        False     0.78549             1.0000
replication_rate_8               formal|dense|k10    formal|hybrid_early|a0.7|k5         250       0.00200     0.00000    0.00600        False     0.31731             1.0000
replication_rate_8               formal|dense|k10   formal|hybrid_early|a0.9|k10         250      -0.00600    -0.02000    0.00400        False     0.27630             0.4908
replication_rate_8               formal|dense|k10    formal|hybrid_early|a0.9|k5         250      -0.00114    -0.00743    0.00486        False     0.78549             1.0000
replication_rate_8               formal|dense|k10              formal|random|k10         250       0.00200     0.00000    0.00600        False     0.31731             1.0000
replication_rate_8               formal|dense|k10               formal|random|k5         250      -0.00200    -0.01200    0.00600        False     0.65472             1.0000
replication_rate_8               formal|dense|k10            formal|zero_shot|k5         250       0.00200     0.00000    0.00600        False     0.31731             1.0000
replication_rate_8                formal|dense|k5   formal|hybrid_early|a0.1|k10         250      -0.00067    -0.01333    0.01200        False     0.89176             1.0000
replication_rate_8                formal|dense|k5    formal|hybrid_early|a0.1|k5         250      -0.00650    -0.02400    0.00800        False     0.38832             0.4932
replication_rate_8                formal|dense|k5   formal|hybrid_early|a0.3|k10         250       0.00571    -0.00057    0.01600        False     0.28505             0.5027
replication_rate_8                formal|dense|k5    formal|hybrid_early|a0.3|k5         250      -0.00311    -0.01791    0.01089        False     0.59611             0.7139
replication_rate_8                formal|dense|k5   formal|hybrid_early|a0.5|k10         250       0.00486    -0.00229    0.01486        False     0.28505             0.5027
replication_rate_8                formal|dense|k5    formal|hybrid_early|a0.5|k5         250       0.00387    -0.00373    0.01453        False     0.46521             0.6235
replication_rate_8                formal|dense|k5   formal|hybrid_early|a0.7|k10         250       0.00320    -0.00560    0.01400        False     0.58071             0.7501
replication_rate_8                formal|dense|k5    formal|hybrid_early|a0.7|k5         250       0.00600     0.00000    0.01600        False     0.17971             0.5027
replication_rate_8                formal|dense|k5   formal|hybrid_early|a0.9|k10         250      -0.00200    -0.01200    0.00600        False     0.65472             1.0000
replication_rate_8                formal|dense|k5    formal|hybrid_early|a0.9|k5         250       0.00286    -0.00343    0.01200        False     0.65472             1.0000
replication_rate_8                formal|dense|k5              formal|random|k10         250       0.00600     0.00000    0.01600        False     0.17971             0.5027
replication_rate_8                formal|dense|k5               formal|random|k5         250       0.00200    -0.01000    0.01400        False     0.78549             1.0000
replication_rate_8                formal|dense|k5            formal|zero_shot|k5         250       0.00600     0.00000    0.01600        False     0.17971             0.5027
replication_rate_8   formal|hybrid_early|a0.1|k10    formal|hybrid_early|a0.1|k5         250      -0.00583    -0.02117    0.00800        False     0.45809             0.5318
replication_rate_8   formal|hybrid_early|a0.1|k10   formal|hybrid_early|a0.3|k10         250       0.00638     0.00000    0.01610        False     0.10881             0.2463
replication_rate_8   formal|hybrid_early|a0.1|k10    formal|hybrid_early|a0.3|k5         250      -0.00244    -0.01746    0.01120        False     0.73348             0.7609
replication_rate_8   formal|hybrid_early|a0.1|k10   formal|hybrid_early|a0.5|k10         250       0.00552    -0.00162    0.01600        False     0.27332             0.3699
replication_rate_8   formal|hybrid_early|a0.1|k10    formal|hybrid_early|a0.5|k5         250       0.00453    -0.00307    0.01507        False     0.50018             0.4920
replication_rate_8   formal|hybrid_early|a0.1|k10   formal|hybrid_early|a0.7|k10         250       0.00387    -0.00480    0.01440        False     0.58794             0.6234
replication_rate_8   formal|hybrid_early|a0.1|k10    formal|hybrid_early|a0.7|k5         250       0.00667     0.00000    0.01667        False     0.10881             0.2463
replication_rate_8   formal|hybrid_early|a0.1|k10   formal|hybrid_early|a0.9|k10         250      -0.00133    -0.01600    0.01267        False     0.89075             1.0000
replication_rate_8   formal|hybrid_early|a0.1|k10    formal|hybrid_early|a0.9|k5         250       0.00352    -0.00543    0.01438        False     0.58794             0.5552
replication_rate_8   formal|hybrid_early|a0.1|k10              formal|random|k10         250       0.00667     0.00000    0.01667        False     0.10881             0.2463
replication_rate_8   formal|hybrid_early|a0.1|k10               formal|random|k5         250       0.00267    -0.00933    0.01467        False     0.58071             0.7477
replication_rate_8   formal|hybrid_early|a0.1|k10            formal|zero_shot|k5         250       0.00667     0.00000    0.01667        False     0.10881             0.2463
replication_rate_8    formal|hybrid_early|a0.1|k5   formal|hybrid_early|a0.3|k10         250       0.01221     0.00050    0.02764         True     0.06560             0.1258
replication_rate_8    formal|hybrid_early|a0.1|k5    formal|hybrid_early|a0.3|k5         250       0.00339    -0.01342    0.02069        False     0.77397             0.8321
replication_rate_8    formal|hybrid_early|a0.1|k5   formal|hybrid_early|a0.5|k10         250       0.01136    -0.00064    0.02686        False     0.13080             0.1861
replication_rate_8    formal|hybrid_early|a0.1|k5    formal|hybrid_early|a0.5|k5         250       0.01037    -0.00160    0.02583        False     0.24362             0.2119
replication_rate_8    formal|hybrid_early|a0.1|k5   formal|hybrid_early|a0.7|k10         250       0.00970    -0.00270    0.02500        False     0.24362             0.2136
replication_rate_8    formal|hybrid_early|a0.1|k5    formal|hybrid_early|a0.7|k5         250       0.01250     0.00050    0.02800         True     0.05878             0.1258
replication_rate_8    formal|hybrid_early|a0.1|k5   formal|hybrid_early|a0.9|k10         250       0.00450    -0.01200    0.02400        False     0.57851             0.6811
replication_rate_8    formal|hybrid_early|a0.1|k5    formal|hybrid_early|a0.9|k5         250       0.00936    -0.00329    0.02486        False     0.24362             0.2154
replication_rate_8    formal|hybrid_early|a0.1|k5              formal|random|k10         250       0.01250     0.00050    0.02800         True     0.05878             0.1258
replication_rate_8    formal|hybrid_early|a0.1|k5               formal|random|k5         250       0.00850     0.00000    0.02100        False     0.10247             0.2507
replication_rate_8    formal|hybrid_early|a0.1|k5            formal|zero_shot|k5         250       0.01250     0.00050    0.02800         True     0.05878             0.1258
replication_rate_8   formal|hybrid_early|a0.3|k10    formal|hybrid_early|a0.3|k5         250      -0.00882    -0.02142   -0.00002         True     0.07825             0.1285
replication_rate_8   formal|hybrid_early|a0.3|k10   formal|hybrid_early|a0.5|k10         250      -0.00086    -0.00343    0.00086        False     0.65472             1.0000
replication_rate_8   formal|hybrid_early|a0.3|k10    formal|hybrid_early|a0.5|k5         250      -0.00185    -0.00558    0.00057        False     0.28505             0.5015
replication_rate_8   formal|hybrid_early|a0.3|k10   formal|hybrid_early|a0.7|k10         250      -0.00251    -0.00760    0.00057        False     0.28505             0.4931
replication_rate_8   formal|hybrid_early|a0.3|k10    formal|hybrid_early|a0.7|k5         250       0.00029     0.00000    0.00086        False     0.31731             1.0000
replication_rate_8   formal|hybrid_early|a0.3|k10   formal|hybrid_early|a0.9|k10         250      -0.00771    -0.02000    0.00057        False     0.27630             0.4908
replication_rate_8   formal|hybrid_early|a0.3|k10    formal|hybrid_early|a0.9|k5         250      -0.00286    -0.00829    0.00057        False     0.28505             0.4847
replication_rate_8   formal|hybrid_early|a0.3|k10              formal|random|k10         250       0.00029     0.00000    0.00086        False     0.31731             1.0000
replication_rate_8   formal|hybrid_early|a0.3|k10               formal|random|k5         250      -0.00371    -0.01200    0.00086        False     0.65472             1.0000
replication_rate_8   formal|hybrid_early|a0.3|k10            formal|zero_shot|k5         250       0.00029     0.00000    0.00086        False     0.31731             1.0000
replication_rate_8    formal|hybrid_early|a0.3|k5   formal|hybrid_early|a0.5|k10         250       0.00796    -0.00118    0.02092        False     0.22280             0.3149
replication_rate_8    formal|hybrid_early|a0.3|k5    formal|hybrid_early|a0.5|k5         250       0.00697    -0.00267    0.02031        False     0.39908             0.3790
replication_rate_8    formal|hybrid_early|a0.3|k5   formal|hybrid_early|a0.7|k10         250       0.00631    -0.00400    0.02000        False     0.39908             0.3838
replication_rate_8    formal|hybrid_early|a0.3|k5    formal|hybrid_early|a0.7|k5         250       0.00911     0.00031    0.02172         True     0.06560             0.1285
replication_rate_8    formal|hybrid_early|a0.3|k5   formal|hybrid_early|a0.9|k10         250       0.00111    -0.01489    0.01711        False     0.74632             0.8108
replication_rate_8    formal|hybrid_early|a0.3|k5    formal|hybrid_early|a0.9|k5         250       0.00596    -0.00440    0.01978        False     0.46184             0.4116
replication_rate_8    formal|hybrid_early|a0.3|k5              formal|random|k10         250       0.00911     0.00031    0.02172         True     0.06560             0.1285
replication_rate_8    formal|hybrid_early|a0.3|k5               formal|random|k5         250       0.00511    -0.00769    0.02001        False     0.33629             0.4449
replication_rate_8    formal|hybrid_early|a0.3|k5            formal|zero_shot|k5         250       0.00911     0.00031    0.02172         True     0.06560             0.1285
replication_rate_8   formal|hybrid_early|a0.5|k10    formal|hybrid_early|a0.5|k5         250      -0.00099    -0.00507    0.00263        False     0.59298             0.7438
replication_rate_8   formal|hybrid_early|a0.5|k10   formal|hybrid_early|a0.7|k10         250      -0.00166    -0.00686    0.00263        False     0.59298             0.7454
replication_rate_8   formal|hybrid_early|a0.5|k10    formal|hybrid_early|a0.7|k5         250       0.00114     0.00000    0.00343        False     0.31731             1.0000
replication_rate_8   formal|hybrid_early|a0.5|k10   formal|hybrid_early|a0.9|k10         250      -0.00686    -0.02000    0.00229        False     0.27630             0.4908
replication_rate_8   formal|hybrid_early|a0.5|k10    formal|hybrid_early|a0.9|k5         250      -0.00200    -0.00600    0.00000        False     0.31731             1.0000
replication_rate_8   formal|hybrid_early|a0.5|k10              formal|random|k10         250       0.00114     0.00000    0.00343        False     0.31731             1.0000
replication_rate_8   formal|hybrid_early|a0.5|k10               formal|random|k5         250      -0.00286    -0.01200    0.00343        False     0.65472             1.0000
replication_rate_8   formal|hybrid_early|a0.5|k10            formal|zero_shot|k5         250       0.00114     0.00000    0.00343        False     0.31731             1.0000
replication_rate_8    formal|hybrid_early|a0.5|k5   formal|hybrid_early|a0.7|k10         250      -0.00067    -0.00600    0.00400        False     0.65472             1.0000
replication_rate_8    formal|hybrid_early|a0.5|k5    formal|hybrid_early|a0.7|k5         250       0.00213     0.00000    0.00560        False     0.17971             0.5015
replication_rate_8    formal|hybrid_early|a0.5|k5   formal|hybrid_early|a0.9|k10         250      -0.00587    -0.01920    0.00373        False     0.46145             0.4908
replication_rate_8    formal|hybrid_early|a0.5|k5    formal|hybrid_early|a0.9|k5         250      -0.00101    -0.00701    0.00427        False     0.71500             0.8736
replication_rate_8    formal|hybrid_early|a0.5|k5              formal|random|k10         250       0.00213     0.00000    0.00560        False     0.17971             0.5015
replication_rate_8    formal|hybrid_early|a0.5|k5               formal|random|k5         250      -0.00187    -0.01200    0.00480        False     1.00000             1.0000
replication_rate_8    formal|hybrid_early|a0.5|k5            formal|zero_shot|k5         250       0.00213     0.00000    0.00560        False     0.17971             0.5015
replication_rate_8   formal|hybrid_early|a0.7|k10    formal|hybrid_early|a0.7|k5         250       0.00280     0.00000    0.00760        False     0.17971             0.4931
replication_rate_8   formal|hybrid_early|a0.7|k10   formal|hybrid_early|a0.9|k10         250      -0.00520    -0.01840    0.00480        False     0.46145             0.4908
replication_rate_8   formal|hybrid_early|a0.7|k10    formal|hybrid_early|a0.9|k5         250      -0.00034    -0.00657    0.00600        False     0.85392             1.0000
replication_rate_8   formal|hybrid_early|a0.7|k10              formal|random|k10         250       0.00280     0.00000    0.00760        False     0.17971             0.4931
replication_rate_8   formal|hybrid_early|a0.7|k10               formal|random|k5         250      -0.00120    -0.01120    0.00640        False     1.00000             1.0000
replication_rate_8   formal|hybrid_early|a0.7|k10            formal|zero_shot|k5         250       0.00280     0.00000    0.00760        False     0.17971             0.4931
replication_rate_8    formal|hybrid_early|a0.7|k5   formal|hybrid_early|a0.9|k10         250      -0.00800    -0.02000    0.00000        False     0.15730             0.4908
replication_rate_8    formal|hybrid_early|a0.7|k5    formal|hybrid_early|a0.9|k5         250      -0.00314    -0.00829    0.00000        False     0.17971             0.4847
replication_rate_8    formal|hybrid_early|a0.7|k5              formal|random|k10         250       0.00000     0.00000    0.00000        False         NaN             1.0000
replication_rate_8    formal|hybrid_early|a0.7|k5               formal|random|k5         250      -0.00400    -0.01200    0.00000        False     0.31731             1.0000
replication_rate_8    formal|hybrid_early|a0.7|k5            formal|zero_shot|k5         250       0.00000     0.00000    0.00000        False         NaN             1.0000
replication_rate_8   formal|hybrid_early|a0.9|k10    formal|hybrid_early|a0.9|k5         250       0.00486    -0.00543    0.01857        False     0.46145             0.4908
replication_rate_8   formal|hybrid_early|a0.9|k10              formal|random|k10         250       0.00800     0.00000    0.02000        False     0.15730             0.4908
replication_rate_8   formal|hybrid_early|a0.9|k10               formal|random|k5         250       0.00400    -0.00800    0.02000        False     0.56370             1.0000
replication_rate_8   formal|hybrid_early|a0.9|k10            formal|zero_shot|k5         250       0.00800     0.00000    0.02000        False     0.15730             0.4908
replication_rate_8    formal|hybrid_early|a0.9|k5              formal|random|k10         250       0.00314     0.00000    0.00829        False     0.17971             0.4847
replication_rate_8    formal|hybrid_early|a0.9|k5               formal|random|k5         250      -0.00086    -0.01086    0.00714        False     1.00000             1.0000
replication_rate_8    formal|hybrid_early|a0.9|k5            formal|zero_shot|k5         250       0.00314     0.00000    0.00829        False     0.17971             0.4847
replication_rate_8              formal|random|k10               formal|random|k5         250      -0.00400    -0.01200    0.00000        False     0.31731             1.0000
replication_rate_8              formal|random|k10            formal|zero_shot|k5         250       0.00000     0.00000    0.00000        False         NaN             1.0000
replication_rate_8               formal|random|k5            formal|zero_shot|k5         250       0.00400     0.00000    0.01200        False     0.31731             1.0000
replication_rate_8              informal|bm25|k10               informal|bm25|k5         250       0.00879     0.00000    0.02058        False     0.10881             0.2471
replication_rate_8              informal|bm25|k10          informal|centroid|k10         250      -0.00105    -0.01636    0.01523        False     0.88864             0.9046
replication_rate_8              informal|bm25|k10           informal|centroid|k5         250      -0.00101    -0.01560    0.01320        False     0.83348             0.9139
replication_rate_8              informal|bm25|k10             informal|dense|k10         250       0.00052    -0.01527    0.01642        False     1.00000             1.0000
replication_rate_8              informal|bm25|k10              informal|dense|k5         250       0.00779     0.00000    0.01816        False     0.10881             0.2471
replication_rate_8              informal|bm25|k10 informal|hybrid_early|a0.1|k10         250       0.00255    -0.01127    0.01776        False     0.59917             0.7472
replication_rate_8              informal|bm25|k10  informal|hybrid_early|a0.1|k5         250      -0.00130    -0.01850    0.01558        False     0.86481             0.9094
replication_rate_8              informal|bm25|k10 informal|hybrid_early|a0.3|k10         250       0.00797    -0.00182    0.02157        False     0.14413             0.2471
replication_rate_8              informal|bm25|k10  informal|hybrid_early|a0.3|k5         250       0.00179    -0.01341    0.01816        False     0.89075             1.0000
replication_rate_8              informal|bm25|k10 informal|hybrid_early|a0.5|k10         250       0.00379    -0.01000    0.01878        False     0.58794             0.6212
replication_rate_8              informal|bm25|k10  informal|hybrid_early|a0.5|k5         250       0.00019    -0.01600    0.01638        False     0.91558             1.0000
replication_rate_8              informal|bm25|k10 informal|hybrid_early|a0.7|k10         250      -0.00003    -0.01684    0.01657        False     0.91558             1.0000
replication_rate_8              informal|bm25|k10  informal|hybrid_early|a0.7|k5         250      -0.00021    -0.01682    0.01638        False     0.91558             0.9667
replication_rate_8              informal|bm25|k10 informal|hybrid_early|a0.9|k10         250      -0.00615    -0.02468    0.01172        False     0.23336             0.4847
replication_rate_8              informal|bm25|k10  informal|hybrid_early|a0.9|k5         250       0.00979     0.00000    0.02296        False     0.10881             0.2471
replication_rate_8              informal|bm25|k10            informal|random|k10         250       0.00979     0.00000    0.02296        False     0.10881             0.2471
replication_rate_8              informal|bm25|k10             informal|random|k5         250       0.00684    -0.00465    0.02074        False     0.34523             0.3681
replication_rate_8              informal|bm25|k10          informal|zero_shot|k5         250       0.00979     0.00000    0.02296        False     0.10881             0.2471
replication_rate_8               informal|bm25|k5          informal|centroid|k10         250      -0.00984    -0.02200   -0.00045         True     0.07474             0.0931
replication_rate_8               informal|bm25|k5           informal|centroid|k5         250      -0.00980    -0.02260    0.00000        False     0.07825             0.1200
replication_rate_8               informal|bm25|k5             informal|dense|k10         250      -0.00827    -0.02055    0.00100        False     0.14413             0.2551
replication_rate_8               informal|bm25|k5              informal|dense|k5         250      -0.00100    -0.00300    0.00000        False     0.31731             1.0000
replication_rate_8               informal|bm25|k5 informal|hybrid_early|a0.1|k10         250      -0.00624    -0.01625    0.00100        False     0.14077             0.2507
replication_rate_8               informal|bm25|k5  informal|hybrid_early|a0.1|k5         250      -0.01009    -0.02409    0.00000        False     0.07825             0.1240
replication_rate_8               informal|bm25|k5 informal|hybrid_early|a0.3|k10         250      -0.00082    -0.00545    0.00300        False     0.65472             1.0000
replication_rate_8               informal|bm25|k5  informal|hybrid_early|a0.3|k5         250      -0.00700    -0.02000    0.00200        False     0.27630             0.5078
replication_rate_8               informal|bm25|k5 informal|hybrid_early|a0.5|k10         250      -0.00500    -0.01500    0.00200        False     0.28505             0.5018
replication_rate_8               informal|bm25|k5  informal|hybrid_early|a0.5|k5         250      -0.00860    -0.02200    0.00100        False     0.14077             0.2518
replication_rate_8               informal|bm25|k5 informal|hybrid_early|a0.7|k10         250      -0.00882    -0.02182    0.00100        False     0.14077             0.2562
replication_rate_8               informal|bm25|k5  informal|hybrid_early|a0.7|k5         250      -0.00900    -0.02200    0.00100        False     0.14077             0.2531
replication_rate_8               informal|bm25|k5 informal|hybrid_early|a0.9|k10         250      -0.01494    -0.03094   -0.00261         True     0.07415             0.1267
replication_rate_8               informal|bm25|k5  informal|hybrid_early|a0.9|k5         250       0.00100     0.00000    0.00300        False     0.31731             1.0000
replication_rate_8               informal|bm25|k5            informal|random|k10         250       0.00100     0.00000    0.00300        False     0.31731             1.0000
replication_rate_8               informal|bm25|k5             informal|random|k5         250      -0.00195    -0.00857    0.00271        False     0.59298             0.7447
replication_rate_8               informal|bm25|k5          informal|zero_shot|k5         250       0.00100     0.00000    0.00300        False     0.31731             1.0000
replication_rate_8          informal|centroid|k10           informal|centroid|k5         250       0.00004    -0.01597    0.01547        False     0.85883             1.0000
replication_rate_8          informal|centroid|k10             informal|dense|k10         250       0.00156    -0.01379    0.01696        False     0.88864             0.8695
replication_rate_8          informal|centroid|k10              informal|dense|k5         250       0.00884    -0.00138    0.02140        False     0.17295             0.1546
replication_rate_8          informal|centroid|k10 informal|hybrid_early|a0.1|k10         250       0.00360    -0.00967    0.01757        False     0.83323             0.6417
replication_rate_8          informal|centroid|k10  informal|hybrid_early|a0.1|k5         250      -0.00025    -0.01685    0.01553        False     0.85883             0.9860
replication_rate_8          informal|centroid|k10 informal|hybrid_early|a0.3|k10         250       0.00902    -0.00073    0.02120        False     0.17295             0.1562
replication_rate_8          informal|centroid|k10  informal|hybrid_early|a0.3|k5         250       0.00284    -0.01288    0.01784        False     0.86553             0.7333
replication_rate_8          informal|centroid|k10 informal|hybrid_early|a0.5|k10         250       0.00484    -0.00888    0.01925        False     0.61209             0.5471
replication_rate_8          informal|centroid|k10  informal|hybrid_early|a0.5|k5         250       0.00124    -0.01510    0.01684        False     1.00000             0.8927
replication_rate_8          informal|centroid|k10 informal|hybrid_early|a0.7|k10         250       0.00102    -0.01500    0.01667        False     0.88850             0.9298
replication_rate_8          informal|centroid|k10  informal|hybrid_early|a0.7|k5         250       0.00084    -0.01554    0.01651        False     0.88850             0.9489
replication_rate_8          informal|centroid|k10 informal|hybrid_early|a0.9|k10         250      -0.00510    -0.02392    0.01297        False     0.50652             0.5975
replication_rate_8          informal|centroid|k10  informal|hybrid_early|a0.9|k5         250       0.01084     0.00167    0.02276         True     0.04311             0.0629
replication_rate_8          informal|centroid|k10            informal|random|k10         250       0.01084     0.00167    0.02276         True     0.04311             0.0629
replication_rate_8          informal|centroid|k10             informal|random|k5         250       0.00788    -0.00324    0.02070        False     0.17630             0.2190
replication_rate_8          informal|centroid|k10          informal|zero_shot|k5         250       0.01084     0.00167    0.02276         True     0.04311             0.0629
replication_rate_8           informal|centroid|k5             informal|dense|k10         250       0.00153    -0.01382    0.01724        False     0.93204             0.9239
replication_rate_8           informal|centroid|k5              informal|dense|k5         250       0.00880    -0.00200    0.02160        False     0.13080             0.2491
replication_rate_8           informal|centroid|k5 informal|hybrid_early|a0.1|k10         250       0.00356    -0.01029    0.01818        False     0.39633             0.6051
replication_rate_8           informal|centroid|k5  informal|hybrid_early|a0.1|k5         250      -0.00029    -0.01709    0.01640        False     1.00000             1.0000
replication_rate_8           informal|centroid|k5 informal|hybrid_early|a0.3|k10         250       0.00898    -0.00145    0.02200        False     0.07825             0.1200
replication_rate_8           informal|centroid|k5  informal|hybrid_early|a0.3|k5         250       0.00280    -0.01320    0.01840        False     0.91535             0.8109
replication_rate_8           informal|centroid|k5 informal|hybrid_early|a0.5|k10         250       0.00480    -0.00920    0.01960        False     0.52361             0.6204
replication_rate_8           informal|centroid|k5  informal|hybrid_early|a0.5|k5         250       0.00120    -0.01120    0.01240        False     0.68447             0.8730
replication_rate_8           informal|centroid|k5 informal|hybrid_early|a0.7|k10         250       0.00098    -0.01265    0.01436        False     0.67329             0.8766
replication_rate_8           informal|centroid|k5  informal|hybrid_early|a0.7|k5         250       0.00080    -0.01400    0.01440        False     0.91535             1.0000
replication_rate_8           informal|centroid|k5 informal|hybrid_early|a0.9|k10         250      -0.00514    -0.02394    0.01320        False     0.47289             0.6518
replication_rate_8           informal|centroid|k5  informal|hybrid_early|a0.9|k5         250       0.01080     0.00200    0.02360         True     0.06560             0.1200
replication_rate_8           informal|centroid|k5            informal|random|k10         250       0.01080     0.00200    0.02360         True     0.06560             0.1200
replication_rate_8           informal|centroid|k5             informal|random|k5         250       0.00785    -0.00333    0.02103        False     0.24756             0.2798
replication_rate_8           informal|centroid|k5          informal|zero_shot|k5         250       0.01080     0.00200    0.02360         True     0.06560             0.1200
replication_rate_8             informal|dense|k10              informal|dense|k5         250       0.00727    -0.00273    0.02000        False     0.19747             0.3806
replication_rate_8             informal|dense|k10 informal|hybrid_early|a0.1|k10         250       0.00204    -0.01124    0.01640        False     0.59917             0.7829
replication_rate_8             informal|dense|k10  informal|hybrid_early|a0.1|k5         250      -0.00182    -0.01836    0.01418        False     0.79807             0.8393
replication_rate_8             informal|dense|k10 informal|hybrid_early|a0.3|k10         250       0.00745    -0.00182    0.02055        False     0.14413             0.2551
replication_rate_8             informal|dense|k10  informal|hybrid_early|a0.3|k5         250       0.00127    -0.01400    0.01709        False     0.89075             1.0000
replication_rate_8             informal|dense|k10 informal|hybrid_early|a0.5|k10         250       0.00327    -0.00873    0.01582        False     0.58071             0.7477
replication_rate_8             informal|dense|k10  informal|hybrid_early|a0.5|k5         250      -0.00033    -0.01680    0.01535        False     0.91558             1.0000
replication_rate_8             informal|dense|k10 informal|hybrid_early|a0.7|k10         250      -0.00055    -0.01600    0.01345        False     0.89075             1.0000
replication_rate_8             informal|dense|k10  informal|hybrid_early|a0.7|k5         250      -0.00073    -0.01800    0.01527        False     0.83164             0.9362
replication_rate_8             informal|dense|k10 informal|hybrid_early|a0.9|k10         250      -0.00667    -0.02000    0.00333        False     0.26929             0.3796
replication_rate_8             informal|dense|k10  informal|hybrid_early|a0.9|k5         250       0.00927     0.00000    0.02182        False     0.10881             0.2551
replication_rate_8             informal|dense|k10            informal|random|k10         250       0.00927     0.00000    0.02182        False     0.10881             0.2551
replication_rate_8             informal|dense|k10             informal|random|k5         250       0.00632    -0.00467    0.01953        False     0.34523             0.3798
replication_rate_8             informal|dense|k10          informal|zero_shot|k5         250       0.00927     0.00000    0.02182        False     0.10881             0.2551
replication_rate_8              informal|dense|k5 informal|hybrid_early|a0.1|k10         250      -0.00524    -0.01604    0.00400        False     0.46145             0.5016
replication_rate_8              informal|dense|k5  informal|hybrid_early|a0.1|k5         250      -0.00909    -0.02309    0.00200        False     0.17357             0.2540
replication_rate_8              informal|dense|k5 informal|hybrid_early|a0.3|k10         250       0.00018    -0.00545    0.00600        False     0.65472             1.0000
replication_rate_8              informal|dense|k5  informal|hybrid_early|a0.3|k5         250      -0.00600    -0.02000    0.00400        False     0.27630             0.5078
replication_rate_8              informal|dense|k5 informal|hybrid_early|a0.5|k10         250      -0.00400    -0.01400    0.00400        False     0.41422             0.7464
replication_rate_8              informal|dense|k5  informal|hybrid_early|a0.5|k5         250      -0.00760    -0.02160    0.00240        False     0.26929             0.3759
replication_rate_8              informal|dense|k5 informal|hybrid_early|a0.7|k10         250      -0.00782    -0.02182    0.00218        False     0.26929             0.3795
replication_rate_8              informal|dense|k5  informal|hybrid_early|a0.7|k5         250      -0.00800    -0.02200    0.00200        False     0.19365             0.3742
replication_rate_8              informal|dense|k5 informal|hybrid_early|a0.9|k10         250      -0.01394    -0.03055    0.00000        False     0.07415             0.1267
replication_rate_8              informal|dense|k5  informal|hybrid_early|a0.9|k5         250       0.00200     0.00000    0.00600        False     0.31731             1.0000
replication_rate_8              informal|dense|k5            informal|random|k10         250       0.00200     0.00000    0.00600        False     0.31731             1.0000
replication_rate_8              informal|dense|k5             informal|random|k5         250      -0.00095    -0.00829    0.00571        False     0.59298             0.7447
replication_rate_8              informal|dense|k5          informal|zero_shot|k5         250       0.00200     0.00000    0.00600        False     0.31731             1.0000
replication_rate_8 informal|hybrid_early|a0.1|k10  informal|hybrid_early|a0.1|k5         250      -0.00385    -0.01982    0.01080        False     0.49742             0.6403
replication_rate_8 informal|hybrid_early|a0.1|k10 informal|hybrid_early|a0.3|k10         250       0.00542    -0.00185    0.01622        False     0.25684             0.5005
replication_rate_8 informal|hybrid_early|a0.1|k10  informal|hybrid_early|a0.3|k5         250      -0.00076    -0.01600    0.01265        False     0.68309             0.8758
replication_rate_8 informal|hybrid_early|a0.1|k10 informal|hybrid_early|a0.5|k10         250       0.00124    -0.01080    0.01393        False     0.89225             1.0000
replication_rate_8 informal|hybrid_early|a0.1|k10  informal|hybrid_early|a0.5|k5         250      -0.00236    -0.01753    0.01109        False     0.75183             0.7173
replication_rate_8 informal|hybrid_early|a0.1|k10 informal|hybrid_early|a0.7|k10         250      -0.00258    -0.01782    0.01087        False     0.59508             0.6641
replication_rate_8 informal|hybrid_early|a0.1|k10  informal|hybrid_early|a0.7|k5         250      -0.00276    -0.01818    0.01087        False     0.46060             0.6600
replication_rate_8 informal|hybrid_early|a0.1|k10 informal|hybrid_early|a0.9|k10         250      -0.00870    -0.02688    0.00772        False     0.25968             0.3309
replication_rate_8 informal|hybrid_early|a0.1|k10  informal|hybrid_early|a0.9|k5         250       0.00724     0.00000    0.01633        False     0.10247             0.2507
replication_rate_8 informal|hybrid_early|a0.1|k10            informal|random|k10         250       0.00724     0.00000    0.01633        False     0.10247             0.2507
replication_rate_8 informal|hybrid_early|a0.1|k10             informal|random|k5         250       0.00428    -0.00525    0.01533        False     0.49822             0.5009
replication_rate_8 informal|hybrid_early|a0.1|k10          informal|zero_shot|k5         250       0.00724     0.00000    0.01633        False     0.10247             0.2507
replication_rate_8  informal|hybrid_early|a0.1|k5 informal|hybrid_early|a0.3|k10         250       0.00927    -0.00164    0.02327        False     0.13622             0.1920
replication_rate_8  informal|hybrid_early|a0.1|k5  informal|hybrid_early|a0.3|k5         250       0.00309    -0.01291    0.02000        False     0.74632             0.7904
replication_rate_8  informal|hybrid_early|a0.1|k5 informal|hybrid_early|a0.5|k10         250       0.00509    -0.00891    0.02019        False     0.52361             0.6322
replication_rate_8  informal|hybrid_early|a0.1|k5  informal|hybrid_early|a0.5|k5         250       0.00149    -0.01542    0.01800        False     0.86333             0.8403
replication_rate_8  informal|hybrid_early|a0.1|k5 informal|hybrid_early|a0.7|k10         250       0.00127    -0.01582    0.01800        False     0.86333             0.9021
replication_rate_8  informal|hybrid_early|a0.1|k5  informal|hybrid_early|a0.7|k5         250       0.00109    -0.01473    0.01709        False     0.83164             1.0000
replication_rate_8  informal|hybrid_early|a0.1|k5 informal|hybrid_early|a0.9|k10         250      -0.00485    -0.02430    0.01364        False     0.67294             0.6495
replication_rate_8  informal|hybrid_early|a0.1|k5  informal|hybrid_early|a0.9|k5         250       0.01109     0.00109    0.02509         True     0.06560             0.1240
replication_rate_8  informal|hybrid_early|a0.1|k5            informal|random|k10         250       0.01109     0.00109    0.02509         True     0.06560             0.1240
replication_rate_8  informal|hybrid_early|a0.1|k5             informal|random|k5         250       0.00814    -0.00348    0.02261        False     0.24756             0.2551
replication_rate_8  informal|hybrid_early|a0.1|k5          informal|zero_shot|k5         250       0.01109     0.00109    0.02509         True     0.06560             0.1240
replication_rate_8 informal|hybrid_early|a0.3|k10  informal|hybrid_early|a0.3|k5         250      -0.00618    -0.02000    0.00364        False     0.27630             0.5078
replication_rate_8 informal|hybrid_early|a0.3|k10 informal|hybrid_early|a0.5|k10         250      -0.00418    -0.01418    0.00364        False     0.28505             0.5018
replication_rate_8 informal|hybrid_early|a0.3|k10  informal|hybrid_early|a0.5|k5         250      -0.00778    -0.02160    0.00204        False     0.26929             0.3782
replication_rate_8 informal|hybrid_early|a0.3|k10 informal|hybrid_early|a0.7|k10         250      -0.00800    -0.02182    0.00182        False     0.19365             0.3808
replication_rate_8 informal|hybrid_early|a0.3|k10  informal|hybrid_early|a0.7|k5         250      -0.00818    -0.02200    0.00182        False     0.14077             0.2531
replication_rate_8 informal|hybrid_early|a0.3|k10 informal|hybrid_early|a0.9|k10         250      -0.01412    -0.03079   -0.00036         True     0.07155             0.0963
replication_rate_8 informal|hybrid_early|a0.3|k10  informal|hybrid_early|a0.9|k5         250       0.00182     0.00000    0.00545        False     0.31731             1.0000
replication_rate_8 informal|hybrid_early|a0.3|k10            informal|random|k10         250       0.00182     0.00000    0.00545        False     0.31731             1.0000
replication_rate_8 informal|hybrid_early|a0.3|k10             informal|random|k5         250      -0.00113    -0.00829    0.00488        False     0.59298             0.7454
replication_rate_8 informal|hybrid_early|a0.3|k10          informal|zero_shot|k5         250       0.00182     0.00000    0.00545        False     0.31731             1.0000
replication_rate_8  informal|hybrid_early|a0.3|k5 informal|hybrid_early|a0.5|k10         250       0.00200    -0.01200    0.01600        False     0.70546             1.0000
replication_rate_8  informal|hybrid_early|a0.3|k5  informal|hybrid_early|a0.5|k5         250      -0.00160    -0.01760    0.01440        False     0.88754             1.0000
replication_rate_8  informal|hybrid_early|a0.3|k5 informal|hybrid_early|a0.7|k10         250      -0.00182    -0.01782    0.01418        False     0.88754             0.8752
replication_rate_8  informal|hybrid_early|a0.3|k5  informal|hybrid_early|a0.7|k5         250      -0.00200    -0.01800    0.01400        False     0.88754             1.0000
replication_rate_8  informal|hybrid_early|a0.3|k5 informal|hybrid_early|a0.9|k10         250      -0.00794    -0.02721    0.01133        False     0.48290             0.5391
replication_rate_8  informal|hybrid_early|a0.3|k5  informal|hybrid_early|a0.9|k5         250       0.00800     0.00000    0.02000        False     0.15730             0.5078
replication_rate_8  informal|hybrid_early|a0.3|k5            informal|random|k10         250       0.00800     0.00000    0.02000        False     0.15730             0.5078
replication_rate_8  informal|hybrid_early|a0.3|k5             informal|random|k5         250       0.00505    -0.00562    0.01839        False     0.46145             0.5078
replication_rate_8  informal|hybrid_early|a0.3|k5          informal|zero_shot|k5         250       0.00800     0.00000    0.02000        False     0.15730             0.5078
replication_rate_8 informal|hybrid_early|a0.5|k10  informal|hybrid_early|a0.5|k5         250      -0.00360    -0.01400    0.00440        False     0.59298             0.7581
replication_rate_8 informal|hybrid_early|a0.5|k10 informal|hybrid_early|a0.7|k10         250      -0.00382    -0.01927    0.00836        False     0.70546             1.0000
replication_rate_8 informal|hybrid_early|a0.5|k10  informal|hybrid_early|a0.7|k5         250      -0.00400    -0.01400    0.00400        False     0.41422             0.7512
replication_rate_8 informal|hybrid_early|a0.5|k10 informal|hybrid_early|a0.9|k10         250      -0.00994    -0.02261   -0.00067         True     0.06560             0.1232
replication_rate_8 informal|hybrid_early|a0.5|k10  informal|hybrid_early|a0.9|k5         250       0.00600     0.00000    0.01600        False     0.17971             0.5018
replication_rate_8 informal|hybrid_early|a0.5|k10            informal|random|k10         250       0.00600     0.00000    0.01600        False     0.17971             0.5018
replication_rate_8 informal|hybrid_early|a0.5|k10             informal|random|k5         250       0.00305    -0.00600    0.01400        False     0.71500             0.7496
replication_rate_8 informal|hybrid_early|a0.5|k10          informal|zero_shot|k5         250       0.00600     0.00000    0.01600        False     0.17971             0.5018
replication_rate_8  informal|hybrid_early|a0.5|k5 informal|hybrid_early|a0.7|k10         250      -0.00022    -0.01745    0.01637        False     0.91413             0.9363
replication_rate_8  informal|hybrid_early|a0.5|k5  informal|hybrid_early|a0.7|k5         250      -0.00040    -0.01040    0.00760        False     1.00000             1.0000
replication_rate_8  informal|hybrid_early|a0.5|k5 informal|hybrid_early|a0.9|k10         250      -0.00634    -0.02248    0.00886        False     0.45809             0.5327
replication_rate_8  informal|hybrid_early|a0.5|k5  informal|hybrid_early|a0.9|k5         250       0.00960     0.00000    0.02320        False     0.10247             0.2518
replication_rate_8  informal|hybrid_early|a0.5|k5            informal|random|k10         250       0.00960     0.00000    0.02320        False     0.10247             0.2518
replication_rate_8  informal|hybrid_early|a0.5|k5             informal|random|k5         250       0.00665    -0.00430    0.02074        False     0.34303             0.3788
replication_rate_8  informal|hybrid_early|a0.5|k5          informal|zero_shot|k5         250       0.00960     0.00000    0.02320        False     0.10247             0.2518
replication_rate_8 informal|hybrid_early|a0.7|k10  informal|hybrid_early|a0.7|k5         250      -0.00018    -0.01800    0.01600        False     0.91413             1.0000
replication_rate_8 informal|hybrid_early|a0.7|k10 informal|hybrid_early|a0.9|k10         250      -0.00612    -0.02400    0.01200        False     0.48290             0.5333
replication_rate_8 informal|hybrid_early|a0.7|k10  informal|hybrid_early|a0.9|k5         250       0.00982     0.00000    0.02327        False     0.10247             0.2562
replication_rate_8 informal|hybrid_early|a0.7|k10            informal|random|k10         250       0.00982     0.00000    0.02327        False     0.10247             0.2562
replication_rate_8 informal|hybrid_early|a0.7|k10             informal|random|k5         250       0.00687    -0.00437    0.02097        False     0.34303             0.3755
replication_rate_8 informal|hybrid_early|a0.7|k10          informal|zero_shot|k5         250       0.00982     0.00000    0.02327        False     0.10247             0.2562
replication_rate_8  informal|hybrid_early|a0.7|k5 informal|hybrid_early|a0.9|k10         250      -0.00594    -0.02194    0.00933        False     0.45809             0.5274
replication_rate_8  informal|hybrid_early|a0.7|k5  informal|hybrid_early|a0.9|k5         250       0.01000     0.00000    0.02400        False     0.10247             0.2531
replication_rate_8  informal|hybrid_early|a0.7|k5            informal|random|k10         250       0.01000     0.00000    0.02400        False     0.10247             0.2531
replication_rate_8  informal|hybrid_early|a0.7|k5             informal|random|k5         250       0.00705    -0.00429    0.02133        False     0.34303             0.3762
replication_rate_8  informal|hybrid_early|a0.7|k5          informal|zero_shot|k5         250       0.01000     0.00000    0.02400        False     0.10247             0.2531
replication_rate_8 informal|hybrid_early|a0.9|k10  informal|hybrid_early|a0.9|k5         250       0.01594     0.00327    0.03200         True     0.03936             0.0647
replication_rate_8 informal|hybrid_early|a0.9|k10            informal|random|k10         250       0.01594     0.00327    0.03200         True     0.03936             0.0647
replication_rate_8 informal|hybrid_early|a0.9|k10             informal|random|k5         250       0.01299    -0.00162    0.03014        False     0.08866             0.0950
replication_rate_8 informal|hybrid_early|a0.9|k10          informal|zero_shot|k5         250       0.01594     0.00327    0.03200         True     0.03936             0.0647
replication_rate_8  informal|hybrid_early|a0.9|k5            informal|random|k10         250       0.00000     0.00000    0.00000        False         NaN             1.0000
replication_rate_8  informal|hybrid_early|a0.9|k5             informal|random|k5         250      -0.00295    -0.00857    0.00000        False     0.17971             0.4997
replication_rate_8  informal|hybrid_early|a0.9|k5          informal|zero_shot|k5         250       0.00000     0.00000    0.00000        False         NaN             1.0000
replication_rate_8            informal|random|k10             informal|random|k5         250      -0.00295    -0.00857    0.00000        False     0.17971             0.4997
replication_rate_8            informal|random|k10          informal|zero_shot|k5         250       0.00000     0.00000    0.00000        False         NaN             1.0000
replication_rate_8             informal|random|k5          informal|zero_shot|k5         250       0.00295     0.00000    0.00857        False     0.17971             0.4997

Catatan: 'bermakna_95' berarti interval keyakinan 95% selisih berpasangan tidak memuat nol. Bila kolom p_wilcoxon kosong, scipy tidak terpasang dan dipakai uji permutasi tanda.
Hasil disimpan: D:\FILEMAHASISWA\Fikri Hasani Folder\JCCE-First Revision\TABEL_uji_formality_replication_rate_8.csv


########## aaker / style_accuracy (exit 0) ##########

Metrik: style_accuracy | konfigurasi: 20 | pasangan sebanding: 90
100 pasangan lintas target dilewati, karena membandingkan dua target gaya yang berbeda tidak bermakna

        metrik                   konfigurasi_a                   konfigurasi_b  n_pasangan  selisih_mean  ci95_bawah  ci95_atas  bermakna_95  p_wilcoxon  p_permutasi_tanda
style_accuracy              competence|bm25|k5          competence|centroid|k5         500        -0.620    -0.66400   -0.57400         True     0.00000             0.0000
style_accuracy              competence|bm25|k5             competence|dense|k5         500         0.068     0.02600    0.11000         True     0.00175             0.0019
style_accuracy              competence|bm25|k5 competence|hybrid_early|a0.1|k5         500        -0.634    -0.67600   -0.59000         True     0.00000             0.0000
style_accuracy              competence|bm25|k5 competence|hybrid_early|a0.3|k5         500        -0.612    -0.65600   -0.56600         True     0.00000             0.0000
style_accuracy              competence|bm25|k5 competence|hybrid_early|a0.5|k5         500        -0.284    -0.33800   -0.23000         True     0.00000             0.0000
style_accuracy              competence|bm25|k5 competence|hybrid_early|a0.7|k5         500        -0.014    -0.06200    0.03200        False     0.55830             0.6111
style_accuracy              competence|bm25|k5 competence|hybrid_early|a0.9|k5         500         0.030    -0.01400    0.07400        False     0.18318             0.1999
style_accuracy              competence|bm25|k5            competence|random|k5         500        -0.068    -0.11600   -0.02000         True     0.00582             0.0065
style_accuracy              competence|bm25|k5         competence|zero_shot|k5         500         0.008    -0.04200    0.05800        False     0.75183             0.8112
style_accuracy          competence|centroid|k5             competence|dense|k5         500         0.688     0.64400    0.73000         True     0.00000             0.0000
style_accuracy          competence|centroid|k5 competence|hybrid_early|a0.1|k5         500        -0.014    -0.03800    0.01000        False     0.23672             0.3140
style_accuracy          competence|centroid|k5 competence|hybrid_early|a0.3|k5         500         0.008    -0.02200    0.03800        False     0.59943             0.7003
style_accuracy          competence|centroid|k5 competence|hybrid_early|a0.5|k5         500         0.336     0.29000    0.38400         True     0.00000             0.0000
style_accuracy          competence|centroid|k5 competence|hybrid_early|a0.7|k5         500         0.606     0.56000    0.65000         True     0.00000             0.0000
style_accuracy          competence|centroid|k5 competence|hybrid_early|a0.9|k5         500         0.650     0.60600    0.69200         True     0.00000             0.0000
style_accuracy          competence|centroid|k5            competence|random|k5         500         0.552     0.50600    0.59600         True     0.00000             0.0000
style_accuracy          competence|centroid|k5         competence|zero_shot|k5         500         0.628     0.58000    0.67600         True     0.00000             0.0000
style_accuracy             competence|dense|k5 competence|hybrid_early|a0.1|k5         500        -0.702    -0.74200   -0.66000         True     0.00000             0.0000
style_accuracy             competence|dense|k5 competence|hybrid_early|a0.3|k5         500        -0.680    -0.72200   -0.63600         True     0.00000             0.0000
style_accuracy             competence|dense|k5 competence|hybrid_early|a0.5|k5         500        -0.352    -0.39800   -0.30600         True     0.00000             0.0000
style_accuracy             competence|dense|k5 competence|hybrid_early|a0.7|k5         500        -0.082    -0.12000   -0.04600         True     0.00003             0.0000
style_accuracy             competence|dense|k5 competence|hybrid_early|a0.9|k5         500        -0.038    -0.06400   -0.01200         True     0.00462             0.0057
style_accuracy             competence|dense|k5            competence|random|k5         500        -0.136    -0.18200   -0.09000         True     0.00000             0.0000
style_accuracy             competence|dense|k5         competence|zero_shot|k5         500        -0.060    -0.10400   -0.01400         True     0.01182             0.0144
style_accuracy competence|hybrid_early|a0.1|k5 competence|hybrid_early|a0.3|k5         500         0.022    -0.00400    0.05000        False     0.10860             0.1482
style_accuracy competence|hybrid_early|a0.1|k5 competence|hybrid_early|a0.5|k5         500         0.350     0.30400    0.39600         True     0.00000             0.0000
style_accuracy competence|hybrid_early|a0.1|k5 competence|hybrid_early|a0.7|k5         500         0.620     0.57400    0.66400         True     0.00000             0.0000
style_accuracy competence|hybrid_early|a0.1|k5 competence|hybrid_early|a0.9|k5         500         0.664     0.62000    0.70600         True     0.00000             0.0000
style_accuracy competence|hybrid_early|a0.1|k5            competence|random|k5         500         0.566     0.52200    0.61000         True     0.00000             0.0000
style_accuracy competence|hybrid_early|a0.1|k5         competence|zero_shot|k5         500         0.642     0.59600    0.69000         True     0.00000             0.0000
style_accuracy competence|hybrid_early|a0.3|k5 competence|hybrid_early|a0.5|k5         500         0.328     0.28200    0.37400         True     0.00000             0.0000
style_accuracy competence|hybrid_early|a0.3|k5 competence|hybrid_early|a0.7|k5         500         0.598     0.55000    0.64400         True     0.00000             0.0000
style_accuracy competence|hybrid_early|a0.3|k5 competence|hybrid_early|a0.9|k5         500         0.642     0.59600    0.68600         True     0.00000             0.0000
style_accuracy competence|hybrid_early|a0.3|k5            competence|random|k5         500         0.544     0.49600    0.59200         True     0.00000             0.0000
style_accuracy competence|hybrid_early|a0.3|k5         competence|zero_shot|k5         500         0.620     0.57195    0.67000         True     0.00000             0.0000
style_accuracy competence|hybrid_early|a0.5|k5 competence|hybrid_early|a0.7|k5         500         0.270     0.22200    0.31600         True     0.00000             0.0000
style_accuracy competence|hybrid_early|a0.5|k5 competence|hybrid_early|a0.9|k5         500         0.314     0.26400    0.36000         True     0.00000             0.0000
style_accuracy competence|hybrid_early|a0.5|k5            competence|random|k5         500         0.216     0.16200    0.27000         True     0.00000             0.0000
style_accuracy competence|hybrid_early|a0.5|k5         competence|zero_shot|k5         500         0.292     0.23600    0.34800         True     0.00000             0.0000
style_accuracy competence|hybrid_early|a0.7|k5 competence|hybrid_early|a0.9|k5         500         0.044     0.00800    0.08200         True     0.02039             0.0285
style_accuracy competence|hybrid_early|a0.7|k5            competence|random|k5         500        -0.054    -0.10400   -0.00400         True     0.03445             0.0438
style_accuracy competence|hybrid_early|a0.7|k5         competence|zero_shot|k5         500         0.022    -0.02600    0.07200        False     0.38892             0.4281
style_accuracy competence|hybrid_early|a0.9|k5            competence|random|k5         500        -0.098    -0.14600   -0.05000         True     0.00007             0.0001
style_accuracy competence|hybrid_early|a0.9|k5         competence|zero_shot|k5         500        -0.022    -0.07000    0.02400        False     0.37384             0.4161
style_accuracy            competence|random|k5         competence|zero_shot|k5         500         0.076     0.02400    0.12800         True     0.00440             0.0059
style_accuracy              excitement|bm25|k5          excitement|centroid|k5         500        -0.046    -0.09600    0.00400        False     0.07162             0.0849
style_accuracy              excitement|bm25|k5             excitement|dense|k5         500        -0.034    -0.08000    0.01200        False     0.15514             0.1794
style_accuracy              excitement|bm25|k5 excitement|hybrid_early|a0.1|k5         500        -0.102    -0.15200   -0.05395         True     0.00007             0.0000
style_accuracy              excitement|bm25|k5 excitement|hybrid_early|a0.3|k5         500        -0.112    -0.16000   -0.06400         True     0.00001             0.0000
style_accuracy              excitement|bm25|k5 excitement|hybrid_early|a0.5|k5         500        -0.072    -0.12000   -0.02200         True     0.00494             0.0071
style_accuracy              excitement|bm25|k5 excitement|hybrid_early|a0.7|k5         500        -0.082    -0.13000   -0.03400         True     0.00107             0.0020
style_accuracy              excitement|bm25|k5 excitement|hybrid_early|a0.9|k5         500        -0.044    -0.09000    0.00200        False     0.06675             0.0807
style_accuracy              excitement|bm25|k5            excitement|random|k5         500         0.074     0.03000    0.11800         True     0.00112             0.0013
style_accuracy              excitement|bm25|k5         excitement|zero_shot|k5         500         0.170     0.13000    0.21200         True     0.00000             0.0000
style_accuracy          excitement|centroid|k5             excitement|dense|k5         500         0.012    -0.03800    0.06000        False     0.63735             0.7001
style_accuracy          excitement|centroid|k5 excitement|hybrid_early|a0.1|k5         500        -0.056    -0.10400   -0.00800         True     0.02136             0.0285
style_accuracy          excitement|centroid|k5 excitement|hybrid_early|a0.3|k5         500        -0.066    -0.11800   -0.01400         True     0.01261             0.0157
style_accuracy          excitement|centroid|k5 excitement|hybrid_early|a0.5|k5         500        -0.026    -0.07800    0.02600        False     0.32850             0.3729
style_accuracy          excitement|centroid|k5 excitement|hybrid_early|a0.7|k5         500        -0.036    -0.08800    0.01800        False     0.18926             0.2153
style_accuracy          excitement|centroid|k5 excitement|hybrid_early|a0.9|k5         500         0.002    -0.05000    0.05200        False     0.93868             1.0000
style_accuracy          excitement|centroid|k5            excitement|random|k5         500         0.120     0.07600    0.16400         True     0.00000             0.0000
style_accuracy          excitement|centroid|k5         excitement|zero_shot|k5         500         0.216     0.17200    0.26000         True     0.00000             0.0000
style_accuracy             excitement|dense|k5 excitement|hybrid_early|a0.1|k5         500        -0.068    -0.11600   -0.02000         True     0.00519             0.0057
style_accuracy             excitement|dense|k5 excitement|hybrid_early|a0.3|k5         500        -0.078    -0.12400   -0.03000         True     0.00102             0.0011
style_accuracy             excitement|dense|k5 excitement|hybrid_early|a0.5|k5         500        -0.038    -0.07800    0.00205        False     0.06624             0.0789
style_accuracy             excitement|dense|k5 excitement|hybrid_early|a0.7|k5         500        -0.048    -0.08400   -0.01200         True     0.00883             0.0129
style_accuracy             excitement|dense|k5 excitement|hybrid_early|a0.9|k5         500        -0.010    -0.03600    0.01600        False     0.44577             0.5437
style_accuracy             excitement|dense|k5            excitement|random|k5         500         0.108     0.06200    0.15400         True     0.00001             0.0000
style_accuracy             excitement|dense|k5         excitement|zero_shot|k5         500         0.204     0.16000    0.24800         True     0.00000             0.0000
style_accuracy excitement|hybrid_early|a0.1|k5 excitement|hybrid_early|a0.3|k5         500        -0.010    -0.05400    0.03400        False     0.65728             0.7187
style_accuracy excitement|hybrid_early|a0.1|k5 excitement|hybrid_early|a0.5|k5         500         0.030    -0.01800    0.08000        False     0.23126             0.2681
style_accuracy excitement|hybrid_early|a0.1|k5 excitement|hybrid_early|a0.7|k5         500         0.020    -0.03200    0.07000        False     0.44310             0.4957
style_accuracy excitement|hybrid_early|a0.1|k5 excitement|hybrid_early|a0.9|k5         500         0.058     0.00800    0.10800         True     0.02146             0.0250
style_accuracy excitement|hybrid_early|a0.1|k5            excitement|random|k5         500         0.176     0.13000    0.22400         True     0.00000             0.0000
style_accuracy excitement|hybrid_early|a0.1|k5         excitement|zero_shot|k5         500         0.272     0.22600    0.31600         True     0.00000             0.0000
style_accuracy excitement|hybrid_early|a0.3|k5 excitement|hybrid_early|a0.5|k5         500         0.040    -0.00400    0.08400        False     0.08172             0.0988
style_accuracy excitement|hybrid_early|a0.3|k5 excitement|hybrid_early|a0.7|k5         500         0.030    -0.01600    0.07600        False     0.20971             0.2436
style_accuracy excitement|hybrid_early|a0.3|k5 excitement|hybrid_early|a0.9|k5         500         0.068     0.02000    0.11600         True     0.00519             0.0059
style_accuracy excitement|hybrid_early|a0.3|k5            excitement|random|k5         500         0.186     0.13800    0.23200         True     0.00000             0.0000
style_accuracy excitement|hybrid_early|a0.3|k5         excitement|zero_shot|k5         500         0.282     0.23600    0.32800         True     0.00000             0.0000
style_accuracy excitement|hybrid_early|a0.5|k5 excitement|hybrid_early|a0.7|k5         500        -0.010    -0.04800    0.02800        False     0.61530             0.6877
style_accuracy excitement|hybrid_early|a0.5|k5 excitement|hybrid_early|a0.9|k5         500         0.028    -0.01400    0.06800        False     0.18588             0.2126
style_accuracy excitement|hybrid_early|a0.5|k5            excitement|random|k5         500         0.146     0.09600    0.19400         True     0.00000             0.0000
style_accuracy excitement|hybrid_early|a0.5|k5         excitement|zero_shot|k5         500         0.242     0.19600    0.28600         True     0.00000             0.0000
style_accuracy excitement|hybrid_early|a0.7|k5 excitement|hybrid_early|a0.9|k5         500         0.038     0.00200    0.07400         True     0.03476             0.0447
style_accuracy excitement|hybrid_early|a0.7|k5            excitement|random|k5         500         0.156     0.10600    0.20400         True     0.00000             0.0000
style_accuracy excitement|hybrid_early|a0.7|k5         excitement|zero_shot|k5         500         0.252     0.20600    0.29800         True     0.00000             0.0000
style_accuracy excitement|hybrid_early|a0.9|k5            excitement|random|k5         500         0.118     0.07000    0.16405         True     0.00000             0.0000
style_accuracy excitement|hybrid_early|a0.9|k5         excitement|zero_shot|k5         500         0.214     0.16800    0.25800         True     0.00000             0.0000
style_accuracy            excitement|random|k5         excitement|zero_shot|k5         500         0.096     0.06000    0.13200         True     0.00000             0.0000

Catatan: 'bermakna_95' berarti interval keyakinan 95% selisih berpasangan tidak memuat nol. Bila kolom p_wilcoxon kosong, scipy tidak terpasang dan dipakai uji permutasi tanda.
Hasil disimpan: D:\FILEMAHASISWA\Fikri Hasani Folder\JCCE-First Revision\TABEL_uji_aaker_style_accuracy.csv


########## aaker / style_strength_calibrated (exit 0) ##########

Metrik: style_strength_calibrated | konfigurasi: 20 | pasangan sebanding: 90
100 pasangan lintas target dilewati, karena membandingkan dua target gaya yang berbeda tidak bermakna

                   metrik                   konfigurasi_a                   konfigurasi_b  n_pasangan  selisih_mean  ci95_bawah  ci95_atas  bermakna_95  p_wilcoxon  p_permutasi_tanda
style_strength_calibrated              competence|bm25|k5          competence|centroid|k5         500      -0.59021    -0.62885   -0.54979         True     0.00000             0.0000
style_strength_calibrated              competence|bm25|k5             competence|dense|k5         500       0.06286     0.02625    0.09955         True     0.03157             0.0010
style_strength_calibrated              competence|bm25|k5 competence|hybrid_early|a0.1|k5         500      -0.60615    -0.64394   -0.56769         True     0.00000             0.0000
style_strength_calibrated              competence|bm25|k5 competence|hybrid_early|a0.3|k5         500      -0.58263    -0.62263   -0.54138         True     0.00000             0.0000
style_strength_calibrated              competence|bm25|k5 competence|hybrid_early|a0.5|k5         500      -0.26991    -0.31763   -0.22224         True     0.00000             0.0000
style_strength_calibrated              competence|bm25|k5 competence|hybrid_early|a0.7|k5         500      -0.01333    -0.05518    0.02789        False     0.40668             0.5157
style_strength_calibrated              competence|bm25|k5 competence|hybrid_early|a0.9|k5         500       0.02960    -0.01020    0.06872        False     0.27471             0.1282
style_strength_calibrated              competence|bm25|k5            competence|random|k5         500      -0.06210    -0.10279   -0.02024         True     0.00011             0.0033
style_strength_calibrated              competence|bm25|k5         competence|zero_shot|k5         500       0.00545    -0.03407    0.04642        False     0.00058             0.7915
style_strength_calibrated          competence|centroid|k5             competence|dense|k5         500       0.65307     0.61478    0.69036         True     0.00000             0.0000
style_strength_calibrated          competence|centroid|k5 competence|hybrid_early|a0.1|k5         500      -0.01594    -0.03536    0.00311        False     0.00002             0.1062
style_strength_calibrated          competence|centroid|k5 competence|hybrid_early|a0.3|k5         500       0.00758    -0.01905    0.03407        False     0.27869             0.5787
style_strength_calibrated          competence|centroid|k5 competence|hybrid_early|a0.5|k5         500       0.32029     0.27847    0.36279         True     0.00000             0.0000
style_strength_calibrated          competence|centroid|k5 competence|hybrid_early|a0.7|k5         500       0.57688     0.53523    0.61691         True     0.00000             0.0000
style_strength_calibrated          competence|centroid|k5 competence|hybrid_early|a0.9|k5         500       0.61981     0.58048    0.65740         True     0.00000             0.0000
style_strength_calibrated          competence|centroid|k5            competence|random|k5         500       0.52811     0.48846    0.56715         True     0.00000             0.0000
style_strength_calibrated          competence|centroid|k5         competence|zero_shot|k5         500       0.59566     0.55681    0.63414         True     0.00000             0.0000
style_strength_calibrated             competence|dense|k5 competence|hybrid_early|a0.1|k5         500      -0.66901    -0.70444   -0.63228         True     0.00000             0.0000
style_strength_calibrated             competence|dense|k5 competence|hybrid_early|a0.3|k5         500      -0.64549    -0.68347   -0.60559         True     0.00000             0.0000
style_strength_calibrated             competence|dense|k5 competence|hybrid_early|a0.5|k5         500      -0.33277    -0.37324   -0.29248         True     0.00000             0.0000
style_strength_calibrated             competence|dense|k5 competence|hybrid_early|a0.7|k5         500      -0.07619    -0.10860   -0.04536         True     0.00009             0.0000
style_strength_calibrated             competence|dense|k5 competence|hybrid_early|a0.9|k5         500      -0.03326    -0.05494   -0.01254         True     0.08247             0.0016
style_strength_calibrated             competence|dense|k5            competence|random|k5         500      -0.12496    -0.16398   -0.08507         True     0.00000             0.0000
style_strength_calibrated             competence|dense|k5         competence|zero_shot|k5         500      -0.05741    -0.09341   -0.02026         True     0.00000             0.0016
style_strength_calibrated competence|hybrid_early|a0.1|k5 competence|hybrid_early|a0.3|k5         500       0.02352     0.00002    0.04741         True     0.00000             0.0511
style_strength_calibrated competence|hybrid_early|a0.1|k5 competence|hybrid_early|a0.5|k5         500       0.33623     0.29490    0.37773         True     0.00000             0.0000
style_strength_calibrated competence|hybrid_early|a0.1|k5 competence|hybrid_early|a0.7|k5         500       0.59282     0.55108    0.63197         True     0.00000             0.0000
style_strength_calibrated competence|hybrid_early|a0.1|k5 competence|hybrid_early|a0.9|k5         500       0.63575     0.59685    0.67344         True     0.00000             0.0000
style_strength_calibrated competence|hybrid_early|a0.1|k5            competence|random|k5         500       0.54405     0.50500    0.58222         True     0.00000             0.0000
style_strength_calibrated competence|hybrid_early|a0.1|k5         competence|zero_shot|k5         500       0.61160     0.57370    0.64940         True     0.00000             0.0000
style_strength_calibrated competence|hybrid_early|a0.3|k5 competence|hybrid_early|a0.5|k5         500       0.31272     0.27138    0.35445         True     0.00000             0.0000
style_strength_calibrated competence|hybrid_early|a0.3|k5 competence|hybrid_early|a0.7|k5         500       0.56930     0.52585    0.60991         True     0.00000             0.0000
style_strength_calibrated competence|hybrid_early|a0.3|k5 competence|hybrid_early|a0.9|k5         500       0.61223     0.57122    0.65162         True     0.00000             0.0000
style_strength_calibrated competence|hybrid_early|a0.3|k5            competence|random|k5         500       0.52053     0.47873    0.56103         True     0.00000             0.0000
style_strength_calibrated competence|hybrid_early|a0.3|k5         competence|zero_shot|k5         500       0.58808     0.54826    0.62751         True     0.00000             0.0000
style_strength_calibrated competence|hybrid_early|a0.5|k5 competence|hybrid_early|a0.7|k5         500       0.25658     0.21530    0.29731         True     0.00000             0.0000
style_strength_calibrated competence|hybrid_early|a0.5|k5 competence|hybrid_early|a0.9|k5         500       0.29951     0.25604    0.34133         True     0.00000             0.0000
style_strength_calibrated competence|hybrid_early|a0.5|k5            competence|random|k5         500       0.20782     0.16020    0.25537         True     0.00000             0.0000
style_strength_calibrated competence|hybrid_early|a0.5|k5         competence|zero_shot|k5         500       0.27536     0.22796    0.32306         True     0.00000             0.0000
style_strength_calibrated competence|hybrid_early|a0.7|k5 competence|hybrid_early|a0.9|k5         500       0.04293     0.01242    0.07452         True     0.00457             0.0084
style_strength_calibrated competence|hybrid_early|a0.7|k5            competence|random|k5         500      -0.04877    -0.09160   -0.00512         True     0.00095             0.0273
style_strength_calibrated competence|hybrid_early|a0.7|k5         competence|zero_shot|k5         500       0.01878    -0.02061    0.05841        False     0.01137             0.3542
style_strength_calibrated competence|hybrid_early|a0.9|k5            competence|random|k5         500      -0.09170    -0.13295   -0.05013         True     0.00000             0.0000
style_strength_calibrated competence|hybrid_early|a0.9|k5         competence|zero_shot|k5         500      -0.02415    -0.06195    0.01414        False     0.00000             0.2244
style_strength_calibrated            competence|random|k5         competence|zero_shot|k5         500       0.06755     0.02659    0.10956         True     0.25933             0.0016
style_strength_calibrated              excitement|bm25|k5          excitement|centroid|k5         500      -0.03699    -0.07840    0.00525        False     0.00084             0.0876
style_strength_calibrated              excitement|bm25|k5             excitement|dense|k5         500      -0.03475    -0.07435    0.00488        False     0.02075             0.0894
style_strength_calibrated              excitement|bm25|k5 excitement|hybrid_early|a0.1|k5         500      -0.09715    -0.13871   -0.05520         True     0.00000             0.0000
style_strength_calibrated              excitement|bm25|k5 excitement|hybrid_early|a0.3|k5         500      -0.11092    -0.15279   -0.06922         True     0.00000             0.0000
style_strength_calibrated              excitement|bm25|k5 excitement|hybrid_early|a0.5|k5         500      -0.07033    -0.11258   -0.02694         True     0.00002             0.0020
style_strength_calibrated              excitement|bm25|k5 excitement|hybrid_early|a0.7|k5         500      -0.07786    -0.11997   -0.03575         True     0.00066             0.0007
style_strength_calibrated              excitement|bm25|k5 excitement|hybrid_early|a0.9|k5         500      -0.04424    -0.08451   -0.00320         True     0.04279             0.0322
style_strength_calibrated              excitement|bm25|k5            excitement|random|k5         500       0.06572     0.02855    0.10314         True     0.38213             0.0005
style_strength_calibrated              excitement|bm25|k5         excitement|zero_shot|k5         500       0.15626     0.12202    0.19188         True     0.00000             0.0000
style_strength_calibrated          excitement|centroid|k5             excitement|dense|k5         500       0.00223    -0.04111    0.04417        False     0.07066             0.9216
style_strength_calibrated          excitement|centroid|k5 excitement|hybrid_early|a0.1|k5         500      -0.06016    -0.10076   -0.02015         True     0.00067             0.0045
style_strength_calibrated          excitement|centroid|k5 excitement|hybrid_early|a0.3|k5         500      -0.07393    -0.11751   -0.02931         True     0.00262             0.0013
style_strength_calibrated          excitement|centroid|k5 excitement|hybrid_early|a0.5|k5         500      -0.03335    -0.07791    0.01153        False     0.47635             0.1553
style_strength_calibrated          excitement|centroid|k5 excitement|hybrid_early|a0.7|k5         500      -0.04087    -0.08663    0.00469        False     0.50279             0.0858
style_strength_calibrated          excitement|centroid|k5 excitement|hybrid_early|a0.9|k5         500      -0.00725    -0.05206    0.03643        False     0.18815             0.7486
style_strength_calibrated          excitement|centroid|k5            excitement|random|k5         500       0.10271     0.06585    0.13940         True     0.00000             0.0000
style_strength_calibrated          excitement|centroid|k5         excitement|zero_shot|k5         500       0.19324     0.15745    0.22910         True     0.00000             0.0000
style_strength_calibrated             excitement|dense|k5 excitement|hybrid_early|a0.1|k5         500      -0.06240    -0.10383   -0.02069         True     0.00002             0.0021
style_strength_calibrated             excitement|dense|k5 excitement|hybrid_early|a0.3|k5         500      -0.07616    -0.11510   -0.03680         True     0.00000             0.0000
style_strength_calibrated             excitement|dense|k5 excitement|hybrid_early|a0.5|k5         500      -0.03558    -0.06929   -0.00142         True     0.00113             0.0390
style_strength_calibrated             excitement|dense|k5 excitement|hybrid_early|a0.7|k5         500      -0.04311    -0.07300   -0.01368         True     0.02846             0.0056
style_strength_calibrated             excitement|dense|k5 excitement|hybrid_early|a0.9|k5         500      -0.00949    -0.03190    0.01322        False     0.65494             0.4069
style_strength_calibrated             excitement|dense|k5            excitement|random|k5         500       0.10048     0.06055    0.14041         True     0.00110             0.0000
style_strength_calibrated             excitement|dense|k5         excitement|zero_shot|k5         500       0.19101     0.15249    0.22882         True     0.00000             0.0000
style_strength_calibrated excitement|hybrid_early|a0.1|k5 excitement|hybrid_early|a0.3|k5         500      -0.01377    -0.05103    0.02380        False     0.71240             0.4767
style_strength_calibrated excitement|hybrid_early|a0.1|k5 excitement|hybrid_early|a0.5|k5         500       0.02682    -0.01487    0.06925        False     0.01280             0.2185
style_strength_calibrated excitement|hybrid_early|a0.1|k5 excitement|hybrid_early|a0.7|k5         500       0.01929    -0.02520    0.06376        False     0.03091             0.3979
style_strength_calibrated excitement|hybrid_early|a0.1|k5 excitement|hybrid_early|a0.9|k5         500       0.05291     0.01064    0.09592         True     0.00003             0.0151
style_strength_calibrated excitement|hybrid_early|a0.1|k5            excitement|random|k5         500       0.16287     0.12442    0.20190         True     0.00000             0.0000
style_strength_calibrated excitement|hybrid_early|a0.1|k5         excitement|zero_shot|k5         500       0.25341     0.21520    0.29150         True     0.00000             0.0000
style_strength_calibrated excitement|hybrid_early|a0.3|k5 excitement|hybrid_early|a0.5|k5         500       0.04058     0.00274    0.07821         True     0.00943             0.0386
style_strength_calibrated excitement|hybrid_early|a0.3|k5 excitement|hybrid_early|a0.7|k5         500       0.03306    -0.00653    0.07311        False     0.00187             0.1100
style_strength_calibrated excitement|hybrid_early|a0.3|k5 excitement|hybrid_early|a0.9|k5         500       0.06668     0.02537    0.10776         True     0.00001             0.0016
style_strength_calibrated excitement|hybrid_early|a0.3|k5            excitement|random|k5         500       0.17664     0.13586    0.21601         True     0.00000             0.0000
style_strength_calibrated excitement|hybrid_early|a0.3|k5         excitement|zero_shot|k5         500       0.26717     0.22719    0.30658         True     0.00000             0.0000
style_strength_calibrated excitement|hybrid_early|a0.5|k5 excitement|hybrid_early|a0.7|k5         500      -0.00753    -0.04110    0.02582        False     0.20348             0.6643
style_strength_calibrated excitement|hybrid_early|a0.5|k5 excitement|hybrid_early|a0.9|k5         500       0.02609    -0.00919    0.06042        False     0.00651             0.1310
style_strength_calibrated excitement|hybrid_early|a0.5|k5            excitement|random|k5         500       0.13606     0.09375    0.17752         True     0.00000             0.0000
style_strength_calibrated excitement|hybrid_early|a0.5|k5         excitement|zero_shot|k5         500       0.22659     0.18747    0.26448         True     0.00000             0.0000
style_strength_calibrated excitement|hybrid_early|a0.7|k5 excitement|hybrid_early|a0.9|k5         500       0.03362     0.00450    0.06341         True     0.01338             0.0238
style_strength_calibrated excitement|hybrid_early|a0.7|k5            excitement|random|k5         500       0.14358     0.10093    0.18603         True     0.00000             0.0000
style_strength_calibrated excitement|hybrid_early|a0.7|k5         excitement|zero_shot|k5         500       0.23412     0.19436    0.27367         True     0.00000             0.0000
style_strength_calibrated excitement|hybrid_early|a0.9|k5            excitement|random|k5         500       0.10996     0.06916    0.15133         True     0.00062             0.0000
style_strength_calibrated excitement|hybrid_early|a0.9|k5         excitement|zero_shot|k5         500       0.20050     0.16158    0.23964         True     0.00000             0.0000
style_strength_calibrated            excitement|random|k5         excitement|zero_shot|k5         500       0.09053     0.06170    0.11968         True     0.00000             0.0000

Catatan: 'bermakna_95' berarti interval keyakinan 95% selisih berpasangan tidak memuat nol. Bila kolom p_wilcoxon kosong, scipy tidak terpasang dan dipakai uji permutasi tanda.
Hasil disimpan: D:\FILEMAHASISWA\Fikri Hasani Folder\JCCE-First Revision\TABEL_uji_aaker_style_strength_calibrated.csv


########## aaker / content_preservation (exit 0) ##########

Metrik: content_preservation | konfigurasi: 20 | pasangan sebanding: 90
100 pasangan lintas target dilewati, karena membandingkan dua target gaya yang berbeda tidak bermakna

              metrik                   konfigurasi_a                   konfigurasi_b  n_pasangan  selisih_mean  ci95_bawah  ci95_atas  bermakna_95  p_wilcoxon  p_permutasi_tanda
content_preservation              competence|bm25|k5          competence|centroid|k5         500       0.29842     0.27568    0.32095         True     0.00000             0.0000
content_preservation              competence|bm25|k5             competence|dense|k5         500      -0.05489    -0.07353   -0.03699         True     0.00001             0.0000
content_preservation              competence|bm25|k5 competence|hybrid_early|a0.1|k5         500       0.26558     0.24317    0.28736         True     0.00000             0.0000
content_preservation              competence|bm25|k5 competence|hybrid_early|a0.3|k5         500       0.17281     0.15167    0.19383         True     0.00000             0.0000
content_preservation              competence|bm25|k5 competence|hybrid_early|a0.5|k5         500       0.00973    -0.00961    0.02862        False     0.04516             0.3229
content_preservation              competence|bm25|k5 competence|hybrid_early|a0.7|k5         500      -0.05042    -0.06825   -0.03263         True     0.00002             0.0000
content_preservation              competence|bm25|k5 competence|hybrid_early|a0.9|k5         500      -0.05642    -0.07492   -0.03850         True     0.00001             0.0000
content_preservation              competence|bm25|k5            competence|random|k5         500       0.05696     0.04071    0.07291         True     0.00000             0.0000
content_preservation              competence|bm25|k5         competence|zero_shot|k5         500       0.27228     0.24909    0.29502         True     0.00000             0.0000
content_preservation          competence|centroid|k5             competence|dense|k5         500      -0.35331    -0.37583   -0.33128         True     0.00000             0.0000
content_preservation          competence|centroid|k5 competence|hybrid_early|a0.1|k5         500      -0.03284    -0.05143   -0.01474         True     0.00002             0.0004
content_preservation          competence|centroid|k5 competence|hybrid_early|a0.3|k5         500      -0.12561    -0.14610   -0.10562         True     0.00000             0.0000
content_preservation          competence|centroid|k5 competence|hybrid_early|a0.5|k5         500      -0.28869    -0.31176   -0.26618         True     0.00000             0.0000
content_preservation          competence|centroid|k5 competence|hybrid_early|a0.7|k5         500      -0.34884    -0.37113   -0.32724         True     0.00000             0.0000
content_preservation          competence|centroid|k5 competence|hybrid_early|a0.9|k5         500      -0.35484    -0.37754   -0.33240         True     0.00000             0.0000
content_preservation          competence|centroid|k5            competence|random|k5         500      -0.24146    -0.26406   -0.21929         True     0.00000             0.0000
content_preservation          competence|centroid|k5         competence|zero_shot|k5         500      -0.02614    -0.05187   -0.00053         True     0.14524             0.0467
content_preservation             competence|dense|k5 competence|hybrid_early|a0.1|k5         500       0.32048     0.29834    0.34224         True     0.00000             0.0000
content_preservation             competence|dense|k5 competence|hybrid_early|a0.3|k5         500       0.22771     0.20742    0.24795         True     0.00000             0.0000
content_preservation             competence|dense|k5 competence|hybrid_early|a0.5|k5         500       0.06462     0.04779    0.08154         True     0.00000             0.0000
content_preservation             competence|dense|k5 competence|hybrid_early|a0.7|k5         500       0.00448    -0.00906    0.01770        False     0.53040             0.5119
content_preservation             competence|dense|k5 competence|hybrid_early|a0.9|k5         500      -0.00153    -0.01121    0.00780        False     0.83314             0.7535
content_preservation             competence|dense|k5            competence|random|k5         500       0.11185     0.09330    0.13023         True     0.00000             0.0000
content_preservation             competence|dense|k5         competence|zero_shot|k5         500       0.32718     0.30690    0.34708         True     0.00000             0.0000
content_preservation competence|hybrid_early|a0.1|k5 competence|hybrid_early|a0.3|k5         500      -0.09277    -0.11067   -0.07470         True     0.00000             0.0000
content_preservation competence|hybrid_early|a0.1|k5 competence|hybrid_early|a0.5|k5         500      -0.25586    -0.27762   -0.23351         True     0.00000             0.0000
content_preservation competence|hybrid_early|a0.1|k5 competence|hybrid_early|a0.7|k5         500      -0.31600    -0.33761   -0.29449         True     0.00000             0.0000
content_preservation competence|hybrid_early|a0.1|k5 competence|hybrid_early|a0.9|k5         500      -0.32201    -0.34391   -0.30023         True     0.00000             0.0000
content_preservation competence|hybrid_early|a0.1|k5            competence|random|k5         500      -0.20862    -0.23003   -0.18739         True     0.00000             0.0000
content_preservation competence|hybrid_early|a0.1|k5         competence|zero_shot|k5         500       0.00670    -0.01818    0.03093        False     0.33862             0.5995
content_preservation competence|hybrid_early|a0.3|k5 competence|hybrid_early|a0.5|k5         500      -0.16309    -0.18374   -0.14236         True     0.00000             0.0000
content_preservation competence|hybrid_early|a0.3|k5 competence|hybrid_early|a0.7|k5         500      -0.22323    -0.24353   -0.20302         True     0.00000             0.0000
content_preservation competence|hybrid_early|a0.3|k5 competence|hybrid_early|a0.9|k5         500      -0.22924    -0.25008   -0.20879         True     0.00000             0.0000
content_preservation competence|hybrid_early|a0.3|k5            competence|random|k5         500      -0.11585    -0.13628   -0.09582         True     0.00000             0.0000
content_preservation competence|hybrid_early|a0.3|k5         competence|zero_shot|k5         500       0.09947     0.07448    0.12362         True     0.00000             0.0000
content_preservation competence|hybrid_early|a0.5|k5 competence|hybrid_early|a0.7|k5         500      -0.06014    -0.07617   -0.04394         True     0.00000             0.0000
content_preservation competence|hybrid_early|a0.5|k5 competence|hybrid_early|a0.9|k5         500      -0.06615    -0.08318   -0.04921         True     0.00000             0.0000
content_preservation competence|hybrid_early|a0.5|k5            competence|random|k5         500       0.04723     0.02760    0.06706         True     0.00008             0.0000
content_preservation competence|hybrid_early|a0.5|k5         competence|zero_shot|k5         500       0.26256     0.24048    0.28481         True     0.00000             0.0000
content_preservation competence|hybrid_early|a0.7|k5 competence|hybrid_early|a0.9|k5         500      -0.00601    -0.01843    0.00608        False     0.32006             0.3368
content_preservation competence|hybrid_early|a0.7|k5            competence|random|k5         500       0.10738     0.08832    0.12643         True     0.00000             0.0000
content_preservation competence|hybrid_early|a0.7|k5         competence|zero_shot|k5         500       0.32270     0.30183    0.34313         True     0.00000             0.0000
content_preservation competence|hybrid_early|a0.9|k5            competence|random|k5         500       0.11339     0.09461    0.13221         True     0.00000             0.0000
content_preservation competence|hybrid_early|a0.9|k5         competence|zero_shot|k5         500       0.32871     0.30773    0.34925         True     0.00000             0.0000
content_preservation            competence|random|k5         competence|zero_shot|k5         500       0.21532     0.19249    0.23791         True     0.00000             0.0000
content_preservation              excitement|bm25|k5          excitement|centroid|k5         500       0.06862     0.05387    0.08401         True     0.00000             0.0000
content_preservation              excitement|bm25|k5             excitement|dense|k5         500      -0.03387    -0.04959   -0.01872         True     0.00188             0.0000
content_preservation              excitement|bm25|k5 excitement|hybrid_early|a0.1|k5         500       0.08001     0.06463    0.09605         True     0.00000             0.0000
content_preservation              excitement|bm25|k5 excitement|hybrid_early|a0.3|k5         500       0.03562     0.01949    0.05139         True     0.00000             0.0000
content_preservation              excitement|bm25|k5 excitement|hybrid_early|a0.5|k5         500       0.00181    -0.01439    0.01775        False     0.36604             0.8292
content_preservation              excitement|bm25|k5 excitement|hybrid_early|a0.7|k5         500      -0.02001    -0.03671   -0.00368         True     0.05510             0.0164
content_preservation              excitement|bm25|k5 excitement|hybrid_early|a0.9|k5         500      -0.03353    -0.04920   -0.01808         True     0.00227             0.0000
content_preservation              excitement|bm25|k5            excitement|random|k5         500       0.07958     0.06236    0.09726         True     0.00000             0.0000
content_preservation              excitement|bm25|k5         excitement|zero_shot|k5         500       0.29479     0.27227    0.31693         True     0.00000             0.0000
content_preservation          excitement|centroid|k5             excitement|dense|k5         500      -0.10249    -0.11823   -0.08745         True     0.00000             0.0000
content_preservation          excitement|centroid|k5 excitement|hybrid_early|a0.1|k5         500       0.01140    -0.00011    0.02279        False     0.09871             0.0531
content_preservation          excitement|centroid|k5 excitement|hybrid_early|a0.3|k5         500      -0.03300    -0.04663   -0.02011         True     0.00007             0.0000
content_preservation          excitement|centroid|k5 excitement|hybrid_early|a0.5|k5         500      -0.06681    -0.08148   -0.05288         True     0.00000             0.0000
content_preservation          excitement|centroid|k5 excitement|hybrid_early|a0.7|k5         500      -0.08863    -0.10522   -0.07251         True     0.00000             0.0000
content_preservation          excitement|centroid|k5 excitement|hybrid_early|a0.9|k5         500      -0.10215    -0.11766   -0.08747         True     0.00000             0.0000
content_preservation          excitement|centroid|k5            excitement|random|k5         500       0.01096    -0.00361    0.02571        False     0.32903             0.1362
content_preservation          excitement|centroid|k5         excitement|zero_shot|k5         500       0.22618     0.20461    0.24715         True     0.00000             0.0000
content_preservation             excitement|dense|k5 excitement|hybrid_early|a0.1|k5         500       0.11388     0.09900    0.12910         True     0.00000             0.0000
content_preservation             excitement|dense|k5 excitement|hybrid_early|a0.3|k5         500       0.06949     0.05446    0.08441         True     0.00000             0.0000
content_preservation             excitement|dense|k5 excitement|hybrid_early|a0.5|k5         500       0.03568     0.02290    0.04844         True     0.00000             0.0000
content_preservation             excitement|dense|k5 excitement|hybrid_early|a0.7|k5         500       0.01386     0.00275    0.02506         True     0.02805             0.0185
content_preservation             excitement|dense|k5 excitement|hybrid_early|a0.9|k5         500       0.00034    -0.00752    0.00776        False     0.86848             0.9321
content_preservation             excitement|dense|k5            excitement|random|k5         500       0.11345     0.09553    0.13165         True     0.00000             0.0000
content_preservation             excitement|dense|k5         excitement|zero_shot|k5         500       0.32866     0.30711    0.34995         True     0.00000             0.0000
content_preservation excitement|hybrid_early|a0.1|k5 excitement|hybrid_early|a0.3|k5         500      -0.04439    -0.05724   -0.03196         True     0.00000             0.0000
content_preservation excitement|hybrid_early|a0.1|k5 excitement|hybrid_early|a0.5|k5         500      -0.07820    -0.09313   -0.06382         True     0.00000             0.0000
content_preservation excitement|hybrid_early|a0.1|k5 excitement|hybrid_early|a0.7|k5         500      -0.10002    -0.11607   -0.08433         True     0.00000             0.0000
content_preservation excitement|hybrid_early|a0.1|k5 excitement|hybrid_early|a0.9|k5         500      -0.11355    -0.12900   -0.09863         True     0.00000             0.0000
content_preservation excitement|hybrid_early|a0.1|k5            excitement|random|k5         500      -0.00044    -0.01580    0.01508        False     0.79424             0.9539
content_preservation excitement|hybrid_early|a0.1|k5         excitement|zero_shot|k5         500       0.21478     0.19266    0.23660         True     0.00000             0.0000
content_preservation excitement|hybrid_early|a0.3|k5 excitement|hybrid_early|a0.5|k5         500      -0.03381    -0.04584   -0.02170         True     0.00000             0.0000
content_preservation excitement|hybrid_early|a0.3|k5 excitement|hybrid_early|a0.7|k5         500      -0.05563    -0.07052   -0.04080         True     0.00000             0.0000
content_preservation excitement|hybrid_early|a0.3|k5 excitement|hybrid_early|a0.9|k5         500      -0.06915    -0.08408   -0.05441         True     0.00000             0.0000
content_preservation excitement|hybrid_early|a0.3|k5            excitement|random|k5         500       0.04396     0.02873    0.05971         True     0.00000             0.0000
content_preservation excitement|hybrid_early|a0.3|k5         excitement|zero_shot|k5         500       0.25917     0.23725    0.28151         True     0.00000             0.0000
content_preservation excitement|hybrid_early|a0.5|k5 excitement|hybrid_early|a0.7|k5         500      -0.02182    -0.03359   -0.00966         True     0.00062             0.0004
content_preservation excitement|hybrid_early|a0.5|k5 excitement|hybrid_early|a0.9|k5         500      -0.03534    -0.04787   -0.02286         True     0.00000             0.0000
content_preservation excitement|hybrid_early|a0.5|k5            excitement|random|k5         500       0.07777     0.06107    0.09497         True     0.00000             0.0000
content_preservation excitement|hybrid_early|a0.5|k5         excitement|zero_shot|k5         500       0.29298     0.27212    0.31391         True     0.00000             0.0000
content_preservation excitement|hybrid_early|a0.7|k5 excitement|hybrid_early|a0.9|k5         500      -0.01352    -0.02433   -0.00268         True     0.03683             0.0173
content_preservation excitement|hybrid_early|a0.7|k5            excitement|random|k5         500       0.09959     0.08177    0.11783         True     0.00000             0.0000
content_preservation excitement|hybrid_early|a0.7|k5         excitement|zero_shot|k5         500       0.31480     0.29350    0.33601         True     0.00000             0.0000
content_preservation excitement|hybrid_early|a0.9|k5            excitement|random|k5         500       0.11311     0.09535    0.13125         True     0.00000             0.0000
content_preservation excitement|hybrid_early|a0.9|k5         excitement|zero_shot|k5         500       0.32832     0.30730    0.34931         True     0.00000             0.0000
content_preservation            excitement|random|k5         excitement|zero_shot|k5         500       0.21522     0.19242    0.23807         True     0.00000             0.0000

Catatan: 'bermakna_95' berarti interval keyakinan 95% selisih berpasangan tidak memuat nol. Bila kolom p_wilcoxon kosong, scipy tidak terpasang dan dipakai uji permutasi tanda.
Hasil disimpan: D:\FILEMAHASISWA\Fikri Hasani Folder\JCCE-First Revision\TABEL_uji_aaker_content_preservation.csv


########## aaker / content_preservation_LaBSE (exit 0) ##########

Metrik: content_preservation_LaBSE | konfigurasi: 20 | pasangan sebanding: 90
100 pasangan lintas target dilewati, karena membandingkan dua target gaya yang berbeda tidak bermakna

                    metrik                   konfigurasi_a                   konfigurasi_b  n_pasangan  selisih_mean  ci95_bawah  ci95_atas  bermakna_95  p_wilcoxon  p_permutasi_tanda
content_preservation_LaBSE              competence|bm25|k5          competence|centroid|k5         500       0.31937     0.29895    0.34004         True     0.00000             0.0000
content_preservation_LaBSE              competence|bm25|k5             competence|dense|k5         500      -0.00586    -0.02209    0.00992        False     0.86732             0.4706
content_preservation_LaBSE              competence|bm25|k5 competence|hybrid_early|a0.1|k5         500       0.28902     0.26859    0.30954         True     0.00000             0.0000
content_preservation_LaBSE              competence|bm25|k5 competence|hybrid_early|a0.3|k5         500       0.21249     0.19313    0.23232         True     0.00000             0.0000
content_preservation_LaBSE              competence|bm25|k5 competence|hybrid_early|a0.5|k5         500       0.04421     0.02679    0.06193         True     0.00000             0.0000
content_preservation_LaBSE              competence|bm25|k5 competence|hybrid_early|a0.7|k5         500      -0.00385    -0.01961    0.01143        False     0.91819             0.6222
content_preservation_LaBSE              competence|bm25|k5 competence|hybrid_early|a0.9|k5         500      -0.00901    -0.02471    0.00688        False     0.71530             0.2677
content_preservation_LaBSE              competence|bm25|k5            competence|random|k5         500       0.03485     0.02030    0.04937         True     0.00000             0.0000
content_preservation_LaBSE              competence|bm25|k5         competence|zero_shot|k5         500       0.22952     0.21073    0.24808         True     0.00000             0.0000
content_preservation_LaBSE          competence|centroid|k5             competence|dense|k5         500      -0.32523    -0.34643   -0.30400         True     0.00000             0.0000
content_preservation_LaBSE          competence|centroid|k5 competence|hybrid_early|a0.1|k5         500      -0.03035    -0.05013   -0.01129         True     0.01522             0.0019
content_preservation_LaBSE          competence|centroid|k5 competence|hybrid_early|a0.3|k5         500      -0.10688    -0.12854   -0.08607         True     0.00000             0.0000
content_preservation_LaBSE          competence|centroid|k5 competence|hybrid_early|a0.5|k5         500      -0.27516    -0.29716   -0.25315         True     0.00000             0.0000
content_preservation_LaBSE          competence|centroid|k5 competence|hybrid_early|a0.7|k5         500      -0.32322    -0.34414   -0.30257         True     0.00000             0.0000
content_preservation_LaBSE          competence|centroid|k5 competence|hybrid_early|a0.9|k5         500      -0.32838    -0.34930   -0.30744         True     0.00000             0.0000
content_preservation_LaBSE          competence|centroid|k5            competence|random|k5         500      -0.28451    -0.30570   -0.26357         True     0.00000             0.0000
content_preservation_LaBSE          competence|centroid|k5         competence|zero_shot|k5         500      -0.08985    -0.11300   -0.06604         True     0.00000             0.0000
content_preservation_LaBSE             competence|dense|k5 competence|hybrid_early|a0.1|k5         500       0.29488     0.27329    0.31596         True     0.00000             0.0000
content_preservation_LaBSE             competence|dense|k5 competence|hybrid_early|a0.3|k5         500       0.21835     0.19789    0.23876         True     0.00000             0.0000
content_preservation_LaBSE             competence|dense|k5 competence|hybrid_early|a0.5|k5         500       0.05007     0.03237    0.06741         True     0.00000             0.0000
content_preservation_LaBSE             competence|dense|k5 competence|hybrid_early|a0.7|k5         500       0.00201    -0.01137    0.01537        False     0.39493             0.7703
content_preservation_LaBSE             competence|dense|k5 competence|hybrid_early|a0.9|k5         500      -0.00315    -0.01356    0.00705        False     0.79045             0.5563
content_preservation_LaBSE             competence|dense|k5            competence|random|k5         500       0.04071     0.02445    0.05679         True     0.00000             0.0000
content_preservation_LaBSE             competence|dense|k5         competence|zero_shot|k5         500       0.23538     0.21706    0.25331         True     0.00000             0.0000
content_preservation_LaBSE competence|hybrid_early|a0.1|k5 competence|hybrid_early|a0.3|k5         500      -0.07653    -0.09562   -0.05750         True     0.00000             0.0000
content_preservation_LaBSE competence|hybrid_early|a0.1|k5 competence|hybrid_early|a0.5|k5         500      -0.24481    -0.26589   -0.22371         True     0.00000             0.0000
content_preservation_LaBSE competence|hybrid_early|a0.1|k5 competence|hybrid_early|a0.7|k5         500      -0.29287    -0.31310   -0.27246         True     0.00000             0.0000
content_preservation_LaBSE competence|hybrid_early|a0.1|k5 competence|hybrid_early|a0.9|k5         500      -0.29802    -0.31882   -0.27719         True     0.00000             0.0000
content_preservation_LaBSE competence|hybrid_early|a0.1|k5            competence|random|k5         500      -0.25416    -0.27466   -0.23364         True     0.00000             0.0000
content_preservation_LaBSE competence|hybrid_early|a0.1|k5         competence|zero_shot|k5         500      -0.05950    -0.08223   -0.03640         True     0.00000             0.0000
content_preservation_LaBSE competence|hybrid_early|a0.3|k5 competence|hybrid_early|a0.5|k5         500      -0.16828    -0.18907   -0.14747         True     0.00000             0.0000
content_preservation_LaBSE competence|hybrid_early|a0.3|k5 competence|hybrid_early|a0.7|k5         500      -0.21634    -0.23611   -0.19687         True     0.00000             0.0000
content_preservation_LaBSE competence|hybrid_early|a0.3|k5 competence|hybrid_early|a0.9|k5         500      -0.22150    -0.24188   -0.20131         True     0.00000             0.0000
content_preservation_LaBSE competence|hybrid_early|a0.3|k5            competence|random|k5         500      -0.17764    -0.19789   -0.15718         True     0.00000             0.0000
content_preservation_LaBSE competence|hybrid_early|a0.3|k5         competence|zero_shot|k5         500       0.01703    -0.00672    0.04035        False     0.11454             0.1610
content_preservation_LaBSE competence|hybrid_early|a0.5|k5 competence|hybrid_early|a0.7|k5         500      -0.04806    -0.06440   -0.03154         True     0.00000             0.0000
content_preservation_LaBSE competence|hybrid_early|a0.5|k5 competence|hybrid_early|a0.9|k5         500      -0.05321    -0.07026   -0.03587         True     0.00000             0.0000
content_preservation_LaBSE competence|hybrid_early|a0.5|k5            competence|random|k5         500      -0.00935    -0.02812    0.00896        False     0.68186             0.3274
content_preservation_LaBSE competence|hybrid_early|a0.5|k5         competence|zero_shot|k5         500       0.18531     0.16473    0.20567         True     0.00000             0.0000
content_preservation_LaBSE competence|hybrid_early|a0.7|k5 competence|hybrid_early|a0.9|k5         500      -0.00516    -0.01741    0.00766        False     0.23051             0.4278
content_preservation_LaBSE competence|hybrid_early|a0.7|k5            competence|random|k5         500       0.03870     0.02205    0.05481         True     0.00002             0.0000
content_preservation_LaBSE competence|hybrid_early|a0.7|k5         competence|zero_shot|k5         500       0.23337     0.21509    0.25129         True     0.00000             0.0000
content_preservation_LaBSE competence|hybrid_early|a0.9|k5            competence|random|k5         500       0.04386     0.02771    0.05988         True     0.00000             0.0000
content_preservation_LaBSE competence|hybrid_early|a0.9|k5         competence|zero_shot|k5         500       0.23853     0.22016    0.25643         True     0.00000             0.0000
content_preservation_LaBSE            competence|random|k5         competence|zero_shot|k5         500       0.19467     0.17539    0.21351         True     0.00000             0.0000
content_preservation_LaBSE              excitement|bm25|k5          excitement|centroid|k5         500       0.04356     0.03054    0.05653         True     0.00000             0.0000
content_preservation_LaBSE              excitement|bm25|k5             excitement|dense|k5         500       0.00195    -0.01328    0.01706        False     0.49376             0.8065
content_preservation_LaBSE              excitement|bm25|k5 excitement|hybrid_early|a0.1|k5         500       0.06873     0.05474    0.08257         True     0.00000             0.0000
content_preservation_LaBSE              excitement|bm25|k5 excitement|hybrid_early|a0.3|k5         500       0.03787     0.02186    0.05318         True     0.00000             0.0000
content_preservation_LaBSE              excitement|bm25|k5 excitement|hybrid_early|a0.5|k5         500       0.01748     0.00205    0.03241         True     0.00279             0.0233
content_preservation_LaBSE              excitement|bm25|k5 excitement|hybrid_early|a0.7|k5         500       0.01479    -0.00140    0.03075        False     0.03512             0.0744
content_preservation_LaBSE              excitement|bm25|k5 excitement|hybrid_early|a0.9|k5         500      -0.00163    -0.01725    0.01358        False     0.60302             0.8424
content_preservation_LaBSE              excitement|bm25|k5            excitement|random|k5         500       0.04887     0.03226    0.06464         True     0.00000             0.0000
content_preservation_LaBSE              excitement|bm25|k5         excitement|zero_shot|k5         500       0.22533     0.20578    0.24461         True     0.00000             0.0000
content_preservation_LaBSE          excitement|centroid|k5             excitement|dense|k5         500      -0.04162    -0.05493   -0.02852         True     0.00000             0.0000
content_preservation_LaBSE          excitement|centroid|k5 excitement|hybrid_early|a0.1|k5         500       0.02517     0.01500    0.03559         True     0.00000             0.0000
content_preservation_LaBSE          excitement|centroid|k5 excitement|hybrid_early|a0.3|k5         500      -0.00569    -0.01910    0.00684        False     0.06285             0.3908
content_preservation_LaBSE          excitement|centroid|k5 excitement|hybrid_early|a0.5|k5         500      -0.02608    -0.03908   -0.01358         True     0.00001             0.0002
content_preservation_LaBSE          excitement|centroid|k5 excitement|hybrid_early|a0.7|k5         500      -0.02877    -0.04250   -0.01516         True     0.00000             0.0000
content_preservation_LaBSE          excitement|centroid|k5 excitement|hybrid_early|a0.9|k5         500      -0.04519    -0.05899   -0.03176         True     0.00000             0.0000
content_preservation_LaBSE          excitement|centroid|k5            excitement|random|k5         500       0.00531    -0.00811    0.01879        False     0.65306             0.4273
content_preservation_LaBSE          excitement|centroid|k5         excitement|zero_shot|k5         500       0.18177     0.16411    0.19914         True     0.00000             0.0000
content_preservation_LaBSE             excitement|dense|k5 excitement|hybrid_early|a0.1|k5         500       0.06678     0.05207    0.08122         True     0.00000             0.0000
content_preservation_LaBSE             excitement|dense|k5 excitement|hybrid_early|a0.3|k5         500       0.03593     0.02020    0.05106         True     0.00000             0.0000
content_preservation_LaBSE             excitement|dense|k5 excitement|hybrid_early|a0.5|k5         500       0.01554     0.00147    0.02976         True     0.00273             0.0314
content_preservation_LaBSE             excitement|dense|k5 excitement|hybrid_early|a0.7|k5         500       0.01284    -0.00001    0.02553        False     0.00927             0.0522
content_preservation_LaBSE             excitement|dense|k5 excitement|hybrid_early|a0.9|k5         500      -0.00358    -0.01236    0.00472        False     0.75544             0.4246
content_preservation_LaBSE             excitement|dense|k5            excitement|random|k5         500       0.04693     0.03001    0.06342         True     0.00000             0.0000
content_preservation_LaBSE             excitement|dense|k5         excitement|zero_shot|k5         500       0.22339     0.20261    0.24417         True     0.00000             0.0000
content_preservation_LaBSE excitement|hybrid_early|a0.1|k5 excitement|hybrid_early|a0.3|k5         500      -0.03086    -0.04390   -0.01810         True     0.00000             0.0000
content_preservation_LaBSE excitement|hybrid_early|a0.1|k5 excitement|hybrid_early|a0.5|k5         500      -0.05125    -0.06600   -0.03698         True     0.00000             0.0000
content_preservation_LaBSE excitement|hybrid_early|a0.1|k5 excitement|hybrid_early|a0.7|k5         500      -0.05394    -0.06876   -0.03905         True     0.00000             0.0000
content_preservation_LaBSE excitement|hybrid_early|a0.1|k5 excitement|hybrid_early|a0.9|k5         500      -0.07036    -0.08487   -0.05565         True     0.00000             0.0000
content_preservation_LaBSE excitement|hybrid_early|a0.1|k5            excitement|random|k5         500      -0.01986    -0.03443   -0.00513         True     0.00047             0.0083
content_preservation_LaBSE excitement|hybrid_early|a0.1|k5         excitement|zero_shot|k5         500       0.15660     0.13776    0.17474         True     0.00000             0.0000
content_preservation_LaBSE excitement|hybrid_early|a0.3|k5 excitement|hybrid_early|a0.5|k5         500      -0.02039    -0.03339   -0.00688         True     0.00027             0.0024
content_preservation_LaBSE excitement|hybrid_early|a0.3|k5 excitement|hybrid_early|a0.7|k5         500      -0.02309    -0.03869   -0.00687         True     0.00008             0.0047
content_preservation_LaBSE excitement|hybrid_early|a0.3|k5 excitement|hybrid_early|a0.9|k5         500      -0.03951    -0.05445   -0.02362         True     0.00000             0.0000
content_preservation_LaBSE excitement|hybrid_early|a0.3|k5            excitement|random|k5         500       0.01100    -0.00496    0.02733        False     0.12813             0.1756
content_preservation_LaBSE excitement|hybrid_early|a0.3|k5         excitement|zero_shot|k5         500       0.18746     0.16768    0.20770         True     0.00000             0.0000
content_preservation_LaBSE excitement|hybrid_early|a0.5|k5 excitement|hybrid_early|a0.7|k5         500      -0.00269    -0.01493    0.00984        False     0.73577             0.6707
content_preservation_LaBSE excitement|hybrid_early|a0.5|k5 excitement|hybrid_early|a0.9|k5         500      -0.01911    -0.03239   -0.00568         True     0.00424             0.0061
content_preservation_LaBSE excitement|hybrid_early|a0.5|k5            excitement|random|k5         500       0.03139     0.01564    0.04708         True     0.00096             0.0001
content_preservation_LaBSE excitement|hybrid_early|a0.5|k5         excitement|zero_shot|k5         500       0.20785     0.18872    0.22683         True     0.00000             0.0000
content_preservation_LaBSE excitement|hybrid_early|a0.7|k5 excitement|hybrid_early|a0.9|k5         500      -0.01642    -0.02799   -0.00507         True     0.00596             0.0053
content_preservation_LaBSE excitement|hybrid_early|a0.7|k5            excitement|random|k5         500       0.03408     0.01760    0.05041         True     0.00001             0.0001
content_preservation_LaBSE excitement|hybrid_early|a0.7|k5         excitement|zero_shot|k5         500       0.21054     0.19104    0.23020         True     0.00000             0.0000
content_preservation_LaBSE excitement|hybrid_early|a0.9|k5            excitement|random|k5         500       0.05051     0.03368    0.06729         True     0.00000             0.0000
content_preservation_LaBSE excitement|hybrid_early|a0.9|k5         excitement|zero_shot|k5         500       0.22697     0.20715    0.24713         True     0.00000             0.0000
content_preservation_LaBSE            excitement|random|k5         excitement|zero_shot|k5         500       0.17646     0.15671    0.19587         True     0.00000             0.0000

Catatan: 'bermakna_95' berarti interval keyakinan 95% selisih berpasangan tidak memuat nol. Bila kolom p_wilcoxon kosong, scipy tidak terpasang dan dipakai uji permutasi tanda.
Hasil disimpan: D:\FILEMAHASISWA\Fikri Hasani Folder\JCCE-First Revision\TABEL_uji_aaker_content_preservation_LaBSE.csv


########## aaker / content_preservation_mE5 (exit 0) ##########

Metrik: content_preservation_mE5 | konfigurasi: 20 | pasangan sebanding: 90
100 pasangan lintas target dilewati, karena membandingkan dua target gaya yang berbeda tidak bermakna

                  metrik                   konfigurasi_a                   konfigurasi_b  n_pasangan  selisih_mean  ci95_bawah  ci95_atas  bermakna_95  p_wilcoxon  p_permutasi_tanda
content_preservation_mE5              competence|bm25|k5          competence|centroid|k5         500       0.06474     0.05980    0.06975         True     0.00000             0.0000
content_preservation_mE5              competence|bm25|k5             competence|dense|k5         500      -0.00370    -0.00766    0.00021        False     0.59654             0.0634
content_preservation_mE5              competence|bm25|k5 competence|hybrid_early|a0.1|k5         500       0.06089     0.05558    0.06629         True     0.00000             0.0000
content_preservation_mE5              competence|bm25|k5 competence|hybrid_early|a0.3|k5         500       0.04324     0.03833    0.04830         True     0.00000             0.0000
content_preservation_mE5              competence|bm25|k5 competence|hybrid_early|a0.5|k5         500       0.00775     0.00338    0.01221         True     0.00005             0.0009
content_preservation_mE5              competence|bm25|k5 competence|hybrid_early|a0.7|k5         500      -0.00320    -0.00723    0.00081        False     0.38426             0.1113
content_preservation_mE5              competence|bm25|k5 competence|hybrid_early|a0.9|k5         500      -0.00482    -0.00879   -0.00085         True     0.30407             0.0187
content_preservation_mE5              competence|bm25|k5            competence|random|k5         500       0.01132     0.00778    0.01481         True     0.00000             0.0000
content_preservation_mE5              competence|bm25|k5         competence|zero_shot|k5         500       0.06856     0.06345    0.07354         True     0.00000             0.0000
content_preservation_mE5          competence|centroid|k5             competence|dense|k5         500      -0.06844    -0.07377   -0.06311         True     0.00000             0.0000
content_preservation_mE5          competence|centroid|k5 competence|hybrid_early|a0.1|k5         500      -0.00385    -0.00914    0.00127        False     0.75968             0.1468
content_preservation_mE5          competence|centroid|k5 competence|hybrid_early|a0.3|k5         500      -0.02150    -0.02724   -0.01595         True     0.00000             0.0000
content_preservation_mE5          competence|centroid|k5 competence|hybrid_early|a0.5|k5         500      -0.05699    -0.06245   -0.05177         True     0.00000             0.0000
content_preservation_mE5          competence|centroid|k5 competence|hybrid_early|a0.7|k5         500      -0.06794    -0.07329   -0.06284         True     0.00000             0.0000
content_preservation_mE5          competence|centroid|k5 competence|hybrid_early|a0.9|k5         500      -0.06956    -0.07494   -0.06421         True     0.00000             0.0000
content_preservation_mE5          competence|centroid|k5            competence|random|k5         500      -0.05342    -0.05848   -0.04836         True     0.00000             0.0000
content_preservation_mE5          competence|centroid|k5         competence|zero_shot|k5         500       0.00382    -0.00211    0.00974        False     0.31961             0.2091
content_preservation_mE5             competence|dense|k5 competence|hybrid_early|a0.1|k5         500       0.06459     0.05888    0.07018         True     0.00000             0.0000
content_preservation_mE5             competence|dense|k5 competence|hybrid_early|a0.3|k5         500       0.04695     0.04179    0.05210         True     0.00000             0.0000
content_preservation_mE5             competence|dense|k5 competence|hybrid_early|a0.5|k5         500       0.01145     0.00718    0.01565         True     0.00000             0.0000
content_preservation_mE5             competence|dense|k5 competence|hybrid_early|a0.7|k5         500       0.00050    -0.00293    0.00395        False     0.73002             0.7743
content_preservation_mE5             competence|dense|k5 competence|hybrid_early|a0.9|k5         500      -0.00112    -0.00374    0.00139        False     0.96431             0.3882
content_preservation_mE5             competence|dense|k5            competence|random|k5         500       0.01503     0.01092    0.01902         True     0.00000             0.0000
content_preservation_mE5             competence|dense|k5         competence|zero_shot|k5         500       0.07227     0.06739    0.07690         True     0.00000             0.0000
content_preservation_mE5 competence|hybrid_early|a0.1|k5 competence|hybrid_early|a0.3|k5         500      -0.01764    -0.02284   -0.01240         True     0.00000             0.0000
content_preservation_mE5 competence|hybrid_early|a0.1|k5 competence|hybrid_early|a0.5|k5         500      -0.05314    -0.05861   -0.04762         True     0.00000             0.0000
content_preservation_mE5 competence|hybrid_early|a0.1|k5 competence|hybrid_early|a0.7|k5         500      -0.06409    -0.06941   -0.05866         True     0.00000             0.0000
content_preservation_mE5 competence|hybrid_early|a0.1|k5 competence|hybrid_early|a0.9|k5         500      -0.06571    -0.07113   -0.06020         True     0.00000             0.0000
content_preservation_mE5 competence|hybrid_early|a0.1|k5            competence|random|k5         500      -0.04956    -0.05483   -0.04439         True     0.00000             0.0000
content_preservation_mE5 competence|hybrid_early|a0.1|k5         competence|zero_shot|k5         500       0.00768     0.00161    0.01367         True     0.02055             0.0124
content_preservation_mE5 competence|hybrid_early|a0.3|k5 competence|hybrid_early|a0.5|k5         500      -0.03550    -0.04085   -0.03012         True     0.00000             0.0000
content_preservation_mE5 competence|hybrid_early|a0.3|k5 competence|hybrid_early|a0.7|k5         500      -0.04645    -0.05154   -0.04135         True     0.00000             0.0000
content_preservation_mE5 competence|hybrid_early|a0.3|k5 competence|hybrid_early|a0.9|k5         500      -0.04807    -0.05333   -0.04281         True     0.00000             0.0000
content_preservation_mE5 competence|hybrid_early|a0.3|k5            competence|random|k5         500      -0.03192    -0.03706   -0.02678         True     0.00000             0.0000
content_preservation_mE5 competence|hybrid_early|a0.3|k5         competence|zero_shot|k5         500       0.02532     0.01911    0.03142         True     0.00000             0.0000
content_preservation_mE5 competence|hybrid_early|a0.5|k5 competence|hybrid_early|a0.7|k5         500      -0.01095    -0.01495   -0.00686         True     0.00000             0.0000
content_preservation_mE5 competence|hybrid_early|a0.5|k5 competence|hybrid_early|a0.9|k5         500      -0.01257    -0.01676   -0.00831         True     0.00000             0.0000
content_preservation_mE5 competence|hybrid_early|a0.5|k5            competence|random|k5         500       0.00357    -0.00095    0.00807        False     0.06552             0.1209
content_preservation_mE5 competence|hybrid_early|a0.5|k5         competence|zero_shot|k5         500       0.06082     0.05557    0.06616         True     0.00000             0.0000
content_preservation_mE5 competence|hybrid_early|a0.7|k5 competence|hybrid_early|a0.9|k5         500      -0.00162    -0.00486    0.00165        False     0.11087             0.3270
content_preservation_mE5 competence|hybrid_early|a0.7|k5            competence|random|k5         500       0.01452     0.01025    0.01871         True     0.00000             0.0000
content_preservation_mE5 competence|hybrid_early|a0.7|k5         competence|zero_shot|k5         500       0.07177     0.06700    0.07647         True     0.00000             0.0000
content_preservation_mE5 competence|hybrid_early|a0.9|k5            competence|random|k5         500       0.01615     0.01200    0.02026         True     0.00000             0.0000
content_preservation_mE5 competence|hybrid_early|a0.9|k5         competence|zero_shot|k5         500       0.07339     0.06857    0.07810         True     0.00000             0.0000
content_preservation_mE5            competence|random|k5         competence|zero_shot|k5         500       0.05724     0.05222    0.06213         True     0.00000             0.0000
content_preservation_mE5              excitement|bm25|k5          excitement|centroid|k5         500       0.01517     0.01188    0.01848         True     0.00000             0.0000
content_preservation_mE5              excitement|bm25|k5             excitement|dense|k5         500      -0.00034    -0.00431    0.00358        False     0.86294             0.8687
content_preservation_mE5              excitement|bm25|k5 excitement|hybrid_early|a0.1|k5         500       0.01739     0.01377    0.02096         True     0.00000             0.0000
content_preservation_mE5              excitement|bm25|k5 excitement|hybrid_early|a0.3|k5         500       0.01026     0.00625    0.01417         True     0.00000             0.0000
content_preservation_mE5              excitement|bm25|k5 excitement|hybrid_early|a0.5|k5         500       0.00507     0.00102    0.00903         True     0.00135             0.0160
content_preservation_mE5              excitement|bm25|k5 excitement|hybrid_early|a0.7|k5         500       0.00370    -0.00053    0.00783        False     0.15400             0.0848
content_preservation_mE5              excitement|bm25|k5 excitement|hybrid_early|a0.9|k5         500      -0.00004    -0.00403    0.00392        False     0.76057             0.9854
content_preservation_mE5              excitement|bm25|k5            excitement|random|k5         500       0.01751     0.01334    0.02167         True     0.00000             0.0000
content_preservation_mE5              excitement|bm25|k5         excitement|zero_shot|k5         500       0.07071     0.06556    0.07576         True     0.00000             0.0000
content_preservation_mE5          excitement|centroid|k5             excitement|dense|k5         500      -0.01551    -0.01917   -0.01197         True     0.00000             0.0000
content_preservation_mE5          excitement|centroid|k5 excitement|hybrid_early|a0.1|k5         500       0.00222    -0.00077    0.00516        False     0.29323             0.1406
content_preservation_mE5          excitement|centroid|k5 excitement|hybrid_early|a0.3|k5         500      -0.00492    -0.00842   -0.00152         True     0.00261             0.0057
content_preservation_mE5          excitement|centroid|k5 excitement|hybrid_early|a0.5|k5         500      -0.01010    -0.01359   -0.00672         True     0.00000             0.0000
content_preservation_mE5          excitement|centroid|k5 excitement|hybrid_early|a0.7|k5         500      -0.01147    -0.01523   -0.00786         True     0.00000             0.0000
content_preservation_mE5          excitement|centroid|k5 excitement|hybrid_early|a0.9|k5         500      -0.01521    -0.01885   -0.01169         True     0.00000             0.0000
content_preservation_mE5          excitement|centroid|k5            excitement|random|k5         500       0.00233    -0.00119    0.00585        False     0.27046             0.1881
content_preservation_mE5          excitement|centroid|k5         excitement|zero_shot|k5         500       0.05553     0.05090    0.06016         True     0.00000             0.0000
content_preservation_mE5             excitement|dense|k5 excitement|hybrid_early|a0.1|k5         500       0.01773     0.01397    0.02156         True     0.00000             0.0000
content_preservation_mE5             excitement|dense|k5 excitement|hybrid_early|a0.3|k5         500       0.01059     0.00669    0.01446         True     0.00000             0.0000
content_preservation_mE5             excitement|dense|k5 excitement|hybrid_early|a0.5|k5         500       0.00541     0.00192    0.00897         True     0.00081             0.0033
content_preservation_mE5             excitement|dense|k5 excitement|hybrid_early|a0.7|k5         500       0.00404     0.00062    0.00741         True     0.03000             0.0231
content_preservation_mE5             excitement|dense|k5 excitement|hybrid_early|a0.9|k5         500       0.00030    -0.00196    0.00252        False     0.64113             0.7894
content_preservation_mE5             excitement|dense|k5            excitement|random|k5         500       0.01784     0.01351    0.02215         True     0.00000             0.0000
content_preservation_mE5             excitement|dense|k5         excitement|zero_shot|k5         500       0.07104     0.06578    0.07645         True     0.00000             0.0000
content_preservation_mE5 excitement|hybrid_early|a0.1|k5 excitement|hybrid_early|a0.3|k5         500      -0.00713    -0.01070   -0.00370         True     0.00000             0.0000
content_preservation_mE5 excitement|hybrid_early|a0.1|k5 excitement|hybrid_early|a0.5|k5         500      -0.01232    -0.01620   -0.00852         True     0.00000             0.0000
content_preservation_mE5 excitement|hybrid_early|a0.1|k5 excitement|hybrid_early|a0.7|k5         500      -0.01369    -0.01748   -0.00992         True     0.00000             0.0000
content_preservation_mE5 excitement|hybrid_early|a0.1|k5 excitement|hybrid_early|a0.9|k5         500      -0.01743    -0.02116   -0.01379         True     0.00000             0.0000
content_preservation_mE5 excitement|hybrid_early|a0.1|k5            excitement|random|k5         500       0.00012    -0.00371    0.00398        False     0.97433             0.9523
content_preservation_mE5 excitement|hybrid_early|a0.1|k5         excitement|zero_shot|k5         500       0.05332     0.04832    0.05818         True     0.00000             0.0000
content_preservation_mE5 excitement|hybrid_early|a0.3|k5 excitement|hybrid_early|a0.5|k5         500      -0.00519    -0.00858   -0.00181         True     0.00128             0.0033
content_preservation_mE5 excitement|hybrid_early|a0.3|k5 excitement|hybrid_early|a0.7|k5         500      -0.00656    -0.01055   -0.00245         True     0.00027             0.0011
content_preservation_mE5 excitement|hybrid_early|a0.3|k5 excitement|hybrid_early|a0.9|k5         500      -0.01030    -0.01404   -0.00642         True     0.00000             0.0000
content_preservation_mE5 excitement|hybrid_early|a0.3|k5            excitement|random|k5         500       0.00725     0.00330    0.01126         True     0.00011             0.0002
content_preservation_mE5 excitement|hybrid_early|a0.3|k5         excitement|zero_shot|k5         500       0.06045     0.05527    0.06573         True     0.00000             0.0000
content_preservation_mE5 excitement|hybrid_early|a0.5|k5 excitement|hybrid_early|a0.7|k5         500      -0.00137    -0.00458    0.00194        False     0.28605             0.4088
content_preservation_mE5 excitement|hybrid_early|a0.5|k5 excitement|hybrid_early|a0.9|k5         500      -0.00511    -0.00848   -0.00173         True     0.00498             0.0030
content_preservation_mE5 excitement|hybrid_early|a0.5|k5            excitement|random|k5         500       0.01243     0.00819    0.01669         True     0.00000             0.0000
content_preservation_mE5 excitement|hybrid_early|a0.5|k5         excitement|zero_shot|k5         500       0.06564     0.06064    0.07064         True     0.00000             0.0000
content_preservation_mE5 excitement|hybrid_early|a0.7|k5 excitement|hybrid_early|a0.9|k5         500      -0.00374    -0.00691   -0.00064         True     0.02802             0.0209
content_preservation_mE5 excitement|hybrid_early|a0.7|k5            excitement|random|k5         500       0.01381     0.00944    0.01823         True     0.00000             0.0000
content_preservation_mE5 excitement|hybrid_early|a0.7|k5         excitement|zero_shot|k5         500       0.06701     0.06181    0.07210         True     0.00000             0.0000
content_preservation_mE5 excitement|hybrid_early|a0.9|k5            excitement|random|k5         500       0.01754     0.01317    0.02192         True     0.00000             0.0000
content_preservation_mE5 excitement|hybrid_early|a0.9|k5         excitement|zero_shot|k5         500       0.07075     0.06555    0.07603         True     0.00000             0.0000
content_preservation_mE5            excitement|random|k5         excitement|zero_shot|k5         500       0.05320     0.04794    0.05835         True     0.00000             0.0000

Catatan: 'bermakna_95' berarti interval keyakinan 95% selisih berpasangan tidak memuat nol. Bila kolom p_wilcoxon kosong, scipy tidak terpasang dan dipakai uji permutasi tanda.
Hasil disimpan: D:\FILEMAHASISWA\Fikri Hasani Folder\JCCE-First Revision\TABEL_uji_aaker_content_preservation_mE5.csv


########## aaker / replication_rate_8 (exit 0) ##########

Metrik: replication_rate_8 | konfigurasi: 20 | pasangan sebanding: 90
100 pasangan lintas target dilewati, karena membandingkan dua target gaya yang berbeda tidak bermakna

            metrik                   konfigurasi_a                   konfigurasi_b  n_pasangan  selisih_mean  ci95_bawah  ci95_atas  bermakna_95  p_wilcoxon  p_permutasi_tanda
replication_rate_8              competence|bm25|k5          competence|centroid|k5         500      -0.15738    -0.17806   -0.13662         True     0.00000             0.0000
replication_rate_8              competence|bm25|k5             competence|dense|k5         500       0.02148     0.00952    0.03433         True     0.00059             0.0006
replication_rate_8              competence|bm25|k5 competence|hybrid_early|a0.1|k5         500      -0.30800    -0.33963   -0.27696         True     0.00000             0.0000
replication_rate_8              competence|bm25|k5 competence|hybrid_early|a0.3|k5         500      -0.18943    -0.21725   -0.16241         True     0.00000             0.0000
replication_rate_8              competence|bm25|k5 competence|hybrid_early|a0.5|k5         500      -0.02402    -0.04224   -0.00607         True     0.01038             0.0088
replication_rate_8              competence|bm25|k5 competence|hybrid_early|a0.7|k5         500       0.01202    -0.00284    0.02711        False     0.07081             0.1161
replication_rate_8              competence|bm25|k5 competence|hybrid_early|a0.9|k5         500       0.02203     0.00985    0.03502         True     0.00017             0.0007
replication_rate_8              competence|bm25|k5            competence|random|k5         500       0.02127     0.00797    0.03485         True     0.00022             0.0014
replication_rate_8              competence|bm25|k5         competence|zero_shot|k5         500       0.03061     0.01994    0.04283         True     0.00000             0.0000
replication_rate_8          competence|centroid|k5             competence|dense|k5         500       0.17886     0.15955    0.19895         True     0.00000             0.0000
replication_rate_8          competence|centroid|k5 competence|hybrid_early|a0.1|k5         500      -0.15062    -0.18477   -0.11646         True     0.00000             0.0000
replication_rate_8          competence|centroid|k5 competence|hybrid_early|a0.3|k5         500      -0.03206    -0.06357   -0.00078         True     0.44873             0.0404
replication_rate_8          competence|centroid|k5 competence|hybrid_early|a0.5|k5         500       0.13336     0.10964    0.15697         True     0.00000             0.0000
replication_rate_8          competence|centroid|k5 competence|hybrid_early|a0.7|k5         500       0.16939     0.14815    0.19112         True     0.00000             0.0000
replication_rate_8          competence|centroid|k5 competence|hybrid_early|a0.9|k5         500       0.17940     0.16002    0.19964         True     0.00000             0.0000
replication_rate_8          competence|centroid|k5            competence|random|k5         500       0.17864     0.15864    0.19896         True     0.00000             0.0000
replication_rate_8          competence|centroid|k5         competence|zero_shot|k5         500       0.18799     0.16982    0.20702         True     0.00000             0.0000
replication_rate_8             competence|dense|k5 competence|hybrid_early|a0.1|k5         500      -0.32948    -0.36114   -0.29828         True     0.00000             0.0000
replication_rate_8             competence|dense|k5 competence|hybrid_early|a0.3|k5         500      -0.21092    -0.23894   -0.18379         True     0.00000             0.0000
replication_rate_8             competence|dense|k5 competence|hybrid_early|a0.5|k5         500      -0.04550    -0.06239   -0.02943         True     0.00000             0.0000
replication_rate_8             competence|dense|k5 competence|hybrid_early|a0.7|k5         500      -0.00947    -0.02099    0.00142        False     0.09805             0.1031
replication_rate_8             competence|dense|k5 competence|hybrid_early|a0.9|k5         500       0.00054    -0.00628    0.00730        False     0.80677             0.8823
replication_rate_8             competence|dense|k5            competence|random|k5         500      -0.00022    -0.00990    0.00917        False     0.81984             0.9685
replication_rate_8             competence|dense|k5         competence|zero_shot|k5         500       0.00913     0.00350    0.01604         True     0.00147             0.0003
replication_rate_8 competence|hybrid_early|a0.1|k5 competence|hybrid_early|a0.3|k5         500       0.11856     0.08551    0.15159         True     0.00000             0.0000
replication_rate_8 competence|hybrid_early|a0.1|k5 competence|hybrid_early|a0.5|k5         500       0.28398     0.25137    0.31706         True     0.00000             0.0000
replication_rate_8 competence|hybrid_early|a0.1|k5 competence|hybrid_early|a0.7|k5         500       0.32001     0.28860    0.35151         True     0.00000             0.0000
replication_rate_8 competence|hybrid_early|a0.1|k5 competence|hybrid_early|a0.9|k5         500       0.33002     0.29885    0.36133         True     0.00000             0.0000
replication_rate_8 competence|hybrid_early|a0.1|k5            competence|random|k5         500       0.32926     0.29819    0.36049         True     0.00000             0.0000
replication_rate_8 competence|hybrid_early|a0.1|k5         competence|zero_shot|k5         500       0.33861     0.30846    0.36905         True     0.00000             0.0000
replication_rate_8 competence|hybrid_early|a0.3|k5 competence|hybrid_early|a0.5|k5         500       0.16542     0.13683    0.19428         True     0.00000             0.0000
replication_rate_8 competence|hybrid_early|a0.3|k5 competence|hybrid_early|a0.7|k5         500       0.20145     0.17409    0.22947         True     0.00000             0.0000
replication_rate_8 competence|hybrid_early|a0.3|k5 competence|hybrid_early|a0.9|k5         500       0.21146     0.18467    0.23915         True     0.00000             0.0000
replication_rate_8 competence|hybrid_early|a0.3|k5            competence|random|k5         500       0.21070     0.18318    0.23891         True     0.00000             0.0000
replication_rate_8 competence|hybrid_early|a0.3|k5         competence|zero_shot|k5         500       0.22005     0.19345    0.24746         True     0.00000             0.0000
replication_rate_8 competence|hybrid_early|a0.5|k5 competence|hybrid_early|a0.7|k5         500       0.03603     0.01900    0.05330         True     0.00000             0.0000
replication_rate_8 competence|hybrid_early|a0.5|k5 competence|hybrid_early|a0.9|k5         500       0.04604     0.02991    0.06304         True     0.00000             0.0000
replication_rate_8 competence|hybrid_early|a0.5|k5            competence|random|k5         500       0.04528     0.02958    0.06186         True     0.00000             0.0000
replication_rate_8 competence|hybrid_early|a0.5|k5         competence|zero_shot|k5         500       0.05463     0.04003    0.07035         True     0.00000             0.0000
replication_rate_8 competence|hybrid_early|a0.7|k5 competence|hybrid_early|a0.9|k5         500       0.01001    -0.00093    0.02146        False     0.04532             0.0796
replication_rate_8 competence|hybrid_early|a0.7|k5            competence|random|k5         500       0.00925    -0.00206    0.02083        False     0.09125             0.1231
replication_rate_8 competence|hybrid_early|a0.7|k5         competence|zero_shot|k5         500       0.01860     0.01002    0.02847         True     0.00001             0.0000
replication_rate_8 competence|hybrid_early|a0.9|k5            competence|random|k5         500      -0.00076    -0.01047    0.00869        False     0.90358             0.8824
replication_rate_8 competence|hybrid_early|a0.9|k5         competence|zero_shot|k5         500       0.00859     0.00285    0.01565         True     0.00333             0.0010
replication_rate_8            competence|random|k5         competence|zero_shot|k5         500       0.00935     0.00343    0.01691         True     0.00065             0.0001
replication_rate_8              excitement|bm25|k5          excitement|centroid|k5         500       0.02113     0.01234    0.03069         True     0.00000             0.0000
replication_rate_8              excitement|bm25|k5             excitement|dense|k5         500      -0.00215    -0.01532    0.01089        False     0.89921             0.7555
replication_rate_8              excitement|bm25|k5 excitement|hybrid_early|a0.1|k5         500      -0.00506    -0.01775    0.00695        False     0.50784             0.4226
replication_rate_8              excitement|bm25|k5 excitement|hybrid_early|a0.3|k5         500      -0.01156    -0.02591    0.00251        False     0.20692             0.1164
replication_rate_8              excitement|bm25|k5 excitement|hybrid_early|a0.5|k5         500      -0.00520    -0.01854    0.00731        False     0.51519             0.4251
replication_rate_8              excitement|bm25|k5 excitement|hybrid_early|a0.7|k5         500      -0.01385    -0.02916    0.00079        False     0.11507             0.0693
replication_rate_8              excitement|bm25|k5 excitement|hybrid_early|a0.9|k5         500      -0.00495    -0.01828    0.00793        False     0.48797             0.4595
replication_rate_8              excitement|bm25|k5            excitement|random|k5         500       0.02162     0.01293    0.03116         True     0.00000             0.0000
replication_rate_8              excitement|bm25|k5         excitement|zero_shot|k5         500       0.02271     0.01428    0.03215         True     0.00000             0.0000
replication_rate_8          excitement|centroid|k5             excitement|dense|k5         500      -0.02328    -0.03421   -0.01328         True     0.00000             0.0000
replication_rate_8          excitement|centroid|k5 excitement|hybrid_early|a0.1|k5         500      -0.02619    -0.03757   -0.01602         True     0.00000             0.0000
replication_rate_8          excitement|centroid|k5 excitement|hybrid_early|a0.3|k5         500      -0.03269    -0.04596   -0.02072         True     0.00000             0.0000
replication_rate_8          excitement|centroid|k5 excitement|hybrid_early|a0.5|k5         500      -0.02632    -0.03734   -0.01649         True     0.00000             0.0000
replication_rate_8          excitement|centroid|k5 excitement|hybrid_early|a0.7|k5         500      -0.03497    -0.04859   -0.02287         True     0.00000             0.0000
replication_rate_8          excitement|centroid|k5 excitement|hybrid_early|a0.9|k5         500      -0.02607    -0.03728   -0.01570         True     0.00000             0.0000
replication_rate_8          excitement|centroid|k5            excitement|random|k5         500       0.00049    -0.00290    0.00408        False     0.34523             0.5631
replication_rate_8          excitement|centroid|k5         excitement|zero_shot|k5         500       0.00158     0.00005    0.00437         True     0.06789             0.1252
replication_rate_8             excitement|dense|k5 excitement|hybrid_early|a0.1|k5         500      -0.00291    -0.01715    0.01140        False     0.35541             0.6984
replication_rate_8             excitement|dense|k5 excitement|hybrid_early|a0.3|k5         500      -0.00941    -0.02490    0.00565        False     0.16740             0.2285
replication_rate_8             excitement|dense|k5 excitement|hybrid_early|a0.5|k5         500      -0.00304    -0.01617    0.01021        False     0.51544             0.6634
replication_rate_8             excitement|dense|k5 excitement|hybrid_early|a0.7|k5         500      -0.01170    -0.02373   -0.00045         True     0.05842             0.0479
replication_rate_8             excitement|dense|k5 excitement|hybrid_early|a0.9|k5         500      -0.00280    -0.01234    0.00659        False     0.41060             0.5752
replication_rate_8             excitement|dense|k5            excitement|random|k5         500       0.02377     0.01388    0.03485         True     0.00000             0.0000
replication_rate_8             excitement|dense|k5         excitement|zero_shot|k5         500       0.02486     0.01533    0.03567         True     0.00000             0.0000
replication_rate_8 excitement|hybrid_early|a0.1|k5 excitement|hybrid_early|a0.3|k5         500      -0.00650    -0.02257    0.00936        False     0.50538             0.4307
replication_rate_8 excitement|hybrid_early|a0.1|k5 excitement|hybrid_early|a0.5|k5         500      -0.00014    -0.01409    0.01374        False     0.73562             0.9868
replication_rate_8 excitement|hybrid_early|a0.1|k5 excitement|hybrid_early|a0.7|k5         500      -0.00879    -0.02486    0.00660        False     0.31478             0.2828
replication_rate_8 excitement|hybrid_early|a0.1|k5 excitement|hybrid_early|a0.9|k5         500       0.00011    -0.01401    0.01424        False     0.91532             0.9891
replication_rate_8 excitement|hybrid_early|a0.1|k5            excitement|random|k5         500       0.02668     0.01664    0.03800         True     0.00000             0.0000
replication_rate_8 excitement|hybrid_early|a0.1|k5         excitement|zero_shot|k5         500       0.02777     0.01798    0.03902         True     0.00000             0.0000
replication_rate_8 excitement|hybrid_early|a0.3|k5 excitement|hybrid_early|a0.5|k5         500       0.00637    -0.00568    0.01906        False     0.40769             0.3108
replication_rate_8 excitement|hybrid_early|a0.3|k5 excitement|hybrid_early|a0.7|k5         500      -0.00228    -0.01894    0.01394        False     0.77807             0.7854
replication_rate_8 excitement|hybrid_early|a0.3|k5 excitement|hybrid_early|a0.9|k5         500       0.00662    -0.00904    0.02234        False     0.51431             0.4159
replication_rate_8 excitement|hybrid_early|a0.3|k5            excitement|random|k5         500       0.03318     0.02148    0.04641         True     0.00000             0.0000
replication_rate_8 excitement|hybrid_early|a0.3|k5         excitement|zero_shot|k5         500       0.03427     0.02270    0.04727         True     0.00000             0.0000
replication_rate_8 excitement|hybrid_early|a0.5|k5 excitement|hybrid_early|a0.7|k5         500      -0.00865    -0.02249    0.00488        False     0.22362             0.2244
replication_rate_8 excitement|hybrid_early|a0.5|k5 excitement|hybrid_early|a0.9|k5         500       0.00025    -0.01358    0.01396        False     0.75700             0.9722
replication_rate_8 excitement|hybrid_early|a0.5|k5            excitement|random|k5         500       0.02681     0.01697    0.03777         True     0.00000             0.0000
replication_rate_8 excitement|hybrid_early|a0.5|k5         excitement|zero_shot|k5         500       0.02790     0.01847    0.03870         True     0.00000             0.0000
replication_rate_8 excitement|hybrid_early|a0.7|k5 excitement|hybrid_early|a0.9|k5         500       0.00890    -0.00158    0.02028        False     0.16305             0.1082
replication_rate_8 excitement|hybrid_early|a0.7|k5            excitement|random|k5         500       0.03546     0.02329    0.04882         True     0.00000             0.0000
replication_rate_8 excitement|hybrid_early|a0.7|k5         excitement|zero_shot|k5         500       0.03655     0.02479    0.04975         True     0.00000             0.0000
replication_rate_8 excitement|hybrid_early|a0.9|k5            excitement|random|k5         500       0.02656     0.01633    0.03774         True     0.00000             0.0000
replication_rate_8 excitement|hybrid_early|a0.9|k5         excitement|zero_shot|k5         500       0.02765     0.01779    0.03858         True     0.00000             0.0000
replication_rate_8            excitement|random|k5         excitement|zero_shot|k5         500       0.00109     0.00000    0.00327        False     0.31731             1.0000

Catatan: 'bermakna_95' berarti interval keyakinan 95% selisih berpasangan tidak memuat nol. Bila kolom p_wilcoxon kosong, scipy tidak terpasang dan dipakai uji permutasi tanda.
Hasil disimpan: D:\FILEMAHASISWA\Fikri Hasani Folder\JCCE-First Revision\TABEL_uji_aaker_replication_rate_8.csv
