model_id,original_style,style_target,retrieval_method,alpha,original_message,paraphrased_message,is_human_eval,sample_index,sample_seed,run_seed,retrieved_exemplars,retrieval_fallback,n_exemplars,prompt_chars,output_tokens,eos_reached,output_chars
google/gemma-3-4b-it,formal,informal,hybrid_early,0.1,"akun saya sudah premium , tolong cashback yang seharusnya saya dapat untuk transaksi tanggal xxxdatexxx segera dikreditkan .","“akun premium gue nih, tolong cashbacknya buat transaksi tanggal xxxdatexxx di-credit ya, dong.”",False,0,4200000,42,"[""grab paket hemat saya billingnya itu tgl xxxnumberxxx juli xxxnumberxxx sekarang aja udh agustus kok subscribe nya masih aktif ya ?"", ""malam , mohon info paket saya sejak tanggal xxxnumberxxx tertahan dgn status itu . blm terkirim sampai sekarang , ada apa ya ?"", ""maaf min mau nanya apakah bener ini nomor dari gojek ? + xxxnumberxxx"", ""dear indosat , sy mau isi paketan , tetapi kenapa tidak bisa ya , sudah sejak jam xxxnumberxxx tadi , pulsa sdh masuk tapi tdk bisa aktip"", ""hai jnt xxxuserxxx mau tanya dong kenapa paket yg saya kirim masih gini aja ya mohon pencerahannya""]",False,5,1546,25,False,96
google/gemma-3-4b-it,formal,informal,hybrid_early,0.1,"halo , tolong balas pesan saya admin .","hai admin, tolong balas pesen saya ya",False,2,4200001,42,"[""malam , mohon info paket saya sejak tanggal xxxnumberxxx tertahan dgn status itu . blm terkirim sampai sekarang , ada apa ya ?"", ""maaf min mau nanya apakah bener ini nomor dari gojek ? + xxxnumberxxx"", ""saya mau tanya , ini saya mau beli paket yellow kenapa sama xxxnumberxxx tidak direspon / tidak dibalas"", ""halo min saldo ovo ga muncul di grab , padahal nomor hp sudah sama . tolong cek dm ya min"", ""hai jnt xxxuserxxx mau tanya dong kenapa paket yg saya kirim masih gini aja ya mohon pencerahannya""]",False,5,1384,12,False,37
google/gemma-3-4b-it,formal,informal,hybrid_early,0.1,ayo semua pelanggan indosat yang suka terpotong pulsanya atau sinyal jelek . ayo pindah ke xxxuserxxx . mari - mari .,"“buat semua pelanggan indosat yang pulsanya sering dipotong atau sinyalnya jelek, coba beralih ke @xxxuserxxx ya, mari-mari.”",False,4,4200002,42,"[""tolong dong xxxuserxxx dari kmaren sore jaringan nya full tapi nggak nyambung ke internet padahal kuota dah lumayan banyak"", ""dear indosat , sy mau isi paketan , tetapi kenapa tidak bisa ya , sudah sejak jam xxxnumberxxx tadi , pulsa sdh masuk tapi tdk bisa aktip"", ""ini kenapa lagi ya mau perpanjang internet ga bisa ? xxxnumberxxx juga ga bisa ?"", ""cek dm coba xxxuserxxx dari tadi komplen ngga ada respon , pulsa udah kepotong kena tarif per kb"", ""grab paket hemat saya billingnya itu tgl xxxnumberxxx juli xxxnumberxxx sekarang aja udh agustus kok subscribe nya masih aktif ya ?""]",False,5,1544,37,False,125
google/gemma-3-4b-it,formal,informal,hybrid_early,0.1,"enaknya , makan es krim berdua . terus saling menyuapi .","""pengennya sih makan es krim bareng . trus saling nyuapin gitu .""",False,6,4200003,42,"[""malam , mohon info paket saya sejak tanggal xxxnumberxxx tertahan dgn status itu . blm terkirim sampai sekarang , ada apa ya ?"", ""lha gimana bos . urgen . telopon ke xxxnumberxxx nunggu lama bgt , giliran udh nyambung cs nanyanya panjang x lebar keburu habis pulsa masalah gak kelar ."", ""cek dm coba xxxuserxxx dari tadi komplen ngga ada respon , pulsa udah kepotong kena tarif per kb"", ""grab paket hemat saya billingnya itu tgl xxxnumberxxx juli xxxnumberxxx sekarang aja udh agustus kok subscribe nya masih aktif ya ?"", ""maaf min mau nanya apakah bener ini nomor dari gojek ? + xxxnumberxxx""]",False,5,1493,21,False,65
google/gemma-3-4b-it,formal,informal,hybrid_early,0.1,"dharm , ini sudah banyak sekali yang mengeluh . mungkin bisa jadi input ke mgmt hahaha .","“udh banyak yg komplain nih, kayaknya bisa jadi masukan ke mgmt deh.”",False,8,4200004,42,"[""malam , mohon info paket saya sejak tanggal xxxnumberxxx tertahan dgn status itu . blm terkirim sampai sekarang , ada apa ya ?"", ""grab paket hemat saya billingnya itu tgl xxxnumberxxx juli xxxnumberxxx sekarang aja udh agustus kok subscribe nya masih aktif ya ?"", ""jb xxxphonexxx , sudah seminggu paket ngga nyampe , padahal masih dalam jakarta , ini malah dikirm ke surabaya buat apa coba ? jnt sistemnya gimana sih ?"", ""sudah kak , sudah saya ganti ke xxxnumberxxx g tp ttp susah"", ""maaf min mau nanya apakah bener ini nomor dari gojek ? + xxxnumberxxx""]",False,5,1487,21,False,69
google/gemma-3-4b-it,formal,informal,hybrid_early,0.1,"admin , ini mengapa internetnya lambat sekali ?","hai admin, kenapa nih internetnya lama banget ya?",False,10,4200005,42,"[""tolong dong xxxuserxxx dari kmaren sore jaringan nya full tapi nggak nyambung ke internet padahal kuota dah lumayan banyak"", ""grab paket hemat saya billingnya itu tgl xxxnumberxxx juli xxxnumberxxx sekarang aja udh agustus kok subscribe nya masih aktif ya ?"", ""malam , mohon info paket saya sejak tanggal xxxnumberxxx tertahan dgn status itu . blm terkirim sampai sekarang , ada apa ya ?"", ""dear indosat , sy mau isi paketan , tetapi kenapa tidak bisa ya , sudah sejak jam xxxnumberxxx tadi , pulsa sdh masuk tapi tdk bisa aktip"", ""hai jnt xxxuserxxx mau tanya dong kenapa paket yg saya kirim masih gini aja ya mohon pencerahannya""]",False,5,1522,12,False,49
google/gemma-3-4b-it,formal,informal,hybrid_early,0.1,mengapa shopee error ya saat mau checkout menggunakan kartu kredit ?,kok shopee error pas mau checkout pake kartu kredit ya?,True,12,4200006,42,"[""grab paket hemat saya billingnya itu tgl xxxnumberxxx juli xxxnumberxxx sekarang aja udh agustus kok subscribe nya masih aktif ya ?"", ""malam , mohon info paket saya sejak tanggal xxxnumberxxx tertahan dgn status itu . blm terkirim sampai sekarang , ada apa ya ?"", ""maaf min mau nanya apakah bener ini nomor dari gojek ? + xxxnumberxxx"", ""saya mau tanya , ini saya mau beli paket yellow kenapa sama xxxnumberxxx tidak direspon / tidak dibalas"", ""jb xxxphonexxx , sudah seminggu paket ngga nyampe , padahal masih dalam jakarta , ini malah dikirm ke surabaya buat apa coba ? jnt sistemnya gimana sih ?""]",False,5,1511,13,False,55
google/gemma-3-4b-it,formal,informal,hybrid_early,0.1,admin xxxuserxxx memang kesayangan kita semua .,"admin, xixi sayang banget tau adminnyaaaa",True,14,4200007,42,"[""maaf min mau nanya apakah bener ini nomor dari gojek ? + xxxnumberxxx"", ""hai jnt xxxuserxxx mau tanya dong kenapa paket yg saya kirim masih gini aja ya mohon pencerahannya"", ""tolong dong xxxuserxxx dari kmaren sore jaringan nya full tapi nggak nyambung ke internet padahal kuota dah lumayan banyak"", ""malam , mohon info paket saya sejak tanggal xxxnumberxxx tertahan dgn status itu . blm terkirim sampai sekarang , ada apa ya ?"", ""sudah kak , sudah saya ganti ke xxxnumberxxx g tp ttp susah""]",False,5,1382,11,False,41
google/gemma-3-4b-it,formal,informal,hybrid_early,0.1,mengapa saya beli pulsa belum masuk ?,“kok pulsa saya beli kenapa blom masuk sih?”,True,16,4200008,42,"[""malam , mohon info paket saya sejak tanggal xxxnumberxxx tertahan dgn status itu . blm terkirim sampai sekarang , ada apa ya ?"", ""grab paket hemat saya billingnya itu tgl xxxnumberxxx juli xxxnumberxxx sekarang aja udh agustus kok subscribe nya masih aktif ya ?"", ""dear indosat , sy mau isi paketan , tetapi kenapa tidak bisa ya , sudah sejak jam xxxnumberxxx tadi , pulsa sdh masuk tapi tdk bisa aktip"", ""saya mau tanya , ini saya mau beli paket yellow kenapa sama xxxnumberxxx tidak direspon / tidak dibalas"", ""cek dm coba xxxuserxxx dari tadi komplen ngga ada respon , pulsa udah kepotong kena tarif per kb""]",False,5,1491,13,False,44
google/gemma-3-4b-it,formal,informal,hybrid_early,0.1,"kak , paket untuk roaming internet data di prancis apa ?","hai , paket apa ya buat roaming internet di prancis?",False,18,4200009,42,"[""malam , mohon info paket saya sejak tanggal xxxnumberxxx tertahan dgn status itu . blm terkirim sampai sekarang , ada apa ya ?"", ""grab paket hemat saya billingnya itu tgl xxxnumberxxx juli xxxnumberxxx sekarang aja udh agustus kok subscribe nya masih aktif ya ?"", ""saya mau tanya , ini saya mau beli paket yellow kenapa sama xxxnumberxxx tidak direspon / tidak dibalas"", ""maaf min mau nanya apakah bener ini nomor dari gojek ? + xxxnumberxxx"", ""hai jnt xxxuserxxx mau tanya dong kenapa paket yg saya kirim masih gini aja ya mohon pencerahannya""]",False,5,1444,13,False,52
google/gemma-3-4b-it,formal,informal,hybrid_early,0.1,"apakah bisa inv / xxxnumberxxx / xix / vii / xxxnumberxxx dibatalkan ? soalnya sudah minta ke penjual , malah tidak bisa dibatalkan katanya .","hai , bbm xxxnumberxxx , mau tanya cancel gak ya nomor itu , penjual bilang gak bisa di cancel malah",False,20,4200010,42,"[""malam , mohon info paket saya sejak tanggal xxxnumberxxx tertahan dgn status itu . blm terkirim sampai sekarang , ada apa ya ?"", ""jb xxxphonexxx , sudah seminggu paket ngga nyampe , padahal masih dalam jakarta , ini malah dikirm ke surabaya buat apa coba ? jnt sistemnya gimana sih ?"", ""maaf min mau nanya apakah bener ini nomor dari gojek ? + xxxnumberxxx"", ""grab paket hemat saya billingnya itu tgl xxxnumberxxx juli xxxnumberxxx sekarang aja udh agustus kok subscribe nya masih aktif ya ?"", ""hai jnt xxxuserxxx mau tanya dong kenapa paket yg saya kirim masih gini aja ya mohon pencerahannya""]",False,5,1579,27,False,100
google/gemma-3-4b-it,formal,informal,hybrid_early,0.1,hari minggu tidak ada pengiriman admin ?,"min, paket gak dipesen minggu kmaren ya?",False,22,4200011,42,"[""malam , mohon info paket saya sejak tanggal xxxnumberxxx tertahan dgn status itu . blm terkirim sampai sekarang , ada apa ya ?"", ""grab paket hemat saya billingnya itu tgl xxxnumberxxx juli xxxnumberxxx sekarang aja udh agustus kok subscribe nya masih aktif ya ?"", ""jb xxxphonexxx , sudah seminggu paket ngga nyampe , padahal masih dalam jakarta , ini malah dikirm ke surabaya buat apa coba ? jnt sistemnya gimana sih ?"", ""maaf min mau nanya apakah bener ini nomor dari gojek ? + xxxnumberxxx"", ""ka paket no resi ini xxxnumberxxx udah sampai dimana ya ?""]",False,5,1437,12,False,40
google/gemma-3-4b-it,formal,informal,hybrid_early,0.1,tolong perbaiki sinyalnya . untuk main game online buruk sekali .,"“Min, tolong perbaiki sinyalnya ya, main game online jadi nggak bisa.”",False,24,4200012,42,"[""malam , mohon info paket saya sejak tanggal xxxnumberxxx tertahan dgn status itu . blm terkirim sampai sekarang , ada apa ya ?"", ""saya mau tanya , ini saya mau beli paket yellow kenapa sama xxxnumberxxx tidak direspon / tidak dibalas"", ""tolong dong xxxuserxxx dari kmaren sore jaringan nya full tapi nggak nyambung ke internet padahal kuota dah lumayan banyak"", ""maaf min mau nanya apakah bener ini nomor dari gojek ? + xxxnumberxxx"", ""grab paket hemat saya billingnya itu tgl xxxnumberxxx juli xxxnumberxxx sekarang aja udh agustus kok subscribe nya masih aktif ya ?""]",False,5,1477,21,False,70
google/gemma-3-4b-it,formal,informal,hybrid_early,0.1,ovo booth wilayah jogja yang bisa untuk upgrade akun dimana saja admin ?,"“min, ovo booth di jogja yg bsa buat upgrade akun, di mana aja ya?”",False,26,4200013,42,"[""malam , mohon info paket saya sejak tanggal xxxnumberxxx tertahan dgn status itu . blm terkirim sampai sekarang , ada apa ya ?"", ""grab paket hemat saya billingnya itu tgl xxxnumberxxx juli xxxnumberxxx sekarang aja udh agustus kok subscribe nya masih aktif ya ?"", ""jb xxxphonexxx , sudah seminggu paket ngga nyampe , padahal masih dalam jakarta , ini malah dikirm ke surabaya buat apa coba ? jnt sistemnya gimana sih ?"", ""halo min saldo ovo ga muncul di grab , padahal nomor hp sudah sama . tolong cek dm ya min"", ""maaf min mau nanya apakah bener ini nomor dari gojek ? + xxxnumberxxx""]",False,5,1501,21,False,67
google/gemma-3-4b-it,formal,informal,hybrid_early,0.1,"sudah ada resinya , yaitu resi transfer , tapi tetap tidak masuk .","""udah ada resi transfernya, tapi kok masih belum masuk ya?""",False,28,4200014,42,"[""malam , mohon info paket saya sejak tanggal xxxnumberxxx tertahan dgn status itu . blm terkirim sampai sekarang , ada apa ya ?"", ""maaf min mau nanya apakah bener ini nomor dari gojek ? + xxxnumberxxx"", ""jb xxxphonexxx , sudah seminggu paket ngga nyampe , padahal masih dalam jakarta , ini malah dikirm ke surabaya buat apa coba ? jnt sistemnya gimana sih ?"", ""grab paket hemat saya billingnya itu tgl xxxnumberxxx juli xxxnumberxxx sekarang aja udh agustus kok subscribe nya masih aktif ya ?"", ""saya mau tanya , ini saya mau beli paket yellow kenapa sama xxxnumberxxx tidak direspon / tidak dibalas""]",False,5,1509,17,False,59
google/gemma-3-4b-it,formal,informal,hybrid_early,0.1,"+ xxxnumberxxx xxxnumberxxx xxxnumberxxx xx , apakah benar anda providernya ?","""+ xxxnumberxxx xxxnumberxxx xxxnumberxxx , tolong dong, ini nomornya apa ya?""",False,30,4200015,42,"[""malam , mohon info paket saya sejak tanggal xxxnumberxxx tertahan dgn status itu . blm terkirim sampai sekarang , ada apa ya ?"", ""maaf min mau nanya apakah bener ini nomor dari gojek ? + xxxnumberxxx"", ""dear indosat , sy mau isi paketan , tetapi kenapa tidak bisa ya , sudah sejak jam xxxnumberxxx tadi , pulsa sdh masuk tapi tdk bisa aktip"", ""jp xxxphonexxx min tolong dong ini paket saya ga nyampe nyampe , padahal ngirim sesama jakarta bisa xxxnumberxxx harian ."", ""hai jnt xxxuserxxx mau tanya dong kenapa paket yg saya kirim masih gini aja ya mohon pencerahannya""]",False,5,1489,23,False,78
google/gemma-3-4b-it,formal,informal,hybrid_early,0.1,"kak , apakah bisa dibantu untuk informasi data pengemudinya ?","halo , mau tanya info drivernya dong",False,32,4200016,42,"[""malam , mohon info paket saya sejak tanggal xxxnumberxxx tertahan dgn status itu . blm terkirim sampai sekarang , ada apa ya ?"", ""maaf min mau nanya apakah bener ini nomor dari gojek ? + xxxnumberxxx"", ""halo min saldo ovo ga muncul di grab , padahal nomor hp sudah sama . tolong cek dm ya min"", ""jb xxxphonexxx , sudah seminggu paket ngga nyampe , padahal masih dalam jakarta , ini malah dikirm ke surabaya buat apa coba ? jnt sistemnya gimana sih ?"", ""grab paket hemat saya billingnya itu tgl xxxnumberxxx juli xxxnumberxxx sekarang aja udh agustus kok subscribe nya masih aktif ya ?""]",False,5,1490,10,False,36
google/gemma-3-4b-it,formal,informal,hybrid_early,0.1,"cuma iseng mau menghabiskan qutoa yang xxxnumberxxx gb dari xxxuserxxx . besok beli lagi hanya rp xxxnumberxxx , -","hai, qutoa saya xxxnumberxxx gb dari xxxuserxxx mau dihabisin nih, besok mau beli lagi rp xxxnumberxxx, -",False,34,4200017,42,"[""malam , mohon info paket saya sejak tanggal xxxnumberxxx tertahan dgn status itu . blm terkirim sampai sekarang , ada apa ya ?"", ""grab paket hemat saya billingnya itu tgl xxxnumberxxx juli xxxnumberxxx sekarang aja udh agustus kok subscribe nya masih aktif ya ?"", ""maaf min mau nanya apakah bener ini nomor dari gojek ? + xxxnumberxxx"", ""min kalo mau transfer pulsa ke telkomsel bisa ga cuma xxxnumberxxx ribu gitu"", ""hai jnt xxxuserxxx mau tanya dong kenapa paket yg saya kirim masih gini aja ya mohon pencerahannya""]",False,5,1475,32,False,105
google/gemma-3-4b-it,formal,informal,hybrid_early,0.1,dari hari rabu saya coba beli paket xxxuserxxx sampai sekarang tidak berhasil - berhasil . padahal saya sudah berlangganan belasan tahun . mengapa makin lama makin payah ?,"dari rabu saya coba beli paket xxxuserxxx sampai sekarang masih belum berhasil. padahal udah langganan belasan tahun, makin lama makin susah nih.",False,36,4200018,42,"[""malam , mohon info paket saya sejak tanggal xxxnumberxxx tertahan dgn status itu . blm terkirim sampai sekarang , ada apa ya ?"", ""grab paket hemat saya billingnya itu tgl xxxnumberxxx juli xxxnumberxxx sekarang aja udh agustus kok subscribe nya masih aktif ya ?"", ""saya mau tanya , ini saya mau beli paket yellow kenapa sama xxxnumberxxx tidak direspon / tidak dibalas"", ""jb xxxphonexxx , sudah seminggu paket ngga nyampe , padahal masih dalam jakarta , ini malah dikirm ke surabaya buat apa coba ? jnt sistemnya gimana sih ?"", ""sudah kak , sudah saya ganti ke xxxnumberxxx g tp ttp susah""]",False,5,1604,34,False,145
google/gemma-3-4b-it,formal,informal,hybrid_early,0.1,juara lari dari kenangan mas lalu . hehe .,"""udah, lanjut aja kayaknya. lupa2 aja masa lalu itu.""",False,38,4200019,42,"[""grab paket hemat saya billingnya itu tgl xxxnumberxxx juli xxxnumberxxx sekarang aja udh agustus kok subscribe nya masih aktif ya ?"", ""malam , mohon info paket saya sejak tanggal xxxnumberxxx tertahan dgn status itu . blm terkirim sampai sekarang , ada apa ya ?"", ""maaf min mau nanya apakah bener ini nomor dari gojek ? + xxxnumberxxx"", ""sudah kak , sudah saya ganti ke xxxnumberxxx g tp ttp susah"", ""lha gimana bos . urgen . telopon ke xxxnumberxxx nunggu lama bgt , giliran udh nyambung cs nanyanya panjang x lebar keburu habis pulsa masalah gak kelar .""]",False,5,1442,17,False,53
google/gemma-3-4b-it,formal,informal,hybrid_early,0.1,apakah bisa setor tunai ke tabungan bank lain melalui atm setor tunai bca ? terima kasih .,"“min, bisa transfer tunai ke rekening bank lain lewat atm bca gak ya?”",False,40,4200020,42,"[""malam , mohon info paket saya sejak tanggal xxxnumberxxx tertahan dgn status itu . blm terkirim sampai sekarang , ada apa ya ?"", ""grab paket hemat saya billingnya itu tgl xxxnumberxxx juli xxxnumberxxx sekarang aja udh agustus kok subscribe nya masih aktif ya ?"", ""min kalo mau transfer pulsa ke telkomsel bisa ga cuma xxxnumberxxx ribu gitu"", ""dear indosat , sy mau isi paketan , tetapi kenapa tidak bisa ya , sudah sejak jam xxxnumberxxx tadi , pulsa sdh masuk tapi tdk bisa aktip"", ""maaf min mau nanya apakah bener ini nomor dari gojek ? + xxxnumberxxx""]",False,5,1490,19,False,70
google/gemma-3-4b-it,formal,informal,hybrid_early,0.1,"saya sudah tahu macam - macam rekening bcanya , bagaimana untuk ktpnya ?","“aku tau macem2 rekening bcanya, gimana tuh buat ktp?”",False,42,4200021,42,"[""malam , mohon info paket saya sejak tanggal xxxnumberxxx tertahan dgn status itu . blm terkirim sampai sekarang , ada apa ya ?"", ""maaf min mau nanya apakah bener ini nomor dari gojek ? + xxxnumberxxx"", ""dear indosat , sy mau isi paketan , tetapi kenapa tidak bisa ya , sudah sejak jam xxxnumberxxx tadi , pulsa sdh masuk tapi tdk bisa aktip"", ""grab paket hemat saya billingnya itu tgl xxxnumberxxx juli xxxnumberxxx sekarang aja udh agustus kok subscribe nya masih aktif ya ?"", ""jb xxxphonexxx , sudah seminggu paket ngga nyampe , padahal masih dalam jakarta , ini malah dikirm ke surabaya buat apa coba ? jnt sistemnya gimana sih ?""]",False,5,1549,18,False,54
google/gemma-3-4b-it,formal,informal,hybrid_early,0.1,"admin , saya juga tidak dapat kode verifikasi untuk masuk aplikasi myim3 . itu bagaimana ?","“admin, kok saya nggak dapat kode verifikasi buat masuk aplikasi myim3 ya? gimana ini?”",True,44,4200022,42,"[""malam , mohon info paket saya sejak tanggal xxxnumberxxx tertahan dgn status itu . blm terkirim sampai sekarang , ada apa ya ?"", ""saya mau tanya , ini saya mau beli paket yellow kenapa sama xxxnumberxxx tidak direspon / tidak dibalas"", ""maaf min mau nanya apakah bener ini nomor dari gojek ? + xxxnumberxxx"", ""grab paket hemat saya billingnya itu tgl xxxnumberxxx juli xxxnumberxxx sekarang aja udh agustus kok subscribe nya masih aktif ya ?"", ""sudah kak , sudah saya ganti ke xxxnumberxxx g tp ttp susah""]",False,5,1439,23,False,87
google/gemma-3-4b-it,formal,informal,hybrid_early,0.1,percobaan penipuan lainnya . potensi penipuan atas nama gojek . modus operandi : mengiming - imingi hadiah . ada yang mau menandai xxxnumberxxx sebagai penipu ?,“ada percobaan penipuan lagi nih. potensi penipuan atas nama gojek. cara pelaku: ngasih hadiah. ada yang mau lapor xxxnumberxxx sebagai penipu?”,True,46,4200023,42,"[""maaf min mau nanya apakah bener ini nomor dari gojek ? + xxxnumberxxx"", ""malam , mohon info paket saya sejak tanggal xxxnumberxxx tertahan dgn status itu . blm terkirim sampai sekarang , ada apa ya ?"", ""saya mau tanya , ini saya mau beli paket yellow kenapa sama xxxnumberxxx tidak direspon / tidak dibalas"", ""grab paket hemat saya billingnya itu tgl xxxnumberxxx juli xxxnumberxxx sekarang aja udh agustus kok subscribe nya masih aktif ya ?"", ""cek dm coba xxxuserxxx dari tadi komplen ngga ada respon , pulsa udah kepotong kena tarif per kb""]",False,5,1546,39,False,144
google/gemma-3-4b-it,formal,informal,hybrid_early,0.1,para pengemudi xxxuserxxx dipersilahkan duduk di ruang tamu dan ada air mineral gelas yang disediakan untuk para tamu tersebut .,"“pengemudi xxxuserxxx, diizinkan duduk di ruang tamu, ada air mineral gratis buat yang datang.”",False,48,4200024,42,"[""maaf min mau nanya apakah bener ini nomor dari gojek ? + xxxnumberxxx"", ""malam , mohon info paket saya sejak tanggal xxxnumberxxx tertahan dgn status itu . blm terkirim sampai sekarang , ada apa ya ?"", ""hai jnt xxxuserxxx mau tanya dong kenapa paket yg saya kirim masih gini aja ya mohon pencerahannya"", ""cek dm coba xxxuserxxx dari tadi komplen ngga ada respon , pulsa udah kepotong kena tarif per kb"", ""grab paket hemat saya billingnya itu tgl xxxnumberxxx juli xxxnumberxxx sekarang aja udh agustus kok subscribe nya masih aktif ya ?""]",False,5,1509,26,False,95
google/gemma-3-4b-it,formal,informal,hybrid_early,0.1,"admin , mohon info resi id191432841909e ! karena tujuan pengiriman harusnya banjarbaru , tapi dipindahkan ke banjarmasin .","hai jnt xxxuserxxx mau tanya dong kenapa resi id191432841909e tujuan pengiriman harusnya banjarbaru, tapi dipindahkan ke banjarmasin? mohon pencerahannya",False,50,4200025,42,"[""malam , mohon info paket saya sejak tanggal xxxnumberxxx tertahan dgn status itu . blm terkirim sampai sekarang , ada apa ya ?"", ""jb xxxphonexxx , sudah seminggu paket ngga nyampe , padahal masih dalam jakarta , ini malah dikirm ke surabaya buat apa coba ? jnt sistemnya gimana sih ?"", ""maaf min mau nanya apakah bener ini nomor dari gojek ? + xxxnumberxxx"", ""grab paket hemat saya billingnya itu tgl xxxnumberxxx juli xxxnumberxxx sekarang aja udh agustus kok subscribe nya masih aktif ya ?"", ""hai jnt xxxuserxxx mau tanya dong kenapa paket yg saya kirim masih gini aja ya mohon pencerahannya""]",False,5,1560,52,False,153
google/gemma-3-4b-it,formal,informal,hybrid_early,0.1,"lagi - lagi , babi , xxxuserxxx ! sebaiknya jangan dijual di pasaran saja . anjing ! malas aku . bangsat !","“bangsat, paket jnt xxxuserxxx! udah seminggu ngga nyampe, padahal masih di jakarta, ini malah dikirim ke surabaya, kenapa coba?”",True,52,4200026,42,"[""maaf min mau nanya apakah bener ini nomor dari gojek ? + xxxnumberxxx"", ""malam , mohon info paket saya sejak tanggal xxxnumberxxx tertahan dgn status itu . blm terkirim sampai sekarang , ada apa ya ?"", ""grab paket hemat saya billingnya itu tgl xxxnumberxxx juli xxxnumberxxx sekarang aja udh agustus kok subscribe nya masih aktif ya ?"", ""hai jnt xxxuserxxx mau tanya dong kenapa paket yg saya kirim masih gini aja ya mohon pencerahannya"", ""jb xxxphonexxx , sudah seminggu paket ngga nyampe , padahal masih dalam jakarta , ini malah dikirm ke surabaya buat apa coba ? jnt sistemnya gimana sih ?""]",False,5,1544,39,False,129
google/gemma-3-4b-it,formal,informal,hybrid_early,0.1,"hai , kak . untuk kendala kamu , sudah admin balas di xxxuserxxx . silahkan diperiksa . - mh","hai kak, admin udah bales di xxxuserxxx nih, silakan dicek ya - mh",False,54,4200027,42,"[""malam , mohon info paket saya sejak tanggal xxxnumberxxx tertahan dgn status itu . blm terkirim sampai sekarang , ada apa ya ?"", ""maaf min mau nanya apakah bener ini nomor dari gojek ? + xxxnumberxxx"", ""hai jnt xxxuserxxx mau tanya dong kenapa paket yg saya kirim masih gini aja ya mohon pencerahannya"", ""sudah kak , sudah saya ganti ke xxxnumberxxx g tp ttp susah"", ""admin , kok dm saya belum di respon - respon ya ? sudah xxxnumberxxx hari nih min""]",False,5,1386,21,False,66
google/gemma-3-4b-it,formal,informal,hybrid_early,0.1,aduh . padahal sudah banyak aplikasi antar makanan semacam,"ah, bener ga sih, banyak tuh aplikasi pesan.",True,56,4200028,42,"[""cek dm coba xxxuserxxx dari tadi komplen ngga ada respon , pulsa udah kepotong kena tarif per kb"", ""malam , mohon info paket saya sejak tanggal xxxnumberxxx tertahan dgn status itu . blm terkirim sampai sekarang , ada apa ya ?"", ""min , udh xxxnumberxxx hari ini saya mau gofood kok gak dapet driver terus ? apa aplikasi gojek lagi error ?"", ""maaf min mau nanya apakah bener ini nomor dari gojek ? + xxxnumberxxx"", ""lha gimana bos . urgen . telopon ke xxxnumberxxx nunggu lama bgt , giliran udh nyambung cs nanyanya panjang x lebar keburu habis pulsa masalah gak kelar .""]",False,5,1472,13,False,44
google/gemma-3-4b-it,formal,informal,hybrid_early,0.1,"selamat pagi . saya mau bertanya untuk pelaporan penipuan toko online yang menggunakan bank bni , apa bisa secara online ?","hai , mau tanya soal penipuan toko online pake bni , bs online gak ya?",False,58,4200029,42,"[""malam , mohon info paket saya sejak tanggal xxxnumberxxx tertahan dgn status itu . blm terkirim sampai sekarang , ada apa ya ?"", ""maaf min mau nanya apakah bener ini nomor dari gojek ? + xxxnumberxxx"", ""saya mau tanya , ini saya mau beli paket yellow kenapa sama xxxnumberxxx tidak direspon / tidak dibalas"", ""grab paket hemat saya billingnya itu tgl xxxnumberxxx juli xxxnumberxxx sekarang aja udh agustus kok subscribe nya masih aktif ya ?"", ""hai jnt xxxuserxxx mau tanya dong kenapa paket yg saya kirim masih gini aja ya mohon pencerahannya""]",False,5,1510,20,False,70
google/gemma-3-4b-it,formal,informal,hybrid_early,0.1,"ini sama seperti barang yang ku beli di gmarket , dikirim tanggal xxxnumberxxx juga statusnya tertahan terus sampai sekarang .","“sama kayak barang yang pesen di gmarket, udah dikirim tanggal xxxnumberxxx tapi statusnya tetep aja tertahan smpe sekarang.”",False,60,4200030,42,"[""malam , mohon info paket saya sejak tanggal xxxnumberxxx tertahan dgn status itu . blm terkirim sampai sekarang , ada apa ya ?"", ""grab paket hemat saya billingnya itu tgl xxxnumberxxx juli xxxnumberxxx sekarang aja udh agustus kok subscribe nya masih aktif ya ?"", ""maaf min mau nanya apakah bener ini nomor dari gojek ? + xxxnumberxxx"", ""saya mau tanya , ini saya mau beli paket yellow kenapa sama xxxnumberxxx tidak direspon / tidak dibalas"", ""sudah kak , sudah saya ganti ke xxxnumberxxx g tp ttp susah""]",False,5,1475,32,False,125
google/gemma-3-4b-it,formal,informal,hybrid_early,0.1,"masih punya kuota , tapi kenapa pulsanya terpakai ya ?",“kok pulsaku abis padahal kuotanya masih ada ya?”,False,62,4200031,42,"[""grab paket hemat saya billingnya itu tgl xxxnumberxxx juli xxxnumberxxx sekarang aja udh agustus kok subscribe nya masih aktif ya ?"", ""malam , mohon info paket saya sejak tanggal xxxnumberxxx tertahan dgn status itu . blm terkirim sampai sekarang , ada apa ya ?"", ""tolong dong xxxuserxxx dari kmaren sore jaringan nya full tapi nggak nyambung ke internet padahal kuota dah lumayan banyak"", ""cek dm coba xxxuserxxx dari tadi komplen ngga ada respon , pulsa udah kepotong kena tarif per kb"", ""halo min saldo ovo ga muncul di grab , padahal nomor hp sudah sama . tolong cek dm ya min""]",False,5,1479,17,False,49
google/gemma-3-4b-it,formal,informal,hybrid_early,0.1,"judul : di sini senang , di sana senang , pencipta : ibu sud","hai , mohon info soal pencipta ini gimana ya? + xxxnumberxxx",False,64,4200032,42,"[""jb xxxphonexxx , sudah seminggu paket ngga nyampe , padahal masih dalam jakarta , ini malah dikirm ke surabaya buat apa coba ? jnt sistemnya gimana sih ?"", ""malam , mohon info paket saya sejak tanggal xxxnumberxxx tertahan dgn status itu . blm terkirim sampai sekarang , ada apa ya ?"", ""sudah kak , sudah saya ganti ke xxxnumberxxx g tp ttp susah"", ""hai jnt xxxuserxxx mau tanya dong kenapa paket yg saya kirim masih gini aja ya mohon pencerahannya"", ""maaf min mau nanya apakah bener ini nomor dari gojek ? + xxxnumberxxx""]",False,5,1426,19,False,60
google/gemma-3-4b-it,formal,informal,hybrid_early,0.1,"admin , jnt cipayung masih ada tidak ? tadi saya ke situ tapi tutup , padahal di google tulisannya buka .","“admin, jnt cipayung udah tutup pas aku ke situ tadi, padahal di Google tulisannya buka.”",False,66,4200033,42,"[""malam , mohon info paket saya sejak tanggal xxxnumberxxx tertahan dgn status itu . blm terkirim sampai sekarang , ada apa ya ?"", ""grab paket hemat saya billingnya itu tgl xxxnumberxxx juli xxxnumberxxx sekarang aja udh agustus kok subscribe nya masih aktif ya ?"", ""maaf min mau nanya apakah bener ini nomor dari gojek ? + xxxnumberxxx"", ""sudah kak , sudah saya ganti ke xxxnumberxxx g tp ttp susah"", ""jb xxxphonexxx , sudah seminggu paket ngga nyampe , padahal masih dalam jakarta , ini malah dikirm ke surabaya buat apa coba ? jnt sistemnya gimana sih ?""]",False,5,1504,26,False,89
google/gemma-3-4b-it,formal,informal,hybrid_early,0.1,kenapa mau mengaktifkan paket tidak bisa ?,"“kok pas mau isi paket gak bisa ya? udah jam xxxnumberxxx tadi, pulsa udah masuk tapi gak aktif.”",False,68,4200034,42,"[""dear indosat , sy mau isi paketan , tetapi kenapa tidak bisa ya , sudah sejak jam xxxnumberxxx tadi , pulsa sdh masuk tapi tdk bisa aktip"", ""malam , mohon info paket saya sejak tanggal xxxnumberxxx tertahan dgn status itu . blm terkirim sampai sekarang , ada apa ya ?"", ""grab paket hemat saya billingnya itu tgl xxxnumberxxx juli xxxnumberxxx sekarang aja udh agustus kok subscribe nya masih aktif ya ?"", ""jb xxxphonexxx , sudah seminggu paket ngga nyampe , padahal masih dalam jakarta , ini malah dikirm ke surabaya buat apa coba ? jnt sistemnya gimana sih ?"", ""ini kenapa lagi ya mau perpanjang internet ga bisa ? xxxnumberxxx juga ga bisa ?""]",False,5,1530,27,False,97
google/gemma-3-4b-it,formal,informal,hybrid_early,0.1,"halo xxxuserxxx . apakah sedang ada gangguan ? khususnya jaringan xxxnumberxxx g lambat , bahkan tidak bisa digunakan . saya di duri kosambi , cengkareng , jakarta barat .","hai xxxuserxxx , ada apa ya nih jaringan xxxnumberxxx lama banget , bahkan gak bisa dipake. saya di duri kosambi , cengkareng , jakarta barat .",True,70,4200035,42,"[""malam , mohon info paket saya sejak tanggal xxxnumberxxx tertahan dgn status itu . blm terkirim sampai sekarang , ada apa ya ?"", ""maaf min mau nanya apakah bener ini nomor dari gojek ? + xxxnumberxxx"", ""grab paket hemat saya billingnya itu tgl xxxnumberxxx juli xxxnumberxxx sekarang aja udh agustus kok subscribe nya masih aktif ya ?"", ""hai jnt xxxuserxxx mau tanya dong kenapa paket yg saya kirim masih gini aja ya mohon pencerahannya"", ""saya mau tanya , ini saya mau beli paket yellow kenapa sama xxxnumberxxx tidak direspon / tidak dibalas""]",False,5,1559,39,False,143
google/gemma-3-4b-it,formal,informal,hybrid_early,0.1,ios yang baru memang seperti ini ya ? kan saya jadi tidak bisa pamer kalau pakai .,"""ios yang baru kok gini sih? soalnya jadi susah buat nunjukkin kalo lagi pake.""",False,72,4200036,42,"[""malam , mohon info paket saya sejak tanggal xxxnumberxxx tertahan dgn status itu . blm terkirim sampai sekarang , ada apa ya ?"", ""maaf min mau nanya apakah bener ini nomor dari gojek ? + xxxnumberxxx"", ""jb xxxphonexxx , sudah seminggu paket ngga nyampe , padahal masih dalam jakarta , ini malah dikirm ke surabaya buat apa coba ? jnt sistemnya gimana sih ?"", ""sudah kak , sudah saya ganti ke xxxnumberxxx g tp ttp susah"", ""grab paket hemat saya billingnya itu tgl xxxnumberxxx juli xxxnumberxxx sekarang aja udh agustus kok subscribe nya masih aktif ya ?""]",False,5,1481,22,False,79
google/gemma-3-4b-it,formal,informal,hybrid_early,0.1,"admin , menjual cilok yang seperti di tidak ?","“admin, jual cilok yang kayak di nomor xxxphonexxx dong?”",False,74,4200037,42,"[""maaf min mau nanya apakah bener ini nomor dari gojek ? + xxxnumberxxx"", ""grab paket hemat saya billingnya itu tgl xxxnumberxxx juli xxxnumberxxx sekarang aja udh agustus kok subscribe nya masih aktif ya ?"", ""malam , mohon info paket saya sejak tanggal xxxnumberxxx tertahan dgn status itu . blm terkirim sampai sekarang , ada apa ya ?"", ""saya mau tanya , ini saya mau beli paket yellow kenapa sama xxxnumberxxx tidak direspon / tidak dibalas"", ""jb xxxphonexxx , sudah seminggu paket ngga nyampe , padahal masih dalam jakarta , ini malah dikirm ke surabaya buat apa coba ? jnt sistemnya gimana sih ?""]",False,5,1488,18,False,57
google/gemma-3-4b-it,formal,informal,hybrid_early,0.1,ini mengapa dari kemarin saya daftar paket yellow tidak bisa terdaftar ? mohon dibantu .,“kok paket kuningku dari kemarin gak jadi terdaftar ya? mohon bantu dong.”,False,76,4200038,42,"[""malam , mohon info paket saya sejak tanggal xxxnumberxxx tertahan dgn status itu . blm terkirim sampai sekarang , ada apa ya ?"", ""saya mau tanya , ini saya mau beli paket yellow kenapa sama xxxnumberxxx tidak direspon / tidak dibalas"", ""grab paket hemat saya billingnya itu tgl xxxnumberxxx juli xxxnumberxxx sekarang aja udh agustus kok subscribe nya masih aktif ya ?"", ""maaf min mau nanya apakah bener ini nomor dari gojek ? + xxxnumberxxx"", ""sudah kak , sudah saya ganti ke xxxnumberxxx g tp ttp susah""]",False,5,1437,20,False,74
google/gemma-3-4b-it,formal,informal,hybrid_early,0.1,"halo , kak . kita sama , akun saya yang satunya terkunci dan menunggu kodenya tidak sampai - sampai masa .","“halo , kok akun saya yang satunya terkunci ya? kode nya juga gak sampe - sampe.”",False,78,4200039,42,"[""malam , mohon info paket saya sejak tanggal xxxnumberxxx tertahan dgn status itu . blm terkirim sampai sekarang , ada apa ya ?"", ""grab paket hemat saya billingnya itu tgl xxxnumberxxx juli xxxnumberxxx sekarang aja udh agustus kok subscribe nya masih aktif ya ?"", ""saya mau tanya , ini saya mau beli paket yellow kenapa sama xxxnumberxxx tidak direspon / tidak dibalas"", ""sudah kak , sudah saya ganti ke xxxnumberxxx g tp ttp susah"", ""halo min saldo ovo ga muncul di grab , padahal nomor hp sudah sama . tolong cek dm ya min""]",False,5,1475,22,False,81
google/gemma-3-4b-it,formal,informal,hybrid_early,0.1,"admin , saya tidak bisa melakukan transaksi pembayaran tiket kereta api dari mbanking dan mandiri online , sedang bermasalahkah ?","“admin, kok gak bisa transfer pembayaran tiket kereta lewat mbanking sama mandiri online ya? ada masalah gak sih?”",False,80,4200040,42,"[""malam , mohon info paket saya sejak tanggal xxxnumberxxx tertahan dgn status itu . blm terkirim sampai sekarang , ada apa ya ?"", ""grab paket hemat saya billingnya itu tgl xxxnumberxxx juli xxxnumberxxx sekarang aja udh agustus kok subscribe nya masih aktif ya ?"", ""dear indosat , sy mau isi paketan , tetapi kenapa tidak bisa ya , sudah sejak jam xxxnumberxxx tadi , pulsa sdh masuk tapi tdk bisa aktip"", ""maaf min mau nanya apakah bener ini nomor dari gojek ? + xxxnumberxxx"", ""hai jnt xxxuserxxx mau tanya dong kenapa paket yg saya kirim masih gini aja ya mohon pencerahannya""]",False,5,1551,26,False,114
google/gemma-3-4b-it,formal,informal,hybrid_early,0.1,"halo , kak . ini mengapa saya dari kemarin - kemarin tidak bisa memasukan kode promo ? semuanya baik grabfood , bike , car","min, kok dari kemarin gak bisa masukin kode promo ya? grab, bike, car semuanya baik kok",False,82,4200041,42,"[""grab paket hemat saya billingnya itu tgl xxxnumberxxx juli xxxnumberxxx sekarang aja udh agustus kok subscribe nya masih aktif ya ?"", ""malam , mohon info paket saya sejak tanggal xxxnumberxxx tertahan dgn status itu . blm terkirim sampai sekarang , ada apa ya ?"", ""maaf min mau nanya apakah bener ini nomor dari gojek ? + xxxnumberxxx"", ""min , udh xxxnumberxxx hari ini saya mau gofood kok gak dapet driver terus ? apa aplikasi gojek lagi error ?"", ""jb xxxphonexxx , sudah seminggu paket ngga nyampe , padahal masih dalam jakarta , ini malah dikirm ke surabaya buat apa coba ? jnt sistemnya gimana sih ?""]",False,5,1570,23,False,87
google/gemma-3-4b-it,formal,informal,hybrid_early,0.1,"selamat malam , kak xxxuserxxx . bantuk periksa dm kami ya . terima kasih .","hai kak , bantu cek dm kami ya makasih",False,84,4200042,42,"[""malam , mohon info paket saya sejak tanggal xxxnumberxxx tertahan dgn status itu . blm terkirim sampai sekarang , ada apa ya ?"", ""maaf min mau nanya apakah bener ini nomor dari gojek ? + xxxnumberxxx"", ""hai jnt xxxuserxxx mau tanya dong kenapa paket yg saya kirim masih gini aja ya mohon pencerahannya"", ""sudah kak , sudah saya ganti ke xxxnumberxxx g tp ttp susah"", ""saya mau tanya , ini saya mau beli paket yellow kenapa sama xxxnumberxxx tidak direspon / tidak dibalas""]",False,5,1391,12,False,38
google/gemma-3-4b-it,formal,informal,hybrid_early,0.1,sama . saya pakai ovo waktu goride juga tidak bisa .,"""sama, ovo pas goride juga gak bisa.""",False,86,4200043,42,"[""malam , mohon info paket saya sejak tanggal xxxnumberxxx tertahan dgn status itu . blm terkirim sampai sekarang , ada apa ya ?"", ""saya mau tanya , ini saya mau beli paket yellow kenapa sama xxxnumberxxx tidak direspon / tidak dibalas"", ""grab paket hemat saya billingnya itu tgl xxxnumberxxx juli xxxnumberxxx sekarang aja udh agustus kok subscribe nya masih aktif ya ?"", ""sudah kak , sudah saya ganti ke xxxnumberxxx g tp ttp susah"", ""jb xxxphonexxx , sudah seminggu paket ngga nyampe , padahal masih dalam jakarta , ini malah dikirm ke surabaya buat apa coba ? jnt sistemnya gimana sih ?""]",False,5,1485,13,False,37
google/gemma-3-4b-it,formal,informal,hybrid_early,0.1,"tadi pagi dicoba tetap tidak bisa , admin . sampai akhirnya ter - update sendiri . soalnya update - nya otomatis .","“tadi pagi dicoba, gak bisa ya, admin. terus update sendiri malah.”",False,88,4200044,42,"[""malam , mohon info paket saya sejak tanggal xxxnumberxxx tertahan dgn status itu . blm terkirim sampai sekarang , ada apa ya ?"", ""grab paket hemat saya billingnya itu tgl xxxnumberxxx juli xxxnumberxxx sekarang aja udh agustus kok subscribe nya masih aktif ya ?"", ""sudah kak , sudah saya ganti ke xxxnumberxxx g tp ttp susah"", ""maaf min mau nanya apakah bener ini nomor dari gojek ? + xxxnumberxxx"", ""cek dm coba xxxuserxxx dari tadi komplen ngga ada respon , pulsa udah kepotong kena tarif per kb""]",False,5,1456,20,False,67
google/gemma-3-4b-it,formal,informal,hybrid_early,0.1,"halo xxxuserxxx . jika saya ingin meningkatkan paket kartu halo saya , apakah harus datang ke grapari ? ataukah bisa dilakukan via online ?","hai xxxuserxxx , kalau mau naikin paket kartu halo, harus ke grapari apa bisa online?",False,90,4200045,42,"[""malam , mohon info paket saya sejak tanggal xxxnumberxxx tertahan dgn status itu . blm terkirim sampai sekarang , ada apa ya ?"", ""jb xxxphonexxx , sudah seminggu paket ngga nyampe , padahal masih dalam jakarta , ini malah dikirm ke surabaya buat apa coba ? jnt sistemnya gimana sih ?"", ""dear indosat , sy mau isi paketan , tetapi kenapa tidak bisa ya , sudah sejak jam xxxnumberxxx tadi , pulsa sdh masuk tapi tdk bisa aktip"", ""maaf min mau nanya apakah bener ini nomor dari gojek ? + xxxnumberxxx"", ""hai jnt xxxuserxxx mau tanya dong kenapa paket yg saya kirim masih gini aja ya mohon pencerahannya""]",False,5,1583,23,False,85
google/gemma-3-4b-it,formal,informal,hybrid_early,0.1,"saya baru saja ditransfer oleh kakak ke rekening bca saya , tapi mengapa tidak masuk , admin ? mohon solusinya .","“Kak, saya baru transfer ke rekening BCA, kok gak masuk ya? admin, tolong bantu solutinya.”",False,92,4200046,42,"[""malam , mohon info paket saya sejak tanggal xxxnumberxxx tertahan dgn status itu . blm terkirim sampai sekarang , ada apa ya ?"", ""maaf min mau nanya apakah bener ini nomor dari gojek ? + xxxnumberxxx"", ""saya mau tanya , ini saya mau beli paket yellow kenapa sama xxxnumberxxx tidak direspon / tidak dibalas"", ""dear indosat , sy mau isi paketan , tetapi kenapa tidak bisa ya , sudah sejak jam xxxnumberxxx tadi , pulsa sdh masuk tapi tdk bisa aktip"", ""grab paket hemat saya billingnya itu tgl xxxnumberxxx juli xxxnumberxxx sekarang aja udh agustus kok subscribe nya masih aktif ya ?""]",False,5,1539,26,False,91
google/gemma-3-4b-it,formal,informal,hybrid_early,0.1,"admin , mau bertanya . kalau produk tidak ada ikon tambah keranjang atau beli itu kenapa ? padahal tidak ada keterangan stok kosong .","admin, kok produknya gak ada tombol plus atau beli ya? padahal stoknya gak kosong tuh.",False,94,4200047,42,"[""malam , mohon info paket saya sejak tanggal xxxnumberxxx tertahan dgn status itu . blm terkirim sampai sekarang , ada apa ya ?"", ""grab paket hemat saya billingnya itu tgl xxxnumberxxx juli xxxnumberxxx sekarang aja udh agustus kok subscribe nya masih aktif ya ?"", ""maaf min mau nanya apakah bener ini nomor dari gojek ? + xxxnumberxxx"", ""halo min saldo ovo ga muncul di grab , padahal nomor hp sudah sama . tolong cek dm ya min"", ""jb xxxphonexxx , sudah seminggu paket ngga nyampe , padahal masih dalam jakarta , ini malah dikirm ke surabaya buat apa coba ? jnt sistemnya gimana sih ?""]",False,5,1562,22,False,86
google/gemma-3-4b-it,formal,informal,hybrid_early,0.1,ini mengapa kuota malam saya tidak bisa dipakai ?,"""kok kuota malamku gak bisa dipake ya?""",False,96,4200048,42,"[""tolong dong xxxuserxxx dari kmaren sore jaringan nya full tapi nggak nyambung ke internet padahal kuota dah lumayan banyak"", ""malam , mohon info paket saya sejak tanggal xxxnumberxxx tertahan dgn status itu . blm terkirim sampai sekarang , ada apa ya ?"", ""grab paket hemat saya billingnya itu tgl xxxnumberxxx juli xxxnumberxxx sekarang aja udh agustus kok subscribe nya masih aktif ya ?"", ""cek dm coba xxxuserxxx dari tadi komplen ngga ada respon , pulsa udah kepotong kena tarif per kb"", ""jb xxxphonexxx , sudah seminggu paket ngga nyampe , padahal masih dalam jakarta , ini malah dikirm ke surabaya buat apa coba ? jnt sistemnya gimana sih ?""]",False,5,1538,14,False,39
google/gemma-3-4b-it,formal,informal,hybrid_early,0.1,selamat malam . saya mau bertanya . mobile banking saya tiba - tiba terblokir . mengapa ya ?,"Malam, saya mau nanya kenapa mobile banking saya tiba-tiba blokir ya?",False,98,4200049,42,"[""malam , mohon info paket saya sejak tanggal xxxnumberxxx tertahan dgn status itu . blm terkirim sampai sekarang , ada apa ya ?"", ""saya mau tanya , ini saya mau beli paket yellow kenapa sama xxxnumberxxx tidak direspon / tidak dibalas"", ""dear indosat , sy mau isi paketan , tetapi kenapa tidak bisa ya , sudah sejak jam xxxnumberxxx tadi , pulsa sdh masuk tapi tdk bisa aktip"", ""maaf min mau nanya apakah bener ini nomor dari gojek ? + xxxnumberxxx"", ""grab paket hemat saya billingnya itu tgl xxxnumberxxx juli xxxnumberxxx sekarang aja udh agustus kok subscribe nya masih aktif ya ?""]",False,5,1519,19,False,69
google/gemma-3-4b-it,formal,informal,hybrid_early,0.1,"oke . demi anda dan demi anda yang kode itu , saya pantau terus . tapi jangan beri harapan palsu . saya tidak suka .","“eh, gue pantau terus kode itu buat lo, tapi jangan boong, gak suka sama harapan palsu.”",False,100,4200050,42,"[""malam , mohon info paket saya sejak tanggal xxxnumberxxx tertahan dgn status itu . blm terkirim sampai sekarang , ada apa ya ?"", ""saya mau tanya , ini saya mau beli paket yellow kenapa sama xxxnumberxxx tidak direspon / tidak dibalas"", ""grab paket hemat saya billingnya itu tgl xxxnumberxxx juli xxxnumberxxx sekarang aja udh agustus kok subscribe nya masih aktif ya ?"", ""maaf min mau nanya apakah bener ini nomor dari gojek ? + xxxnumberxxx"", ""hai jnt xxxuserxxx mau tanya dong kenapa paket yg saya kirim masih gini aja ya mohon pencerahannya""]",False,5,1504,26,False,88
google/gemma-3-4b-it,formal,informal,hybrid_early,0.1,"lihat , admin , sampai saya nyalakan notifikasinya . pokoknya segalanya untuk anda .","“permisi admin, kok notifikasi saya nggak muncul ya, dari semua yang saya lakuin?”",False,102,4200051,42,"[""malam , mohon info paket saya sejak tanggal xxxnumberxxx tertahan dgn status itu . blm terkirim sampai sekarang , ada apa ya ?"", ""maaf min mau nanya apakah bener ini nomor dari gojek ? + xxxnumberxxx"", ""grab paket hemat saya billingnya itu tgl xxxnumberxxx juli xxxnumberxxx sekarang aja udh agustus kok subscribe nya masih aktif ya ?"", ""saya mau tanya , ini saya mau beli paket yellow kenapa sama xxxnumberxxx tidak direspon / tidak dibalas"", ""halo min saldo ovo ga muncul di grab , padahal nomor hp sudah sama . tolong cek dm ya min""]",False,5,1463,23,False,82
google/gemma-3-4b-it,formal,informal,hybrid_early,0.1,"admin , ini bagaimana saya setiap transfer ke rekening ovo , tapi tidak pernah masuk ke grab - nya ?","“min, kok transfer ke ovo ke rekening ovo gak masuk ke grab sih? padahal udah dari jam xxxnumberxxx tadi”",False,104,4200052,42,"[""malam , mohon info paket saya sejak tanggal xxxnumberxxx tertahan dgn status itu . blm terkirim sampai sekarang , ada apa ya ?"", ""grab paket hemat saya billingnya itu tgl xxxnumberxxx juli xxxnumberxxx sekarang aja udh agustus kok subscribe nya masih aktif ya ?"", ""maaf min mau nanya apakah bener ini nomor dari gojek ? + xxxnumberxxx"", ""dear indosat , sy mau isi paketan , tetapi kenapa tidak bisa ya , sudah sejak jam xxxnumberxxx tadi , pulsa sdh masuk tapi tdk bisa aktip"", ""halo min saldo ovo ga muncul di grab , padahal nomor hp sudah sama . tolong cek dm ya min""]",False,5,1513,27,False,105
google/gemma-3-4b-it,formal,informal,hybrid_early,0.1,"tidak berani , takut pengemudinya kena masalah .","enggak mau sih, takutnya drivernya kena masalah.",False,106,4200053,42,"[""maaf min mau nanya apakah bener ini nomor dari gojek ? + xxxnumberxxx"", ""jb xxxphonexxx , sudah seminggu paket ngga nyampe , padahal masih dalam jakarta , ini malah dikirm ke surabaya buat apa coba ? jnt sistemnya gimana sih ?"", ""grab paket hemat saya billingnya itu tgl xxxnumberxxx juli xxxnumberxxx sekarang aja udh agustus kok subscribe nya masih aktif ya ?"", ""malam , mohon info paket saya sejak tanggal xxxnumberxxx tertahan dgn status itu . blm terkirim sampai sekarang , ada apa ya ?"", ""cek dm coba xxxuserxxx dari tadi komplen ngga ada respon , pulsa udah kepotong kena tarif per kb""]",False,5,1484,13,False,48
google/gemma-3-4b-it,formal,informal,hybrid_early,0.1,"tolong smartfren sinyalnya diperbagus sedikit kenapa . kadang bisa xxxnumberxxx atau xxxnumberxxx sinyal , bahkan sampai x .","“tolong smartfren sinyalnya diperbaiki sedikit kenapa. kadang bisa xxxnumberxxx atau xxxnumberxxx sinyal, bahkan sampai x.”",False,108,4200054,42,"[""malam , mohon info paket saya sejak tanggal xxxnumberxxx tertahan dgn status itu . blm terkirim sampai sekarang , ada apa ya ?"", ""saya mau tanya , ini saya mau beli paket yellow kenapa sama xxxnumberxxx tidak direspon / tidak dibalas"", ""maaf min mau nanya apakah bener ini nomor dari gojek ? + xxxnumberxxx"", ""grab paket hemat saya billingnya itu tgl xxxnumberxxx juli xxxnumberxxx sekarang aja udh agustus kok subscribe nya masih aktif ya ?"", ""dear indosat , sy mau isi paketan , tetapi kenapa tidak bisa ya , sudah sejak jam xxxnumberxxx tadi , pulsa sdh masuk tapi tdk bisa aktip""]",False,5,1551,32,False,123
google/gemma-3-4b-it,formal,informal,hybrid_early,0.1,"tidak tahu . sebal mayo . iya , nanti saya mau laporkan ke pusat bantuan saja . di sini juga tidak diperdulikan .","“kok gitu sih, kesel banget. iya, nanti gue komplain ke pusat bantuan aja. di sini juga nggak ada yang peduli.”",True,110,4200055,42,"[""malam , mohon info paket saya sejak tanggal xxxnumberxxx tertahan dgn status itu . blm terkirim sampai sekarang , ada apa ya ?"", ""grab paket hemat saya billingnya itu tgl xxxnumberxxx juli xxxnumberxxx sekarang aja udh agustus kok subscribe nya masih aktif ya ?"", ""saya mau tanya , ini saya mau beli paket yellow kenapa sama xxxnumberxxx tidak direspon / tidak dibalas"", ""hallo min selamat pagi , no resi jp xxxphonexxx diperkiran bakal diterima hari ini . tapi malah di disimpan kalau ada alamat yang salah tolong diinfo kan ."", ""jb xxxphonexxx , sudah seminggu paket ngga nyampe , padahal masih dalam jakarta , ini malah dikirm ke surabaya buat apa coba ? jnt sistemnya gimana sih ?""]",False,5,1642,30,False,111
google/gemma-3-4b-it,formal,informal,hybrid_early,0.1,"hai . mengapa internet saya lambat , padahal saya membeli kuota tak terbatas , tak terbatas segalanya bisa lambat begitu ?","“kok internetnya lama ya, padahal udah beli kuota unlimited, unlimitednya bisa-bisa lambat gini?”",False,112,4200056,42,"[""malam , mohon info paket saya sejak tanggal xxxnumberxxx tertahan dgn status itu . blm terkirim sampai sekarang , ada apa ya ?"", ""grab paket hemat saya billingnya itu tgl xxxnumberxxx juli xxxnumberxxx sekarang aja udh agustus kok subscribe nya masih aktif ya ?"", ""dear indosat , sy mau isi paketan , tetapi kenapa tidak bisa ya , sudah sejak jam xxxnumberxxx tadi , pulsa sdh masuk tapi tdk bisa aktip"", ""ini kenapa lagi ya mau perpanjang internet ga bisa ? xxxnumberxxx juga ga bisa ?"", ""saya mau tanya , ini saya mau beli paket yellow kenapa sama xxxnumberxxx tidak direspon / tidak dibalas""]",False,5,1560,27,False,97
google/gemma-3-4b-it,formal,informal,hybrid_early,0.1,"selamat sore admin . saya mau pesan tiket ka via web tetapi selalu tertulis , "" terjadi kesalahan pada sistem "" mohon solusinya . terima kasih .","hai admin , saya mau tanya kenapa pas mau pesen tiket ka via web selalu muncul “terjadi kesalahan pada sistem” mohon solusinya terima kasih",True,114,4200057,42,"[""malam , mohon info paket saya sejak tanggal xxxnumberxxx tertahan dgn status itu . blm terkirim sampai sekarang , ada apa ya ?"", ""maaf min mau nanya apakah bener ini nomor dari gojek ? + xxxnumberxxx"", ""grab paket hemat saya billingnya itu tgl xxxnumberxxx juli xxxnumberxxx sekarang aja udh agustus kok subscribe nya masih aktif ya ?"", ""saya mau tanya , ini saya mau beli paket yellow kenapa sama xxxnumberxxx tidak direspon / tidak dibalas"", ""hai jnt xxxuserxxx mau tanya dong kenapa paket yg saya kirim masih gini aja ya mohon pencerahannya""]",False,5,1532,32,False,139
google/gemma-3-4b-it,formal,informal,hybrid_early,0.1,"sinyal xxxnumberxxx g beberapa hari ini kok sangat sampah ? tidak stabil , lambat . ada apakah ?","“sinyal xxxnumberxxx g beberapa hari ini kok macet banget, nggak stabil, lama. ada apa ya?”",False,116,4200058,42,"[""malam , mohon info paket saya sejak tanggal xxxnumberxxx tertahan dgn status itu . blm terkirim sampai sekarang , ada apa ya ?"", ""grab paket hemat saya billingnya itu tgl xxxnumberxxx juli xxxnumberxxx sekarang aja udh agustus kok subscribe nya masih aktif ya ?"", ""maaf min mau nanya apakah bener ini nomor dari gojek ? + xxxnumberxxx"", ""saya mau tanya , ini saya mau beli paket yellow kenapa sama xxxnumberxxx tidak direspon / tidak dibalas"", ""sudah kak , sudah saya ganti ke xxxnumberxxx g tp ttp susah""]",False,5,1445,26,False,91
google/gemma-3-4b-it,formal,informal,hybrid_early,0.1,"admin , kode promo ovopayday di app saya mengapa tidak muncul ?","""admin, kok kode promo ovopayday di app gue gak muncul ya?""",True,118,4200059,42,"[""malam , mohon info paket saya sejak tanggal xxxnumberxxx tertahan dgn status itu . blm terkirim sampai sekarang , ada apa ya ?"", ""halo min saldo ovo ga muncul di grab , padahal nomor hp sudah sama . tolong cek dm ya min"", ""grab paket hemat saya billingnya itu tgl xxxnumberxxx juli xxxnumberxxx sekarang aja udh agustus kok subscribe nya masih aktif ya ?"", ""maaf min mau nanya apakah bener ini nomor dari gojek ? + xxxnumberxxx"", ""jb xxxphonexxx , sudah seminggu paket ngga nyampe , padahal masih dalam jakarta , ini malah dikirm ke surabaya buat apa coba ? jnt sistemnya gimana sih ?""]",False,5,1492,19,False,59
google/gemma-3-4b-it,formal,informal,hybrid_early,0.1,kenapa beli pulsa ini tidak juga dikonfirmasi operator ? pulsa belum masuk .,“kok beli pulsa ini nggak dikonfirmasi sama operator sih? pulsa belum masuk juga.”,False,120,4200060,42,"[""malam , mohon info paket saya sejak tanggal xxxnumberxxx tertahan dgn status itu . blm terkirim sampai sekarang , ada apa ya ?"", ""grab paket hemat saya billingnya itu tgl xxxnumberxxx juli xxxnumberxxx sekarang aja udh agustus kok subscribe nya masih aktif ya ?"", ""maaf min mau nanya apakah bener ini nomor dari gojek ? + xxxnumberxxx"", ""saya mau tanya , ini saya mau beli paket yellow kenapa sama xxxnumberxxx tidak direspon / tidak dibalas"", ""jb xxxphonexxx , sudah seminggu paket ngga nyampe , padahal masih dalam jakarta , ini malah dikirm ke surabaya buat apa coba ? jnt sistemnya gimana sih ?""]",False,5,1519,22,False,82
google/gemma-3-4b-it,formal,informal,hybrid_early,0.1,tolong respons dm saya . terima kasih .,"halo , tolong balas dm saya ya. makasih.",False,122,4200061,42,"[""malam , mohon info paket saya sejak tanggal xxxnumberxxx tertahan dgn status itu . blm terkirim sampai sekarang , ada apa ya ?"", ""maaf min mau nanya apakah bener ini nomor dari gojek ? + xxxnumberxxx"", ""hai jnt xxxuserxxx mau tanya dong kenapa paket yg saya kirim masih gini aja ya mohon pencerahannya"", ""saya mau tanya , ini saya mau beli paket yellow kenapa sama xxxnumberxxx tidak direspon / tidak dibalas"", ""halo min saldo ovo ga muncul di grab , padahal nomor hp sudah sama . tolong cek dm ya min""]",False,5,1385,13,False,40
google/gemma-3-4b-it,formal,informal,hybrid_early,0.1,"admin , ini layanan grabfood di semarang apakah sedang masalah atau bagaimana ? dari kemarin pesan tidak bisa - bisa . tulisannya pengemudi sibuk semua .","min, grabfood semarang lagi ada masalah apa ya? dari kemarin susah banget pesen, tulisannya driver sibuk terus.",True,124,4200062,42,"[""malam , mohon info paket saya sejak tanggal xxxnumberxxx tertahan dgn status itu . blm terkirim sampai sekarang , ada apa ya ?"", ""grab paket hemat saya billingnya itu tgl xxxnumberxxx juli xxxnumberxxx sekarang aja udh agustus kok subscribe nya masih aktif ya ?"", ""maaf min mau nanya apakah bener ini nomor dari gojek ? + xxxnumberxxx"", ""min , udh xxxnumberxxx hari ini saya mau gofood kok gak dapet driver terus ? apa aplikasi gojek lagi error ?"", ""halo min saldo ovo ga muncul di grab , padahal nomor hp sudah sama . tolong cek dm ya min""]",False,5,1537,28,False,111
google/gemma-3-4b-it,formal,informal,hybrid_early,0.1,katanya beli chatime cashback xxxpercentxxx . habis transaksi saldo bonusnya kosong .,"""katanya beli chatime cashback xxxpercentxxx, kok saldo bonusnya kosong ya?""",False,126,4200063,42,"[""grab paket hemat saya billingnya itu tgl xxxnumberxxx juli xxxnumberxxx sekarang aja udh agustus kok subscribe nya masih aktif ya ?"", ""cek dm coba xxxuserxxx dari tadi komplen ngga ada respon , pulsa udah kepotong kena tarif per kb"", ""malam , mohon info paket saya sejak tanggal xxxnumberxxx tertahan dgn status itu . blm terkirim sampai sekarang , ada apa ya ?"", ""tolong dong xxxuserxxx dari kmaren sore jaringan nya full tapi nggak nyambung ke internet padahal kuota dah lumayan banyak"", ""saya mau tanya , ini saya mau beli paket yellow kenapa sama xxxnumberxxx tidak direspon / tidak dibalas""]",False,5,1524,20,False,76
google/gemma-3-4b-it,formal,informal,hybrid_early,0.1,"admin , saya punya paketan telepon xxxnumberxxx x24 jam tapi barusan dipakai malah pulsa saya yang terpotong . tolong bantuannya untuk dikembalikan pulsanya .","“admin, kok paket 24 jam saya malah abis pulsa saya dipotong waktu barusan? Tolong bantu kembalikan pulsanya dong.”",False,128,4200064,42,"[""malam , mohon info paket saya sejak tanggal xxxnumberxxx tertahan dgn status itu . blm terkirim sampai sekarang , ada apa ya ?"", ""dear indosat , sy mau isi paketan , tetapi kenapa tidak bisa ya , sudah sejak jam xxxnumberxxx tadi , pulsa sdh masuk tapi tdk bisa aktip"", ""saya mau tanya , ini saya mau beli paket yellow kenapa sama xxxnumberxxx tidak direspon / tidak dibalas"", ""grab paket hemat saya billingnya itu tgl xxxnumberxxx juli xxxnumberxxx sekarang aja udh agustus kok subscribe nya masih aktif ya ?"", ""maaf min mau nanya apakah bener ini nomor dari gojek ? + xxxnumberxxx""]",False,5,1585,34,False,115
google/gemma-3-4b-it,formal,informal,hybrid_early,0.1,"kak , saya pesan grabfood . tapi makanan yang datang tidak sesuai dengan yang saya pesan dan yang saya bayar kak .","min, gue pesen grabfood. tapi makanannya gak sesuai yang pesen, kok, kak?",False,130,4200065,42,"[""malam , mohon info paket saya sejak tanggal xxxnumberxxx tertahan dgn status itu . blm terkirim sampai sekarang , ada apa ya ?"", ""grab paket hemat saya billingnya itu tgl xxxnumberxxx juli xxxnumberxxx sekarang aja udh agustus kok subscribe nya masih aktif ya ?"", ""maaf min mau nanya apakah bener ini nomor dari gojek ? + xxxnumberxxx"", ""min , udh xxxnumberxxx hari ini saya mau gofood kok gak dapet driver terus ? apa aplikasi gojek lagi error ?"", ""cek dm coba xxxuserxxx dari tadi komplen ngga ada respon , pulsa udah kepotong kena tarif per kb""]",False,5,1505,23,False,73
google/gemma-3-4b-it,formal,informal,hybrid_early,0.1,tolong cek dm lagi admin .,"hai admin, tolong cek dm lg ya min.",False,132,4200066,42,"[""malam , mohon info paket saya sejak tanggal xxxnumberxxx tertahan dgn status itu . blm terkirim sampai sekarang , ada apa ya ?"", ""maaf min mau nanya apakah bener ini nomor dari gojek ? + xxxnumberxxx"", ""grab paket hemat saya billingnya itu tgl xxxnumberxxx juli xxxnumberxxx sekarang aja udh agustus kok subscribe nya masih aktif ya ?"", ""hai jnt xxxuserxxx mau tanya dong kenapa paket yg saya kirim masih gini aja ya mohon pencerahannya"", ""halo min saldo ovo ga muncul di grab , padahal nomor hp sudah sama . tolong cek dm ya min""]",False,5,1400,13,False,35
google/gemma-3-4b-it,formal,informal,hybrid_early,0.1,hai kak . mohon cek dm .,"hai kak , ada masalah apa nih?",False,134,4200067,42,"[""malam , mohon info paket saya sejak tanggal xxxnumberxxx tertahan dgn status itu . blm terkirim sampai sekarang , ada apa ya ?"", ""halo min saldo ovo ga muncul di grab , padahal nomor hp sudah sama . tolong cek dm ya min"", ""maaf min mau nanya apakah bener ini nomor dari gojek ? + xxxnumberxxx"", ""grab paket hemat saya billingnya itu tgl xxxnumberxxx juli xxxnumberxxx sekarang aja udh agustus kok subscribe nya masih aktif ya ?"", ""hai jnt xxxuserxxx mau tanya dong kenapa paket yg saya kirim masih gini aja ya mohon pencerahannya""]",False,5,1398,10,False,30
google/gemma-3-4b-it,formal,informal,hybrid_early,0.1,"saya mau tanya admin . saya kan terbilang nasabah baru , apakah bisa tarik tunai di atm mandiri syariah ?","Min, mau tanya nih. saya baru jadi pelanggan, bisa penarikan tunai di atm mandiri syariah gak ya?",False,136,4200068,42,"[""grab paket hemat saya billingnya itu tgl xxxnumberxxx juli xxxnumberxxx sekarang aja udh agustus kok subscribe nya masih aktif ya ?"", ""dear indosat , sy mau isi paketan , tetapi kenapa tidak bisa ya , sudah sejak jam xxxnumberxxx tadi , pulsa sdh masuk tapi tdk bisa aktip"", ""malam , mohon info paket saya sejak tanggal xxxnumberxxx tertahan dgn status itu . blm terkirim sampai sekarang , ada apa ya ?"", ""maaf min mau nanya apakah bener ini nomor dari gojek ? + xxxnumberxxx"", ""saya mau tanya , ini saya mau beli paket yellow kenapa sama xxxnumberxxx tidak direspon / tidak dibalas""]",False,5,1532,27,False,97
google/gemma-3-4b-it,formal,informal,hybrid_early,0.1,"iya , di mandiri onlinenya saldo terpotong , cuma biasanya kan dapat email . ini tidak masuk email .","“iya, di mandiri online saldo udah abis, tapi biasanya kan masuk email, fix gak masuk email sih.”",False,138,4200069,42,"[""grab paket hemat saya billingnya itu tgl xxxnumberxxx juli xxxnumberxxx sekarang aja udh agustus kok subscribe nya masih aktif ya ?"", ""malam , mohon info paket saya sejak tanggal xxxnumberxxx tertahan dgn status itu . blm terkirim sampai sekarang , ada apa ya ?"", ""maaf min mau nanya apakah bener ini nomor dari gojek ? + xxxnumberxxx"", ""dear indosat , sy mau isi paketan , tetapi kenapa tidak bisa ya , sudah sejak jam xxxnumberxxx tadi , pulsa sdh masuk tapi tdk bisa aktip"", ""halo min saldo ovo ga muncul di grab , padahal nomor hp sudah sama . tolong cek dm ya min""]",False,5,1513,26,False,97
google/gemma-3-4b-it,formal,informal,hybrid_early,0.1,"kepada xxxuserxxx , sinyal daerah tempat ini harap diperhatikan . kelihatannya perlu pemeliharaan ( khususnya di belakang gardu induk pln ) perumnas xxxnumberxxx .","hai xxxuserxxx , sinyal di daerah sini nih harap diperhatiin ya. kayaknya perlu perawatan (terutama di belakang gardu induk pln) perumnas xxxnumberxxx",True,140,4200070,42,"[""malam , mohon info paket saya sejak tanggal xxxnumberxxx tertahan dgn status itu . blm terkirim sampai sekarang , ada apa ya ?"", ""maaf min mau nanya apakah bener ini nomor dari gojek ? + xxxnumberxxx"", ""dear indosat , sy mau isi paketan , tetapi kenapa tidak bisa ya , sudah sejak jam xxxnumberxxx tadi , pulsa sdh masuk tapi tdk bisa aktip"", ""tolong dong xxxuserxxx dari kmaren sore jaringan nya full tapi nggak nyambung ke internet padahal kuota dah lumayan banyak"", ""hai jnt xxxuserxxx mau tanya dong kenapa paket yg saya kirim masih gini aja ya mohon pencerahannya""]",False,5,1576,39,False,150
google/gemma-3-4b-it,formal,informal,hybrid_early,0.1,kakak . mengapa padahal saya memakai nomor ini kok tidak bisa ?,"“kak, kenapa ya kok nggak bisa sih pakai nomor ini?”",False,142,4200071,42,"[""malam , mohon info paket saya sejak tanggal xxxnumberxxx tertahan dgn status itu . blm terkirim sampai sekarang , ada apa ya ?"", ""maaf min mau nanya apakah bener ini nomor dari gojek ? + xxxnumberxxx"", ""saya mau tanya , ini saya mau beli paket yellow kenapa sama xxxnumberxxx tidak direspon / tidak dibalas"", ""jb xxxphonexxx , sudah seminggu paket ngga nyampe , padahal masih dalam jakarta , ini malah dikirm ke surabaya buat apa coba ? jnt sistemnya gimana sih ?"", ""sudah kak , sudah saya ganti ke xxxnumberxxx g tp ttp susah""]",False,5,1434,15,False,52
google/gemma-3-4b-it,formal,informal,hybrid_early,0.1,benar - benar dipermainkan kelangsungan hidupku .,"“parah banget, kelanjutanku dipakein asal-asalan.”",False,144,4200072,42,"[""malam , mohon info paket saya sejak tanggal xxxnumberxxx tertahan dgn status itu . blm terkirim sampai sekarang , ada apa ya ?"", ""sudah kak , sudah saya ganti ke xxxnumberxxx g tp ttp susah"", ""grab paket hemat saya billingnya itu tgl xxxnumberxxx juli xxxnumberxxx sekarang aja udh agustus kok subscribe nya masih aktif ya ?"", ""hai jnt xxxuserxxx mau tanya dong kenapa paket yg saya kirim masih gini aja ya mohon pencerahannya"", ""jb xxxphonexxx , sudah seminggu paket ngga nyampe , padahal masih dalam jakarta , ini malah dikirm ke surabaya buat apa coba ? jnt sistemnya gimana sih ?""]",False,5,1477,18,False,50
google/gemma-3-4b-it,formal,informal,hybrid_early,0.1,"admin , mengapa aku beli fore cofee tidak dapat cashback ?","admin , kenapa gue beli fore cofee gak dapet cashback sih?",False,146,4200073,42,"[""grab paket hemat saya billingnya itu tgl xxxnumberxxx juli xxxnumberxxx sekarang aja udh agustus kok subscribe nya masih aktif ya ?"", ""malam , mohon info paket saya sejak tanggal xxxnumberxxx tertahan dgn status itu . blm terkirim sampai sekarang , ada apa ya ?"", ""saya mau tanya , ini saya mau beli paket yellow kenapa sama xxxnumberxxx tidak direspon / tidak dibalas"", ""jb xxxphonexxx , sudah seminggu paket ngga nyampe , padahal masih dalam jakarta , ini malah dikirm ke surabaya buat apa coba ? jnt sistemnya gimana sih ?"", ""maaf min mau nanya apakah bener ini nomor dari gojek ? + xxxnumberxxx""]",False,5,1501,15,False,58
google/gemma-3-4b-it,formal,informal,hybrid_early,0.1,"mau daftar , tapi tidak ada pilihan bintaro , tangerang selatan . jadi tidak bisa . kapan bisanya ?","“mau bli paket, gak ada pilihan bintaro, tangerang selatan. jadi gak bisa. kapan ya bs ?”",False,148,4200074,42,"[""grab paket hemat saya billingnya itu tgl xxxnumberxxx juli xxxnumberxxx sekarang aja udh agustus kok subscribe nya masih aktif ya ?"", ""maaf min mau nanya apakah bener ini nomor dari gojek ? + xxxnumberxxx"", ""jb xxxphonexxx , sudah seminggu paket ngga nyampe , padahal masih dalam jakarta , ini malah dikirm ke surabaya buat apa coba ? jnt sistemnya gimana sih ?"", ""malam , mohon info paket saya sejak tanggal xxxnumberxxx tertahan dgn status itu . blm terkirim sampai sekarang , ada apa ya ?"", ""saya mau tanya , ini saya mau beli paket yellow kenapa sama xxxnumberxxx tidak direspon / tidak dibalas""]",False,5,1542,26,False,89
google/gemma-3-4b-it,formal,informal,hybrid_early,0.1,"yah , ketahuan pakai paket promo kamu tama .","“eh, ketauan pake paket promo tama nih.”",False,150,4200075,42,"[""grab paket hemat saya billingnya itu tgl xxxnumberxxx juli xxxnumberxxx sekarang aja udh agustus kok subscribe nya masih aktif ya ?"", ""cek dm coba xxxuserxxx dari tadi komplen ngga ada respon , pulsa udah kepotong kena tarif per kb"", ""malam , mohon info paket saya sejak tanggal xxxnumberxxx tertahan dgn status itu . blm terkirim sampai sekarang , ada apa ya ?"", ""jb xxxphonexxx , sudah seminggu paket ngga nyampe , padahal masih dalam jakarta , ini malah dikirm ke surabaya buat apa coba ? jnt sistemnya gimana sih ?"", ""maaf min mau nanya apakah bener ini nomor dari gojek ? + xxxnumberxxx""]",False,5,1480,13,False,40
google/gemma-3-4b-it,formal,informal,hybrid_early,0.1,"kamu chat xxxuserxxx atau dari pelanggan kamu chat ke shopee , bilang dananya mengapa tidak dapat cair padahal sudah terima barang .","hai, kenapa dana gak cair ya? udah terima barang kok gak ada? chat ke shopee dong xxxuserxxx",False,152,4200076,42,"[""malam , mohon info paket saya sejak tanggal xxxnumberxxx tertahan dgn status itu . blm terkirim sampai sekarang , ada apa ya ?"", ""jb xxxphonexxx , sudah seminggu paket ngga nyampe , padahal masih dalam jakarta , ini malah dikirm ke surabaya buat apa coba ? jnt sistemnya gimana sih ?"", ""cek dm coba xxxuserxxx dari tadi komplen ngga ada respon , pulsa udah kepotong kena tarif per kb"", ""hai jnt xxxuserxxx mau tanya dong kenapa paket yg saya kirim masih gini aja ya mohon pencerahannya"", ""grab paket hemat saya billingnya itu tgl xxxnumberxxx juli xxxnumberxxx sekarang aja udh agustus kok subscribe nya masih aktif ya ?""]",False,5,1597,25,False,92
google/gemma-3-4b-it,formal,informal,hybrid_early,0.1,"halo maaf mau tanya , handphone saya tiba - tiba kartunya no service . itu kenapa ? minta tolong bantuannya kak . terima kasih .","hai, maaf mau nanya nih, handphone gue tiba-tiba kartunya gak bisa. kenapa ya? tolong bantu dong, makasih.",False,154,4200077,42,"[""malam , mohon info paket saya sejak tanggal xxxnumberxxx tertahan dgn status itu . blm terkirim sampai sekarang , ada apa ya ?"", ""saya mau tanya , ini saya mau beli paket yellow kenapa sama xxxnumberxxx tidak direspon / tidak dibalas"", ""maaf min mau nanya apakah bener ini nomor dari gojek ? + xxxnumberxxx"", ""hai jnt xxxuserxxx mau tanya dong kenapa paket yg saya kirim masih gini aja ya mohon pencerahannya"", ""grab paket hemat saya billingnya itu tgl xxxnumberxxx juli xxxnumberxxx sekarang aja udh agustus kok subscribe nya masih aktif ya ?""]",False,5,1516,31,False,106
google/gemma-3-4b-it,formal,informal,hybrid_early,0.1,"kukira , mengirimkan tweetnya ke yang satu lagi . rupanya , kemari juga sampai .","“eh, udah kirim tweet ke yang lain, ternyata juga udah sampai.”",False,156,4200078,42,"[""malam , mohon info paket saya sejak tanggal xxxnumberxxx tertahan dgn status itu . blm terkirim sampai sekarang , ada apa ya ?"", ""maaf min mau nanya apakah bener ini nomor dari gojek ? + xxxnumberxxx"", ""jb xxxphonexxx , sudah seminggu paket ngga nyampe , padahal masih dalam jakarta , ini malah dikirm ke surabaya buat apa coba ? jnt sistemnya gimana sih ?"", ""grab paket hemat saya billingnya itu tgl xxxnumberxxx juli xxxnumberxxx sekarang aja udh agustus kok subscribe nya masih aktif ya ?"", ""hai jnt xxxuserxxx mau tanya dong kenapa paket yg saya kirim masih gini aja ya mohon pencerahannya""]",False,5,1518,18,False,63
google/gemma-3-4b-it,formal,informal,hybrid_early,0.1,kembalikan pulsa saya yang diambil xxxnumberxxx !,“tolong kembalikan pulsa saya yang diambil nomor xxxnumberxxx!”,False,158,4200079,42,"[""malam , mohon info paket saya sejak tanggal xxxnumberxxx tertahan dgn status itu . blm terkirim sampai sekarang , ada apa ya ?"", ""maaf min mau nanya apakah bener ini nomor dari gojek ? + xxxnumberxxx"", ""saya mau tanya , ini saya mau beli paket yellow kenapa sama xxxnumberxxx tidak direspon / tidak dibalas"", ""grab paket hemat saya billingnya itu tgl xxxnumberxxx juli xxxnumberxxx sekarang aja udh agustus kok subscribe nya masih aktif ya ?"", ""dear indosat , sy mau isi paketan , tetapi kenapa tidak bisa ya , sudah sejak jam xxxnumberxxx tadi , pulsa sdh masuk tapi tdk bisa aktip""]",False,5,1476,18,False,63
google/gemma-3-4b-it,formal,informal,hybrid_early,0.1,"tapi , sinyal telkomsel bapuk bukan main bro .",“Sinyal Telkomsel bener-bener jelek parah bro.”,False,160,4200080,42,"[""jb xxxphonexxx , sudah seminggu paket ngga nyampe , padahal masih dalam jakarta , ini malah dikirm ke surabaya buat apa coba ? jnt sistemnya gimana sih ?"", ""malam , mohon info paket saya sejak tanggal xxxnumberxxx tertahan dgn status itu . blm terkirim sampai sekarang , ada apa ya ?"", ""halo min saldo ovo ga muncul di grab , padahal nomor hp sudah sama . tolong cek dm ya min"", ""maaf min mau nanya apakah bener ini nomor dari gojek ? + xxxnumberxxx"", ""cek dm coba xxxuserxxx dari tadi komplen ngga ada respon , pulsa udah kepotong kena tarif per kb""]",False,5,1440,20,False,47
google/gemma-3-4b-it,formal,informal,hybrid_early,0.1,telat buka twitter . terima kasih xxxuserxxx rp10 nya .,"hai, paket rp10 dari twitter udah telat nih. thanks.",False,162,4200081,42,"[""malam , mohon info paket saya sejak tanggal xxxnumberxxx tertahan dgn status itu . blm terkirim sampai sekarang , ada apa ya ?"", ""maaf min mau nanya apakah bener ini nomor dari gojek ? + xxxnumberxxx"", ""grab paket hemat saya billingnya itu tgl xxxnumberxxx juli xxxnumberxxx sekarang aja udh agustus kok subscribe nya masih aktif ya ?"", ""hai jnt xxxuserxxx mau tanya dong kenapa paket yg saya kirim masih gini aja ya mohon pencerahannya"", ""cek dm coba xxxuserxxx dari tadi komplen ngga ada respon , pulsa udah kepotong kena tarif per kb""]",False,5,1436,16,False,52
google/gemma-3-4b-it,formal,informal,hybrid_early,0.1,"halo kak , mau tanya dong . aku mengirim barang ke rembang tapi kenapa di tujuannya ke gamping sleman kak . nomor resi xxxnumberxxx .","hai kak , mau tanya dong . aku kirim barang ke rembang tapi kenapa tujuannya ke gamping sleman ya kak . nomor resi xxxnumberxxx",False,164,4200082,42,"[""malam , mohon info paket saya sejak tanggal xxxnumberxxx tertahan dgn status itu . blm terkirim sampai sekarang , ada apa ya ?"", ""maaf min mau nanya apakah bener ini nomor dari gojek ? + xxxnumberxxx"", ""grab paket hemat saya billingnya itu tgl xxxnumberxxx juli xxxnumberxxx sekarang aja udh agustus kok subscribe nya masih aktif ya ?"", ""saya mau tanya , ini saya mau beli paket yellow kenapa sama xxxnumberxxx tidak direspon / tidak dibalas"", ""hai jnt xxxuserxxx mau tanya dong kenapa paket yg saya kirim masih gini aja ya mohon pencerahannya""]",False,5,1521,34,False,127
google/gemma-3-4b-it,formal,informal,hybrid_early,0.1,harusnya kalau xxxnumberxxx orang pesan grab saja admin .,"“harusnya kalau xxxnumberxxx orang pesen grab aja, admin.”",False,166,4200083,42,"[""maaf min mau nanya apakah bener ini nomor dari gojek ? + xxxnumberxxx"", ""grab paket hemat saya billingnya itu tgl xxxnumberxxx juli xxxnumberxxx sekarang aja udh agustus kok subscribe nya masih aktif ya ?"", ""malam , mohon info paket saya sejak tanggal xxxnumberxxx tertahan dgn status itu . blm terkirim sampai sekarang , ada apa ya ?"", ""hai jnt xxxuserxxx mau tanya dong kenapa paket yg saya kirim masih gini aja ya mohon pencerahannya"", ""saya mau tanya , ini saya mau beli paket yellow kenapa sama xxxnumberxxx tidak direspon / tidak dibalas""]",False,5,1445,16,False,58
google/gemma-3-4b-it,formal,informal,hybrid_early,0.1,milea sangat kepo minta - minta nomor dilan .,milea curiga banget ngincer nomor dilan.,False,168,4200084,42,"[""cek dm coba xxxuserxxx dari tadi komplen ngga ada respon , pulsa udah kepotong kena tarif per kb"", ""maaf min mau nanya apakah bener ini nomor dari gojek ? + xxxnumberxxx"", ""malam , mohon info paket saya sejak tanggal xxxnumberxxx tertahan dgn status itu . blm terkirim sampai sekarang , ada apa ya ?"", ""saya mau tanya , ini saya mau beli paket yellow kenapa sama xxxnumberxxx tidak direspon / tidak dibalas"", ""tolong dong xxxuserxxx dari kmaren sore jaringan nya full tapi nggak nyambung ke internet padahal kuota dah lumayan banyak""]",False,5,1422,12,False,40
google/gemma-3-4b-it,formal,informal,hybrid_early,0.1,mau diadili tapi tidak boleh . ah sudahlah .,"ah, males banget diurus gitu.",False,170,4200085,42,"[""grab paket hemat saya billingnya itu tgl xxxnumberxxx juli xxxnumberxxx sekarang aja udh agustus kok subscribe nya masih aktif ya ?"", ""malam , mohon info paket saya sejak tanggal xxxnumberxxx tertahan dgn status itu . blm terkirim sampai sekarang , ada apa ya ?"", ""sudah kak , sudah saya ganti ke xxxnumberxxx g tp ttp susah"", ""jb xxxphonexxx , sudah seminggu paket ngga nyampe , padahal masih dalam jakarta , ini malah dikirm ke surabaya buat apa coba ? jnt sistemnya gimana sih ?"", ""maaf min mau nanya apakah bener ini nomor dari gojek ? + xxxnumberxxx""]",False,5,1443,9,False,29
google/gemma-3-4b-it,formal,informal,hybrid_early,0.1,bangun tiduk cek hp banyak sekali promo buat saya . terima kasih xxxuserxxx .,"“Min, kok banyak promo di HP gue ya dari xxxuserxxx? Makasih.”",False,172,4200086,42,"[""malam , mohon info paket saya sejak tanggal xxxnumberxxx tertahan dgn status itu . blm terkirim sampai sekarang , ada apa ya ?"", ""cek dm coba xxxuserxxx dari tadi komplen ngga ada respon , pulsa udah kepotong kena tarif per kb"", ""saya mau tanya , ini saya mau beli paket yellow kenapa sama xxxnumberxxx tidak direspon / tidak dibalas"", ""maaf min mau nanya apakah bener ini nomor dari gojek ? + xxxnumberxxx"", ""jp xxxphonexxx min tolong dong ini paket saya ga nyampe nyampe , padahal ngirim sesama jakarta bisa xxxnumberxxx harian .""]",False,5,1453,20,False,62
google/gemma-3-4b-it,formal,informal,hybrid_early,0.1,admin . tolong balas dm saya . terima kasih .,"hai admin , mau tanya dong , ini dm saya nih . makasih ya",False,174,4200087,42,"[""malam , mohon info paket saya sejak tanggal xxxnumberxxx tertahan dgn status itu . blm terkirim sampai sekarang , ada apa ya ?"", ""maaf min mau nanya apakah bener ini nomor dari gojek ? + xxxnumberxxx"", ""saya mau tanya , ini saya mau beli paket yellow kenapa sama xxxnumberxxx tidak direspon / tidak dibalas"", ""hai jnt xxxuserxxx mau tanya dong kenapa paket yg saya kirim masih gini aja ya mohon pencerahannya"", ""grab paket hemat saya billingnya itu tgl xxxnumberxxx juli xxxnumberxxx sekarang aja udh agustus kok subscribe nya masih aktif ya ?""]",False,5,1433,17,False,57
google/gemma-3-4b-it,formal,informal,hybrid_early,0.1,"admin , ini bagaimana ? aku mengisi voucher malah tidak jadi - jadi , seperti ini terus .","“admin, tolong bantu, voucher yang aku beli malah gak jadi, terus-terusan kayak gini.”",False,176,4200088,42,"[""malam , mohon info paket saya sejak tanggal xxxnumberxxx tertahan dgn status itu . blm terkirim sampai sekarang , ada apa ya ?"", ""grab paket hemat saya billingnya itu tgl xxxnumberxxx juli xxxnumberxxx sekarang aja udh agustus kok subscribe nya masih aktif ya ?"", ""maaf min mau nanya apakah bener ini nomor dari gojek ? + xxxnumberxxx"", ""dear indosat , sy mau isi paketan , tetapi kenapa tidak bisa ya , sudah sejak jam xxxnumberxxx tadi , pulsa sdh masuk tapi tdk bisa aktip"", ""saya mau tanya , ini saya mau beli paket yellow kenapa sama xxxnumberxxx tidak direspon / tidak dibalas""]",False,5,1516,24,False,86
google/gemma-3-4b-it,formal,informal,hybrid_early,0.1,model penipuan mengatasnamakan bri . dimohon kepada pak polisi untuk ditindak .,"""tolong dilaporkan ya pak polisi , ada penipuan namanya brik , mohon di tanggulang .""",False,178,4200089,42,"[""maaf min mau nanya apakah bener ini nomor dari gojek ? + xxxnumberxxx"", ""saya mau tanya , ini saya mau beli paket yellow kenapa sama xxxnumberxxx tidak direspon / tidak dibalas"", ""malam , mohon info paket saya sejak tanggal xxxnumberxxx tertahan dgn status itu . blm terkirim sampai sekarang , ada apa ya ?"", ""grab paket hemat saya billingnya itu tgl xxxnumberxxx juli xxxnumberxxx sekarang aja udh agustus kok subscribe nya masih aktif ya ?"", ""hallo min selamat pagi , no resi jp xxxphonexxx diperkiran bakal diterima hari ini . tapi malah di disimpan kalau ada alamat yang salah tolong diinfo kan .""]",False,5,1524,26,False,85
google/gemma-3-4b-it,formal,informal,hybrid_early,0.1,admin tolong hapuskan langganan iflix soalnya saya tidak pernah menggunakan aplikasi itu .,"“admin, tolong batalin langganan iflix dong soalnya emang gak pernah gue pake.”",False,180,4200090,42,"[""grab paket hemat saya billingnya itu tgl xxxnumberxxx juli xxxnumberxxx sekarang aja udh agustus kok subscribe nya masih aktif ya ?"", ""malam , mohon info paket saya sejak tanggal xxxnumberxxx tertahan dgn status itu . blm terkirim sampai sekarang , ada apa ya ?"", ""sudah kak , sudah saya ganti ke xxxnumberxxx g tp ttp susah"", ""hai jnt xxxuserxxx mau tanya dong kenapa paket yg saya kirim masih gini aja ya mohon pencerahannya"", ""saya mau tanya , ini saya mau beli paket yellow kenapa sama xxxnumberxxx tidak direspon / tidak dibalas""]",False,5,1468,25,False,79
google/gemma-3-4b-it,formal,informal,hybrid_early,0.1,mengapa sudah dua hari ini tidak bisa memesan gofood ?,"min, udah 2 hari ini aku gak bisa pesen gofood, kenapa ya?",False,182,4200091,42,"[""malam , mohon info paket saya sejak tanggal xxxnumberxxx tertahan dgn status itu . blm terkirim sampai sekarang , ada apa ya ?"", ""min , udh xxxnumberxxx hari ini saya mau gofood kok gak dapet driver terus ? apa aplikasi gojek lagi error ?"", ""grab paket hemat saya billingnya itu tgl xxxnumberxxx juli xxxnumberxxx sekarang aja udh agustus kok subscribe nya masih aktif ya ?"", ""jb xxxphonexxx , sudah seminggu paket ngga nyampe , padahal masih dalam jakarta , ini malah dikirm ke surabaya buat apa coba ? jnt sistemnya gimana sih ?"", ""maaf min mau nanya apakah bener ini nomor dari gojek ? + xxxnumberxxx""]",False,5,1502,19,False,58
google/gemma-3-4b-it,formal,informal,hybrid_early,0.1,seberapa kamu ? ada rapat kepanitiaan jam xxxnumberxxx . terus ? jam xxxnumberxxx pagi sudah mandi dong .,"""kok gini amat sih . ada rapat panitia jam xxxnumberxxx . terus ? jam xxxnumberxxx pagi udah mandi aja dong.""",False,184,4200092,42,"[""malam , mohon info paket saya sejak tanggal xxxnumberxxx tertahan dgn status itu . blm terkirim sampai sekarang , ada apa ya ?"", ""grab paket hemat saya billingnya itu tgl xxxnumberxxx juli xxxnumberxxx sekarang aja udh agustus kok subscribe nya masih aktif ya ?"", ""maaf min mau nanya apakah bener ini nomor dari gojek ? + xxxnumberxxx"", ""lha gimana bos . urgen . telopon ke xxxnumberxxx nunggu lama bgt , giliran udh nyambung cs nanyanya panjang x lebar keburu habis pulsa masalah gak kelar ."", ""dear indosat , sy mau isi paketan , tetapi kenapa tidak bisa ya , sudah sejak jam xxxnumberxxx tadi , pulsa sdh masuk tapi tdk bisa aktip""]",False,5,1583,29,False,109
google/gemma-3-4b-it,formal,informal,hybrid_early,0.1,"sudah saya hubungi kembali melalui dm , mohon bantuannya segera . terima kasih banyak .","""udah gue hubungi lagi lewat dm, tolong bantu ya secepatnya. makasih banyak.""",False,186,4200093,42,"[""malam , mohon info paket saya sejak tanggal xxxnumberxxx tertahan dgn status itu . blm terkirim sampai sekarang , ada apa ya ?"", ""maaf min mau nanya apakah bener ini nomor dari gojek ? + xxxnumberxxx"", ""saya mau tanya , ini saya mau beli paket yellow kenapa sama xxxnumberxxx tidak direspon / tidak dibalas"", ""halo min saldo ovo ga muncul di grab , padahal nomor hp sudah sama . tolong cek dm ya min"", ""jb xxxphonexxx , sudah seminggu paket ngga nyampe , padahal masih dalam jakarta , ini malah dikirm ke surabaya buat apa coba ? jnt sistemnya gimana sih ?""]",False,5,1488,23,False,77
google/gemma-3-4b-it,formal,informal,hybrid_early,0.1,bagaimana mas caranya ? punya saya begini melulu .,"“Kok masih gitu ya, Mas? Ini terus-terusan begini.”",False,188,4200094,42,"[""malam , mohon info paket saya sejak tanggal xxxnumberxxx tertahan dgn status itu . blm terkirim sampai sekarang , ada apa ya ?"", ""hai jnt xxxuserxxx mau tanya dong kenapa paket yg saya kirim masih gini aja ya mohon pencerahannya"", ""sudah kak , sudah saya ganti ke xxxnumberxxx g tp ttp susah"", ""grab paket hemat saya billingnya itu tgl xxxnumberxxx juli xxxnumberxxx sekarang aja udh agustus kok subscribe nya masih aktif ya ?"", ""maaf min mau nanya apakah bener ini nomor dari gojek ? + xxxnumberxxx""]",False,5,1394,18,False,51
google/gemma-3-4b-it,formal,informal,hybrid_early,0.1,"di ruang tunggu bandara , untuk nasabah solitare , apakah fasilitas yang dapat dinikmati seperti makan , minum , pijat juga gratis ?","“Halo, mau tanya nih, buat pelanggan Solitaire, fasilitas makan, minum, pijat di bandara itu gratis gitu ya?”",False,190,4200095,42,"[""malam , mohon info paket saya sejak tanggal xxxnumberxxx tertahan dgn status itu . blm terkirim sampai sekarang , ada apa ya ?"", ""jb xxxphonexxx , sudah seminggu paket ngga nyampe , padahal masih dalam jakarta , ini malah dikirm ke surabaya buat apa coba ? jnt sistemnya gimana sih ?"", ""grab paket hemat saya billingnya itu tgl xxxnumberxxx juli xxxnumberxxx sekarang aja udh agustus kok subscribe nya masih aktif ya ?"", ""maaf min mau nanya apakah bener ini nomor dari gojek ? + xxxnumberxxx"", ""dear indosat , sy mau isi paketan , tetapi kenapa tidak bisa ya , sudah sejak jam xxxnumberxxx tadi , pulsa sdh masuk tapi tdk bisa aktip""]",False,5,1609,29,False,109
google/gemma-3-4b-it,formal,informal,hybrid_early,0.1,"dan apapun alasannya , memang sudah peraturan dari jnt ya kalau pelanggan itu harus dikunci dari luar ? aduh , jera menggunakan jnt .","“jd, bener gak sih jnt ada aturan pelanggan dikunci dari luar? beneran ngeri sih, pake jnt.”",False,192,4200096,42,"[""malam , mohon info paket saya sejak tanggal xxxnumberxxx tertahan dgn status itu . blm terkirim sampai sekarang , ada apa ya ?"", ""hai jnt xxxuserxxx mau tanya dong kenapa paket yg saya kirim masih gini aja ya mohon pencerahannya"", ""grab paket hemat saya billingnya itu tgl xxxnumberxxx juli xxxnumberxxx sekarang aja udh agustus kok subscribe nya masih aktif ya ?"", ""maaf min mau nanya apakah bener ini nomor dari gojek ? + xxxnumberxxx"", ""jb xxxphonexxx , sudah seminggu paket ngga nyampe , padahal masih dalam jakarta , ini malah dikirm ke surabaya buat apa coba ? jnt sistemnya gimana sih ?""]",False,5,1571,30,False,92
google/gemma-3-4b-it,formal,informal,hybrid_early,0.1,"kiriman saya dengan resi xxxnumberxxx , mengapa statusnya masih on process di website ? padahal , seharusnya hari ini sudah sampai karena menggunakan paket yes .","“resi xxxnumberxxx, kok masih on process ya di website? seharusnya udah sampe hari ini pake paket yes, kenapa nih?”",False,194,4200097,42,"[""malam , mohon info paket saya sejak tanggal xxxnumberxxx tertahan dgn status itu . blm terkirim sampai sekarang , ada apa ya ?"", ""jb xxxphonexxx , sudah seminggu paket ngga nyampe , padahal masih dalam jakarta , ini malah dikirm ke surabaya buat apa coba ? jnt sistemnya gimana sih ?"", ""maaf min mau nanya apakah bener ini nomor dari gojek ? + xxxnumberxxx"", ""grab paket hemat saya billingnya itu tgl xxxnumberxxx juli xxxnumberxxx sekarang aja udh agustus kok subscribe nya masih aktif ya ?"", ""saya mau tanya , ini saya mau beli paket yellow kenapa sama xxxnumberxxx tidak direspon / tidak dibalas""]",False,5,1604,28,False,115
google/gemma-3-4b-it,formal,informal,hybrid_early,0.1,mau memaketkan harian mengapa selalu tidak bisa admin ?,"“kok gak bisa mak paket harian sih, admin?”",False,196,4200098,42,"[""malam , mohon info paket saya sejak tanggal xxxnumberxxx tertahan dgn status itu . blm terkirim sampai sekarang , ada apa ya ?"", ""grab paket hemat saya billingnya itu tgl xxxnumberxxx juli xxxnumberxxx sekarang aja udh agustus kok subscribe nya masih aktif ya ?"", ""jb xxxphonexxx , sudah seminggu paket ngga nyampe , padahal masih dalam jakarta , ini malah dikirm ke surabaya buat apa coba ? jnt sistemnya gimana sih ?"", ""maaf min mau nanya apakah bener ini nomor dari gojek ? + xxxnumberxxx"", ""cek dm coba xxxuserxxx dari tadi komplen ngga ada respon , pulsa udah kepotong kena tarif per kb""]",False,5,1491,14,False,43
google/gemma-3-4b-it,formal,informal,hybrid_early,0.1,"admin . kenapa saya mencari menu gofood tidak ada ? kemudian , saat ingin mengisi gopay , abang tidak mau .","min, kok pas gue pencet gofood gak ada menu nya ya? terus pas mau isi gopay, abang gak mau sih.",False,198,4200099,42,"[""malam , mohon info paket saya sejak tanggal xxxnumberxxx tertahan dgn status itu . blm terkirim sampai sekarang , ada apa ya ?"", ""grab paket hemat saya billingnya itu tgl xxxnumberxxx juli xxxnumberxxx sekarang aja udh agustus kok subscribe nya masih aktif ya ?"", ""min , udh xxxnumberxxx hari ini saya mau gofood kok gak dapet driver terus ? apa aplikasi gojek lagi error ?"", ""maaf min mau nanya apakah bener ini nomor dari gojek ? + xxxnumberxxx"", ""jb xxxphonexxx , sudah seminggu paket ngga nyampe , padahal masih dalam jakarta , ini malah dikirm ke surabaya buat apa coba ? jnt sistemnya gimana sih ?""]",False,5,1555,30,False,95
google/gemma-3-4b-it,formal,informal,hybrid_early,0.1,malam . saya mau buka rekening tahapan bca . apakah bisa jika belum memiliki npwp ? sudah punya ktp .,"Halo, mau tanya bisa buka rekening tahap BCA gak ya? udah punya KTP, tapi belum punya NPWP nih.",False,200,4200100,42,"[""malam , mohon info paket saya sejak tanggal xxxnumberxxx tertahan dgn status itu . blm terkirim sampai sekarang , ada apa ya ?"", ""grab paket hemat saya billingnya itu tgl xxxnumberxxx juli xxxnumberxxx sekarang aja udh agustus kok subscribe nya masih aktif ya ?"", ""dear indosat , sy mau isi paketan , tetapi kenapa tidak bisa ya , sudah sejak jam xxxnumberxxx tadi , pulsa sdh masuk tapi tdk bisa aktip"", ""maaf min mau nanya apakah bener ini nomor dari gojek ? + xxxnumberxxx"", ""halo min saldo ovo ga muncul di grab , padahal nomor hp sudah sama . tolong cek dm ya min""]",False,5,1514,25,False,95
google/gemma-3-4b-it,formal,informal,hybrid_early,0.1,apakah ini balasan bowo tiktok ?,"""kok bowo tiktoknya bales gak ya?""",False,202,4200101,42,"[""malam , mohon info paket saya sejak tanggal xxxnumberxxx tertahan dgn status itu . blm terkirim sampai sekarang , ada apa ya ?"", ""grab paket hemat saya billingnya itu tgl xxxnumberxxx juli xxxnumberxxx sekarang aja udh agustus kok subscribe nya masih aktif ya ?"", ""jb xxxphonexxx , sudah seminggu paket ngga nyampe , padahal masih dalam jakarta , ini malah dikirm ke surabaya buat apa coba ? jnt sistemnya gimana sih ?"", ""cek dm coba xxxuserxxx dari tadi komplen ngga ada respon , pulsa udah kepotong kena tarif per kb"", ""maaf min mau nanya apakah bener ini nomor dari gojek ? + xxxnumberxxx""]",False,5,1468,12,False,34
google/gemma-3-4b-it,formal,informal,hybrid_early,0.1,ini ada di menu apa ?,"halo, ini di menu apa ya?",False,204,4200102,42,"[""malam , mohon info paket saya sejak tanggal xxxnumberxxx tertahan dgn status itu . blm terkirim sampai sekarang , ada apa ya ?"", ""maaf min mau nanya apakah bener ini nomor dari gojek ? + xxxnumberxxx"", ""hai jnt xxxuserxxx mau tanya dong kenapa paket yg saya kirim masih gini aja ya mohon pencerahannya"", ""sudah kak , sudah saya ganti ke xxxnumberxxx g tp ttp susah"", ""halo min saldo ovo ga muncul di grab , padahal nomor hp sudah sama . tolong cek dm ya min""]",False,5,1323,9,False,25
google/gemma-3-4b-it,formal,informal,hybrid_early,0.1,"halo . halo saya isi gopay tapi gopay - nya tidak masuk , saya melaporkan ke siapa ? aplikasi mobile bank sudah berhasil masuk soalnya .","halo , gopay gue gak masuk , lapor ke siapa ya? aplikasi mobile bank udah masuk kok",False,206,4200103,42,"[""grab paket hemat saya billingnya itu tgl xxxnumberxxx juli xxxnumberxxx sekarang aja udh agustus kok subscribe nya masih aktif ya ?"", ""malam , mohon info paket saya sejak tanggal xxxnumberxxx tertahan dgn status itu . blm terkirim sampai sekarang , ada apa ya ?"", ""saya mau tanya , ini saya mau beli paket yellow kenapa sama xxxnumberxxx tidak direspon / tidak dibalas"", ""halo min saldo ovo ga muncul di grab , padahal nomor hp sudah sama . tolong cek dm ya min"", ""jb xxxphonexxx , sudah seminggu paket ngga nyampe , padahal masih dalam jakarta , ini malah dikirm ke surabaya buat apa coba ? jnt sistemnya gimana sih ?""]",False,5,1599,23,False,83
google/gemma-3-4b-it,formal,informal,hybrid_early,0.1,informasi resi es196539295kr sudah sampai mana ya ?,"hai jnt xxxuserxxx mau tanya dong , resi es196539295kr udah sampai mana ya?",False,208,4200104,42,"[""malam , mohon info paket saya sejak tanggal xxxnumberxxx tertahan dgn status itu . blm terkirim sampai sekarang , ada apa ya ?"", ""jb xxxphonexxx , sudah seminggu paket ngga nyampe , padahal masih dalam jakarta , ini malah dikirm ke surabaya buat apa coba ? jnt sistemnya gimana sih ?"", ""maaf min mau nanya apakah bener ini nomor dari gojek ? + xxxnumberxxx"", ""hai jnt xxxuserxxx mau tanya dong kenapa paket yg saya kirim masih gini aja ya mohon pencerahannya"", ""saya mau tanya , ini saya mau beli paket yellow kenapa sama xxxnumberxxx tidak direspon / tidak dibalas""]",False,5,1461,29,False,75
google/gemma-3-4b-it,formal,informal,hybrid_early,0.1,apakah penjualan tiket kereta api masih perbaikan dari kemarin ?,"“min, tiket kereta api masih lama nggak kelar dari kemarin ya? udah berapa lama sih?”",False,210,4200105,42,"[""malam , mohon info paket saya sejak tanggal xxxnumberxxx tertahan dgn status itu . blm terkirim sampai sekarang , ada apa ya ?"", ""grab paket hemat saya billingnya itu tgl xxxnumberxxx juli xxxnumberxxx sekarang aja udh agustus kok subscribe nya masih aktif ya ?"", ""jb xxxphonexxx , sudah seminggu paket ngga nyampe , padahal masih dalam jakarta , ini malah dikirm ke surabaya buat apa coba ? jnt sistemnya gimana sih ?"", ""maaf min mau nanya apakah bener ini nomor dari gojek ? + xxxnumberxxx"", ""halo min saldo ovo ga muncul di grab , padahal nomor hp sudah sama . tolong cek dm ya min""]",False,5,1493,22,False,85
google/gemma-3-4b-it,formal,informal,hybrid_early,0.1,itu promo di rewards kamu ?,"“itu promo di rewardsnya, Min?”",False,212,4200106,42,"[""grab paket hemat saya billingnya itu tgl xxxnumberxxx juli xxxnumberxxx sekarang aja udh agustus kok subscribe nya masih aktif ya ?"", ""malam , mohon info paket saya sejak tanggal xxxnumberxxx tertahan dgn status itu . blm terkirim sampai sekarang , ada apa ya ?"", ""maaf min mau nanya apakah bener ini nomor dari gojek ? + xxxnumberxxx"", ""cek dm coba xxxuserxxx dari tadi komplen ngga ada respon , pulsa udah kepotong kena tarif per kb"", ""halo min saldo ovo ga muncul di grab , padahal nomor hp sudah sama . tolong cek dm ya min""]",False,5,1399,11,False,31
google/gemma-3-4b-it,formal,informal,hybrid_early,0.1,"tidak dapat dirubah kak . tulisannya , dalam pengawasan . saya tidak dapat merubah atau menghapus produk .","“udah, gak bisa diubah kok. tulisannya, di bawah pengawasan. aku gak bisa ngubah atau hapus produk.”",False,214,4200107,42,"[""malam , mohon info paket saya sejak tanggal xxxnumberxxx tertahan dgn status itu . blm terkirim sampai sekarang , ada apa ya ?"", ""saya mau tanya , ini saya mau beli paket yellow kenapa sama xxxnumberxxx tidak direspon / tidak dibalas"", ""grab paket hemat saya billingnya itu tgl xxxnumberxxx juli xxxnumberxxx sekarang aja udh agustus kok subscribe nya masih aktif ya ?"", ""maaf min mau nanya apakah bener ini nomor dari gojek ? + xxxnumberxxx"", ""sudah kak , sudah saya ganti ke xxxnumberxxx g tp ttp susah""]",False,5,1455,29,False,100
google/gemma-3-4b-it,formal,informal,hybrid_early,0.1,pagi kak . mau tanya untuk kirim paket jika menggunakan job bebas di counter mana saja ?,"min , mau tanya klo pesen paket lewat job bebas , counternya di mana aja ya?",True,216,4200108,42,"[""malam , mohon info paket saya sejak tanggal xxxnumberxxx tertahan dgn status itu . blm terkirim sampai sekarang , ada apa ya ?"", ""grab paket hemat saya billingnya itu tgl xxxnumberxxx juli xxxnumberxxx sekarang aja udh agustus kok subscribe nya masih aktif ya ?"", ""jb xxxphonexxx , sudah seminggu paket ngga nyampe , padahal masih dalam jakarta , ini malah dikirm ke surabaya buat apa coba ? jnt sistemnya gimana sih ?"", ""maaf min mau nanya apakah bener ini nomor dari gojek ? + xxxnumberxxx"", ""saya mau tanya , ini saya mau beli paket yellow kenapa sama xxxnumberxxx tidak direspon / tidak dibalas""]",False,5,1531,20,False,76
google/gemma-3-4b-it,formal,informal,hybrid_early,0.1,"admin , smartfren selalu tidak ada jaringan , apakah sedang gangguan ?","“admin, Smartfren sinyalnya nggak pernah stabil dari kemarin, ada gangguan apa ya?”",False,218,4200109,42,"[""tolong dong xxxuserxxx dari kmaren sore jaringan nya full tapi nggak nyambung ke internet padahal kuota dah lumayan banyak"", ""malam , mohon info paket saya sejak tanggal xxxnumberxxx tertahan dgn status itu . blm terkirim sampai sekarang , ada apa ya ?"", ""dear indosat , sy mau isi paketan , tetapi kenapa tidak bisa ya , sudah sejak jam xxxnumberxxx tadi , pulsa sdh masuk tapi tdk bisa aktip"", ""ini masih gangguan sinyal xxxnumberxxx g ga bisa aktif datanya ?"", ""cek dm coba xxxuserxxx dari tadi komplen ngga ada respon , pulsa udah kepotong kena tarif per kb""]",False,5,1476,22,False,83
google/gemma-3-4b-it,formal,informal,hybrid_early,0.1,"dm juga tidak dibales min . jangan seperti dia min , online namun tidak dibalas pesannya . tolong dicek min .","“dm juga nggak dibales min. jangan kayak dia min, online tapi nggak balas pesannya. tolong dicek min.”",False,220,4200110,42,"[""malam , mohon info paket saya sejak tanggal xxxnumberxxx tertahan dgn status itu . blm terkirim sampai sekarang , ada apa ya ?"", ""saya mau tanya , ini saya mau beli paket yellow kenapa sama xxxnumberxxx tidak direspon / tidak dibalas"", ""maaf min mau nanya apakah bener ini nomor dari gojek ? + xxxnumberxxx"", ""grab paket hemat saya billingnya itu tgl xxxnumberxxx juli xxxnumberxxx sekarang aja udh agustus kok subscribe nya masih aktif ya ?"", ""halo min saldo ovo ga muncul di grab , padahal nomor hp sudah sama . tolong cek dm ya min""]",False,5,1488,28,False,102
google/gemma-3-4b-it,formal,informal,hybrid_early,0.1,hey xxxuserxxx . bagaimana cara mengganti nomor telepon akun go - jek dan go - pay bagi pelanggan ? sementara nomor telepon yang lama sudah hangus .,"hai xxxuserxxx , mau tanya dong cara ganti nomor telp akun gojek & gopay buat pelanggan yg nomor lama udah ilang ya?",False,222,4200111,42,"[""grab paket hemat saya billingnya itu tgl xxxnumberxxx juli xxxnumberxxx sekarang aja udh agustus kok subscribe nya masih aktif ya ?"", ""maaf min mau nanya apakah bener ini nomor dari gojek ? + xxxnumberxxx"", ""malam , mohon info paket saya sejak tanggal xxxnumberxxx tertahan dgn status itu . blm terkirim sampai sekarang , ada apa ya ?"", ""hai jnt xxxuserxxx mau tanya dong kenapa paket yg saya kirim masih gini aja ya mohon pencerahannya"", ""dear indosat , sy mau isi paketan , tetapi kenapa tidak bisa ya , sudah sejak jam xxxnumberxxx tadi , pulsa sdh masuk tapi tdk bisa aktip""]",False,5,1570,31,False,116
google/gemma-3-4b-it,formal,informal,hybrid_early,0.1,"admin , ini mengapa saya pakai paket unl tapi untuk akses ke shopee tidak bisa ? ini tandanya sudah aktif atau belum ?",hai jnt xxxuserxxx mau tanya dong kenapa paket yg saya pakai gak bisa akses shopee ya mohon pencerahannya,False,224,4200112,42,"[""malam , mohon info paket saya sejak tanggal xxxnumberxxx tertahan dgn status itu . blm terkirim sampai sekarang , ada apa ya ?"", ""grab paket hemat saya billingnya itu tgl xxxnumberxxx juli xxxnumberxxx sekarang aja udh agustus kok subscribe nya masih aktif ya ?"", ""jb xxxphonexxx , sudah seminggu paket ngga nyampe , padahal masih dalam jakarta , ini malah dikirm ke surabaya buat apa coba ? jnt sistemnya gimana sih ?"", ""sudah kak , sudah saya ganti ke xxxnumberxxx g tp ttp susah"", ""hai jnt xxxuserxxx mau tanya dong kenapa paket yg saya kirim masih gini aja ya mohon pencerahannya""]",False,5,1546,28,False,105
google/gemma-3-4b-it,formal,informal,hybrid_early,0.1,"admin xxxuserxxx . mengapa kecepatan mengunduh sangat lambat sekali . jaringan xxxnumberxxx g , kecepatan koneksi seperti xxxnumberxxx g .","“admin, kok internetnya lama banget sih buat download? jaringan kayaknya nggak oke, kecepatannya kayak xxxnumberxxx.”",False,226,4200113,42,"[""malam , mohon info paket saya sejak tanggal xxxnumberxxx tertahan dgn status itu . blm terkirim sampai sekarang , ada apa ya ?"", ""hai jnt xxxuserxxx mau tanya dong kenapa paket yg saya kirim masih gini aja ya mohon pencerahannya"", ""maaf min mau nanya apakah bener ini nomor dari gojek ? + xxxnumberxxx"", ""grab paket hemat saya billingnya itu tgl xxxnumberxxx juli xxxnumberxxx sekarang aja udh agustus kok subscribe nya masih aktif ya ?"", ""dear indosat , sy mau isi paketan , tetapi kenapa tidak bisa ya , sudah sejak jam xxxnumberxxx tadi , pulsa sdh masuk tapi tdk bisa aktip""]",False,5,1560,28,False,117
google/gemma-3-4b-it,formal,informal,hybrid_early,0.1,mau tau jawabannya ? barang sekeras itu bisa pecah . sudah dikemas rapi sudah dikasih tanda pecah belah hasilnya hancur . jne sangat mengecewakan !,"“Gimana nih , barangnya itu rapuh banget kan ? udah dibungkus rapi , dicatain tanda bahaya , eh malah remuk redem ! JNE emang gak becarep sih ?”",False,228,4200114,42,"[""malam , mohon info paket saya sejak tanggal xxxnumberxxx tertahan dgn status itu . blm terkirim sampai sekarang , ada apa ya ?"", ""saya mau tanya , ini saya mau beli paket yellow kenapa sama xxxnumberxxx tidak direspon / tidak dibalas"", ""grab paket hemat saya billingnya itu tgl xxxnumberxxx juli xxxnumberxxx sekarang aja udh agustus kok subscribe nya masih aktif ya ?"", ""jb xxxphonexxx , sudah seminggu paket ngga nyampe , padahal masih dalam jakarta , ini malah dikirm ke surabaya buat apa coba ? jnt sistemnya gimana sih ?"", ""lha gimana bos . urgen . telopon ke xxxnumberxxx nunggu lama bgt , giliran udh nyambung cs nanyanya panjang x lebar keburu habis pulsa masalah gak kelar .""]",False,5,1675,47,False,144
google/gemma-3-4b-it,formal,informal,hybrid_early,0.1,kapan ada grabdrone atau godrone ?,“grab drone kapan ya? +xxxnumberxxx”,False,230,4200115,42,"[""maaf min mau nanya apakah bener ini nomor dari gojek ? + xxxnumberxxx"", ""grab paket hemat saya billingnya itu tgl xxxnumberxxx juli xxxnumberxxx sekarang aja udh agustus kok subscribe nya masih aktif ya ?"", ""cek dm coba xxxuserxxx dari tadi komplen ngga ada respon , pulsa udah kepotong kena tarif per kb"", ""halo min saldo ovo ga muncul di grab , padahal nomor hp sudah sama . tolong cek dm ya min"", ""jb xxxphonexxx , sudah seminggu paket ngga nyampe , padahal masih dalam jakarta , ini malah dikirm ke surabaya buat apa coba ? jnt sistemnya gimana sih ?""]",False,5,1433,12,False,36
google/gemma-3-4b-it,formal,informal,hybrid_early,0.1,"itu admin , seharusnya ada bonus saldo ovo untuk completionnya . tapi saat diklik tidak ada admin .","halo , kok bonus ovo nya gak muncul pas klik ya admin ?",False,232,4200116,42,"[""malam , mohon info paket saya sejak tanggal xxxnumberxxx tertahan dgn status itu . blm terkirim sampai sekarang , ada apa ya ?"", ""grab paket hemat saya billingnya itu tgl xxxnumberxxx juli xxxnumberxxx sekarang aja udh agustus kok subscribe nya masih aktif ya ?"", ""halo min saldo ovo ga muncul di grab , padahal nomor hp sudah sama . tolong cek dm ya min"", ""jb xxxphonexxx , sudah seminggu paket ngga nyampe , padahal masih dalam jakarta , ini malah dikirm ke surabaya buat apa coba ? jnt sistemnya gimana sih ?"", ""maaf min mau nanya apakah bener ini nomor dari gojek ? + xxxnumberxxx""]",False,5,1528,15,False,55
google/gemma-3-4b-it,formal,informal,hybrid_early,0.1,ada satu kata yang cocok sekali untuk anda : goblok !,"""maaf, bisa tolong bantu cek satu menit? kok kata-kata yang saya bilang kedengeran aneh ya?""",False,234,4200117,42,"[""malam , mohon info paket saya sejak tanggal xxxnumberxxx tertahan dgn status itu . blm terkirim sampai sekarang , ada apa ya ?"", ""grab paket hemat saya billingnya itu tgl xxxnumberxxx juli xxxnumberxxx sekarang aja udh agustus kok subscribe nya masih aktif ya ?"", ""sudah kak , sudah saya ganti ke xxxnumberxxx g tp ttp susah"", ""maaf min mau nanya apakah bener ini nomor dari gojek ? + xxxnumberxxx"", ""cek dm coba xxxuserxxx dari tadi komplen ngga ada respon , pulsa udah kepotong kena tarif per kb""]",False,5,1395,28,False,92
google/gemma-3-4b-it,formal,informal,hybrid_early,0.1,"kak , paket dokumen saya belum sampai . bisa bantu dititip ke jne siborong - borong saja agar diambil sendiri ? karena saya periksa masih di daerah medan .","kak, paket dokumen gue blm smpai. tolong dong dititip ke jne siborong-borong ya, biar diambil sendiri soalnya masih di medan.",False,236,4200118,42,"[""malam , mohon info paket saya sejak tanggal xxxnumberxxx tertahan dgn status itu . blm terkirim sampai sekarang , ada apa ya ?"", ""jb xxxphonexxx , sudah seminggu paket ngga nyampe , padahal masih dalam jakarta , ini malah dikirm ke surabaya buat apa coba ? jnt sistemnya gimana sih ?"", ""grab paket hemat saya billingnya itu tgl xxxnumberxxx juli xxxnumberxxx sekarang aja udh agustus kok subscribe nya masih aktif ya ?"", ""maaf min mau nanya apakah bener ini nomor dari gojek ? + xxxnumberxxx"", ""jp xxxphonexxx min tolong dong ini paket saya ga nyampe nyampe , padahal ngirim sesama jakarta bisa xxxnumberxxx harian .""]",False,5,1616,37,False,125
google/gemma-3-4b-it,formal,informal,hybrid_early,0.1,"dan terjadi lagi , ini sudah penjual ketiga berturut - turut yang bermasalah .","“terus, penjual ketiga lagi ada masalah juga ya…”",False,238,4200119,42,"[""malam , mohon info paket saya sejak tanggal xxxnumberxxx tertahan dgn status itu . blm terkirim sampai sekarang , ada apa ya ?"", ""maaf min mau nanya apakah bener ini nomor dari gojek ? + xxxnumberxxx"", ""saya mau tanya , ini saya mau beli paket yellow kenapa sama xxxnumberxxx tidak direspon / tidak dibalas"", ""sudah kak , sudah saya ganti ke xxxnumberxxx g tp ttp susah"", ""hai jnt xxxuserxxx mau tanya dong kenapa paket yg saya kirim masih gini aja ya mohon pencerahannya""]",False,5,1394,14,False,49
google/gemma-3-4b-it,formal,informal,hybrid_early,0.1,"iya sama . tidak bisa periksa kuota , tiba - tiba saja pulsa langsung terpotong .","“iya, soalnya tiba-tiba pulsa abis gitu.”",False,240,4200120,42,"[""malam , mohon info paket saya sejak tanggal xxxnumberxxx tertahan dgn status itu . blm terkirim sampai sekarang , ada apa ya ?"", ""grab paket hemat saya billingnya itu tgl xxxnumberxxx juli xxxnumberxxx sekarang aja udh agustus kok subscribe nya masih aktif ya ?"", ""cek dm coba xxxuserxxx dari tadi komplen ngga ada respon , pulsa udah kepotong kena tarif per kb"", ""dear indosat , sy mau isi paketan , tetapi kenapa tidak bisa ya , sudah sejak jam xxxnumberxxx tadi , pulsa sdh masuk tapi tdk bisa aktip"", ""maaf min mau nanya apakah bener ini nomor dari gojek ? + xxxnumberxxx""]",False,5,1501,16,False,41
google/gemma-3-4b-it,formal,informal,hybrid_early,0.1,"jalurnya perbaiki , aneh kalau jakarta palembang , keluyuran dulu sampai medan .","“jalanننnya perbaiki dong, parah banget Jakarta ke Palembang, macem-macem dulu sampe Medan.”",False,242,4200121,42,"[""malam , mohon info paket saya sejak tanggal xxxnumberxxx tertahan dgn status itu . blm terkirim sampai sekarang , ada apa ya ?"", ""grab paket hemat saya billingnya itu tgl xxxnumberxxx juli xxxnumberxxx sekarang aja udh agustus kok subscribe nya masih aktif ya ?"", ""jb xxxphonexxx , sudah seminggu paket ngga nyampe , padahal masih dalam jakarta , ini malah dikirm ke surabaya buat apa coba ? jnt sistemnya gimana sih ?"", ""maaf min mau nanya apakah bener ini nomor dari gojek ? + xxxnumberxxx"", ""jp xxxphonexxx min tolong dong ini paket saya ga nyampe nyampe , padahal ngirim sesama jakarta bisa xxxnumberxxx harian .""]",False,5,1541,27,False,92
google/gemma-3-4b-it,formal,informal,hybrid_early,0.1,"lagi error ? login auto keluar , mau masuk tidak bisa - bisa .","“kok error ya? login auto keluar, mau masuk nggak bisa - bisa.”",False,244,4200122,42,"[""malam , mohon info paket saya sejak tanggal xxxnumberxxx tertahan dgn status itu . blm terkirim sampai sekarang , ada apa ya ?"", ""sudah kak , sudah saya ganti ke xxxnumberxxx g tp ttp susah"", ""maaf min mau nanya apakah bener ini nomor dari gojek ? + xxxnumberxxx"", ""grab paket hemat saya billingnya itu tgl xxxnumberxxx juli xxxnumberxxx sekarang aja udh agustus kok subscribe nya masih aktif ya ?"", ""saya mau tanya , ini saya mau beli paket yellow kenapa sama xxxnumberxxx tidak direspon / tidak dibalas""]",False,5,1411,18,False,63
google/gemma-3-4b-it,formal,informal,hybrid_early,0.1,"alasan kenapa saya butuh uang kaget awkarin , xxxuserxxx makin mahal aku tidak sanggup kalau begini caranya .","""min, kenapa aja harga makin mahal banget? jujur, aku gak sanggup kalau begini terus.""",False,246,4200123,42,"[""hai jnt xxxuserxxx mau tanya dong kenapa paket yg saya kirim masih gini aja ya mohon pencerahannya"", ""malam , mohon info paket saya sejak tanggal xxxnumberxxx tertahan dgn status itu . blm terkirim sampai sekarang , ada apa ya ?"", ""grab paket hemat saya billingnya itu tgl xxxnumberxxx juli xxxnumberxxx sekarang aja udh agustus kok subscribe nya masih aktif ya ?"", ""maaf min mau nanya apakah bener ini nomor dari gojek ? + xxxnumberxxx"", ""jb xxxphonexxx , sudah seminggu paket ngga nyampe , padahal masih dalam jakarta , ini malah dikirm ke surabaya buat apa coba ? jnt sistemnya gimana sih ?""]",False,5,1547,25,False,86
google/gemma-3-4b-it,formal,informal,hybrid_early,0.1,"saya biasa melacak dari web jne , tetapi resi saya yang ini statusnya tidak berubah - ubah .","“ane liat resi di website jne, kok statusnya gak berubah ya - brrti.”",False,248,4200124,42,"[""malam , mohon info paket saya sejak tanggal xxxnumberxxx tertahan dgn status itu . blm terkirim sampai sekarang , ada apa ya ?"", ""grab paket hemat saya billingnya itu tgl xxxnumberxxx juli xxxnumberxxx sekarang aja udh agustus kok subscribe nya masih aktif ya ?"", ""jb xxxphonexxx , sudah seminggu paket ngga nyampe , padahal masih dalam jakarta , ini malah dikirm ke surabaya buat apa coba ? jnt sistemnya gimana sih ?"", ""saya mau tanya , ini saya mau beli paket yellow kenapa sama xxxnumberxxx tidak direspon / tidak dibalas"", ""maaf min mau nanya apakah bener ini nomor dari gojek ? + xxxnumberxxx""]",False,5,1535,23,False,69
google/gemma-3-4b-it,formal,informal,hybrid_early,0.1,"halo admin , saya ingin ganti nomor hp kenapa tidak bisa ?","“Hai admin, saya mau tanya kenapa kok ganti nomor HPnya nggak bisa ya?”",False,250,4200125,42,"[""malam , mohon info paket saya sejak tanggal xxxnumberxxx tertahan dgn status itu . blm terkirim sampai sekarang , ada apa ya ?"", ""sudah kak , sudah saya ganti ke xxxnumberxxx g tp ttp susah"", ""saya mau tanya , ini saya mau beli paket yellow kenapa sama xxxnumberxxx tidak direspon / tidak dibalas"", ""maaf min mau nanya apakah bener ini nomor dari gojek ? + xxxnumberxxx"", ""dear indosat , sy mau isi paketan , tetapi kenapa tidak bisa ya , sudah sejak jam xxxnumberxxx tadi , pulsa sdh masuk tapi tdk bisa aktip""]",False,5,1413,20,False,71
google/gemma-3-4b-it,formal,informal,hybrid_early,0.1,sama . http error terus katanya .,"“sama, terus muncul error http nya sih.”",False,252,4200126,42,"[""maaf min mau nanya apakah bener ini nomor dari gojek ? + xxxnumberxxx"", ""tolong dong xxxuserxxx dari kmaren sore jaringan nya full tapi nggak nyambung ke internet padahal kuota dah lumayan banyak"", ""malam , mohon info paket saya sejak tanggal xxxnumberxxx tertahan dgn status itu . blm terkirim sampai sekarang , ada apa ya ?"", ""grab paket hemat saya billingnya itu tgl xxxnumberxxx juli xxxnumberxxx sekarang aja udh agustus kok subscribe nya masih aktif ya ?"", ""sudah kak , sudah saya ganti ke xxxnumberxxx g tp ttp susah""]",False,5,1401,11,False,40
google/gemma-3-4b-it,formal,informal,hybrid_early,0.1,"ok ana , lebih baik kalau tokopedia punya sertifikat penjual , sehingga penjual - penjual tidak bisa seenaknya memperlakukan pelanggan .","""oke an, lebih baik tuh tokped punya sertifikat penjual, biar penjual-penjualnya gak seenaknya ngurusin pelanggan.""",False,254,4200127,42,"[""maaf min mau nanya apakah bener ini nomor dari gojek ? + xxxnumberxxx"", ""grab paket hemat saya billingnya itu tgl xxxnumberxxx juli xxxnumberxxx sekarang aja udh agustus kok subscribe nya masih aktif ya ?"", ""malam , mohon info paket saya sejak tanggal xxxnumberxxx tertahan dgn status itu . blm terkirim sampai sekarang , ada apa ya ?"", ""saya mau tanya , ini saya mau beli paket yellow kenapa sama xxxnumberxxx tidak direspon / tidak dibalas"", ""dear indosat , sy mau isi paketan , tetapi kenapa tidak bisa ya , sudah sejak jam xxxnumberxxx tadi , pulsa sdh masuk tapi tdk bisa aktip""]",False,5,1563,33,False,115
google/gemma-3-4b-it,formal,informal,hybrid_early,0.1,halo kak . mohon dibantu untuk input resi manual nomor transaksi xxxnumberxxx karena menggunakan ekspedisi yang berbeda . terlampir fisik resi kiriman . terima kasih .,"hai kak , mohon bantu input resi manual nomor transaksi xxxnumberxxx ya , karena pakai ekspedisi beda . ini lampiran fisik resi kiriman , makasih .",False,256,4200128,42,"[""malam , mohon info paket saya sejak tanggal xxxnumberxxx tertahan dgn status itu . blm terkirim sampai sekarang , ada apa ya ?"", ""maaf min mau nanya apakah bener ini nomor dari gojek ? + xxxnumberxxx"", ""grab paket hemat saya billingnya itu tgl xxxnumberxxx juli xxxnumberxxx sekarang aja udh agustus kok subscribe nya masih aktif ya ?"", ""hai jnt xxxuserxxx mau tanya dong kenapa paket yg saya kirim masih gini aja ya mohon pencerahannya"", ""jb xxxphonexxx , sudah seminggu paket ngga nyampe , padahal masih dalam jakarta , ini malah dikirm ke surabaya buat apa coba ? jnt sistemnya gimana sih ?""]",False,5,1605,39,False,147
google/gemma-3-4b-it,formal,informal,hybrid_early,0.1,kenapa saya mau berhenti paket bundling harus menunggu xxxnumberxxx hari ? ini namanya memaksa saya harus menggunakan / membayar !,"“Kenapa ya, mau berhenti paket bundling harus nunggu xxxnumberxxx hari? Ini bikin saya paksa buat lanjut/bayar!”",True,258,4200129,42,"[""malam , mohon info paket saya sejak tanggal xxxnumberxxx tertahan dgn status itu . blm terkirim sampai sekarang , ada apa ya ?"", ""grab paket hemat saya billingnya itu tgl xxxnumberxxx juli xxxnumberxxx sekarang aja udh agustus kok subscribe nya masih aktif ya ?"", ""saya mau tanya , ini saya mau beli paket yellow kenapa sama xxxnumberxxx tidak direspon / tidak dibalas"", ""maaf min mau nanya apakah bener ini nomor dari gojek ? + xxxnumberxxx"", ""dear indosat , sy mau isi paketan , tetapi kenapa tidak bisa ya , sudah sejak jam xxxnumberxxx tadi , pulsa sdh masuk tapi tdk bisa aktip""]",False,5,1557,30,False,112
google/gemma-3-4b-it,formal,informal,hybrid_early,0.1,"semoga diganti dengan yang lebih baik , mbak .","mbak, semoga bisa diganti ya, yang lebih baik.",False,260,4200130,42,"[""sudah kak , sudah saya ganti ke xxxnumberxxx g tp ttp susah"", ""malam , mohon info paket saya sejak tanggal xxxnumberxxx tertahan dgn status itu . blm terkirim sampai sekarang , ada apa ya ?"", ""maaf min mau nanya apakah bener ini nomor dari gojek ? + xxxnumberxxx"", ""saya mau tanya , ini saya mau beli paket yellow kenapa sama xxxnumberxxx tidak direspon / tidak dibalas"", ""grab paket hemat saya billingnya itu tgl xxxnumberxxx juli xxxnumberxxx sekarang aja udh agustus kok subscribe nya masih aktif ya ?""]",False,5,1395,14,False,46
google/gemma-3-4b-it,formal,informal,hybrid_early,0.1,kapan ada cashback go - ride ? jadi boros hidup saya .,“Kapan ada cashback GoRide ya? Jadi boros banget nih hidupku.”,False,262,4200131,42,"[""grab paket hemat saya billingnya itu tgl xxxnumberxxx juli xxxnumberxxx sekarang aja udh agustus kok subscribe nya masih aktif ya ?"", ""malam , mohon info paket saya sejak tanggal xxxnumberxxx tertahan dgn status itu . blm terkirim sampai sekarang , ada apa ya ?"", ""maaf min mau nanya apakah bener ini nomor dari gojek ? + xxxnumberxxx"", ""saya mau tanya , ini saya mau beli paket yellow kenapa sama xxxnumberxxx tidak direspon / tidak dibalas"", ""ini kenapa lagi ya mau perpanjang internet ga bisa ? xxxnumberxxx juga ga bisa ?""]",False,5,1424,19,False,62
google/gemma-3-4b-it,formal,informal,hybrid_early,0.1,xxxnumberxxx ini pembeli sudah konfirmasi dan tidak komplain . kenapa dananya tidak cair ?,"“ini pembeli udah konfirmasi gak komplain, kenapa duitnya belum cair?”",False,264,4200132,42,"[""malam , mohon info paket saya sejak tanggal xxxnumberxxx tertahan dgn status itu . blm terkirim sampai sekarang , ada apa ya ?"", ""grab paket hemat saya billingnya itu tgl xxxnumberxxx juli xxxnumberxxx sekarang aja udh agustus kok subscribe nya masih aktif ya ?"", ""maaf min mau nanya apakah bener ini nomor dari gojek ? + xxxnumberxxx"", ""saya mau tanya , ini saya mau beli paket yellow kenapa sama xxxnumberxxx tidak direspon / tidak dibalas"", ""jb xxxphonexxx , sudah seminggu paket ngga nyampe , padahal masih dalam jakarta , ini malah dikirm ke surabaya buat apa coba ? jnt sistemnya gimana sih ?""]",False,5,1533,19,False,70
google/gemma-3-4b-it,formal,informal,hybrid_early,0.1,tolong dipercepat . saya sudah bayar sebelum jatuh tempo pembayaran penuh . saya malas meladeni jika ada dept kolektor yang menghubungi .,"Min, tolong dipercepat dong. Udah bayar kan sebelum tanggal jatuh tempo, semuanya. Bikin males deh kalau ada kolektor yang telepon-telepon, ntar nanti aja kalau mau ngobrol.",False,266,4200133,42,"[""malam , mohon info paket saya sejak tanggal xxxnumberxxx tertahan dgn status itu . blm terkirim sampai sekarang , ada apa ya ?"", ""grab paket hemat saya billingnya itu tgl xxxnumberxxx juli xxxnumberxxx sekarang aja udh agustus kok subscribe nya masih aktif ya ?"", ""lha gimana bos . urgen . telopon ke xxxnumberxxx nunggu lama bgt , giliran udh nyambung cs nanyanya panjang x lebar keburu habis pulsa masalah gak kelar ."", ""saya mau tanya , ini saya mau beli paket yellow kenapa sama xxxnumberxxx tidak direspon / tidak dibalas"", ""maaf min mau nanya apakah bener ini nomor dari gojek ? + xxxnumberxxx""]",False,5,1581,45,False,173
google/gemma-3-4b-it,formal,informal,hybrid_early,0.1,"xxxdatexxx , kak ? apakah berarti tanggalnya mundur ? xxxdatexxx seperti terus jangan gratis hahaha .","“dear xxx, kok tanggalnya jadi mundur ya? xxxdatexxx itu kayaknya gak gratis deh…”",False,268,4200134,42,"[""malam , mohon info paket saya sejak tanggal xxxnumberxxx tertahan dgn status itu . blm terkirim sampai sekarang , ada apa ya ?"", ""grab paket hemat saya billingnya itu tgl xxxnumberxxx juli xxxnumberxxx sekarang aja udh agustus kok subscribe nya masih aktif ya ?"", ""sudah kak , sudah saya ganti ke xxxnumberxxx g tp ttp susah"", ""maaf min mau nanya apakah bener ini nomor dari gojek ? + xxxnumberxxx"", ""dear indosat , sy mau isi paketan , tetapi kenapa tidak bisa ya , sudah sejak jam xxxnumberxxx tadi , pulsa sdh masuk tapi tdk bisa aktip""]",False,5,1484,23,False,82
google/gemma-3-4b-it,formal,informal,hybrid_early,0.1,"admin , tolong dm dibalas .","hai min , saldo ovo ga muncul di grab , tolong cek dm ya min",False,270,4200135,42,"[""malam , mohon info paket saya sejak tanggal xxxnumberxxx tertahan dgn status itu . blm terkirim sampai sekarang , ada apa ya ?"", ""maaf min mau nanya apakah bener ini nomor dari gojek ? + xxxnumberxxx"", ""halo min , saya mau mengnonaktifkan akun gojek saya mohon dicek dmnya . sedih nih udah dari kemarin nge - mention ga di respon"", ""hai jnt xxxuserxxx mau tanya dong kenapa paket yg saya kirim masih gini aja ya mohon pencerahannya"", ""halo min saldo ovo ga muncul di grab , padahal nomor hp sudah sama . tolong cek dm ya min""]",False,5,1396,18,False,60
google/gemma-3-4b-it,formal,informal,hybrid_early,0.1,sekarang sudah bisa min . sudah dipakai juga vouchernya . terima kasih atas balasannya .,udah fix nih min. udah dipake juga vouchernya. makasih banyak atas balasannya.,False,272,4200136,42,"[""malam , mohon info paket saya sejak tanggal xxxnumberxxx tertahan dgn status itu . blm terkirim sampai sekarang , ada apa ya ?"", ""grab paket hemat saya billingnya itu tgl xxxnumberxxx juli xxxnumberxxx sekarang aja udh agustus kok subscribe nya masih aktif ya ?"", ""maaf min mau nanya apakah bener ini nomor dari gojek ? + xxxnumberxxx"", ""saya mau tanya , ini saya mau beli paket yellow kenapa sama xxxnumberxxx tidak direspon / tidak dibalas"", ""sudah kak , sudah saya ganti ke xxxnumberxxx g tp ttp susah""]",False,5,1437,21,False,78
google/gemma-3-4b-it,formal,informal,hybrid_early,0.1,"hai , mengapa saat saya mau top up di atm , menurutnya akun saya tidak terdaftar ? terima kasih .","“halo, kenapa pas aku top up di atm, kok malah kata nya akun aku gak terdaftar ya? makasih.”",False,274,4200137,42,"[""malam , mohon info paket saya sejak tanggal xxxnumberxxx tertahan dgn status itu . blm terkirim sampai sekarang , ada apa ya ?"", ""maaf min mau nanya apakah bener ini nomor dari gojek ? + xxxnumberxxx"", ""grab paket hemat saya billingnya itu tgl xxxnumberxxx juli xxxnumberxxx sekarang aja udh agustus kok subscribe nya masih aktif ya ?"", ""saya mau tanya , ini saya mau beli paket yellow kenapa sama xxxnumberxxx tidak direspon / tidak dibalas"", ""dear indosat , sy mau isi paketan , tetapi kenapa tidak bisa ya , sudah sejak jam xxxnumberxxx tadi , pulsa sdh masuk tapi tdk bisa aktip""]",False,5,1524,27,False,92
google/gemma-3-4b-it,formal,informal,hybrid_early,0.1,"jika betul saldo saya sudah terpotong , kembalikan segera .","“kalau bener saldo saya abis, tolong kembalikan ya.”",False,276,4200138,42,"[""malam , mohon info paket saya sejak tanggal xxxnumberxxx tertahan dgn status itu . blm terkirim sampai sekarang , ada apa ya ?"", ""grab paket hemat saya billingnya itu tgl xxxnumberxxx juli xxxnumberxxx sekarang aja udh agustus kok subscribe nya masih aktif ya ?"", ""halo min saldo ovo ga muncul di grab , padahal nomor hp sudah sama . tolong cek dm ya min"", ""dear indosat , sy mau isi paketan , tetapi kenapa tidak bisa ya , sudah sejak jam xxxnumberxxx tadi , pulsa sdh masuk tapi tdk bisa aktip"", ""sudah kak , sudah saya ganti ke xxxnumberxxx g tp ttp susah""]",False,5,1462,19,False,52
google/gemma-3-4b-it,formal,informal,hybrid_early,0.1,ternyata benar . saya kira hoax . tahu saja tanggal tua . terima kasih .,"“kok bisa ya, Min? udah tau tanggal tua, baru sadar.”",True,278,4200139,42,"[""malam , mohon info paket saya sejak tanggal xxxnumberxxx tertahan dgn status itu . blm terkirim sampai sekarang , ada apa ya ?"", ""maaf min mau nanya apakah bener ini nomor dari gojek ? + xxxnumberxxx"", ""saya mau tanya , ini saya mau beli paket yellow kenapa sama xxxnumberxxx tidak direspon / tidak dibalas"", ""grab paket hemat saya billingnya itu tgl xxxnumberxxx juli xxxnumberxxx sekarang aja udh agustus kok subscribe nya masih aktif ya ?"", ""ini min minta tolong di cek sudah sampe mana . masa sudah xxxnumberxxx minggu blm sampe . tolong banget min di update smp mana""]",False,5,1488,18,False,53
google/gemma-3-4b-it,formal,informal,hybrid_early,0.1,"siang , mau bertanya . mengapa pakey saya belum sampai ? padahal menggunakan lazeres . dari kemarin informasinya sedang diproses terus . mohon informasinya . terima kasih .","halo , mau nanya kok paketku belum smpai ya? dari lazeres info nya masih diproses aja terus , tolong di info dong makasih.",False,280,4200140,42,"[""malam , mohon info paket saya sejak tanggal xxxnumberxxx tertahan dgn status itu . blm terkirim sampai sekarang , ada apa ya ?"", ""grab paket hemat saya billingnya itu tgl xxxnumberxxx juli xxxnumberxxx sekarang aja udh agustus kok subscribe nya masih aktif ya ?"", ""maaf min mau nanya apakah bener ini nomor dari gojek ? + xxxnumberxxx"", ""saya mau tanya , ini saya mau beli paket yellow kenapa sama xxxnumberxxx tidak direspon / tidak dibalas"", ""halo min saldo ovo ga muncul di grab , padahal nomor hp sudah sama . tolong cek dm ya min""]",False,5,1551,33,False,122
google/gemma-3-4b-it,formal,informal,hybrid_early,0.1,"nomor saya sudah benar , menghilangkan xxxnumberxxx di depan . tetapi tetap tidak mendapat sms otp , padahal mau top up gopay .","“nomor saya bener kok, udah dihilangin xxxnumberxxx di depan. tapi tetep gak dpt sms otp, padahal mau top up gopay.”",False,282,4200141,42,"[""malam , mohon info paket saya sejak tanggal xxxnumberxxx tertahan dgn status itu . blm terkirim sampai sekarang , ada apa ya ?"", ""maaf min mau nanya apakah bener ini nomor dari gojek ? + xxxnumberxxx"", ""saya mau tanya , ini saya mau beli paket yellow kenapa sama xxxnumberxxx tidak direspon / tidak dibalas"", ""grab paket hemat saya billingnya itu tgl xxxnumberxxx juli xxxnumberxxx sekarang aja udh agustus kok subscribe nya masih aktif ya ?"", ""jb xxxphonexxx , sudah seminggu paket ngga nyampe , padahal masih dalam jakarta , ini malah dikirm ke surabaya buat apa coba ? jnt sistemnya gimana sih ?""]",False,5,1570,38,False,116
google/gemma-3-4b-it,formal,informal,hybrid_early,0.1,"tidak usah dicari . saya sudah tidak menghindar dari kalian teman - teman . selamat , amplop yang kalian sepelekan sudah berpindah ke ninj * dan balik ke jn * .","lha, gimana gitu. amplop yang kalian remehkan udah pindah ke ninja eks dan balik ke jn eks.",False,284,4200142,42,"[""malam , mohon info paket saya sejak tanggal xxxnumberxxx tertahan dgn status itu . blm terkirim sampai sekarang , ada apa ya ?"", ""grab paket hemat saya billingnya itu tgl xxxnumberxxx juli xxxnumberxxx sekarang aja udh agustus kok subscribe nya masih aktif ya ?"", ""saya mau tanya , ini saya mau beli paket yellow kenapa sama xxxnumberxxx tidak direspon / tidak dibalas"", ""lha gimana bos . urgen . telopon ke xxxnumberxxx nunggu lama bgt , giliran udh nyambung cs nanyanya panjang x lebar keburu habis pulsa masalah gak kelar ."", ""maaf min mau nanya apakah bener ini nomor dari gojek ? + xxxnumberxxx""]",False,5,1604,28,False,91
google/gemma-3-4b-it,formal,informal,hybrid_early,0.1,bagaimana caranya menghentikan sms spam iklan yang setiap hari masuk ke nomorku ? aku pakai .,"“Min, mau tanya gimana cara ngilangin spam iklan yang tiap hari masuk ke nomor ini? Aku pakai .”",False,286,4200143,42,"[""malam , mohon info paket saya sejak tanggal xxxnumberxxx tertahan dgn status itu . blm terkirim sampai sekarang , ada apa ya ?"", ""grab paket hemat saya billingnya itu tgl xxxnumberxxx juli xxxnumberxxx sekarang aja udh agustus kok subscribe nya masih aktif ya ?"", ""cek dm coba xxxuserxxx dari tadi komplen ngga ada respon , pulsa udah kepotong kena tarif per kb"", ""dear indosat , sy mau isi paketan , tetapi kenapa tidak bisa ya , sudah sejak jam xxxnumberxxx tadi , pulsa sdh masuk tapi tdk bisa aktip"", ""maaf min mau nanya apakah bener ini nomor dari gojek ? + xxxnumberxxx""]",False,5,1513,25,False,96
google/gemma-3-4b-it,formal,informal,hybrid_early,0.1,"halo admin xxxuserxxx , tolong cek dm , segera !","hai admin xxxuserxxx , cek dm dong , segeraaa !",False,288,4200144,42,"[""maaf min mau nanya apakah bener ini nomor dari gojek ? + xxxnumberxxx"", ""hai jnt xxxuserxxx mau tanya dong kenapa paket yg saya kirim masih gini aja ya mohon pencerahannya"", ""malam , mohon info paket saya sejak tanggal xxxnumberxxx tertahan dgn status itu . blm terkirim sampai sekarang , ada apa ya ?"", ""cek dm coba xxxuserxxx dari tadi komplen ngga ada respon , pulsa udah kepotong kena tarif per kb"", ""jb xxxphonexxx , sudah seminggu paket ngga nyampe , padahal masih dalam jakarta , ini malah dikirm ke surabaya buat apa coba ? jnt sistemnya gimana sih ?""]",False,5,1451,16,False,47
google/gemma-3-4b-it,formal,informal,hybrid_early,0.1,hi kakak dira . bisa kirimkan screen shot notifikasi yang diterima melalui dm twitter xxxuserxxx agar dapat dicek lebih lanjut kakak ? - roky,"“hai kak dira, bsih kirim screenshot notif yg dtrima dri twitter @xxxuserxxx ya, biar bs dicek lanjut kak - roky”",False,290,4200145,42,"[""malam , mohon info paket saya sejak tanggal xxxnumberxxx tertahan dgn status itu . blm terkirim sampai sekarang , ada apa ya ?"", ""hai jnt xxxuserxxx mau tanya dong kenapa paket yg saya kirim masih gini aja ya mohon pencerahannya"", ""maaf min mau nanya apakah bener ini nomor dari gojek ? + xxxnumberxxx"", ""grab paket hemat saya billingnya itu tgl xxxnumberxxx juli xxxnumberxxx sekarang aja udh agustus kok subscribe nya masih aktif ya ?"", ""saya mau tanya , ini saya mau beli paket yellow kenapa sama xxxnumberxxx tidak direspon / tidak dibalas""]",False,5,1529,35,False,113
google/gemma-3-4b-it,formal,informal,hybrid_early,0.1,tolong cek dm saya . terima kasih .,"hai, boleh minta tolong cek DM saya ya? makasih.",False,292,4200146,42,"[""malam , mohon info paket saya sejak tanggal xxxnumberxxx tertahan dgn status itu . blm terkirim sampai sekarang , ada apa ya ?"", ""maaf min mau nanya apakah bener ini nomor dari gojek ? + xxxnumberxxx"", ""saya mau tanya , ini saya mau beli paket yellow kenapa sama xxxnumberxxx tidak direspon / tidak dibalas"", ""hai jnt xxxuserxxx mau tanya dong kenapa paket yg saya kirim masih gini aja ya mohon pencerahannya"", ""grab paket hemat saya billingnya itu tgl xxxnumberxxx juli xxxnumberxxx sekarang aja udh agustus kok subscribe nya masih aktif ya ?""]",False,5,1423,15,False,48
google/gemma-3-4b-it,formal,informal,hybrid_early,0.1,"dear ovo , tanggal xxxnumberxxx kemarin saya sudah lunaskan tagihan paylater , tapi kenapa masih dapat tagihan ? bagaimana ? tolong bantu . terima kasih .","dear ovo, tanggal kemarin saya sudah lunasin tagihan paylater, tapi kok masih dapat tagihan ya? gimana ini tolong bantu, makasih.",False,294,4200147,42,"[""malam , mohon info paket saya sejak tanggal xxxnumberxxx tertahan dgn status itu . blm terkirim sampai sekarang , ada apa ya ?"", ""grab paket hemat saya billingnya itu tgl xxxnumberxxx juli xxxnumberxxx sekarang aja udh agustus kok subscribe nya masih aktif ya ?"", ""maaf min mau nanya apakah bener ini nomor dari gojek ? + xxxnumberxxx"", ""dear indosat , sy mau isi paketan , tetapi kenapa tidak bisa ya , sudah sejak jam xxxnumberxxx tadi , pulsa sdh masuk tapi tdk bisa aktip"", ""saya mau tanya , ini saya mau beli paket yellow kenapa sama xxxnumberxxx tidak direspon / tidak dibalas""]",False,5,1581,33,False,129
google/gemma-3-4b-it,formal,informal,hybrid_early,0.1,yang pasti lebih cepat ant - man dan spiderman . maksudnya lebih cepat tayang di bioskop hahaha .,"“duh, film ant man sama spiderman itu udah lama banget nunggu di bioskop ya… hahaha.”",False,296,4200148,42,"[""malam , mohon info paket saya sejak tanggal xxxnumberxxx tertahan dgn status itu . blm terkirim sampai sekarang , ada apa ya ?"", ""tolong dong xxxuserxxx dari kmaren sore jaringan nya full tapi nggak nyambung ke internet padahal kuota dah lumayan banyak"", ""grab paket hemat saya billingnya itu tgl xxxnumberxxx juli xxxnumberxxx sekarang aja udh agustus kok subscribe nya masih aktif ya ?"", ""maaf min mau nanya apakah bener ini nomor dari gojek ? + xxxnumberxxx"", ""saya mau tanya , ini saya mau beli paket yellow kenapa sama xxxnumberxxx tidak direspon / tidak dibalas""]",False,5,1509,24,False,85
google/gemma-3-4b-it,formal,informal,hybrid_early,0.1,apa fungsi dari telepon admin ? dihubungi juga tidak bisa . bagaimana ini .,"“permisi, mau tanya fungsi dari nomor telepon admin ya? udah dihubungi juga gak bisa, gimana ya ini?”",False,298,4200149,42,"[""malam , mohon info paket saya sejak tanggal xxxnumberxxx tertahan dgn status itu . blm terkirim sampai sekarang , ada apa ya ?"", ""maaf min mau nanya apakah bener ini nomor dari gojek ? + xxxnumberxxx"", ""hai jnt xxxuserxxx mau tanya dong kenapa paket yg saya kirim masih gini aja ya mohon pencerahannya"", ""dear indosat , sy mau isi paketan , tetapi kenapa tidak bisa ya , sudah sejak jam xxxnumberxxx tadi , pulsa sdh masuk tapi tdk bisa aktip"", ""saya mau tanya , ini saya mau beli paket yellow kenapa sama xxxnumberxxx tidak direspon / tidak dibalas""]",False,5,1469,27,False,101
google/gemma-3-4b-it,formal,informal,hybrid_early,0.1,"admin , bagaimana ini ? ah , tidak bisa kirim pesan , pulsa terpotong , kesal saya .","“admin, kok gak bisa kirim pesen? pulsa abis, kesel banget.”",False,300,4200150,42,"[""malam , mohon info paket saya sejak tanggal xxxnumberxxx tertahan dgn status itu . blm terkirim sampai sekarang , ada apa ya ?"", ""grab paket hemat saya billingnya itu tgl xxxnumberxxx juli xxxnumberxxx sekarang aja udh agustus kok subscribe nya masih aktif ya ?"", ""maaf min mau nanya apakah bener ini nomor dari gojek ? + xxxnumberxxx"", ""jb xxxphonexxx , sudah seminggu paket ngga nyampe , padahal masih dalam jakarta , ini malah dikirm ke surabaya buat apa coba ? jnt sistemnya gimana sih ?"", ""dear indosat , sy mau isi paketan , tetapi kenapa tidak bisa ya , sudah sejak jam xxxnumberxxx tadi , pulsa sdh masuk tapi tdk bisa aktip""]",False,5,1561,21,False,60
google/gemma-3-4b-it,formal,informal,hybrid_early,0.1,"itu sudah tahu , tapi masih saja error begitu .","“itu udah tau, tapi masih aja macet tuh.”",True,302,4200151,42,"[""malam , mohon info paket saya sejak tanggal xxxnumberxxx tertahan dgn status itu . blm terkirim sampai sekarang , ada apa ya ?"", ""sudah kak , sudah saya ganti ke xxxnumberxxx g tp ttp susah"", ""maaf min mau nanya apakah bener ini nomor dari gojek ? + xxxnumberxxx"", ""grab paket hemat saya billingnya itu tgl xxxnumberxxx juli xxxnumberxxx sekarang aja udh agustus kok subscribe nya masih aktif ya ?"", ""jb xxxphonexxx , sudah seminggu paket ngga nyampe , padahal masih dalam jakarta , ini malah dikirm ke surabaya buat apa coba ? jnt sistemnya gimana sih ?""]",False,5,1446,14,False,41
google/gemma-3-4b-it,formal,informal,hybrid_early,0.1,"apakah sedang gangguan ? mengapa paket tiba - tiba tidak dapat diperbaharui otomatis ? ingin mengganti paket , namun tidak bisa .","“permisi, kok paketku tiba-tiba gak bisa diperbarui otomatis ya? mau ganti paket, tapi kok gak bisa sih?”",False,304,4200152,42,"[""malam , mohon info paket saya sejak tanggal xxxnumberxxx tertahan dgn status itu . blm terkirim sampai sekarang , ada apa ya ?"", ""grab paket hemat saya billingnya itu tgl xxxnumberxxx juli xxxnumberxxx sekarang aja udh agustus kok subscribe nya masih aktif ya ?"", ""dear indosat , sy mau isi paketan , tetapi kenapa tidak bisa ya , sudah sejak jam xxxnumberxxx tadi , pulsa sdh masuk tapi tdk bisa aktip"", ""jb xxxphonexxx , sudah seminggu paket ngga nyampe , padahal masih dalam jakarta , ini malah dikirm ke surabaya buat apa coba ? jnt sistemnya gimana sih ?"", ""saya mau tanya , ini saya mau beli paket yellow kenapa sama xxxnumberxxx tidak direspon / tidak dibalas""]",False,5,1640,30,False,105
google/gemma-3-4b-it,formal,informal,hybrid_early,0.1,"sudah berkali - kali pakai dari kemarin , tapi tetap belum ada promonya .","“udah lama banget dari kemarin, kok promo nyaaa masih aja nggak muncul.”",False,306,4200153,42,"[""malam , mohon info paket saya sejak tanggal xxxnumberxxx tertahan dgn status itu . blm terkirim sampai sekarang , ada apa ya ?"", ""grab paket hemat saya billingnya itu tgl xxxnumberxxx juli xxxnumberxxx sekarang aja udh agustus kok subscribe nya masih aktif ya ?"", ""saya mau tanya , ini saya mau beli paket yellow kenapa sama xxxnumberxxx tidak direspon / tidak dibalas"", ""sudah kak , sudah saya ganti ke xxxnumberxxx g tp ttp susah"", ""jb xxxphonexxx , sudah seminggu paket ngga nyampe , padahal masih dalam jakarta , ini malah dikirm ke surabaya buat apa coba ? jnt sistemnya gimana sih ?""]",False,5,1506,18,False,72
google/gemma-3-4b-it,formal,informal,hybrid_early,0.1,"wah , kasusnya panjang ini . masa , satu akun e - commerce saya harus menyiapkan beda - beda nomor telepon .","wah , ini gimana ya , satu akun e commerce gue harus prepare macem - macem nomor telepon sih .",True,308,4200154,42,"[""malam , mohon info paket saya sejak tanggal xxxnumberxxx tertahan dgn status itu . blm terkirim sampai sekarang , ada apa ya ?"", ""maaf min mau nanya apakah bener ini nomor dari gojek ? + xxxnumberxxx"", ""grab paket hemat saya billingnya itu tgl xxxnumberxxx juli xxxnumberxxx sekarang aja udh agustus kok subscribe nya masih aktif ya ?"", ""jb xxxphonexxx , sudah seminggu paket ngga nyampe , padahal masih dalam jakarta , ini malah dikirm ke surabaya buat apa coba ? jnt sistemnya gimana sih ?"", ""lha gimana bos . urgen . telopon ke xxxnumberxxx nunggu lama bgt , giliran udh nyambung cs nanyanya panjang x lebar keburu habis pulsa masalah gak kelar .""]",False,5,1602,23,False,94
google/gemma-3-4b-it,formal,informal,hybrid_early,0.1,berapa lama waktu yang dibutuhkan untuk konfirmasi sms collect ?,"“min, kira kira lama nunggu konfirmasi sms ambil barangnya berapa ya?”",False,310,4200155,42,"[""malam , mohon info paket saya sejak tanggal xxxnumberxxx tertahan dgn status itu . blm terkirim sampai sekarang , ada apa ya ?"", ""grab paket hemat saya billingnya itu tgl xxxnumberxxx juli xxxnumberxxx sekarang aja udh agustus kok subscribe nya masih aktif ya ?"", ""jb xxxphonexxx , sudah seminggu paket ngga nyampe , padahal masih dalam jakarta , ini malah dikirm ke surabaya buat apa coba ? jnt sistemnya gimana sih ?"", ""halo min saldo ovo ga muncul di grab , padahal nomor hp sudah sama . tolong cek dm ya min"", ""maaf min mau nanya apakah bener ini nomor dari gojek ? + xxxnumberxxx""]",False,5,1493,19,False,70
google/gemma-3-4b-it,formal,informal,hybrid_early,0.1,"ya allah , aku baca keseluruhan merinding punya mamaku belum cetak resi . sudah lama tapi mengecek rutin .","Ya ampun, resi mamaku blum cetis, udah lama banget ngetes rutin tuh.",False,312,4200156,42,"[""malam , mohon info paket saya sejak tanggal xxxnumberxxx tertahan dgn status itu . blm terkirim sampai sekarang , ada apa ya ?"", ""grab paket hemat saya billingnya itu tgl xxxnumberxxx juli xxxnumberxxx sekarang aja udh agustus kok subscribe nya masih aktif ya ?"", ""maaf min mau nanya apakah bener ini nomor dari gojek ? + xxxnumberxxx"", ""saya mau tanya , ini saya mau beli paket yellow kenapa sama xxxnumberxxx tidak direspon / tidak dibalas"", ""jb xxxphonexxx , sudah seminggu paket ngga nyampe , padahal masih dalam jakarta , ini malah dikirm ke surabaya buat apa coba ? jnt sistemnya gimana sih ?""]",False,5,1549,23,False,68
google/gemma-3-4b-it,formal,informal,hybrid_early,0.1,"admin , saya salah kode pembelian gopay . jadi masuknya ke driver . padahal saya bukan driver . bisa dibantu saldonya dipindah ke gopay saya ?","halo admin, salah kode gopay , malah masuk ke saldo driver . bukan driver kok , tolong pindahin ke saldo gopay dong 🙏",False,314,4200157,42,"[""malam , mohon info paket saya sejak tanggal xxxnumberxxx tertahan dgn status itu . blm terkirim sampai sekarang , ada apa ya ?"", ""grab paket hemat saya billingnya itu tgl xxxnumberxxx juli xxxnumberxxx sekarang aja udh agustus kok subscribe nya masih aktif ya ?"", ""jb xxxphonexxx , sudah seminggu paket ngga nyampe , padahal masih dalam jakarta , ini malah dikirm ke surabaya buat apa coba ? jnt sistemnya gimana sih ?"", ""maaf min mau nanya apakah bener ini nomor dari gojek ? + xxxnumberxxx"", ""halo min saldo ovo ga muncul di grab , padahal nomor hp sudah sama . tolong cek dm ya min""]",False,5,1571,32,False,117
google/gemma-3-4b-it,formal,informal,hybrid_early,0.1,"tidak ada kak . hanya ingin bilang saja , jika harga paket internetnya tidak bisa dimurahkan lagi ?","“apa gak bisa kak, harga paket internetnya diturunin lg?”",False,316,4200158,42,"[""malam , mohon info paket saya sejak tanggal xxxnumberxxx tertahan dgn status itu . blm terkirim sampai sekarang , ada apa ya ?"", ""dear indosat , sy mau isi paketan , tetapi kenapa tidak bisa ya , sudah sejak jam xxxnumberxxx tadi , pulsa sdh masuk tapi tdk bisa aktip"", ""grab paket hemat saya billingnya itu tgl xxxnumberxxx juli xxxnumberxxx sekarang aja udh agustus kok subscribe nya masih aktif ya ?"", ""saya mau tanya , ini saya mau beli paket yellow kenapa sama xxxnumberxxx tidak direspon / tidak dibalas"", ""jb xxxphonexxx , sudah seminggu paket ngga nyampe , padahal masih dalam jakarta , ini malah dikirm ke surabaya buat apa coba ? jnt sistemnya gimana sih ?""]",False,5,1610,17,False,57
google/gemma-3-4b-it,formal,informal,hybrid_early,0.1,"kak , beli barang dengan harga xxxnumberxxx dikirim dari luar negeri , apakah kena pajak ?","min, aku beli barang +xxxnumberxxx dari luar negeri, ada pajak gak ya?",False,318,4200159,42,"[""malam , mohon info paket saya sejak tanggal xxxnumberxxx tertahan dgn status itu . blm terkirim sampai sekarang , ada apa ya ?"", ""grab paket hemat saya billingnya itu tgl xxxnumberxxx juli xxxnumberxxx sekarang aja udh agustus kok subscribe nya masih aktif ya ?"", ""jb xxxphonexxx , sudah seminggu paket ngga nyampe , padahal masih dalam jakarta , ini malah dikirm ke surabaya buat apa coba ? jnt sistemnya gimana sih ?"", ""jp xxxphonexxx min tolong dong ini paket saya ga nyampe nyampe , padahal ngirim sesama jakarta bisa xxxnumberxxx harian ."", ""maaf min mau nanya apakah bener ini nomor dari gojek ? + xxxnumberxxx""]",False,5,1551,19,False,70
google/gemma-3-4b-it,formal,informal,hybrid_early,0.1,"malam , mas tono . kebetulan kekhawatiran saya sudah teratasi , mas . masalah teratasi .","“Halo mas tono, soalnya udah tenang nih, mas. masalahnya udah kelar.”",False,320,4200160,42,"[""malam , mohon info paket saya sejak tanggal xxxnumberxxx tertahan dgn status itu . blm terkirim sampai sekarang , ada apa ya ?"", ""maaf min mau nanya apakah bener ini nomor dari gojek ? + xxxnumberxxx"", ""jb xxxphonexxx , sudah seminggu paket ngga nyampe , padahal masih dalam jakarta , ini malah dikirm ke surabaya buat apa coba ? jnt sistemnya gimana sih ?"", ""hallo min selamat pagi , no resi jp xxxphonexxx diperkiran bakal diterima hari ini . tapi malah di disimpan kalau ada alamat yang salah tolong diinfo kan ."", ""grab paket hemat saya billingnya itu tgl xxxnumberxxx juli xxxnumberxxx sekarang aja udh agustus kok subscribe nya masih aktif ya ?""]",False,5,1583,21,False,69
google/gemma-3-4b-it,formal,informal,hybrid_early,0.1,"sempat berpikir xxxuserxxx itu fiktif , ternyata asli . terimakasih untuk infonya xxxuserxxx . samsung a50 harga xxxnumberxxx ribu , sudah sampai tanggal xxxdatexxx . mantap ! penuh segel !","hai , ini paket samsung a50 harga xxxnumberxxx ribu , udah sampai tanggal xxxdatexxx , segel ! mantap , thanks infonya xxxuserxxx .",False,322,4200161,42,"[""malam , mohon info paket saya sejak tanggal xxxnumberxxx tertahan dgn status itu . blm terkirim sampai sekarang , ada apa ya ?"", ""maaf min mau nanya apakah bener ini nomor dari gojek ? + xxxnumberxxx"", ""hai jnt xxxuserxxx mau tanya dong kenapa paket yg saya kirim masih gini aja ya mohon pencerahannya"", ""saya mau tanya , ini saya mau beli paket yellow kenapa sama xxxnumberxxx tidak direspon / tidak dibalas"", ""jb xxxphonexxx , sudah seminggu paket ngga nyampe , padahal masih dalam jakarta , ini malah dikirm ke surabaya buat apa coba ? jnt sistemnya gimana sih ?""]",False,5,1599,36,False,131
google/gemma-3-4b-it,formal,informal,hybrid_early,0.1,"admin , mengapa akun paylater saya masih coming soon ?","min, kok akun paylater gue masih ""coming soon"" ya?",False,324,4200162,42,"[""grab paket hemat saya billingnya itu tgl xxxnumberxxx juli xxxnumberxxx sekarang aja udh agustus kok subscribe nya masih aktif ya ?"", ""malam , mohon info paket saya sejak tanggal xxxnumberxxx tertahan dgn status itu . blm terkirim sampai sekarang , ada apa ya ?"", ""maaf min mau nanya apakah bener ini nomor dari gojek ? + xxxnumberxxx"", ""hai jnt xxxuserxxx mau tanya dong kenapa paket yg saya kirim masih gini aja ya mohon pencerahannya"", ""jb xxxphonexxx , sudah seminggu paket ngga nyampe , padahal masih dalam jakarta , ini malah dikirm ke surabaya buat apa coba ? jnt sistemnya gimana sih ?""]",False,5,1492,15,False,50
google/gemma-3-4b-it,formal,informal,hybrid_early,0.1,delman / andong dan becak di jogja tidak dijadikan partner xxxuserxxx ?,"""delman/andong sama becak di jogja, kok ngga jadi partner buat xxxuserxxx sih?""",True,326,4200163,42,"[""cek dm coba xxxuserxxx dari tadi komplen ngga ada respon , pulsa udah kepotong kena tarif per kb"", ""jb xxxphonexxx , sudah seminggu paket ngga nyampe , padahal masih dalam jakarta , ini malah dikirm ke surabaya buat apa coba ? jnt sistemnya gimana sih ?"", ""maaf min mau nanya apakah bener ini nomor dari gojek ? + xxxnumberxxx"", ""malam , mohon info paket saya sejak tanggal xxxnumberxxx tertahan dgn status itu . blm terkirim sampai sekarang , ada apa ya ?"", ""grab paket hemat saya billingnya itu tgl xxxnumberxxx juli xxxnumberxxx sekarang aja udh agustus kok subscribe nya masih aktif ya ?""]",False,5,1507,26,False,79
google/gemma-3-4b-it,formal,informal,hybrid_early,0.1,"saya tidak bisa dm , nomornya xxxnumberxxx . waktu pengisian pulsanya sekitar pukul xxxnumberxxx menggunakan aplikasi dana . mohon infonya .","“saya gak bisa DM, nomornya xxxnumberxxx. waktu isi pulsa sekitar jam xxxnumberxxx pakai dana. mohon info dong.”",False,328,4200164,42,"[""malam , mohon info paket saya sejak tanggal xxxnumberxxx tertahan dgn status itu . blm terkirim sampai sekarang , ada apa ya ?"", ""maaf min mau nanya apakah bener ini nomor dari gojek ? + xxxnumberxxx"", ""grab paket hemat saya billingnya itu tgl xxxnumberxxx juli xxxnumberxxx sekarang aja udh agustus kok subscribe nya masih aktif ya ?"", ""dear indosat , sy mau isi paketan , tetapi kenapa tidak bisa ya , sudah sejak jam xxxnumberxxx tadi , pulsa sdh masuk tapi tdk bisa aktip"", ""saya mau tanya , ini saya mau beli paket yellow kenapa sama xxxnumberxxx tidak direspon / tidak dibalas""]",False,5,1567,31,False,112
google/gemma-3-4b-it,formal,informal,hybrid_early,0.1,rifat girang sekali . selamat bertugas .,"halo , senang banget ditugsin!",False,330,4200165,42,"[""malam , mohon info paket saya sejak tanggal xxxnumberxxx tertahan dgn status itu . blm terkirim sampai sekarang , ada apa ya ?"", ""jb xxxphonexxx , sudah seminggu paket ngga nyampe , padahal masih dalam jakarta , ini malah dikirm ke surabaya buat apa coba ? jnt sistemnya gimana sih ?"", ""grab paket hemat saya billingnya itu tgl xxxnumberxxx juli xxxnumberxxx sekarang aja udh agustus kok subscribe nya masih aktif ya ?"", ""maaf min mau nanya apakah bener ini nomor dari gojek ? + xxxnumberxxx"", ""hallo min selamat pagi , no resi jp xxxphonexxx diperkiran bakal diterima hari ini . tapi malah di disimpan kalau ada alamat yang salah tolong diinfo kan .""]",False,5,1535,10,False,30
google/gemma-3-4b-it,formal,informal,hybrid_early,0.1,"admin , jak linko bisa digunakan di krl commuterline tidak ?","admin , kira2 linko bisa di pake gak ya buat naik krl commuterline?",False,332,4200166,42,"[""maaf min mau nanya apakah bener ini nomor dari gojek ? + xxxnumberxxx"", ""grab paket hemat saya billingnya itu tgl xxxnumberxxx juli xxxnumberxxx sekarang aja udh agustus kok subscribe nya masih aktif ya ?"", ""jb xxxphonexxx , sudah seminggu paket ngga nyampe , padahal masih dalam jakarta , ini malah dikirm ke surabaya buat apa coba ? jnt sistemnya gimana sih ?"", ""malam , mohon info paket saya sejak tanggal xxxnumberxxx tertahan dgn status itu . blm terkirim sampai sekarang , ada apa ya ?"", ""hai jnt xxxuserxxx mau tanya dong kenapa paket yg saya kirim masih gini aja ya mohon pencerahannya""]",False,5,1498,19,False,67
google/gemma-3-4b-it,formal,informal,hybrid_early,0.1,"sabar kem , kira - kira ganteng atau tidak daniel dan bani ?","“jd, nih, kira2 ganteng gak sih, Daniel sama Bani?”",False,334,4200167,42,"[""grab paket hemat saya billingnya itu tgl xxxnumberxxx juli xxxnumberxxx sekarang aja udh agustus kok subscribe nya masih aktif ya ?"", ""malam , mohon info paket saya sejak tanggal xxxnumberxxx tertahan dgn status itu . blm terkirim sampai sekarang , ada apa ya ?"", ""maaf min mau nanya apakah bener ini nomor dari gojek ? + xxxnumberxxx"", ""saya mau tanya , ini saya mau beli paket yellow kenapa sama xxxnumberxxx tidak direspon / tidak dibalas"", ""jb xxxphonexxx , sudah seminggu paket ngga nyampe , padahal masih dalam jakarta , ini malah dikirm ke surabaya buat apa coba ? jnt sistemnya gimana sih ?""]",False,5,1503,18,False,51
google/gemma-3-4b-it,formal,informal,hybrid_early,0.1,di m - card - nya juga salah penulisan namanya . sama kayak di profile jenius . beda sama ktp . jadi harus ganti kartu ?,"“kartu m-cardnya juga salah nama, sama kayak di profile Jenius. beda jauh sama KTP. jadi harus ganti kartu ya?”",False,336,4200168,42,"[""malam , mohon info paket saya sejak tanggal xxxnumberxxx tertahan dgn status itu . blm terkirim sampai sekarang , ada apa ya ?"", ""halo min saldo ovo ga muncul di grab , padahal nomor hp sudah sama . tolong cek dm ya min"", ""saya mau tanya , ini saya mau beli paket yellow kenapa sama xxxnumberxxx tidak direspon / tidak dibalas"", ""grab paket hemat saya billingnya itu tgl xxxnumberxxx juli xxxnumberxxx sekarang aja udh agustus kok subscribe nya masih aktif ya ?"", ""maaf min mau nanya apakah bener ini nomor dari gojek ? + xxxnumberxxx""]",False,5,1499,34,False,111
google/gemma-3-4b-it,formal,informal,hybrid_early,0.1,mati saja kau admin cacat otak !,"admin brengsek, ilang aja!",False,338,4200169,42,"[""grab paket hemat saya billingnya itu tgl xxxnumberxxx juli xxxnumberxxx sekarang aja udh agustus kok subscribe nya masih aktif ya ?"", ""maaf min mau nanya apakah bener ini nomor dari gojek ? + xxxnumberxxx"", ""malam , mohon info paket saya sejak tanggal xxxnumberxxx tertahan dgn status itu . blm terkirim sampai sekarang , ada apa ya ?"", ""cek dm coba xxxuserxxx dari tadi komplen ngga ada respon , pulsa udah kepotong kena tarif per kb"", ""hai jnt xxxuserxxx mau tanya dong kenapa paket yg saya kirim masih gini aja ya mohon pencerahannya""]",False,5,1413,9,False,26
google/gemma-3-4b-it,formal,informal,hybrid_early,0.1,"pontianak timur , kecamatannya . hp samsung dengan baterai yang tertanam .","“halo min, hp samsung battenya udah ilang di pontianak timur , mau nanya dong”",False,340,4200170,42,"[""malam , mohon info paket saya sejak tanggal xxxnumberxxx tertahan dgn status itu . blm terkirim sampai sekarang , ada apa ya ?"", ""jb xxxphonexxx , sudah seminggu paket ngga nyampe , padahal masih dalam jakarta , ini malah dikirm ke surabaya buat apa coba ? jnt sistemnya gimana sih ?"", ""maaf min mau nanya apakah bener ini nomor dari gojek ? + xxxnumberxxx"", ""halo min saldo ovo ga muncul di grab , padahal nomor hp sudah sama . tolong cek dm ya min"", ""grab paket hemat saya billingnya itu tgl xxxnumberxxx juli xxxnumberxxx sekarang aja udh agustus kok subscribe nya masih aktif ya ?""]",False,5,1503,24,False,78
google/gemma-3-4b-it,formal,informal,hybrid_early,0.1,"halo , admin . promo yang hendak saya gunakan selalu dikatakan fully redeemed , padahal saya belum sekali pun menggunakannya . mengapa ?","“halo admin, promo yg mau gue pake selalu bilang fully redeemed padahal gue belum pernah pake sama sekali, kenapa sih?”",False,342,4200171,42,"[""grab paket hemat saya billingnya itu tgl xxxnumberxxx juli xxxnumberxxx sekarang aja udh agustus kok subscribe nya masih aktif ya ?"", ""malam , mohon info paket saya sejak tanggal xxxnumberxxx tertahan dgn status itu . blm terkirim sampai sekarang , ada apa ya ?"", ""saya mau tanya , ini saya mau beli paket yellow kenapa sama xxxnumberxxx tidak direspon / tidak dibalas"", ""dear indosat , sy mau isi paketan , tetapi kenapa tidak bisa ya , sudah sejak jam xxxnumberxxx tadi , pulsa sdh masuk tapi tdk bisa aktip"", ""jb xxxphonexxx , sudah seminggu paket ngga nyampe , padahal masih dalam jakarta , ini malah dikirm ke surabaya buat apa coba ? jnt sistemnya gimana sih ?""]",False,5,1647,27,False,119
google/gemma-3-4b-it,formal,informal,hybrid_early,0.1,"halo xxxuserxxx , tolong cek dm ya , saya sudah kirim keluhan via dm . terima kasih .","hai xxxuserxxx , udah kirim keluhan lewat dm nih, tolong cek ya makasih.",False,344,4200172,42,"[""malam , mohon info paket saya sejak tanggal xxxnumberxxx tertahan dgn status itu . blm terkirim sampai sekarang , ada apa ya ?"", ""maaf min mau nanya apakah bener ini nomor dari gojek ? + xxxnumberxxx"", ""hai jnt xxxuserxxx mau tanya dong kenapa paket yg saya kirim masih gini aja ya mohon pencerahannya"", ""saya mau tanya , ini saya mau beli paket yellow kenapa sama xxxnumberxxx tidak direspon / tidak dibalas"", ""jb xxxphonexxx , sudah seminggu paket ngga nyampe , padahal masih dalam jakarta , ini malah dikirm ke surabaya buat apa coba ? jnt sistemnya gimana sih ?""]",False,5,1495,22,False,72
google/gemma-3-4b-it,formal,informal,hybrid_early,0.1,kemarin saya dapat notifikasi promo xxxnumberxxx ribu goride dari & ke stasiun duren kalibata . tapi waktu saya tekan tidak ada apa - apa . cara pakainya bagaimana ?,"min, kemarin saya dapet notifikasi promo xxxnumberxxx ribu buat goride dari ke stasiun duren kalibata. pas mau pake gak ada apa-apa sih, gimana cara pakai ya?",True,346,4200173,42,"[""malam , mohon info paket saya sejak tanggal xxxnumberxxx tertahan dgn status itu . blm terkirim sampai sekarang , ada apa ya ?"", ""grab paket hemat saya billingnya itu tgl xxxnumberxxx juli xxxnumberxxx sekarang aja udh agustus kok subscribe nya masih aktif ya ?"", ""saya mau tanya , ini saya mau beli paket yellow kenapa sama xxxnumberxxx tidak direspon / tidak dibalas"", ""maaf min mau nanya apakah bener ini nomor dari gojek ? + xxxnumberxxx"", ""jb xxxphonexxx , sudah seminggu paket ngga nyampe , padahal masih dalam jakarta , ini malah dikirm ke surabaya buat apa coba ? jnt sistemnya gimana sih ?""]",False,5,1608,42,False,158
google/gemma-3-4b-it,formal,informal,hybrid_early,0.1,"admin , kebijakan barukah dana dilepas tanggal xxxnumberxxx ? padahal tanggal xxxnumberxxx pembeli sudah konfirmasi pesanan .","hai admin, kebijakan baru dana dilepas tanggal xxxnumberxxx? padahal pembeli udah konfirmasi pesanan tanggal xxxnumberxxx, kok bisa begitu?",False,348,4200174,42,"[""malam , mohon info paket saya sejak tanggal xxxnumberxxx tertahan dgn status itu . blm terkirim sampai sekarang , ada apa ya ?"", ""maaf min mau nanya apakah bener ini nomor dari gojek ? + xxxnumberxxx"", ""grab paket hemat saya billingnya itu tgl xxxnumberxxx juli xxxnumberxxx sekarang aja udh agustus kok subscribe nya masih aktif ya ?"", ""jb xxxphonexxx , sudah seminggu paket ngga nyampe , padahal masih dalam jakarta , ini malah dikirm ke surabaya buat apa coba ? jnt sistemnya gimana sih ?"", ""hai jnt xxxuserxxx mau tanya dong kenapa paket yg saya kirim masih gini aja ya mohon pencerahannya""]",False,5,1563,33,False,139
google/gemma-3-4b-it,formal,informal,hybrid_early,0.1,"saya baru saja dm , mohon diperiksa dm - nya . terima kasih .","hai, mohon dicek dm yang baru ini ya. makasih.",False,350,4200175,42,"[""malam , mohon info paket saya sejak tanggal xxxnumberxxx tertahan dgn status itu . blm terkirim sampai sekarang , ada apa ya ?"", ""maaf min mau nanya apakah bener ini nomor dari gojek ? + xxxnumberxxx"", ""saya mau tanya , ini saya mau beli paket yellow kenapa sama xxxnumberxxx tidak direspon / tidak dibalas"", ""hai jnt xxxuserxxx mau tanya dong kenapa paket yg saya kirim masih gini aja ya mohon pencerahannya"", ""sudah kak , sudah saya ganti ke xxxnumberxxx g tp ttp susah""]",False,5,1377,16,False,46
google/gemma-3-4b-it,formal,informal,hybrid_early,0.1,"dear admin , apakah kuota transfer dan cashout gabungan atau berbeda ? terima kasih .","hai admin , mau tanya dong kuota transfer sama cashoutnya beda apa sama aja ya? makasih",False,352,4200176,42,"[""malam , mohon info paket saya sejak tanggal xxxnumberxxx tertahan dgn status itu . blm terkirim sampai sekarang , ada apa ya ?"", ""grab paket hemat saya billingnya itu tgl xxxnumberxxx juli xxxnumberxxx sekarang aja udh agustus kok subscribe nya masih aktif ya ?"", ""maaf min mau nanya apakah bener ini nomor dari gojek ? + xxxnumberxxx"", ""dear indosat , sy mau isi paketan , tetapi kenapa tidak bisa ya , sudah sejak jam xxxnumberxxx tadi , pulsa sdh masuk tapi tdk bisa aktip"", ""hai jnt xxxuserxxx mau tanya dong kenapa paket yg saya kirim masih gini aja ya mohon pencerahannya""]",False,5,1507,24,False,87
google/gemma-3-4b-it,formal,informal,hybrid_early,0.1,jp xxxphonexxx paket belum sampai ke penerima tapi sudah tertulis diterima .,"""jp xxxphonexxx paketnya kok belum smpai ya, padahal tulisannya udah diterima?""",False,354,4200177,42,"[""malam , mohon info paket saya sejak tanggal xxxnumberxxx tertahan dgn status itu . blm terkirim sampai sekarang , ada apa ya ?"", ""jb xxxphonexxx , sudah seminggu paket ngga nyampe , padahal masih dalam jakarta , ini malah dikirm ke surabaya buat apa coba ? jnt sistemnya gimana sih ?"", ""maaf min mau nanya apakah bener ini nomor dari gojek ? + xxxnumberxxx"", ""cek dm coba xxxuserxxx dari tadi komplen ngga ada respon , pulsa udah kepotong kena tarif per kb"", ""jp xxxphonexxx min tolong dong ini paket saya ga nyampe nyampe , padahal ngirim sesama jakarta bisa xxxnumberxxx harian .""]",False,5,1502,23,False,79
google/gemma-3-4b-it,formal,informal,hybrid_early,0.1,"terima kasih xxxuserxxx . sedang krisis moneter seperti ini , sangat berharga untukku .","hai , makasih banyak ya , krismon ini bener2 penting buat gue .",False,356,4200178,42,"[""malam , mohon info paket saya sejak tanggal xxxnumberxxx tertahan dgn status itu . blm terkirim sampai sekarang , ada apa ya ?"", ""maaf min mau nanya apakah bener ini nomor dari gojek ? + xxxnumberxxx"", ""jp xxxphonexxx min tolong dong ini paket saya ga nyampe nyampe , padahal ngirim sesama jakarta bisa xxxnumberxxx harian ."", ""grab paket hemat saya billingnya itu tgl xxxnumberxxx juli xxxnumberxxx sekarang aja udh agustus kok subscribe nya masih aktif ya ?"", ""hai jnt xxxuserxxx mau tanya dong kenapa paket yg saya kirim masih gini aja ya mohon pencerahannya""]",False,5,1493,19,False,63
google/gemma-3-4b-it,formal,informal,hybrid_early,0.1,admin . tolong respon dm saya . terima kasih .,"hai , admin mau tanya nih , tolong balas dm ya makasih",False,358,4200179,42,"[""malam , mohon info paket saya sejak tanggal xxxnumberxxx tertahan dgn status itu . blm terkirim sampai sekarang , ada apa ya ?"", ""maaf min mau nanya apakah bener ini nomor dari gojek ? + xxxnumberxxx"", ""hai jnt xxxuserxxx mau tanya dong kenapa paket yg saya kirim masih gini aja ya mohon pencerahannya"", ""saya mau tanya , ini saya mau beli paket yellow kenapa sama xxxnumberxxx tidak direspon / tidak dibalas"", ""grab paket hemat saya billingnya itu tgl xxxnumberxxx juli xxxnumberxxx sekarang aja udh agustus kok subscribe nya masih aktif ya ?""]",False,5,1434,16,False,54
google/gemma-3-4b-it,formal,informal,hybrid_early,0.1,sinyal telkomsel juga tidak bisa diakses sama sekali .,"""sinyal telkomsel juga nggak bisa diakses sama sekali, nih.""",False,360,4200180,42,"[""tolong dong xxxuserxxx dari kmaren sore jaringan nya full tapi nggak nyambung ke internet padahal kuota dah lumayan banyak"", ""dear indosat , sy mau isi paketan , tetapi kenapa tidak bisa ya , sudah sejak jam xxxnumberxxx tadi , pulsa sdh masuk tapi tdk bisa aktip"", ""cek dm coba xxxuserxxx dari tadi komplen ngga ada respon , pulsa udah kepotong kena tarif per kb"", ""ini masih gangguan sinyal xxxnumberxxx g ga bisa aktif datanya ?"", ""malam , mohon info paket saya sejak tanggal xxxnumberxxx tertahan dgn status itu . blm terkirim sampai sekarang , ada apa ya ?""]",False,5,1460,18,False,60
google/gemma-3-4b-it,formal,informal,hybrid_early,0.1,"admin , cara cek isi ulang dinomor xxxnumberxxx bagaimana caranya ?","“admin, mau tanya cara cek isi ulang buat nomor xxxnumberxxx gimana ya?”",False,362,4200181,42,"[""malam , mohon info paket saya sejak tanggal xxxnumberxxx tertahan dgn status itu . blm terkirim sampai sekarang , ada apa ya ?"", ""maaf min mau nanya apakah bener ini nomor dari gojek ? + xxxnumberxxx"", ""saya mau tanya , ini saya mau beli paket yellow kenapa sama xxxnumberxxx tidak direspon / tidak dibalas"", ""grab paket hemat saya billingnya itu tgl xxxnumberxxx juli xxxnumberxxx sekarang aja udh agustus kok subscribe nya masih aktif ya ?"", ""sudah kak , sudah saya ganti ke xxxnumberxxx g tp ttp susah""]",False,5,1416,19,False,72
google/gemma-3-4b-it,formal,informal,hybrid_early,0.1,"admin , mau bertanya , mengapa aku sudah top up shopee pay tetapi di aplikasi aku masih xxxnumberxxx ? padahal sudah ada pemberitahuannya .","“admin, mau nanya, kok top up shopee pay udah berhasil tapinya di aplikasi masih aja xxxnumberxxx ya? tolong dicek dong.”",False,364,4200182,42,"[""grab paket hemat saya billingnya itu tgl xxxnumberxxx juli xxxnumberxxx sekarang aja udh agustus kok subscribe nya masih aktif ya ?"", ""malam , mohon info paket saya sejak tanggal xxxnumberxxx tertahan dgn status itu . blm terkirim sampai sekarang , ada apa ya ?"", ""maaf min mau nanya apakah bener ini nomor dari gojek ? + xxxnumberxxx"", ""tadi saya topup ke shopee pay , sudah berhasil tapi kok di aplikasi tetep xxxnumberxxx ya ? tolong baca dm saya ya . terimakasih"", ""saya mau tanya , ini saya mau beli paket yellow kenapa sama xxxnumberxxx tidak direspon / tidak dibalas""]",False,5,1557,34,False,121
google/gemma-3-4b-it,formal,informal,hybrid_early,0.1,ini saya menunggu berapa hari lagi ?,"udah kok, lama bgt ya nungguin?",False,366,4200183,42,"[""malam , mohon info paket saya sejak tanggal xxxnumberxxx tertahan dgn status itu . blm terkirim sampai sekarang , ada apa ya ?"", ""grab paket hemat saya billingnya itu tgl xxxnumberxxx juli xxxnumberxxx sekarang aja udh agustus kok subscribe nya masih aktif ya ?"", ""jb xxxphonexxx , sudah seminggu paket ngga nyampe , padahal masih dalam jakarta , ini malah dikirm ke surabaya buat apa coba ? jnt sistemnya gimana sih ?"", ""maaf min mau nanya apakah bener ini nomor dari gojek ? + xxxnumberxxx"", ""sudah kak , sudah saya ganti ke xxxnumberxxx g tp ttp susah""]",False,5,1435,12,False,31
google/gemma-3-4b-it,formal,informal,hybrid_early,0.1,"itu di dm . sejak dahulu , selalu meminta verifikasi . sudah begitu , gagal lagi . apa yang salah ? data kamu sepertinya yang salah .","halo , sejak dulu selalu minta verifikasi. udah gitu, gagal lagi. ada masalah sama dataku ya?",False,368,4200184,42,"[""malam , mohon info paket saya sejak tanggal xxxnumberxxx tertahan dgn status itu . blm terkirim sampai sekarang , ada apa ya ?"", ""maaf min mau nanya apakah bener ini nomor dari gojek ? + xxxnumberxxx"", ""hai jnt xxxuserxxx mau tanya dong kenapa paket yg saya kirim masih gini aja ya mohon pencerahannya"", ""grab paket hemat saya billingnya itu tgl xxxnumberxxx juli xxxnumberxxx sekarang aja udh agustus kok subscribe nya masih aktif ya ?"", ""halo min saldo ovo ga muncul di grab , padahal nomor hp sudah sama . tolong cek dm ya min""]",False,5,1507,24,False,93
google/gemma-3-4b-it,formal,informal,hybrid_early,0.1,saya ingin bertanya apabila transaksi kita melalui edc bca ada kata pend seperti di gambar apakah transaksi berhasil atau tidak ? terima kasih .,"min, ini trx EDC BCA ada kata ""pend"" kayak di gambar, transaksi udah berhasil kan ya? makasih.",False,370,4200185,42,"[""malam , mohon info paket saya sejak tanggal xxxnumberxxx tertahan dgn status itu . blm terkirim sampai sekarang , ada apa ya ?"", ""grab paket hemat saya billingnya itu tgl xxxnumberxxx juli xxxnumberxxx sekarang aja udh agustus kok subscribe nya masih aktif ya ?"", ""hai jnt xxxuserxxx mau tanya dong kenapa paket yg saya kirim masih gini aja ya mohon pencerahannya"", ""saya mau tanya , ini saya mau beli paket yellow kenapa sama xxxnumberxxx tidak direspon / tidak dibalas"", ""maaf min mau nanya apakah bener ini nomor dari gojek ? + xxxnumberxxx""]",False,5,1532,25,False,94
google/gemma-3-4b-it,formal,informal,hybrid_early,0.1,"dear xxxuserxxx , setengah jam yang lalu saya mengisi saldo gopay tapi sampai sekarang belum masuk . tolong diproses , urgent . terima kasih .","“permisi, saldo gopay saya kok belum masuk setelah saya isi setengah jam yang lalu? tolong diurus ya, penting banget.”",False,372,4200186,42,"[""malam , mohon info paket saya sejak tanggal xxxnumberxxx tertahan dgn status itu . blm terkirim sampai sekarang , ada apa ya ?"", ""maaf min mau nanya apakah bener ini nomor dari gojek ? + xxxnumberxxx"", ""grab paket hemat saya billingnya itu tgl xxxnumberxxx juli xxxnumberxxx sekarang aja udh agustus kok subscribe nya masih aktif ya ?"", ""saya mau tanya , ini saya mau beli paket yellow kenapa sama xxxnumberxxx tidak direspon / tidak dibalas"", ""jb xxxphonexxx , sudah seminggu paket ngga nyampe , padahal masih dalam jakarta , ini malah dikirm ke surabaya buat apa coba ? jnt sistemnya gimana sih ?""]",False,5,1585,31,False,118
google/gemma-3-4b-it,formal,informal,hybrid_early,0.1,kalau seperti ini kenapa ? dari kemarin .,"""kok gini sih? dari kemaren.""",False,374,4200187,42,"[""malam , mohon info paket saya sejak tanggal xxxnumberxxx tertahan dgn status itu . blm terkirim sampai sekarang , ada apa ya ?"", ""grab paket hemat saya billingnya itu tgl xxxnumberxxx juli xxxnumberxxx sekarang aja udh agustus kok subscribe nya masih aktif ya ?"", ""jb xxxphonexxx , sudah seminggu paket ngga nyampe , padahal masih dalam jakarta , ini malah dikirm ke surabaya buat apa coba ? jnt sistemnya gimana sih ?"", ""maaf min mau nanya apakah bener ini nomor dari gojek ? + xxxnumberxxx"", ""sudah kak , sudah saya ganti ke xxxnumberxxx g tp ttp susah""]",False,5,1440,11,False,29
google/gemma-3-4b-it,formal,informal,hybrid_early,0.1,sering - sering saja nih xxxuserxxx mengadakan promo rp xxxnumberxxx .,“sering-sering aja nih xxxuserxxx ngadain promo rp xxxnumberxxx.”,True,376,4200188,42,"[""maaf min mau nanya apakah bener ini nomor dari gojek ? + xxxnumberxxx"", ""jp xxxphonexxx min tolong dong ini paket saya ga nyampe nyampe , padahal ngirim sesama jakarta bisa xxxnumberxxx harian ."", ""malam , mohon info paket saya sejak tanggal xxxnumberxxx tertahan dgn status itu . blm terkirim sampai sekarang , ada apa ya ?"", ""cek dm coba xxxuserxxx dari tadi komplen ngga ada respon , pulsa udah kepotong kena tarif per kb"", ""grab paket hemat saya billingnya itu tgl xxxnumberxxx juli xxxnumberxxx sekarang aja udh agustus kok subscribe nya masih aktif ya ?""]",False,5,1474,22,False,65
google/gemma-3-4b-it,formal,informal,hybrid_early,0.1,mohon maaf . tidak ada duit online saya .,"maaf , gak ada uang di saldo saya.",True,378,4200189,42,"[""maaf min mau nanya apakah bener ini nomor dari gojek ? + xxxnumberxxx"", ""malam , mohon info paket saya sejak tanggal xxxnumberxxx tertahan dgn status itu . blm terkirim sampai sekarang , ada apa ya ?"", ""grab paket hemat saya billingnya itu tgl xxxnumberxxx juli xxxnumberxxx sekarang aja udh agustus kok subscribe nya masih aktif ya ?"", ""hai jnt xxxuserxxx mau tanya dong kenapa paket yg saya kirim masih gini aja ya mohon pencerahannya"", ""saya mau tanya , ini saya mau beli paket yellow kenapa sama xxxnumberxxx tidak direspon / tidak dibalas""]",False,5,1429,11,False,34
google/gemma-3-4b-it,formal,informal,hybrid_early,0.1,yang terhormat tekomsel . tagihan saya per tanggal xxxnumberxxx . namun kuota saya tidak diatur ulang di tanggal xxxnumberxxx . mohon dilakukan pengecekan .,"“pak, tagihan saya tanggal xxxnumberxxx, kok kuota gak berubah tanggal xxxnumberxxx ya? mohon dicek dong.”",False,380,4200190,42,"[""malam , mohon info paket saya sejak tanggal xxxnumberxxx tertahan dgn status itu . blm terkirim sampai sekarang , ada apa ya ?"", ""maaf min mau nanya apakah bener ini nomor dari gojek ? + xxxnumberxxx"", ""grab paket hemat saya billingnya itu tgl xxxnumberxxx juli xxxnumberxxx sekarang aja udh agustus kok subscribe nya masih aktif ya ?"", ""saya mau tanya , ini saya mau beli paket yellow kenapa sama xxxnumberxxx tidak direspon / tidak dibalas"", ""dear indosat , sy mau isi paketan , tetapi kenapa tidak bisa ya , sudah sejak jam xxxnumberxxx tadi , pulsa sdh masuk tapi tdk bisa aktip""]",False,5,1583,30,False,106
google/gemma-3-4b-it,formal,informal,hybrid_early,0.1,mengapa internet ku lag admin ? padahal sinyal xxxnumberxxx g penuh xxxnumberxxx bar . solusinya admin .,"“Kenapa internet saya lemot ya, admin? Padahal sinyal xxxnumberxxx penuh xxxnumberxxx bar. Ada solusinya admin?”",False,382,4200191,42,"[""malam , mohon info paket saya sejak tanggal xxxnumberxxx tertahan dgn status itu . blm terkirim sampai sekarang , ada apa ya ?"", ""grab paket hemat saya billingnya itu tgl xxxnumberxxx juli xxxnumberxxx sekarang aja udh agustus kok subscribe nya masih aktif ya ?"", ""saya mau tanya , ini saya mau beli paket yellow kenapa sama xxxnumberxxx tidak direspon / tidak dibalas"", ""maaf min mau nanya apakah bener ini nomor dari gojek ? + xxxnumberxxx"", ""dear indosat , sy mau isi paketan , tetapi kenapa tidak bisa ya , sudah sejak jam xxxnumberxxx tadi , pulsa sdh masuk tapi tdk bisa aktip""]",False,5,1531,32,False,112
google/gemma-3-4b-it,formal,informal,hybrid_early,0.1,"admin mau tanya , mohon dicek apakah nomor xxxnumberxxx xxxnumberxxx itu dari pihak bni , terima kasih .","hai admin , sy mau tanya , nomor xxxnumberxxx ini beneran dari bni gak ya , makasih",False,384,4200192,42,"[""maaf min mau nanya apakah bener ini nomor dari gojek ? + xxxnumberxxx"", ""malam , mohon info paket saya sejak tanggal xxxnumberxxx tertahan dgn status itu . blm terkirim sampai sekarang , ada apa ya ?"", ""hai jnt xxxuserxxx mau tanya dong kenapa paket yg saya kirim masih gini aja ya mohon pencerahannya"", ""saya mau tanya , ini saya mau beli paket yellow kenapa sama xxxnumberxxx tidak direspon / tidak dibalas"", ""dear indosat , sy mau isi paketan , tetapi kenapa tidak bisa ya , sudah sejak jam xxxnumberxxx tadi , pulsa sdh masuk tapi tdk bisa aktip""]",False,5,1498,25,False,83
google/gemma-3-4b-it,formal,informal,hybrid_early,0.1,di xxxuserxxx dan xxxuserxxx juga error pemesanan tiket kereta tapi anehnya di traveloka lancar .,"“di xxxuserxxx sama xxxuserxxx error pemesanan tiket kereta, tapi kok di Traveloka lancar aja ya?”",False,386,4200193,42,"[""maaf min mau nanya apakah bener ini nomor dari gojek ? + xxxnumberxxx"", ""malam , mohon info paket saya sejak tanggal xxxnumberxxx tertahan dgn status itu . blm terkirim sampai sekarang , ada apa ya ?"", ""hai jnt xxxuserxxx mau tanya dong kenapa paket yg saya kirim masih gini aja ya mohon pencerahannya"", ""grab paket hemat saya billingnya itu tgl xxxnumberxxx juli xxxnumberxxx sekarang aja udh agustus kok subscribe nya masih aktif ya ?"", ""cek dm coba xxxuserxxx dari tadi komplen ngga ada respon , pulsa udah kepotong kena tarif per kb""]",False,5,1478,28,False,98
google/gemma-3-4b-it,formal,informal,hybrid_early,0.1,"apakah sedang gangguan ? mengapa akhir - akhir ini , bermain permainan online , sinyalnya selalu tidak stabil ?","“kok sinyalnya nggak stabil nih , xxxnumberxxx , pas lagi main game online gitu aja udah susah.”",False,388,4200194,42,"[""malam , mohon info paket saya sejak tanggal xxxnumberxxx tertahan dgn status itu . blm terkirim sampai sekarang , ada apa ya ?"", ""tolong dong xxxuserxxx dari kmaren sore jaringan nya full tapi nggak nyambung ke internet padahal kuota dah lumayan banyak"", ""jb xxxphonexxx , sudah seminggu paket ngga nyampe , padahal masih dalam jakarta , ini malah dikirm ke surabaya buat apa coba ? jnt sistemnya gimana sih ?"", ""grab paket hemat saya billingnya itu tgl xxxnumberxxx juli xxxnumberxxx sekarang aja udh agustus kok subscribe nya masih aktif ya ?"", ""saya mau tanya , ini saya mau beli paket yellow kenapa sama xxxnumberxxx tidak direspon / tidak dibalas""]",False,5,1607,25,False,96
google/gemma-3-4b-it,formal,informal,hybrid_early,0.1,sudah . tolong segera diberi solusi dan saldo saya bisa kembali . terima kasih .,"“tolong segera bantu , saldo saya kembalikan dong. makasih ya.”",False,390,4200195,42,"[""malam , mohon info paket saya sejak tanggal xxxnumberxxx tertahan dgn status itu . blm terkirim sampai sekarang , ada apa ya ?"", ""saya mau tanya , ini saya mau beli paket yellow kenapa sama xxxnumberxxx tidak direspon / tidak dibalas"", ""maaf min mau nanya apakah bener ini nomor dari gojek ? + xxxnumberxxx"", ""grab paket hemat saya billingnya itu tgl xxxnumberxxx juli xxxnumberxxx sekarang aja udh agustus kok subscribe nya masih aktif ya ?"", ""hallo min selamat pagi , no resi jp xxxphonexxx diperkiran bakal diterima hari ini . tapi malah di disimpan kalau ada alamat yang salah tolong diinfo kan .""]",False,5,1525,19,False,63
google/gemma-3-4b-it,formal,informal,hybrid_early,0.1,kartu xl saya selalu susah sinyal . boleh bantu diperiksa ?,"“kartu xl ku sering susah sinyal, tolong dicek ya?”",False,392,4200196,42,"[""malam , mohon info paket saya sejak tanggal xxxnumberxxx tertahan dgn status itu . blm terkirim sampai sekarang , ada apa ya ?"", ""tolong dong xxxuserxxx dari kmaren sore jaringan nya full tapi nggak nyambung ke internet padahal kuota dah lumayan banyak"", ""jb xxxphonexxx , sudah seminggu paket ngga nyampe , padahal masih dalam jakarta , ini malah dikirm ke surabaya buat apa coba ? jnt sistemnya gimana sih ?"", ""dear indosat , sy mau isi paketan , tetapi kenapa tidak bisa ya , sudah sejak jam xxxnumberxxx tadi , pulsa sdh masuk tapi tdk bisa aktip"", ""cek dm coba xxxuserxxx dari tadi komplen ngga ada respon , pulsa udah kepotong kena tarif per kb""]",False,5,1554,18,False,51
google/gemma-3-4b-it,formal,informal,hybrid_early,0.1,di area bali tidak ada admin .,"“di bali, gak ada admin.”",False,394,4200197,42,"[""malam , mohon info paket saya sejak tanggal xxxnumberxxx tertahan dgn status itu . blm terkirim sampai sekarang , ada apa ya ?"", ""maaf min mau nanya apakah bener ini nomor dari gojek ? + xxxnumberxxx"", ""grab paket hemat saya billingnya itu tgl xxxnumberxxx juli xxxnumberxxx sekarang aja udh agustus kok subscribe nya masih aktif ya ?"", ""jb xxxphonexxx , sudah seminggu paket ngga nyampe , padahal masih dalam jakarta , ini malah dikirm ke surabaya buat apa coba ? jnt sistemnya gimana sih ?"", ""dear indosat , sy mau isi paketan , tetapi kenapa tidak bisa ya , sudah sejak jam xxxnumberxxx tadi , pulsa sdh masuk tapi tdk bisa aktip""]",False,5,1507,10,False,25
google/gemma-3-4b-it,formal,informal,hybrid_early,0.1,itu biasa . aku sering sekali seperti itu .,“itu mah sering banget kayak gitu.”,False,396,4200198,42,"[""malam , mohon info paket saya sejak tanggal xxxnumberxxx tertahan dgn status itu . blm terkirim sampai sekarang , ada apa ya ?"", ""maaf min mau nanya apakah bener ini nomor dari gojek ? + xxxnumberxxx"", ""sudah kak , sudah saya ganti ke xxxnumberxxx g tp ttp susah"", ""jb xxxphonexxx , sudah seminggu paket ngga nyampe , padahal masih dalam jakarta , ini malah dikirm ke surabaya buat apa coba ? jnt sistemnya gimana sih ?"", ""cek dm coba xxxuserxxx dari tadi komplen ngga ada respon , pulsa udah kepotong kena tarif per kb""]",False,5,1407,10,False,35
google/gemma-3-4b-it,formal,informal,hybrid_early,0.1,bisa dibantu periksa dm nya min ?,"halo min, bs bantu cek dm ya?",False,398,4200199,42,"[""malam , mohon info paket saya sejak tanggal xxxnumberxxx tertahan dgn status itu . blm terkirim sampai sekarang , ada apa ya ?"", ""maaf min mau nanya apakah bener ini nomor dari gojek ? + xxxnumberxxx"", ""sudah kak , sudah saya ganti ke xxxnumberxxx g tp ttp susah"", ""halo min saldo ovo ga muncul di grab , padahal nomor hp sudah sama . tolong cek dm ya min"", ""hai jnt xxxuserxxx mau tanya dong kenapa paket yg saya kirim masih gini aja ya mohon pencerahannya""]",False,5,1335,10,False,29
google/gemma-3-4b-it,formal,informal,hybrid_early,0.1,mbak tidak mau dm saya saja ?,"“hai, kok nggak nge-dm aku aja ya??”",False,400,4200200,42,"[""malam , mohon info paket saya sejak tanggal xxxnumberxxx tertahan dgn status itu . blm terkirim sampai sekarang , ada apa ya ?"", ""hai jnt xxxuserxxx mau tanya dong kenapa paket yg saya kirim masih gini aja ya mohon pencerahannya"", ""sudah kak , sudah saya ganti ke xxxnumberxxx g tp ttp susah"", ""maaf min mau nanya apakah bener ini nomor dari gojek ? + xxxnumberxxx"", ""grab paket hemat saya billingnya itu tgl xxxnumberxxx juli xxxnumberxxx sekarang aja udh agustus kok subscribe nya masih aktif ya ?""]",False,5,1373,15,False,36
google/gemma-3-4b-it,formal,informal,hybrid_early,0.1,mengapa sih xxxuserxxx diteleponn tidak bisa - bisa terus ? apakah sesibuk itu ? ini aku mau login m - banking tidak bisa . aku harus bagaimana ?,"“kok sih, xxxuserxxx gak bisa masuk terus? padahal mau login m-banking, gimana ya?”",False,402,4200201,42,"[""dear indosat , sy mau isi paketan , tetapi kenapa tidak bisa ya , sudah sejak jam xxxnumberxxx tadi , pulsa sdh masuk tapi tdk bisa aktip"", ""hai jnt xxxuserxxx mau tanya dong kenapa paket yg saya kirim masih gini aja ya mohon pencerahannya"", ""malam , mohon info paket saya sejak tanggal xxxnumberxxx tertahan dgn status itu . blm terkirim sampai sekarang , ada apa ya ?"", ""grab paket hemat saya billingnya itu tgl xxxnumberxxx juli xxxnumberxxx sekarang aja udh agustus kok subscribe nya masih aktif ya ?"", ""saya mau tanya , ini saya mau beli paket yellow kenapa sama xxxnumberxxx tidak direspon / tidak dibalas""]",False,5,1601,25,False,83
google/gemma-3-4b-it,formal,informal,hybrid_early,0.1,hai xxxuserxxx . apakah top - up gopay ada masalah ? saya tadi top up lewat atm bri tetapi saldo saya belum bertambah .,"hai xxxuserxxx . kok top up gopaynya ada masalah ya? tadi top up lewat atm bri, tapi saldo gue gak naik nih.",False,404,4200202,42,"[""grab paket hemat saya billingnya itu tgl xxxnumberxxx juli xxxnumberxxx sekarang aja udh agustus kok subscribe nya masih aktif ya ?"", ""malam , mohon info paket saya sejak tanggal xxxnumberxxx tertahan dgn status itu . blm terkirim sampai sekarang , ada apa ya ?"", ""maaf min mau nanya apakah bener ini nomor dari gojek ? + xxxnumberxxx"", ""cek dm coba xxxuserxxx dari tadi komplen ngga ada respon , pulsa udah kepotong kena tarif per kb"", ""saya mau tanya , ini saya mau beli paket yellow kenapa sama xxxnumberxxx tidak direspon / tidak dibalas""]",False,5,1505,31,False,108
google/gemma-3-4b-it,formal,informal,hybrid_early,0.1,"sebelumnya , saya juga pernah tukar poin untuk voucher chattime dan itu bisa dipakai voucher . tapi kenapa kali ini tidak bisa dicoba ? kesal .","“fix, sebelumnya pernah tukar poin jadi voucher chattime, bisa dipake. kok sekarang gak bisa coba sih? kesel banget.”",False,406,4200203,42,"[""malam , mohon info paket saya sejak tanggal xxxnumberxxx tertahan dgn status itu . blm terkirim sampai sekarang , ada apa ya ?"", ""grab paket hemat saya billingnya itu tgl xxxnumberxxx juli xxxnumberxxx sekarang aja udh agustus kok subscribe nya masih aktif ya ?"", ""cek dm coba xxxuserxxx dari tadi komplen ngga ada respon , pulsa udah kepotong kena tarif per kb"", ""saya mau tanya , ini saya mau beli paket yellow kenapa sama xxxnumberxxx tidak direspon / tidak dibalas"", ""jb xxxphonexxx , sudah seminggu paket ngga nyampe , padahal masih dalam jakarta , ini malah dikirm ke surabaya buat apa coba ? jnt sistemnya gimana sih ?""]",False,5,1613,29,False,117
google/gemma-3-4b-it,formal,informal,hybrid_early,0.1,"admin dana , mohon periksa dm .","hai admin , mohon cek dm ya",False,408,4200204,42,"[""malam , mohon info paket saya sejak tanggal xxxnumberxxx tertahan dgn status itu . blm terkirim sampai sekarang , ada apa ya ?"", ""maaf min mau nanya apakah bener ini nomor dari gojek ? + xxxnumberxxx"", ""grab paket hemat saya billingnya itu tgl xxxnumberxxx juli xxxnumberxxx sekarang aja udh agustus kok subscribe nya masih aktif ya ?"", ""hai jnt xxxuserxxx mau tanya dong kenapa paket yg saya kirim masih gini aja ya mohon pencerahannya"", ""sudah kak , sudah saya ganti ke xxxnumberxxx g tp ttp susah""]",False,5,1375,10,False,27
google/gemma-3-4b-it,formal,informal,hybrid_early,0.1,"video di facebook , instagram , youtube .","“video di tiktok, ig, youtube…”",False,410,4200205,42,"[""malam , mohon info paket saya sejak tanggal xxxnumberxxx tertahan dgn status itu . blm terkirim sampai sekarang , ada apa ya ?"", ""grab paket hemat saya billingnya itu tgl xxxnumberxxx juli xxxnumberxxx sekarang aja udh agustus kok subscribe nya masih aktif ya ?"", ""hai jnt xxxuserxxx mau tanya dong kenapa paket yg saya kirim masih gini aja ya mohon pencerahannya"", ""halo min saldo ovo ga muncul di grab , padahal nomor hp sudah sama . tolong cek dm ya min"", ""maaf min mau nanya apakah bener ini nomor dari gojek ? + xxxnumberxxx""]",False,5,1415,11,False,31
google/gemma-3-4b-it,formal,informal,hybrid_early,0.1,"halo , selamat pagi kak . saya coba mendaftar lagi hari ini , mengapa tetap tidak bisa ? padahal data sudah mati dan sudah turun ke xxxnumberxxx g .","halo , selamat pagi kak . saya coba daftar lagi hari ini , kok masih gak bisa ya ? padahal data udah mati dan udah turun ke xxxnumberxxx g .",False,412,4200206,42,"[""malam , mohon info paket saya sejak tanggal xxxnumberxxx tertahan dgn status itu . blm terkirim sampai sekarang , ada apa ya ?"", ""sudah kak , sudah saya ganti ke xxxnumberxxx g tp ttp susah"", ""grab paket hemat saya billingnya itu tgl xxxnumberxxx juli xxxnumberxxx sekarang aja udh agustus kok subscribe nya masih aktif ya ?"", ""saya mau tanya , ini saya mau beli paket yellow kenapa sama xxxnumberxxx tidak direspon / tidak dibalas"", ""maaf min mau nanya apakah bener ini nomor dari gojek ? + xxxnumberxxx""]",False,5,1497,34,False,140
google/gemma-3-4b-it,formal,informal,hybrid_early,0.1,"kak , nomor saya sama sekali tidak bisa di pakai internetnya . ini saya pakai wifi . tolong dong segera diperbaiki . saya pakai halo yang seharusnya prioritas .","tolong dong , nomor saya gak bisa internetnya . ini saya pakai wifi , tolong segera diperbaiki . saya pakai halo yang seharusnya prioritas .",False,414,4200207,42,"[""saya mau tanya , ini saya mau beli paket yellow kenapa sama xxxnumberxxx tidak direspon / tidak dibalas"", ""malam , mohon info paket saya sejak tanggal xxxnumberxxx tertahan dgn status itu . blm terkirim sampai sekarang , ada apa ya ?"", ""dear indosat , sy mau isi paketan , tetapi kenapa tidak bisa ya , sudah sejak jam xxxnumberxxx tadi , pulsa sdh masuk tapi tdk bisa aktip"", ""grab paket hemat saya billingnya itu tgl xxxnumberxxx juli xxxnumberxxx sekarang aja udh agustus kok subscribe nya masih aktif ya ?"", ""tolong dong xxxuserxxx dari kmaren sore jaringan nya full tapi nggak nyambung ke internet padahal kuota dah lumayan banyak""]",False,5,1640,32,False,140
google/gemma-3-4b-it,formal,informal,hybrid_early,0.1,dear admin xxxuserxxx xxxuserxxx . kalau ingin buka rekening resi bca di daerah depok dan cibinong untuk temannya ada dimana ? terima kasih .,"hai admin , sy mau tanya dimana ya buka rekening resi bca di depok n cibinong buat temen , makasih",False,416,4200208,42,"[""malam , mohon info paket saya sejak tanggal xxxnumberxxx tertahan dgn status itu . blm terkirim sampai sekarang , ada apa ya ?"", ""maaf min mau nanya apakah bener ini nomor dari gojek ? + xxxnumberxxx"", ""hai jnt xxxuserxxx mau tanya dong kenapa paket yg saya kirim masih gini aja ya mohon pencerahannya"", ""grab paket hemat saya billingnya itu tgl xxxnumberxxx juli xxxnumberxxx sekarang aja udh agustus kok subscribe nya masih aktif ya ?"", ""dear indosat , sy mau isi paketan , tetapi kenapa tidak bisa ya , sudah sejak jam xxxnumberxxx tadi , pulsa sdh masuk tapi tdk bisa aktip""]",False,5,1563,29,False,98
google/gemma-3-4b-it,formal,informal,hybrid_early,0.1,sudah di inbox ya kak . terima kasih .,"hai kak , sudah di inbox ya",False,418,4200209,42,"[""malam , mohon info paket saya sejak tanggal xxxnumberxxx tertahan dgn status itu . blm terkirim sampai sekarang , ada apa ya ?"", ""maaf min mau nanya apakah bener ini nomor dari gojek ? + xxxnumberxxx"", ""sudah kak , sudah saya ganti ke xxxnumberxxx g tp ttp susah"", ""saya mau tanya , ini saya mau beli paket yellow kenapa sama xxxnumberxxx tidak direspon / tidak dibalas"", ""hai jnt xxxuserxxx mau tanya dong kenapa paket yg saya kirim masih gini aja ya mohon pencerahannya""]",False,5,1354,9,False,27
google/gemma-3-4b-it,formal,informal,hybrid_early,0.1,"pesan grabfood xxxuserxxx , tapi driver malah menjauh dari tempat order . dihubungi tidak bisa , chat tidak dibalas , batal order tidak bisa . aku harus gimana ?","grabfood xxxuserxxx, drivernya malah jalan jauh dari tempat pesen. gak bisa hubungin, chat juga gak dibales, batalin order gak bisa. gimana ya ini?",False,420,4200210,42,"[""maaf min mau nanya apakah bener ini nomor dari gojek ? + xxxnumberxxx"", ""malam , mohon info paket saya sejak tanggal xxxnumberxxx tertahan dgn status itu . blm terkirim sampai sekarang , ada apa ya ?"", ""grab paket hemat saya billingnya itu tgl xxxnumberxxx juli xxxnumberxxx sekarang aja udh agustus kok subscribe nya masih aktif ya ?"", ""jb xxxphonexxx , sudah seminggu paket ngga nyampe , padahal masih dalam jakarta , ini malah dikirm ke surabaya buat apa coba ? jnt sistemnya gimana sih ?"", ""cek dm coba xxxuserxxx dari tadi komplen ngga ada respon , pulsa udah kepotong kena tarif per kb""]",False,5,1597,39,False,147
google/gemma-3-4b-it,formal,informal,hybrid_early,0.1,selamat siang . apakah mengganti kartu atm yang sudah habis masa berlakunya bisa di semua cabang bank mandiri atau hanya di cabang tempat membuka tabungan ?,"Halo, mau tanya nih, kalau ganti kartu atm yang udah expired bisa di semua cabang bank mandiri atau cuma di cabang tempat buka tabungan aja ya?",False,422,4200211,42,"[""grab paket hemat saya billingnya itu tgl xxxnumberxxx juli xxxnumberxxx sekarang aja udh agustus kok subscribe nya masih aktif ya ?"", ""malam , mohon info paket saya sejak tanggal xxxnumberxxx tertahan dgn status itu . blm terkirim sampai sekarang , ada apa ya ?"", ""halo min saldo ovo ga muncul di grab , padahal nomor hp sudah sama . tolong cek dm ya min"", ""dear indosat , sy mau isi paketan , tetapi kenapa tidak bisa ya , sudah sejak jam xxxnumberxxx tadi , pulsa sdh masuk tapi tdk bisa aktip"", ""maaf min mau nanya apakah bener ini nomor dari gojek ? + xxxnumberxxx""]",False,5,1569,33,False,143
google/gemma-3-4b-it,formal,informal,hybrid_early,0.1,"selamat pagi , mohon bantuan saya tidak bisa perpanjang paket keluarga . terima kasih .","""pagi , mau tanya kenapa gak bisa perpanjang paket keluarga ya?""",False,424,4200212,42,"[""malam , mohon info paket saya sejak tanggal xxxnumberxxx tertahan dgn status itu . blm terkirim sampai sekarang , ada apa ya ?"", ""saya mau tanya , ini saya mau beli paket yellow kenapa sama xxxnumberxxx tidak direspon / tidak dibalas"", ""grab paket hemat saya billingnya itu tgl xxxnumberxxx juli xxxnumberxxx sekarang aja udh agustus kok subscribe nya masih aktif ya ?"", ""maaf min mau nanya apakah bener ini nomor dari gojek ? + xxxnumberxxx"", ""jb xxxphonexxx , sudah seminggu paket ngga nyampe , padahal masih dalam jakarta , ini malah dikirm ke surabaya buat apa coba ? jnt sistemnya gimana sih ?""]",False,5,1530,18,False,64
google/gemma-3-4b-it,formal,informal,hybrid_early,0.1,"admin xxxuserxxx . tolong periksa dm . mengapa di aplikasi mytelkomsel , paketnya pada hilang ?","hai admin xxxuserxxx , mohon cek dm . kenapa di mytelkomsel paketnya hilang ya?",False,426,4200213,42,"[""malam , mohon info paket saya sejak tanggal xxxnumberxxx tertahan dgn status itu . blm terkirim sampai sekarang , ada apa ya ?"", ""maaf min mau nanya apakah bener ini nomor dari gojek ? + xxxnumberxxx"", ""hai jnt xxxuserxxx mau tanya dong kenapa paket yg saya kirim masih gini aja ya mohon pencerahannya"", ""saya mau tanya , ini saya mau beli paket yellow kenapa sama xxxnumberxxx tidak direspon / tidak dibalas"", ""cek dm coba xxxuserxxx dari tadi komplen ngga ada respon , pulsa udah kepotong kena tarif per kb""]",False,5,1448,23,False,79
google/gemma-3-4b-it,formal,informal,hybrid_early,0.1,halo admin xxxuserxxx . mengapa jika aku memesan grabfood aplikasinya jadi lambat begitu ? selalu seperti ini .,"hai admin xxxuserxxx . kenapa sih kalau aku pesan grabfood aplikasinya jadi lama banget , selalu begitu ya?",False,428,4200214,42,"[""maaf min mau nanya apakah bener ini nomor dari gojek ? + xxxnumberxxx"", ""grab paket hemat saya billingnya itu tgl xxxnumberxxx juli xxxnumberxxx sekarang aja udh agustus kok subscribe nya masih aktif ya ?"", ""malam , mohon info paket saya sejak tanggal xxxnumberxxx tertahan dgn status itu . blm terkirim sampai sekarang , ada apa ya ?"", ""hai jnt xxxuserxxx mau tanya dong kenapa paket yg saya kirim masih gini aja ya mohon pencerahannya"", ""min , udh xxxnumberxxx hari ini saya mau gofood kok gak dapet driver terus ? apa aplikasi gojek lagi error ?""]",False,5,1504,24,False,107
google/gemma-3-4b-it,formal,informal,hybrid_early,0.1,"bajingan , kalau urusannya dengan saya sudah selesai nasibnya .","udah, selesai urusannya sama kamu.",False,430,4200215,42,"[""malam , mohon info paket saya sejak tanggal xxxnumberxxx tertahan dgn status itu . blm terkirim sampai sekarang , ada apa ya ?"", ""sudah kak , sudah saya ganti ke xxxnumberxxx g tp ttp susah"", ""jb xxxphonexxx , sudah seminggu paket ngga nyampe , padahal masih dalam jakarta , ini malah dikirm ke surabaya buat apa coba ? jnt sistemnya gimana sih ?"", ""hai jnt xxxuserxxx mau tanya dong kenapa paket yg saya kirim masih gini aja ya mohon pencerahannya"", ""maaf min mau nanya apakah bener ini nomor dari gojek ? + xxxnumberxxx""]",False,5,1429,10,False,34
google/gemma-3-4b-it,formal,informal,hybrid_early,0.1,"nah , sekarang setelah update semua hp tidak ada notifikasi sama sekali hahaha . hebat tokopedia memang terdepan .","""halo , kok sekarang setelah update hp gak ada notifikasinya hahaha . hebat banget tokopedia , keren abis.""",False,432,4200216,42,"[""grab paket hemat saya billingnya itu tgl xxxnumberxxx juli xxxnumberxxx sekarang aja udh agustus kok subscribe nya masih aktif ya ?"", ""malam , mohon info paket saya sejak tanggal xxxnumberxxx tertahan dgn status itu . blm terkirim sampai sekarang , ada apa ya ?"", ""maaf min mau nanya apakah bener ini nomor dari gojek ? + xxxnumberxxx"", ""saya mau tanya , ini saya mau beli paket yellow kenapa sama xxxnumberxxx tidak direspon / tidak dibalas"", ""halo min saldo ovo ga muncul di grab , padahal nomor hp sudah sama . tolong cek dm ya min""]",False,5,1493,25,False,107
google/gemma-3-4b-it,formal,informal,hybrid_early,0.1,"bad marketing is a good marketing . selamat , anda semua sudah terjaring oleh marketingnya .","hai , kok marketingnya bisa nyampirin kita semua ya?",False,434,4200217,42,"[""malam , mohon info paket saya sejak tanggal xxxnumberxxx tertahan dgn status itu . blm terkirim sampai sekarang , ada apa ya ?"", ""grab paket hemat saya billingnya itu tgl xxxnumberxxx juli xxxnumberxxx sekarang aja udh agustus kok subscribe nya masih aktif ya ?"", ""maaf min mau nanya apakah bener ini nomor dari gojek ? + xxxnumberxxx"", ""saya mau tanya , ini saya mau beli paket yellow kenapa sama xxxnumberxxx tidak direspon / tidak dibalas"", ""hai jnt xxxuserxxx mau tanya dong kenapa paket yg saya kirim masih gini aja ya mohon pencerahannya""]",False,5,1480,15,False,52
google/gemma-3-4b-it,formal,informal,hybrid_early,0.1,info sudah lewat dm kak . terima kasih .,"“udah, udah saya ganti jadi xxxnumberxxx, tapi tetap susah.”",False,436,4200218,42,"[""malam , mohon info paket saya sejak tanggal xxxnumberxxx tertahan dgn status itu . blm terkirim sampai sekarang , ada apa ya ?"", ""maaf min mau nanya apakah bener ini nomor dari gojek ? + xxxnumberxxx"", ""halo min saldo ovo ga muncul di grab , padahal nomor hp sudah sama . tolong cek dm ya min"", ""sudah kak , sudah saya ganti ke xxxnumberxxx g tp ttp susah"", ""saya mau tanya , ini saya mau beli paket yellow kenapa sama xxxnumberxxx tidak direspon / tidak dibalas""]",False,5,1347,17,False,60
google/gemma-3-4b-it,formal,informal,hybrid_early,0.1,"siang kak . saya sedang menggunakan paket unlimited . jika saya membeli paket yellow yang sehari , apakah paket unlimited saya akan hangus ?","“halo , saya pakai paket unlimited . kalau saya beli paket yellow 1 hari, apakah paket unlimitednya jadi batal?”",False,438,4200219,42,"[""dear indosat , sy mau isi paketan , tetapi kenapa tidak bisa ya , sudah sejak jam xxxnumberxxx tadi , pulsa sdh masuk tapi tdk bisa aktip"", ""grab paket hemat saya billingnya itu tgl xxxnumberxxx juli xxxnumberxxx sekarang aja udh agustus kok subscribe nya masih aktif ya ?"", ""malam , mohon info paket saya sejak tanggal xxxnumberxxx tertahan dgn status itu . blm terkirim sampai sekarang , ada apa ya ?"", ""saya mau tanya , ini saya mau beli paket yellow kenapa sama xxxnumberxxx tidak direspon / tidak dibalas"", ""tolong dong xxxuserxxx dari kmaren sore jaringan nya full tapi nggak nyambung ke internet padahal kuota dah lumayan banyak""]",False,5,1620,26,False,112
google/gemma-3-4b-it,formal,informal,hybrid_early,0.1,"sama , di ponsel saya juga begitu .","""sama, di HP gue juga gitu.""",False,440,4200220,42,"[""malam , mohon info paket saya sejak tanggal xxxnumberxxx tertahan dgn status itu . blm terkirim sampai sekarang , ada apa ya ?"", ""sudah kak , sudah saya ganti ke xxxnumberxxx g tp ttp susah"", ""saya mau tanya , ini saya mau beli paket yellow kenapa sama xxxnumberxxx tidak direspon / tidak dibalas"", ""jb xxxphonexxx , sudah seminggu paket ngga nyampe , padahal masih dalam jakarta , ini malah dikirm ke surabaya buat apa coba ? jnt sistemnya gimana sih ?"", ""halo min saldo ovo ga muncul di grab , padahal nomor hp sudah sama . tolong cek dm ya min""]",False,5,1426,11,False,28
google/gemma-3-4b-it,formal,informal,hybrid_early,0.1,"admin , barusan ada yang menelepon katanya kalau saya masukkan kode itu saya akan mendapatkan uang xxxnumberxxx . xxxnumberxxx . apa itu benar , atau hanya tipuan ?","admin, barusan ada yg telepon bilang kalau masukin kode itu bakal dapet duit xxxnumberxxx. xxxnumberxxx. bener apa boong ya?",False,442,4200221,42,"[""malam , mohon info paket saya sejak tanggal xxxnumberxxx tertahan dgn status itu . blm terkirim sampai sekarang , ada apa ya ?"", ""maaf min mau nanya apakah bener ini nomor dari gojek ? + xxxnumberxxx"", ""saya mau tanya , ini saya mau beli paket yellow kenapa sama xxxnumberxxx tidak direspon / tidak dibalas"", ""dear indosat , sy mau isi paketan , tetapi kenapa tidak bisa ya , sudah sejak jam xxxnumberxxx tadi , pulsa sdh masuk tapi tdk bisa aktip"", ""grab paket hemat saya billingnya itu tgl xxxnumberxxx juli xxxnumberxxx sekarang aja udh agustus kok subscribe nya masih aktif ya ?""]",False,5,1591,33,False,124
google/gemma-3-4b-it,formal,informal,hybrid_early,0.1,"halo , apakah promo topup min , xxxnumberxxx ribu bonus xxxnumberxxx ribu masih ada hari ini ?","halo min , promo topup min , xxxnumberxxx ribu bonus xxxnumberxxx ribu masih ada gak hari ini?",False,444,4200222,42,"[""malam , mohon info paket saya sejak tanggal xxxnumberxxx tertahan dgn status itu . blm terkirim sampai sekarang , ada apa ya ?"", ""grab paket hemat saya billingnya itu tgl xxxnumberxxx juli xxxnumberxxx sekarang aja udh agustus kok subscribe nya masih aktif ya ?"", ""maaf min mau nanya apakah bener ini nomor dari gojek ? + xxxnumberxxx"", ""jp xxxphonexxx min tolong dong ini paket saya ga nyampe nyampe , padahal ngirim sesama jakarta bisa xxxnumberxxx harian ."", ""halo mas / mba xxxuserxxx ini nomor halo saya udah xxxnumberxxx hari gak bisa dipake . rugi dong bayar tagihan doang tapi gak kepake ~""]",False,5,1536,24,False,94
google/gemma-3-4b-it,formal,informal,hybrid_early,0.1,"ada apa denganmu ? kenapa setiap malam susah sekali sinyalnya , padahal sore saja bagus sekali .","kok sinyalnya susah banget ya malem-malem, padahal sore udah bagus banget?",False,446,4200223,42,"[""malam , mohon info paket saya sejak tanggal xxxnumberxxx tertahan dgn status itu . blm terkirim sampai sekarang , ada apa ya ?"", ""tolong dong xxxuserxxx dari kmaren sore jaringan nya full tapi nggak nyambung ke internet padahal kuota dah lumayan banyak"", ""jb xxxphonexxx , sudah seminggu paket ngga nyampe , padahal masih dalam jakarta , ini malah dikirm ke surabaya buat apa coba ? jnt sistemnya gimana sih ?"", ""grab paket hemat saya billingnya itu tgl xxxnumberxxx juli xxxnumberxxx sekarang aja udh agustus kok subscribe nya masih aktif ya ?"", ""saya mau tanya , ini saya mau beli paket yellow kenapa sama xxxnumberxxx tidak direspon / tidak dibalas""]",False,5,1592,21,False,74
google/gemma-3-4b-it,formal,informal,hybrid_early,0.1,"admin , tokopedia youth ini dibuka dari tanggal berapa ?","""min , tokped youth kapan dibuka nya ya dari tanggal berapa tuh?""",False,448,4200224,42,"[""grab paket hemat saya billingnya itu tgl xxxnumberxxx juli xxxnumberxxx sekarang aja udh agustus kok subscribe nya masih aktif ya ?"", ""malam , mohon info paket saya sejak tanggal xxxnumberxxx tertahan dgn status itu . blm terkirim sampai sekarang , ada apa ya ?"", ""maaf min mau nanya apakah bener ini nomor dari gojek ? + xxxnumberxxx"", ""halo min saldo ovo ga muncul di grab , padahal nomor hp sudah sama . tolong cek dm ya min"", ""jb xxxphonexxx , sudah seminggu paket ngga nyampe , padahal masih dalam jakarta , ini malah dikirm ke surabaya buat apa coba ? jnt sistemnya gimana sih ?""]",False,5,1485,17,False,65
google/gemma-3-4b-it,formal,informal,hybrid_early,0.1,"tolong dicek admin jb xxxphonexxx , masa masih dalam satu kota . sampai seminggu mengirimnya ? sudah itu dikirim ke luar kota lagi . bagaimana ini ?","hai jnt xxxuserxxx , mau tanya dong kenapa paket yg saya kirim masih gini aja ya mohon pencerahannya",False,450,4200225,42,"[""malam , mohon info paket saya sejak tanggal xxxnumberxxx tertahan dgn status itu . blm terkirim sampai sekarang , ada apa ya ?"", ""jb xxxphonexxx , sudah seminggu paket ngga nyampe , padahal masih dalam jakarta , ini malah dikirm ke surabaya buat apa coba ? jnt sistemnya gimana sih ?"", ""maaf min mau nanya apakah bener ini nomor dari gojek ? + xxxnumberxxx"", ""grab paket hemat saya billingnya itu tgl xxxnumberxxx juli xxxnumberxxx sekarang aja udh agustus kok subscribe nya masih aktif ya ?"", ""hai jnt xxxuserxxx mau tanya dong kenapa paket yg saya kirim masih gini aja ya mohon pencerahannya""]",False,5,1586,28,False,100
google/gemma-3-4b-it,formal,informal,hybrid_early,0.1,"admin . jika ingin mengaktifkan nomor lama , apakah dikenakan biaya operasionalnya ?","“admin, mau tanya nih, kalau mau aktifin nomor lama kira-kira ada biaya operasional gak ya? udah dari jam xxxnumberxxx tadi.”",False,452,4200226,42,"[""malam , mohon info paket saya sejak tanggal xxxnumberxxx tertahan dgn status itu . blm terkirim sampai sekarang , ada apa ya ?"", ""grab paket hemat saya billingnya itu tgl xxxnumberxxx juli xxxnumberxxx sekarang aja udh agustus kok subscribe nya masih aktif ya ?"", ""maaf min mau nanya apakah bener ini nomor dari gojek ? + xxxnumberxxx"", ""dear indosat , sy mau isi paketan , tetapi kenapa tidak bisa ya , sudah sejak jam xxxnumberxxx tadi , pulsa sdh masuk tapi tdk bisa aktip"", ""jb xxxphonexxx , sudah seminggu paket ngga nyampe , padahal masih dalam jakarta , ini malah dikirm ke surabaya buat apa coba ? jnt sistemnya gimana sih ?""]",False,5,1561,33,False,125
google/gemma-3-4b-it,formal,informal,hybrid_early,0.1,"kak , bagaimana cara mengganti proses pesanan dari sicepat ke jne ?","hai, mau tanya dong gimana cara ganti proses pesen dari sicepat ke jne?",False,454,4200227,42,"[""malam , mohon info paket saya sejak tanggal xxxnumberxxx tertahan dgn status itu . blm terkirim sampai sekarang , ada apa ya ?"", ""grab paket hemat saya billingnya itu tgl xxxnumberxxx juli xxxnumberxxx sekarang aja udh agustus kok subscribe nya masih aktif ya ?"", ""halo min saldo ovo ga muncul di grab , padahal nomor hp sudah sama . tolong cek dm ya min"", ""maaf min mau nanya apakah bener ini nomor dari gojek ? + xxxnumberxxx"", ""hai jnt xxxuserxxx mau tanya dong kenapa paket yg saya kirim masih gini aja ya mohon pencerahannya""]",False,5,1441,21,False,71
google/gemma-3-4b-it,formal,informal,hybrid_early,0.1,mengapa nomor saya tidak bisa menerima telepon atau sms ? terima kasih .,“Kenapa nomor saya gak bisa nerima telepon atau SMS ya?”,True,456,4200228,42,"[""malam , mohon info paket saya sejak tanggal xxxnumberxxx tertahan dgn status itu . blm terkirim sampai sekarang , ada apa ya ?"", ""saya mau tanya , ini saya mau beli paket yellow kenapa sama xxxnumberxxx tidak direspon / tidak dibalas"", ""maaf min mau nanya apakah bener ini nomor dari gojek ? + xxxnumberxxx"", ""jb xxxphonexxx , sudah seminggu paket ngga nyampe , padahal masih dalam jakarta , ini malah dikirm ke surabaya buat apa coba ? jnt sistemnya gimana sih ?"", ""dear indosat , sy mau isi paketan , tetapi kenapa tidak bisa ya , sudah sejak jam xxxnumberxxx tadi , pulsa sdh masuk tapi tdk bisa aktip""]",False,5,1521,15,False,56
google/gemma-3-4b-it,formal,informal,hybrid_early,0.1,parah memang . baru sadar uang . padahal sudah jadi perusahaan besar .,"“hadeee, parah banget sih. baru ngeh duitnya, padahal udah gede banget dah.”",False,458,4200229,42,"[""grab paket hemat saya billingnya itu tgl xxxnumberxxx juli xxxnumberxxx sekarang aja udh agustus kok subscribe nya masih aktif ya ?"", ""malam , mohon info paket saya sejak tanggal xxxnumberxxx tertahan dgn status itu . blm terkirim sampai sekarang , ada apa ya ?"", ""maaf min mau nanya apakah bener ini nomor dari gojek ? + xxxnumberxxx"", ""lha gimana bos . urgen . telopon ke xxxnumberxxx nunggu lama bgt , giliran udh nyambung cs nanyanya panjang x lebar keburu habis pulsa masalah gak kelar ."", ""cek dm coba xxxuserxxx dari tadi komplen ngga ada respon , pulsa udah kepotong kena tarif per kb""]",False,5,1507,24,False,76
google/gemma-3-4b-it,formal,informal,hybrid_early,0.1,"iya , dulu aku pelanggan setia freedom xxl . sekarang aku malas . kuota banyak , tapi streaming sering buffer .","“iya, dulu gue langganan freedom xxl. sekarang males sih. kuota banyak, tapi sering nge-buffer.”",False,460,4200230,42,"[""tolong dong xxxuserxxx dari kmaren sore jaringan nya full tapi nggak nyambung ke internet padahal kuota dah lumayan banyak"", ""grab paket hemat saya billingnya itu tgl xxxnumberxxx juli xxxnumberxxx sekarang aja udh agustus kok subscribe nya masih aktif ya ?"", ""malam , mohon info paket saya sejak tanggal xxxnumberxxx tertahan dgn status itu . blm terkirim sampai sekarang , ada apa ya ?"", ""cek dm coba xxxuserxxx dari tadi komplen ngga ada respon , pulsa udah kepotong kena tarif per kb"", ""ini kenapa lagi ya mau perpanjang internet ga bisa ? xxxnumberxxx juga ga bisa ?""]",False,5,1527,27,False,96
google/gemma-3-4b-it,formal,informal,hybrid_early,0.1,"xxxnumberxxx , xxxemailxxx , ingin pindah akun .","“xxxnumberxxx, xxxemailxxx, mau ganti akun nih.”",False,462,4200231,42,"[""malam , mohon info paket saya sejak tanggal xxxnumberxxx tertahan dgn status itu . blm terkirim sampai sekarang , ada apa ya ?"", ""maaf min mau nanya apakah bener ini nomor dari gojek ? + xxxnumberxxx"", ""hai jnt xxxuserxxx mau tanya dong kenapa paket yg saya kirim masih gini aja ya mohon pencerahannya"", ""sudah kak , sudah saya ganti ke xxxnumberxxx g tp ttp susah"", ""grab paket hemat saya billingnya itu tgl xxxnumberxxx juli xxxnumberxxx sekarang aja udh agustus kok subscribe nya masih aktif ya ?""]",False,5,1392,17,False,48
google/gemma-3-4b-it,formal,informal,hybrid_early,0.1,mohon info detailnya . sudah dm dari tadi siang belum ada jawaban sampai saat ini .,"“min, udah DM tadi siang belum ada balasan sampe sekarang nih.”",False,464,4200232,42,"[""malam , mohon info paket saya sejak tanggal xxxnumberxxx tertahan dgn status itu . blm terkirim sampai sekarang , ada apa ya ?"", ""halo min saldo ovo ga muncul di grab , padahal nomor hp sudah sama . tolong cek dm ya min"", ""maaf min mau nanya apakah bener ini nomor dari gojek ? + xxxnumberxxx"", ""grab paket hemat saya billingnya itu tgl xxxnumberxxx juli xxxnumberxxx sekarang aja udh agustus kok subscribe nya masih aktif ya ?"", ""jb xxxphonexxx , sudah seminggu paket ngga nyampe , padahal masih dalam jakarta , ini malah dikirm ke surabaya buat apa coba ? jnt sistemnya gimana sih ?""]",False,5,1512,17,False,63
google/gemma-3-4b-it,formal,informal,hybrid_early,0.1,seberapa kamu ? aku mau mudik lebaran . lalu ? perginya sebelum ramadhan .,"Gimana nih? mau mudik lebaran. kapan ya, pergi nya sebelum ramadhan?",False,466,4200233,42,"[""grab paket hemat saya billingnya itu tgl xxxnumberxxx juli xxxnumberxxx sekarang aja udh agustus kok subscribe nya masih aktif ya ?"", ""malam , mohon info paket saya sejak tanggal xxxnumberxxx tertahan dgn status itu . blm terkirim sampai sekarang , ada apa ya ?"", ""jb xxxphonexxx , sudah seminggu paket ngga nyampe , padahal masih dalam jakarta , ini malah dikirm ke surabaya buat apa coba ? jnt sistemnya gimana sih ?"", ""lha gimana bos . urgen . telopon ke xxxnumberxxx nunggu lama bgt , giliran udh nyambung cs nanyanya panjang x lebar keburu habis pulsa masalah gak kelar ."", ""maaf min mau nanya apakah bener ini nomor dari gojek ? + xxxnumberxxx""]",False,5,1568,21,False,68
google/gemma-3-4b-it,formal,informal,hybrid_early,0.1,"tetap tidak jauh - jauh dari olahraga mulut admin , lomba rumpi tingkat nasional .","“eh, ngomong-ngomong soal lomba rumpi tingkat nasional, lumayan juga ya buat olahraga mulut dari admin…”",False,468,4200234,42,"[""malam , mohon info paket saya sejak tanggal xxxnumberxxx tertahan dgn status itu . blm terkirim sampai sekarang , ada apa ya ?"", ""grab paket hemat saya billingnya itu tgl xxxnumberxxx juli xxxnumberxxx sekarang aja udh agustus kok subscribe nya masih aktif ya ?"", ""maaf min mau nanya apakah bener ini nomor dari gojek ? + xxxnumberxxx"", ""cek dm coba xxxuserxxx dari tadi komplen ngga ada respon , pulsa udah kepotong kena tarif per kb"", ""lha gimana bos . urgen . telopon ke xxxnumberxxx nunggu lama bgt , giliran udh nyambung cs nanyanya panjang x lebar keburu habis pulsa masalah gak kelar .""]",False,5,1519,29,False,104
google/gemma-3-4b-it,formal,informal,hybrid_early,0.1,"admin , untuk pembatalan asuransi jiwa bagaimana caranya ?","""admin , mau cancel asuransi jiwa gimana ya caranya?""",False,470,4200235,42,"[""malam , mohon info paket saya sejak tanggal xxxnumberxxx tertahan dgn status itu . blm terkirim sampai sekarang , ada apa ya ?"", ""hai jnt xxxuserxxx mau tanya dong kenapa paket yg saya kirim masih gini aja ya mohon pencerahannya"", ""grab paket hemat saya billingnya itu tgl xxxnumberxxx juli xxxnumberxxx sekarang aja udh agustus kok subscribe nya masih aktif ya ?"", ""jb xxxphonexxx , sudah seminggu paket ngga nyampe , padahal masih dalam jakarta , ini malah dikirm ke surabaya buat apa coba ? jnt sistemnya gimana sih ?"", ""dear indosat , sy mau isi paketan , tetapi kenapa tidak bisa ya , sudah sejak jam xxxnumberxxx tadi , pulsa sdh masuk tapi tdk bisa aktip""]",False,5,1564,15,False,53
google/gemma-3-4b-it,formal,informal,hybrid_early,0.1,ini sinyal kenapa jadi seperti ampas ? padahal pemakaian juga wajar - wajar saja .,"“Halo, kenapa sinyalnya jadi kayak air keruh ya? padahal pemakaian gak banyak kok.”",False,472,4200236,42,"[""malam , mohon info paket saya sejak tanggal xxxnumberxxx tertahan dgn status itu . blm terkirim sampai sekarang , ada apa ya ?"", ""grab paket hemat saya billingnya itu tgl xxxnumberxxx juli xxxnumberxxx sekarang aja udh agustus kok subscribe nya masih aktif ya ?"", ""maaf min mau nanya apakah bener ini nomor dari gojek ? + xxxnumberxxx"", ""sudah kak , sudah saya ganti ke xxxnumberxxx g tp ttp susah"", ""halo min saldo ovo ga muncul di grab , padahal nomor hp sudah sama . tolong cek dm ya min""]",False,5,1417,24,False,83
google/gemma-3-4b-it,formal,informal,hybrid_early,0.1,"tolong , pengiriman paketnya dipercepat .","“hai, paketnya tolong di percepat dong ya?”",False,474,4200237,42,"[""malam , mohon info paket saya sejak tanggal xxxnumberxxx tertahan dgn status itu . blm terkirim sampai sekarang , ada apa ya ?"", ""jb xxxphonexxx , sudah seminggu paket ngga nyampe , padahal masih dalam jakarta , ini malah dikirm ke surabaya buat apa coba ? jnt sistemnya gimana sih ?"", ""maaf min mau nanya apakah bener ini nomor dari gojek ? + xxxnumberxxx"", ""grab paket hemat saya billingnya itu tgl xxxnumberxxx juli xxxnumberxxx sekarang aja udh agustus kok subscribe nya masih aktif ya ?"", ""hai jnt xxxuserxxx mau tanya dong kenapa paket yg saya kirim masih gini aja ya mohon pencerahannya""]",False,5,1479,15,False,43
google/gemma-3-4b-it,formal,informal,hybrid_early,0.1,apakah perbedaan paket family qa dan non qa ?,"""Halo, mau tanya perbedaan paket Family QA sama non-QA nih, kok ya?""",False,476,4200238,42,"[""jb xxxphonexxx , sudah seminggu paket ngga nyampe , padahal masih dalam jakarta , ini malah dikirm ke surabaya buat apa coba ? jnt sistemnya gimana sih ?"", ""malam , mohon info paket saya sejak tanggal xxxnumberxxx tertahan dgn status itu . blm terkirim sampai sekarang , ada apa ya ?"", ""hai jnt xxxuserxxx mau tanya dong kenapa paket yg saya kirim masih gini aja ya mohon pencerahannya"", ""cek dm coba xxxuserxxx dari tadi komplen ngga ada respon , pulsa udah kepotong kena tarif per kb"", ""dear indosat , sy mau isi paketan , tetapi kenapa tidak bisa ya , sudah sejak jam xxxnumberxxx tadi , pulsa sdh masuk tapi tdk bisa aktip""]",False,5,1516,20,False,68
google/gemma-3-4b-it,formal,informal,hybrid_early,0.1,"admin xxxuserxxx , mengapa saya tiba - tiba langganan rbt ? terus tidak bisa dibatalkan registrasi . setiap bulan pulsa kepotong terus . cara membatalkan registrasi bagaimana ?","admin xxxuserxxx, kok bisa gue jadi langganan rbt tiba2? terus gak bisa dibatalin registrasinya. tiap bulan pulsa jatoh terus. cara batalin registrasinya gimana sih?",False,478,4200239,42,"[""cek dm coba xxxuserxxx dari tadi komplen ngga ada respon , pulsa udah kepotong kena tarif per kb"", ""malam , mohon info paket saya sejak tanggal xxxnumberxxx tertahan dgn status itu . blm terkirim sampai sekarang , ada apa ya ?"", ""grab paket hemat saya billingnya itu tgl xxxnumberxxx juli xxxnumberxxx sekarang aja udh agustus kok subscribe nya masih aktif ya ?"", ""dear indosat , sy mau isi paketan , tetapi kenapa tidak bisa ya , sudah sejak jam xxxnumberxxx tadi , pulsa sdh masuk tapi tdk bisa aktip"", ""maaf min mau nanya apakah bener ini nomor dari gojek ? + xxxnumberxxx""]",False,5,1596,46,False,165
google/gemma-3-4b-it,formal,informal,hybrid_early,0.1,"admin , kalau kuota keluarga bisa dipakai buat sendiri tidak ?","tolong dong admin, kuota keluarga bisa dipakai buat sendiri gak ya?",False,480,4200240,42,"[""malam , mohon info paket saya sejak tanggal xxxnumberxxx tertahan dgn status itu . blm terkirim sampai sekarang , ada apa ya ?"", ""cek dm coba xxxuserxxx dari tadi komplen ngga ada respon , pulsa udah kepotong kena tarif per kb"", ""dear indosat , sy mau isi paketan , tetapi kenapa tidak bisa ya , sudah sejak jam xxxnumberxxx tadi , pulsa sdh masuk tapi tdk bisa aktip"", ""tolong dong xxxuserxxx dari kmaren sore jaringan nya full tapi nggak nyambung ke internet padahal kuota dah lumayan banyak"", ""grab paket hemat saya billingnya itu tgl xxxnumberxxx juli xxxnumberxxx sekarang aja udh agustus kok subscribe nya masih aktif ya ?""]",False,5,1535,16,False,67
google/gemma-3-4b-it,formal,informal,hybrid_early,0.1,"iya betul , xxxnumberxxx . sayang sekali terlambat , tidak terangkat karena sedang di jalan . terima kasih atas infonya .","“iya bener, xxxnumberxxx. kasihan banget telat, gak bisa diangkat lagi lagi nih pas lagi jalan. makasih banyak infonya.”",False,482,4200241,42,"[""malam , mohon info paket saya sejak tanggal xxxnumberxxx tertahan dgn status itu . blm terkirim sampai sekarang , ada apa ya ?"", ""maaf min mau nanya apakah bener ini nomor dari gojek ? + xxxnumberxxx"", ""sudah kak , sudah saya ganti ke xxxnumberxxx g tp ttp susah"", ""grab paket hemat saya billingnya itu tgl xxxnumberxxx juli xxxnumberxxx sekarang aja udh agustus kok subscribe nya masih aktif ya ?"", ""saya mau tanya , ini saya mau beli paket yellow kenapa sama xxxnumberxxx tidak direspon / tidak dibalas""]",False,5,1470,34,False,120
google/gemma-3-4b-it,formal,informal,hybrid_early,0.1,"admin , saya ada pertanyaan . cek dm . terima kasih .","hai admin , mau tanya dong , cek dm ya terima kasih.",False,484,4200242,42,"[""malam , mohon info paket saya sejak tanggal xxxnumberxxx tertahan dgn status itu . blm terkirim sampai sekarang , ada apa ya ?"", ""maaf min mau nanya apakah bener ini nomor dari gojek ? + xxxnumberxxx"", ""grab paket hemat saya billingnya itu tgl xxxnumberxxx juli xxxnumberxxx sekarang aja udh agustus kok subscribe nya masih aktif ya ?"", ""hai jnt xxxuserxxx mau tanya dong kenapa paket yg saya kirim masih gini aja ya mohon pencerahannya"", ""saya mau tanya , ini saya mau beli paket yellow kenapa sama xxxnumberxxx tidak direspon / tidak dibalas""]",False,5,1441,14,False,52
google/gemma-3-4b-it,formal,informal,hybrid_early,0.1,pesan go - food min . tidak pakai lama .,"min , gofood gak bisa ya? udah coba beberapa kali malah gak ada driver.",False,486,4200243,42,"[""min , udh xxxnumberxxx hari ini saya mau gofood kok gak dapet driver terus ? apa aplikasi gojek lagi error ?"", ""malam , mohon info paket saya sejak tanggal xxxnumberxxx tertahan dgn status itu . blm terkirim sampai sekarang , ada apa ya ?"", ""maaf min mau nanya apakah bener ini nomor dari gojek ? + xxxnumberxxx"", ""grab paket hemat saya billingnya itu tgl xxxnumberxxx juli xxxnumberxxx sekarang aja udh agustus kok subscribe nya masih aktif ya ?"", ""halo min saldo ovo ga muncul di grab , padahal nomor hp sudah sama . tolong cek dm ya min""]",False,5,1424,19,False,71
google/gemma-3-4b-it,formal,informal,hybrid_early,0.1,tolong tambahkan vouchernya photobook malam ini saja .,"tolong tambahin voucher photobook malem ini aja ya, xxxuserxxx",False,488,4200244,42,"[""malam , mohon info paket saya sejak tanggal xxxnumberxxx tertahan dgn status itu . blm terkirim sampai sekarang , ada apa ya ?"", ""grab paket hemat saya billingnya itu tgl xxxnumberxxx juli xxxnumberxxx sekarang aja udh agustus kok subscribe nya masih aktif ya ?"", ""jb xxxphonexxx , sudah seminggu paket ngga nyampe , padahal masih dalam jakarta , ini malah dikirm ke surabaya buat apa coba ? jnt sistemnya gimana sih ?"", ""saya mau tanya , ini saya mau beli paket yellow kenapa sama xxxnumberxxx tidak direspon / tidak dibalas"", ""tolong dong xxxuserxxx dari kmaren sore jaringan nya full tapi nggak nyambung ke internet padahal kuota dah lumayan banyak""]",False,5,1550,18,False,62
google/gemma-3-4b-it,formal,informal,hybrid_early,0.1,ya ampun . mengapa jaringan xxxuserxxx di dramaga ini ? membuat saya kesal .,"“Ya ampun, jaringan xxxuserxxx di Dramaga ini kok gini sih? Bikin kesel banget.”",False,490,4200245,42,"[""malam , mohon info paket saya sejak tanggal xxxnumberxxx tertahan dgn status itu . blm terkirim sampai sekarang , ada apa ya ?"", ""maaf min mau nanya apakah bener ini nomor dari gojek ? + xxxnumberxxx"", ""hai jnt xxxuserxxx mau tanya dong kenapa paket yg saya kirim masih gini aja ya mohon pencerahannya"", ""tolong dong xxxuserxxx dari kmaren sore jaringan nya full tapi nggak nyambung ke internet padahal kuota dah lumayan banyak"", ""cek dm coba xxxuserxxx dari tadi komplen ngga ada respon , pulsa udah kepotong kena tarif per kb""]",False,5,1448,24,False,80
google/gemma-3-4b-it,formal,informal,hybrid_early,0.1,"nomor saya masih tidak bisa , bagaimana ini ?","""nomor saya kok masih nggak bisa ya?""",True,492,4200246,42,"[""malam , mohon info paket saya sejak tanggal xxxnumberxxx tertahan dgn status itu . blm terkirim sampai sekarang , ada apa ya ?"", ""jb xxxphonexxx , sudah seminggu paket ngga nyampe , padahal masih dalam jakarta , ini malah dikirm ke surabaya buat apa coba ? jnt sistemnya gimana sih ?"", ""dear indosat , sy mau isi paketan , tetapi kenapa tidak bisa ya , sudah sejak jam xxxnumberxxx tadi , pulsa sdh masuk tapi tdk bisa aktip"", ""sudah kak , sudah saya ganti ke xxxnumberxxx g tp ttp susah"", ""maaf min mau nanya apakah bener ini nomor dari gojek ? + xxxnumberxxx""]",False,5,1450,12,False,37
google/gemma-3-4b-it,formal,informal,hybrid_early,0.1,apakah masih ada lowongan grabbike di solo ?,"""Grab solo, min ada lowongan gak ya buat driver di solo?""",True,494,4200247,42,"[""maaf min mau nanya apakah bener ini nomor dari gojek ? + xxxnumberxxx"", ""grab paket hemat saya billingnya itu tgl xxxnumberxxx juli xxxnumberxxx sekarang aja udh agustus kok subscribe nya masih aktif ya ?"", ""malam , mohon info paket saya sejak tanggal xxxnumberxxx tertahan dgn status itu . blm terkirim sampai sekarang , ada apa ya ?"", ""jb xxxphonexxx , sudah seminggu paket ngga nyampe , padahal masih dalam jakarta , ini malah dikirm ke surabaya buat apa coba ? jnt sistemnya gimana sih ?"", ""jp xxxphonexxx min tolong dong ini paket saya ga nyampe nyampe , padahal ngirim sesama jakarta bisa xxxnumberxxx harian .""]",False,5,1505,17,False,57
google/gemma-3-4b-it,formal,informal,hybrid_early,0.1,saya sore ini top up saldo xxxnumberxxx dan xxxnumberxxx mengapa tidak masuk - masuk ke saldo saya ?,"“saya tadi sore top up saldo xxxnumberxxx dan xxxnumberxxx, kok gak masuk - masuk ke saldo saya sih?”",False,496,4200248,42,"[""malam , mohon info paket saya sejak tanggal xxxnumberxxx tertahan dgn status itu . blm terkirim sampai sekarang , ada apa ya ?"", ""grab paket hemat saya billingnya itu tgl xxxnumberxxx juli xxxnumberxxx sekarang aja udh agustus kok subscribe nya masih aktif ya ?"", ""maaf min mau nanya apakah bener ini nomor dari gojek ? + xxxnumberxxx"", ""dear indosat , sy mau isi paketan , tetapi kenapa tidak bisa ya , sudah sejak jam xxxnumberxxx tadi , pulsa sdh masuk tapi tdk bisa aktip"", ""saya mau tanya , ini saya mau beli paket yellow kenapa sama xxxnumberxxx tidak direspon / tidak dibalas""]",False,5,1527,27,False,101
google/gemma-3-4b-it,formal,informal,hybrid_early,0.1,dapat saldo ovo gratis setiap hari .,"“Halo, kok saldo ovo gratisnya nggak muncul ya? Padahal nomor HP sama. Tolong cek DM dong.”",False,498,4200249,42,"[""halo min saldo ovo ga muncul di grab , padahal nomor hp sudah sama . tolong cek dm ya min"", ""grab paket hemat saya billingnya itu tgl xxxnumberxxx juli xxxnumberxxx sekarang aja udh agustus kok subscribe nya masih aktif ya ?"", ""malam , mohon info paket saya sejak tanggal xxxnumberxxx tertahan dgn status itu . blm terkirim sampai sekarang , ada apa ya ?"", ""cek dm coba xxxuserxxx dari tadi komplen ngga ada respon , pulsa udah kepotong kena tarif per kb"", ""dear indosat , sy mau isi paketan , tetapi kenapa tidak bisa ya , sudah sejak jam xxxnumberxxx tadi , pulsa sdh masuk tapi tdk bisa aktip""]",False,5,1476,26,False,91
