model_id,original_style,style_target,retrieval_method,alpha,original_message,paraphrased_message,is_human_eval,sample_index,sample_seed,run_seed,retrieved_exemplars,retrieval_fallback,n_exemplars,prompt_chars,output_tokens,eos_reached,output_chars
google/gemma-3-4b-it,formal,informal,hybrid_early,0.3,"akun saya sudah premium , tolong cashback yang seharusnya saya dapat untuk transaksi tanggal xxxdatexxx segera dikreditkan .","“akun premium saya nih, tolong dong cashbacknya yang kemarin tanggal xxxdatexxx segera dikreditkan ya…”",False,0,4200000,42,"[""sore min , ini ada keluhan nomer saya pulsa kesedot terus , padahal tidak berlangganan paket apapun . tolong di cek min + xxxnumberxxx xxxnumberxxx - xxxnumberxxx - xxxnumberxxx"", ""kenapa ya kode promo saya grabwae tidak bisa digunakan ? padahal sejak tgl xxxdatexxx ini saya belum pernah sekalipun pakai kode promo tersebut"", ""grab paket hemat saya billingnya itu tgl xxxnumberxxx juli xxxnumberxxx sekarang aja udh agustus kok subscribe nya masih aktif ya ?"", ""halo mas / mba xxxuserxxx ini nomor halo saya udah xxxnumberxxx hari gak bisa dipake . rugi dong bayar tagihan doang tapi gak kepake ~"", ""dear indosat , sy mau isi paketan , tetapi kenapa tidak bisa ya , sudah sejak jam xxxnumberxxx tadi , pulsa sdh masuk tapi tdk bisa aktip""]",False,5,1707,25,False,103
google/gemma-3-4b-it,formal,informal,hybrid_early,0.3,"halo , tolong balas pesan saya admin .","halo min , mau tanya nih , cara cek saldo dana di aplikasi dong . sedih banget nih belum ada balasan",False,2,4200001,42,"[""selamat malam , tolong cek dm ya min , kiriman paket saya blm di kirim ."", ""malam , mohon info paket saya sejak tanggal xxxnumberxxx tertahan dgn status itu . blm terkirim sampai sekarang , ada apa ya ?"", ""halo xxxuserxxx gimana ya caranya kontak driver utk kirim paket same day xxxnumberxxx hours ? sama sekali gabisa ngirim nih . makasih"", ""halo min , cara cek riwayat pengisian pulsa gimana ya ?"", ""halo min , saya mau mengnonaktifkan akun gojek saya mohon dicek dmnya . sedih nih udah dari kemarin nge - mention ga di respon""]",False,5,1411,25,False,100
google/gemma-3-4b-it,formal,informal,hybrid_early,0.3,ayo semua pelanggan indosat yang suka terpotong pulsanya atau sinyal jelek . ayo pindah ke xxxuserxxx . mari - mari .,"“buat semua pelanggan indosat yang sering terpotong pulsan atau sinyalnya jelek, coba ganti ke xxxuserxxx ya, mari-mari.”",False,4,4200002,42,"[""ini kenapa lagi ya mau perpanjang internet ga bisa ? xxxnumberxxx juga ga bisa ?"", ""tolong dong xxxuserxxx dari kmaren sore jaringan nya full tapi nggak nyambung ke internet padahal kuota dah lumayan banyak"", ""dear indosat , sy mau isi paketan , tetapi kenapa tidak bisa ya , sudah sejak jam xxxnumberxxx tadi , pulsa sdh masuk tapi tdk bisa aktip"", ""saya beli voucher fisik indosat xxxnumberxxx gb unlimited , tapi gagal terus kenapa ya ?"", ""min kalo mau transfer pulsa ke telkomsel bisa ga cuma xxxnumberxxx ribu gitu""]",False,5,1481,36,False,121
google/gemma-3-4b-it,formal,informal,hybrid_early,0.3,"enaknya , makan es krim berdua . terus saling menyuapi .","min , pengen makan es krim berdua . terus saling nyuapin gitu deh .",False,6,4200003,42,"[""lha gimana bos . urgen . telopon ke xxxnumberxxx nunggu lama bgt , giliran udh nyambung cs nanyanya panjang x lebar keburu habis pulsa masalah gak kelar ."", ""cek dm coba xxxuserxxx dari tadi komplen ngga ada respon , pulsa udah kepotong kena tarif per kb"", ""malam , mohon info paket saya sejak tanggal xxxnumberxxx tertahan dgn status itu . blm terkirim sampai sekarang , ada apa ya ?"", ""jp xxxphonexxx min tolong dong ini paket saya ga nyampe nyampe , padahal ngirim sesama jakarta bisa xxxnumberxxx harian ."", ""min kalo mau transfer pulsa ke telkomsel bisa ga cuma xxxnumberxxx ribu gitu""]",False,5,1490,20,False,67
google/gemma-3-4b-it,formal,informal,hybrid_early,0.3,"dharm , ini sudah banyak sekali yang mengeluh . mungkin bisa jadi input ke mgmt hahaha .","“udh banyak yg komplain nih, kayaknya bisa jadi masukan ke mgmt deh.”",False,8,4200004,42,"[""malam , mohon info paket saya sejak tanggal xxxnumberxxx tertahan dgn status itu . blm terkirim sampai sekarang , ada apa ya ?"", ""sama kayak saya pak paket saya gak saya terima claim gak jelas kapan hasilnya , jangan tunggu ini menyebar ya !"", ""grab paket hemat saya billingnya itu tgl xxxnumberxxx juli xxxnumberxxx sekarang aja udh agustus kok subscribe nya masih aktif ya ?"", ""jb xxxphonexxx , sudah seminggu paket ngga nyampe , padahal masih dalam jakarta , ini malah dikirm ke surabaya buat apa coba ? jnt sistemnya gimana sih ?"", ""sudah kak , sudah saya ganti ke xxxnumberxxx g tp ttp susah""]",False,5,1529,21,False,69
google/gemma-3-4b-it,formal,informal,hybrid_early,0.3,"admin , ini mengapa internetnya lambat sekali ?","min, kok internetnya lama banget sih?",False,10,4200005,42,"[""tolong dong xxxuserxxx dari kmaren sore jaringan nya full tapi nggak nyambung ke internet padahal kuota dah lumayan banyak"", ""ini kenapa lagi ya mau perpanjang internet ga bisa ? xxxnumberxxx juga ga bisa ?"", ""ini masih gangguan sinyal xxxnumberxxx g ga bisa aktif datanya ?"", ""min maaf lagi gangguan apa gimana ? dari tadi ga konek internet terus"", ""grab paket hemat saya billingnya itu tgl xxxnumberxxx juli xxxnumberxxx sekarang aja udh agustus kok subscribe nya masih aktif ya ?""]",False,5,1374,11,False,37
google/gemma-3-4b-it,formal,informal,hybrid_early,0.3,mengapa shopee error ya saat mau checkout menggunakan kartu kredit ?,“kok shopee error pas mau checkout pakai kartu kredit ya min?”,True,12,4200006,42,"[""tadi saya topup ke shopee pay , sudah berhasil tapi kok di aplikasi tetep xxxnumberxxx ya ? tolong baca dm saya ya . terimakasih"", ""grab paket hemat saya billingnya itu tgl xxxnumberxxx juli xxxnumberxxx sekarang aja udh agustus kok subscribe nya masih aktif ya ?"", ""halo saya top up grab ovo lewat atm barusan tapi kok belum masuk ya ?"", ""halo min saldo ovo ga muncul di grab , padahal nomor hp sudah sama . tolong cek dm ya min"", ""min saya mau bayar transaksi bukalapak ko gagal mulu ya""]",False,5,1401,15,False,62
google/gemma-3-4b-it,formal,informal,hybrid_early,0.3,admin xxxuserxxx memang kesayangan kita semua .,tolong dong xxxadminxxx kesayangan kita semua banget,True,14,4200007,42,"[""tolong cek jb xxxphonexxx dr tgl xxxnumberxxx kok ga ada status lagi"", ""halo admin xxxuserxxx cek dm dong"", ""nih xxxuserxxx lemot banget xxxnumberxxx g nya"", ""sudah xxxnumberxxx hari , status belum juga berubah nih min . tadi udah telfon qc katanya cuma suruh nunggu"", ""tolong dong xxxuserxxx dari kmaren sore jaringan nya full tapi nggak nyambung ke internet padahal kuota dah lumayan banyak""]",False,5,1284,13,False,52
google/gemma-3-4b-it,formal,informal,hybrid_early,0.3,mengapa saya beli pulsa belum masuk ?,“kok beli pulsa kok belum masuk ya ?”,True,16,4200008,42,"[""saya belipaket rp . xxxnumberxxx rb tapi kok tidak masuk ya ? padahal pulsanya udh kepotong"", ""saya kirim uang , kenapa tidak masuk ? padahal status berhasil dan saldo sya terpotong"", ""halo saya top up grab ovo lewat atm barusan tapi kok belum masuk ya ?"", ""dear indosat , sy mau isi paketan , tetapi kenapa tidak bisa ya , sudah sejak jam xxxnumberxxx tadi , pulsa sdh masuk tapi tdk bisa aktip"", ""ini kenapa lagi ya mau perpanjang internet ga bisa ? xxxnumberxxx juga ga bisa ?""]",False,5,1361,11,False,37
google/gemma-3-4b-it,formal,informal,hybrid_early,0.3,"kak , paket untuk roaming internet data di prancis apa ?","min, paket roaming internet data di prancis itu apa ya?",False,18,4200009,42,"[""min kalo mau transfer pulsa ke telkomsel bisa ga cuma xxxnumberxxx ribu gitu"", ""tolong di cek untuk , awb : xxxnumberxxx . statusya misroute itu artinya apa ? lalu untuk paket saya kapan sampainya ? terima kasih"", ""malam , mohon info paket saya sejak tanggal xxxnumberxxx tertahan dgn status itu . blm terkirim sampai sekarang , ada apa ya ?"", ""min kalau mau buat nomer kartu halo baru yang xxxnumberxxx itu bagaimana prosedur dan biayanya ?"", ""halo min , cara cek riwayat pengisian pulsa gimana ya ?""]",False,5,1401,14,False,55
google/gemma-3-4b-it,formal,informal,hybrid_early,0.3,"apakah bisa inv / xxxnumberxxx / xix / vii / xxxnumberxxx dibatalkan ? soalnya sudah minta ke penjual , malah tidak bisa dibatalkan katanya .","maaf kk , udah minta batalin inv / xxxnumberxxx / xix / vii / xxxnumberxxx ke penjual , malah ngga bisa dibatalkan katanya .",False,20,4200010,42,"[""kak , tadi coba mau beli pulsa telkomsel xxxnumberxxx xxxnumberxxx xxxnumberxxx k , tapi koq dibatalkan mulu ya ? apa stok nya lagi kosong ?"", ""malam , mohon info paket saya sejak tanggal xxxnumberxxx tertahan dgn status itu . blm terkirim sampai sekarang , ada apa ya ?"", ""jb xxxphonexxx , sudah seminggu paket ngga nyampe , padahal masih dalam jakarta , ini malah dikirm ke surabaya buat apa coba ? jnt sistemnya gimana sih ?"", ""maaf min mau nanya apakah bener ini nomor dari gojek ? + xxxnumberxxx"", ""ka paket no resi ini xxxnumberxxx udah sampai dimana ya ?""]",False,5,1547,35,False,124
google/gemma-3-4b-it,formal,informal,hybrid_early,0.3,hari minggu tidak ada pengiriman admin ?,"admin, kok hari minggu nggak ada pengiriman ya?",False,22,4200011,42,"[""malam , mohon info paket saya sejak tanggal xxxnumberxxx tertahan dgn status itu . blm terkirim sampai sekarang , ada apa ya ?"", ""min no resi jp xxxphonexxx kok belum dikirim2 dr hari sabtu"", ""halo . paket saya dengan no resi xxxnumberxxx tidak ada pergerakan dari kemarin . tolong konfirmasi nya"", ""ka paket no resi ini xxxnumberxxx udah sampai dimana ya ?"", ""admin , kok dm saya belum di respon - respon ya ? sudah xxxnumberxxx hari nih min""]",False,5,1327,12,False,47
google/gemma-3-4b-it,formal,informal,hybrid_early,0.3,tolong perbaiki sinyalnya . untuk main game online buruk sekali .,"min, sinyalnya rusak banget. main game jadi parah sih.",False,24,4200012,42,"[""ini masih gangguan sinyal xxxnumberxxx g ga bisa aktif datanya ?"", ""tolong dong xxxuserxxx dari kmaren sore jaringan nya full tapi nggak nyambung ke internet padahal kuota dah lumayan banyak"", ""saya mau tanya , ini saya mau beli paket yellow kenapa sama xxxnumberxxx tidak direspon / tidak dibalas"", ""udah xxxnumberxxx menit stuck gini terus , padahal koneksi internet saya normal . tolong di bantu"", ""min maaf lagi gangguan apa gimana ? dari tadi ga konek internet terus""]",False,5,1381,16,False,54
google/gemma-3-4b-it,formal,informal,hybrid_early,0.3,ovo booth wilayah jogja yang bisa untuk upgrade akun dimana saja admin ?,"“ada ovo booth di jogja yang bisa buat upgrade akun gak ya, admin?”",False,26,4200013,42,"[""halo min saldo ovo ga muncul di grab , padahal nomor hp sudah sama . tolong cek dm ya min"", ""halo saya top up grab ovo lewat atm barusan tapi kok belum masuk ya ?"", ""kenapa ya kode promo saya grabwae tidak bisa digunakan ? padahal sejak tgl xxxdatexxx ini saya belum pernah sekalipun pakai kode promo tersebut"", ""grab paket hemat saya billingnya itu tgl xxxnumberxxx juli xxxnumberxxx sekarang aja udh agustus kok subscribe nya masih aktif ya ?"", ""jb xxxphonexxx , sudah seminggu paket ngga nyampe , padahal masih dalam jakarta , ini malah dikirm ke surabaya buat apa coba ? jnt sistemnya gimana sih ?""]",False,5,1518,18,False,67
google/gemma-3-4b-it,formal,informal,hybrid_early,0.3,"sudah ada resinya , yaitu resi transfer , tapi tetap tidak masuk .","""udah ada resinya, resi transfernya, tapi kok gak masuk ya?""",False,28,4200014,42,"[""min , ini kenapa saya gak bisa sms ya ? saya mau konfirmasi pembelian paket gagal mulu sms nya drtd ."", ""malam , mohon info paket saya sejak tanggal xxxnumberxxx tertahan dgn status itu . blm terkirim sampai sekarang , ada apa ya ?"", ""malam , mau komplain . paket statusnya sudah sampai . tapi saya belum terima paket . mohon bantuannya . terima kasih ."", ""saya salah pilihan isi resi , harusnya otomatis dari sicepat tapi saya malah terlanjur bayar cash , nomor resinya bisa diedit nggak ya ?"", ""saya kirim uang , kenapa tidak masuk ? padahal status berhasil dan saldo sya terpotong""]",False,5,1494,19,False,60
google/gemma-3-4b-it,formal,informal,hybrid_early,0.3,"+ xxxnumberxxx xxxnumberxxx xxxnumberxxx xx , apakah benar anda providernya ?","+ xxxnumberxxx , min, ini nomornya apa sih?",False,30,4200015,42,"[""min kalo mau transfer pulsa ke telkomsel bisa ga cuma xxxnumberxxx ribu gitu"", ""sore min , ini ada keluhan nomer saya pulsa kesedot terus , padahal tidak berlangganan paket apapun . tolong di cek min + xxxnumberxxx xxxnumberxxx - xxxnumberxxx - xxxnumberxxx"", ""jp xxxphonexxx min tolong dong ini paket saya ga nyampe nyampe , padahal ngirim sesama jakarta bisa xxxnumberxxx harian ."", ""dear indosat , sy mau isi paketan , tetapi kenapa tidak bisa ya , sudah sejak jam xxxnumberxxx tadi , pulsa sdh masuk tapi tdk bisa aktip"", ""maaf min mau nanya apakah bener ini nomor dari gojek ? + xxxnumberxxx""]",False,5,1518,14,False,43
google/gemma-3-4b-it,formal,informal,hybrid_early,0.3,"kak , apakah bisa dibantu untuk informasi data pengemudinya ?","halo kak , bisa bantu info data pengemudi gak ya?",False,32,4200016,42,"[""halo min saldo ovo ga muncul di grab , padahal nomor hp sudah sama . tolong cek dm ya min"", ""halo min , cara cek riwayat pengisian pulsa gimana ya ?"", ""malam , mohon info paket saya sejak tanggal xxxnumberxxx tertahan dgn status itu . blm terkirim sampai sekarang , ada apa ya ?"", ""maaf min mau nanya apakah bener ini nomor dari gojek ? + xxxnumberxxx"", ""sudah saya dm min , mohon di cek""]",False,5,1293,14,False,49
google/gemma-3-4b-it,formal,informal,hybrid_early,0.3,"cuma iseng mau menghabiskan qutoa yang xxxnumberxxx gb dari xxxuserxxx . besok beli lagi hanya rp xxxnumberxxx , -","kak, iseng nih mau abisin quota xxxnumberxxx gb dari xxxuserxxx. besok beli lagi kira2 rp xxxnumberxxx, -",False,34,4200017,42,"[""min kalo mau transfer pulsa ke telkomsel bisa ga cuma xxxnumberxxx ribu gitu"", ""jp xxxphonexxx min tolong dong ini paket saya ga nyampe nyampe , padahal ngirim sesama jakarta bisa xxxnumberxxx harian ."", ""sore min , ini ada keluhan nomer saya pulsa kesedot terus , padahal tidak berlangganan paket apapun . tolong di cek min + xxxnumberxxx xxxnumberxxx - xxxnumberxxx - xxxnumberxxx"", ""ini kenapa lagi ya mau perpanjang internet ga bisa ? xxxnumberxxx juga ga bisa ?"", ""kak , tadi coba mau beli pulsa telkomsel xxxnumberxxx xxxnumberxxx xxxnumberxxx k , tapi koq dibatalkan mulu ya ? apa stok nya lagi kosong ?""]",False,5,1569,31,False,105
google/gemma-3-4b-it,formal,informal,hybrid_early,0.3,dari hari rabu saya coba beli paket xxxuserxxx sampai sekarang tidak berhasil - berhasil . padahal saya sudah berlangganan belasan tahun . mengapa makin lama makin payah ?,"“dari rabu ini gue coba beli paket xxxuserxxx sampe skrg masih aja gak berhasil - berhasil. padahal udah langganan belasan tahun, kok makin lama makin lemot aja ya?”",False,36,4200018,42,"[""saya mau tanya , ini saya mau beli paket yellow kenapa sama xxxnumberxxx tidak direspon / tidak dibalas"", ""sore min , ini ada keluhan nomer saya pulsa kesedot terus , padahal tidak berlangganan paket apapun . tolong di cek min + xxxnumberxxx xxxnumberxxx - xxxnumberxxx - xxxnumberxxx"", ""ini kenapa lagi ya mau perpanjang internet ga bisa ? xxxnumberxxx juga ga bisa ?"", ""grab paket hemat saya billingnya itu tgl xxxnumberxxx juli xxxnumberxxx sekarang aja udh agustus kok subscribe nya masih aktif ya ?"", ""tolong dong xxxuserxxx dari kmaren sore jaringan nya full tapi nggak nyambung ke internet padahal kuota dah lumayan banyak""]",False,5,1645,43,False,165
google/gemma-3-4b-it,formal,informal,hybrid_early,0.3,juara lari dari kenangan mas lalu . hehe .,"halo , udah dari hari kemaren nih lupa sama kejadian itu ~",False,38,4200019,42,"[""sudah xxxnumberxxx hari , status belum juga berubah nih min . tadi udah telfon qc katanya cuma suruh nunggu"", ""halo . dari xxxnumberxxx hari lalu saya mau bayar cc via mbanking tapi selalu keluar popup seperti ini kenapa ya ?"", ""halo min , saya mau mengnonaktifkan akun gojek saya mohon dicek dmnya . sedih nih udah dari kemarin nge - mention ga di respon"", ""halo mas / mba xxxuserxxx ini nomor halo saya udah xxxnumberxxx hari gak bisa dipake . rugi dong bayar tagihan doang tapi gak kepake ~"", ""halo saya top up grab ovo lewat atm barusan tapi kok belum masuk ya ?""]",False,5,1453,14,False,58
google/gemma-3-4b-it,formal,informal,hybrid_early,0.3,apakah bisa setor tunai ke tabungan bank lain melalui atm setor tunai bca ? terima kasih .,“Bisa bli setor tunain ke tabungan bank lain lewat atm setor tunai bca gak ya? makasih.”,False,40,4200020,42,"[""hanya alamat yang berubah . jadi harus ke cabang bca terdekat untuk ganti kartu atm ya . apakah ada biaya tambahan ?"", ""halo saya top up grab ovo lewat atm barusan tapi kok belum masuk ya ?"", ""min kalo mau transfer pulsa ke telkomsel bisa ga cuma xxxnumberxxx ribu gitu"", ""pengembalian saldo karena gagal penarikan membutuhkan waktu berapa lama ya ? saya sudah laporan xxxnumberxxx hari kerja sampai skr masih proses ditindak lanjuti terus"", ""ke grapari niat mau tuker sim ke xxxnumberxxx g . eh antriannya abis , pas pulang ditawarin nomor sama kang parkir . kumaha eta""]",False,5,1505,27,False,88
google/gemma-3-4b-it,formal,informal,hybrid_early,0.3,"saya sudah tahu macam - macam rekening bcanya , bagaimana untuk ktpnya ?","min, ini knpa saya gak bs kirim ktp ya?",False,42,4200021,42,"[""min kalau mau buat nomer kartu halo baru yang xxxnumberxxx itu bagaimana prosedur dan biayanya ?"", ""halo min , cara cek riwayat pengisian pulsa gimana ya ?"", ""halo min saldo ovo ga muncul di grab , padahal nomor hp sudah sama . tolong cek dm ya min"", ""min , ini kenapa saya gak bisa sms ya ? saya mau konfirmasi pembelian paket gagal mulu sms nya drtd ."", ""tolong di cek untuk , awb : xxxnumberxxx . statusya misroute itu artinya apa ? lalu untuk paket saya kapan sampainya ? terima kasih""]",False,5,1405,16,False,39
google/gemma-3-4b-it,formal,informal,hybrid_early,0.3,"admin , saya juga tidak dapat kode verifikasi untuk masuk aplikasi myim3 . itu bagaimana ?","min, kok saya gak bisa dapat kode verifikasinya buat masuk aplikasi myim3 ya?",True,44,4200022,42,"[""malam , mohon info paket saya sejak tanggal xxxnumberxxx tertahan dgn status itu . blm terkirim sampai sekarang , ada apa ya ?"", ""saya mau tanya , ini saya mau beli paket yellow kenapa sama xxxnumberxxx tidak direspon / tidak dibalas"", ""min , ini kenapa saya gak bisa sms ya ? saya mau konfirmasi pembelian paket gagal mulu sms nya drtd ."", ""sudah kak , sudah saya ganti ke xxxnumberxxx g tp ttp susah"", ""dear indosat , sy mau isi paketan , tetapi kenapa tidak bisa ya , sudah sejak jam xxxnumberxxx tadi , pulsa sdh masuk tapi tdk bisa aktip""]",False,5,1477,21,False,77
google/gemma-3-4b-it,formal,informal,hybrid_early,0.3,percobaan penipuan lainnya . potensi penipuan atas nama gojek . modus operandi : mengiming - imingi hadiah . ada yang mau menandai xxxnumberxxx sebagai penipu ?,"min, kayaknya ada percobaan penipuan lagi nih. potensi penipuan atas nama gojek. modusnya ngasih hadiah gitu. ada yg mau lapor xxxnumberxxx sebagai penipu?",True,46,4200023,42,"[""maaf min mau nanya apakah bener ini nomor dari gojek ? + xxxnumberxxx"", ""saya mau tanya , ini saya mau beli paket yellow kenapa sama xxxnumberxxx tidak direspon / tidak dibalas"", ""lha gimana bos . urgen . telopon ke xxxnumberxxx nunggu lama bgt , giliran udh nyambung cs nanyanya panjang x lebar keburu habis pulsa masalah gak kelar ."", ""jp xxxphonexxx min tolong dong ini paket saya ga nyampe nyampe , padahal ngirim sesama jakarta bisa xxxnumberxxx harian ."", ""sore min , ini ada keluhan nomer saya pulsa kesedot terus , padahal tidak berlangganan paket apapun . tolong di cek min + xxxnumberxxx xxxnumberxxx - xxxnumberxxx - xxxnumberxxx""]",False,5,1645,41,False,155
google/gemma-3-4b-it,formal,informal,hybrid_early,0.3,para pengemudi xxxuserxxx dipersilahkan duduk di ruang tamu dan ada air mineral gelas yang disediakan untuk para tamu tersebut .,"""pengemudi xxxuserxxx disuruh duduk di ruang tamu, ada air mineral gratis buat tamu""",False,48,4200024,42,"[""jam xxxnumberxxx lama bangett ! mau ngabisin kuota malem xxxuserxxx neh ! gabisa apa kuota malemnya di ganti jadi kuota siang"", ""cek dm coba xxxuserxxx dari tadi komplen ngga ada respon , pulsa udah kepotong kena tarif per kb"", ""maaf min mau nanya apakah bener ini nomor dari gojek ? + xxxnumberxxx"", ""hai jnt xxxuserxxx mau tanya dong kenapa paket yg saya kirim masih gini aja ya mohon pencerahannya"", ""lha gimana bos . urgen . telopon ke xxxnumberxxx nunggu lama bgt , giliran udh nyambung cs nanyanya panjang x lebar keburu habis pulsa masalah gak kelar .""]",False,5,1531,23,False,84
google/gemma-3-4b-it,formal,informal,hybrid_early,0.3,"admin , mohon info resi id191432841909e ! karena tujuan pengiriman harusnya banjarbaru , tapi dipindahkan ke banjarmasin .","admin, info resi id191432841909e dong! seharusnya ke banjarbaru, malah dipindahin ke banjarmasin, kok ini?",False,50,4200025,42,"[""malam , mohon info paket saya sejak tanggal xxxnumberxxx tertahan dgn status itu . blm terkirim sampai sekarang , ada apa ya ?"", ""jb xxxphonexxx , sudah seminggu paket ngga nyampe , padahal masih dalam jakarta , ini malah dikirm ke surabaya buat apa coba ? jnt sistemnya gimana sih ?"", ""mau tanya no pesanan xxxnumberxxx kapan dikirimnya ya ? dari kemarin masih pengemasan blm berubah"", ""ka paket no resi ini xxxnumberxxx udah sampai dimana ya ?"", ""malam , saya mau mengembalikan barang krn salah kirim . diinfo harus upload bukti pengirimannya . uploadnya dimana ya ? makasih""]",False,5,1543,41,False,106
google/gemma-3-4b-it,formal,informal,hybrid_early,0.3,"lagi - lagi , babi , xxxuserxxx ! sebaiknya jangan dijual di pasaran saja . anjing ! malas aku . bangsat !","min , babi ! xxxuserxxx ! gak guna lagi , jual aja dah , anjing ! bangsat ! xxxnumberxxx !",True,52,4200026,42,"[""min , udh xxxnumberxxx hari ini saya mau gofood kok gak dapet driver terus ? apa aplikasi gojek lagi error ?"", ""jam xxxnumberxxx lama bangett ! mau ngabisin kuota malem xxxuserxxx neh ! gabisa apa kuota malemnya di ganti jadi kuota siang"", ""masalahnya akun driver bisa bisanya kena bajak . tidak ada pilihan cancel , karena itu yang buat mbak ini ketipu , bang jek ! xxxnumberxxx ! xxxnumberxxx ! xxxnumberxxx ! xxxnumberxxx ! xxxnumberxxx !"", ""maaf min mau nanya apakah bener ini nomor dari gojek ? + xxxnumberxxx"", ""jp xxxphonexxx min tolong dong ini paket saya ga nyampe nyampe , padahal ngirim sesama jakarta bisa xxxnumberxxx harian .""]",False,5,1590,29,False,90
google/gemma-3-4b-it,formal,informal,hybrid_early,0.3,"hai , kak . untuk kendala kamu , sudah admin balas di xxxuserxxx . silahkan diperiksa . - mh","halo kak , udah di bales di dm nih , cek ya - mh",False,54,4200027,42,"[""admin , kok dm saya belum di respon - respon ya ? sudah xxxnumberxxx hari nih min"", ""malam , mohon info paket saya sejak tanggal xxxnumberxxx tertahan dgn status itu . blm terkirim sampai sekarang , ada apa ya ?"", ""maaf min mau nanya apakah bener ini nomor dari gojek ? + xxxnumberxxx"", ""halo gojek tolong masalah di selesai kan . dan xxxuserxxx sy udah follow up lg ya ini ."", ""halo xxxuserxxx sudah dibales kembali ya dmnya isi penjelasan saya . mohon dicek kembali . trims""]",False,5,1412,15,False,48
google/gemma-3-4b-it,formal,informal,hybrid_early,0.3,aduh . padahal sudah banyak aplikasi antar makanan semacam,"""weh , kok gini sih , udah banyak aplikasi pesan makanan gitu-gitu aja""",True,56,4200028,42,"[""min , udh xxxnumberxxx hari ini saya mau gofood kok gak dapet driver terus ? apa aplikasi gojek lagi error ?"", ""cek dm coba xxxuserxxx dari tadi komplen ngga ada respon , pulsa udah kepotong kena tarif per kb"", ""lha gimana bos . urgen . telopon ke xxxnumberxxx nunggu lama bgt , giliran udh nyambung cs nanyanya panjang x lebar keburu habis pulsa masalah gak kelar ."", ""ni paket napa gagal kirim min ?"", ""halo xxxuserxxx , aplikasi grab di iphone se saya kok jadi berat banget ya apalagi kalau pesan grabfood suka ngehang .""]",False,5,1426,20,False,71
google/gemma-3-4b-it,formal,informal,hybrid_early,0.3,"selamat pagi . saya mau bertanya untuk pelaporan penipuan toko online yang menggunakan bank bni , apa bisa secara online ?","“selamat pagi , mau tanya nih , bisa gak lapor penipuan toko online pake bni secara online ya?”",False,58,4200029,42,"[""saya mau tanya , ini saya mau beli paket yellow kenapa sama xxxnumberxxx tidak direspon / tidak dibalas"", ""pengembalian saldo karena gagal penarikan membutuhkan waktu berapa lama ya ? saya sudah laporan xxxnumberxxx hari kerja sampai skr masih proses ditindak lanjuti terus"", ""oh ya mandiri online , tolong min knp saat proses masuk baru tak dpt sms"", ""minta pencerahan nya hu . kok saldo ga msk ya , xxxnumberxxx trip xxxnumberxxx . ada apa kah ini"", ""tadi saya topup ke shopee pay , sudah berhasil tapi kok di aplikasi tetep xxxnumberxxx ya ? tolong baca dm saya ya . terimakasih""]",False,5,1548,27,False,95
google/gemma-3-4b-it,formal,informal,hybrid_early,0.3,"ini sama seperti barang yang ku beli di gmarket , dikirim tanggal xxxnumberxxx juga statusnya tertahan terus sampai sekarang .","min, barang yang aku beli di gmarket, dikirim tanggal xxxnumberxxx, sama aja terus stuck sampe sekarang.",False,60,4200030,42,"[""malam , mohon info paket saya sejak tanggal xxxnumberxxx tertahan dgn status itu . blm terkirim sampai sekarang , ada apa ya ?"", ""sudah xxxnumberxxx hari , status belum juga berubah nih min . tadi udah telfon qc katanya cuma suruh nunggu"", ""grab paket hemat saya billingnya itu tgl xxxnumberxxx juli xxxnumberxxx sekarang aja udh agustus kok subscribe nya masih aktif ya ?"", ""min , jaringan xxxnumberxxx g dilokasi ini error . tolong dibantu cek dong . tks before"", ""kak , tadi coba mau beli pulsa telkomsel xxxnumberxxx xxxnumberxxx xxxnumberxxx k , tapi koq dibatalkan mulu ya ? apa stok nya lagi kosong ?""]",False,5,1578,26,False,104
google/gemma-3-4b-it,formal,informal,hybrid_early,0.3,"masih punya kuota , tapi kenapa pulsanya terpakai ya ?","""ini kenapa pulsa abis padahal masih ada kuota ya?""",False,62,4200031,42,"[""ini kenapa abis bayar pascabayar jadi gaada kuotanya ya ?"", ""ini masih gangguan sinyal xxxnumberxxx g ga bisa aktif datanya ?"", ""tolong dong xxxuserxxx dari kmaren sore jaringan nya full tapi nggak nyambung ke internet padahal kuota dah lumayan banyak"", ""ini kenapa lagi ya mau perpanjang internet ga bisa ? xxxnumberxxx juga ga bisa ?"", ""saya beli voucher fisik indosat xxxnumberxxx gb unlimited , tapi gagal terus kenapa ya ?""]",False,5,1326,17,False,51
google/gemma-3-4b-it,formal,informal,hybrid_early,0.3,"judul : di sini senang , di sana senang , pencipta : ibu sud","“di sini oke, di sana juga oke, pencipta: Ibu Sud”",False,64,4200032,42,"[""jb xxxphonexxx , sudah seminggu paket ngga nyampe , padahal masih dalam jakarta , ini malah dikirm ke surabaya buat apa coba ? jnt sistemnya gimana sih ?"", ""hallo min selamat pagi , no resi jp xxxphonexxx diperkiran bakal diterima hari ini . tapi malah di disimpan kalau ada alamat yang salah tolong diinfo kan ."", ""sudah kak , sudah saya ganti ke xxxnumberxxx g tp ttp susah"", ""tolong cek jb xxxphonexxx dr tgl xxxnumberxxx kok ga ada status lagi"", ""tolong dong xxxuserxxx dari kmaren sore jaringan nya full tapi nggak nyambung ke internet padahal kuota dah lumayan banyak""]",False,5,1478,19,False,50
google/gemma-3-4b-it,formal,informal,hybrid_early,0.3,"admin , jnt cipayung masih ada tidak ? tadi saya ke situ tapi tutup , padahal di google tulisannya buka .","“admin, JNT Cipayung udah tutup gak sih tadi? Padahal di Google tulisannya buka, kok tutup ya?”",False,66,4200033,42,"[""grab paket hemat saya billingnya itu tgl xxxnumberxxx juli xxxnumberxxx sekarang aja udh agustus kok subscribe nya masih aktif ya ?"", ""sudah kak , sudah saya ganti ke xxxnumberxxx g tp ttp susah"", ""maaf min mau nanya apakah bener ini nomor dari gojek ? + xxxnumberxxx"", ""malam , mohon info paket saya sejak tanggal xxxnumberxxx tertahan dgn status itu . blm terkirim sampai sekarang , ada apa ya ?"", ""sama kayak saya pak paket saya gak saya terima claim gak jelas kapan hasilnya , jangan tunggu ini menyebar ya !""]",False,5,1462,28,False,95
google/gemma-3-4b-it,formal,informal,hybrid_early,0.3,kenapa mau mengaktifkan paket tidak bisa ?,“Kenapa nih mau aktif paketnya gak bisa ya?”,False,68,4200034,42,"[""ini kenapa lagi ya mau perpanjang internet ga bisa ? xxxnumberxxx juga ga bisa ?"", ""dear indosat , sy mau isi paketan , tetapi kenapa tidak bisa ya , sudah sejak jam xxxnumberxxx tadi , pulsa sdh masuk tapi tdk bisa aktip"", ""kak gimana nih saya daftar paket yellow gak bisa bisa"", ""ini masih gangguan sinyal xxxnumberxxx g ga bisa aktif datanya ?"", ""halo min , cara cek riwayat pengisian pulsa gimana ya ?""]",False,5,1292,14,False,44
google/gemma-3-4b-it,formal,informal,hybrid_early,0.3,"halo xxxuserxxx . apakah sedang ada gangguan ? khususnya jaringan xxxnumberxxx g lambat , bahkan tidak bisa digunakan . saya di duri kosambi , cengkareng , jakarta barat .","“eh min, kok jaringannya lama banget ya? xxxxxnumberxxx, gak bisa sih. lagi di duren kosambi, cengkareng, jakbar.”",True,70,4200035,42,"[""maaf min mau nanya apakah bener ini nomor dari gojek ? + xxxnumberxxx"", ""tolong dong xxxuserxxx dari kmaren sore jaringan nya full tapi nggak nyambung ke internet padahal kuota dah lumayan banyak"", ""sore min , ini ada keluhan nomer saya pulsa kesedot terus , padahal tidak berlangganan paket apapun . tolong di cek min + xxxnumberxxx xxxnumberxxx - xxxnumberxxx - xxxnumberxxx"", ""dear indosat , sy mau isi paketan , tetapi kenapa tidak bisa ya , sudah sejak jam xxxnumberxxx tadi , pulsa sdh masuk tapi tdk bisa aktip"", ""ini kenapa lagi ya mau perpanjang internet ga bisa ? xxxnumberxxx juga ga bisa ?""]",False,5,1617,37,False,114
google/gemma-3-4b-it,formal,informal,hybrid_early,0.3,ios yang baru memang seperti ini ya ? kan saya jadi tidak bisa pamer kalau pakai .,"""kok iosnya gini sih ya? jadi gak bisa pake, soalnya.""",False,72,4200036,42,"[""iya kak terimakasih . tapi tadi sudah datang ke galeri indosatnya langsung . sudah normal lagi"", ""ini kenapa daritadi mau pake voucher gabisa terus yaa ? udah di update juga padahal"", ""halo min , saya mau mengnonaktifkan akun gojek saya mohon dicek dmnya . sedih nih udah dari kemarin nge - mention ga di respon"", ""halo xxxuserxxx , aplikasi grab di iphone se saya kok jadi berat banget ya apalagi kalau pesan grabfood suka ngehang ."", ""masalahnya akun driver bisa bisanya kena bajak . tidak ada pilihan cancel , karena itu yang buat mbak ini ketipu , bang jek ! xxxnumberxxx ! xxxnumberxxx ! xxxnumberxxx ! xxxnumberxxx ! xxxnumberxxx !""]",False,5,1564,18,False,54
google/gemma-3-4b-it,formal,informal,hybrid_early,0.3,"admin , menjual cilok yang seperti di tidak ?","admin, jual cilok yang kayaknya gak ada ya min?",False,74,4200037,42,"[""maaf min mau nanya apakah bener ini nomor dari gojek ? + xxxnumberxxx"", ""keuntungan xxxnumberxxx nya kok ga bisa ya min ?"", ""grab paket hemat saya billingnya itu tgl xxxnumberxxx juli xxxnumberxxx sekarang aja udh agustus kok subscribe nya masih aktif ya ?"", ""ngk ada perubahan min . keknya di kelapa gading emg susah sinyal xxxnumberxxx nya min ."", ""tadi saya topup ke shopee pay , sudah berhasil tapi kok di aplikasi tetep xxxnumberxxx ya ? tolong baca dm saya ya . terimakasih""]",False,5,1369,14,False,47
google/gemma-3-4b-it,formal,informal,hybrid_early,0.3,ini mengapa dari kemarin saya daftar paket yellow tidak bisa terdaftar ? mohon dibantu .,"halo , kenapa sih saya daftar paket yellow gak bisa ya ? tolong bantu dong",False,76,4200038,42,"[""saya mau tanya , ini saya mau beli paket yellow kenapa sama xxxnumberxxx tidak direspon / tidak dibalas"", ""malam , mohon info paket saya sejak tanggal xxxnumberxxx tertahan dgn status itu . blm terkirim sampai sekarang , ada apa ya ?"", ""kak gimana nih saya daftar paket yellow gak bisa bisa"", ""halo min saldo ovo ga muncul di grab , padahal nomor hp sudah sama . tolong cek dm ya min"", ""sudah kak , sudah saya ganti ke xxxnumberxxx g tp ttp susah""]",False,5,1379,18,False,74
google/gemma-3-4b-it,formal,informal,hybrid_early,0.3,"halo , kak . kita sama , akun saya yang satunya terkunci dan menunggu kodenya tidak sampai - sampai masa .","halo kak , akun saya satu juga terkunci nnti nunggu kode - nnti masa.",False,78,4200039,42,"[""malam , mohon info paket saya sejak tanggal xxxnumberxxx tertahan dgn status itu . blm terkirim sampai sekarang , ada apa ya ?"", ""halo min saldo ovo ga muncul di grab , padahal nomor hp sudah sama . tolong cek dm ya min"", ""halo min , cara cek riwayat pengisian pulsa gimana ya ?"", ""sudah kak , sudah saya ganti ke xxxnumberxxx g tp ttp susah"", ""iya kak terimakasih . tapi tadi sudah datang ke galeri indosatnya langsung . sudah normal lagi""]",False,5,1390,20,False,69
google/gemma-3-4b-it,formal,informal,hybrid_early,0.3,"admin , saya tidak bisa melakukan transaksi pembayaran tiket kereta api dari mbanking dan mandiri online , sedang bermasalahkah ?","admin , kok gax bisa bli transaksi tiket kereta dri mbanking ya , mandiri online juga gax , ada masalah gax min?",False,80,4200040,42,"[""dear indosat , sy mau isi paketan , tetapi kenapa tidak bisa ya , sudah sejak jam xxxnumberxxx tadi , pulsa sdh masuk tapi tdk bisa aktip"", ""oh ya mandiri online , tolong min knp saat proses masuk baru tak dpt sms"", ""grab paket hemat saya billingnya itu tgl xxxnumberxxx juli xxxnumberxxx sekarang aja udh agustus kok subscribe nya masih aktif ya ?"", ""halo min saldo ovo ga muncul di grab , padahal nomor hp sudah sama . tolong cek dm ya min"", ""malam , mohon info paket saya sejak tanggal xxxnumberxxx tertahan dgn status itu . blm terkirim sampai sekarang , ada apa ya ?""]",False,5,1545,26,False,112
google/gemma-3-4b-it,formal,informal,hybrid_early,0.3,"halo , kak . ini mengapa saya dari kemarin - kemarin tidak bisa memasukan kode promo ? semuanya baik grabfood , bike , car","“halo, min. kok dari kemarin susah banget masukin kode promo ya? grabfood, bike, car semuanya baik-baik aja sih.”",False,82,4200041,42,"[""min , udh xxxnumberxxx hari ini saya mau gofood kok gak dapet driver terus ? apa aplikasi gojek lagi error ?"", ""kenapa ya kode promo saya grabwae tidak bisa digunakan ? padahal sejak tgl xxxdatexxx ini saya belum pernah sekalipun pakai kode promo tersebut"", ""grab paket hemat saya billingnya itu tgl xxxnumberxxx juli xxxnumberxxx sekarang aja udh agustus kok subscribe nya masih aktif ya ?"", ""halo saya top up grab ovo lewat atm barusan tapi kok belum masuk ya ?"", ""maaf min mau nanya apakah bener ini nomor dari gojek ? + xxxnumberxxx""]",False,5,1503,31,False,113
google/gemma-3-4b-it,formal,informal,hybrid_early,0.3,"selamat malam , kak xxxuserxxx . bantuk periksa dm kami ya . terima kasih .","halo kak xxxuserxxx , mohon cek dm kami ya . makasih",False,84,4200042,42,"[""malam , mohon info paket saya sejak tanggal xxxnumberxxx tertahan dgn status itu . blm terkirim sampai sekarang , ada apa ya ?"", ""maaf min mau nanya apakah bener ini nomor dari gojek ? + xxxnumberxxx"", ""hai jnt xxxuserxxx mau tanya dong kenapa paket yg saya kirim masih gini aja ya mohon pencerahannya"", ""halo xxxuserxxx sudah dibales kembali ya dmnya isi penjelasan saya . mohon dicek kembali . trims"", ""sudah kak , sudah saya ganti ke xxxnumberxxx g tp ttp susah""]",False,5,1384,17,False,52
google/gemma-3-4b-it,formal,informal,hybrid_early,0.3,sama . saya pakai ovo waktu goride juga tidak bisa .,"min, ovo saya juga gak bisa pas waktu goride.",False,86,4200043,42,"[""halo min saldo ovo ga muncul di grab , padahal nomor hp sudah sama . tolong cek dm ya min"", ""saya mau tanya , ini saya mau beli paket yellow kenapa sama xxxnumberxxx tidak direspon / tidak dibalas"", ""malam , mohon info paket saya sejak tanggal xxxnumberxxx tertahan dgn status itu . blm terkirim sampai sekarang , ada apa ya ?"", ""sudah kak , sudah saya ganti ke xxxnumberxxx g tp ttp susah"", ""min , ini kenapa saya gak bisa sms ya ? saya mau konfirmasi pembelian paket gagal mulu sms nya drtd .""]",False,5,1391,13,False,45
google/gemma-3-4b-it,formal,informal,hybrid_early,0.3,"tadi pagi dicoba tetap tidak bisa , admin . sampai akhirnya ter - update sendiri . soalnya update - nya otomatis .","“tadi pagi coba, gak bisa apaya, min. adminnya update sendiri, soalnya otomatis update nya.”",False,88,4200044,42,"[""grab paket hemat saya billingnya itu tgl xxxnumberxxx juli xxxnumberxxx sekarang aja udh agustus kok subscribe nya masih aktif ya ?"", ""halo min , saya mau mengnonaktifkan akun gojek saya mohon dicek dmnya . sedih nih udah dari kemarin nge - mention ga di respon"", ""bos hari keberapa ini ga masuk2 kuota saya , sudah cukup sabar ya bos !"", ""malam , mohon info paket saya sejak tanggal xxxnumberxxx tertahan dgn status itu . blm terkirim sampai sekarang , ada apa ya ?"", ""akun sy disuspend gara2 saya cancel terus . padahal saya buru2 dan dapatnya driver ganjil terus di hari yang genap . mohon dm saya ya""]",False,5,1562,26,False,92
google/gemma-3-4b-it,formal,informal,hybrid_early,0.3,"halo xxxuserxxx . jika saya ingin meningkatkan paket kartu halo saya , apakah harus datang ke grapari ? ataukah bisa dilakukan via online ?","halo xxxuserxxx . kalau mau ganti paket kartu halo , harus ke grapari apa bisa lewat online ya?",False,90,4200045,42,"[""min kalau mau buat nomer kartu halo baru yang xxxnumberxxx itu bagaimana prosedur dan biayanya ?"", ""dear indosat , sy mau isi paketan , tetapi kenapa tidak bisa ya , sudah sejak jam xxxnumberxxx tadi , pulsa sdh masuk tapi tdk bisa aktip"", ""halo mas / mba xxxuserxxx ini nomor halo saya udah xxxnumberxxx hari gak bisa dipake . rugi dong bayar tagihan doang tapi gak kepake ~"", ""halo xxxuserxxx gimana ya caranya kontak driver utk kirim paket same day xxxnumberxxx hours ? sama sekali gabisa ngirim nih . makasih"", ""jb xxxphonexxx , sudah seminggu paket ngga nyampe , padahal masih dalam jakarta , ini malah dikirm ke surabaya buat apa coba ? jnt sistemnya gimana sih ?""]",False,5,1653,24,False,95
google/gemma-3-4b-it,formal,informal,hybrid_early,0.3,"saya baru saja ditransfer oleh kakak ke rekening bca saya , tapi mengapa tidak masuk , admin ? mohon solusinya .","min, ini kenapa transfer dari kakak ke rekening BCA saya gak masuk ya? admin, tolong bantu solutinya.",False,92,4200046,42,"[""malam , mohon info paket saya sejak tanggal xxxnumberxxx tertahan dgn status itu . blm terkirim sampai sekarang , ada apa ya ?"", ""dear indosat , sy mau isi paketan , tetapi kenapa tidak bisa ya , sudah sejak jam xxxnumberxxx tadi , pulsa sdh masuk tapi tdk bisa aktip"", ""saya mau tanya , ini saya mau beli paket yellow kenapa sama xxxnumberxxx tidak direspon / tidak dibalas"", ""maaf min mau nanya apakah bener ini nomor dari gojek ? + xxxnumberxxx"", ""min , ini kenapa saya gak bisa sms ya ? saya mau konfirmasi pembelian paket gagal mulu sms nya drtd .""]",False,5,1509,25,False,101
google/gemma-3-4b-it,formal,informal,hybrid_early,0.3,"admin , mau bertanya . kalau produk tidak ada ikon tambah keranjang atau beli itu kenapa ? padahal tidak ada keterangan stok kosong .","admin , kok gak ada tombol + atau beli buat produknya ya min? padahal stoknya gak kosong nih.",False,94,4200047,42,"[""min , udh xxxnumberxxx hari ini saya mau gofood kok gak dapet driver terus ? apa aplikasi gojek lagi error ?"", ""malam , mohon info paket saya sejak tanggal xxxnumberxxx tertahan dgn status itu . blm terkirim sampai sekarang , ada apa ya ?"", ""halo min saldo ovo ga muncul di grab , padahal nomor hp sudah sama . tolong cek dm ya min"", ""ini kenapa daritadi mau pake voucher gabisa terus yaa ? udah di update juga padahal"", ""mau tanya no pesanan xxxnumberxxx kapan dikirimnya ya ? dari kemarin masih pengemasan blm berubah""]",False,5,1497,24,False,93
google/gemma-3-4b-it,formal,informal,hybrid_early,0.3,ini mengapa kuota malam saya tidak bisa dipakai ?,"""ini kenapa kuota malem gue gak bisa dipake ya? udah kok""",False,96,4200048,42,"[""tolong dong xxxuserxxx dari kmaren sore jaringan nya full tapi nggak nyambung ke internet padahal kuota dah lumayan banyak"", ""ini masih gangguan sinyal xxxnumberxxx g ga bisa aktif datanya ?"", ""cek dm coba xxxuserxxx dari tadi komplen ngga ada respon , pulsa udah kepotong kena tarif per kb"", ""dear indosat , sy mau isi paketan , tetapi kenapa tidak bisa ya , sudah sejak jam xxxnumberxxx tadi , pulsa sdh masuk tapi tdk bisa aktip"", ""selamat malam xxxuserxxx mau tanya , kenapa bonus kuota aplikasi nya gak bisa di pake ? malah kesedot terus kuota utama nya . terimakasih""]",False,5,1466,19,False,57
google/gemma-3-4b-it,formal,informal,hybrid_early,0.3,selamat malam . saya mau bertanya . mobile banking saya tiba - tiba terblokir . mengapa ya ?,"maaf min , mobile banking gue tiba2 blokir , kenapa ya?",False,98,4200049,42,"[""udah xxxnumberxxx menit stuck gini terus , padahal koneksi internet saya normal . tolong di bantu"", ""dear indosat , sy mau isi paketan , tetapi kenapa tidak bisa ya , sudah sejak jam xxxnumberxxx tadi , pulsa sdh masuk tapi tdk bisa aktip"", ""saya mau tanya , ini saya mau beli paket yellow kenapa sama xxxnumberxxx tidak direspon / tidak dibalas"", ""minta pencerahan nya hu . kok saldo ga msk ya , xxxnumberxxx trip xxxnumberxxx . ada apa kah ini"", ""maaf min no saya tidak bisa dipakai internet , nelpon dll . mohon ditanggapi dm saya""]",False,5,1470,16,False,55
google/gemma-3-4b-it,formal,informal,hybrid_early,0.3,"oke . demi anda dan demi anda yang kode itu , saya pantau terus . tapi jangan beri harapan palsu . saya tidak suka .","“Baiklah, saya pantau terus, demi kamu dan kode itu. Tapi jangan kasih harapan palsu, saya nggak suka.”",False,100,4200050,42,"[""saya mau tanya , ini saya mau beli paket yellow kenapa sama xxxnumberxxx tidak direspon / tidak dibalas"", ""hallo min selamat pagi , no resi jp xxxphonexxx diperkiran bakal diterima hari ini . tapi malah di disimpan kalau ada alamat yang salah tolong diinfo kan ."", ""malam , mohon info paket saya sejak tanggal xxxnumberxxx tertahan dgn status itu . blm terkirim sampai sekarang , ada apa ya ?"", ""sore min , ini ada keluhan nomer saya pulsa kesedot terus , padahal tidak berlangganan paket apapun . tolong di cek min + xxxnumberxxx xxxnumberxxx - xxxnumberxxx - xxxnumberxxx"", ""baiklah , terimakasih . tapi saya kan tidak sedang berlangganan apa - apa tapi kenapa pulsa saya kesedot ya min ? kira - kira bagaimana ya mengeceknya ? sebelumnya tidak pernah""]",False,5,1714,28,False,103
google/gemma-3-4b-it,formal,informal,hybrid_early,0.3,"lihat , admin , sampai saya nyalakan notifikasinya . pokoknya segalanya untuk anda .","min, tolong cek ya nih, udah lama banget gak ada notif, pokoknya semua buat kamu aja nih.",False,102,4200051,42,"[""malam , mohon info paket saya sejak tanggal xxxnumberxxx tertahan dgn status itu . blm terkirim sampai sekarang , ada apa ya ?"", ""selamat sore , sudah sy dm ya min . jadi bagaimana ya ?"", ""min , ini kenapa saya gak bisa sms ya ? saya mau konfirmasi pembelian paket gagal mulu sms nya drtd ."", ""selamat malam , tolong cek dm ya min , kiriman paket saya blm di kirim ."", ""ini min minta tolong di cek sudah sampe mana . masa sudah xxxnumberxxx minggu blm sampe . tolong banget min di update smp mana""]",False,5,1425,25,False,89
google/gemma-3-4b-it,formal,informal,hybrid_early,0.3,"admin , ini bagaimana saya setiap transfer ke rekening ovo , tapi tidak pernah masuk ke grab - nya ?","“admin, kok transfer ke rekening ovo nggak masuk ke grab sih, tiap hari?”",False,104,4200052,42,"[""halo saya top up grab ovo lewat atm barusan tapi kok belum masuk ya ?"", ""grab paket hemat saya billingnya itu tgl xxxnumberxxx juli xxxnumberxxx sekarang aja udh agustus kok subscribe nya masih aktif ya ?"", ""malam , mohon info paket saya sejak tanggal xxxnumberxxx tertahan dgn status itu . blm terkirim sampai sekarang , ada apa ya ?"", ""dear indosat , sy mau isi paketan , tetapi kenapa tidak bisa ya , sudah sejak jam xxxnumberxxx tadi , pulsa sdh masuk tapi tdk bisa aktip"", ""maaf min mau nanya apakah bener ini nomor dari gojek ? + xxxnumberxxx""]",False,5,1493,19,False,73
google/gemma-3-4b-it,formal,informal,hybrid_early,0.3,"tidak berani , takut pengemudinya kena masalah .","“kok gak dapet driver, min? takutnya pengemudinya bermasalah ya…”",False,106,4200053,42,"[""masalahnya akun driver bisa bisanya kena bajak . tidak ada pilihan cancel , karena itu yang buat mbak ini ketipu , bang jek ! xxxnumberxxx ! xxxnumberxxx ! xxxnumberxxx ! xxxnumberxxx ! xxxnumberxxx !"", ""akun sy disuspend gara2 saya cancel terus . padahal saya buru2 dan dapatnya driver ganjil terus di hari yang genap . mohon dm saya ya"", ""min , udh xxxnumberxxx hari ini saya mau gofood kok gak dapet driver terus ? apa aplikasi gojek lagi error ?"", ""halo xxxuserxxx , aplikasi grab di iphone se saya kok jadi berat banget ya apalagi kalau pesan grabfood suka ngehang ."", ""maaf min mau nanya apakah bener ini nomor dari gojek ? + xxxnumberxxx""]",False,5,1537,22,False,65
google/gemma-3-4b-it,formal,informal,hybrid_early,0.3,"tolong smartfren sinyalnya diperbagus sedikit kenapa . kadang bisa xxxnumberxxx atau xxxnumberxxx sinyal , bahkan sampai x .","“min, tolong sinyal smartfrennya di-upgrade dikit ya, kadang sinyalnya gak stabil, xxxnumberxxx atau xxxnumberxxx, bahkan sampai x.”",False,108,4200054,42,"[""saya mau tanya , ini saya mau beli paket yellow kenapa sama xxxnumberxxx tidak direspon / tidak dibalas"", ""ini kenapa lagi ya mau perpanjang internet ga bisa ? xxxnumberxxx juga ga bisa ?"", ""sore min , ini ada keluhan nomer saya pulsa kesedot terus , padahal tidak berlangganan paket apapun . tolong di cek min + xxxnumberxxx xxxnumberxxx - xxxnumberxxx - xxxnumberxxx"", ""ini masih gangguan sinyal xxxnumberxxx g ga bisa aktif datanya ?"", ""dear indosat , sy mau isi paketan , tetapi kenapa tidak bisa ya , sudah sejak jam xxxnumberxxx tadi , pulsa sdh masuk tapi tdk bisa aktip""]",False,5,1546,39,False,132
google/gemma-3-4b-it,formal,informal,hybrid_early,0.3,"tidak tahu . sebal mayo . iya , nanti saya mau laporkan ke pusat bantuan saja . di sini juga tidak diperdulikan .","“kok nggak tahu sih. kesel banget. iya, nanti aku lapirin ke pusat bantuan aja ya. di sini juga nggak ada yang peduli.”",True,110,4200055,42,"[""hallo min selamat pagi , no resi jp xxxphonexxx diperkiran bakal diterima hari ini . tapi malah di disimpan kalau ada alamat yang salah tolong diinfo kan ."", ""baiklah , terimakasih . tapi saya kan tidak sedang berlangganan apa - apa tapi kenapa pulsa saya kesedot ya min ? kira - kira bagaimana ya mengeceknya ? sebelumnya tidak pernah"", ""malam , mohon info paket saya sejak tanggal xxxnumberxxx tertahan dgn status itu . blm terkirim sampai sekarang , ada apa ya ?"", ""saya mau tanya , ini saya mau beli paket yellow kenapa sama xxxnumberxxx tidak direspon / tidak dibalas"", ""sama kayak saya pak paket saya gak saya terima claim gak jelas kapan hasilnya , jangan tunggu ini menyebar ya !""]",False,5,1645,32,False,119
google/gemma-3-4b-it,formal,informal,hybrid_early,0.3,"hai . mengapa internet saya lambat , padahal saya membeli kuota tak terbatas , tak terbatas segalanya bisa lambat begitu ?","“eh, kok internetnya lama banget sih, padahal beli kuota unlimited segala bisa lama gitu?”",False,112,4200056,42,"[""ini kenapa lagi ya mau perpanjang internet ga bisa ? xxxnumberxxx juga ga bisa ?"", ""sore min , ini ada keluhan nomer saya pulsa kesedot terus , padahal tidak berlangganan paket apapun . tolong di cek min + xxxnumberxxx xxxnumberxxx - xxxnumberxxx - xxxnumberxxx"", ""dear indosat , sy mau isi paketan , tetapi kenapa tidak bisa ya , sudah sejak jam xxxnumberxxx tadi , pulsa sdh masuk tapi tdk bisa aktip"", ""baiklah , terimakasih . tapi saya kan tidak sedang berlangganan apa - apa tapi kenapa pulsa saya kesedot ya min ? kira - kira bagaimana ya mengeceknya ? sebelumnya tidak pernah"", ""grab paket hemat saya billingnya itu tgl xxxnumberxxx juli xxxnumberxxx sekarang aja udh agustus kok subscribe nya masih aktif ya ?""]",False,5,1684,23,False,90
google/gemma-3-4b-it,formal,informal,hybrid_early,0.3,"selamat sore admin . saya mau pesan tiket ka via web tetapi selalu tertulis , "" terjadi kesalahan pada sistem "" mohon solusinya . terima kasih .","selamat sore admin , ini kenapa pas mau pesen tiket via web selalu muncul “terjadi kesalahan pada sistem” ya min mohon di bantu solusinya terima kasih.",True,114,4200057,42,"[""malam , mohon info paket saya sejak tanggal xxxnumberxxx tertahan dgn status itu . blm terkirim sampai sekarang , ada apa ya ?"", ""min , ini kenapa saya gak bisa sms ya ? saya mau konfirmasi pembelian paket gagal mulu sms nya drtd ."", ""maaf min mau nanya apakah bener ini nomor dari gojek ? + xxxnumberxxx"", ""selamat malam , tolong cek dm ya min , kiriman paket saya blm di kirim ."", ""ini min minta tolong di cek sudah sampe mana . masa sudah xxxnumberxxx minggu blm sampe . tolong banget min di update smp mana""]",False,5,1499,36,False,151
google/gemma-3-4b-it,formal,informal,hybrid_early,0.3,"sinyal xxxnumberxxx g beberapa hari ini kok sangat sampah ? tidak stabil , lambat . ada apakah ?","“sinyalnya kok udah jelek banget beberapa hari ini, gak stabil sama aja, lama banget. ada masalah ya?”",False,116,4200058,42,"[""ini masih gangguan sinyal xxxnumberxxx g ga bisa aktif datanya ?"", ""malam , mohon info paket saya sejak tanggal xxxnumberxxx tertahan dgn status itu . blm terkirim sampai sekarang , ada apa ya ?"", ""udah xxxnumberxxx menit stuck gini terus , padahal koneksi internet saya normal . tolong di bantu"", ""sore min , ini ada keluhan nomer saya pulsa kesedot terus , padahal tidak berlangganan paket apapun . tolong di cek min + xxxnumberxxx xxxnumberxxx - xxxnumberxxx - xxxnumberxxx"", ""sudah kak , sudah saya ganti ke xxxnumberxxx g tp ttp susah""]",False,5,1480,27,False,102
google/gemma-3-4b-it,formal,informal,hybrid_early,0.3,"admin , kode promo ovopayday di app saya mengapa tidak muncul ?","admin, promo ovopayday di app kok gak muncul ya?",True,118,4200059,42,"[""halo min saldo ovo ga muncul di grab , padahal nomor hp sudah sama . tolong cek dm ya min"", ""malam , mohon info paket saya sejak tanggal xxxnumberxxx tertahan dgn status itu . blm terkirim sampai sekarang , ada apa ya ?"", ""jb xxxphonexxx , sudah seminggu paket ngga nyampe , padahal masih dalam jakarta , ini malah dikirm ke surabaya buat apa coba ? jnt sistemnya gimana sih ?"", ""cek dm coba xxxuserxxx dari tadi komplen ngga ada respon , pulsa udah kepotong kena tarif per kb"", ""grab paket hemat saya billingnya itu tgl xxxnumberxxx juli xxxnumberxxx sekarang aja udh agustus kok subscribe nya masih aktif ya ?""]",False,5,1519,15,False,48
google/gemma-3-4b-it,formal,informal,hybrid_early,0.3,kenapa beli pulsa ini tidak juga dikonfirmasi operator ? pulsa belum masuk .,“kok beli paket gak ada konfirmasi dari operator sih? pulsa juga belum masuk.”,False,120,4200060,42,"[""saya belipaket rp . xxxnumberxxx rb tapi kok tidak masuk ya ? padahal pulsanya udh kepotong"", ""min , ini kenapa saya gak bisa sms ya ? saya mau konfirmasi pembelian paket gagal mulu sms nya drtd ."", ""malam , mohon info paket saya sejak tanggal xxxnumberxxx tertahan dgn status itu . blm terkirim sampai sekarang , ada apa ya ?"", ""grab paket hemat saya billingnya itu tgl xxxnumberxxx juli xxxnumberxxx sekarang aja udh agustus kok subscribe nya masih aktif ya ?"", ""ini kenapa lagi ya mau perpanjang internet ga bisa ? xxxnumberxxx juga ga bisa ?""]",False,5,1466,20,False,78
google/gemma-3-4b-it,formal,informal,hybrid_early,0.3,tolong respons dm saya . terima kasih .,min tolong cek dm saya . terima kasih,False,122,4200061,42,"[""min tolong cek dm ya . terima kasih"", ""min tolong cek dm ya . makasiih"", ""selamat malam , tolong cek dm ya min , kiriman paket saya blm di kirim ."", ""mohon cek dm saya , terima kasih"", ""sudah saya dm min , mohon di cek""]",False,5,1102,11,False,37
google/gemma-3-4b-it,formal,informal,hybrid_early,0.3,"admin , ini layanan grabfood di semarang apakah sedang masalah atau bagaimana ? dari kemarin pesan tidak bisa - bisa . tulisannya pengemudi sibuk semua .","""admin, grabfood semarang lagi error apa ya? dari kemarin order gak bisa, tulisannya driver sibuk semua.""",True,124,4200062,42,"[""min , udh xxxnumberxxx hari ini saya mau gofood kok gak dapet driver terus ? apa aplikasi gojek lagi error ?"", ""halo min , saya mau mengnonaktifkan akun gojek saya mohon dicek dmnya . sedih nih udah dari kemarin nge - mention ga di respon"", ""grab paket hemat saya billingnya itu tgl xxxnumberxxx juli xxxnumberxxx sekarang aja udh agustus kok subscribe nya masih aktif ya ?"", ""halo min saldo ovo ga muncul di grab , padahal nomor hp sudah sama . tolong cek dm ya min"", ""maaf min mau nanya apakah bener ini nomor dari gojek ? + xxxnumberxxx""]",False,5,1537,27,False,105
google/gemma-3-4b-it,formal,informal,hybrid_early,0.3,katanya beli chatime cashback xxxpercentxxx . habis transaksi saldo bonusnya kosong .,"""kok ya cashback Chatime nya gak bisa dipake xxxuserxxx , pas transaksi saldo bonusnya kosong nih.""",False,126,4200063,42,"[""halo mas / mba xxxuserxxx ini nomor halo saya udah xxxnumberxxx hari gak bisa dipake . rugi dong bayar tagihan doang tapi gak kepake ~"", ""cek dm coba xxxuserxxx dari tadi komplen ngga ada respon , pulsa udah kepotong kena tarif per kb"", ""selamat malam xxxuserxxx mau tanya , kenapa bonus kuota aplikasi nya gak bisa di pake ? malah kesedot terus kuota utama nya . terimakasih"", ""grab paket hemat saya billingnya itu tgl xxxnumberxxx juli xxxnumberxxx sekarang aja udh agustus kok subscribe nya masih aktif ya ?"", ""kenapa ya kode promo saya grabwae tidak bisa digunakan ? padahal sejak tgl xxxdatexxx ini saya belum pernah sekalipun pakai kode promo tersebut""]",False,5,1587,25,False,99
google/gemma-3-4b-it,formal,informal,hybrid_early,0.3,"admin , saya punya paketan telepon xxxnumberxxx x24 jam tapi barusan dipakai malah pulsa saya yang terpotong . tolong bantuannya untuk dikembalikan pulsanya .","min, paket 24 jam gue tadi abis malah pulsa kebuang. tolong di-balik ya pulsaneg.",False,128,4200064,42,"[""dear indosat , sy mau isi paketan , tetapi kenapa tidak bisa ya , sudah sejak jam xxxnumberxxx tadi , pulsa sdh masuk tapi tdk bisa aktip"", ""malam , mohon info paket saya sejak tanggal xxxnumberxxx tertahan dgn status itu . blm terkirim sampai sekarang , ada apa ya ?"", ""sore min , ini ada keluhan nomer saya pulsa kesedot terus , padahal tidak berlangganan paket apapun . tolong di cek min + xxxnumberxxx xxxnumberxxx - xxxnumberxxx - xxxnumberxxx"", ""saya mau tanya , ini saya mau beli paket yellow kenapa sama xxxnumberxxx tidak direspon / tidak dibalas"", ""jp xxxphonexxx min tolong dong ini paket saya ga nyampe nyampe , padahal ngirim sesama jakarta bisa xxxnumberxxx harian .""]",False,5,1683,29,False,81
google/gemma-3-4b-it,formal,informal,hybrid_early,0.3,"kak , saya pesan grabfood . tapi makanan yang datang tidak sesuai dengan yang saya pesan dan yang saya bayar kak .","min, grabfood pesenannya gak sesuai yg dtg, padahal udah bayar min.",False,130,4200065,42,"[""min , udh xxxnumberxxx hari ini saya mau gofood kok gak dapet driver terus ? apa aplikasi gojek lagi error ?"", ""halo saya top up grab ovo lewat atm barusan tapi kok belum masuk ya ?"", ""halo min saldo ovo ga muncul di grab , padahal nomor hp sudah sama . tolong cek dm ya min"", ""min , tolong bantuannya . gojek instant nelponin saya terus nanya supaya diselesaikan transaksinya . biasanya otomatis kan ?"", ""grab ada kode promo utk grab send terbaru ga ? kok yg antarjkt eired ya""]",False,5,1436,22,False,67
google/gemma-3-4b-it,formal,informal,hybrid_early,0.3,tolong cek dm lagi admin .,"min, tolong cek dm lagi ya",False,132,4200066,42,"[""min cek dm saya lagi yaa"", ""sudah saya dm min , mohon di cek"", ""udah min , tolong cek dm ya"", ""min tolong cek dm ya . makasiih"", ""halo min , saya mau mengnonaktifkan akun gojek saya mohon dicek dmnya . sedih nih udah dari kemarin nge - mention ga di respon""]",False,5,1127,10,False,26
google/gemma-3-4b-it,formal,informal,hybrid_early,0.3,hai kak . mohon cek dm .,"min, tolong cek dm ya. terimakasih",False,134,4200067,42,"[""sudah saya dm min , mohon di cek"", ""udah min , tolong cek dm ya"", ""min tolong cek dm ya . makasiih"", ""min tolong cek dm ya . terima kasih"", ""selamat siang kak , mohon dicek saya mengirimkan dm . terimakasih""]",False,5,1075,14,False,34
google/gemma-3-4b-it,formal,informal,hybrid_early,0.3,"saya mau tanya admin . saya kan terbilang nasabah baru , apakah bisa tarik tunai di atm mandiri syariah ?","“permisi admin, saya pembeli baru nih, bisa menarik uang tunai lewat atm mandiri syariah nggak ya?”",False,136,4200068,42,"[""halo saya top up grab ovo lewat atm barusan tapi kok belum masuk ya ?"", ""dear indosat , sy mau isi paketan , tetapi kenapa tidak bisa ya , sudah sejak jam xxxnumberxxx tadi , pulsa sdh masuk tapi tdk bisa aktip"", ""saya mau tanya , apa nomor rekening yan sudah tidak di tambah saldo selama xxxnumberxxx tahun masih aktif / di gunakan"", ""oh ya mandiri online , tolong min knp saat proses masuk baru tak dpt sms"", ""pengembalian saldo karena gagal penarikan membutuhkan waktu berapa lama ya ? saya sudah laporan xxxnumberxxx hari kerja sampai skr masih proses ditindak lanjuti terus""]",False,5,1528,27,False,99
google/gemma-3-4b-it,formal,informal,hybrid_early,0.3,"iya , di mandiri onlinenya saldo terpotong , cuma biasanya kan dapat email . ini tidak masuk email .","""iya , di mandiri onlinenya saldo sya terpotong , tp biasanya kan dpt email . ini gak masuk email sih .""",False,138,4200069,42,"[""oh ya mandiri online , tolong min knp saat proses masuk baru tak dpt sms"", ""tadi saya topup ke shopee pay , sudah berhasil tapi kok di aplikasi tetep xxxnumberxxx ya ? tolong baca dm saya ya . terimakasih"", ""grab paket hemat saya billingnya itu tgl xxxnumberxxx juli xxxnumberxxx sekarang aja udh agustus kok subscribe nya masih aktif ya ?"", ""saya kirim uang , kenapa tidak masuk ? padahal status berhasil dan saldo sya terpotong"", ""min , ini kenapa saya gak bisa sms ya ? saya mau konfirmasi pembelian paket gagal mulu sms nya drtd .""]",False,5,1479,30,False,104
google/gemma-3-4b-it,formal,informal,hybrid_early,0.3,"kepada xxxuserxxx , sinyal daerah tempat ini harap diperhatikan . kelihatannya perlu pemeliharaan ( khususnya di belakang gardu induk pln ) perumnas xxxnumberxxx .","min, sinyal di daerah sini kayaknya bermasalah nih, terutama di belakang gardu PLN Perumnas xxxnumberxxx. tolong di cek ya, min. tks b4.",True,140,4200070,42,"[""sore min , ini ada keluhan nomer saya pulsa kesedot terus , padahal tidak berlangganan paket apapun . tolong di cek min + xxxnumberxxx xxxnumberxxx - xxxnumberxxx - xxxnumberxxx"", ""min , jaringan xxxnumberxxx g dilokasi ini error . tolong dibantu cek dong . tks before"", ""tolong dong xxxuserxxx dari kmaren sore jaringan nya full tapi nggak nyambung ke internet padahal kuota dah lumayan banyak"", ""dear indosat , sy mau isi paketan , tetapi kenapa tidak bisa ya , sudah sejak jam xxxnumberxxx tadi , pulsa sdh masuk tapi tdk bisa aktip"", ""jp xxxphonexxx min tolong dong ini paket saya ga nyampe nyampe , padahal ngirim sesama jakarta bisa xxxnumberxxx harian .""]",False,5,1668,42,False,136
google/gemma-3-4b-it,formal,informal,hybrid_early,0.3,kakak . mengapa padahal saya memakai nomor ini kok tidak bisa ?,"kak, kenapa ya kok gak bisa sih?",False,142,4200071,42,"[""sudah kak , sudah saya ganti ke xxxnumberxxx g tp ttp susah"", ""saya mau tanya , ini saya mau beli paket yellow kenapa sama xxxnumberxxx tidak direspon / tidak dibalas"", ""kak gimana nih saya daftar paket yellow gak bisa bisa"", ""iya kak terimakasih . tapi tadi sudah datang ke galeri indosatnya langsung . sudah normal lagi"", ""dear indosat , sy mau isi paketan , tetapi kenapa tidak bisa ya , sudah sejak jam xxxnumberxxx tadi , pulsa sdh masuk tapi tdk bisa aktip""]",False,5,1370,10,False,32
google/gemma-3-4b-it,formal,informal,hybrid_early,0.3,benar - benar dipermainkan kelangsungan hidupku .,"""parah banget , udah dipertanganan terus kelangsungan hidupku.""",False,144,4200072,42,"[""sudah kak , sudah saya ganti ke xxxnumberxxx g tp ttp susah"", ""hallo min selamat pagi , no resi jp xxxphonexxx diperkiran bakal diterima hari ini . tapi malah di disimpan kalau ada alamat yang salah tolong diinfo kan ."", ""ini kenapa lagi ya mau perpanjang internet ga bisa ? xxxnumberxxx juga ga bisa ?"", ""sama kayak saya pak paket saya gak saya terima claim gak jelas kapan hasilnya , jangan tunggu ini menyebar ya !"", ""sudah off , jaringannya jga udh xxxnumberxxx g / xxxnumberxxx g . tetep ga bisa""]",False,5,1394,18,False,63
google/gemma-3-4b-it,formal,informal,hybrid_early,0.3,"admin , mengapa aku beli fore cofee tidak dapat cashback ?","Kak, kok pas beli forecoffee gak dapet cashback ya?",False,146,4200073,42,"[""grab paket hemat saya billingnya itu tgl xxxnumberxxx juli xxxnumberxxx sekarang aja udh agustus kok subscribe nya masih aktif ya ?"", ""saya mau tanya , ini saya mau beli paket yellow kenapa sama xxxnumberxxx tidak direspon / tidak dibalas"", ""tadi saya topup ke shopee pay , sudah berhasil tapi kok di aplikasi tetep xxxnumberxxx ya ? tolong baca dm saya ya . terimakasih"", ""saya belipaket rp . xxxnumberxxx rb tapi kok tidak masuk ya ? padahal pulsanya udh kepotong"", ""kak , tadi coba mau beli pulsa telkomsel xxxnumberxxx xxxnumberxxx xxxnumberxxx k , tapi koq dibatalkan mulu ya ? apa stok nya lagi kosong ?""]",False,5,1512,14,False,51
google/gemma-3-4b-it,formal,informal,hybrid_early,0.3,"mau daftar , tapi tidak ada pilihan bintaro , tangerang selatan . jadi tidak bisa . kapan bisanya ?","min, gak ada pilihan bintaro tangerang selatan, jadi gak bisa daftar. kapan ya bsya?",False,148,4200074,42,"[""ini min minta tolong di cek sudah sampe mana . masa sudah xxxnumberxxx minggu blm sampe . tolong banget min di update smp mana"", ""jb xxxphonexxx , sudah seminggu paket ngga nyampe , padahal masih dalam jakarta , ini malah dikirm ke surabaya buat apa coba ? jnt sistemnya gimana sih ?"", ""grab paket hemat saya billingnya itu tgl xxxnumberxxx juli xxxnumberxxx sekarang aja udh agustus kok subscribe nya masih aktif ya ?"", ""min , udh xxxnumberxxx hari ini saya mau gofood kok gak dapet driver terus ? apa aplikasi gojek lagi error ?"", ""maaf min mau nanya apakah bener ini nomor dari gojek ? + xxxnumberxxx""]",False,5,1547,23,False,84
google/gemma-3-4b-it,formal,informal,hybrid_early,0.3,"yah , ketahuan pakai paket promo kamu tama .",dear xxxuserxxx : kok paket tama kamu ketahuan dipakai ya?,False,150,4200075,42,"[""cek dm coba xxxuserxxx dari tadi komplen ngga ada respon , pulsa udah kepotong kena tarif per kb"", ""telat bayar wifi pas mau bayar jadi xxxnumberxxx ribu"", ""saya beli voucher fisik indosat xxxnumberxxx gb unlimited , tapi gagal terus kenapa ya ?"", ""kenapa ya kode promo saya grabwae tidak bisa digunakan ? padahal sejak tgl xxxdatexxx ini saya belum pernah sekalipun pakai kode promo tersebut"", ""dear xxxuserxxx : paket yellow kok nggak bisa dipaketin yaa ?""]",False,5,1346,15,False,58
google/gemma-3-4b-it,formal,informal,hybrid_early,0.3,"kamu chat xxxuserxxx atau dari pelanggan kamu chat ke shopee , bilang dananya mengapa tidak dapat cair padahal sudah terima barang .","kak, tadi coba chat xxxuserxxx atau dari pelanggan chat ke shopee, bilang dana nya kenapa gak cair padahal udah terima barang ya?",False,152,4200076,42,"[""cek dm coba xxxuserxxx dari tadi komplen ngga ada respon , pulsa udah kepotong kena tarif per kb"", ""tadi saya topup ke shopee pay , sudah berhasil tapi kok di aplikasi tetep xxxnumberxxx ya ? tolong baca dm saya ya . terimakasih"", ""halo mas / mba xxxuserxxx ini nomor halo saya udah xxxnumberxxx hari gak bisa dipake . rugi dong bayar tagihan doang tapi gak kepake ~"", ""jb xxxphonexxx , sudah seminggu paket ngga nyampe , padahal masih dalam jakarta , ini malah dikirm ke surabaya buat apa coba ? jnt sistemnya gimana sih ?"", ""kak , tadi coba mau beli pulsa telkomsel xxxnumberxxx xxxnumberxxx xxxnumberxxx k , tapi koq dibatalkan mulu ya ? apa stok nya lagi kosong ?""]",False,5,1644,31,False,129
google/gemma-3-4b-it,formal,informal,hybrid_early,0.3,"halo maaf mau tanya , handphone saya tiba - tiba kartunya no service . itu kenapa ? minta tolong bantuannya kak . terima kasih .","min, handphone saya tiba-tiba kartunya no service. kenapa ya? tolong bantuannya dong. makasih.",False,154,4200077,42,"[""saya mau tanya , ini saya mau beli paket yellow kenapa sama xxxnumberxxx tidak direspon / tidak dibalas"", ""malam , mohon info paket saya sejak tanggal xxxnumberxxx tertahan dgn status itu . blm terkirim sampai sekarang , ada apa ya ?"", ""hai , selamat sore . saya baru saja membeli kartu sim simpati . dan udah coba registrasi , tapi ga ada respon . tolong bantuannya ."", ""min , ini kenapa saya gak bisa sms ya ? saya mau konfirmasi pembelian paket gagal mulu sms nya drtd ."", ""ini min minta tolong di cek sudah sampe mana . masa sudah xxxnumberxxx minggu blm sampe . tolong banget min di update smp mana""]",False,5,1576,27,False,94
google/gemma-3-4b-it,formal,informal,hybrid_early,0.3,"kukira , mengirimkan tweetnya ke yang satu lagi . rupanya , kemari juga sampai .","“akhirnya, kirim tweet ke yg lain juga. eh, ternyata sampai sini juga.”",False,156,4200078,42,"[""malam , mohon info paket saya sejak tanggal xxxnumberxxx tertahan dgn status itu . blm terkirim sampai sekarang , ada apa ya ?"", ""malam , saya mau mengembalikan barang krn salah kirim . diinfo harus upload bukti pengirimannya . uploadnya dimana ya ? makasih"", ""selamat malam , tolong cek dm ya min , kiriman paket saya blm di kirim ."", ""maaf min mau nanya apakah bener ini nomor dari gojek ? + xxxnumberxxx"", ""jb xxxphonexxx , sudah seminggu paket ngga nyampe , padahal masih dalam jakarta , ini malah dikirm ke surabaya buat apa coba ? jnt sistemnya gimana sih ?""]",False,5,1488,21,False,71
google/gemma-3-4b-it,formal,informal,hybrid_early,0.3,kembalikan pulsa saya yang diambil xxxnumberxxx !,"min, tolong kembalikan pulsa yang diambil xxxnumberxxx!",False,158,4200079,42,"[""sore min , ini ada keluhan nomer saya pulsa kesedot terus , padahal tidak berlangganan paket apapun . tolong di cek min + xxxnumberxxx xxxnumberxxx - xxxnumberxxx - xxxnumberxxx"", ""jp xxxphonexxx min tolong dong ini paket saya ga nyampe nyampe , padahal ngirim sesama jakarta bisa xxxnumberxxx harian ."", ""min kalo mau transfer pulsa ke telkomsel bisa ga cuma xxxnumberxxx ribu gitu"", ""saya mau tanya , ini saya mau beli paket yellow kenapa sama xxxnumberxxx tidak direspon / tidak dibalas"", ""maaf min mau nanya apakah bener ini nomor dari gojek ? + xxxnumberxxx""]",False,5,1456,16,False,55
google/gemma-3-4b-it,formal,informal,hybrid_early,0.3,"tapi , sinyal telkomsel bapuk bukan main bro .",“sinyal telkomsel bapuk bukan main bro.”,False,160,4200080,42,"[""halo min saldo ovo ga muncul di grab , padahal nomor hp sudah sama . tolong cek dm ya min"", ""tolong dong xxxuserxxx dari kmaren sore jaringan nya full tapi nggak nyambung ke internet padahal kuota dah lumayan banyak"", ""jb xxxphonexxx , sudah seminggu paket ngga nyampe , padahal masih dalam jakarta , ini malah dikirm ke surabaya buat apa coba ? jnt sistemnya gimana sih ?"", ""cek dm coba xxxuserxxx dari tadi komplen ngga ada respon , pulsa udah kepotong kena tarif per kb"", ""halo min , cara cek riwayat pengisian pulsa gimana ya ?""]",False,5,1422,14,False,40
google/gemma-3-4b-it,formal,informal,hybrid_early,0.3,telat buka twitter . terima kasih xxxuserxxx rp10 nya .,"“udah buka Twitter nih. makasih ya, xxxuserxxx rp10 nya.”",False,162,4200081,42,"[""please xxxuserxxx jaringan , kenapa ngilang gak jelas mulu ."", ""maaf min mau nanya apakah bener ini nomor dari gojek ? + xxxnumberxxx"", ""malam , mohon info paket saya sejak tanggal xxxnumberxxx tertahan dgn status itu . blm terkirim sampai sekarang , ada apa ya ?"", ""cek dm coba xxxuserxxx dari tadi komplen ngga ada respon , pulsa udah kepotong kena tarif per kb"", ""sudah kak , sudah saya ganti ke xxxnumberxxx g tp ttp susah""]",False,5,1326,20,False,57
google/gemma-3-4b-it,formal,informal,hybrid_early,0.3,"halo kak , mau tanya dong . aku mengirim barang ke rembang tapi kenapa di tujuannya ke gamping sleman kak . nomor resi xxxnumberxxx .","halo kak , mau nanya nih . aku kirim barang ke rembang , kok malah dituju ke gamping sleman ya kak , no resi xxxnumberxxx .",False,164,4200082,42,"[""ini min minta tolong di cek sudah sampe mana . masa sudah xxxnumberxxx minggu blm sampe . tolong banget min di update smp mana"", ""hallo min selamat pagi , no resi jp xxxphonexxx diperkiran bakal diterima hari ini . tapi malah di disimpan kalau ada alamat yang salah tolong diinfo kan ."", ""maaf min mau nanya apakah bener ini nomor dari gojek ? + xxxnumberxxx"", ""malam , mohon info paket saya sejak tanggal xxxnumberxxx tertahan dgn status itu . blm terkirim sampai sekarang , ada apa ya ?"", ""jp xxxphonexxx min tolong dong ini paket saya ga nyampe nyampe , padahal ngirim sesama jakarta bisa xxxnumberxxx harian .""]",False,5,1591,37,False,123
google/gemma-3-4b-it,formal,informal,hybrid_early,0.3,harusnya kalau xxxnumberxxx orang pesan grab saja admin .,"min, udah xxxnumberxxx hari nih, kok grabnya gak ada yang dateng pas aku pesan? harusnya kalau banyak orang pesan, ya adminnya harus segera kirim dong.",False,166,4200083,42,"[""maaf min mau nanya apakah bener ini nomor dari gojek ? + xxxnumberxxx"", ""jp xxxphonexxx min tolong dong ini paket saya ga nyampe nyampe , padahal ngirim sesama jakarta bisa xxxnumberxxx harian ."", ""grab paket hemat saya billingnya itu tgl xxxnumberxxx juli xxxnumberxxx sekarang aja udh agustus kok subscribe nya masih aktif ya ?"", ""sudah xxxnumberxxx hari , status belum juga berubah nih min . tadi udah telfon qc katanya cuma suruh nunggu"", ""min , udh xxxnumberxxx hari ini saya mau gofood kok gak dapet driver terus ? apa aplikasi gojek lagi error ?""]",False,5,1454,38,False,151
google/gemma-3-4b-it,formal,informal,hybrid_early,0.3,milea sangat kepo minta - minta nomor dilan .,milea curiga banget minta-minta nomorku ke dilan.,False,168,4200084,42,"[""cek dm coba xxxuserxxx dari tadi komplen ngga ada respon , pulsa udah kepotong kena tarif per kb"", ""tolong dong xxxuserxxx dari kmaren sore jaringan nya full tapi nggak nyambung ke internet padahal kuota dah lumayan banyak"", ""saya mau tanya , ini saya mau beli paket yellow kenapa sama xxxnumberxxx tidak direspon / tidak dibalas"", ""maaf min mau nanya apakah bener ini nomor dari gojek ? + xxxnumberxxx"", ""lha gimana bos . urgen . telopon ke xxxnumberxxx nunggu lama bgt , giliran udh nyambung cs nanyanya panjang x lebar keburu habis pulsa masalah gak kelar .""]",False,5,1450,17,False,49
google/gemma-3-4b-it,formal,informal,hybrid_early,0.3,mau diadili tapi tidak boleh . ah sudahlah .,"“gara-gara apa sih, jadi nggak bisa tuh… ya sudahlah, nggak apa-apa deh.”",False,170,4200085,42,"[""udah masuk email pemberitahuannya suruh cek lagi tetep saldo ga berubah , tapi yasudahlah tak mengapa"", ""sudah kak , sudah saya ganti ke xxxnumberxxx g tp ttp susah"", ""ini kenapa lagi ya mau perpanjang internet ga bisa ? xxxnumberxxx juga ga bisa ?"", ""keuntungan xxxnumberxxx nya kok ga bisa ya min ?"", ""pengembalian saldo karena gagal penarikan membutuhkan waktu berapa lama ya ? saya sudah laporan xxxnumberxxx hari kerja sampai skr masih proses ditindak lanjuti terus""]",False,5,1359,25,False,73
google/gemma-3-4b-it,formal,informal,hybrid_early,0.3,bangun tiduk cek hp banyak sekali promo buat saya . terima kasih xxxuserxxx .,"“bangun, cek hp dong banyak promo buat gue. makasih ya, xxxuserxxx.”",False,172,4200086,42,"[""cek dm coba xxxuserxxx dari tadi komplen ngga ada respon , pulsa udah kepotong kena tarif per kb"", ""sore min , ini ada keluhan nomer saya pulsa kesedot terus , padahal tidak berlangganan paket apapun . tolong di cek min + xxxnumberxxx xxxnumberxxx - xxxnumberxxx - xxxnumberxxx"", ""jp xxxphonexxx min tolong dong ini paket saya ga nyampe nyampe , padahal ngirim sesama jakarta bisa xxxnumberxxx harian ."", ""saya mau tanya , ini saya mau beli paket yellow kenapa sama xxxnumberxxx tidak direspon / tidak dibalas"", ""sudah xxxnumberxxx hari , status belum juga berubah nih min . tadi udah telfon qc katanya cuma suruh nunggu""]",False,5,1542,22,False,68
google/gemma-3-4b-it,formal,informal,hybrid_early,0.3,admin . tolong balas dm saya . terima kasih .,"sudah saya dm min , mohon di balas.",False,174,4200087,42,"[""min tolong cek dm ya . terima kasih"", ""min tolong cek dm ya . makasiih"", ""sudah saya dm . mohon di balas"", ""selamat malam , tolong cek dm ya min , kiriman paket saya blm di kirim ."", ""sudah saya dm min , mohon di cek""]",False,5,1106,13,False,35
google/gemma-3-4b-it,formal,informal,hybrid_early,0.3,"admin , ini bagaimana ? aku mengisi voucher malah tidak jadi - jadi , seperti ini terus .","“admin, kok pas isi voucher malah gagal terus begitu sih? tolong dicek dong.”",False,176,4200088,42,"[""grab paket hemat saya billingnya itu tgl xxxnumberxxx juli xxxnumberxxx sekarang aja udh agustus kok subscribe nya masih aktif ya ?"", ""tadi saya topup ke shopee pay , sudah berhasil tapi kok di aplikasi tetep xxxnumberxxx ya ? tolong baca dm saya ya . terimakasih"", ""ini kenapa lagi ya mau perpanjang internet ga bisa ? xxxnumberxxx juga ga bisa ?"", ""malam , mohon info paket saya sejak tanggal xxxnumberxxx tertahan dgn status itu . blm terkirim sampai sekarang , ada apa ya ?"", ""ini kenapa daritadi mau pake voucher gabisa terus yaa ? udah di update juga padahal""]",False,5,1498,21,False,77
google/gemma-3-4b-it,formal,informal,hybrid_early,0.3,model penipuan mengatasnamakan bri . dimohon kepada pak polisi untuk ditindak .,"""min , tolong dilaporkan ya , ada penipuan atas nama bri + xxxnumberxxx . mohon ditindak.""",False,178,4200089,42,"[""min , jaringan xxxnumberxxx g dilokasi ini error . tolong dibantu cek dong . tks before"", ""halo . paket saya dengan no resi xxxnumberxxx tidak ada pergerakan dari kemarin . tolong konfirmasi nya"", ""minta pencerahan nya hu . kok saldo ga msk ya , xxxnumberxxx trip xxxnumberxxx . ada apa kah ini"", ""saya mau tanya , ini saya mau beli paket yellow kenapa sama xxxnumberxxx tidak direspon / tidak dibalas"", ""maaf min mau nanya apakah bener ini nomor dari gojek ? + xxxnumberxxx""]",False,5,1398,28,False,90
google/gemma-3-4b-it,formal,informal,hybrid_early,0.3,admin tolong hapuskan langganan iflix soalnya saya tidak pernah menggunakan aplikasi itu .,tolong admin xxxuserxxx hapus langganan iflix dong soalnya gak pernah dipake tuh aplikasi,False,180,4200090,42,"[""sudah kak , sudah saya ganti ke xxxnumberxxx g tp ttp susah"", ""grab paket hemat saya billingnya itu tgl xxxnumberxxx juli xxxnumberxxx sekarang aja udh agustus kok subscribe nya masih aktif ya ?"", ""selamat malam xxxuserxxx mau tanya , kenapa bonus kuota aplikasi nya gak bisa di pake ? malah kesedot terus kuota utama nya . terimakasih"", ""dear indosat , sy mau isi paketan , tetapi kenapa tidak bisa ya , sudah sejak jam xxxnumberxxx tadi , pulsa sdh masuk tapi tdk bisa aktip"", ""tolong dong xxxuserxxx dari kmaren sore jaringan nya full tapi nggak nyambung ke internet padahal kuota dah lumayan banyak""]",False,5,1537,24,False,89
google/gemma-3-4b-it,formal,informal,hybrid_early,0.3,mengapa sudah dua hari ini tidak bisa memesan gofood ?,“kok udah dua hari gak bisa pesen gofood sih min ?”,False,182,4200091,42,"[""min , udh xxxnumberxxx hari ini saya mau gofood kok gak dapet driver terus ? apa aplikasi gojek lagi error ?"", ""grabfood error , apakah saya harus beralih ke gofood ?"", ""halo min saldo ovo ga muncul di grab , padahal nomor hp sudah sama . tolong cek dm ya min"", ""jb xxxphonexxx , sudah seminggu paket ngga nyampe , padahal masih dalam jakarta , ini malah dikirm ke surabaya buat apa coba ? jnt sistemnya gimana sih ?"", ""halo saya top up grab ovo lewat atm barusan tapi kok belum masuk ya ?""]",False,5,1388,16,False,51
google/gemma-3-4b-it,formal,informal,hybrid_early,0.3,seberapa kamu ? ada rapat kepanitiaan jam xxxnumberxxx . terus ? jam xxxnumberxxx pagi sudah mandi dong .,"""gimana nih , boss? ada rapat panitia jam xxxnumberxxx ya? terus? jam xxxnumberxxx pagi udah mandi dong, cepetan!""",False,184,4200092,42,"[""sudah xxxnumberxxx hari , status belum juga berubah nih min . tadi udah telfon qc katanya cuma suruh nunggu"", ""admin , kok dm saya belum di respon - respon ya ? sudah xxxnumberxxx hari nih min"", ""lha gimana bos . urgen . telopon ke xxxnumberxxx nunggu lama bgt , giliran udh nyambung cs nanyanya panjang x lebar keburu habis pulsa masalah gak kelar ."", ""sore min , ini ada keluhan nomer saya pulsa kesedot terus , padahal tidak berlangganan paket apapun . tolong di cek min + xxxnumberxxx xxxnumberxxx - xxxnumberxxx - xxxnumberxxx"", ""gak ada balasan sampai sekarang . apa karena cuma terpotong xxxnumberxxx xxxnumberxxx ribu aja ?""]",False,5,1581,34,False,114
google/gemma-3-4b-it,formal,informal,hybrid_early,0.3,"sudah saya hubungi kembali melalui dm , mohon bantuannya segera . terima kasih banyak .","min, mohon bantuannya segera, sudah saya dm ya. terima kasih banyak.",False,186,4200093,42,"[""selamat malam , tolong cek dm ya min , kiriman paket saya blm di kirim ."", ""malam , mohon info paket saya sejak tanggal xxxnumberxxx tertahan dgn status itu . blm terkirim sampai sekarang , ada apa ya ?"", ""min tolong cek dm ya . terima kasih"", ""malam , mau komplain . paket statusnya sudah sampai . tapi saya belum terima paket . mohon bantuannya . terima kasih ."", ""sudah saya dm min , mohon di cek""]",False,5,1331,18,False,68
google/gemma-3-4b-it,formal,informal,hybrid_early,0.3,bagaimana mas caranya ? punya saya begini melulu .,“kok gini terus tuh mas? gimana dong?”,False,188,4200094,42,"[""di kebo sirih sinyal bolak balik e terus nih berhari2 . lagi ga stabil apa gimana sih ?"", ""sudah kak , sudah saya ganti ke xxxnumberxxx g tp ttp susah"", ""sama kayak saya pak paket saya gak saya terima claim gak jelas kapan hasilnya , jangan tunggu ini menyebar ya !"", ""ini kenapa lagi ya mau perpanjang internet ga bisa ? xxxnumberxxx juga ga bisa ?"", ""hai jnt xxxuserxxx mau tanya dong kenapa paket yg saya kirim masih gini aja ya mohon pencerahannya""]",False,5,1346,12,False,38
google/gemma-3-4b-it,formal,informal,hybrid_early,0.3,"di ruang tunggu bandara , untuk nasabah solitare , apakah fasilitas yang dapat dinikmati seperti makan , minum , pijat juga gratis ?","“di bandara, buat nasabah solitare, makan minum pijatnya gratis gitu ya?”",False,190,4200095,42,"[""jb xxxphonexxx , sudah seminggu paket ngga nyampe , padahal masih dalam jakarta , ini malah dikirm ke surabaya buat apa coba ? jnt sistemnya gimana sih ?"", ""sore min , ini ada keluhan nomer saya pulsa kesedot terus , padahal tidak berlangganan paket apapun . tolong di cek min + xxxnumberxxx xxxnumberxxx - xxxnumberxxx - xxxnumberxxx"", ""dear indosat , sy mau isi paketan , tetapi kenapa tidak bisa ya , sudah sejak jam xxxnumberxxx tadi , pulsa sdh masuk tapi tdk bisa aktip"", ""cek dm coba xxxuserxxx dari tadi komplen ngga ada respon , pulsa udah kepotong kena tarif per kb"", ""jp xxxphonexxx min tolong dong ini paket saya ga nyampe nyampe , padahal ngirim sesama jakarta bisa xxxnumberxxx harian .""]",False,5,1677,22,False,73
google/gemma-3-4b-it,formal,informal,hybrid_early,0.3,"dan apapun alasannya , memang sudah peraturan dari jnt ya kalau pelanggan itu harus dikunci dari luar ? aduh , jera menggunakan jnt .","“ya ampun, peraturan jnt gt sih, pelanggan kudu dikunci dari luar gitu ya? bener-bener bikin kesel deh, udah jera pake jnt.”",False,192,4200096,42,"[""hai jnt xxxuserxxx mau tanya dong kenapa paket yg saya kirim masih gini aja ya mohon pencerahannya"", ""halo min , saya mau mengnonaktifkan akun gojek saya mohon dicek dmnya . sedih nih udah dari kemarin nge - mention ga di respon"", ""jb xxxphonexxx , sudah seminggu paket ngga nyampe , padahal masih dalam jakarta , ini malah dikirm ke surabaya buat apa coba ? jnt sistemnya gimana sih ?"", ""sudah kak , sudah saya ganti ke xxxnumberxxx g tp ttp susah"", ""malam , mohon info paket saya sejak tanggal xxxnumberxxx tertahan dgn status itu . blm terkirim sampai sekarang , ada apa ya ?""]",False,5,1556,38,False,124
google/gemma-3-4b-it,formal,informal,hybrid_early,0.3,"kiriman saya dengan resi xxxnumberxxx , mengapa statusnya masih on process di website ? padahal , seharusnya hari ini sudah sampai karena menggunakan paket yes .","“Paket resi xxxnumberxxx, kok masih on process ya di website? Padahal seharusnya udah sampe hari ini, kan paket Yes?”",False,194,4200097,42,"[""malam , mohon info paket saya sejak tanggal xxxnumberxxx tertahan dgn status itu . blm terkirim sampai sekarang , ada apa ya ?"", ""jb xxxphonexxx , sudah seminggu paket ngga nyampe , padahal masih dalam jakarta , ini malah dikirm ke surabaya buat apa coba ? jnt sistemnya gimana sih ?"", ""ka paket no resi ini xxxnumberxxx udah sampai dimana ya ?"", ""paket saya sampai mana ya ? resi xxxnumberxxx . thx"", ""maaf min mau nanya apakah bener ini nomor dari gojek ? + xxxnumberxxx""]",False,5,1478,31,False,117
google/gemma-3-4b-it,formal,informal,hybrid_early,0.3,mau memaketkan harian mengapa selalu tidak bisa admin ?,"“min, kenapa sih tiap hari susah banget pas mau pake paket harian ya min?”",False,196,4200098,42,"[""min , udh xxxnumberxxx hari ini saya mau gofood kok gak dapet driver terus ? apa aplikasi gojek lagi error ?"", ""grab paket hemat saya billingnya itu tgl xxxnumberxxx juli xxxnumberxxx sekarang aja udh agustus kok subscribe nya masih aktif ya ?"", ""halo min saldo ovo ga muncul di grab , padahal nomor hp sudah sama . tolong cek dm ya min"", ""cek dm coba xxxuserxxx dari tadi komplen ngga ada respon , pulsa udah kepotong kena tarif per kb"", ""akun sy disuspend gara2 saya cancel terus . padahal saya buru2 dan dapatnya driver ganjil terus di hari yang genap . mohon dm saya ya""]",False,5,1473,20,False,74
google/gemma-3-4b-it,formal,informal,hybrid_early,0.3,"admin . kenapa saya mencari menu gofood tidak ada ? kemudian , saat ingin mengisi gopay , abang tidak mau .","“min, kenapa sih kalau mau order gofood gak ada menu nya , terus pas mau isi gopay abangnya gak mau respon .?”",False,198,4200099,42,"[""min , udh xxxnumberxxx hari ini saya mau gofood kok gak dapet driver terus ? apa aplikasi gojek lagi error ?"", ""grab paket hemat saya billingnya itu tgl xxxnumberxxx juli xxxnumberxxx sekarang aja udh agustus kok subscribe nya masih aktif ya ?"", ""halo min saldo ovo ga muncul di grab , padahal nomor hp sudah sama . tolong cek dm ya min"", ""maaf min mau nanya apakah bener ini nomor dari gojek ? + xxxnumberxxx"", ""malam , mohon info paket saya sejak tanggal xxxnumberxxx tertahan dgn status itu . blm terkirim sampai sekarang , ada apa ya ?""]",False,5,1491,31,False,110
google/gemma-3-4b-it,formal,informal,hybrid_early,0.3,malam . saya mau buka rekening tahapan bca . apakah bisa jika belum memiliki npwp ? sudah punya ktp .,"min, bisa buka rekening tahapan bca kalau belum punya npwp ya? udah punya ktp kok.",False,200,4200100,42,"[""min kalau mau buat nomer kartu halo baru yang xxxnumberxxx itu bagaimana prosedur dan biayanya ?"", ""halo min saldo ovo ga muncul di grab , padahal nomor hp sudah sama . tolong cek dm ya min"", ""dear indosat , sy mau isi paketan , tetapi kenapa tidak bisa ya , sudah sejak jam xxxnumberxxx tadi , pulsa sdh masuk tapi tdk bisa aktip"", ""halo min , cara cek riwayat pengisian pulsa gimana ya ?"", ""tetap tidak bisa min , nomor kartu kredit yg saya masukan sdh benar . tetapi tetap tidak bisa klik tombol continue . saya udah ulang berkali2 .""]",False,5,1482,23,False,82
google/gemma-3-4b-it,formal,informal,hybrid_early,0.3,apakah ini balasan bowo tiktok ?,"""kok bowo tiktoknya bales apa ya?""",False,202,4200101,42,"[""halo min saldo ovo ga muncul di grab , padahal nomor hp sudah sama . tolong cek dm ya min"", ""cek dm coba xxxuserxxx dari tadi komplen ngga ada respon , pulsa udah kepotong kena tarif per kb"", ""jb xxxphonexxx , sudah seminggu paket ngga nyampe , padahal masih dalam jakarta , ini malah dikirm ke surabaya buat apa coba ? jnt sistemnya gimana sih ?"", ""malam , mohon info paket saya sejak tanggal xxxnumberxxx tertahan dgn status itu . blm terkirim sampai sekarang , ada apa ya ?"", ""grab paket hemat saya billingnya itu tgl xxxnumberxxx juli xxxnumberxxx sekarang aja udh agustus kok subscribe nya masih aktif ya ?""]",False,5,1488,12,False,34
google/gemma-3-4b-it,formal,informal,hybrid_early,0.3,ini ada di menu apa ?,"min, ini ada di menu apa ya?",False,204,4200102,42,"[""min , ini kenapa saya gak bisa sms ya ? saya mau konfirmasi pembelian paket gagal mulu sms nya drtd ."", ""maaf min mau nanya apakah bener ini nomor dari gojek ? + xxxnumberxxx"", ""halo min saldo ovo ga muncul di grab , padahal nomor hp sudah sama . tolong cek dm ya min"", ""ni paket napa gagal kirim min ?"", ""malam , mohon info paket saya sejak tanggal xxxnumberxxx tertahan dgn status itu . blm terkirim sampai sekarang , ada apa ya ?""]",False,5,1298,10,False,28
google/gemma-3-4b-it,formal,informal,hybrid_early,0.3,"halo . halo saya isi gopay tapi gopay - nya tidak masuk , saya melaporkan ke siapa ? aplikasi mobile bank sudah berhasil masuk soalnya .","“halo, kok isi gopay gue gak masuk ya? aplikasi mobile bank udah masuk sih.”",False,206,4200103,42,"[""saya mau tanya , ini saya mau beli paket yellow kenapa sama xxxnumberxxx tidak direspon / tidak dibalas"", ""halo min saldo ovo ga muncul di grab , padahal nomor hp sudah sama . tolong cek dm ya min"", ""min saya isi gopay td pagi ko ga masuk ya ? pdhl udh dapet sms konfirm dr bca nya . zz"", ""grab paket hemat saya billingnya itu tgl xxxnumberxxx juli xxxnumberxxx sekarang aja udh agustus kok subscribe nya masih aktif ya ?"", ""saya barusan isi saldo gopay tapi ga masuk ?""]",False,5,1450,22,False,76
google/gemma-3-4b-it,formal,informal,hybrid_early,0.3,informasi resi es196539295kr sudah sampai mana ya ?,"""resi es196539295kr udah sampai mana nih ya?""",False,208,4200104,42,"[""ka paket no resi ini xxxnumberxxx udah sampai dimana ya ?"", ""jb xxxphonexxx , sudah seminggu paket ngga nyampe , padahal masih dalam jakarta , ini malah dikirm ke surabaya buat apa coba ? jnt sistemnya gimana sih ?"", ""halo min saldo ovo ga muncul di grab , padahal nomor hp sudah sama . tolong cek dm ya min"", ""malam , mohon info paket saya sejak tanggal xxxnumberxxx tertahan dgn status itu . blm terkirim sampai sekarang , ada apa ya ?"", ""paket dengan resi xxxnumberxxx bagaimana ya kabarnya ? kok statusnya ga berubah ya ? kan yes""]",False,5,1429,21,False,45
google/gemma-3-4b-it,formal,informal,hybrid_early,0.3,apakah penjualan tiket kereta api masih perbaikan dari kemarin ?,"min, tiket kereta api masih lama bgt ya perbaikannya dari kemarin? udah xxxnumberxxx hari nih, masih aja gak bisa beli",False,210,4200105,42,"[""malam , mohon info paket saya sejak tanggal xxxnumberxxx tertahan dgn status itu . blm terkirim sampai sekarang , ada apa ya ?"", ""jb xxxphonexxx , sudah seminggu paket ngga nyampe , padahal masih dalam jakarta , ini malah dikirm ke surabaya buat apa coba ? jnt sistemnya gimana sih ?"", ""min , udh xxxnumberxxx hari ini saya mau gofood kok gak dapet driver terus ? apa aplikasi gojek lagi error ?"", ""grab paket hemat saya billingnya itu tgl xxxnumberxxx juli xxxnumberxxx sekarang aja udh agustus kok subscribe nya masih aktif ya ?"", ""halo min saldo ovo ga muncul di grab , padahal nomor hp sudah sama . tolong cek dm ya min""]",False,5,1532,31,False,118
google/gemma-3-4b-it,formal,informal,hybrid_early,0.3,itu promo di rewards kamu ?,“ini promo di rewardsnya?”,False,212,4200106,42,"[""grab paket hemat saya billingnya itu tgl xxxnumberxxx juli xxxnumberxxx sekarang aja udh agustus kok subscribe nya masih aktif ya ?"", ""halo saya top up grab ovo lewat atm barusan tapi kok belum masuk ya ?"", ""ini kenapa daritadi mau pake voucher gabisa terus yaa ? udah di update juga padahal"", ""min , kmaren sy naik grab tp kok nda bisa bayar pake saldo gopay"", ""ini kenapa abis bayar pascabayar jadi gaada kuotanya ya ?""]",False,5,1292,9,False,26
google/gemma-3-4b-it,formal,informal,hybrid_early,0.3,"tidak dapat dirubah kak . tulisannya , dalam pengawasan . saya tidak dapat merubah atau menghapus produk .","“gak bisa diubah kok, Bu. tulisannya, di bawah pengawasan. saya gak bisa ngilangin atau hapus barangnya.”",False,214,4200107,42,"[""masalahnya akun driver bisa bisanya kena bajak . tidak ada pilihan cancel , karena itu yang buat mbak ini ketipu , bang jek ! xxxnumberxxx ! xxxnumberxxx ! xxxnumberxxx ! xxxnumberxxx ! xxxnumberxxx !"", ""saya mau tanya , ini saya mau beli paket yellow kenapa sama xxxnumberxxx tidak direspon / tidak dibalas"", ""sama kayak saya pak paket saya gak saya terima claim gak jelas kapan hasilnya , jangan tunggu ini menyebar ya !"", ""mau tanya no pesanan xxxnumberxxx kapan dikirimnya ya ? dari kemarin masih pengemasan blm berubah"", ""malam , mohon info paket saya sejak tanggal xxxnumberxxx tertahan dgn status itu . blm terkirim sampai sekarang , ada apa ya ?""]",False,5,1604,31,False,105
google/gemma-3-4b-it,formal,informal,hybrid_early,0.3,pagi kak . mau tanya untuk kirim paket jika menggunakan job bebas di counter mana saja ?,"Pagi, mau tanya kalau kirim paket, counternya di mana aja ya?",True,216,4200108,42,"[""malam , mohon info paket saya sejak tanggal xxxnumberxxx tertahan dgn status itu . blm terkirim sampai sekarang , ada apa ya ?"", ""ini min minta tolong di cek sudah sampe mana . masa sudah xxxnumberxxx minggu blm sampe . tolong banget min di update smp mana"", ""jb xxxphonexxx , sudah seminggu paket ngga nyampe , padahal masih dalam jakarta , ini malah dikirm ke surabaya buat apa coba ? jnt sistemnya gimana sih ?"", ""grab paket hemat saya billingnya itu tgl xxxnumberxxx juli xxxnumberxxx sekarang aja udh agustus kok subscribe nya masih aktif ya ?"", ""selamat malam , tolong cek dm ya min , kiriman paket saya blm di kirim .""]",False,5,1557,18,False,61
google/gemma-3-4b-it,formal,informal,hybrid_early,0.3,"admin , smartfren selalu tidak ada jaringan , apakah sedang gangguan ?","min, smartfren nggak ada jaringannya, ganggu terus apa gimana?",False,218,4200109,42,"[""ini masih gangguan sinyal xxxnumberxxx g ga bisa aktif datanya ?"", ""tolong dong xxxuserxxx dari kmaren sore jaringan nya full tapi nggak nyambung ke internet padahal kuota dah lumayan banyak"", ""min di daerah kab . bandung sinyal xxxnumberxxx g hilang walaupun saya restart tetap hilang , mohon pengertiannya min"", ""lagi gangguan ya tidak bisa telp , sms dan internetan"", ""min maaf lagi gangguan apa gimana ? dari tadi ga konek internet terus""]",False,5,1356,19,False,62
google/gemma-3-4b-it,formal,informal,hybrid_early,0.3,"dm juga tidak dibales min . jangan seperti dia min , online namun tidak dibalas pesannya . tolong dicek min .","“udah min dm juga gak dibales , jangan kayak dulu min, online tapi gak bales pesennya. tolong dicek min.”",False,220,4200110,42,"[""halo min , saya mau mengnonaktifkan akun gojek saya mohon dicek dmnya . sedih nih udah dari kemarin nge - mention ga di respon"", ""malam , mohon info paket saya sejak tanggal xxxnumberxxx tertahan dgn status itu . blm terkirim sampai sekarang , ada apa ya ?"", ""saya mau tanya , ini saya mau beli paket yellow kenapa sama xxxnumberxxx tidak direspon / tidak dibalas"", ""sudah saya dm min , mohon di cek"", ""admin , kok dm saya belum di respon - respon ya ? sudah xxxnumberxxx hari nih min""]",False,5,1438,30,False,105
google/gemma-3-4b-it,formal,informal,hybrid_early,0.3,hey xxxuserxxx . bagaimana cara mengganti nomor telepon akun go - jek dan go - pay bagi pelanggan ? sementara nomor telepon yang lama sudah hangus .,"“eh xxxuserxxx , mau ganti nomor telepon akun Go-Jek sama Go-Pay buat pelanggan gimana ya? soalnya nomor lama udah gak valid.”",False,222,4200111,42,"[""halo mas / mba xxxuserxxx ini nomor halo saya udah xxxnumberxxx hari gak bisa dipake . rugi dong bayar tagihan doang tapi gak kepake ~"", ""dear indosat , sy mau isi paketan , tetapi kenapa tidak bisa ya , sudah sejak jam xxxnumberxxx tadi , pulsa sdh masuk tapi tdk bisa aktip"", ""grab paket hemat saya billingnya itu tgl xxxnumberxxx juli xxxnumberxxx sekarang aja udh agustus kok subscribe nya masih aktif ya ?"", ""ini kenapa lagi ya mau perpanjang internet ga bisa ? xxxnumberxxx juga ga bisa ?"", ""cek dm coba xxxuserxxx dari tadi komplen ngga ada respon , pulsa udah kepotong kena tarif per kb""]",False,5,1587,35,False,126
google/gemma-3-4b-it,formal,informal,hybrid_early,0.3,"admin , ini mengapa saya pakai paket unl tapi untuk akses ke shopee tidak bisa ? ini tandanya sudah aktif atau belum ?","admin, kok gue paket unlnya gak bisa masuk ke shopee ya? udah aktif belum nih?",False,224,4200112,42,"[""grab paket hemat saya billingnya itu tgl xxxnumberxxx juli xxxnumberxxx sekarang aja udh agustus kok subscribe nya masih aktif ya ?"", ""sudah kak , sudah saya ganti ke xxxnumberxxx g tp ttp susah"", ""tadi saya topup ke shopee pay , sudah berhasil tapi kok di aplikasi tetep xxxnumberxxx ya ? tolong baca dm saya ya . terimakasih"", ""jb xxxphonexxx , sudah seminggu paket ngga nyampe , padahal masih dalam jakarta , ini malah dikirm ke surabaya buat apa coba ? jnt sistemnya gimana sih ?"", ""malam , mohon info paket saya sejak tanggal xxxnumberxxx tertahan dgn status itu . blm terkirim sampai sekarang , ada apa ya ?""]",False,5,1576,23,False,78
google/gemma-3-4b-it,formal,informal,hybrid_early,0.3,"admin xxxuserxxx . mengapa kecepatan mengunduh sangat lambat sekali . jaringan xxxnumberxxx g , kecepatan koneksi seperti xxxnumberxxx g .","min , koneksi xxxnumberxxx g , kecepatan ga xxxnumberxxx g . tolong di bantu cek dong . tks b4",False,226,4200113,42,"[""udah xxxnumberxxx menit stuck gini terus , padahal koneksi internet saya normal . tolong di bantu"", ""minta pencerahan nya hu . kok saldo ga msk ya , xxxnumberxxx trip xxxnumberxxx . ada apa kah ini"", ""min , jaringan xxxnumberxxx g dilokasi ini error . tolong dibantu cek dong . tks before"", ""ini kenapa lagi ya mau perpanjang internet ga bisa ? xxxnumberxxx juga ga bisa ?"", ""sudah off , jaringannya jga udh xxxnumberxxx g / xxxnumberxxx g . tetep ga bisa""]",False,5,1438,29,False,94
google/gemma-3-4b-it,formal,informal,hybrid_early,0.3,mau tau jawabannya ? barang sekeras itu bisa pecah . sudah dikemas rapi sudah dikasih tanda pecah belah hasilnya hancur . jne sangat mengecewakan !,"malam , mohon info ya barangnya pecah pas di-eksim . jne kecewa bangettt !""",False,228,4200114,42,"[""malam , saya mau mengembalikan barang krn salah kirim . diinfo harus upload bukti pengirimannya . uploadnya dimana ya ? makasih"", ""saya mau tanya , ini saya mau beli paket yellow kenapa sama xxxnumberxxx tidak direspon / tidak dibalas"", ""hallo min selamat pagi , no resi jp xxxphonexxx diperkiran bakal diterima hari ini . tapi malah di disimpan kalau ada alamat yang salah tolong diinfo kan ."", ""malam , mau komplain . paket statusnya sudah sampai . tapi saya belum terima paket . mohon bantuannya . terima kasih ."", ""malam , mohon info paket saya sejak tanggal xxxnumberxxx tertahan dgn status itu . blm terkirim sampai sekarang , ada apa ya ?""]",False,5,1637,26,False,75
google/gemma-3-4b-it,formal,informal,hybrid_early,0.3,kapan ada grabdrone atau godrone ?,"min, udah ada grabdrone atau godrone ya?",False,230,4200115,42,"[""cek dm coba xxxuserxxx dari tadi komplen ngga ada respon , pulsa udah kepotong kena tarif per kb"", ""maaf min mau nanya apakah bener ini nomor dari gojek ? + xxxnumberxxx"", ""min , udh xxxnumberxxx hari ini saya mau gofood kok gak dapet driver terus ? apa aplikasi gojek lagi error ?"", ""halo saya top up grab ovo lewat atm barusan tapi kok belum masuk ya ?"", ""min , kmaren sy naik grab tp kok nda bisa bayar pake saldo gopay""]",False,5,1301,12,False,40
google/gemma-3-4b-it,formal,informal,hybrid_early,0.3,"itu admin , seharusnya ada bonus saldo ovo untuk completionnya . tapi saat diklik tidak ada admin .","“halo, kok bonus saldo ovo pas selesai nggak muncul ya? pas di klik, adminnya nggak ada.”",False,232,4200116,42,"[""halo min saldo ovo ga muncul di grab , padahal nomor hp sudah sama . tolong cek dm ya min"", ""grab paket hemat saya billingnya itu tgl xxxnumberxxx juli xxxnumberxxx sekarang aja udh agustus kok subscribe nya masih aktif ya ?"", ""malam , mohon info paket saya sejak tanggal xxxnumberxxx tertahan dgn status itu . blm terkirim sampai sekarang , ada apa ya ?"", ""saya kirim uang , kenapa tidak masuk ? padahal status berhasil dan saldo sya terpotong"", ""halo saya top up grab ovo lewat atm barusan tapi kok belum masuk ya ?""]",False,5,1461,24,False,89
google/gemma-3-4b-it,formal,informal,hybrid_early,0.3,ada satu kata yang cocok sekali untuk anda : goblok !,"goblok banget dah, ini kenapa sih mau transfer internet malah ga bisa, xxxnumberxxx juga sama aja susah.",False,234,4200117,42,"[""ini kenapa lagi ya mau perpanjang internet ga bisa ? xxxnumberxxx juga ga bisa ?"", ""sudah kak , sudah saya ganti ke xxxnumberxxx g tp ttp susah"", ""masalahnya akun driver bisa bisanya kena bajak . tidak ada pilihan cancel , karena itu yang buat mbak ini ketipu , bang jek ! xxxnumberxxx ! xxxnumberxxx ! xxxnumberxxx ! xxxnumberxxx ! xxxnumberxxx !"", ""cek dm coba xxxuserxxx dari tadi komplen ngga ada respon , pulsa udah kepotong kena tarif per kb"", ""min kalo mau transfer pulsa ke telkomsel bisa ga cuma xxxnumberxxx ribu gitu""]",False,5,1425,25,False,104
google/gemma-3-4b-it,formal,informal,hybrid_early,0.3,"kak , paket dokumen saya belum sampai . bisa bantu dititip ke jne siborong - borong saja agar diambil sendiri ? karena saya periksa masih di daerah medan .","halo , paket dokumen saya blum smpai . bsntu dititip ke jne siborong - borong sj saja ya krn saya periksa masih d daerah medan",False,236,4200118,42,"[""malam , mohon info paket saya sejak tanggal xxxnumberxxx tertahan dgn status itu . blm terkirim sampai sekarang , ada apa ya ?"", ""jp xxxphonexxx min tolong dong ini paket saya ga nyampe nyampe , padahal ngirim sesama jakarta bisa xxxnumberxxx harian ."", ""jb xxxphonexxx , sudah seminggu paket ngga nyampe , padahal masih dalam jakarta , ini malah dikirm ke surabaya buat apa coba ? jnt sistemnya gimana sih ?"", ""malam , saya mau mengembalikan barang krn salah kirim . diinfo harus upload bukti pengirimannya . uploadnya dimana ya ? makasih"", ""hallo min selamat pagi , no resi jp xxxphonexxx diperkiran bakal diterima hari ini . tapi malah di disimpan kalau ada alamat yang salah tolong diinfo kan .""]",False,5,1698,38,False,126
google/gemma-3-4b-it,formal,informal,hybrid_early,0.3,"dan terjadi lagi , ini sudah penjual ketiga berturut - turut yang bermasalah .","“terus, penjual ketiga juga bermasalah nih.”",False,238,4200119,42,"[""saya mau tanya , ini saya mau beli paket yellow kenapa sama xxxnumberxxx tidak direspon / tidak dibalas"", ""akun sy disuspend gara2 saya cancel terus . padahal saya buru2 dan dapatnya driver ganjil terus di hari yang genap . mohon dm saya ya"", ""sama kayak saya pak paket saya gak saya terima claim gak jelas kapan hasilnya , jangan tunggu ini menyebar ya !"", ""maaf min mau nanya apakah bener ini nomor dari gojek ? + xxxnumberxxx"", ""min , jaringan xxxnumberxxx g dilokasi ini error . tolong dibantu cek dong . tks before""]",False,5,1442,14,False,44
google/gemma-3-4b-it,formal,informal,hybrid_early,0.3,"iya sama . tidak bisa periksa kuota , tiba - tiba saja pulsa langsung terpotong .","“iya, betul. kok tiba-tiba kuota nggak bisa dicek, terus pulsa langsung abis aja.”",False,240,4200120,42,"[""sore min , ini ada keluhan nomer saya pulsa kesedot terus , padahal tidak berlangganan paket apapun . tolong di cek min + xxxnumberxxx xxxnumberxxx - xxxnumberxxx - xxxnumberxxx"", ""ini kenapa lagi ya mau perpanjang internet ga bisa ? xxxnumberxxx juga ga bisa ?"", ""pagi min , ini saya top up pulsa ko gagal terus ya . itu kenapa ya min ?"", ""malam , mohon info paket saya sejak tanggal xxxnumberxxx tertahan dgn status itu . blm terkirim sampai sekarang , ada apa ya ?"", ""dear indosat , sy mau isi paketan , tetapi kenapa tidak bisa ya , sudah sejak jam xxxnumberxxx tadi , pulsa sdh masuk tapi tdk bisa aktip""]",False,5,1534,26,False,82
google/gemma-3-4b-it,formal,informal,hybrid_early,0.3,"jalurnya perbaiki , aneh kalau jakarta palembang , keluyuran dulu sampai medan .","min, jalur nya salah dong, aneh banget Jakarta ke Palembang, sampe keluyuran sampe Medan?",False,242,4200121,42,"[""jb xxxphonexxx , sudah seminggu paket ngga nyampe , padahal masih dalam jakarta , ini malah dikirm ke surabaya buat apa coba ? jnt sistemnya gimana sih ?"", ""jp xxxphonexxx min tolong dong ini paket saya ga nyampe nyampe , padahal ngirim sesama jakarta bisa xxxnumberxxx harian ."", ""grab paket hemat saya billingnya itu tgl xxxnumberxxx juli xxxnumberxxx sekarang aja udh agustus kok subscribe nya masih aktif ya ?"", ""malam , mohon info paket saya sejak tanggal xxxnumberxxx tertahan dgn status itu . blm terkirim sampai sekarang , ada apa ya ?"", ""maaf min mau nanya apakah bener ini nomor dari gojek ? + xxxnumberxxx""]",False,5,1541,23,False,89
google/gemma-3-4b-it,formal,informal,hybrid_early,0.3,"lagi error ? login auto keluar , mau masuk tidak bisa - bisa .","udah kok, lagi error gt, login auto keluar, mau masuk gak bisa.",False,244,4200122,42,"[""sudah kak , sudah saya ganti ke xxxnumberxxx g tp ttp susah"", ""udah xxxnumberxxx menit stuck gini terus , padahal koneksi internet saya normal . tolong di bantu"", ""malam , mohon info paket saya sejak tanggal xxxnumberxxx tertahan dgn status itu . blm terkirim sampai sekarang , ada apa ya ?"", ""oh begitu , tadi aku coba regristrasi ke xxxnumberxxx smsnya gagal terus kak , gimana yaa ?"", ""ini kenapa lagi ya mau perpanjang internet ga bisa ? xxxnumberxxx juga ga bisa ?""]",False,5,1376,17,False,63
google/gemma-3-4b-it,formal,informal,hybrid_early,0.3,"alasan kenapa saya butuh uang kaget awkarin , xxxuserxxx makin mahal aku tidak sanggup kalau begini caranya .","""kenapa sih duit kaget tiba2 banyak ya, xxxuserxxx makin mahal aja, nggak kuat kalau gini caranya.""",False,246,4200123,42,"[""ini kenapa lagi ya mau perpanjang internet ga bisa ? xxxnumberxxx juga ga bisa ?"", ""hai jnt xxxuserxxx mau tanya dong kenapa paket yg saya kirim masih gini aja ya mohon pencerahannya"", ""cek dm coba xxxuserxxx dari tadi komplen ngga ada respon , pulsa udah kepotong kena tarif per kb"", ""jb xxxphonexxx , sudah seminggu paket ngga nyampe , padahal masih dalam jakarta , ini malah dikirm ke surabaya buat apa coba ? jnt sistemnya gimana sih ?"", ""maaf min mau nanya apakah bener ini nomor dari gojek ? + xxxnumberxxx""]",False,5,1466,27,False,99
google/gemma-3-4b-it,formal,informal,hybrid_early,0.3,"saya biasa melacak dari web jne , tetapi resi saya yang ini statusnya tidak berubah - ubah .","“ane liat dari web jne, resi ini kok gak berubah-ubah ya?”",False,248,4200124,42,"[""malam , mohon info paket saya sejak tanggal xxxnumberxxx tertahan dgn status itu . blm terkirim sampai sekarang , ada apa ya ?"", ""min , ini kenapa saya gak bisa sms ya ? saya mau konfirmasi pembelian paket gagal mulu sms nya drtd ."", ""saya mau tanya , ini saya mau beli paket yellow kenapa sama xxxnumberxxx tidak direspon / tidak dibalas"", ""grab paket hemat saya billingnya itu tgl xxxnumberxxx juli xxxnumberxxx sekarang aja udh agustus kok subscribe nya masih aktif ya ?"", ""jb xxxphonexxx , sudah seminggu paket ngga nyampe , padahal masih dalam jakarta , ini malah dikirm ke surabaya buat apa coba ? jnt sistemnya gimana sih ?""]",False,5,1567,21,False,58
google/gemma-3-4b-it,formal,informal,hybrid_early,0.3,"halo admin , saya ingin ganti nomor hp kenapa tidak bisa ?","“halo admin, mau tanya gimana cara ganti nomor hp ya?”",False,250,4200125,42,"[""halo min , cara cek riwayat pengisian pulsa gimana ya ?"", ""min kalau mau buat nomer kartu halo baru yang xxxnumberxxx itu bagaimana prosedur dan biayanya ?"", ""sudah kak , sudah saya ganti ke xxxnumberxxx g tp ttp susah"", ""dear indosat , sy mau isi paketan , tetapi kenapa tidak bisa ya , sudah sejak jam xxxnumberxxx tadi , pulsa sdh masuk tapi tdk bisa aktip"", ""iya kak terimakasih . tapi tadi sudah datang ke galeri indosatnya langsung . sudah normal lagi""]",False,5,1360,15,False,54
google/gemma-3-4b-it,formal,informal,hybrid_early,0.3,sama . http error terus katanya .,"min, sama kayaknya error http terus tuh.",False,252,4200126,42,"[""tolong dong xxxuserxxx dari kmaren sore jaringan nya full tapi nggak nyambung ke internet padahal kuota dah lumayan banyak"", ""please xxxuserxxx jaringan , kenapa ngilang gak jelas mulu ."", ""udah xxxnumberxxx menit stuck gini terus , padahal koneksi internet saya normal . tolong di bantu"", ""min maaf lagi gangguan apa gimana ? dari tadi ga konek internet terus"", ""pagi min , ini saya top up pulsa ko gagal terus ya . itu kenapa ya min ?""]",False,5,1314,11,False,40
google/gemma-3-4b-it,formal,informal,hybrid_early,0.3,"ok ana , lebih baik kalau tokopedia punya sertifikat penjual , sehingga penjual - penjual tidak bisa seenaknya memperlakukan pelanggan .","min, ini tokopedia nya, kenapa gak direspon ya, kalau ada sertifikat penjual, takutnya penjual seenaknya ngelakuin ke pelanggan.",False,254,4200127,42,"[""tadi saya topup ke shopee pay , sudah berhasil tapi kok di aplikasi tetep xxxnumberxxx ya ? tolong baca dm saya ya . terimakasih"", ""hallo min selamat pagi , no resi jp xxxphonexxx diperkiran bakal diterima hari ini . tapi malah di disimpan kalau ada alamat yang salah tolong diinfo kan ."", ""min , udh xxxnumberxxx hari ini saya mau gofood kok gak dapet driver terus ? apa aplikasi gojek lagi error ?"", ""saya mau tanya , ini saya mau beli paket yellow kenapa sama xxxnumberxxx tidak direspon / tidak dibalas"", ""maaf min mau nanya apakah bener ini nomor dari gojek ? + xxxnumberxxx""]",False,5,1560,33,False,128
google/gemma-3-4b-it,formal,informal,hybrid_early,0.3,halo kak . mohon dibantu untuk input resi manual nomor transaksi xxxnumberxxx karena menggunakan ekspedisi yang berbeda . terlampir fisik resi kiriman . terima kasih .,"halo kak , mohon bantu input resi manual no transaksi xxxnumberxxx karena pakai ekspedisi beda . lampiran fisik resi kirimannya. makasih.",False,256,4200128,42,"[""malam , mohon info paket saya sejak tanggal xxxnumberxxx tertahan dgn status itu . blm terkirim sampai sekarang , ada apa ya ?"", ""halo . paket saya dengan no resi xxxnumberxxx tidak ada pergerakan dari kemarin . tolong konfirmasi nya"", ""ka paket no resi ini xxxnumberxxx udah sampai dimana ya ?"", ""maaf min mau nanya apakah bener ini nomor dari gojek ? + xxxnumberxxx"", ""hallo min selamat pagi , no resi jp xxxphonexxx diperkiran bakal diterima hari ini . tapi malah di disimpan kalau ada alamat yang salah tolong diinfo kan .""]",False,5,1538,37,False,137
google/gemma-3-4b-it,formal,informal,hybrid_early,0.3,kenapa saya mau berhenti paket bundling harus menunggu xxxnumberxxx hari ? ini namanya memaksa saya harus menggunakan / membayar !,"""kok bisa sih harus nunggu xxxnumberxxx hari buat cancel bundling? ini gak enak, maksa buat bayar!""",True,258,4200129,42,"[""ini kenapa lagi ya mau perpanjang internet ga bisa ? xxxnumberxxx juga ga bisa ?"", ""sore min , ini ada keluhan nomer saya pulsa kesedot terus , padahal tidak berlangganan paket apapun . tolong di cek min + xxxnumberxxx xxxnumberxxx - xxxnumberxxx - xxxnumberxxx"", ""min kalo mau transfer pulsa ke telkomsel bisa ga cuma xxxnumberxxx ribu gitu"", ""dear indosat , sy mau isi paketan , tetapi kenapa tidak bisa ya , sudah sejak jam xxxnumberxxx tadi , pulsa sdh masuk tapi tdk bisa aktip"", ""halo mas / mba xxxuserxxx ini nomor halo saya udah xxxnumberxxx hari gak bisa dipake . rugi dong bayar tagihan doang tapi gak kepake ~""]",False,5,1595,27,False,99
google/gemma-3-4b-it,formal,informal,hybrid_early,0.3,"semoga diganti dengan yang lebih baik , mbak .","mbak , semoga bisa bgs ya",False,260,4200130,42,"[""sudah kak , sudah saya ganti ke xxxnumberxxx g tp ttp susah"", ""masalahnya akun driver bisa bisanya kena bajak . tidak ada pilihan cancel , karena itu yang buat mbak ini ketipu , bang jek ! xxxnumberxxx ! xxxnumberxxx ! xxxnumberxxx ! xxxnumberxxx ! xxxnumberxxx !"", ""maaf min mau nanya apakah bener ini nomor dari gojek ? + xxxnumberxxx"", ""hallo min selamat pagi , no resi jp xxxphonexxx diperkiran bakal diterima hari ini . tapi malah di disimpan kalau ada alamat yang salah tolong diinfo kan ."", ""malam , mohon info paket saya sejak tanggal xxxnumberxxx tertahan dgn status itu . blm terkirim sampai sekarang , ada apa ya ?""]",False,5,1516,10,False,25
google/gemma-3-4b-it,formal,informal,hybrid_early,0.3,kapan ada cashback go - ride ? jadi boros hidup saya .,“kok cashback go-ride nya kapan ya? udah bikin dompet saya makin tipis nih.”,False,262,4200131,42,"[""grab paket hemat saya billingnya itu tgl xxxnumberxxx juli xxxnumberxxx sekarang aja udh agustus kok subscribe nya masih aktif ya ?"", ""halo saya top up grab ovo lewat atm barusan tapi kok belum masuk ya ?"", ""ini kenapa lagi ya mau perpanjang internet ga bisa ? xxxnumberxxx juga ga bisa ?"", ""tadi saya topup ke shopee pay , sudah berhasil tapi kok di aplikasi tetep xxxnumberxxx ya ? tolong baca dm saya ya . terimakasih"", ""min , udh xxxnumberxxx hari ini saya mau gofood kok gak dapet driver terus ? apa aplikasi gojek lagi error ?""]",False,5,1431,22,False,76
google/gemma-3-4b-it,formal,informal,hybrid_early,0.3,xxxnumberxxx ini pembeli sudah konfirmasi dan tidak komplain . kenapa dananya tidak cair ?,"“kok dana pembeli gak cair ya, padahal dia udah konfirmasi gak komplain?”",False,264,4200132,42,"[""pengembalian saldo karena gagal penarikan membutuhkan waktu berapa lama ya ? saya sudah laporan xxxnumberxxx hari kerja sampai skr masih proses ditindak lanjuti terus"", ""malam , mohon info paket saya sejak tanggal xxxnumberxxx tertahan dgn status itu . blm terkirim sampai sekarang , ada apa ya ?"", ""admin , kok dm saya belum di respon - respon ya ? sudah xxxnumberxxx hari nih min"", ""halo . paket saya dengan no resi xxxnumberxxx tidak ada pergerakan dari kemarin . tolong konfirmasi nya"", ""tadi saya topup ke shopee pay , sudah berhasil tapi kok di aplikasi tetep xxxnumberxxx ya ? tolong baca dm saya ya . terimakasih""]",False,5,1555,21,False,73
google/gemma-3-4b-it,formal,informal,hybrid_early,0.3,tolong dipercepat . saya sudah bayar sebelum jatuh tempo pembayaran penuh . saya malas meladeni jika ada dept kolektor yang menghubungi .,"tolong di percepat dong . udah bayar kan sebelum tanggal jatuh tempo beneran , males deh kalo ada kolektor yang ngehubungin .",False,266,4200133,42,"[""pengembalian saldo karena gagal penarikan membutuhkan waktu berapa lama ya ? saya sudah laporan xxxnumberxxx hari kerja sampai skr masih proses ditindak lanjuti terus"", "". ada apa dengan kurir pos . sampai saat ini belum juga update ongkir nya . padahal sudah dari tgl . xxxdatexxx sudah berlaku tarif baru ."", ""grab paket hemat saya billingnya itu tgl xxxnumberxxx juli xxxnumberxxx sekarang aja udh agustus kok subscribe nya masih aktif ya ?"", ""lha gimana bos . urgen . telopon ke xxxnumberxxx nunggu lama bgt , giliran udh nyambung cs nanyanya panjang x lebar keburu habis pulsa masalah gak kelar ."", ""ini min minta tolong di cek sudah sampe mana . masa sudah xxxnumberxxx minggu blm sampe . tolong banget min di update smp mana""]",False,5,1713,31,False,125
google/gemma-3-4b-it,formal,informal,hybrid_early,0.3,"xxxdatexxx , kak ? apakah berarti tanggalnya mundur ? xxxdatexxx seperti terus jangan gratis hahaha .",apa ini tanggalnya mundur ya kak ? xxxdatexxx kok kayaknya makin pendek aja hahaha.,False,268,4200134,42,"[""ini kenapa lagi ya mau perpanjang internet ga bisa ? xxxnumberxxx juga ga bisa ?"", ""kak , tadi coba mau beli pulsa telkomsel xxxnumberxxx xxxnumberxxx xxxnumberxxx k , tapi koq dibatalkan mulu ya ? apa stok nya lagi kosong ?"", ""selamat malam xxxuserxxx mau tanya , kenapa bonus kuota aplikasi nya gak bisa di pake ? malah kesedot terus kuota utama nya . terimakasih"", ""gak ada balasan sampai sekarang . apa karena cuma terpotong xxxnumberxxx xxxnumberxxx ribu aja ?"", ""keuntungan xxxnumberxxx nya kok ga bisa ya min ?""]",False,5,1463,20,False,83
google/gemma-3-4b-it,formal,informal,hybrid_early,0.3,"admin , tolong dm dibalas .","min, tolong dm dibalas.",False,270,4200135,42,"[""sudah saya dm min , mohon di cek"", ""min tolong cek dm ya . makasiih"", ""sudah saya dm . mohon di balas"", ""udah min , tolong cek dm ya"", ""selamat malam , tolong cek dm ya min , kiriman paket saya blm di kirim .""]",False,5,1080,10,False,23
google/gemma-3-4b-it,formal,informal,hybrid_early,0.3,sekarang sudah bisa min . sudah dipakai juga vouchernya . terima kasih atas balasannya .,"selamat malam , sudah bisa kok min . udah dipake juga vouchernya . makasih banyak atas balasannya .",False,272,4200136,42,"[""malam , mau komplain . paket statusnya sudah sampai . tapi saya belum terima paket . mohon bantuannya . terima kasih ."", ""malam , mohon info paket saya sejak tanggal xxxnumberxxx tertahan dgn status itu . blm terkirim sampai sekarang , ada apa ya ?"", ""ini min minta tolong di cek sudah sampe mana . masa sudah xxxnumberxxx minggu blm sampe . tolong banget min di update smp mana"", ""selamat malam , tolong cek dm ya min , kiriman paket saya blm di kirim ."", ""iya kak terimakasih . tapi tadi sudah datang ke galeri indosatnya langsung . sudah normal lagi""]",False,5,1485,25,False,99
google/gemma-3-4b-it,formal,informal,hybrid_early,0.3,"hai , mengapa saat saya mau top up di atm , menurutnya akun saya tidak terdaftar ? terima kasih .","“halo , kenapa pas aku top up di atm , malah di info akunnya gak terdaftar ya , makasih.”",False,274,4200137,42,"[""halo saya top up grab ovo lewat atm barusan tapi kok belum masuk ya ?"", ""malam , mohon info paket saya sejak tanggal xxxnumberxxx tertahan dgn status itu . blm terkirim sampai sekarang , ada apa ya ?"", ""saya kirim uang , kenapa tidak masuk ? padahal status berhasil dan saldo sya terpotong"", ""maaf min mau nanya apakah bener ini nomor dari gojek ? + xxxnumberxxx"", ""dear indosat , sy mau isi paketan , tetapi kenapa tidak bisa ya , sudah sejak jam xxxnumberxxx tadi , pulsa sdh masuk tapi tdk bisa aktip""]",False,5,1445,26,False,89
google/gemma-3-4b-it,formal,informal,hybrid_early,0.3,"jika betul saldo saya sudah terpotong , kembalikan segera .","“kalau bener saldo sya udah abis, tolong kembalikan dong segera.”",False,276,4200138,42,"[""saya kirim uang , kenapa tidak masuk ? padahal status berhasil dan saldo sya terpotong"", ""pengembalian saldo karena gagal penarikan membutuhkan waktu berapa lama ya ? saya sudah laporan xxxnumberxxx hari kerja sampai skr masih proses ditindak lanjuti terus"", ""malam , mohon info paket saya sejak tanggal xxxnumberxxx tertahan dgn status itu . blm terkirim sampai sekarang , ada apa ya ?"", ""halo min saldo ovo ga muncul di grab , padahal nomor hp sudah sama . tolong cek dm ya min"", ""dear indosat , sy mau isi paketan , tetapi kenapa tidak bisa ya , sudah sejak jam xxxnumberxxx tadi , pulsa sdh masuk tapi tdk bisa aktip""]",False,5,1524,21,False,65
google/gemma-3-4b-it,formal,informal,hybrid_early,0.3,ternyata benar . saya kira hoax . tahu saja tanggal tua . terima kasih .,"“iya min beneran , kmaren kira² boong. udah lama juga nih , makasih banyak.”",True,278,4200139,42,"[""ini min minta tolong di cek sudah sampe mana . masa sudah xxxnumberxxx minggu blm sampe . tolong banget min di update smp mana"", ""hallo min selamat pagi , no resi jp xxxphonexxx diperkiran bakal diterima hari ini . tapi malah di disimpan kalau ada alamat yang salah tolong diinfo kan ."", ""malam , mohon info paket saya sejak tanggal xxxnumberxxx tertahan dgn status itu . blm terkirim sampai sekarang , ada apa ya ?"", ""saya mau tanya , ini saya mau beli paket yellow kenapa sama xxxnumberxxx tidak direspon / tidak dibalas"", ""maaf min mau nanya apakah bener ini nomor dari gojek ? + xxxnumberxxx""]",False,5,1512,25,False,76
google/gemma-3-4b-it,formal,informal,hybrid_early,0.3,"siang , mau bertanya . mengapa pakey saya belum sampai ? padahal menggunakan lazeres . dari kemarin informasinya sedang diproses terus . mohon informasinya . terima kasih .","siang , mau tanya , kenapa paketku blm smpai ? pdahal pake lazeres . dari kemarin infonya lagi diproses terus . mohon infonya dong . makasih .",False,280,4200140,42,"[""malam , mohon info paket saya sejak tanggal xxxnumberxxx tertahan dgn status itu . blm terkirim sampai sekarang , ada apa ya ?"", ""grab paket hemat saya billingnya itu tgl xxxnumberxxx juli xxxnumberxxx sekarang aja udh agustus kok subscribe nya masih aktif ya ?"", ""halo min saldo ovo ga muncul di grab , padahal nomor hp sudah sama . tolong cek dm ya min"", ""saya mau tanya , ini saya mau beli paket yellow kenapa sama xxxnumberxxx tidak direspon / tidak dibalas"", ""ini min minta tolong di cek sudah sampe mana . masa sudah xxxnumberxxx minggu blm sampe . tolong banget min di update smp mana""]",False,5,1608,40,False,142
google/gemma-3-4b-it,formal,informal,hybrid_early,0.3,"nomor saya sudah benar , menghilangkan xxxnumberxxx di depan . tetapi tetap tidak mendapat sms otp , padahal mau top up gopay .","“nomor saya bener kok, udah dihapus xxxnumberxxx nya. tapi tetep gak dpt sms otp, mau top up gopay nih.”",False,282,4200141,42,"[""saya mau tanya , ini saya mau beli paket yellow kenapa sama xxxnumberxxx tidak direspon / tidak dibalas"", ""malam , mohon info paket saya sejak tanggal xxxnumberxxx tertahan dgn status itu . blm terkirim sampai sekarang , ada apa ya ?"", ""jp xxxphonexxx min tolong dong ini paket saya ga nyampe nyampe , padahal ngirim sesama jakarta bisa xxxnumberxxx harian ."", ""sudah kak , sudah saya ganti ke xxxnumberxxx g tp ttp susah"", ""jb xxxphonexxx , sudah seminggu paket ngga nyampe , padahal masih dalam jakarta , ini malah dikirm ke surabaya buat apa coba ? jnt sistemnya gimana sih ?""]",False,5,1550,36,False,104
google/gemma-3-4b-it,formal,informal,hybrid_early,0.3,"tidak usah dicari . saya sudah tidak menghindar dari kalian teman - teman . selamat , amplop yang kalian sepelekan sudah berpindah ke ninj * dan balik ke jn * .","halo min , amplop yang kalian sepelekan udah sampai ninj * , balik ke jn * nih , udah pindah!",False,284,4200142,42,"[""hallo min selamat pagi , no resi jp xxxphonexxx diperkiran bakal diterima hari ini . tapi malah di disimpan kalau ada alamat yang salah tolong diinfo kan ."", ""lha gimana bos . urgen . telopon ke xxxnumberxxx nunggu lama bgt , giliran udh nyambung cs nanyanya panjang x lebar keburu habis pulsa masalah gak kelar ."", ""saya mau tanya , ini saya mau beli paket yellow kenapa sama xxxnumberxxx tidak direspon / tidak dibalas"", ""ini min minta tolong di cek sudah sampe mana . masa sudah xxxnumberxxx minggu blm sampe . tolong banget min di update smp mana"", ""halo min , saya mau mengnonaktifkan akun gojek saya mohon dicek dmnya . sedih nih udah dari kemarin nge - mention ga di respon""]",False,5,1685,28,False,93
google/gemma-3-4b-it,formal,informal,hybrid_early,0.3,bagaimana caranya menghentikan sms spam iklan yang setiap hari masuk ke nomorku ? aku pakai .,"“mau tanya, kok tiap hari masuk sms iklan dari nomor berapa ya? saya pakai .”",False,286,4200143,42,"[""sore min , ini ada keluhan nomer saya pulsa kesedot terus , padahal tidak berlangganan paket apapun . tolong di cek min + xxxnumberxxx xxxnumberxxx - xxxnumberxxx - xxxnumberxxx"", ""cek dm coba xxxuserxxx dari tadi komplen ngga ada respon , pulsa udah kepotong kena tarif per kb"", ""dear indosat , sy mau isi paketan , tetapi kenapa tidak bisa ya , sudah sejak jam xxxnumberxxx tadi , pulsa sdh masuk tapi tdk bisa aktip"", ""malam , mohon info paket saya sejak tanggal xxxnumberxxx tertahan dgn status itu . blm terkirim sampai sekarang , ada apa ya ?"", ""saya mau tanya , ini saya mau beli paket yellow kenapa sama xxxnumberxxx tidak direspon / tidak dibalas""]",False,5,1593,20,False,77
google/gemma-3-4b-it,formal,informal,hybrid_early,0.3,"halo admin xxxuserxxx , tolong cek dm , segera !","hai , xxxuserxxx tolong cek dm saya ya , thanks !",False,288,4200144,42,"[""halo admin xxxuserxxx cek dm dong"", ""gimana cara dm nya kak ? nomor saya xxxnumberxxx"", ""hai , xxxuserxxx tolong cek dm saya ya , thanks !"", ""min , jaringan xxxnumberxxx g dilokasi ini error . tolong dibantu cek dong . tks before"", ""tolong cek jb xxxphonexxx dr tgl xxxnumberxxx kok ga ada status lagi""]",False,5,1194,16,False,49
google/gemma-3-4b-it,formal,informal,hybrid_early,0.3,hi kakak dira . bisa kirimkan screen shot notifikasi yang diterima melalui dm twitter xxxuserxxx agar dapat dicek lebih lanjut kakak ? - roky,"“kak roky, bisa kirim ss notif dm twitter @xxxuserxxx buat dicek lanjut ya kak?”",False,290,4200145,42,"[""malam , mohon info paket saya sejak tanggal xxxnumberxxx tertahan dgn status itu . blm terkirim sampai sekarang , ada apa ya ?"", ""hai jnt xxxuserxxx mau tanya dong kenapa paket yg saya kirim masih gini aja ya mohon pencerahannya"", ""maaf min mau nanya apakah bener ini nomor dari gojek ? + xxxnumberxxx"", ""admin , kok dm saya belum di respon - respon ya ? sudah xxxnumberxxx hari nih min"", ""saya mau tanya , ini saya mau beli paket yellow kenapa sama xxxnumberxxx tidak direspon / tidak dibalas""]",False,5,1479,25,False,80
google/gemma-3-4b-it,formal,informal,hybrid_early,0.3,tolong cek dm saya . terima kasih .,"selamat malam , tolong cek dm saya . terima kasih",False,292,4200146,42,"[""min tolong cek dm ya . terima kasih"", ""min tolong cek dm ya . makasiih"", ""mohon cek dm saya , terima kasih"", ""sudah saya dm min , mohon di cek"", ""selamat malam , tolong cek dm ya min , kiriman paket saya blm di kirim .""]",False,5,1098,14,False,49
google/gemma-3-4b-it,formal,informal,hybrid_early,0.3,"dear ovo , tanggal xxxnumberxxx kemarin saya sudah lunaskan tagihan paylater , tapi kenapa masih dapat tagihan ? bagaimana ? tolong bantu . terima kasih .","dear ovo, kemarin tanggal xxxnumberxxx aku udah lunasin tagihan paylater, kok masih ada tagihan ya? gimana ini tolong bantu dong. makasih.",False,294,4200147,42,"[""malam , mohon info paket saya sejak tanggal xxxnumberxxx tertahan dgn status itu . blm terkirim sampai sekarang , ada apa ya ?"", ""tadi saya topup ke shopee pay , sudah berhasil tapi kok di aplikasi tetep xxxnumberxxx ya ? tolong baca dm saya ya . terimakasih"", ""grab paket hemat saya billingnya itu tgl xxxnumberxxx juli xxxnumberxxx sekarang aja udh agustus kok subscribe nya masih aktif ya ?"", ""sore min , ini ada keluhan nomer saya pulsa kesedot terus , padahal tidak berlangganan paket apapun . tolong di cek min + xxxnumberxxx xxxnumberxxx - xxxnumberxxx - xxxnumberxxx"", ""dear indosat , sy mau isi paketan , tetapi kenapa tidak bisa ya , sudah sejak jam xxxnumberxxx tadi , pulsa sdh masuk tapi tdk bisa aktip""]",False,5,1714,36,False,138
google/gemma-3-4b-it,formal,informal,hybrid_early,0.3,yang pasti lebih cepat ant - man dan spiderman . maksudnya lebih cepat tayang di bioskop hahaha .,"“ya bener min , lebih cepet ant man sama spiderman , maksudnya tayang di bioskop lebih cepet hahaha.”",False,296,4200148,42,"[""tolong dong xxxuserxxx dari kmaren sore jaringan nya full tapi nggak nyambung ke internet padahal kuota dah lumayan banyak"", ""udah xxxnumberxxx menit stuck gini terus , padahal koneksi internet saya normal . tolong di bantu"", ""maaf min no saya tidak bisa dipakai internet , nelpon dll . mohon ditanggapi dm saya"", ""ini min minta tolong di cek sudah sampe mana . masa sudah xxxnumberxxx minggu blm sampe . tolong banget min di update smp mana"", ""saya mau tanya , ini saya mau beli paket yellow kenapa sama xxxnumberxxx tidak direspon / tidak dibalas""]",False,5,1490,29,False,101
google/gemma-3-4b-it,formal,informal,hybrid_early,0.3,apa fungsi dari telepon admin ? dihubungi juga tidak bisa . bagaimana ini .,"“min, ini fungsinya telepon admin buat apa ya? udah dihubungin gak bisa, gimana ini?”",False,298,4200149,42,"[""maaf min no saya tidak bisa dipakai internet , nelpon dll . mohon ditanggapi dm saya"", ""dear indosat , sy mau isi paketan , tetapi kenapa tidak bisa ya , sudah sejak jam xxxnumberxxx tadi , pulsa sdh masuk tapi tdk bisa aktip"", ""min , ini kenapa saya gak bisa sms ya ? saya mau konfirmasi pembelian paket gagal mulu sms nya drtd ."", ""malam , mohon info paket saya sejak tanggal xxxnumberxxx tertahan dgn status itu . blm terkirim sampai sekarang , ada apa ya ?"", ""saya mau tanya , ini saya mau beli paket yellow kenapa sama xxxnumberxxx tidak direspon / tidak dibalas""]",False,5,1487,25,False,85
google/gemma-3-4b-it,formal,informal,hybrid_early,0.3,"admin , bagaimana ini ? ah , tidak bisa kirim pesan , pulsa terpotong , kesal saya .","“kak, kenapa ya? pas mau kirim pesen, pulsa abis. kesel banget nih.”",False,300,4200150,42,"[""malam , mohon info paket saya sejak tanggal xxxnumberxxx tertahan dgn status itu . blm terkirim sampai sekarang , ada apa ya ?"", ""sore min , ini ada keluhan nomer saya pulsa kesedot terus , padahal tidak berlangganan paket apapun . tolong di cek min + xxxnumberxxx xxxnumberxxx - xxxnumberxxx - xxxnumberxxx"", ""grab paket hemat saya billingnya itu tgl xxxnumberxxx juli xxxnumberxxx sekarang aja udh agustus kok subscribe nya masih aktif ya ?"", ""dear indosat , sy mau isi paketan , tetapi kenapa tidak bisa ya , sudah sejak jam xxxnumberxxx tadi , pulsa sdh masuk tapi tdk bisa aktip"", ""ini kenapa lagi ya mau perpanjang internet ga bisa ? xxxnumberxxx juga ga bisa ?""]",False,5,1596,24,False,68
google/gemma-3-4b-it,formal,informal,hybrid_early,0.3,"itu sudah tahu , tapi masih saja error begitu .","“iya sih , udah tau , tapi masih aja error gitu.”",True,302,4200151,42,"[""sudah kak , sudah saya ganti ke xxxnumberxxx g tp ttp susah"", ""akun sy disuspend gara2 saya cancel terus . padahal saya buru2 dan dapatnya driver ganjil terus di hari yang genap . mohon dm saya ya"", ""malam , mohon info paket saya sejak tanggal xxxnumberxxx tertahan dgn status itu . blm terkirim sampai sekarang , ada apa ya ?"", ""iya kak terimakasih . tapi tadi sudah datang ke galeri indosatnya langsung . sudah normal lagi"", ""maaf min mau nanya apakah bener ini nomor dari gojek ? + xxxnumberxxx""]",False,5,1389,15,False,49
google/gemma-3-4b-it,formal,informal,hybrid_early,0.3,"apakah sedang gangguan ? mengapa paket tiba - tiba tidak dapat diperbaharui otomatis ? ingin mengganti paket , namun tidak bisa .","“Halo, kok ganggu ya? Kenapa paketnya tiba-tiba nggak bisa diperbarui otomatis? Mau ganti paket, tapi kok nggak bisa ya?”",False,304,4200152,42,"[""dear indosat , sy mau isi paketan , tetapi kenapa tidak bisa ya , sudah sejak jam xxxnumberxxx tadi , pulsa sdh masuk tapi tdk bisa aktip"", ""malam , mohon info paket saya sejak tanggal xxxnumberxxx tertahan dgn status itu . blm terkirim sampai sekarang , ada apa ya ?"", ""halo min saldo ovo ga muncul di grab , padahal nomor hp sudah sama . tolong cek dm ya min"", ""baiklah , terimakasih . tapi saya kan tidak sedang berlangganan apa - apa tapi kenapa pulsa saya kesedot ya min ? kira - kira bagaimana ya mengeceknya ? sebelumnya tidak pernah"", ""ini masih gangguan sinyal xxxnumberxxx g ga bisa aktif datanya ?""]",False,5,1582,34,False,121
google/gemma-3-4b-it,formal,informal,hybrid_early,0.3,"sudah berkali - kali pakai dari kemarin , tapi tetap belum ada promonya .","udah lama banget dari kemarin, kok promo nya masih gak nongol ya?",False,306,4200153,42,"[""grab paket hemat saya billingnya itu tgl xxxnumberxxx juli xxxnumberxxx sekarang aja udh agustus kok subscribe nya masih aktif ya ?"", ""sudah kak , sudah saya ganti ke xxxnumberxxx g tp ttp susah"", ""malam , mohon info paket saya sejak tanggal xxxnumberxxx tertahan dgn status itu . blm terkirim sampai sekarang , ada apa ya ?"", ""saya mau tanya , ini saya mau beli paket yellow kenapa sama xxxnumberxxx tidak direspon / tidak dibalas"", ""sudah xxxnumberxxx hari , status belum juga berubah nih min . tadi udah telfon qc katanya cuma suruh nunggu""]",False,5,1460,16,False,65
google/gemma-3-4b-it,formal,informal,hybrid_early,0.3,"wah , kasusnya panjang ini . masa , satu akun e - commerce saya harus menyiapkan beda - beda nomor telepon .","halo min, masalahnya gimana tuh? akun e-commerce gue harus pake nomor beda-beda gitu ya?",True,308,4200154,42,"[""lha gimana bos . urgen . telopon ke xxxnumberxxx nunggu lama bgt , giliran udh nyambung cs nanyanya panjang x lebar keburu habis pulsa masalah gak kelar ."", ""hallo min selamat pagi , no resi jp xxxphonexxx diperkiran bakal diterima hari ini . tapi malah di disimpan kalau ada alamat yang salah tolong diinfo kan ."", ""min kalau mau buat nomer kartu halo baru yang xxxnumberxxx itu bagaimana prosedur dan biayanya ?"", ""halo min , cara cek riwayat pengisian pulsa gimana ya ?"", ""halo min saldo ovo ga muncul di grab , padahal nomor hp sudah sama . tolong cek dm ya min""]",False,5,1518,24,False,88
google/gemma-3-4b-it,formal,informal,hybrid_early,0.3,berapa lama waktu yang dibutuhkan untuk konfirmasi sms collect ?,"min, estimasi sms collect berapa lama ya?",False,310,4200155,42,"[""malam , mohon info paket saya sejak tanggal xxxnumberxxx tertahan dgn status itu . blm terkirim sampai sekarang , ada apa ya ?"", ""halo min saldo ovo ga muncul di grab , padahal nomor hp sudah sama . tolong cek dm ya min"", ""min untuk resi jp xxxphonexxx estimasi berapa hari nyampe nya ?"", ""jb xxxphonexxx , sudah seminggu paket ngga nyampe , padahal masih dalam jakarta , ini malah dikirm ke surabaya buat apa coba ? jnt sistemnya gimana sih ?"", ""cek dm coba xxxuserxxx dari tadi komplen ngga ada respon , pulsa udah kepotong kena tarif per kb""]",False,5,1452,12,False,41
google/gemma-3-4b-it,formal,informal,hybrid_early,0.3,"ya allah , aku baca keseluruhan merinding punya mamaku belum cetak resi . sudah lama tapi mengecek rutin .","Assalamualaikum, udah lama nih resi mamaku blum dicetak, bikin merinding. udah sering dicek juga gak ada kabar.",False,312,4200156,42,"[""malam , mohon info paket saya sejak tanggal xxxnumberxxx tertahan dgn status itu . blm terkirim sampai sekarang , ada apa ya ?"", ""malam , saya mau mengembalikan barang krn salah kirim . diinfo harus upload bukti pengirimannya . uploadnya dimana ya ? makasih"", ""grab paket hemat saya billingnya itu tgl xxxnumberxxx juli xxxnumberxxx sekarang aja udh agustus kok subscribe nya masih aktif ya ?"", ""hallo min selamat pagi , no resi jp xxxphonexxx diperkiran bakal diterima hari ini . tapi malah di disimpan kalau ada alamat yang salah tolong diinfo kan ."", ""malam , mau komplain . paket statusnya sudah sampai . tapi saya belum terima paket . mohon bantuannya . terima kasih .""]",False,5,1624,29,False,111
google/gemma-3-4b-it,formal,informal,hybrid_early,0.3,"admin , saya salah kode pembelian gopay . jadi masuknya ke driver . padahal saya bukan driver . bisa dibantu saldonya dipindah ke gopay saya ?","admin, kok kemarin gopay saya salah masuk ke saldo driver ya? padahal bukan saya yang jadi driver. tolong bantu dipindah ke gopay saya dong.",False,314,4200157,42,"[""halo min saldo ovo ga muncul di grab , padahal nomor hp sudah sama . tolong cek dm ya min"", ""min , kmaren sy naik grab tp kok nda bisa bayar pake saldo gopay"", ""grab paket hemat saya billingnya itu tgl xxxnumberxxx juli xxxnumberxxx sekarang aja udh agustus kok subscribe nya masih aktif ya ?"", ""malam , mohon info paket saya sejak tanggal xxxnumberxxx tertahan dgn status itu . blm terkirim sampai sekarang , ada apa ya ?"", ""jb xxxphonexxx , sudah seminggu paket ngga nyampe , padahal masih dalam jakarta , ini malah dikirm ke surabaya buat apa coba ? jnt sistemnya gimana sih ?""]",False,5,1566,37,False,140
google/gemma-3-4b-it,formal,informal,hybrid_early,0.3,"tidak ada kak . hanya ingin bilang saja , jika harga paket internetnya tidak bisa dimurahkan lagi ?","""apa ya kak, pengen tanya harga paket internetnya bisa diturunin gak?""",False,316,4200158,42,"[""dear indosat , sy mau isi paketan , tetapi kenapa tidak bisa ya , sudah sejak jam xxxnumberxxx tadi , pulsa sdh masuk tapi tdk bisa aktip"", ""ini kenapa lagi ya mau perpanjang internet ga bisa ? xxxnumberxxx juga ga bisa ?"", ""sore min , ini ada keluhan nomer saya pulsa kesedot terus , padahal tidak berlangganan paket apapun . tolong di cek min + xxxnumberxxx xxxnumberxxx - xxxnumberxxx - xxxnumberxxx"", ""baiklah , terimakasih . tapi saya kan tidak sedang berlangganan apa - apa tapi kenapa pulsa saya kesedot ya min ? kira - kira bagaimana ya mengeceknya ? sebelumnya tidak pernah"", ""min kalo mau transfer pulsa ke telkomsel bisa ga cuma xxxnumberxxx ribu gitu""]",False,5,1606,20,False,70
google/gemma-3-4b-it,formal,informal,hybrid_early,0.3,"kak , beli barang dengan harga xxxnumberxxx dikirim dari luar negeri , apakah kena pajak ?","min, beli barang dari luar negri, kira2 kena pajak gak ya?",False,318,4200159,42,"[""jp xxxphonexxx min tolong dong ini paket saya ga nyampe nyampe , padahal ngirim sesama jakarta bisa xxxnumberxxx harian ."", ""kak , tadi coba mau beli pulsa telkomsel xxxnumberxxx xxxnumberxxx xxxnumberxxx k , tapi koq dibatalkan mulu ya ? apa stok nya lagi kosong ?"", ""min kalo mau transfer pulsa ke telkomsel bisa ga cuma xxxnumberxxx ribu gitu"", ""malam , mohon info paket saya sejak tanggal xxxnumberxxx tertahan dgn status itu . blm terkirim sampai sekarang , ada apa ya ?"", ""no . transaksi xxxnumberxxx barang belum dikirim melebihi batas kirim , dana belum masuk ke saldo bl saya .""]",False,5,1521,17,False,58
google/gemma-3-4b-it,formal,informal,hybrid_early,0.3,"malam , mas tono . kebetulan kekhawatiran saya sudah teratasi , mas . masalah teratasi .","halo mas tono , soal kekhawatiran saya udah beres nih , mas . masalahnya udah kelar .",False,320,4200160,42,"[""hallo min selamat pagi , no resi jp xxxphonexxx diperkiran bakal diterima hari ini . tapi malah di disimpan kalau ada alamat yang salah tolong diinfo kan ."", ""malam , mohon info paket saya sejak tanggal xxxnumberxxx tertahan dgn status itu . blm terkirim sampai sekarang , ada apa ya ?"", ""halo gojek tolong masalah di selesai kan . dan xxxuserxxx sy udah follow up lg ya ini ."", ""min , jaringan xxxnumberxxx g dilokasi ini error . tolong dibantu cek dong . tks before"", ""halo min tolong di bantu no resi jp xxxphonexxx dan jp xxxphonexxx status sudah diterima . tapi saya dan orang rumah belum terima paketnya . tolong dibantu .""]",False,5,1561,24,False,85
google/gemma-3-4b-it,formal,informal,hybrid_early,0.3,"sempat berpikir xxxuserxxx itu fiktif , ternyata asli . terimakasih untuk infonya xxxuserxxx . samsung a50 harga xxxnumberxxx ribu , sudah sampai tanggal xxxdatexxx . mantap ! penuh segel !","hai , mohon info harga samsung a50 sejak tanggal xxxdatexxx , udah sampai xxxnumberxxx ribu , penuh segel ! thanks banget infonya xxxuserxxx.",False,322,4200161,42,"[""maaf min mau nanya apakah bener ini nomor dari gojek ? + xxxnumberxxx"", ""malam , mohon info paket saya sejak tanggal xxxnumberxxx tertahan dgn status itu . blm terkirim sampai sekarang , ada apa ya ?"", ""hai jnt xxxuserxxx mau tanya dong kenapa paket yg saya kirim masih gini aja ya mohon pencerahannya"", ""saya mau tanya , ini saya mau beli paket yellow kenapa sama xxxnumberxxx tidak direspon / tidak dibalas"", ""please xxxuserxxx jaringan , kenapa ngilang gak jelas mulu .""]",False,5,1506,37,False,141
google/gemma-3-4b-it,formal,informal,hybrid_early,0.3,"admin , mengapa akun paylater saya masih coming soon ?","min, kok akun paylater gue masih bilang coming soon ya? tolong di cek dong. makasih.",False,324,4200162,42,"[""tadi saya topup ke shopee pay , sudah berhasil tapi kok di aplikasi tetep xxxnumberxxx ya ? tolong baca dm saya ya . terimakasih"", ""grab paket hemat saya billingnya itu tgl xxxnumberxxx juli xxxnumberxxx sekarang aja udh agustus kok subscribe nya masih aktif ya ?"", ""cara aktifkan paylaternya bagaimana ya min ? saya mau pake di tokopedia"", ""min , ini kenapa saya gak bisa sms ya ? saya mau konfirmasi pembelian paket gagal mulu sms nya drtd ."", ""malam , mohon info paket saya sejak tanggal xxxnumberxxx tertahan dgn status itu . blm terkirim sampai sekarang , ada apa ya ?""]",False,5,1472,23,False,84
google/gemma-3-4b-it,formal,informal,hybrid_early,0.3,delman / andong dan becak di jogja tidak dijadikan partner xxxuserxxx ?,tolong admin paket saya blm terkirim dengan resi jp xxxuserxxx,True,326,4200163,42,"[""cek dm coba xxxuserxxx dari tadi komplen ngga ada respon , pulsa udah kepotong kena tarif per kb"", ""jp xxxphonexxx min tolong dong ini paket saya ga nyampe nyampe , padahal ngirim sesama jakarta bisa xxxnumberxxx harian ."", ""tolong dong xxxuserxxx dari kmaren sore jaringan nya full tapi nggak nyambung ke internet padahal kuota dah lumayan banyak"", ""tolong admin paket saya blm terkirim dengan resi jp xxxphonexxx"", ""kenapa ya kode promo saya grabwae tidak bisa digunakan ? padahal sejak tgl xxxdatexxx ini saya belum pernah sekalipun pakai kode promo tersebut""]",False,5,1477,18,False,62
google/gemma-3-4b-it,formal,informal,hybrid_early,0.3,"saya tidak bisa dm , nomornya xxxnumberxxx . waktu pengisian pulsanya sekitar pukul xxxnumberxxx menggunakan aplikasi dana . mohon infonya .","“kok gak bisa dm nih, nomornya xxxnumberxxx. waktu isi pulsa sekitar jam xxxnumberxxx pakai dana, tolong info dong.”",False,328,4200164,42,"[""malam , mohon info paket saya sejak tanggal xxxnumberxxx tertahan dgn status itu . blm terkirim sampai sekarang , ada apa ya ?"", ""maaf min mau nanya apakah bener ini nomor dari gojek ? + xxxnumberxxx"", ""sore min , ini ada keluhan nomer saya pulsa kesedot terus , padahal tidak berlangganan paket apapun . tolong di cek min + xxxnumberxxx xxxnumberxxx - xxxnumberxxx - xxxnumberxxx"", ""minta pencerahan nya hu . kok saldo ga msk ya , xxxnumberxxx trip xxxnumberxxx . ada apa kah ini"", ""dear indosat , sy mau isi paketan , tetapi kenapa tidak bisa ya , sudah sejak jam xxxnumberxxx tadi , pulsa sdh masuk tapi tdk bisa aktip""]",False,5,1606,32,False,116
google/gemma-3-4b-it,formal,informal,hybrid_early,0.3,rifat girang sekali . selamat bertugas .,"“rifat seneng banget , selamat bertugas ya min.”",False,330,4200165,42,"[""sudah xxxnumberxxx hari , status belum juga berubah nih min . tadi udah telfon qc katanya cuma suruh nunggu"", ""hallo min selamat pagi , no resi jp xxxphonexxx diperkiran bakal diterima hari ini . tapi malah di disimpan kalau ada alamat yang salah tolong diinfo kan ."", ""jb xxxphonexxx , sudah seminggu paket ngga nyampe , padahal masih dalam jakarta , ini malah dikirm ke surabaya buat apa coba ? jnt sistemnya gimana sih ?"", ""jp xxxphonexxx min tolong dong ini paket saya ga nyampe nyampe , padahal ngirim sesama jakarta bisa xxxnumberxxx harian ."", ""malam , mohon info paket saya sejak tanggal xxxnumberxxx tertahan dgn status itu . blm terkirim sampai sekarang , ada apa ya ?""]",False,5,1563,15,False,48
google/gemma-3-4b-it,formal,informal,hybrid_early,0.3,"admin , jak linko bisa digunakan di krl commuterline tidak ?","""admin, jak linko bisa dipakai di krl commuterline gak ya?""",False,332,4200166,42,"[""di busway dan tol bisa normal digunakan , atau buat naik commuter agak berbeda ? mohon info , sayang2 saldo flazz saya kalau dianggap kadaluarsa"", ""jb xxxphonexxx , sudah seminggu paket ngga nyampe , padahal masih dalam jakarta , ini malah dikirm ke surabaya buat apa coba ? jnt sistemnya gimana sih ?"", ""maaf min mau nanya apakah bener ini nomor dari gojek ? + xxxnumberxxx"", ""grab paket hemat saya billingnya itu tgl xxxnumberxxx juli xxxnumberxxx sekarang aja udh agustus kok subscribe nya masih aktif ya ?"", ""jp xxxphonexxx min tolong dong ini paket saya ga nyampe nyampe , padahal ngirim sesama jakarta bisa xxxnumberxxx harian .""]",False,5,1539,18,False,59
google/gemma-3-4b-it,formal,informal,hybrid_early,0.3,"sabar kem , kira - kira ganteng atau tidak daniel dan bani ?","“eh, kira-kira gimana nih, soal status pengiriman paket?”",False,334,4200167,42,"[""paket dengan resi xxxnumberxxx bagaimana ya kabarnya ? kok statusnya ga berubah ya ? kan yes"", ""sudah xxxnumberxxx hari , status belum juga berubah nih min . tadi udah telfon qc katanya cuma suruh nunggu"", ""min kalau mau buat nomer kartu halo baru yang xxxnumberxxx itu bagaimana prosedur dan biayanya ?"", ""sama kayak saya pak paket saya gak saya terima claim gak jelas kapan hasilnya , jangan tunggu ini menyebar ya !"", ""grab paket hemat saya billingnya itu tgl xxxnumberxxx juli xxxnumberxxx sekarang aja udh agustus kok subscribe nya masih aktif ya ?""]",False,5,1458,17,False,57
google/gemma-3-4b-it,formal,informal,hybrid_early,0.3,di m - card - nya juga salah penulisan namanya . sama kayak di profile jenius . beda sama ktp . jadi harus ganti kartu ?,“di m card-nya juga salah tulis namanya. sama kayak di profile Jenius. beda sama ktp. jadi harus ganti kartu?”,False,336,4200168,42,"[""halo min saldo ovo ga muncul di grab , padahal nomor hp sudah sama . tolong cek dm ya min"", ""min kalau mau buat nomer kartu halo baru yang xxxnumberxxx itu bagaimana prosedur dan biayanya ?"", ""halo min , cara cek riwayat pengisian pulsa gimana ya ?"", ""di kebo sirih sinyal bolak balik e terus nih berhari2 . lagi ga stabil apa gimana sih ?"", ""baiklah , terimakasih . tapi saya kan tidak sedang berlangganan apa - apa tapi kenapa pulsa saya kesedot ya min ? kira - kira bagaimana ya mengeceknya ? sebelumnya tidak pernah""]",False,5,1484,32,False,110
google/gemma-3-4b-it,formal,informal,hybrid_early,0.3,mati saja kau admin cacat otak !,"admin brengsek, mati aja!",False,338,4200169,42,"[""grab paket hemat saya billingnya itu tgl xxxnumberxxx juli xxxnumberxxx sekarang aja udh agustus kok subscribe nya masih aktif ya ?"", ""udah masuk email pemberitahuannya suruh cek lagi tetep saldo ga berubah , tapi yasudahlah tak mengapa"", ""min , udh xxxnumberxxx hari ini saya mau gofood kok gak dapet driver terus ? apa aplikasi gojek lagi error ?"", ""halo min , saya mau mengnonaktifkan akun gojek saya mohon dicek dmnya . sedih nih udah dari kemarin nge - mention ga di respon"", ""masalahnya akun driver bisa bisanya kena bajak . tidak ada pilihan cancel , karena itu yang buat mbak ini ketipu , bang jek ! xxxnumberxxx ! xxxnumberxxx ! xxxnumberxxx ! xxxnumberxxx ! xxxnumberxxx !""]",False,5,1559,9,False,25
google/gemma-3-4b-it,formal,informal,hybrid_early,0.3,"pontianak timur , kecamatannya . hp samsung dengan baterai yang tertanam .","“halo min , hp samsungku di pontianak timur , baterainya udah terpasang.”",False,340,4200170,42,"[""min , ini kenapa saya gak bisa sms ya ? saya mau konfirmasi pembelian paket gagal mulu sms nya drtd ."", ""malam , mohon info paket saya sejak tanggal xxxnumberxxx tertahan dgn status itu . blm terkirim sampai sekarang , ada apa ya ?"", ""halo min saldo ovo ga muncul di grab , padahal nomor hp sudah sama . tolong cek dm ya min"", ""jb xxxphonexxx , sudah seminggu paket ngga nyampe , padahal masih dalam jakarta , ini malah dikirm ke surabaya buat apa coba ? jnt sistemnya gimana sih ?"", ""halo min , cara cek riwayat pengisian pulsa gimana ya ?""]",False,5,1459,23,False,73
google/gemma-3-4b-it,formal,informal,hybrid_early,0.3,"halo , admin . promo yang hendak saya gunakan selalu dikatakan fully redeemed , padahal saya belum sekali pun menggunakannya . mengapa ?","halo admin , promo yang mau gue pake selalu bilang fully redeemed , padahal gue belum pernah pake sama sekali . kenapa sih?",False,342,4200171,42,"[""kenapa ya kode promo saya grabwae tidak bisa digunakan ? padahal sejak tgl xxxdatexxx ini saya belum pernah sekalipun pakai kode promo tersebut"", ""halo mas / mba xxxuserxxx ini nomor halo saya udah xxxnumberxxx hari gak bisa dipake . rugi dong bayar tagihan doang tapi gak kepake ~"", ""saya mau tanya , ini saya mau beli paket yellow kenapa sama xxxnumberxxx tidak direspon / tidak dibalas"", ""saya beli voucher fisik indosat xxxnumberxxx gb unlimited , tapi gagal terus kenapa ya ?"", ""selamat malam xxxuserxxx mau tanya , kenapa bonus kuota aplikasi nya gak bisa di pake ? malah kesedot terus kuota utama nya . terimakasih""]",False,5,1602,26,False,123
google/gemma-3-4b-it,formal,informal,hybrid_early,0.3,"halo xxxuserxxx , tolong cek dm ya , saya sudah kirim keluhan via dm . terima kasih .","hai xxxuserxxx , mohon cek dm ya , sudah kirim keluhan via dm . makasih",False,344,4200172,42,"[""malam , mohon info paket saya sejak tanggal xxxnumberxxx tertahan dgn status itu . blm terkirim sampai sekarang , ada apa ya ?"", ""halo xxxuserxxx sudah dibales kembali ya dmnya isi penjelasan saya . mohon dicek kembali . trims"", ""halo xxxuserxxx gimana ya caranya kontak driver utk kirim paket same day xxxnumberxxx hours ? sama sekali gabisa ngirim nih . makasih"", ""maaf min mau nanya apakah bener ini nomor dari gojek ? + xxxnumberxxx"", ""hai jnt xxxuserxxx mau tanya dong kenapa paket yg saya kirim masih gini aja ya mohon pencerahannya""]",False,5,1468,23,False,71
google/gemma-3-4b-it,formal,informal,hybrid_early,0.3,kemarin saya dapat notifikasi promo xxxnumberxxx ribu goride dari & ke stasiun duren kalibata . tapi waktu saya tekan tidak ada apa - apa . cara pakainya bagaimana ?,"min, ini gue mau tanya soal promo goride xxxnumberxxx ribu ke stasiun duren kalibata kemarin. pas gue tekan gak ada apa-apa sih, gimana cara pakai nya?",True,346,4200173,42,"[""saya mau tanya , ini saya mau beli paket yellow kenapa sama xxxnumberxxx tidak direspon / tidak dibalas"", ""sore min , ini ada keluhan nomer saya pulsa kesedot terus , padahal tidak berlangganan paket apapun . tolong di cek min + xxxnumberxxx xxxnumberxxx - xxxnumberxxx - xxxnumberxxx"", ""grab paket hemat saya billingnya itu tgl xxxnumberxxx juli xxxnumberxxx sekarang aja udh agustus kok subscribe nya masih aktif ya ?"", ""maaf min mau nanya apakah bener ini nomor dari gojek ? + xxxnumberxxx"", ""malam , mohon info paket saya sejak tanggal xxxnumberxxx tertahan dgn status itu . blm terkirim sampai sekarang , ada apa ya ?""]",False,5,1632,40,False,151
google/gemma-3-4b-it,formal,informal,hybrid_early,0.3,"admin , kebijakan barukah dana dilepas tanggal xxxnumberxxx ? padahal tanggal xxxnumberxxx pembeli sudah konfirmasi pesanan .","admin , kok dana dilepasnya tanggal xxxnumberxxx ya? padahal pembeli udah konfirmasi pesanan tanggal xxxnumberxxx nih.",False,348,4200174,42,"[""malam , mohon info paket saya sejak tanggal xxxnumberxxx tertahan dgn status itu . blm terkirim sampai sekarang , ada apa ya ?"", ""pembeli sudah konfirmasi dan pesanan selesai kenapa dana tgl xxxdatexxx baru dilepas uii"", ""kak , tadi coba mau beli pulsa telkomsel xxxnumberxxx xxxnumberxxx xxxnumberxxx k , tapi koq dibatalkan mulu ya ? apa stok nya lagi kosong ?"", ""admin , kok dm saya belum di respon - respon ya ? sudah xxxnumberxxx hari nih min"", ""maaf min mau nanya apakah bener ini nomor dari gojek ? + xxxnumberxxx""]",False,5,1490,29,False,118
google/gemma-3-4b-it,formal,informal,hybrid_early,0.3,"saya baru saja dm , mohon diperiksa dm - nya . terima kasih .",min tolong cek dm ya . makasiih,False,350,4200175,42,"[""sudah saya dm min , mohon di cek"", ""malam , mohon info paket saya sejak tanggal xxxnumberxxx tertahan dgn status itu . blm terkirim sampai sekarang , ada apa ya ?"", ""min tolong cek dm ya . terima kasih"", ""selamat malam , tolong cek dm ya min , kiriman paket saya blm di kirim ."", ""min tolong cek dm ya . makasiih""]",False,5,1218,12,False,31
google/gemma-3-4b-it,formal,informal,hybrid_early,0.3,"dear admin , apakah kuota transfer dan cashout gabungan atau berbeda ? terima kasih .","min, cara kerja kuota transfer sama cashoutnya beda apa aja ya? makasih.",False,352,4200176,42,"[""malam , mohon info paket saya sejak tanggal xxxnumberxxx tertahan dgn status itu . blm terkirim sampai sekarang , ada apa ya ?"", ""grab paket hemat saya billingnya itu tgl xxxnumberxxx juli xxxnumberxxx sekarang aja udh agustus kok subscribe nya masih aktif ya ?"", ""halo min , cara cek riwayat pengisian pulsa gimana ya ?"", ""dear indosat , sy mau isi paketan , tetapi kenapa tidak bisa ya , sudah sejak jam xxxnumberxxx tadi , pulsa sdh masuk tapi tdk bisa aktip"", ""min kalo mau transfer pulsa ke telkomsel bisa ga cuma xxxnumberxxx ribu gitu""]",False,5,1471,21,False,72
google/gemma-3-4b-it,formal,informal,hybrid_early,0.3,jp xxxphonexxx paket belum sampai ke penerima tapi sudah tertulis diterima .,"min, paket jp xxxphonexxx kok belum smpai ke penerima padahal udah tulis diterima?",False,354,4200177,42,"[""malam , mohon info paket saya sejak tanggal xxxnumberxxx tertahan dgn status itu . blm terkirim sampai sekarang , ada apa ya ?"", ""jb xxxphonexxx , sudah seminggu paket ngga nyampe , padahal masih dalam jakarta , ini malah dikirm ke surabaya buat apa coba ? jnt sistemnya gimana sih ?"", ""jp xxxphonexxx min tolong dong ini paket saya ga nyampe nyampe , padahal ngirim sesama jakarta bisa xxxnumberxxx harian ."", ""min untuk resi jp xxxphonexxx estimasi berapa hari nyampe nya ?"", ""cek dm coba xxxuserxxx dari tadi komplen ngga ada respon , pulsa udah kepotong kena tarif per kb""]",False,5,1496,22,False,82
google/gemma-3-4b-it,formal,informal,hybrid_early,0.3,"terima kasih xxxuserxxx . sedang krisis moneter seperti ini , sangat berharga untukku .","“makasih yaa xxxuserxxx . skrg kondisi ekonomi kayak gini , bener2 bantu banget buatku.”",False,356,4200178,42,"[""keuntungan xxxnumberxxx nya kok ga bisa ya min ?"", ""min , jaringan xxxnumberxxx g dilokasi ini error . tolong dibantu cek dong . tks before"", ""gak ada balasan sampai sekarang . apa karena cuma terpotong xxxnumberxxx xxxnumberxxx ribu aja ?"", ""kak , tadi coba mau beli pulsa telkomsel xxxnumberxxx xxxnumberxxx xxxnumberxxx k , tapi koq dibatalkan mulu ya ? apa stok nya lagi kosong ?"", ""sudah xxxnumberxxx hari , status belum juga berubah nih min . tadi udah telfon qc katanya cuma suruh nunggu""]",False,5,1426,26,False,88
google/gemma-3-4b-it,formal,informal,hybrid_early,0.3,admin . tolong respon dm saya . terima kasih .,"sudah saya dm min , mohon di respon",False,358,4200179,42,"[""min tolong cek dm ya . terima kasih"", ""min tolong cek dm ya . makasiih"", ""selamat malam , tolong cek dm ya min , kiriman paket saya blm di kirim ."", ""sudah saya dm min , mohon di cek"", ""sudah saya dm . mohon di balas""]",False,5,1107,11,False,35
google/gemma-3-4b-it,formal,informal,hybrid_early,0.3,sinyal telkomsel juga tidak bisa diakses sama sekali .,"""sinyal telkomsel juga nggak bisa diakses sama sekali nih.""",False,360,4200180,42,"[""ini masih gangguan sinyal xxxnumberxxx g ga bisa aktif datanya ?"", ""tolong dong xxxuserxxx dari kmaren sore jaringan nya full tapi nggak nyambung ke internet padahal kuota dah lumayan banyak"", ""lagi gangguan ya tidak bisa telp , sms dan internetan"", ""maaf min no saya tidak bisa dipakai internet , nelpon dll . mohon ditanggapi dm saya"", ""ini kenapa lagi ya mau perpanjang internet ga bisa ? xxxnumberxxx juga ga bisa ?""]",False,5,1318,17,False,59
google/gemma-3-4b-it,formal,informal,hybrid_early,0.3,"admin , cara cek isi ulang dinomor xxxnumberxxx bagaimana caranya ?","min, mau tanya cara cek isi ulang dinomor xxxnumberxxx gimana tuh?",False,362,4200181,42,"[""saya mau tanya , ini saya mau beli paket yellow kenapa sama xxxnumberxxx tidak direspon / tidak dibalas"", ""maaf min mau nanya apakah bener ini nomor dari gojek ? + xxxnumberxxx"", ""malam , mohon info paket saya sejak tanggal xxxnumberxxx tertahan dgn status itu . blm terkirim sampai sekarang , ada apa ya ?"", ""sore min , ini ada keluhan nomer saya pulsa kesedot terus , padahal tidak berlangganan paket apapun . tolong di cek min + xxxnumberxxx xxxnumberxxx - xxxnumberxxx - xxxnumberxxx"", ""dear indosat , sy mau isi paketan , tetapi kenapa tidak bisa ya , sudah sejak jam xxxnumberxxx tadi , pulsa sdh masuk tapi tdk bisa aktip""]",False,5,1540,17,False,66
google/gemma-3-4b-it,formal,informal,hybrid_early,0.3,"admin , mau bertanya , mengapa aku sudah top up shopee pay tetapi di aplikasi aku masih xxxnumberxxx ? padahal sudah ada pemberitahuannya .","admin , kok di aplikasi masih xxxnumberxxx padahal udah top up shopee pay ya? mohon info dong. thanks.",False,364,4200182,42,"[""tadi saya topup ke shopee pay , sudah berhasil tapi kok di aplikasi tetep xxxnumberxxx ya ? tolong baca dm saya ya . terimakasih"", ""grab paket hemat saya billingnya itu tgl xxxnumberxxx juli xxxnumberxxx sekarang aja udh agustus kok subscribe nya masih aktif ya ?"", ""admin , kok dm saya belum di respon - respon ya ? sudah xxxnumberxxx hari nih min"", ""malam , mohon info paket saya sejak tanggal xxxnumberxxx tertahan dgn status itu . blm terkirim sampai sekarang , ada apa ya ?"", ""maaf min mau nanya apakah bener ini nomor dari gojek ? + xxxnumberxxx""]",False,5,1535,27,False,102
google/gemma-3-4b-it,formal,informal,hybrid_early,0.3,ini saya menunggu berapa hari lagi ?,berapa lama lagi nih kira-kira ?,False,366,4200183,42,"[""malam , mohon info paket saya sejak tanggal xxxnumberxxx tertahan dgn status itu . blm terkirim sampai sekarang , ada apa ya ?"", ""bos hari keberapa ini ga masuk2 kuota saya , sudah cukup sabar ya bos !"", ""jb xxxphonexxx , sudah seminggu paket ngga nyampe , padahal masih dalam jakarta , ini malah dikirm ke surabaya buat apa coba ? jnt sistemnya gimana sih ?"", ""pengembalian saldo karena gagal penarikan membutuhkan waktu berapa lama ya ? saya sudah laporan xxxnumberxxx hari kerja sampai skr masih proses ditindak lanjuti terus"", ""grab paket hemat saya billingnya itu tgl xxxnumberxxx juli xxxnumberxxx sekarang aja udh agustus kok subscribe nya masih aktif ya ?""]",False,5,1544,9,False,32
google/gemma-3-4b-it,formal,informal,hybrid_early,0.3,"itu di dm . sejak dahulu , selalu meminta verifikasi . sudah begitu , gagal lagi . apa yang salah ? data kamu sepertinya yang salah .","halo min , sejak dulu selalu minta verifikasi. udah coba, gagal lagi. kenapa yaaa , ada masalah sama dataku nih?",False,368,4200184,42,"[""malam , mohon info paket saya sejak tanggal xxxnumberxxx tertahan dgn status itu . blm terkirim sampai sekarang , ada apa ya ?"", ""oh begitu , tadi aku coba regristrasi ke xxxnumberxxx smsnya gagal terus kak , gimana yaa ?"", ""halo min , saya mau mengnonaktifkan akun gojek saya mohon dicek dmnya . sedih nih udah dari kemarin nge - mention ga di respon"", ""halo min saldo ovo ga muncul di grab , padahal nomor hp sudah sama . tolong cek dm ya min"", ""min , ini kenapa saya gak bisa sms ya ? saya mau konfirmasi pembelian paket gagal mulu sms nya drtd .""]",False,5,1527,28,False,112
google/gemma-3-4b-it,formal,informal,hybrid_early,0.3,saya ingin bertanya apabila transaksi kita melalui edc bca ada kata pend seperti di gambar apakah transaksi berhasil atau tidak ? terima kasih .,"“min, ini EDC BCA kok ada kata 'pend' pas transaksi? transaksi udah berhasil kan ya? makasih.”",False,370,4200185,42,"[""malam , mohon info paket saya sejak tanggal xxxnumberxxx tertahan dgn status itu . blm terkirim sampai sekarang , ada apa ya ?"", ""tolong di cek untuk , awb : xxxnumberxxx . statusya misroute itu artinya apa ? lalu untuk paket saya kapan sampainya ? terima kasih"", ""min , ini kenapa saya gak bisa sms ya ? saya mau konfirmasi pembelian paket gagal mulu sms nya drtd ."", ""oh begitu , tadi aku coba regristrasi ke xxxnumberxxx smsnya gagal terus kak , gimana yaa ?"", ""halo min saldo ovo ga muncul di grab , padahal nomor hp sudah sama . tolong cek dm ya min""]",False,5,1543,26,False,94
google/gemma-3-4b-it,formal,informal,hybrid_early,0.3,"dear xxxuserxxx , setengah jam yang lalu saya mengisi saldo gopay tapi sampai sekarang belum masuk . tolong diproses , urgent . terima kasih .","“Halo, ini saya mau tanya saldo Gopay saya, baru aja isi saldo +xxxnumberxxx, tapi kok belum masuk ya? tolong diurus dong, penting banget.”",False,372,4200186,42,"[""malam , mohon info paket saya sejak tanggal xxxnumberxxx tertahan dgn status itu . blm terkirim sampai sekarang , ada apa ya ?"", ""hallo min selamat pagi , no resi jp xxxphonexxx diperkiran bakal diterima hari ini . tapi malah di disimpan kalau ada alamat yang salah tolong diinfo kan ."", ""maaf min mau nanya apakah bener ini nomor dari gojek ? + xxxnumberxxx"", ""saya mau tanya , ini saya mau beli paket yellow kenapa sama xxxnumberxxx tidak direspon / tidak dibalas"", ""grab paket hemat saya billingnya itu tgl xxxnumberxxx juli xxxnumberxxx sekarang aja udh agustus kok subscribe nya masih aktif ya ?""]",False,5,1587,38,False,139
google/gemma-3-4b-it,formal,informal,hybrid_early,0.3,kalau seperti ini kenapa ? dari kemarin .,"""ini kenapa dari kemarin sih? udah coba gmn?""",False,374,4200187,42,"[""malam , mohon info paket saya sejak tanggal xxxnumberxxx tertahan dgn status itu . blm terkirim sampai sekarang , ada apa ya ?"", ""sama kayak saya pak paket saya gak saya terima claim gak jelas kapan hasilnya , jangan tunggu ini menyebar ya !"", ""jb xxxphonexxx , sudah seminggu paket ngga nyampe , padahal masih dalam jakarta , ini malah dikirm ke surabaya buat apa coba ? jnt sistemnya gimana sih ?"", ""sudah kak , sudah saya ganti ke xxxnumberxxx g tp ttp susah"", ""ini kenapa daritadi mau pake voucher gabisa terus yaa ? udah di update juga padahal""]",False,5,1434,14,False,45
google/gemma-3-4b-it,formal,informal,hybrid_early,0.3,sering - sering saja nih xxxuserxxx mengadakan promo rp xxxnumberxxx .,"min, sering-sering promo rp xxxnumberxxx nih xxxuserxxx, kok?",True,376,4200188,42,"[""keuntungan xxxnumberxxx nya kok ga bisa ya min ?"", ""kak , tadi coba mau beli pulsa telkomsel xxxnumberxxx xxxnumberxxx xxxnumberxxx k , tapi koq dibatalkan mulu ya ? apa stok nya lagi kosong ?"", ""min , jaringan xxxnumberxxx g dilokasi ini error . tolong dibantu cek dong . tks before"", ""ini xxxuserxxx kenapa ya udah xxxnumberxxx x top up ga masuk2 saldonya ?"", ""jp xxxphonexxx min tolong dong ini paket saya ga nyampe nyampe , padahal ngirim sesama jakarta bisa xxxnumberxxx harian .""]",False,5,1399,19,False,61
google/gemma-3-4b-it,formal,informal,hybrid_early,0.3,mohon maaf . tidak ada duit online saya .,"mohon maaf , saldo saya kok ga ada ya . xxxnumberxxx",True,378,4200189,42,"[""tadi saya topup ke shopee pay , sudah berhasil tapi kok di aplikasi tetep xxxnumberxxx ya ? tolong baca dm saya ya . terimakasih"", ""pengembalian saldo karena gagal penarikan membutuhkan waktu berapa lama ya ? saya sudah laporan xxxnumberxxx hari kerja sampai skr masih proses ditindak lanjuti terus"", ""bos hari keberapa ini ga masuk2 kuota saya , sudah cukup sabar ya bos !"", ""maaf min mau nanya apakah bener ini nomor dari gojek ? + xxxnumberxxx"", ""minta pencerahan nya hu . kok saldo ga msk ya , xxxnumberxxx trip xxxnumberxxx . ada apa kah ini""]",False,5,1432,15,False,52
google/gemma-3-4b-it,formal,informal,hybrid_early,0.3,yang terhormat tekomsel . tagihan saya per tanggal xxxnumberxxx . namun kuota saya tidak diatur ulang di tanggal xxxnumberxxx . mohon dilakukan pengecekan .,"min, tagihan saya tanggal xxxnumberxxx , kok kuota gak diupdate ya tanggal xxxnumberxxx , mohon di cek dong",False,380,4200190,42,"[""dear indosat , sy mau isi paketan , tetapi kenapa tidak bisa ya , sudah sejak jam xxxnumberxxx tadi , pulsa sdh masuk tapi tdk bisa aktip"", ""sore min , ini ada keluhan nomer saya pulsa kesedot terus , padahal tidak berlangganan paket apapun . tolong di cek min + xxxnumberxxx xxxnumberxxx - xxxnumberxxx - xxxnumberxxx"", ""saya mau tanya , ini saya mau beli paket yellow kenapa sama xxxnumberxxx tidak direspon / tidak dibalas"", ""malam , mohon info paket saya sejak tanggal xxxnumberxxx tertahan dgn status itu . blm terkirim sampai sekarang , ada apa ya ?"", ""jp xxxphonexxx min tolong dong ini paket saya ga nyampe nyampe , padahal ngirim sesama jakarta bisa xxxnumberxxx harian .""]",False,5,1681,29,False,107
google/gemma-3-4b-it,formal,informal,hybrid_early,0.3,mengapa internet ku lag admin ? padahal sinyal xxxnumberxxx g penuh xxxnumberxxx bar . solusinya admin .,kok inet gue lama admin? padahal sinyal xxxnumberxxx g penuh xxxnumberxxx bar. solusi dong admin.,False,382,4200191,42,"[""udah xxxnumberxxx menit stuck gini terus , padahal koneksi internet saya normal . tolong di bantu"", ""min di daerah kab . bandung sinyal xxxnumberxxx g hilang walaupun saya restart tetap hilang , mohon pengertiannya min"", ""sore min , ini ada keluhan nomer saya pulsa kesedot terus , padahal tidak berlangganan paket apapun . tolong di cek min + xxxnumberxxx xxxnumberxxx - xxxnumberxxx - xxxnumberxxx"", ""minta pencerahan nya hu . kok saldo ga msk ya , xxxnumberxxx trip xxxnumberxxx . ada apa kah ini"", ""ini kenapa lagi ya mau perpanjang internet ga bisa ? xxxnumberxxx juga ga bisa ?""]",False,5,1532,26,False,97
google/gemma-3-4b-it,formal,informal,hybrid_early,0.3,"admin mau tanya , mohon dicek apakah nomor xxxnumberxxx xxxnumberxxx itu dari pihak bni , terima kasih .","min, bener gak tuh nomor xxxnumberxxx xxxnumberxxx dari bni? makasih.",False,384,4200192,42,"[""maaf min mau nanya apakah bener ini nomor dari gojek ? + xxxnumberxxx"", ""hai jnt xxxuserxxx mau tanya dong kenapa paket yg saya kirim masih gini aja ya mohon pencerahannya"", ""malam , mohon info paket saya sejak tanggal xxxnumberxxx tertahan dgn status itu . blm terkirim sampai sekarang , ada apa ya ?"", ""dear indosat , sy mau isi paketan , tetapi kenapa tidak bisa ya , sudah sejak jam xxxnumberxxx tadi , pulsa sdh masuk tapi tdk bisa aktip"", ""min , jaringan xxxnumberxxx g dilokasi ini error . tolong dibantu cek dong . tks before""]",False,5,1482,21,False,69
google/gemma-3-4b-it,formal,informal,hybrid_early,0.3,di xxxuserxxx dan xxxuserxxx juga error pemesanan tiket kereta tapi anehnya di traveloka lancar .,"“eh, di xxxuserxxx sama xxxuserxxx error pemesanan tiket kereta, tapi kok di traveloka lancar begitu ya?”",False,386,4200193,42,"[""maaf min mau nanya apakah bener ini nomor dari gojek ? + xxxnumberxxx"", ""kak , tadi coba mau beli pulsa telkomsel xxxnumberxxx xxxnumberxxx xxxnumberxxx k , tapi koq dibatalkan mulu ya ? apa stok nya lagi kosong ?"", ""malam , mohon info paket saya sejak tanggal xxxnumberxxx tertahan dgn status itu . blm terkirim sampai sekarang , ada apa ya ?"", ""hai jnt xxxuserxxx mau tanya dong kenapa paket yg saya kirim masih gini aja ya mohon pencerahannya"", ""cek dm coba xxxuserxxx dari tadi komplen ngga ada respon , pulsa udah kepotong kena tarif per kb""]",False,5,1487,30,False,105
google/gemma-3-4b-it,formal,informal,hybrid_early,0.3,"apakah sedang gangguan ? mengapa akhir - akhir ini , bermain permainan online , sinyalnya selalu tidak stabil ?","“kok sinyalnya nggak stabil akhir-akhir ini, pas main game gitu?”",False,388,4200194,42,"[""min maaf lagi gangguan apa gimana ? dari tadi ga konek internet terus"", ""ini masih gangguan sinyal xxxnumberxxx g ga bisa aktif datanya ?"", ""tolong dong xxxuserxxx dari kmaren sore jaringan nya full tapi nggak nyambung ke internet padahal kuota dah lumayan banyak"", ""malam , koneksi telkomsel semakin lama semakin buruk bukan membaik , sudah seminggu lebih seperti ini , jadi gmn solusi terbaik ?"", ""malam , mohon info paket saya sejak tanggal xxxnumberxxx tertahan dgn status itu . blm terkirim sampai sekarang , ada apa ya ?""]",False,5,1482,19,False,65
google/gemma-3-4b-it,formal,informal,hybrid_early,0.3,sudah . tolong segera diberi solusi dan saldo saya bisa kembali . terima kasih .,"halo , tolong segera kasih solusi dan saldo saya bisa di transfer balik ya . terima kasih .",False,390,4200195,42,"[""malam , mau komplain . paket statusnya sudah sampai . tapi saya belum terima paket . mohon bantuannya . terima kasih ."", ""malam , mohon info paket saya sejak tanggal xxxnumberxxx tertahan dgn status itu . blm terkirim sampai sekarang , ada apa ya ?"", ""ini min minta tolong di cek sudah sampe mana . masa sudah xxxnumberxxx minggu blm sampe . tolong banget min di update smp mana"", ""saya mau tanya , ini saya mau beli paket yellow kenapa sama xxxnumberxxx tidak direspon / tidak dibalas"", ""halo min tolong di bantu no resi jp xxxphonexxx dan jp xxxphonexxx status sudah diterima . tapi saya dan orang rumah belum terima paketnya . tolong dibantu .""]",False,5,1571,20,False,91
google/gemma-3-4b-it,formal,informal,hybrid_early,0.3,kartu xl saya selalu susah sinyal . boleh bantu diperiksa ?,"min, kartu XL saya sinyalnya sering susah. tolong dicek ya?",False,392,4200196,42,"[""ini masih gangguan sinyal xxxnumberxxx g ga bisa aktif datanya ?"", ""tolong dong xxxuserxxx dari kmaren sore jaringan nya full tapi nggak nyambung ke internet padahal kuota dah lumayan banyak"", ""min kalau mau buat nomer kartu halo baru yang xxxnumberxxx itu bagaimana prosedur dan biayanya ?"", ""dear indosat , sy mau isi paketan , tetapi kenapa tidak bisa ya , sudah sejak jam xxxnumberxxx tadi , pulsa sdh masuk tapi tdk bisa aktip"", ""maaf min no saya tidak bisa dipakai internet , nelpon dll . mohon ditanggapi dm saya""]",False,5,1423,18,False,59
google/gemma-3-4b-it,formal,informal,hybrid_early,0.3,di area bali tidak ada admin .,"""di bali gak ada admin, ya min?""",False,394,4200197,42,"[""bos hari keberapa ini ga masuk2 kuota saya , sudah cukup sabar ya bos !"", ""akun sy disuspend gara2 saya cancel terus . padahal saya buru2 dan dapatnya driver ganjil terus di hari yang genap . mohon dm saya ya"", ""malam , mohon info paket saya sejak tanggal xxxnumberxxx tertahan dgn status itu . blm terkirim sampai sekarang , ada apa ya ?"", ""dear indosat , sy mau isi paketan , tetapi kenapa tidak bisa ya , sudah sejak jam xxxnumberxxx tadi , pulsa sdh masuk tapi tdk bisa aktip"", ""maaf min mau nanya apakah bener ini nomor dari gojek ? + xxxnumberxxx""]",False,5,1427,12,False,32
google/gemma-3-4b-it,formal,informal,hybrid_early,0.3,itu biasa . aku sering sekali seperti itu .,"""itu mah sering banget kayak gitu.""",False,396,4200198,42,"[""telat bayar wifi pas mau bayar jadi xxxnumberxxx ribu"", ""sudah xxxnumberxxx hari , status belum juga berubah nih min . tadi udah telfon qc katanya cuma suruh nunggu"", ""halo . dari xxxnumberxxx hari lalu saya mau bayar cc via mbanking tapi selalu keluar popup seperti ini kenapa ya ?"", ""tolong dong xxxuserxxx dari kmaren sore jaringan nya full tapi nggak nyambung ke internet padahal kuota dah lumayan banyak"", ""cek dm coba xxxuserxxx dari tadi komplen ngga ada respon , pulsa udah kepotong kena tarif per kb""]",False,5,1396,10,False,35
google/gemma-3-4b-it,formal,informal,hybrid_early,0.3,bisa dibantu periksa dm nya min ?,"min, bisa bantu cek dm ya?",False,398,4200199,42,"[""udah min , tolong cek dm ya"", ""sudah saya dm min , mohon di cek"", ""min cek dm saya lagi yaa"", ""halo min , cara cek riwayat pengisian pulsa gimana ya ?"", ""min mohon cek dm , ditunggu responnya , makasih""]",False,5,1079,9,False,26
google/gemma-3-4b-it,formal,informal,hybrid_early,0.3,mbak tidak mau dm saya saja ?,"“min, udah coba dm gak sih?”",False,400,4200200,42,"[""hai jnt xxxuserxxx mau tanya dong kenapa paket yg saya kirim masih gini aja ya mohon pencerahannya"", ""nomer saya aja udah di dm dari tadi ga ditangani . gimana min ?"", ""min cek dm saya lagi yaa"", ""sudah kak , sudah saya ganti ke xxxnumberxxx g tp ttp susah"", ""malam , mohon info paket saya sejak tanggal xxxnumberxxx tertahan dgn status itu . blm terkirim sampai sekarang , ada apa ya ?""]",False,5,1260,11,False,28
google/gemma-3-4b-it,formal,informal,hybrid_early,0.3,mengapa sih xxxuserxxx diteleponn tidak bisa - bisa terus ? apakah sesibuk itu ? ini aku mau login m - banking tidak bisa . aku harus bagaimana ?,"udah xxxnumberxxx menit stuck gini terus, padahal koneksi internet saya normal. tolong di bantu",False,402,4200201,42,"[""dear indosat , sy mau isi paketan , tetapi kenapa tidak bisa ya , sudah sejak jam xxxnumberxxx tadi , pulsa sdh masuk tapi tdk bisa aktip"", ""ini kenapa lagi ya mau perpanjang internet ga bisa ? xxxnumberxxx juga ga bisa ?"", ""tolong dong xxxuserxxx dari kmaren sore jaringan nya full tapi nggak nyambung ke internet padahal kuota dah lumayan banyak"", ""halo mas / mba xxxuserxxx ini nomor halo saya udah xxxnumberxxx hari gak bisa dipake . rugi dong bayar tagihan doang tapi gak kepake ~"", ""udah xxxnumberxxx menit stuck gini terus , padahal koneksi internet saya normal . tolong di bantu""]",False,5,1576,23,False,95
google/gemma-3-4b-it,formal,informal,hybrid_early,0.3,hai xxxuserxxx . apakah top - up gopay ada masalah ? saya tadi top up lewat atm bri tetapi saldo saya belum bertambah .,"halo xxxuserxxx . top up gopay kok gak keitung ya? barusan transfer lewat atm bri, saldo gak naik sih.",False,404,4200202,42,"[""halo mas / mba xxxuserxxx ini nomor halo saya udah xxxnumberxxx hari gak bisa dipake . rugi dong bayar tagihan doang tapi gak kepake ~"", ""halo saya top up grab ovo lewat atm barusan tapi kok belum masuk ya ?"", ""sore min , ini ada keluhan nomer saya pulsa kesedot terus , padahal tidak berlangganan paket apapun . tolong di cek min + xxxnumberxxx xxxnumberxxx - xxxnumberxxx - xxxnumberxxx"", ""grab paket hemat saya billingnya itu tgl xxxnumberxxx juli xxxnumberxxx sekarang aja udh agustus kok subscribe nya masih aktif ya ?"", ""tolong dong xxxuserxxx dari kmaren sore jaringan nya full tapi nggak nyambung ke internet padahal kuota dah lumayan banyak""]",False,5,1613,29,False,102
google/gemma-3-4b-it,formal,informal,hybrid_early,0.3,"sebelumnya , saya juga pernah tukar poin untuk voucher chattime dan itu bisa dipakai voucher . tapi kenapa kali ini tidak bisa dicoba ? kesal .","“sebelumnya, aku pernah tukar poin buat voucher Chattime dan bisa dipakai. kok sekarang nggak bisa dicoba sih? kesel banget.”",False,406,4200203,42,"[""baiklah , terimakasih . tapi saya kan tidak sedang berlangganan apa - apa tapi kenapa pulsa saya kesedot ya min ? kira - kira bagaimana ya mengeceknya ? sebelumnya tidak pernah"", ""cek dm coba xxxuserxxx dari tadi komplen ngga ada respon , pulsa udah kepotong kena tarif per kb"", ""saya mau tanya , ini saya mau beli paket yellow kenapa sama xxxnumberxxx tidak direspon / tidak dibalas"", ""selamat malam xxxuserxxx mau tanya , kenapa bonus kuota aplikasi nya gak bisa di pake ? malah kesedot terus kuota utama nya . terimakasih"", ""maaf min no saya tidak bisa dipakai internet , nelpon dll . mohon ditanggapi dm saya""]",False,5,1600,31,False,125
google/gemma-3-4b-it,formal,informal,hybrid_early,0.3,"admin dana , mohon periksa dm .","“admin, tolong cek DM ya.”",False,408,4200204,42,"[""pengembalian saldo karena gagal penarikan membutuhkan waktu berapa lama ya ? saya sudah laporan xxxnumberxxx hari kerja sampai skr masih proses ditindak lanjuti terus"", ""sudah saya dm min , mohon di cek"", ""malam , saya mau mengembalikan barang krn salah kirim . diinfo harus upload bukti pengirimannya . uploadnya dimana ya ? makasih"", ""pembeli sudah konfirmasi dan pesanan selesai kenapa dana tgl xxxdatexxx baru dilepas uii"", ""malam , mohon info paket saya sejak tanggal xxxnumberxxx tertahan dgn status itu . blm terkirim sampai sekarang , ada apa ya ?""]",False,5,1431,11,False,26
google/gemma-3-4b-it,formal,informal,hybrid_early,0.3,"video di facebook , instagram , youtube .","halo , video di tiktok , facebook , instagram , youtube .",False,410,4200205,42,"[""halo min saldo ovo ga muncul di grab , padahal nomor hp sudah sama . tolong cek dm ya min"", ""malam , mohon info paket saya sejak tanggal xxxnumberxxx tertahan dgn status itu . blm terkirim sampai sekarang , ada apa ya ?"", ""halo min , saya mau mengnonaktifkan akun gojek saya mohon dicek dmnya . sedih nih udah dari kemarin nge - mention ga di respon"", ""hai jnt xxxuserxxx mau tanya dong kenapa paket yg saya kirim masih gini aja ya mohon pencerahannya"", ""jb xxxphonexxx , sudah seminggu paket ngga nyampe , padahal masih dalam jakarta , ini malah dikirm ke surabaya buat apa coba ? jnt sistemnya gimana sih ?""]",False,5,1494,13,False,57
google/gemma-3-4b-it,formal,informal,hybrid_early,0.3,"halo , selamat pagi kak . saya coba mendaftar lagi hari ini , mengapa tetap tidak bisa ? padahal data sudah mati dan sudah turun ke xxxnumberxxx g .","“hai, selamat pagi. saya coba daftar lagi hari ini, kok masih gak bisa ya? padahal data udah mati dan turun ke xxxnumberxxx g.”",False,412,4200206,42,"[""malam , mohon info paket saya sejak tanggal xxxnumberxxx tertahan dgn status itu . blm terkirim sampai sekarang , ada apa ya ?"", ""sudah kak , sudah saya ganti ke xxxnumberxxx g tp ttp susah"", ""dear indosat , sy mau isi paketan , tetapi kenapa tidak bisa ya , sudah sejak jam xxxnumberxxx tadi , pulsa sdh masuk tapi tdk bisa aktip"", ""saya mau tanya , ini saya mau beli paket yellow kenapa sama xxxnumberxxx tidak direspon / tidak dibalas"", ""sore min , ini ada keluhan nomer saya pulsa kesedot terus , padahal tidak berlangganan paket apapun . tolong di cek min + xxxnumberxxx xxxnumberxxx - xxxnumberxxx - xxxnumberxxx""]",False,5,1611,34,False,127
google/gemma-3-4b-it,formal,informal,hybrid_early,0.3,"kak , nomor saya sama sekali tidak bisa di pakai internetnya . ini saya pakai wifi . tolong dong segera diperbaiki . saya pakai halo yang seharusnya prioritas .","halo kak , nomor halo saya kok internetnya gak bisa ya . tolong dong cepetan diperbaiki , soalnya saya pakai paket halo prioritas .",False,414,4200207,42,"[""min kalau mau buat nomer kartu halo baru yang xxxnumberxxx itu bagaimana prosedur dan biayanya ?"", ""saya mau tanya , ini saya mau beli paket yellow kenapa sama xxxnumberxxx tidak direspon / tidak dibalas"", ""dear indosat , sy mau isi paketan , tetapi kenapa tidak bisa ya , sudah sejak jam xxxnumberxxx tadi , pulsa sdh masuk tapi tdk bisa aktip"", ""iya kak terimakasih . tapi tadi sudah datang ke galeri indosatnya langsung . sudah normal lagi"", ""halo mas / mba xxxuserxxx ini nomor halo saya udah xxxnumberxxx hari gak bisa dipake . rugi dong bayar tagihan doang tapi gak kepake ~""]",False,5,1585,32,False,131
google/gemma-3-4b-it,formal,informal,hybrid_early,0.3,dear admin xxxuserxxx xxxuserxxx . kalau ingin buka rekening resi bca di daerah depok dan cibinong untuk temannya ada dimana ? terima kasih .,"hai admin , ini ada pertanyaan soal rekening resi bca di depok dan cibinong buat temen , ada dimana ya? makasih.",False,416,4200208,42,"[""maaf min mau nanya apakah bener ini nomor dari gojek ? + xxxnumberxxx"", ""hallo min selamat pagi , no resi jp xxxphonexxx diperkiran bakal diterima hari ini . tapi malah di disimpan kalau ada alamat yang salah tolong diinfo kan ."", ""hai jnt xxxuserxxx mau tanya dong kenapa paket yg saya kirim masih gini aja ya mohon pencerahannya"", ""ka paket no resi ini xxxnumberxxx udah sampai dimana ya ?"", ""sore min , ini ada keluhan nomer saya pulsa kesedot terus , padahal tidak berlangganan paket apapun . tolong di cek min + xxxnumberxxx xxxnumberxxx - xxxnumberxxx - xxxnumberxxx""]",False,5,1558,31,False,112
google/gemma-3-4b-it,formal,informal,hybrid_early,0.3,sudah di inbox ya kak . terima kasih .,"sudah di inbox ya kak , makasih",False,418,4200209,42,"[""min tolong cek dm ya . makasiih"", ""min tolong cek dm ya . terima kasih"", ""sudah saya dm min , mohon di cek"", ""malam , mohon info paket saya sejak tanggal xxxnumberxxx tertahan dgn status itu . blm terkirim sampai sekarang , ada apa ya ?"", ""sudah saya dm . mohon di balas""]",False,5,1153,11,False,31
google/gemma-3-4b-it,formal,informal,hybrid_early,0.3,"pesan grabfood xxxuserxxx , tapi driver malah menjauh dari tempat order . dihubungi tidak bisa , chat tidak dibalas , batal order tidak bisa . aku harus gimana ?","grabfood xxxuserxxx , drivernya malah menjauh dari tempat order , gak bisa hubungin , chat juga gak dibales , batal order gak bisa , gimana ya ini ?",False,420,4200210,42,"[""min , udh xxxnumberxxx hari ini saya mau gofood kok gak dapet driver terus ? apa aplikasi gojek lagi error ?"", ""maaf min mau nanya apakah bener ini nomor dari gojek ? + xxxnumberxxx"", ""cek dm coba xxxuserxxx dari tadi komplen ngga ada respon , pulsa udah kepotong kena tarif per kb"", ""jb xxxphonexxx , sudah seminggu paket ngga nyampe , padahal masih dalam jakarta , ini malah dikirm ke surabaya buat apa coba ? jnt sistemnya gimana sih ?"", ""malam , mohon info paket saya sejak tanggal xxxnumberxxx tertahan dgn status itu . blm terkirim sampai sekarang , ada apa ya ?""]",False,5,1574,37,False,148
google/gemma-3-4b-it,formal,informal,hybrid_early,0.3,selamat siang . apakah mengganti kartu atm yang sudah habis masa berlakunya bisa di semua cabang bank mandiri atau hanya di cabang tempat membuka tabungan ?,"halo min, kalau ganti kartu atm yang udah masa berlaku, bisa di semua cabang bank mandiri apa cuma di cabang tempat buka tabungan ya?",False,422,4200211,42,"[""min kalau mau buat nomer kartu halo baru yang xxxnumberxxx itu bagaimana prosedur dan biayanya ?"", ""halo min saldo ovo ga muncul di grab , padahal nomor hp sudah sama . tolong cek dm ya min"", ""hanya alamat yang berubah . jadi harus ke cabang bca terdekat untuk ganti kartu atm ya . apakah ada biaya tambahan ?"", ""halo min , cara cek riwayat pengisian pulsa gimana ya ?"", ""halo saya top up grab ovo lewat atm barusan tapi kok belum masuk ya ?""]",False,5,1442,31,False,133
google/gemma-3-4b-it,formal,informal,hybrid_early,0.3,"selamat pagi , mohon bantuan saya tidak bisa perpanjang paket keluarga . terima kasih .","halo , selamat pagi . saya mau tanya soal perpanjangan paket keluarga . mohon bantuannya . terima kasih .",False,424,4200212,42,"[""malam , mau komplain . paket statusnya sudah sampai . tapi saya belum terima paket . mohon bantuannya . terima kasih ."", ""malam , mohon info paket saya sejak tanggal xxxnumberxxx tertahan dgn status itu . blm terkirim sampai sekarang , ada apa ya ?"", ""selamat malam , tolong cek dm ya min , kiriman paket saya blm di kirim ."", ""halo min tolong di bantu no resi jp xxxphonexxx dan jp xxxphonexxx status sudah diterima . tapi saya dan orang rumah belum terima paketnya . tolong dibantu ."", ""hai , selamat sore . saya baru saja membeli kartu sim simpati . dan udah coba registrasi , tapi ga ada respon . tolong bantuannya .""]",False,5,1552,25,False,105
google/gemma-3-4b-it,formal,informal,hybrid_early,0.3,"admin xxxuserxxx . tolong periksa dm . mengapa di aplikasi mytelkomsel , paketnya pada hilang ?","“admin xxxuserxxx, min kenapa di mytelkomsel paketnya hilang ya?”",False,426,4200213,42,"[""maaf min mau nanya apakah bener ini nomor dari gojek ? + xxxnumberxxx"", ""hai jnt xxxuserxxx mau tanya dong kenapa paket yg saya kirim masih gini aja ya mohon pencerahannya"", ""saya mau tanya , ini saya mau beli paket yellow kenapa sama xxxnumberxxx tidak direspon / tidak dibalas"", ""malam , mohon info paket saya sejak tanggal xxxnumberxxx tertahan dgn status itu . blm terkirim sampai sekarang , ada apa ya ?"", ""xxxuserxxx , min kenapa paket tau di mytelkomsel saya cuma muncul xxxnumberxxx ? ( cuma heavy )""]",False,5,1447,20,False,65
google/gemma-3-4b-it,formal,informal,hybrid_early,0.3,halo admin xxxuserxxx . mengapa jika aku memesan grabfood aplikasinya jadi lambat begitu ? selalu seperti ini .,"“halo admin xxxuserxxx , kenapa sih kalau grabfood pesennya lama banget ya? selalu gitu.”",False,428,4200214,42,"[""min , udh xxxnumberxxx hari ini saya mau gofood kok gak dapet driver terus ? apa aplikasi gojek lagi error ?"", ""maaf min mau nanya apakah bener ini nomor dari gojek ? + xxxnumberxxx"", ""grab paket hemat saya billingnya itu tgl xxxnumberxxx juli xxxnumberxxx sekarang aja udh agustus kok subscribe nya masih aktif ya ?"", ""halo xxxuserxxx , aplikasi grab di iphone se saya kok jadi berat banget ya apalagi kalau pesan grabfood suka ngehang ."", ""hai jnt xxxuserxxx mau tanya dong kenapa paket yg saya kirim masih gini aja ya mohon pencerahannya""]",False,5,1496,24,False,89
google/gemma-3-4b-it,formal,informal,hybrid_early,0.3,"bajingan , kalau urusannya dengan saya sudah selesai nasibnya .","goblok, kalo urusannya sama gue udah selesai dah nasibnya.",False,430,4200215,42,"[""sudah kak , sudah saya ganti ke xxxnumberxxx g tp ttp susah"", ""halo gojek tolong masalah di selesai kan . dan xxxuserxxx sy udah follow up lg ya ini ."", ""haloo xxxuserxxx kalo paket salah tulis nomor rumah bisa di ganti nggak ya ? udah terlanjur di kirim baru tau kalo no rumahnya salah"", ""tolong dong xxxuserxxx dari kmaren sore jaringan nya full tapi nggak nyambung ke internet padahal kuota dah lumayan banyak"", ""jb xxxphonexxx , sudah seminggu paket ngga nyampe , padahal masih dalam jakarta , ini malah dikirm ke surabaya buat apa coba ? jnt sistemnya gimana sih ?""]",False,5,1477,18,False,58
google/gemma-3-4b-it,formal,informal,hybrid_early,0.3,"nah , sekarang setelah update semua hp tidak ada notifikasi sama sekali hahaha . hebat tokopedia memang terdepan .","""ini kenapa sekarang dari tadi udah diupdate tapi hp gak ada notifikasinya hahaha . keren banget tokopedia , hebat!""",False,432,4200216,42,"[""iya kak terimakasih . tapi tadi sudah datang ke galeri indosatnya langsung . sudah normal lagi"", ""grab paket hemat saya billingnya itu tgl xxxnumberxxx juli xxxnumberxxx sekarang aja udh agustus kok subscribe nya masih aktif ya ?"", ""halo min saldo ovo ga muncul di grab , padahal nomor hp sudah sama . tolong cek dm ya min"", ""udah masuk email pemberitahuannya suruh cek lagi tetep saldo ga berubah , tapi yasudahlah tak mengapa"", ""ini kenapa daritadi mau pake voucher gabisa terus yaa ? udah di update juga padahal""]",False,5,1473,26,False,116
google/gemma-3-4b-it,formal,informal,hybrid_early,0.3,"bad marketing is a good marketing . selamat , anda semua sudah terjaring oleh marketingnya .","halo , maaf mau nanya , kok marketingnya bisa nyampirin paket gitu ya?",False,434,4200217,42,"[""saya mau tanya , ini saya mau beli paket yellow kenapa sama xxxnumberxxx tidak direspon / tidak dibalas"", ""malam , mohon info paket saya sejak tanggal xxxnumberxxx tertahan dgn status itu . blm terkirim sampai sekarang , ada apa ya ?"", ""grab paket hemat saya billingnya itu tgl xxxnumberxxx juli xxxnumberxxx sekarang aja udh agustus kok subscribe nya masih aktif ya ?"", ""maaf min mau nanya apakah bener ini nomor dari gojek ? + xxxnumberxxx"", ""hallo min selamat pagi , no resi jp xxxphonexxx diperkiran bakal diterima hari ini . tapi malah di disimpan kalau ada alamat yang salah tolong diinfo kan .""]",False,5,1537,20,False,70
google/gemma-3-4b-it,formal,informal,hybrid_early,0.3,info sudah lewat dm kak . terima kasih .,"""info udah lewat dm nih, makasih.""",False,436,4200218,42,"[""min tolong cek dm ya . terima kasih"", ""sudah saya dm min , mohon di cek"", ""min tolong cek dm ya . makasiih"", ""selamat malam , tolong cek dm ya min , kiriman paket saya blm di kirim ."", ""malam , mohon info paket saya sejak tanggal xxxnumberxxx tertahan dgn status itu . blm terkirim sampai sekarang , ada apa ya ?""]",False,5,1197,12,False,34
google/gemma-3-4b-it,formal,informal,hybrid_early,0.3,"siang kak . saya sedang menggunakan paket unlimited . jika saya membeli paket yellow yang sehari , apakah paket unlimited saya akan hangus ?",tolong dong kak xxxuserxxx kalau mau beli paket yellow sama gak direspon / gak dibalas,False,438,4200219,42,"[""dear indosat , sy mau isi paketan , tetapi kenapa tidak bisa ya , sudah sejak jam xxxnumberxxx tadi , pulsa sdh masuk tapi tdk bisa aktip"", ""saya beli voucher fisik indosat xxxnumberxxx gb unlimited , tapi gagal terus kenapa ya ?"", ""sore min , ini ada keluhan nomer saya pulsa kesedot terus , padahal tidak berlangganan paket apapun . tolong di cek min + xxxnumberxxx xxxnumberxxx - xxxnumberxxx - xxxnumberxxx"", ""saya mau tanya , ini saya mau beli paket yellow kenapa sama xxxnumberxxx tidak direspon / tidak dibalas"", ""tolong dong xxxuserxxx dari kmaren sore jaringan nya full tapi nggak nyambung ke internet padahal kuota dah lumayan banyak""]",False,5,1628,21,False,86
google/gemma-3-4b-it,formal,informal,hybrid_early,0.3,"sama , di ponsel saya juga begitu .","min, sama juga di hp saya kok.",False,440,4200220,42,"[""sudah kak , sudah saya ganti ke xxxnumberxxx g tp ttp susah"", ""halo min , cara cek riwayat pengisian pulsa gimana ya ?"", ""saya mau tanya , ini saya mau beli paket yellow kenapa sama xxxnumberxxx tidak direspon / tidak dibalas"", ""halo min saldo ovo ga muncul di grab , padahal nomor hp sudah sama . tolong cek dm ya min"", ""min , ini kenapa saya gak bisa sms ya ? saya mau konfirmasi pembelian paket gagal mulu sms nya drtd .""]",False,5,1303,10,False,30
google/gemma-3-4b-it,formal,informal,hybrid_early,0.3,"admin , barusan ada yang menelepon katanya kalau saya masukkan kode itu saya akan mendapatkan uang xxxnumberxxx . xxxnumberxxx . apa itu benar , atau hanya tipuan ?","admin, maaf mau tanya, barusan ada yang telepon bilang kalau masukin kode itu bakal dapet duit xxxnumberxxx. bener gak sih, atau cuma penipuan?",False,442,4200221,42,"[""sore min , ini ada keluhan nomer saya pulsa kesedot terus , padahal tidak berlangganan paket apapun . tolong di cek min + xxxnumberxxx xxxnumberxxx - xxxnumberxxx - xxxnumberxxx"", ""malam , mohon info paket saya sejak tanggal xxxnumberxxx tertahan dgn status itu . blm terkirim sampai sekarang , ada apa ya ?"", ""saya mau tanya , ini saya mau beli paket yellow kenapa sama xxxnumberxxx tidak direspon / tidak dibalas"", ""dear indosat , sy mau isi paketan , tetapi kenapa tidak bisa ya , sudah sejak jam xxxnumberxxx tadi , pulsa sdh masuk tapi tdk bisa aktip"", ""maaf min mau nanya apakah bener ini nomor dari gojek ? + xxxnumberxxx""]",False,5,1637,37,False,143
google/gemma-3-4b-it,formal,informal,hybrid_early,0.3,"halo , apakah promo topup min , xxxnumberxxx ribu bonus xxxnumberxxx ribu masih ada hari ini ?","halo , udah hampir xxxnumberxxx hari promo topup min , xxxnumberxxx ribu bonus xxxnumberxxx ribu masih ada hari ini gak ya ?",False,444,4200222,42,"[""sudah xxxnumberxxx hari , status belum juga berubah nih min . tadi udah telfon qc katanya cuma suruh nunggu"", ""halo mas / mba xxxuserxxx ini nomor halo saya udah xxxnumberxxx hari gak bisa dipake . rugi dong bayar tagihan doang tapi gak kepake ~"", ""halo . dari xxxnumberxxx hari lalu saya mau bayar cc via mbanking tapi selalu keluar popup seperti ini kenapa ya ?"", ""sudah hampir xxxnumberxxx hari paket belum rilis ? ada apa ?"", ""kak , tadi coba mau beli pulsa telkomsel xxxnumberxxx xxxnumberxxx xxxnumberxxx k , tapi koq dibatalkan mulu ya ? apa stok nya lagi kosong ?""]",False,5,1510,30,False,124
google/gemma-3-4b-it,formal,informal,hybrid_early,0.3,"ada apa denganmu ? kenapa setiap malam susah sekali sinyalnya , padahal sore saja bagus sekali .","“kok sinyalnya susah ya malem-malem gini, padahal sorenya bagus banget sih?”",False,446,4200223,42,"[""tolong dong xxxuserxxx dari kmaren sore jaringan nya full tapi nggak nyambung ke internet padahal kuota dah lumayan banyak"", ""malam , koneksi telkomsel semakin lama semakin buruk bukan membaik , sudah seminggu lebih seperti ini , jadi gmn solusi terbaik ?"", ""kenapa sinyalnya kalau malam jelek mulu sihh"", ""ini masih gangguan sinyal xxxnumberxxx g ga bisa aktif datanya ?"", ""iya kak terimakasih . tapi tadi sudah datang ke galeri indosatnya langsung . sudah normal lagi""]",False,5,1410,24,False,76
google/gemma-3-4b-it,formal,informal,hybrid_early,0.3,"admin , tokopedia youth ini dibuka dari tanggal berapa ?","halo min, tokopedia youth dibuka kapan ya?",False,448,4200224,42,"[""halo min saldo ovo ga muncul di grab , padahal nomor hp sudah sama . tolong cek dm ya min"", ""halo min , cara cek riwayat pengisian pulsa gimana ya ?"", ""grab paket hemat saya billingnya itu tgl xxxnumberxxx juli xxxnumberxxx sekarang aja udh agustus kok subscribe nya masih aktif ya ?"", ""maaf min mau nanya apakah bener ini nomor dari gojek ? + xxxnumberxxx"", ""halo saya top up grab ovo lewat atm barusan tapi kok belum masuk ya ?""]",False,5,1330,10,False,42
google/gemma-3-4b-it,formal,informal,hybrid_early,0.3,"tolong dicek admin jb xxxphonexxx , masa masih dalam satu kota . sampai seminggu mengirimnya ? sudah itu dikirim ke luar kota lagi . bagaimana ini ?","min, paket jb xxxphonexxx udah seminggu masih stuck di satu kota, terus malah dikirim ke luar kota lagi? kok bisa sih?",False,450,4200225,42,"[""malam , mohon info paket saya sejak tanggal xxxnumberxxx tertahan dgn status itu . blm terkirim sampai sekarang , ada apa ya ?"", ""jb xxxphonexxx , sudah seminggu paket ngga nyampe , padahal masih dalam jakarta , ini malah dikirm ke surabaya buat apa coba ? jnt sistemnya gimana sih ?"", ""jp xxxphonexxx min tolong dong ini paket saya ga nyampe nyampe , padahal ngirim sesama jakarta bisa xxxnumberxxx harian ."", ""min untuk resi jp xxxphonexxx estimasi berapa hari nyampe nya ?"", ""maaf min mau nanya apakah bener ini nomor dari gojek ? + xxxnumberxxx""]",False,5,1541,34,False,118
google/gemma-3-4b-it,formal,informal,hybrid_early,0.3,"admin . jika ingin mengaktifkan nomor lama , apakah dikenakan biaya operasionalnya ?","min , kalau mau aktifin nomer lama , kira2 ada biaya operasionalnya nggak ya?",False,452,4200226,42,"[""min kalau mau buat nomer kartu halo baru yang xxxnumberxxx itu bagaimana prosedur dan biayanya ?"", ""dear indosat , sy mau isi paketan , tetapi kenapa tidak bisa ya , sudah sejak jam xxxnumberxxx tadi , pulsa sdh masuk tapi tdk bisa aktip"", ""malam , mohon info paket saya sejak tanggal xxxnumberxxx tertahan dgn status itu . blm terkirim sampai sekarang , ada apa ya ?"", ""grab paket hemat saya billingnya itu tgl xxxnumberxxx juli xxxnumberxxx sekarang aja udh agustus kok subscribe nya masih aktif ya ?"", ""halo min saldo ovo ga muncul di grab , padahal nomor hp sudah sama . tolong cek dm ya min""]",False,5,1524,21,False,77
google/gemma-3-4b-it,formal,informal,hybrid_early,0.3,"kak , bagaimana cara mengganti proses pesanan dari sicepat ke jne ?","“kak, kok bisa ganti pesennya dari sicepat ke jne gimana tuh ya?”",False,454,4200227,42,"[""halo min saldo ovo ga muncul di grab , padahal nomor hp sudah sama . tolong cek dm ya min"", ""malam , mohon info paket saya sejak tanggal xxxnumberxxx tertahan dgn status itu . blm terkirim sampai sekarang , ada apa ya ?"", ""saya salah pilihan isi resi , harusnya otomatis dari sicepat tapi saya malah terlanjur bayar cash , nomor resinya bisa diedit nggak ya ?"", ""min , ini kenapa saya gak bisa sms ya ? saya mau konfirmasi pembelian paket gagal mulu sms nya drtd ."", ""oh begitu , tadi aku coba regristrasi ke xxxnumberxxx smsnya gagal terus kak , gimana yaa ?""]",False,5,1471,23,False,65
google/gemma-3-4b-it,formal,informal,hybrid_early,0.3,mengapa nomor saya tidak bisa menerima telepon atau sms ? terima kasih .,"Min, kok nomor saya gak bisa telpon atau sms ya? thanks.",True,456,4200228,42,"[""malam , mohon info paket saya sejak tanggal xxxnumberxxx tertahan dgn status itu . blm terkirim sampai sekarang , ada apa ya ?"", ""saya mau tanya , ini saya mau beli paket yellow kenapa sama xxxnumberxxx tidak direspon / tidak dibalas"", ""min , ini kenapa saya gak bisa sms ya ? saya mau konfirmasi pembelian paket gagal mulu sms nya drtd ."", ""tolong di cek untuk , awb : xxxnumberxxx . statusya misroute itu artinya apa ? lalu untuk paket saya kapan sampainya ? terima kasih"", ""min kalau mau buat nomer kartu halo baru yang xxxnumberxxx itu bagaimana prosedur dan biayanya ?""]",False,5,1490,16,False,56
google/gemma-3-4b-it,formal,informal,hybrid_early,0.3,parah memang . baru sadar uang . padahal sudah jadi perusahaan besar .,“ini kenapa ya? baru tau duitnya udah hilang.”,False,458,4200229,42,"[""pengembalian saldo karena gagal penarikan membutuhkan waktu berapa lama ya ? saya sudah laporan xxxnumberxxx hari kerja sampai skr masih proses ditindak lanjuti terus"", ""grab paket hemat saya billingnya itu tgl xxxnumberxxx juli xxxnumberxxx sekarang aja udh agustus kok subscribe nya masih aktif ya ?"", ""min , udh xxxnumberxxx hari ini saya mau gofood kok gak dapet driver terus ? apa aplikasi gojek lagi error ?"", ""ini kenapa daritadi mau pake voucher gabisa terus yaa ? udah di update juga padahal"", ""ini kenapa ya ? xxxuserxxx orang mau beli pulsa gara2 ini jadi batal . ini sampe berapa lama ?""]",False,5,1513,13,False,46
google/gemma-3-4b-it,formal,informal,hybrid_early,0.3,"iya , dulu aku pelanggan setia freedom xxl . sekarang aku malas . kuota banyak , tapi streaming sering buffer .","“iya, dulu gue langganan freedom xxl. sekarang males sih. kuota banyak, tapi sering nge-buffer pas streaming.”",False,460,4200230,42,"[""tolong dong xxxuserxxx dari kmaren sore jaringan nya full tapi nggak nyambung ke internet padahal kuota dah lumayan banyak"", ""ini kenapa lagi ya mau perpanjang internet ga bisa ? xxxnumberxxx juga ga bisa ?"", ""selamat malam xxxuserxxx mau tanya , kenapa bonus kuota aplikasi nya gak bisa di pake ? malah kesedot terus kuota utama nya . terimakasih"", ""ini masih gangguan sinyal xxxnumberxxx g ga bisa aktif datanya ?"", ""grab paket hemat saya billingnya itu tgl xxxnumberxxx juli xxxnumberxxx sekarang aja udh agustus kok subscribe nya masih aktif ya ?""]",False,5,1506,29,False,110
google/gemma-3-4b-it,formal,informal,hybrid_early,0.3,"xxxnumberxxx , xxxemailxxx , ingin pindah akun .","“xxxnumberxxx, xxxemailxxx, mau pindah akun nih.”",False,462,4200231,42,"[""maaf min mau nanya apakah bener ini nomor dari gojek ? + xxxnumberxxx"", ""malam , mohon info paket saya sejak tanggal xxxnumberxxx tertahan dgn status itu . blm terkirim sampai sekarang , ada apa ya ?"", ""jp xxxphonexxx min tolong dong ini paket saya ga nyampe nyampe , padahal ngirim sesama jakarta bisa xxxnumberxxx harian ."", ""sudah kak , sudah saya ganti ke xxxnumberxxx g tp ttp susah"", ""min kalo mau transfer pulsa ke telkomsel bisa ga cuma xxxnumberxxx ribu gitu""]",False,5,1360,17,False,49
google/gemma-3-4b-it,formal,informal,hybrid_early,0.3,mohon info detailnya . sudah dm dari tadi siang belum ada jawaban sampai saat ini .,"selamat siang , sudah sy dm ya min . jadi bagaimana ya ?",False,464,4200232,42,"[""malam , mohon info paket saya sejak tanggal xxxnumberxxx tertahan dgn status itu . blm terkirim sampai sekarang , ada apa ya ?"", ""sudah saya dm min , mohon di cek"", ""selamat malam , tolong cek dm ya min , kiriman paket saya blm di kirim ."", ""halo min saldo ovo ga muncul di grab , padahal nomor hp sudah sama . tolong cek dm ya min"", ""selamat sore , sudah sy dm ya min . jadi bagaimana ya ?""]",False,5,1318,16,False,56
google/gemma-3-4b-it,formal,informal,hybrid_early,0.3,seberapa kamu ? aku mau mudik lebaran . lalu ? perginya sebelum ramadhan .,"min , mau mudik lebaran nih . kapan ya berangkatnya ?",False,466,4200233,42,"[""grab paket hemat saya billingnya itu tgl xxxnumberxxx juli xxxnumberxxx sekarang aja udh agustus kok subscribe nya masih aktif ya ?"", ""lha gimana bos . urgen . telopon ke xxxnumberxxx nunggu lama bgt , giliran udh nyambung cs nanyanya panjang x lebar keburu habis pulsa masalah gak kelar ."", ""min , udh xxxnumberxxx hari ini saya mau gofood kok gak dapet driver terus ? apa aplikasi gojek lagi error ?"", ""malam , mohon info paket saya sejak tanggal xxxnumberxxx tertahan dgn status itu . blm terkirim sampai sekarang , ada apa ya ?"", ""jp xxxphonexxx min tolong dong ini paket saya ga nyampe nyampe , padahal ngirim sesama jakarta bisa xxxnumberxxx harian .""]",False,5,1575,16,False,53
google/gemma-3-4b-it,formal,informal,hybrid_early,0.3,"tetap tidak jauh - jauh dari olahraga mulut admin , lomba rumpi tingkat nasional .",“masih nungguin respon admin soal lomba rumpi nasional nih…”,False,468,4200234,42,"[""admin , kok dm saya belum di respon - respon ya ? sudah xxxnumberxxx hari nih min"", ""udah xxxnumberxxx menit stuck gini terus , padahal koneksi internet saya normal . tolong di bantu"", ""lha gimana bos . urgen . telopon ke xxxnumberxxx nunggu lama bgt , giliran udh nyambung cs nanyanya panjang x lebar keburu habis pulsa masalah gak kelar ."", ""cek dm coba xxxuserxxx dari tadi komplen ngga ada respon , pulsa udah kepotong kena tarif per kb"", ""saya belipaket rp . xxxnumberxxx rb tapi kok tidak masuk ya ? padahal pulsanya udh kepotong""]",False,5,1462,17,False,60
google/gemma-3-4b-it,formal,informal,hybrid_early,0.3,"admin , untuk pembatalan asuransi jiwa bagaimana caranya ?","admin, gimana cara cancel asuransi jiwa nih?",False,470,4200235,42,"[""sama kayak saya pak paket saya gak saya terima claim gak jelas kapan hasilnya , jangan tunggu ini menyebar ya !"", ""hai jnt xxxuserxxx mau tanya dong kenapa paket yg saya kirim masih gini aja ya mohon pencerahannya"", ""dear indosat , sy mau isi paketan , tetapi kenapa tidak bisa ya , sudah sejak jam xxxnumberxxx tadi , pulsa sdh masuk tapi tdk bisa aktip"", ""pengembalian saldo karena gagal penarikan membutuhkan waktu berapa lama ya ? saya sudah laporan xxxnumberxxx hari kerja sampai skr masih proses ditindak lanjuti terus"", ""jb xxxphonexxx , sudah seminggu paket ngga nyampe , padahal masih dalam jakarta , ini malah dikirm ke surabaya buat apa coba ? jnt sistemnya gimana sih ?""]",False,5,1584,12,False,44
google/gemma-3-4b-it,formal,informal,hybrid_early,0.3,ini sinyal kenapa jadi seperti ampas ? padahal pemakaian juga wajar - wajar saja .,"min, sinyalnya kok jadi kayak air kotor ya? padahal pemakaian gak banyak kok.",False,472,4200236,42,"[""halo min saldo ovo ga muncul di grab , padahal nomor hp sudah sama . tolong cek dm ya min"", ""malam , mohon info paket saya sejak tanggal xxxnumberxxx tertahan dgn status itu . blm terkirim sampai sekarang , ada apa ya ?"", ""sudah kak , sudah saya ganti ke xxxnumberxxx g tp ttp susah"", ""grab paket hemat saya billingnya itu tgl xxxnumberxxx juli xxxnumberxxx sekarang aja udh agustus kok subscribe nya masih aktif ya ?"", ""min , udh xxxnumberxxx hari ini saya mau gofood kok gak dapet driver terus ? apa aplikasi gojek lagi error ?""]",False,5,1456,23,False,77
google/gemma-3-4b-it,formal,informal,hybrid_early,0.3,"tolong , pengiriman paketnya dipercepat .","""tolong, paketnya di percepat dong.""",False,474,4200237,42,"[""selamat malam , tolong cek dm ya min , kiriman paket saya blm di kirim ."", ""malam , saya mau mengembalikan barang krn salah kirim . diinfo harus upload bukti pengirimannya . uploadnya dimana ya ? makasih"", ""malam , mohon info paket saya sejak tanggal xxxnumberxxx tertahan dgn status itu . blm terkirim sampai sekarang , ada apa ya ?"", ""malam , mau komplain . paket statusnya sudah sampai . tapi saya belum terima paket . mohon bantuannya . terima kasih ."", ""jb xxxphonexxx , sudah seminggu paket ngga nyampe , padahal masih dalam jakarta , ini malah dikirm ke surabaya buat apa coba ? jnt sistemnya gimana sih ?""]",False,5,1498,13,False,36
google/gemma-3-4b-it,formal,informal,hybrid_early,0.3,apakah perbedaan paket family qa dan non qa ?,"""eh, ada gtu nih, beda paket family qa sama non qa gimana tuh?""",False,476,4200238,42,"[""cek dm coba xxxuserxxx dari tadi komplen ngga ada respon , pulsa udah kepotong kena tarif per kb"", ""jb xxxphonexxx , sudah seminggu paket ngga nyampe , padahal masih dalam jakarta , ini malah dikirm ke surabaya buat apa coba ? jnt sistemnya gimana sih ?"", ""hai jnt xxxuserxxx mau tanya dong kenapa paket yg saya kirim masih gini aja ya mohon pencerahannya"", ""dear indosat , sy mau isi paketan , tetapi kenapa tidak bisa ya , sudah sejak jam xxxnumberxxx tadi , pulsa sdh masuk tapi tdk bisa aktip"", ""tolong dong xxxuserxxx dari kmaren sore jaringan nya full tapi nggak nyambung ke internet padahal kuota dah lumayan banyak""]",False,5,1512,21,False,63
google/gemma-3-4b-it,formal,informal,hybrid_early,0.3,"admin xxxuserxxx , mengapa saya tiba - tiba langganan rbt ? terus tidak bisa dibatalkan registrasi . setiap bulan pulsa kepotong terus . cara membatalkan registrasi bagaimana ?","admin xxxuserxxx, kok bisa langganan rbt tiba2 sih? gak bisa dibatalkan registrasi juga. tiap bulan pulsa jatoh terus, gimana cara batalin registrasi ya?",False,478,4200239,42,"[""cek dm coba xxxuserxxx dari tadi komplen ngga ada respon , pulsa udah kepotong kena tarif per kb"", ""dear indosat , sy mau isi paketan , tetapi kenapa tidak bisa ya , sudah sejak jam xxxnumberxxx tadi , pulsa sdh masuk tapi tdk bisa aktip"", ""sore min , ini ada keluhan nomer saya pulsa kesedot terus , padahal tidak berlangganan paket apapun . tolong di cek min + xxxnumberxxx xxxnumberxxx - xxxnumberxxx - xxxnumberxxx"", ""saya belipaket rp . xxxnumberxxx rb tapi kok tidak masuk ya ? padahal pulsanya udh kepotong"", ""udah xxxnumberxxx menit stuck gini terus , padahal koneksi internet saya normal . tolong di bantu""]",False,5,1635,43,False,153
google/gemma-3-4b-it,formal,informal,hybrid_early,0.3,"admin , kalau kuota keluarga bisa dipakai buat sendiri tidak ?","""admin, kok kuota keluarga bisa dipake sendiri gak ya?""",False,480,4200240,42,"[""selamat malam xxxuserxxx mau tanya , kenapa bonus kuota aplikasi nya gak bisa di pake ? malah kesedot terus kuota utama nya . terimakasih"", ""cek dm coba xxxuserxxx dari tadi komplen ngga ada respon , pulsa udah kepotong kena tarif per kb"", ""tolong dong xxxuserxxx dari kmaren sore jaringan nya full tapi nggak nyambung ke internet padahal kuota dah lumayan banyak"", ""dear indosat , sy mau isi paketan , tetapi kenapa tidak bisa ya , sudah sejak jam xxxnumberxxx tadi , pulsa sdh masuk tapi tdk bisa aktip"", ""ini kenapa lagi ya mau perpanjang internet ga bisa ? xxxnumberxxx juga ga bisa ?""]",False,5,1495,16,False,55
google/gemma-3-4b-it,formal,informal,hybrid_early,0.3,"iya betul , xxxnumberxxx . sayang sekali terlambat , tidak terangkat karena sedang di jalan . terima kasih atas infonya .","iya min , xxxnumberxxx . kasihan banget telat , ga diangkat lagi krn lagi jalan . makasih banyak infonya ya 😊",False,482,4200241,42,"[""min , jaringan xxxnumberxxx g dilokasi ini error . tolong dibantu cek dong . tks before"", ""jp xxxphonexxx min tolong dong ini paket saya ga nyampe nyampe , padahal ngirim sesama jakarta bisa xxxnumberxxx harian ."", ""sudah xxxnumberxxx hari , status belum juga berubah nih min . tadi udah telfon qc katanya cuma suruh nunggu"", ""keuntungan xxxnumberxxx nya kok ga bisa ya min ?"", ""malam , mohon info paket saya sejak tanggal xxxnumberxxx tertahan dgn status itu . blm terkirim sampai sekarang , ada apa ya ?""]",False,5,1471,30,False,109
google/gemma-3-4b-it,formal,informal,hybrid_early,0.3,"admin , saya ada pertanyaan . cek dm . terima kasih .","min, tolong cek dm ya. makasiih.",False,484,4200242,42,"[""sudah saya dm min , mohon di cek"", ""malam , mohon info paket saya sejak tanggal xxxnumberxxx tertahan dgn status itu . blm terkirim sampai sekarang , ada apa ya ?"", ""min tolong cek dm ya . makasiih"", ""min tolong cek dm ya . terima kasih"", ""selamat malam , tolong cek dm ya min , kiriman paket saya blm di kirim .""]",False,5,1210,13,False,32
google/gemma-3-4b-it,formal,informal,hybrid_early,0.3,pesan go - food min . tidak pakai lama .,"“go food min, kok lama banget ya?”",False,486,4200243,42,"[""min , udh xxxnumberxxx hari ini saya mau gofood kok gak dapet driver terus ? apa aplikasi gojek lagi error ?"", ""halo min saldo ovo ga muncul di grab , padahal nomor hp sudah sama . tolong cek dm ya min"", ""maaf min mau nanya apakah bener ini nomor dari gojek ? + xxxnumberxxx"", ""grabfood error , apakah saya harus beralih ke gofood ?"", ""mau tanya no pesanan xxxnumberxxx kapan dikirimnya ya ? dari kemarin masih pengemasan blm berubah""]",False,5,1318,11,False,34
google/gemma-3-4b-it,formal,informal,hybrid_early,0.3,tolong tambahkan vouchernya photobook malam ini saja .,"min, tolong tambahin voucher photobook malam ini ya.",False,488,4200244,42,"[""saya beli voucher fisik indosat xxxnumberxxx gb unlimited , tapi gagal terus kenapa ya ?"", ""sore min , ini ada keluhan nomer saya pulsa kesedot terus , padahal tidak berlangganan paket apapun . tolong di cek min + xxxnumberxxx xxxnumberxxx - xxxnumberxxx - xxxnumberxxx"", ""min kalo mau transfer pulsa ke telkomsel bisa ga cuma xxxnumberxxx ribu gitu"", ""halo min ini knpa ya vouchernya g bsa di gunaiin padahal udah blnja xxxnumberxxx xxxnumberxxx k lebih ,"", ""malam , mohon info paket saya sejak tanggal xxxnumberxxx tertahan dgn status itu . blm terkirim sampai sekarang , ada apa ya ?""]",False,5,1485,15,False,52
google/gemma-3-4b-it,formal,informal,hybrid_early,0.3,ya ampun . mengapa jaringan xxxuserxxx di dramaga ini ? membuat saya kesal .,ampun banget . kenapa jaringan xxxuserxxx di dramaga gini sih ? bikin kesel tauuu.,False,490,4200245,42,"[""tolong dong xxxuserxxx dari kmaren sore jaringan nya full tapi nggak nyambung ke internet padahal kuota dah lumayan banyak"", ""please xxxuserxxx jaringan , kenapa ngilang gak jelas mulu ."", ""udah xxxnumberxxx menit stuck gini terus , padahal koneksi internet saya normal . tolong di bantu"", ""cek dm coba xxxuserxxx dari tadi komplen ngga ada respon , pulsa udah kepotong kena tarif per kb"", ""hai jnt xxxuserxxx mau tanya dong kenapa paket yg saya kirim masih gini aja ya mohon pencerahannya""]",False,5,1410,21,False,82
google/gemma-3-4b-it,formal,informal,hybrid_early,0.3,"nomor saya masih tidak bisa , bagaimana ini ?",“nomor saya kok masih nggak bisa ya?”,True,492,4200246,42,"[""dear indosat , sy mau isi paketan , tetapi kenapa tidak bisa ya , sudah sejak jam xxxnumberxxx tadi , pulsa sdh masuk tapi tdk bisa aktip"", ""sudah kak , sudah saya ganti ke xxxnumberxxx g tp ttp susah"", ""jb xxxphonexxx , sudah seminggu paket ngga nyampe , padahal masih dalam jakarta , ini malah dikirm ke surabaya buat apa coba ? jnt sistemnya gimana sih ?"", ""malam , mohon info paket saya sejak tanggal xxxnumberxxx tertahan dgn status itu . blm terkirim sampai sekarang , ada apa ya ?"", ""saya mau tanya , ini saya mau beli paket yellow kenapa sama xxxnumberxxx tidak direspon / tidak dibalas""]",False,5,1484,12,False,37
google/gemma-3-4b-it,formal,informal,hybrid_early,0.3,apakah masih ada lowongan grabbike di solo ?,"halo grab, min mau tanya dong, ada lowongan grabbike di solo gak ya?",True,494,4200247,42,"[""min , udh xxxnumberxxx hari ini saya mau gofood kok gak dapet driver terus ? apa aplikasi gojek lagi error ?"", ""grab ada kode promo utk grab send terbaru ga ? kok yg antarjkt eired ya"", ""halo saya top up grab ovo lewat atm barusan tapi kok belum masuk ya ?"", ""maaf min mau nanya apakah bener ini nomor dari gojek ? + xxxnumberxxx"", ""halo grab mo tanya dong , apakah bs driver dapet xxxnumberxxx order dr org berbeda dlm xxxnumberxxx waktu ?""]",False,5,1329,20,False,68
google/gemma-3-4b-it,formal,informal,hybrid_early,0.3,saya sore ini top up saldo xxxnumberxxx dan xxxnumberxxx mengapa tidak masuk - masuk ke saldo saya ?,"“kok pagi ini top up ke shopee pay , saldo gak masuk ya +xxxnumberxxx ?”",False,496,4200248,42,"[""tadi saya topup ke shopee pay , sudah berhasil tapi kok di aplikasi tetep xxxnumberxxx ya ? tolong baca dm saya ya . terimakasih"", ""ini xxxuserxxx kenapa ya udah xxxnumberxxx x top up ga masuk2 saldonya ?"", ""kak , tadi coba mau beli pulsa telkomsel xxxnumberxxx xxxnumberxxx xxxnumberxxx k , tapi koq dibatalkan mulu ya ? apa stok nya lagi kosong ?"", ""saya belipaket rp . xxxnumberxxx rb tapi kok tidak masuk ya ? padahal pulsanya udh kepotong"", ""sore min , ini ada keluhan nomer saya pulsa kesedot terus , padahal tidak berlangganan paket apapun . tolong di cek min + xxxnumberxxx xxxnumberxxx - xxxnumberxxx - xxxnumberxxx""]",False,5,1569,22,False,72
google/gemma-3-4b-it,formal,informal,hybrid_early,0.3,dapat saldo ovo gratis setiap hari .,“ane dapat saldo ovo gratis tiap hari nih.”,False,498,4200249,42,"[""halo saya top up grab ovo lewat atm barusan tapi kok belum masuk ya ?"", ""halo min saldo ovo ga muncul di grab , padahal nomor hp sudah sama . tolong cek dm ya min"", ""ini kenapa abis bayar pascabayar jadi gaada kuotanya ya ?"", ""cek dm coba xxxuserxxx dari tadi komplen ngga ada respon , pulsa udah kepotong kena tarif per kb"", ""saya beli voucher fisik indosat xxxnumberxxx gb unlimited , tapi gagal terus kenapa ya ?""]",False,5,1296,12,False,43
