model_id,original_style,style_target,retrieval_method,alpha,original_message,paraphrased_message,is_human_eval,sample_index,sample_seed,run_seed,retrieved_exemplars,retrieval_fallback,n_exemplars,prompt_chars,output_tokens,eos_reached,output_chars
google/gemma-3-4b-it,excitement,competence,hybrid_early,0.7,Tidur pake backpack juga kali ya dia,"""Gue heran, bisa aja dia tidur pakai ransel.""",False,2523,4200000,42,"[""Emang didesain buat yang kerjanya gak setengah-setengah"", ""Hindari olahraga di siang hari agar terhindar dari dehidrasi. Pilih waktu yang lebih aman seperti menjelang berbuka atau setelahnya."", ""Masih semangat puasanya ?"", ""ngerasa nggak sih? selama Ramadan ini screen time jadi meningkat? Coba deh cek HP kamu sekarang!"", ""puasa bukan alasan untuk malas gerak! Dengan olahraga yang tepat tubuh tetap sehat dan bertenaga selama Ramadan. Yuk simak tipsnya!""]",False,5,1336,15,False,45
google/gemma-3-4b-it,sincerity,competence,hybrid_early,0.7,Tersedia juga melalui Drive Thru McDelivery GrabFood GoFood dan ShopeeFood.,"Hai Sobat! Jika Bapak/Ibu ingin memesan melalui Drive Thru McDelivery GrabFood GoFood dan ShopeeFood, silakan hubungi layanan Halo BCA 1500888 dapat melalui fitur Call di aplikasi haloBCA yang dapat Bapak/Ibu download di Play Store/App Store. :) Tks ^Heybi",False,1815,4200001,42,"[""Mohon maaf atas ketidaknyamanan yang Bapak/Ibu Pelanggan alami. Sesuai tampilan gambar jika pada mutasi rekening terdapat keterangan KOR MCD TRANSCTION maka umumnya Bapak/Ibu telah melakukan transaksi Mastercard Debit"", ""Hai Sobat BRI mohon maaf atas ketidaknyamanan yang dialami. Guna pengecekan kendala transaksi tarik tunai mohon kesediaan Sobat BRI menghubungi layanan bebas pulsa Contact BRI melalui aplikasi BRImo dengan tahapan: 1. Pilih menu Akun. 2. Lalu Kontak BRI. 3. Kemudian Pusat"", ""Hai Sobat BRI mohon maaf atas ketidaknyamanan yang dialami. Guna tindak lanjut pengajuan Tokopedia Card Silakan menghubungi layanan bebas pulsa Contact BRI melalui aplikasi BRImo dengan tahapan: 1. Login aplikasi BRImo. 2. Pilih menu Akun. 3. Klik Pusat Bantuan. 4. Pilih"", ""Hai Sobat BRI mohon maaf atas ketidaknyamanan yang dialami. Apabila mendapatkan uang rusak saat melakukan tarik tunai di mesin ATM BRI silakan mengunjungi kantor BRI terdekat dari lokasi mesin ATM yang digunakan transaksi membawa KTP buku tabungan kartu debit dan bukti"", ""kami sarankan untuk menghubungi layanan Halo BCA 1500888 dapat melalui fitur Call di aplikasi haloBCA yang dapat Bapak/Ibu download di Play Store/App Store. :) Tks ^Heybi""]",False,5,2135,73,False,256
google/gemma-3-4b-it,sophistication,competence,hybrid_early,0.7,Feel the premium experience in beautiful Bali with the exciting feeling of the advanced mobility from Piaggio () the timeless lifestyle icon of Vespa () the intense racing performance of Aprilia (),Rasakan pengalaman premium di Bali yang indah dengan sensasi mobilitas canggih dari Piaggio – ikon gaya hidup abadi Vespa – dan performa balap Aprilia yang intens.,False,3864,4200002,42,"[""We apologize for the inconvenience experienced by the Customer. Please provide detailed information about the problem experienced via DM. Tks ^Groho"", ""Akan berlangsung di Nusa Dua Bali pada 5-8 September 2023 BATIC 2023 akan menghadirkan industry leaders and estemeed experts nasional maupun internasional."", ""Dirgahayu terus sukses menjadi perusahaan digital terkemuka di bidang gaya hidup dan hiburan sekaligus memberdayakan masyarakat Indonesia."", ""Telin Raih Gelar Operator Terbaik Asia-Pasifik Wujud Komitmen pada Inovasi dan Kepuasan Pelanggan Salah satu anak usaha Telkom Telin kembali mendapatkan penghargaan bertaraf internasional dengan meraih penghargaan di Global Carrier Awards 2023 sebagai Best Asia-Pacific"", ""pernah denger istilah Green Data Center nggak? ever heard of the term Green Data Center?""]",False,5,1856,38,False,163
google/gemma-3-4b-it,sophistication,competence,hybrid_early,0.7,Pamerskincare kesayangan kalian sekarang!!,Yuk! Cek pamerskincare kesayangan kalian!,True,3617,4200003,42,"[""Yuk! Cek unggahan Digimin di atas!"", ""saatnya ! Yuk simak unggahan Digimin untuk pengetahuan baru seputar peran dan dukungan TelkomGroup untuk IKN!"", ""Apa yang terasa berbeda di Lebaran kali ini? Yuk! Share di kolom reply!"", ""Lets go koleksi stampelnya"", ""Tap untuk tips hidup sehat dan produktif ala Adib Dwitamma! Ayo datang ke Bandung dan cobain fitur terbaru dari ! Saatnya pre-order sekarang dan dapatkan benefit up to 11 juta!""]",False,5,1319,13,False,41
google/gemma-3-4b-it,excitement,competence,hybrid_early,0.7,Ditunggu yaa kakk,Selamat menunggu ya kakk.,False,3439,4200004,42,"[""Makasih ya Kak ."", ""Siap Kak on check"", ""Makasih Kak."", ""Selamat pagi Kak. Mohon cek DM ya Kak. Trims."", ""Selamat sore Kak. Mohon cek DM ya Kak. Trims.""]",False,5,1013,8,False,25
google/gemma-3-4b-it,excitement,competence,hybrid_early,0.7,Halo kak mohon maaf atas ketidaknyamanannya ya mohon kirimkan kepada kami foto struk fisik/bukti pembelian serta nomor telepon yang dapat dihubungi via DM ya kak agar dapat kami tindaklanjuti terima kasih,"Hai Kak, mohon maaf atas ketidaknyamanannya. Untuk tindak lanjut, kami requesit foto bukti fisik struk pembelian dan nomor telepon yang bisa dihubungi via DM ya Kak. Terima kasih ~Rina",False,2754,4200005,42,"[""Mohon maaf atas ketidaknyamanan yang Ibu alami. Untuk pengecekan lebih detail dapat kami sarankan Ibu untuk ke Cabang BCA terdekat dengan membawa dokumen bukti kepemilikan rekening dan KTP ya. Tks ^Groho"", ""Hai Sobat BRI mohon maaf atas ketidaknyamanannya. Terkait kartu perpanjangan akan dikirimkan ke alamat yang terdaftar pada kartu kredit. Guna pengecekan status pengiriman kartu mohon kesediaan menghubungi layanan bebas pulsa Contact BRI melalui BRImo dengan tahapan: 1. Login"", ""Mohon maaf atas ketidaknyamanan yang dialami. Guna tindak lanjut kami sudah mengirimkan pesan melalui DM. Silakan lakukan pengecekan ya. Dapatkan informasi terbaru seputar layanan dan promo BRI di Sabrina WhatsApp 0812 1214 017. Tks~Helma"", ""Hai Sobat BRI mohon maaf atas ketidaknyamanannya. Guna tindak lanjut pesan sudah kami respons melalui DM. Silakan lakukan pengecekan ya. Dapatkan informasi terbaru seputar layanan dan promo BRI di Sabrina WhatsApp 0812 1214 017. Tks~Caca"", ""Hai Sobat BRI mohon maaf atas ketidaknyamanannya. Guna tindak lanjut kami sudah kirimkan pesan melalui DM. Silakan melakukan pengecekan ya. Dapatkan informasi terbaru seputar layanan dan promo BRI di Sabrina WhatsApp 0812 1214 017. Tks~Amel""]",False,5,2258,47,False,184
google/gemma-3-4b-it,excitement,competence,hybrid_early,0.7,Mau ibadah dan lebaran auto ganteng? Wajib punya kemeja keren ini. Bebas ya mau belanja di mana:,"“Bingin mau ibadah dan Lebaran, penampilan harus oke juga! Pasti butuh baju bagus, yuk buruan cek pilihan yang ada!”",False,2450,4200006,42,"[""selama bulan Ramadan terutama menjelang Lebaran kebutuhan internet meningkat pesat! Nah pernah kepikiran nggak siapa yang memastikan jaringan tetap lancar? Yuk kita intip aktivitas Muhammad Afif Giffari Supervisor Household Operations dalam"", ""Tap untuk tips hidup sehat dan produktif ala Adib Dwitamma! Ayo datang ke Bandung dan cobain fitur terbaru dari ! Saatnya pre-order sekarang dan dapatkan benefit up to 11 juta!"", ""apa salah satu tradisi yang paling menyenangkan saat Lebaran? Betul mudik jawabannya."", ""puasa bukan alasan untuk malas gerak! Dengan olahraga yang tepat tubuh tetap sehat dan bertenaga selama Ramadan. Yuk simak tipsnya!"", ""nggak terasa Ramadan sudah datang kembali. Setiap orang atau instansi pasti memiliki berbagai macam kegiatan yang berbeda untuk menyambut Ramadan. Kalau di Telkom apa ya kira-kira?""]",False,5,1769,32,False,116
google/gemma-3-4b-it,sincerity,competence,hybrid_early,0.7,Mari ambil peran untuk jadi relawan lingkungan demi turut menciptakan masa depan yang lebih baik!,"Yuk, jadi bagian dari aksi nyata demi kelestarian lingkungan dan masa depan yang lebih indah!",False,6078,4200007,42,"[""Yuk dukung Telkom Indonesia dalam menerapkan praktik bisnis berkelanjutan untuk memberi yang terbaik bagi bangsa sekaligus berkontribusi bagi masa depan yang lebih baik! Let s support Telkom Indonesia in adopting sustainable business"", ""Telkom Indonesia juga punya inisiatif GoZero% yang berperan dalam menjaga kelestarian lingkungan agar tercipta masa depan yang lebih hijau dan berkelanjutan."", ""Sobat edukasi dan kesadaran menjaga dan merawat lingkungan dimulai dari lingkungan kecil kita.Mari selalu tanamkan hal baik agar generasi selanjutnya dapat terus menikmati keindahan bumi. Selamat Hari Bumi."", ""Yuk dukung Telkom Indonesia dalam upaya kolektif untuk mengatasi perubahan iklim dan menjaga kelestarian lingkungan!"", ""Setiap aksi yang kita lakukan dapat membawa dampak signifikan bagi lingkungan. Momentum ini menjadi pengingat bagi kita semua untuk mengambil langkah bagi keberlanjutan bumi yang kita tinggali. Sebuah pohon berawal dari benih generasi restorasi berawal dari kita semua. Selamat""]",False,5,1947,20,False,93
google/gemma-3-4b-it,sincerity,competence,hybrid_early,0.7,How To Join: 1 Reply tweet screenshot hasil checkout di Wardah Official di ecommerce apapun 2 Follow twitter Wardah 3 Gunakan hashtag Jangan sampai kelewatan ya Goodluck beauties!,Hai beauties! Jangan sampai kelewatan ya. Caranya gampang kok! 1 Respon tweet screenshot hasil checkout di Twitter Wardah Official. 2 Follow Twitter Wardah. 3 Goodluck!,False,2323,4200008,42,"[""Duh Ian makin berkarisma banget ya saat ngasih penyuluhan gini Yuk langsung nonton Web Series Pakai Hati Reborn hanya di Youtube Bank BRI atau klik link di bio ya Sobat BRI!"", ""Hai Sobat BRI tidak perlu khawatir. Pesan melalui DM sudah kami respons silakan melakukan pengecekan. Dapatkan informasi terbaru seputar layanan dan promo BRI di Sabrina WhatsApp 0812 1214 017. Tks~Yoda"", ""Hai Sobat BRI tidak perlu khawatir. Pesan sudah kami respons melalui DM silakan lakukan pengecekan ya. Dapatkan informasi terbaru seputar layanan dan promo BRI di Sabrina WhatsApp 0812 1214 017. Tks~Risa"", ""Pesan DM sudah kami respons mohon melakukan pengecekan. Dapatkan informasi terbaru seputar layanan dan promo BRI di Sabrina WhatsApp 0812 1214 017. Tks~Oris"", ""Hai Sobat BRI tidak perlu khawatir. Pesan melalui DM sudah kami respons. Silakan lakukan pengecekan. Dapatkan informasi terbaru seputar layanan dan promo BRI di Sabrina WhatsApp 0812 1214 017. Tks~Hela""]",False,5,1975,43,False,168
google/gemma-3-4b-it,ruggedness,competence,hybrid_early,0.7,thank you^^,Terima kasih kembali. Tks^^,False,5067,4200009,42,"[""Terima kasih kembali Ibu . Tks ^Yena"", ""Dengan senang hati kami informasikan Bapak . Bisa ya. Tks ^Yena"", ""Terima kasih kembali Ibu .:) Tks ^Wiki"", ""Terima kasih kembali Bapak/Ibu Pelanggan. Tks^Grett"", ""Dengan senang hati kami informasikan. Benar ya Bapak/Ibu Pelanggan. Tks^Clara""]",False,5,1137,9,False,27
google/gemma-3-4b-it,sincerity,competence,hybrid_early,0.7,Mohon maaf atas ketidaknyamanannya. Dapatkah kamu sampaikan kendala yang kamu alami melalui DM ? agar kami dapat menindaklanjuti laporan kamu. Terima kasih,"Hai Sobat BRI, mohon maaf atas ketidaknyamanan yang Anda alami. Silakan sampaikan kendala yang Anda hadapi melalui DM ya, agar kami dapat menindaklanjuti laporan Anda. Terima kasih.",True,1871,4200010,42,"[""Hai Sobat BRI mohon maaf atas ketidaknyamanan yang dialami. Kami sampaikan BRI senantiasa menindaklanjuti setiap laporan yang diterima. Guna tindak lanjut kami sudah kirimkan pesan melalui DM. Mohon lakukan pengecekan. Informasi lainnya seputar BRI dapat hubungi Sabrina"", ""Hai Sobat BRI mohon maaf atas ketidaknyamanan yang dialami. Bank BRI senantiasa menindaklanjuti setiap laporan yang diterima. Terkait kendala yang dialami sudah kami respons melalui DM silakan melakukan pengecekan. Tks~Cello"", ""Hai Sobat BRI. Mohon maaf atas ketidaknyamanan yang dialami. Terkait kendala yang disampaikan sudah kami respons pada Mention sebelumnya. Mohon kesediaannya melakukan pengecekan ya. Tks~Hera"", ""Berdasarkan hasil koordinasi mengenai keluhan yang disampaikan telah ditindaklanjuti ya Kak. Sekali lagi kami mohon maaf atas ketidaknyamanan yang dialami. Apabila mengalami kendala atau membutuhkan bantuan silakan menghubungi Railmin kembali atau Kondektur yang berdinas di"", ""Hai Sobat BRI. Mohon maaf atas ketidaknyamanan yang dialami. BRI senantiasa menindaklanjuti setiap pelaporan nasabah. Terkait kendala yang dialami sudah kami respons melalui DM mohon kesediaannya melakukan pengecekan.Tks~Hera""]",False,5,2199,46,False,181
google/gemma-3-4b-it,sincerity,competence,hybrid_early,0.7,Sama-sama Kak! Semoga lancar ya ngungkapinnya,"Sama-sama Kak, semoga lancar!",False,1855,4200011,42,"[""Mohon cek DM kamu kembali ya Kak Akulah"", ""Baik Kak on check"", ""Mohon cek DM kamu kembali ya Kak Kembang"", ""Sama-sama Kak Nanang. Selamat berakhir pekan ya."", ""Sama-sama Kak sehat selalu ya""]",False,5,1079,12,False,29
google/gemma-3-4b-it,sincerity,competence,hybrid_early,0.7,Who can't wait for JakartaXBeauty today? Sebelum itu Wardah mau umumin 2 pemenang yang bakal dapetin all day pass JakartaXBeauty 2022! Selamat kepada dan Sampai jumpa di JCC Senayan ya beauties!,“Siapa yang udah gak sabar buat JakartaXBeauty hari ini? Sebelum itu Wardah mau ngumum-ngumumkan 2 pemenang yang bakal dapet all day pass JakartaXBeauty 2022! Selamat buat dan Sampai jumpa di JCC Senayan ya beauties!”,False,2378,4200012,42,"[""LIKE post ini kalau kamu mau banget ! Ayo ikutan pre-order untuk dapatkan total benefit up to Rp3.9 jt. Promo berlaku hingga 31 Juli 2025. Pesan sekarang:"", ""Selamat sore dan mohon maaf Kakak. Untuk pembelian tiket dengan tarif promonya hanya dapat dilakukan di Booth Venue KAI Expo 2025 tanggal 2 & 3 Agustus 2025 di Assembly Hall - Jakarta Convention Center (JCC) ya. Railmin imbau untuk selalu hati-hati ya terhadap akun penipuan"", ""Kira-kira kejutan apa ya yang bakal dibawa? Jangan lupa standby 9 Juli jam 21.00 WIB ya Kak!"", ""Yesss sama-sama gak sabar nunggu kejutan dari Galaxy Foldable terbaru nih Yuk catat tanggalnya 9 Juli 2025 pukul 21.00 WIB dan daftar di"", ""Selamat pagi Kak. Mohon maaf tidak tersedia tarif khusus relasi Surabaya Pasar Turi-Gambir pada KA Argo Bromo Anggrek ya. Tarif pada rute tersebut berlaku normal. Railmin imbau untuk selalu hati-hati ya terhadap akun penipuan yang mengatasnamakan KAI. Saat ini seluruh akun""]",False,5,1984,61,False,217
google/gemma-3-4b-it,excitement,competence,hybrid_early,0.7,Soalnya ngeliat WIB Promo Hoki Dijamin diskon s.d 88% jadi semangat kakkk,"Hai Sobat BRI, lihat nih WIB Promo Hoki! Dijamin diskon sampai 88% ya, semangat!",False,3402,4200013,42,"[""Hai Sobat BRI terima kasih atas ketertarikannya terhadap program BRI. Kami sampaikan promo Beli Tiket Kapal Makin Praktis di BRImo untuk mendapatkan Cashback Spesial hingga 50% (maksimal Rp500.000) dengan kuota 50 transaksi per hari selama periode promo berlaku ya. Periode"", ""Yuk daftar dulu biar dapetin promo eksklusifnya di sini Biar gak ketinggalan kejutan di tanggal 9 Juli nanti"", ""Hai Sobat BRI tidak perlu khawatir. Guna tindak lanjut kami sudah mengirimkan pesan melalui DM. Silakan dilakukan pengecekan ya. Dapatkan informasi terbaru seputar layanan dan promo BRI di Sabrina WhatsApp 0812 1214 017. Tks~Aril"", ""Hai Sobat BRI tidak perlu khawatir. Untuk tindak lanjut kami sudah mengirimkan pesan melalui DM dan silakan dilakukan pengecekan. Dapatkan informasi terbaru seputar layanan dan promo BRI dengan Sabrina WhatsApp 0812 1214 017. Tks~Ulin"", ""Hai Sobat BRI mohon maaf atas ketidaknyamanannya. Guna pengecekan kami sudah mengirimkan pesan melalui DM. Silakan lakukan pengecekan ya. Dapatkan informasi terbaru seputar layanan dan promo BRI di Sabrina WhatsApp 0812 1214 017. Tks~Pras""]",False,5,2016,26,False,80
google/gemma-3-4b-it,excitement,competence,hybrid_early,0.7,Tidaaakkk biasaaa,"Tidaaaakkkk, biasaaaa banget yaa.",False,3516,4200014,42,"[""Kena sampai ke hati ya Kak."", ""Masa sih Kak relate banget ya Kak ."", ""Bisa ya Bapak . Tks ^Ivah"", ""Aduh gimana ya?"", ""Betul Kak tapi di hari sebelumnya ya""]",False,5,1016,13,False,33
google/gemma-3-4b-it,ruggedness,competence,hybrid_early,0.7,Sama sama.. Salam lestari,Hai Sobat BRI. Sama sama. Semoga harimu menyenangkan!,False,5750,4200015,42,"[""Terima kasih kembali Kak. Semoga informasinya bermanfaat ya Kak."", ""Hai Sobat BRI. Tidak perlu khawatir. Pesan sudah kami respons melalui DM. Silakan lakukan pengecekan. Tks~Yoda"", ""Hai Kak. Terima kasih."", ""Baik jika demikan. Terima kasih atas konfirmasinya dan sehat selalu Kakak."", ""Hai Sobat BRI tidak perlu khawatir. Pesan sudah kami respons melalui DM. Silakan melakukan pengecekan ya. Sobat BRI jangan bagikan data pribadi seperti PIN OTP atau password kepada siapa pun termasuk yang mengatasnamakan BRI. Informasi lebih lanjut hubungi Contact BRI""]",False,5,1424,14,False,53
google/gemma-3-4b-it,sincerity,competence,hybrid_early,0.7,Mari baris & merapat! Promo Merdeka bisa kamu pakai buat dapat 1 Ayam Krispy McD + 1 Ayam Spicy McD + 2 Nasi + 2 Fruit Tea Lemon hanya Rp40.909 Gunakan kode McDMerdeka buat nikmati diskonnya! Download & registrasi di Aplikasi McDonald s,Selamat pagi Kak. Nikmati promo Merdeka dengan penawaran spesial: 1 Ayam Krispy McD + 1 Ayam Spicy McD + 2 Nasi + 2 Fruit Tea Lemon hanya Rp40.909! Gunakan kode McDMerdeka untuk mendapatkan diskonnya. Segera unduh dan daftarkan diri melalui Aplikasi McDonald’s!,False,1828,4200016,42,"[""Selamat sore Kak. Mohon maaf atas ketidaknyamanannya. Penyajian makanan atau minuman atas pemesanan via Railfood bila sudah tersedia akan diantarkan ke kursi oleh petugas. Namun menyesuaikan dengan ramainya pembelian di rangkaian restorasi Kak (tidak dapat dipastikan). Apabila"", ""Selamat malam Kak. Apabila ingin pesan makan dan minum pada saat perjalanan Kereta Api bisa melalui menu Railfood via aplikasi Access by KAI atau Website Nantinya menu yang dipesan akan diantar oleh Prama/Prami ke tempat duduk sesuai kode booking tiket."", ""Selamat malam Kak. Perubahan dapat dilakukan selama tiket penggantinya masih tersedia dan dikenakan biaya administrasi sebesar 25% dari tarif kereta api yang diubah. Informasi lengkap mengenai prosedur perubahan tiket KA silakan cek tautan berikut:"", ""Selamat malam Kak. Mohon maaf pembayaran makanan yang dipesan melalui Railfood tidak dapat dilakukan secara cash/tunai ya. Silakan menggunakan Qris atau KAIPay untuk transaksi pembayarannya. Railmin imbau untuk selalu hati-hati ya terhadap akun penipuan yang mengatasnamakan"", ""Selamat pagi Kak. Pemesanan makanan/minuman bisa melalui aplikasi Access by KAI pada menu Railfood website lokomart dengan memasukkan kode booking tiket atau Kakak langsung menuju ke restorasi KA ya. Railmin bantu cek silakan diinformasikan kode""]",False,5,2394,75,False,261
google/gemma-3-4b-it,excitement,competence,hybrid_early,0.7,Semangat kak good luck yaa,Terima kasih kembali Kak. Semoga berhasil ya Kak!,False,3239,4200017,42,"[""Terus semangat ya Kak hari baik itu pasti datang. Selamat pagi juga!"", ""Wah good job Kak"", ""Makasih ya Kak ."", ""Makasih Kak."", ""Terima kasih kembali Kak. Semoga informasinya bermanfaat ya Kak.""]",False,5,1063,13,False,49
google/gemma-3-4b-it,sincerity,competence,hybrid_early,0.7,Selamat Hari Ozon International! Dirayakannya Hari Ozon Internasional memiliki tujuan untuk meningkatkan kesadaran seluruh masyarakat dunia akan pentingnya lapisan ozon sebagai perisai bumi yang semakin menipis akibat gas rumah kaca.,"Hai Sobat! Selamat Hari Ozon Internasional! Rayakan hari ini untuk meningkatkan kesadaran kita bersama akan perlunya menjaga lapisan ozon, perisai bumi yang semakin terancam akibat gas rumah kaca.",False,6075,4200018,42,"[""Keberadaan green data center bisa membantu mengurangi dampak perubahan iklim melalui optimalisasi penggunaan energi. Penerapan efisiensi energi juga bisa membantu mengurangi penggunaan bahan bakar fosil seperti batu bara dan minyak bumi. The existence of"", ""Segenap Dewan Komisaris Direksi dan Karyawan Telkom Indonesia memperingati Hari Kesehatan Nasional. Hidup sehat adalah investasi terbaik untuk masa depan!"", ""Selain itu dengan menggunakan transportasi umum juga turut membantu mengurangi polusi semakin banyak orang naik transportasi umum semakin banyak bahan bakar minyak yang dihemat."", ""Terima kasih untuk dukungan dan semangat dari Sobat dan pelanggan Telkom Indonesia selama ini. Mari kita terus berkolaborasi untuk saling meningkatan ekonomi digital di Indonesia. Selamat Hari Pelanggan Nasional."", ""Hai Sobat BRI oxnewbie mohon maaf atas ketidaknyamanan yang dialami. Jika sudah melakukan pengaktifan maka dapat digunakan transaksi. Kami sudah mengirimkan pesan melalui DM. Mohon melakukan pengecekan. Dapatkan informasi terbaru seputar layanan dan promo BRI di Sabrina""]",False,5,2161,45,False,196
google/gemma-3-4b-it,ruggedness,competence,hybrid_early,0.7,Road to WJSC 2025! Learn & Share online merupakan bagian dari rangkaian Road to WJSC 2025 dan menjadi salah satu syarat bagi Eigerian yang ingin mendaftar sebagai peserta WJSC 2025. Pendaftaran ditutup pada tanggal 6 Maret 2025.,"Yuk dukung partisipasi Eigerian dalam Road to WJSC 2025! Learn & Share online adalah bagian penting dari rangkaian acara dan merupakan syarat krusial bagi para peserta WJSC 2025. Jangan lewatkan, pendaftaran ditutup pada tanggal 6 Maret 2025!",False,5047,4200019,42,"[""Sebagai wujud komitmen dalam membantu masyarakat menghadapi era ekonomi digital Telkom Indonesia mengadakan kelas gratis digital marketing bagi pelaku UMKM bertajuk Optimalisasi Penjualan melalui Social Media & E-Commerce Tingkatkan Penghasilan Tiap Bulannya."", ""Yuk dukung komitmen Telkom Indonesia dalam konsistensi implementasi ESG untuk hadirkan keberlanjutan bagi negeri! Let's support Telkom Indonesia's consistent ESG implementation to create sustainability for the nation!"", ""Yuk dukung terus upaya Telkom Indonesia dalam mendorong pertumbuhan dan kemajuan sektor UMKM sebagai salah satu pilar penting penggerak perekonomian bangsa! Let's continue to support Telkom Indonesia's efforts in promoting the growth and"", ""berbagai upaya akselerasi digitalisasi oleh Telkom Indonesia diharapkan dapat membawa dampak positif pada beragam sektor industri dan mendorong tercapainya cita-cita Indonesia Emas 2045. Simak selengkapnya ya!"", ""Dengan ini Telkom berkomitmen memberikan kontribusi berkelanjutan untuk masa depan Indonesia mendukung solusi perubahan iklim global dan sejalan dengan target net-zero emission 2060.""]",False,5,2193,66,False,242
google/gemma-3-4b-it,excitement,competence,hybrid_early,0.7,Hai kak teman kamu bisa informasikan secara detail lewat live chat yang ada di apps Tokopedia ya kak,"Hai Sobat BRI, mohon informasikan detailnya lewat live chat di aplikasi Tokopedia ya kak.",False,3416,4200020,42,"[""Hai Sobat BRI mohon maaf atas kendala yang dialami. Terkait kendala yang disampaikan. Dapat diinformasikan keterangan atau respons yang tampil melalui DM ya. Dapatkan informasi terbaru seputar layanan dan promo BRI di Sabrina WhatsApp 0812 1214 017. Tks~Dean"", ""Hai Sobat BRI tidak perlu khawatir. Guna informasi yang sesuai dapat disampaikan dengan detail apa tujuan Sobat BRI ingin mengetahui hal tersebut? Silakan sampaikan melalui DM kami. Dapatkan informasi terbaru seputar layanan dan promo BRI di Sabrina WhatsApp 0812 1214 017."", ""Hai Sobat BRI tidak perlu khawatir. Guna tindak lanjut kendala yang dialami kami sudah mengirimkan pesan melalui DM. Silakan lakukan pengecekan ya. Dapatkan informasi terbaru seputar layanan dan promo BRI di Sabrina WhatsApp 0812 1214 017. Tks~Helma"", ""Hai Sobat BRI mohon maaf atas kendala yang dialami. Terkait kendala yang disampaikan kami sudah respons melalui DM. Silakan melakukan pengecekan. Informasi lainnya seputar BRI dapat hubungi Sabrina WhatsApp 0812 1214 017 atau akun resmi media sosial BRI yang terverifikasi."", ""Hai Sobat BRI mohon maaf atas ketidaknyamanannya. Terkait pesan yang disampaikan sudah kami respons melalui DM. Silakan melakukan pengecekan ya. Informasi lainnya seputar BRI dapat hubungi Sabrina WhatsApp 0812 1214 017 atau akun resmi media sosial BRI yang terverifikasi.""]",False,5,2286,22,False,89
google/gemma-3-4b-it,ruggedness,competence,hybrid_early,0.7,Betulss kak,Betulss juga Kak.,False,5290,4200021,42,"[""Siap Kak on check"", ""Betul Kak tapi di hari sebelumnya ya"", ""Baik Kak on check"", ""GEMASSS"", ""Makasih Kak.""]",False,5,961,7,False,17
google/gemma-3-4b-it,sophistication,competence,hybrid_early,0.7,All roads lead to the things that you desire. Take the ride and enjoy the journey today. Who knows what you might find along the way? Click www.vespa.coid for more info about Vespa GTV Sei Giorni II Edition.,"Siap untuk merasakan pengalaman baru yang tak terlupakan? Semua jalan mengarah pada impianmu! Ikuti perjalanan seru hari ini, siapa tahu apa yang akan kamu temukan? Kunjungi www.vespa.coid sekarang juga untuk info lengkap tentang Vespa GTV Sei Giorni II Edition!",False,3889,4200022,42,"[""Get ready to be blown away by the next-level tech coming your way!"", ""did you know that Telkom Indonesia provides equal opportunities for all its digital talents to empower themselves and continuously develop their skills for innovation? Well Kak Dyah will take you along for a day to follow her activities. Follow her journey in"", ""We are happy to check the DM that Mr./Mrs. Customer sent and make sure to interact with the official account that has a gold tick. Tks ^Zaydee"", ""Sorry for the inconvenience Mr/Mrs. Customer. If you are still having problems please send us a response of the image display via DM so that we can inform you according to your needs. :) Tks ^Heybi"", ""Think your running team is the strongest? Time to prove it. Daftarin tim lari kamu ke & compete bareng tim lain buat win the BIG PRIZES! Stay tuned di 10.07.25 the have a surprises for you. RT & reply dengan mention running""]",False,5,1955,62,False,262
google/gemma-3-4b-it,sincerity,competence,hybrid_early,0.7,Melalui tekad kuatnya Khudori berhasil menjadikan tantangan sebagai motivasi untuk terus memajukan pertanian Indonesia. Saksikan kisah luar biasa dari seorang petani Indonesia ini di YouTube: NiatBaikHasilBaik_ID,"“Dengan semangat pantang menyerah, Khudori mengubah setiap rintangan menjadi dorongan untuk terus mengharumkan nama pertanian Indonesia! Jangan lewatkan kisah inspiratif seorang petani Indonesia hebat ini di YouTube: NiatBaikHasilBaik_ID”",False,1664,4200023,42,"[""Dari lokal tembus global! Siapa sangka lewat dukungan dan komitmen BRI untuk mewujudkan mimpi besar dari Langkah kecil UMKM produk UMKM Indonesia bisa menembus pasar global salah satunya dibuktikan pada ajang bergengsi Specialty Coffee Expo 2025 yang digelar pada 25-27"", ""sektor UMKM nasional sebagai salah satu penggerak perekonomian bangsa hadir dengan segudang potensi. Untuk terus bergerak maju para pelaku UMKM juga membutuhkan dukungan termasuk dalam hal wawasan dan jaringan. Simak langsung perjalanan Shanaya Tea salah satu"", ""di balik hingar bingar peluncuran ada banyak pihak yang terlibat dalam keseluruhan prosesnya. Kali ini Digimin akan mengajak kamu mengikuti keseharian Ilham salah satu talenta digital Telkomsat yang ikut berkontribusi dalam proyek satelit"", ""Jika tekad sudah kuat dan mantap maka tiada kesulitan apapun yang mampu menghalangi dan menggoyahkan semangat juang untuk meraih kesuksesan! Jangan lupa retweet semua postingan karena ada pulsa senilai Rp50.000 untuk 2 orang beruntung setiap harinya."", ""Di balik Kelompok Wanita Tani Sari Amerta Giri ada cerita tentang perempuan yang berani melangkah belajar hal baru dan bangun desa lewat hasil bumi sendiri. Lewat dukungan BRI bukan sekedar bantuan tapi dapat bertumbuh bersama membuka peluang makin naik kelas!""]",False,5,2349,51,False,238
google/gemma-3-4b-it,excitement,competence,hybrid_early,0.7,Hai Kak mohon maaf ya dan kami sarankan untuk pastikan terlebih dahulu syarat ketentuan promo terlebih dahulu ya. Tks^feb,Hai Sobat BRI mohon maaf atas ketidaknyamanannya. Silakan lakukan pengecekan terkait syarat ketentuan promo ya. Tks~Feb,False,2918,4200024,42,"[""Hai Sobat BRI. Mohon maaf atas ketidaknyamanan yang dialami. Terkait informasi promo tersebut kami lakukan pengecekan terlebih dahulu. Mohon kesediaan menunggu. Tks~Dendi"", ""Hai Sobat BRI mohon maaf atas ketidaknyamanannya. Guna pengecekan kami sudah mengirimkan pesan melalui DM. Silakan lakukan pengecekan ya. Dapatkan informasi terbaru seputar layanan dan promo BRI di Sabrina WhatsApp 0812 1214 017. Tks~Pras"", ""Hai Sobat BRI mohon maaf atas ketidaknyamanan yang dialami. Untuk pesan pada DM sudah kami respons mohon melakukan pengecekan ya. Dapatkan informasi terbaru seputar layanan dan promo BRI di Sabrina WhatsApp 0812 1214 017. Tks~Fadi"", ""Mohon maaf atas ketidaknyamanan yang dialami. Guna tindak lanjut kami sudah mengirimkan pesan melalui DM. Silakan lakukan pengecekan ya. Dapatkan informasi terbaru seputar layanan dan promo BRI di Sabrina WhatsApp 0812 1214 017. Tks~Helma"", ""Hai Sobat BRI mohon maaf atas ketidaknyamanan yang dialami. Kami sudah kirimkan pesan melalui DM. Silakan dilakukan pengecekan. Dapatkan informasi terbaru seputar layanan dan promo BRI di Sabrina WhatsApp 0812 1214 017. Tks~Beni""]",False,5,2086,31,False,119
google/gemma-3-4b-it,ruggedness,competence,hybrid_early,0.7,mantapp!,mantapp juga!,False,5073,4200025,42,"[""Setuju!"", ""Siap Kak on check"", ""WE READY"", ""Siap Kak otw ke DM"", ""ini dia para pemenang tanggal 15 Agustus 2024. Selamat ya!""]",False,5,977,6,False,13
google/gemma-3-4b-it,sophistication,competence,hybrid_early,0.7,This mouth-watering spicy wagyu fried rice is a must try when you dine at !,Selamat siang Kak. Jangan lupa cobain nasi goreng pedas menggugah selera wagyu yang pasti bikin nagih saat makan di sini!,False,4398,4200026,42,"[""We are happy to check the DM that Mr./Mrs. Customer sent and make sure to interact with the official account that has a gold tick. Tks ^Zaydee"", ""We're happy to reply to the DM Mr./Mrs. Customer sent. Please be sure to contact the official account with the gold checkmark. Tks^Sukma"", ""Selamat sore Kak. Mohon maaf atas ketidaknyamanannya. Penyajian makanan atau minuman atas pemesanan via Railfood bila sudah tersedia akan diantarkan ke kursi oleh petugas. Namun menyesuaikan dengan ramainya pembelian di rangkaian restorasi Kak (tidak dapat dipastikan). Apabila"", ""Selamat malam Kak. Mohon maaf pembayaran makanan yang dipesan melalui Railfood tidak dapat dilakukan secara cash/tunai ya. Silakan menggunakan Qris atau KAIPay untuk transaksi pembayarannya. Railmin imbau untuk selalu hati-hati ya terhadap akun penipuan yang mengatasnamakan"", ""Selamat malam Kak. Bila yang Kakak maksud untuk layanan penumpang rombongan Daerah Operasi 3 Cirebon silakan dapat menghubungi nomor handphone 081120210003. Pelayanan Hari Senin-Jumat pukul 08.00-16.00 WIB. Kakak juga dapat menghubungi via email di alamat komersial.daop3.id""]",False,5,2039,30,False,121
google/gemma-3-4b-it,sophistication,competence,hybrid_early,0.7,Coba tebak genuine Vespa accessories apa aja yang dipasang di Vespa Sprint 150 i-get ABS ini? Jawab sambil RT ya.,"“Yuk, tebak-tebak aksesoris Vespa asli apa saja yang terpasang di Vespa Sprint 150 i-get ABS ini? Coba jawab sambil re-tweet ya!”",False,3887,4200027,42,"[""Baik Kak. Sebagai informasi Tarif parkir awal motor sebesar 3 ribu. Kemudian pada jam berikutnya dikenakan tarif 2 ribu ya Kak. Terima kasih."", ""SELAMAT! kamu dapat 1 unit Galaxy M15 karena sudah berbagi cerita versimu! Langsung DM kami ya Masih ada 2 unit Galaxy M15 dan Grand Prize Galaxy TERBARU menunggu! Ikutan sekarang"", ""Selamat siang Kak. Bila dimaksud tarif parkir inap motor di Stasiun Kiaracondong (selatan) dikenakan sebesar 10 ribu. Info lengkapnya silakan DM/mention ke Twitter ya. Railmin imbau untuk selalu hati-hati ya terhadap akun penipuan yang mengatasnamakan KAI. Saat ini"", ""Tidak perlu khawatir. Kami informasikan untuk kartu debit kedaluwarsa dapat melakukan penggantian kartu debit baru melalui mesin Digital CS mesin RCM (Replacement Card Machine) mengunjungi kantor BRI pembukaan rekening atau kantor BRI terdekat kecuali BRI Unit dan Teras BRI"", ""tersebut bisa didapatkan di halte Transjakarta dengan harga Rp50.000 - (sudah termasuk Top Up Rp 15.000 -). Informasi detail: Tks ^Lora""]",False,5,1968,42,False,129
google/gemma-3-4b-it,excitement,competence,hybrid_early,0.7,Hai Kak maaf banget ya udah bikin gak nyaman. Supaya bisa kami tindaklanjuti mohon dibantu infoin nomor order dan detail keluhan kamu via DM ya Kak. Terima kasih^yb,"Hai Kak, mohon maaf atas ketidaknyamanannya. Guna tindak lanjut keluhan, silakan berikan info nomor order dan detail keluhan via DM ya Kak. Terima kasih~Belin",False,2884,4200028,42,"[""Hai Sobat BRI mohon maaf atas ketidaknyamanannya. Terkait pesan yang disampaikan sudah kami respons melalui DM. Silakan melakukan pengecekan ya. Informasi lainnya seputar BRI dapat hubungi Sabrina WhatsApp 0812 1214 017 atau akun resmi media sosial BRI yang terverifikasi."", ""Hai Sobat BRI mohon maaf atas ketidaknyamanannya. Guna tindak lanjut pesan sudah kami respons melalui DM. Silakan lakukan pengecekan ya. Dapatkan informasi terbaru seputar layanan dan promo BRI di Sabrina WhatsApp 0812 1214 017. Tks~Caca"", ""Hai Sobat BRI. Mohon maaf atas kendala transaksi transfer yang dialami. Terkait kendala kami sudah respons pesan melalui DM. Silakan melakukan pengecekan ya. Tks~Belin"", ""Selamat pagi Kak. Mohon maaf atas ketidaknyamanannya. Kendala yang disampaikan melalui DM telah kami respons ya. Trims."", ""Hai Sobat BRI. Mohon maaf atas ketidaknyamanannya. Terkait kendala yang dialami kami sudah merespons pesan melalui DM. Silakan melakukan pengecekan ya. Informasi lainnya seputar BRI dapat hubungi Sabrina WhatsApp 0812 1214 017 atau akun resmi media sosial BRI yang""]",False,5,2084,43,False,158
google/gemma-3-4b-it,excitement,competence,hybrid_early,0.7,Yang penting ada temennya Tokopedia Siap Kasih Tenang Ramadanmu Soalnya Dijamin Dapet Diskon s.d. 100rb,"“Yang penting ada temennya di Tokopedia, siap kasih tenang Ramadantmu soalnya dijamin dapet diskon s.d. 100rb!”",False,3374,4200029,42,"[""ini dia para pemenang special bulan Ramadan periode 1. Selamat ya!"", ""Yuk daftar dulu biar dapetin promo eksklusifnya di sini Biar gak ketinggalan kejutan di tanggal 9 Juli nanti"", ""Bagaimana puasa Sobat hari ini? Jangan lupa untuk main tebak kata setiap sore selama bulan Ramadan hanya di akun . Karena ada saldo LinkAja sebesar 100 Ribu untuk 5 Sobat yang beruntung. Hari ini kata apa yg ada dalam gambar di atas?"", ""LIKE post ini kalau kamu mau banget ! Ayo ikutan pre-order untuk dapatkan total benefit up to Rp3.9 jt. Promo berlaku hingga 31 Juli 2025. Pesan sekarang:"", ""ini dia para pemenang special bulan Ramadan periode 3. Selamat ya!""]",False,5,1591,38,False,111
google/gemma-3-4b-it,sophistication,competence,hybrid_early,0.7,We can't think of a better way to end a long week than with a delicious at,We're thrilled to finish a long week with a fantastic treat! 😊,False,4368,4200030,42,"[""We are happy to check the DM that Mr./Mrs. Customer sent and make sure to interact with the official account that has a gold tick. Tks ^Zaydee"", ""Get ready to be blown away by the next-level tech coming your way!"", ""Sorry for the inconvenience Mr/Mrs. Customer. If you are still having problems please send us a response of the image display via DM so that we can inform you according to your needs. :) Tks ^Heybi"", ""We're happy to reply to the DM Mr./Mrs. Customer sent. Please be sure to contact the official account with the gold checkmark. Tks^Sukma"", ""Hi we have responded to your message via DM. Please check it. Thanks~Agny""]",False,5,1549,16,False,62
google/gemma-3-4b-it,excitement,competence,hybrid_early,0.7,Oke ga ngepost makanan. Bisa!,"""Baik, Kak! Pemesanan makanan sudah bisa dilakukan, lho!""",True,2448,4200031,42,"[""Selamat sore Kak. Mohon maaf atas ketidaknyamanannya. Penyajian makanan atau minuman atas pemesanan via Railfood bila sudah tersedia akan diantarkan ke kursi oleh petugas. Namun menyesuaikan dengan ramainya pembelian di rangkaian restorasi Kak (tidak dapat dipastikan). Apabila"", ""Selamat malam Kak. Apabila ingin pesan makan dan minum pada saat perjalanan Kereta Api bisa melalui menu Railfood via aplikasi Access by KAI atau Website Nantinya menu yang dipesan akan diantar oleh Prama/Prami ke tempat duduk sesuai kode booking tiket."", ""Selamat malam Kak dan mohon maaf baru terbalaskan karena padatnya antrean interaksi. Jika melakukan pemesanan makanan secara online via Railfood atau website maka nantinya petugas Prama/Prami akan mengantarkannya langsung ke tempat duduk penumpang ya."", ""gimana puasanya sampai hari ini? Sambil menunggu waktu berbuka yuk! Kita berbagi pengetahuan tentang bagaimana cara ngembangin bisnis!"", ""Selamat pagi Kak. Pemesanan makanan/minuman bisa melalui aplikasi Access by KAI pada menu Railfood website lokomart dengan memasukkan kode booking tiket atau Kakak langsung menuju ke restorasi KA ya. Railmin bantu cek silakan diinformasikan kode""]",False,5,2050,18,False,57
google/gemma-3-4b-it,sincerity,competence,hybrid_early,0.7,Waah thank youu dear! Masukan kamu akan kami sampaikan dengan tim terkait ya!,"Hai dear! Dengan senang hati kami sampaikan, masukan kamu akan segera kami sampaikan dengan tim terkait ya. 😊 Tks~Wiki",True,2370,4200032,42,"[""Dengan senang hati kami informasikan kembali. Kami sudah mengirimkan informasi terkait laporan tersebut melalui DM mohon kesediaan Bapak/Ibu Pelanggan dapat mengikuti informasi melalui DM tersebut ya. :) Tks ^Wiki"", ""Hai Sobat BRI mohon maaf atas ketidaknyamanan yang dialami. Kami sampaikan BRI senantiasa menindaklanjuti setiap laporan yang diterima. Guna tindak lanjut kami sudah kirimkan pesan melalui DM. Mohon lakukan pengecekan. Informasi lainnya seputar BRI dapat hubungi Sabrina"", ""Dengan senang hati kami bantu informasikan ya. Silakan dapat mengikuti sesuai informasi yang disampaikan melalui DM ya Bapak . Tks ^Naldi"", ""Hai Sobat BRI mohon maaf atas ketidaknyamanan yang dialami. Bank BRI senantiasa menindaklanjuti setiap laporan yang diterima. Terkait kendala yang dialami sudah kami respons melalui DM silakan melakukan pengecekan. Tks~Cello"", ""Hai Sobat BRI. Mohon maaf atas ketidaknyamanan yang dialami. Terkait kendala yang disampaikan sudah kami respons pada Mention sebelumnya. Mohon kesediaannya melakukan pengecekan ya. Tks~Hera""]",False,5,1972,29,False,118
google/gemma-3-4b-it,sophistication,competence,hybrid_early,0.7,Minimal construction with lightness and embroidery subtlety,"Siap.

“Siapkan diri Anda… konstruksi minimalis dengan kelembutan dan detail bordir yang halus.”",False,4723,4200033,42,"[""Turn your walls into a symphony of sight and sound. A masterpiece for your space Samsung Music Frame blends art and audio seamlessly just as Putu Reza puts it: Fancy classy elegant. More:"", ""Selamat pagi Kak. Mohon maaf atas ketidaknyamanannya. Mengenai peremajaan/replacement sarana dilakukan dengan mempertimbangkan berbagai kajian dan dilakukan secara bertahap serta menyesuaikan juga kesiapan sarana yang ada. Semoga ke depannya dapat terealisasikan pada sarana KA"", ""Finally it s time to UNPACK Kepoin momen hands-on Samsung Galaxy Z Fold7 terbaru yang buat hidup makin produktif Ayo join yang udah cobain keseruan Galaxy Z Fold7 dengan reply fitur terbaru yang kamu suka dari"", ""Prepare yourself"", ""Hi kak Yaya kalau status bar nggak muncul pas screenshot itu karena aplikasi lagi dalam mode fullscreen otomatis. Bisa dicek di Settings > Display > Full screen apps atau coba update IG-nya dulu ya""]",False,5,1806,27,False,96
google/gemma-3-4b-it,sincerity,competence,hybrid_early,0.7,Yuk kita mulai Sebelum liburan kita pilh outfitnya dulu! kalau kamu pilih pakai floral dress kalau kamu mau pakai outfit casual,"""Yuk, gas! Sebelum liburan, outfit kece harus dipilih duluan! Floral dress atau outfit kasual nih, guys?""",False,2403,4200034,42,"[""Olahraga hits makin rame dari padel sampai pilates. Seru sih... tapi jangan sampai lupa cek kondisi dompet juga Yuk ikuti tren dengan bijak. Sehat fisik sehat finansial."", ""Spill warna mana yang paling kece buat kamu?"", ""Hehehe Selamat pagi dan selamat beraktivitas ya Kak. jangan lupa sarapan ya."", ""Wah banyak sekali manfaatnya ya! Yuk Sobat luangkan waktu untuk berolahraga seperti jalan kaki untuk hidup yang lebih sehat. Sobat suka jalan kaki setiap hari?"", ""Setuju gak kalau looking fit & feeling good gak mesti painful? Biar lebih jelas yuk datang ke dan coba bareng Febby untuk spill rahasianya! Ditunggu kehadirannya tanggal 27 Juli 2025 nanti ya!""]",False,5,1628,28,False,105
google/gemma-3-4b-it,sophistication,competence,hybrid_early,0.7,Whether you need space for a small or large meeting we will have the room for you. Let us cater your next meeting.,"""We’re happy to help you find the perfect space for your meeting, big or small! Let us take care of your next event. 😊 Tks ^Heybi""",False,4551,4200035,42,"[""We are happy to check the DM that Mr./Mrs. Customer sent and make sure to interact with the official account that has a gold tick. Tks ^Zaydee"", ""We're happy to reply to the DM Mr./Mrs. Customer sent. Please be sure to contact the official account with the gold checkmark. Tks^Sukma"", ""Sorry for the inconvenience Mr/Mrs. Customer. If you are still having problems please send us a response of the image display via DM so that we can inform you according to your needs. :) Tks ^Heybi"", ""Hi we have responded to your message via DM. Please check it. Thanks~Agny"", ""Get ready to be blown away by the next-level tech coming your way!""]",False,5,1589,38,False,130
google/gemma-3-4b-it,sophistication,competence,hybrid_early,0.7,It's never too early to start making plans especially when you have choices like this at,"""It's great to start planning ahead, especially with options like these at!""",False,4428,4200036,42,"[""We are happy to check the DM that Mr./Mrs. Customer sent and make sure to interact with the official account that has a gold tick. Tks ^Zaydee"", ""Sorry for the inconvenience Mr/Mrs. Customer. If you are still having problems please send us a response of the image display via DM so that we can inform you according to your needs. :) Tks ^Heybi"", ""It's finally here!! Find out more at"", ""did you know that Telkom Indonesia provides equal opportunities for all its digital talents to empower themselves and continuously develop their skills for innovation? Well Kak Dyah will take you along for a day to follow her activities. Follow her journey in"", ""We're happy to reply to the DM Mr./Mrs. Customer sent. Please be sure to contact the official account with the gold checkmark. Tks^Sukma""]",False,5,1719,18,False,76
google/gemma-3-4b-it,sophistication,competence,hybrid_early,0.7,Style that s magnetic and full of confidence. Say hello to the new Vespa Sprint in Green Magnetico.,"Hai Sobat BRI. Kami informasikan, akan hadir gaya yang memikat dan penuh percaya diri. Sambutlah Vespa Sprint dalam warna Green Magnetico yang baru.",False,3777,4200037,42,"[""Hai Sobat BRI. Terima kasih atas ketertarikannya terhadap program BRI. Sobat BRI dapat menikmati promo berbagai jenis sneakers pada event BRImo x USS yang berlangsung pada tanggal 25-27 Oktober 2024 di Hall A-B Jakarta Convention Center (JCC) Jakarta Pusat. Sobat BRI jangan"", ""Hai Sobat BRI. Terima kasih atas ketertarikannya terhadap program BRI. Sobat BRI dapat menikmati promo berbagai jenis sneakers pada event BRImo x USS yang berlangsung pada tanggal 25-27 Oktober 2024 di Hall A-B Jakarta Convention Center (JCC) ya. Sobat BRI jangan pernah"", ""in line with the spirit of digital transformation Telkom Indonesia continues to offer various competency development programs to empower all employees in reaching their full potential. These initiatives are designed to support career growth that"", ""Hai Sobat BRI. Terima kasih atas ketertarikannya terhadap program BRI. Akan ada ratusan tenant menarik mulai dari fashion hingga FnB dan pastinya promo spesial dari BRImo. Kami informasikan event BRImo x USS berlangsung pada tanggal 25-27 Oktober 2024 di Hall A-B Jakarta"", ""A new vision is coming Watch. Work. Play. In style with Vision AI & OLED. Get up to IDR 1 mio off + gifts up to IDR 3.9 mio! Reserve now:""]",False,5,2157,34,False,148
google/gemma-3-4b-it,sincerity,competence,hybrid_early,0.7,Maksimum hanya 3 Chicken Muffin dalam 1 kenderaan ya kak,Selamat siang Kak. Perlu kami informasikan bahwa maksimum hanya 3 Chicken Muffin yang diperbolehkan dalam satu kenderaan ya Kak.,False,1966,4200038,42,"[""Selamat pagi Kak. Mohon maaf promo dan reduksi pemesanan tiketnya tidak bisa digabungkan ya. Silakan pilih salah satu menggunakan harga promo atau reduksi tiket KA ya Kak. Railmin imbau untuk selalu hati-hati ya terhadap akun penipuan yang mengatasnamakan KAI. Saat ini"", ""Selamat malam Kak dan mohon maaf baru terbalaskan karena padatnya antrean interaksi. Pada perjalanan KA Senja Utama Solo rangkaiannya sudah menggunakan kelas campuran Eksekutif dan Ekonomitipe New Generation Stainless Steel dengan formasi tempat duduk 2-2. Railmin sarankan dapat"", ""Selamat sore Kak. Barang penumpang diperbolehkan dibawa ke atas KA selama sesuai ketentuan. Ketentuan bagasi penumpang yang diperbolehkan dibawa ke dalam KA tanpa dikenakan biaya yaitu dengan berat maksimum 20 kg dan volume maksimal 100 dm3 (0 1 meter kubik) (dengan dimensi"", ""Selamat pagi Kak. Selama nama penumpang yang tercantum pada tiket sudah sesuai kemudian kesalahan penulisan nomor identitas tidak lebih dari 3 digit angka maka tetap dapat digunakan ya. Saat boarding silakan menunjukkan identitas asli berfoto dan masih aktif ya Kak. Railmin"", ""Selamat siang Kak. Perubahan tiket KA bisa dilakukan selama tiket yang diinginkan masih tersedia dan dikenakan bea admin sebesar 25% dari harga tiket yang dimiliki saat ini ya Kak. Perubahan dapat dilakukan melalui aplikasi Access by KAI dengan syarat sebagai berikut: Hanya""]",False,5,2287,30,False,128
google/gemma-3-4b-it,ruggedness,competence,hybrid_early,0.7,Masih logo lamaaa,"""Gue liatnya masih logo lamaaa""",False,5374,4200039,42,"[""Woahhh udah ngincer yang warna apa nih?"", ""Akhirnya bisa lebih sat set ya Kak ."", ""Gak kedip mimin ngeliatnyaaa"", ""Mohon maaf ya Kak Candace Untuk Galaxy A14 memang belum dibekali fitur screen recorder bawaan. Tapi tenang Kakak masih bisa pakai aplikasi pihak ketiga yang tersedia di Play Store untuk merekam layar."", ""Hi kak Yaya kalau status bar nggak muncul pas screenshot itu karena aplikasi lagi dalam mode fullscreen otomatis. Bisa dicek di Settings > Display > Full screen apps atau coba update IG-nya dulu ya""]",False,5,1378,13,False,31
google/gemma-3-4b-it,ruggedness,competence,hybrid_early,0.7,A special collaboration is finally revealed. This one is a Continental GT with our partner,"""Get ready to be amazed by this incredible collaboration! It’s a Continental GT, brought to you with our amazing partner.""",False,6003,4200040,42,"[""We are happy to check the DM that Mr./Mrs. Customer sent and make sure to interact with the official account that has a gold tick. Tks ^Zaydee"", ""We're happy to reply to the DM Mr./Mrs. Customer sent. Please be sure to contact the official account with the gold checkmark. Tks^Sukma"", ""Get ready to be blown away by the next-level tech coming your way!"", ""Sorry for the inconvenience Mr/Mrs. Customer. If you are still having problems please send us a response of the image display via DM so that we can inform you according to your needs. :) Tks ^Heybi"", ""Perfect for you we're sure!""]",False,5,1519,28,False,122
google/gemma-3-4b-it,excitement,competence,hybrid_early,0.7,GOES TO BALI!!! Coba tebak ke bali mau ngapain nih? Isi dikolom komentar ya~,Siap jalan ke Bali nih Kak! Coba tebak mau ngapain di Bali ya? Isi di kolom komentar ya~,False,2633,4200041,42,"[""Siap on check ya Kak. Trims."", ""Done Kak silakan cek lagi pesan pada DM ya"", ""Siap Kak pesan yang dikirim via DM sudah Railmin cek dan respons ya. Trims."", ""Done ya Kak silakan cek kembali. Trims."", ""Baik segera Railmin balas DM yang dikirim ya Kak. Trims.""]",False,5,1177,28,False,88
google/gemma-3-4b-it,sophistication,competence,hybrid_early,0.7,The graphic Tirto Tedjo leitmotif is softened with the use of sheer tulle and subdued palette discover the sleeveless top in-store and online now at,"Dengan lembutnya, motif grafik Tirto Tedjo berpadu dengan tulle tipis dan palet yang tenang. Temukan atasan tanpa lengan yang tersedia di toko dan secara online sekarang juga.",False,4711,4200042,42,"[""in line with the spirit of digital transformation Telkom Indonesia continues to offer various competency development programs to empower all employees in reaching their full potential. These initiatives are designed to support career growth that"", ""did you know that Telkom Indonesia provides equal opportunities for all its digital talents to empower themselves and continuously develop their skills for innovation? Well Kak Dyah will take you along for a day to follow her activities. Follow her journey in"", ""Hal ini juga didukung dengan beragam fasilitas dan hak khusus yang diberikan untuk talenta digital difabel dan perempuan. This is further supported by various facilities and special rights provided for digital talents with disabilities and women."", ""Turn your walls into a symphony of sight and sound. A masterpiece for your space Samsung Music Frame blends art and audio seamlessly just as Putu Reza puts it: Fancy classy elegant. More:"", ""Jika menggunakan Android perlu untuk menonaktifkan fitur accessibility service atau talkback/screenreader/text-to-speech pada device Bapak. Setelah itu dapat mengakses kembali aplikasi myBCA. Tks ^Ivah""]",False,5,2147,40,False,175
google/gemma-3-4b-it,sincerity,competence,hybrid_early,0.7,WAJIBBB pake Wardah Colorfit Velvet Powder Foundation buat bikin tampilan makeup fresh kayak abis mandi! bikin pori-pori ketutup juga luvvv pokoknya. Shade-nya banyak banget Minty pake yg 22N kamu udah coba belum Beauties?,"“Wajib banget pake Wardah Colorfit Velvet Powder Foundation buat tampilan makeup fresh kayak abis mandi! Bikin pori-pori ketutup juga luvvv pokonya. Shadernya banyak banget, Minty pake yg 22N kamu udah coba belum, Beauties?”",False,2256,4200043,42,"[""Spill warna mana yang paling kece buat kamu?"", ""Duh Ian makin berkarisma banget ya saat ngasih penyuluhan gini Yuk langsung nonton Web Series Pakai Hati Reborn hanya di Youtube Bank BRI atau klik link di bio ya Sobat BRI!"", ""Woahhh udah ngincer yang warna apa nih?"", ""Setuju gak kalau looking fit & feeling good gak mesti painful? Biar lebih jelas yuk datang ke dan coba bareng Febby untuk spill rahasianya! Ditunggu kehadirannya tanggal 27 Juli 2025 nanti ya!"", ""Tapi tenang Monday blues tuh masih bisa banget dilawan kok! Yuk coba ubah cara pikir kita dan cari hal-hal kecil yang bisa bikin Senin jadi lebih asik! Share tips kamu di cuitan Digimin yang awal ya! Siapa tau bisa membantu teman-teman lain yang sedang butuh motivasi.""]",False,5,1799,61,False,224
google/gemma-3-4b-it,sincerity,competence,hybrid_early,0.7,Semua jawaban di atas merupakan hal yang dapat memicu . Namun banyak cara yang bisa dilakukan untuk mencegahnya antara lain dengan mulai mengonsumsi makanan kaya serat seperti gandum utuh berolahraga dan meditasi.,"“Wah, banyak banget yang bisa bikin khawatir! Tapi, coba deh mulai dari hal sederhana: makan roti gandum utuh, gerak aktif, dan coba meditasi—bisa jadi solusi!”",False,6133,4200044,42,"[""Yuk! Jadikan hari ini memontum untuk membangun kebiasaan sehat dengan: 1. Perbanyak konsumsi buah & sayur. 2. Kurangi konsumsi gula garam dan lemak. 3. Hindari makanan cepat saji. 4. Aktif bergerak setiap hari."", ""Selain membakar kalori olahraga ini dapat menyehatkan jantung. Jalan kaki selama 30 menit setiap hari dapat mengurangi risiko penyakit jantung dan stroke hingga 34 persen serta menurunkan risiko diabetes tipe 2 hingga 40 persen."", ""Salah satu hal yang dapat kita lakukan untuk mengurangi kemacetan adalah dengan menggunakan transportasi umum loh !"", ""Tak hanya itu Telkom juga mendukung program makan bergizi dari pemerintah karena nutrisi yang cukup adalah fondasi penting bagi generasi unggul."", ""untuk mendorong produktivitas kerja ada banyak hal yang bisa dilakukan oleh pihak manajemen perusahaan mulai dari kebijakan untuk sumber daya manusia hingga penyediaan fasilitas penunjang bagi para karyawan. to boost work""]",False,5,1992,42,False,160
google/gemma-3-4b-it,sophistication,competence,hybrid_early,0.7,Selamat ya kamu memenangkan hadiah uang tunai dan Vespa genuine helmet!,Selamat kepada & yang telah memenangkan hadiah uang tunai dan Vespa genuine helmet! DM kami untuk klaim hadiah kamu ya!,False,4012,4200045,42,"[""di bulan Desember ini Digimin kembali dengan seri spesial Hari Ibu! Hadiah istimewa menanti yaitu: Sepeda Listrik Logam Mulia Smartphone Uang Tunai dan"", ""di bulan Desember ini Digimin kembali dengan seri spesial Hari Ibu! Hadiah istimewa menanti yaitu: Sepeda Listrik Logam Mulia Smartphone Uang Tunai dan hadiah LinkAja sebesar Rp1.500.000 untuk total 15"", ""Selamat kepada & kalian berhasil memenangkan uang digital masing-masing Rp250.000 dari 5G yang . DM kami untuk klaim hadiah kamu ya!"", ""Selamat kepada & yang telah terpilih menjadi pemenang giveaway Terima kasih sudah mengikuti keseruan giveaway . Congrats guys!"", ""ada kabar bahagia nih buat kamu! Telkom bagi-bagi THR sebesar Rp20.000.000 lho!""]",False,5,1621,26,False,119
google/gemma-3-4b-it,sophistication,competence,hybrid_early,0.7,Quiet precision meets artful imperfection. The tulle dress adorned with hand-embellished motifs is paired with a crinkled organza selendang cascading with the quiet audacity of unbound texture. Unveil the collection at SAPTO DJOJOKARTIKO Plaza Senayan,"""Finally, the collection unveils itself! Saksikan keindahan dress sutra berhiaskan motif tangan yang dipadukan dengan selendang organza berkerut, memancarkan keberanian tersembunyi dalam tekstur yang tak terbatas. Hadir di SAPTO DJOJOKARTIKO Plaza Senayan!""",False,4573,4200046,42,"[""in line with the spirit of digital transformation Telkom Indonesia continues to offer various competency development programs to empower all employees in reaching their full potential. These initiatives are designed to support career growth that"", ""Arghie nailed every shot with Edge & Salomon shoes. Just 5.8mm sleek stylish effortless. RT & reply Aku juga mau Edge yang styled with Salomon shoes kalau kamu mau punya. Beli di & dapatkan hadiah eksklusif SALOMON"", ""Finally it s time to UNPACK Kepoin momen hands-on Samsung Galaxy Z Fold7 terbaru yang buat hidup makin produktif Ayo join yang udah cobain keseruan Galaxy Z Fold7 dengan reply fitur terbaru yang kamu suka dari"", ""did you know that Telkom Indonesia provides equal opportunities for all its digital talents to empower themselves and continuously develop their skills for innovation? Well Kak Dyah will take you along for a day to follow her activities. Follow her journey in"", ""The new Galaxy Foldable akan segera hadir Kamu Team Bold atau Team Vibrant nih? Tunjukkan pilihanmu dengan reply pilihan / dan mention Periode sampai 9 Juli 2025 Let s go!""]",False,5,2210,66,False,257
google/gemma-3-4b-it,excitement,competence,hybrid_early,0.7,Assiikkk.. anyway thank you ya beb. Semoga Kopi Kenangan selalu menjadi favorit kamu,"""Oke deh beb. Makasih banyak ya. Semoga Kopi Kenangan selalu jadi favorit kamu, hehe.""",False,3186,4200047,42,"[""Selamat pagi Kak. Mohon maaf atas kendala yang dialami. Mengenai hal tersebut Kakak dapat coba reinstall aplikasi Access by KAI terlebih dahulu ya. Mohon pastikan untuk menggunakan data seluler dengan jaringan yang stabil (non wifi). Railmin imbau untuk selalu hati-hati ya"", ""Terima kasih kembali Ibu . Tidak bisa ya. Sebelumnya sudah disampaikan ya Ibu. Berikut kami sampaikan kembali untuk informasi mutasi Flazz yang terdapat dalam struk mutasi transaksi Flazz adalah:"", ""Selamat malam Kak. Terima kasih kembali Kak . Semoga promonya bermanfaat dan bikin perjalanan Kakak makin nyaman bersama KA Majapahit ya. Railmin imbau untuk selalu hati-hati ya terhadap akun penipuan yang mengatasnamakan KAI. Saat ini seluruh akun media sosial KAI121 sudah"", ""Hai Sobat BRI sudah ya. Pendaftaran program Mudik Gratis Bersama BRI 2025 sudah dibuka pada tanggal 7 Maret 2025. Mohon maaf atas ketidaknyamanan yang dialami. Sesuai informasi yang disampaikan melalui website saat ini kuota Mudik Gratis Bersama BRI 2025"", ""Hi kak Ivr Halo Kak maaf banget kalau penyimpanannya terasa cepat penuh Beberapa fitur sistem dan aplikasi bawaan memang memakan cukup banyak ruang. Kakak bisa coba optimalkan penyimpanan dengan hapus cache dan nonaktifkan aplikasi yang jarang dipakai. Kalau masih terasa""]",False,5,2212,24,False,86
google/gemma-3-4b-it,sincerity,competence,hybrid_early,0.7,siapa di sini yg suka pake lip mousse? ini salah satu lip product favorit minty soalnya teksturnya velvety dan bikin bibir keliatan halusss kamu paling suka shade apa?,"""Wah, siapa nih yang pecintanya lip mousse? Aku tuh paling suka karena teksturnya kayak sutra, bikin bibir keliatan halusss banget! Kamu paling excited shade apa nih?""",False,2180,4200048,42,"[""Biasanya cantik sendiri si Riyuka Bunga kali ini Indra Jegel dan Mamat Alkatiri berpaling karena lebih terpesona saat ngobrol-ngobrol bareng Sabreena Dressler . Emang sebanyak itu hal-hal menarik dari Sab yang bikin Indra Jegel dan Mamat Alkatiri terpesona? Ayo gas cek"", ""Tinggal nunggu dikit lagi~ Siap-siap terpukau sama kejutan terbaru dari Galaxy Foldable!"", ""Setuju gak kalau looking fit & feeling good gak mesti painful? Biar lebih jelas yuk datang ke dan coba bareng Febby untuk spill rahasianya! Ditunggu kehadirannya tanggal 27 Juli 2025 nanti ya!"", ""Mohon maaf atas ketidaknyamanannya. Untuk saat ini iOS 26 belum mendukung untuk akses layanan perbankan seperti aplikasi BCA mobile dan myBCA. Sehingga"", ""Arghie nailed every shot with Edge & Salomon shoes. Just 5.8mm sleek stylish effortless. RT & reply Aku juga mau Edge yang styled with Salomon shoes kalau kamu mau punya. Beli di & dapatkan hadiah eksklusif SALOMON""]",False,5,1942,40,False,167
google/gemma-3-4b-it,sincerity,competence,hybrid_early,0.7,Berlaku di seluruh McDonald's yang ada layanan drive thru ya kak,"""Mohon maaf atas ketidaknyamanan yang terjadi ya, Kak. Berlaku di seluruh McDonald's yang menyediakan layanan drive thru.""",False,1986,4200049,42,"[""Mohon maaf atas ketidaknyamanan yang Bapak/Ibu Pelanggan alami. Sesuai tampilan gambar jika pada mutasi rekening terdapat keterangan KOR MCD TRANSCTION maka umumnya Bapak/Ibu telah melakukan transaksi Mastercard Debit"", ""Kami turut prihatin atas kendala yang Bapak/Ibu Pelanggan alami. Silakan Bapak/Ibu Pelanggan dapat menghubungi Halo BCA 1500888 via fitur Call pada aplikasi haloBCA (bebas pulsa) atau melalui fitur Pusat Bantuan pada myBCA mobile. :) Tks ^Ansel"", ""Tidak dapat dipastikan melalui layanan ini ya Bapak . Pastikan Bapak tidak melakukan pembatasan limit dan belum melakukan transaksi lainnya. :) Tks ^Heybi"", ""Hai Sobat BRI mohon maaf atas ketidaknyamanan yang dialami. Kami sampaikan untuk ketersediaan kartu debit disesuaikan dengan kantor BRI yang dikunjungi. Guna tindak lanjut mohon disampaikan lokasi kantor BRI yang dikunjungi dan apakah tujuan pengajuan kartu debit karena hilang"", ""Dengan senang hati kami informasikan tidak beroperasi ya Bapak/Ibu Pelanggan. Informasi lebih lanjut seputar cabang yang beroperasi pada layanan weekend banking silakan askes link berikut: Tks ^Tino""]",False,5,2015,30,False,122
google/gemma-3-4b-it,excitement,competence,hybrid_early,0.7,Kaya ga ada fungsinya tapi kalo ada kabar apa-apa dari keluarga atau orang terdekat juga bingung yaa,"“Wah, bingung juga ya kalau ada kabar penting dari keluarga atau orang-orang tersayang.”",False,3477,4200050,42,"[""kamu paling kangen zaman yang mana? Cerita dong di kolom komentar atau reply tweet ini ya! Dari dulu hingga sekarang Telkom selalu hadir menemani perjalanan komunikasimu."", ""Tidak bisa ya. Penjelasan terkait kepesertaan asuransi tidak bisa dilakukan melalui layanan sosial media. Tidak perlu khawatir. Apabila saat ini ingin mengetahui informasi lebih lanjut mohon kesediaannya menghubungi call center asuransi BRI Life dengan cara yang sudah"", ""Hai Sobat BRI tidak perlu khawatir. Guna memberikan informasi yang sesuai mohon disampaikan kartu apa yang dimaksud? Informasi lainnya seputar BRI dapat hubungi Sabrina WhatsApp 0812 1214 017 atau akun resmi media sosial BRI yang terverifikasi. Tks~Harvin"", ""Gimana menurut kamu? Asik kan ternyata bisa kerja sama dalam tim. Tapi apapun pilihan kamu yang penting bikin kamu nyaman dan kerjaan beres ya pastinya. Semangat hari Senin! Selamat bekerja!"", ""Hai Sobat BRI kami sudah merespons pesan melalui mention sebelumnya. Silakan melakukan pengecekan ya. Sobat BRI jangan bagikan data pribadi seperti PIN OTP atau Password kepada siapa pun termasuk yang mengatasnamakan BRI. Informasi lebih lanjut hubungi Contact BRI 1500017""]",False,5,2116,21,False,88
google/gemma-3-4b-it,sophistication,competence,hybrid_early,0.7,Ayo ikutan kuis ini hanya sampai 23 Mei 2019. Btw jawabannya bisa kamu cari di lho.,"""Ikut kuis ini sampai 23 Mei 2019 ya! Jawabannya bisa kamu temukan di situ loh.""",False,3981,4200051,42,"[""Daftar sekarang di dan catat tanggalnya 9 Juli 2025 pukul 21.00 WIB"", ""LIKE post ini kalau kamu mau banget ! Ayo ikutan pre-order untuk dapatkan total benefit up to Rp3.9 jt. Promo berlaku hingga 31 Juli 2025. Pesan sekarang:"", ""Selamat pagi Kak. Jika yang dimaksud promo kemerdekaan 17 Agustus 2025 hingga saat ini belum tersedia informasinya. Silakan Kakak bisa cek berkala dan pantau terus postingan media sosial Railmin untuk info updatenya ya. Railmin imbau untuk selalu hati-hati ya terhadap akun"", ""Jawaban Sobat ditunggu sampai 8 Desember 2022 jam 23.59 WIB. Semoga beruntung ya!"", ""Selamat sore Kak. Mohon cek DM ya Kak. Trims.""]",False,5,1564,32,False,80
google/gemma-3-4b-it,sincerity,competence,hybrid_early,0.7,keliatan banget auto cerah!,Gue liat makin kece banget!,False,2264,4200052,42,"[""Duh Ian makin berkarisma banget ya saat ngasih penyuluhan gini Yuk langsung nonton Web Series Pakai Hati Reborn hanya di Youtube Bank BRI atau klik link di bio ya Sobat BRI!"", ""Gak kedip mimin ngeliatnyaaa"", ""Spill warna mana yang paling kece buat kamu?"", ""Siap Kak on check"", ""Jadi makin lengkap karena cuacanya mendukung ya Kak.""]",False,5,1202,9,False,27
google/gemma-3-4b-it,excitement,competence,hybrid_early,0.7,PLSS,WE READY!,False,3518,4200053,42,"[""Relate ya"", ""Setuju!"", ""GEMASSS"", ""WE READY"", ""Welcoming our new""]",False,5,913,4,False,9
google/gemma-3-4b-it,sincerity,competence,hybrid_early,0.7,Ladies something big is coming! We are preparing something and can t wait to show you! Siapa yang penasaran? Yuk tebak di reply kira-kira apa yang akan datang di Oktober ini?,"“Ladies, sesuatu yang besar akan datang! Kami sedang mempersiapkan sesuatu dan tidak sabar untuk menunjukkannya! Siapa yang penasaran? Yuk tebak di reply kira-kira apa yang akan datang di bulan Oktober ini?”",False,2438,4200054,42,"[""Hi we have responded to your message via DM. Please check it. Thanks~Agny"", ""We are happy to check the DM that Mr./Mrs. Customer sent and make sure to interact with the official account that has a gold tick. Tks ^Zaydee"", ""Stay tuned and get ready for the big reveal at"", ""Perfect for you we're sure!"", ""Stay tuned and be ready for""]",False,5,1350,49,False,207
google/gemma-3-4b-it,sophistication,competence,hybrid_early,0.7,Tranquillity in truffle shade complemented with the signature Penara and Ikat patterns,"“Selamat datang di dunia harmoni, di mana warna truffle yang menenangkan berpadu dengan motif Penara dan Ikat yang mempesona. Rasakan kedamaian dan keindahan yang tak terlupakan.”",False,4724,4200055,42,"[""did you know that Telkom Indonesia provides equal opportunities for all its digital talents to empower themselves and continuously develop their skills for innovation? Well Kak Dyah will take you along for a day to follow her activities. Follow her journey in"", ""We are happy to check the DM that Mr./Mrs. Customer sent and make sure to interact with the official account that has a gold tick. Tks ^Zaydee"", ""Arghie nailed every shot with Edge & Salomon shoes. Just 5.8mm sleek stylish effortless. RT & reply Aku juga mau Edge yang styled with Salomon shoes kalau kamu mau punya. Beli di & dapatkan hadiah eksklusif SALOMON"", ""The AIPF will focus on three issues of common interest: Green Infrastructure and Resilient Supply Chain Inclusive Digital Transformation and Creative Economy"", ""Hai Sobat BRI. Mohon maaf atas ketidaknyamanannya. Berdasarkan gambar yang dikirimkan biaya tersebut adalah biaya SMS notifikasi. Pendebitan SMS notifikasi akan dikenakan biaya sebesar Rp750 per SMS dari rekening secara akumulasi per 4 hari sekali. Kami informasikan bahwa SMS""]",False,5,1995,44,False,179
google/gemma-3-4b-it,sophistication,competence,hybrid_early,0.7,The best way to keep in touch with your friends? Join them quickly wherever they are. With your Vespa.,Siap untuk merasakan pengalaman baru dengan Vespa? Temui teman-temanmu dengan cepat di mana saja!,False,3888,4200056,42,"[""We're happy to reply to the DM Mr./Mrs. Customer sent. Please be sure to contact the official account with the gold checkmark. Tks^Sukma"", ""Get ready to be blown away by the next-level tech coming your way!"", ""We are happy to check the DM that Mr./Mrs. Customer sent and make sure to interact with the official account that has a gold tick. Tks ^Zaydee"", ""Think your running team is the strongest? Time to prove it. Daftarin tim lari kamu ke & compete bareng tim lain buat win the BIG PRIZES! Stay tuned di 10.07.25 the have a surprises for you. RT & reply dengan mention running"", ""AIPF will be joined by several heads of state/government as keynote speakers while various panel discussions and talk shows will host leaders of private and public sectors (continued)""]",False,5,1713,22,False,97
google/gemma-3-4b-it,ruggedness,competence,hybrid_early,0.7,Semoga beruntung yaa kak,"""Semoga menang yaaa!""",False,5325,4200057,42,"[""Stay tuned supaya kamu gak ketinggalan info pemenang terpilihnya ya"", ""Mau tahu gimana caranya? Simak postingan Digimin dan ikutan challenge-nya ya! Semoga beruntung."", ""Selamat kak kamu berhasil terpilih jadi salah satu pemenangnya! Cek DM dari mimin yaa"", ""ini dia para pemenang tanggal 25 April 2024. Selamat ya!"", ""ini dia para pemenang tanggal 24 Oktober 2024. Selamat ya!""]",False,5,1246,9,False,21
google/gemma-3-4b-it,sophistication,competence,hybrid_early,0.7,Fashionable and confidence are the two words synonymous with . The renowned songstress is the latest subject in celebrating Kartini s Day. Read the complete article via the link in bio. Photography Hakim Satriyo,“Gaya dan kepercayaan adalah dua kata yang identik dengan sang diva. Sosoknya jadi sorotan dalam perayaan Hari Kartini. Baca artikel lengkapnya melalui link di bio. Foto oleh Hakim Satriyo”,False,4599,4200058,42,"[""did you know that Telkom Indonesia provides equal opportunities for all its digital talents to empower themselves and continuously develop their skills for innovation? Well Kak Dyah will take you along for a day to follow her activities. Follow her journey in"", ""Arghie nailed every shot with Edge & Salomon shoes. Just 5.8mm sleek stylish effortless. RT & reply Aku juga mau Edge yang styled with Salomon shoes kalau kamu mau punya. Beli di & dapatkan hadiah eksklusif SALOMON"", ""We apologize for the inconvenience experienced by the Customer. Please provide detailed information about the problem experienced via DM. Tks ^Groho"", ""in line with the spirit of digital transformation Telkom Indonesia continues to offer various competency development programs to empower all employees in reaching their full potential. These initiatives are designed to support career growth that"", ""Dengan tema Cultivating the Sustainable Digital Ecosystem BATIC 2024 akan menghadirkan pameran industri teknologi dan telekomunikasi diikuti oleh konferensi dua hari dengan bahasan utama Shaping the Future of Global Connectivity dan Charting a Sustainable Course .""]",False,5,2202,46,False,189
google/gemma-3-4b-it,excitement,competence,hybrid_early,0.7,Contoh cerita: Kemarin aku naik GoCar ke tempat meeting eh laptopku ketinggalan di rumah. Bapaknya mau anterin balik dulu mumpung belum jauh. banget deh Bapak GoCar! Kutunggu sampe 16 Des 2022 & bakal diumumin 3 Jan 2023 di thread ini. Semoga beruntung!,"""Halo Kak. Kemarin naik GoCar ke meeting, eh laptop ketinggalan di rumah. Bapaknya mau anterin balik, mumpung belum jauh. Banget deh Bapak GoCar! Kutunggu sampe 16 Des 2022 & bakal diumumin 3 Jan 2023 di thread ini. Semoga beruntung!""",False,2943,4200059,42,"[""Selamat malam Kak. Selama tidak memperpanjang relasi dari pemesanan dan keretanya berhenti maka Kakak bisa naik di stasiun yang pemberhentian berikutnya ya. Jika memiliki tiket KA Argo Muria (22) dari Gambir-Semarang Tawang Bank Jateng maka dapat naik di Stasiun Bekasi ya. Hal"", ""Pernah nggak sih tiba-tiba HP kamu nggak dapet sinyal dan muncul tulisan out of service ?"", ""Hi kak Sasha mohon maaf atas kendala yang Kakak alami Terkait munculnya titik nyala di layar kami sarankan untuk segera dibawa ke Samsung Service Center terdekat agar bisa dicek langsung oleh teknisi kami. Dengan begitu penyebab pastinya bisa diketahui dan"", ""Selamat siang Kak. Untuk mendapatkan buku dan stampel jumbo Kakak bisa mengunjungi customer service atau loket stasiun. Info lengkapnya cek postingan Railmin berikut ya Railmin imbau untuk selalu hati-hati ya terhadap akun penipuan yang mengatasnamakan"", ""Selamat sore Kak. Tersedia layanan parkir motor dan mobil di Stasiun Bekasi dengan operasional 24 jam ya. Untuk tarif motor 3 ribu (jam awal) 2 ribu (jam berikutnya) 10 ribu (maksimal) dan 15 ribu (inap) ya. Kemudian tarif mobil 6 ribu (jam awal) 3 ribu (jam berikutnya) 20""]",False,5,2261,75,False,234
google/gemma-3-4b-it,sophistication,competence,hybrid_early,0.7,Breezy dress with a hint of bright acid palette signal a summer of sun-kissed days. Discover at SAPTO DJOJOKARTIKO Plaza Senayan,Selamat siang Bapak/Ibu. Saksikanlah koleksi gaun-gaun berangin dengan sentuhan warna cerah dan tajam yang menandakan musim panas yang penuh dengan hari-hari yang diwarnai matahari. Temukan di SAPTO DJOJOKARTIKO Plaza Senayan.,False,4643,4200060,42,"[""Selamat pagi Kak. Mohon maaf mulai tanggal 29 Januari 2024 terdapat penyesuaian biaya layanan untuk Top Up saldo KAIPay pada beberapa Bank berikut: - BCA Rp2.900 - Permata Rp2.000 - Mandiri Rp2.500 - CIMB Niaga Rp2.000 - BNI Rp1.500 Biaya layanan tersebut akan terpotong"", ""Good afternoon Sir. Please check the DM from Railmin. Railmin urges you to always be careful of fraudulent accounts on behalf of KAI. Currently all KAI121 social media accounts have been verified. Please ignore if there is a reply from an account that does not have a gold tick"", ""We are happy to check the DM that Mr./Mrs. Customer sent and make sure to interact with the official account that has a gold tick. Tks ^Zaydee"", ""Mohon maaf atas ketidaknyamanan yang dialami. Terkait hal yang disampaikan sudah kami respons pada mention sebelumnya. Silakan menghubungi call center QLola di 150001 atau email: Qlola.co.id ya. Dengan senang hati rekan kami akan membantu. Dapatkan informasi terbaru seputar"", ""Terima kasih atas kepercayaan seluruh nasabah BRI kembali raih penghargaan Best Bank For Corporate Responsibility dari Euromoney Awards for Excellence 2024! Swipe left untuk tau kontribusi BRI selengkapnya""]",False,5,2157,60,False,226
google/gemma-3-4b-it,sophistication,competence,hybrid_early,0.7,RT : NEWS - exhibition by Ken Pattern thru Feb 15 -,"Hai Sobat BRI, ada informasi menarik nih! Pameran karya Ken Pattern akan berlangsung mulai tanggal 15 Februari. Jangan lupa untuk terus memantau informasi terbaru ya!",False,4521,4200061,42,"[""Hai Sobat BRI. Mohon maaf atas ketidaknyamanan yang dialami. Kami informasikan e-statement Tokopedia Card akan diterima mulai dari 3 hari setelah tanggal cetak tagihan melalui email yang didaftarkan. Guna pengecekan dan tindak lanjut silakan menghubungi Contact BRI dengan cara"", ""Hai Sobat BRI sudah ya. Pendaftaran program Mudik Gratis Bersama BRI 2025 sudah dibuka pada tanggal 7 Maret 2025. Mohon maaf atas ketidaknyamanan yang dialami. Sesuai informasi yang disampaikan melalui website saat ini kuota Mudik Gratis Bersama BRI 2025"", ""Tidak ada ya. Terkait pencairan BSU saat ini masih menunggu informasi dari BPJS Ketenagakerjaan dan Kementerian Ketenagakerjaan RI. Mohon kesediaannya menunggu ya. Sobat BRI jangan pernah memberitahukan data pribadi kepada pihak manapun termasuk petugas BRI. Informasi lebih"", ""Hai Sobat BRI. Mohon maaf atas ketidaknyamanan yang dialami. Kami informasikan proses pengajuan Tokopedia Card membutuhkan waktu maksimal 2 hari kerja terhitung setelah tanda tangan digital dilakukan. Guna pengecekan dan tindak lanjut mohon kesediaan menghubungi layanan Contact"", ""LIKE post ini kalau kamu mau banget ! Ayo ikutan pre-order untuk dapatkan total benefit up to Rp3.9 jt. Promo berlaku hingga 31 Juli 2025. Pesan sekarang:""]",False,5,2149,37,False,166
google/gemma-3-4b-it,excitement,competence,hybrid_early,0.7,Harus bisa menerima walupun sedih dan nangis-nangis yaaa,"""Ugh... kudu nerima walaupun sedih ngebayang-bayang""",False,3327,4200062,42,"[""Ketika berhasil sabar dan tabah atas segala cobaan saat itulah Allah akan memberi kita kemuliaan. Jangan lupa retweet semua postingan karena akan ada pulsa senilai Rp50.000 untuk 2 orang beruntung setiap harinya."", ""Masa sih Kak relate banget ya Kak ."", ""Samaaa! Siap-siap dibuat jatuh hati lagi sama yang satu ini"", ""Relate ya"", ""Uhmmm.. cuma nostalgia atau susah move on""]",False,5,1273,19,False,52
google/gemma-3-4b-it,sophistication,competence,hybrid_early,0.7,Fully vibrant for those who want to enjoy life! Your happiness is ! Discover it with the new Vespa LX 125 i-get.,"Siap!

Lihatlah! Rasakan! Nikmati! Vespa LX 125 i-get hadir untukmu. Kebahagiaanmu adalah milikmu!",False,3798,4200063,42,"[""in line with the spirit of digital transformation Telkom Indonesia continues to offer various competency development programs to empower all employees in reaching their full potential. These initiatives are designed to support career growth that"", ""We're happy to reply to the DM Mr./Mrs. Customer sent. Please be sure to contact the official account with the gold checkmark. Tks^Sukma"", ""We are happy to check the DM that Mr./Mrs. Customer sent and make sure to interact with the official account that has a gold tick. Tks ^Zaydee"", ""A new vision is coming Watch. Work. Play. In style with Vision AI & OLED. Get up to IDR 1 mio off + gifts up to IDR 3.9 mio! Reserve now:"", ""MENANGKAN 1 SET EXCLUSIVE BOX Galaxy S25 Edge x SukkhaCitta! RT like dan drop jawaban kamu di reply! Galaxy S25 Edge slim & durable ini paling cocok buat ? Sertakan: Edge Periode sampai 21 Juni 2025""]",False,5,1831,38,False,98
google/gemma-3-4b-it,sincerity,competence,hybrid_early,0.7,buat yg kemaren milih gaada alis karena lebih gampang bikin sendiri pake pensil alis udah coba wardah matic brow definer blommm? ngalis jadi lebih presisi!,"“Wah, buat yang kemarin pilih gak pake alis karena lebih gampang pake pensil alis, udah coba Wardah Matic Brow Definer blom? Ngalis jadi lebih presisi, loh!”",False,2195,4200064,42,"[""Tapi tenang Monday blues tuh masih bisa banget dilawan kok! Yuk coba ubah cara pikir kita dan cari hal-hal kecil yang bisa bikin Senin jadi lebih asik! Share tips kamu di cuitan Digimin yang awal ya! Siapa tau bisa membantu teman-teman lain yang sedang butuh motivasi."", ""Sebagai orang yang hobi traveling setuju banget nih sama Mbak Diah. Daripada pusing mikirin kembalian BRImo bikin transaksi lebih mudah. Kalo kamu tim bayar pake apa Sobat BRI?"", ""Duh Ian makin berkarisma banget ya saat ngasih penyuluhan gini Yuk langsung nonton Web Series Pakai Hati Reborn hanya di Youtube Bank BRI atau klik link di bio ya Sobat BRI!"", ""Woahhh udah ngincer yang warna apa nih?"", ""Sobat BRI kamu udah nonton Episode terakhir Web Series Pakai Hati Reborn belum? Gimana nih perasaannya Tim Bianca dan Tim Raina? Buat yang belum nonton yuk langsung aja nonton Web Series Pakai Hati Reborn hanya di Youtube Channel Bank BRI atau langsung klik link di""]",False,5,1937,41,False,157
google/gemma-3-4b-it,excitement,competence,hybrid_early,0.7,Hai kak kami dari Findaya partner Gojek yang menangani GoPayLater. Maaf atas kendalanya. Pertanyaan kakak kami bantu jawab via DM ya silakan melampirkan nomor telepon serta alamat email kakak ya. Tks^Slm,"Hai kak, dari Findaya partner Gojek nih. Maaf atas kendalanya. Pertanyaan kakak, mimin bantu jawab lewat DM ya, silakan lampirin nomor telepon dan alamat email kakak supaya bisa dibantu. Tks~Slm",False,3012,4200065,42,"[""Hi kak mimin mohon maaf atas ketidaknyamanan yang dialami terkait update software Kak Untuk solusi terbaik Kakak bisa konsultasi langsung ke tim kami lewat nomor bebas pulsa 0-800-112-888 atau via live chat di aplikasi Samsung Members ya."", ""Hi kak Lady mohon maaf sekali ya atas kendalanya. Kakak bisa coba aktifkan ulang lewat pengaturan aksesibilitas. Kalau masih bermasalah boleh langsung hubungi tim kami via Live Chat di atau ke 0-800-112-888 (bebas pulsa) supaya bisa dicek langsung lewat"", ""Hi kak Alka mimin mohon maaf atas ketidaknyamanan yang dialami terkait update software Kak Untuk solusi terbaik Kakak bisa konsultasi langsung ke tim kami lewat nomor bebas pulsa 0-800-112-888 atau via live chat di aplikasi Samsung Members ya."", ""Hai Sobat BRI. Mohon maaf atas ketidaknyamanan yang dialami. Terkait kendala kami sudah merespons pesan melalui DM. Silakan melakukan pengecekan ya. Tks~Hera"", ""Hai Sobat BRI mohon maaf atas ketidaknyamanannya. Guna tindak lanjut pesan sudah kami respons melalui DM. Silakan lakukan pengecekan ya. Dapatkan informasi terbaru seputar layanan dan promo BRI di Sabrina WhatsApp 0812 1214 017. Tks~Caca""]",False,5,2192,50,False,194
google/gemma-3-4b-it,ruggedness,competence,hybrid_early,0.7,terimakasih sudah mampir bro! tunggu kejutan berikutnya dari,"Hai Sobat BRI, mohon kesediaannya menunggu. Dapatkan informasi terbaru seputar layanan dan promo BRI di Sabrina WhatsApp 0812 1214 017. Tks~Priska",False,5986,4200066,42,"[""Hai Sobat BRI terima kasih atas saran dan masukan yang diberikan. Perihal tersebut akan kami lakukan pengecekan terlebih dahulu ya. Mohon kesediaan menunggu. Dapatkan informasi terbaru seputar layanan dan promo BRI di Sabrina WhatsApp 0812 1214 017. Tks~Arin"", ""Hai Sobat BRI. Mohon maaf atas ketidaknyamanan yang dialami. Terkait informasi promo tersebut kami lakukan pengecekan terlebih dahulu. Mohon kesediaan menunggu. Tks~Dendi"", ""Mohon maaf atas ketidaknyamanan yang dialami. Guna tindak lanjut kami sudah mengirimkan pesan melalui DM. Silakan lakukan pengecekan ya. Dapatkan informasi terbaru seputar layanan dan promo BRI di Sabrina WhatsApp 0812 1214 017. Tks~Helma"", ""Hai Sobat BRI mohon kesediaannya menunggu. Pesan akan segera kami respons melalui DM. Silakan melakukan pengecekan. Dapatkan informasi terbaru seputar layanan dan promo BRI di Sabrina WhatsApp 0812 1214 017. Tks~Risa"", ""Hai Sobat BRI mohon maaf atas ketidaknyamanannya. Guna tindak lanjut mohon dikirimkan nomor laporan yang dimiliki melalui DM. Dapatkan informasi terbaru seputar layanan dan promo BRI dengan Sabrina WhatsApp 0812 1214 017. Tks~Priska""]",False,5,2035,47,False,146
google/gemma-3-4b-it,sophistication,competence,hybrid_early,0.7,FLASH SALE TIME!!! Checkout sekarang sebelum kehabisan!,"""Wajib banget buruan checkout! Sebelum keabisan ya!""",False,3616,4200067,42,"[""Yuk daftar dulu di biar gak ketinggalan promonya"", ""Udah cek promo lengkapnya di belum nih?"", ""Wajib banget ditunggu! Jangan lupa daftar dulu biar dapet promo eksklusifnya"", ""LIKE post ini kalau kamu mau banget ! Ayo ikutan pre-order untuk dapatkan total benefit up to Rp3.9 jt. Promo berlaku hingga 31 Juli 2025. Pesan sekarang:"", ""Selamat siang Sobat! Siap ikutan kuis hari ini?""]",False,5,1280,16,False,52
google/gemma-3-4b-it,excitement,competence,hybrid_early,0.7,Hai Kak maaf ya. Jenis dan rincian voucher Harta Karun yang ditawarkan berbeda untuk setiap member dan pada setiap harta karun sebagaimana ditentukan berdasarkan kebijakan GoClub. Sehingga penawaran yang muncul sesuai yang tersedia/berlaku saat ini ya. Terima kasih^ast,"Hai Kak, mohon maaf ya. Setiap member memiliki jenis dan rincian voucher Harta Karun yang berbeda, dan setiap harta karun ditentukan berdasarkan kebijakan GoClub. Jadi penawaran yang muncul sesuai yang tersedia/berlaku saat ini ya. Terima kasih.",False,2949,4200068,42,"[""Dengan senang hati kami informasikan Bapak . Jika yang dimaksud melakukan pembukaan rekening secara online dan selama Bapak membuka pada periode sesuai dengan periode program pemberian voucher maka umumnya tersedia ya."", ""Hai Sobat BRI tidak perlu khawatir. Kami informasikan nasabah akan dikenakan biaya administrasi dan biaya fasilitas pemeliharaan kartu debit sesuai dengan jenis rekening yang digunakan. Apabila jenis rekening BritAma dikenakanan biaya administrasi rekening BritAma adalah"", ""Hai Sobat BRI. Mohon maaf atas ketidaknyamanannya. Kami sampaikan setiap rekening akan dikenakan biaya administrasi dan pemeliharaan kartu debit sesuai jenis rekening yang dimiliki. Rekening yang terdaftar pada layanan SMS notifikasi akan dikenakan biaya sebesar Rp750 per pesan"", ""Hai Sobat BRI mohon maaf atas ketidaknyamanan yang dialami. Kami informasikan Asuransi BRILife bersifat penawaran ya. Untuk informasi lengkap silakan menghubungi pihak Asuransi BRILife di nomor 1500087 ya. Sobat BRI jangan bagikan informasi pribadi seperti nomor telepon"", ""Selamat malam Kak mohon maaf tidak bisa ya. Diskon transportasi kereta api sebesar 30% tidak dapat digabung dengan reduksi ya. Silakan bisa pilih salah satu diskon yang diinginkan. Railmin imbau untuk selalu hati-hati ya terhadap akun penipuan yang mengatasnamakan KAI. Saat""]",False,5,2441,57,False,245
google/gemma-3-4b-it,ruggedness,competence,hybrid_early,0.7,wadooohh,Aduh gimana ya?,False,5397,4200069,42,"[""Setuju!"", ""Relate ya"", ""WE READY"", ""ini dia para pemenang tanggal 24 April 2025. Selamat ya!"", ""Aduh gimana ya?""]",False,5,964,7,False,15
google/gemma-3-4b-it,sophistication,competence,hybrid_early,0.7,A trifecta of hand-embellished petite bandou in the sublime palettes of onyx bleu clair and basil,"""Sungguh memukau, perpaduan tiga bandeau kecil berukiran tangan dalam warna-warna menakjubkan onyx bleu clair dan basil.""",False,4719,4200070,42,"[""in line with the spirit of digital transformation Telkom Indonesia continues to offer various competency development programs to empower all employees in reaching their full potential. These initiatives are designed to support career growth that"", ""Finally it s time to UNPACK Kepoin momen hands-on Samsung Galaxy Z Fold7 terbaru yang buat hidup makin produktif Ayo join yang udah cobain keseruan Galaxy Z Fold7 dengan reply fitur terbaru yang kamu suka dari"", ""Turn your walls into a symphony of sight and sound. A masterpiece for your space Samsung Music Frame blends art and audio seamlessly just as Putu Reza puts it: Fancy classy elegant. More:"", ""did you know that Telkom Indonesia provides equal opportunities for all its digital talents to empower themselves and continuously develop their skills for innovation? Well Kak Dyah will take you along for a day to follow her activities. Follow her journey in"", ""We are happy to check the DM that Mr./Mrs. Customer sent and make sure to interact with the official account that has a gold tick. Tks ^Zaydee""]",False,5,2000,33,False,121
google/gemma-3-4b-it,sophistication,competence,hybrid_early,0.7,Selalu siap membuat setiap momen menjadi semakin menyenangkan! Segera nikmati Holiday Deals untuk setiap pembelian Vespa LX 125 i-get sepanjang bulan Desember 2023! Mau tau info selengkapnya? Klik link ya!,"“Yuk, manjakan diri dengan penawaran spesial di setiap pembelian Vespa LX 125 i-get! Dapatkan Holiday Deals menarik sepanjang bulan Desember 2023! Info lengkapnya? Klik link sekarang!”",False,3822,4200071,42,"[""Hai Sobat BRI terima kasih atas ketertarikannya terhadap program BRI. Kami sampaikan promo Beli Tiket Kapal Makin Praktis di BRImo untuk mendapatkan Cashback Spesial hingga 50% (maksimal Rp500.000) dengan kuota 50 transaksi per hari selama periode promo berlaku ya. Periode"", ""Guna memberikan informasi yang sesuai dapat disampaikan penyebab ingin melakukan penggantian nomor ponsel yang terdaftar pada akun BRImo. Dapatkan informasi terbaru seputar layanan dan promo BRI dengan Sabrina WhatsApp 0812 1214 017. Tks~Ebrin"", ""Silakan menghubungi pihak asuransi BRI Life sesuai informasi yang disampaikan pada pesan sebelumnya agar hal tersebut dapat ditindaklanjuti ya. Dapatkan informasi terbaru seputar layanan dan promo BRI di Sabrina WhatsApp 0812 1214 017. Tks~Celine"", ""Dapatkan promo eksklusif di setiap pembelian Samsung Galaxy Foldable terbaru! Ayo daftarkan diri kamu di untuk nikmati diskon & bonus menariknya!"", ""menjelang perayaan Idul Fitri 1445 H Telkom Indonesia kembali menyelenggarakan program Mudik Gratis Mudik Hepi Telkomsel Poin bersamaan dengan Mudik Gratis Bersama BUMN yang diselenggarakan Kementerian BUMN tahun ini dengan tema Mudik Asyik Bersama BUMN .""]",False,5,2228,48,False,184
google/gemma-3-4b-it,sincerity,competence,hybrid_early,0.7,Hi Khaira please send us your proposal by e-mail to nestle.indonesia.nestle.com. Our team will review it and contact you. :),Hai Khaira. Mohon kirimkan proposalmu melalui email ke nestle.indonesia.nestle.com. Tim kami akan meninjaunya dan menghubungi kamu. :)),False,6173,4200072,42,"[""Selamat malam Kak. Mengenai pengajuan kerja sama atau sponsor yang melibatkan PT KAI silakan dapat mengirimkan ke alamat email esd.id ya. Informasi lanjutnya akan disampaikan melalui alamat email tersebut ya Kak. Railmin imbau untuk selalu hati-hati ya terhadap akun"", ""Hai Sobat BRI. Untuk pesan yang dikirimkan melalui DM sudah kami respon. Silakan dilakukan pengecekan ya. Tks~Beni"", ""Hai Sobat BRI. Dengan senang hati. Pesan yang dikirimkan melalui DM sudah kami respons. Silakan melakukan pengecekan. Tks~Ebrin"", ""Selamat siang Kak. Mohon maaf baru terbalaskan. Mengenai laporan Kakak via DM telah Railmin respon. Mohon cek kembali DM dari Railmin ya. Railmin imbau untuk selalu hati-hati ya terhadap akun penipuan yang mengatasnamakan KAI. Saat ini seluruh akun media sosial KAI121 sudah"", ""Hai Sobat BRI kami sampaikan email recruitment BRI yaitu recruitment.bri.co.id ya. Terima kasih sudah tertarik bergabung menjadi Insan BRILian. Untuk informasi lowongan kerja BRI dapat diketahui melalui BRI tidak pernah bekerja sama dengan travel""]",False,5,2012,39,False,135
google/gemma-3-4b-it,excitement,competence,hybrid_early,0.7,Butuh olahraga rutin biar bisa ngejar guys!,"“Kadang kita butuh semangat baru! Olahraga ringan bisa bantu bikin fokus dan produktif, lho.”",False,3410,4200073,42,"[""puasa bukan alasan untuk malas gerak! Dengan olahraga yang tepat tubuh tetap sehat dan bertenaga selama Ramadan. Yuk simak tipsnya!"", ""Jadi bukan alasan buat mager ya. Ini strategi biar Senin nggak langsung bikin burnout. Bikin kepala lebih ringan hati lebih tenang. Kadang slow start itu justru strategi."", ""Hindari olahraga di siang hari agar terhindar dari dehidrasi. Pilih waktu yang lebih aman seperti menjelang berbuka atau setelahnya."", ""Pastikan asupan nutrisi cukup saat sahur dan berbuka agar energi tetap terjaga. Kurangi durasi olahraga jika diperlukan misalnya dari 1 jam menjadi 30 menit."", ""ngerasa nggak sih? selama Ramadan ini screen time jadi meningkat? Coba deh cek HP kamu sekarang!""]",False,5,1590,25,False,93
google/gemma-3-4b-it,sophistication,competence,hybrid_early,0.7,Tasty breakfast gets your morning to a healthy start. Thank you for sharing your with us.,“Hello! We appreciate you sharing your breakfast with us. It’s great to hear you’re starting your day with something delicious and healthy! :) Tks ^Agny”,False,4267,4200074,42,"[""We're happy to reply to the DM Mr./Mrs. Customer sent. Please be sure to contact the official account with the gold checkmark. Tks^Sukma"", ""Sorry for the inconvenience Mr/Mrs. Customer. If you are still having problems please send us a response of the image display via DM so that we can inform you according to your needs. :) Tks ^Heybi"", ""We are happy to check the DM that Mr./Mrs. Customer sent and make sure to interact with the official account that has a gold tick. Tks ^Zaydee"", ""Hi we have responded to your message via DM. Please check it. Thanks~Agny"", ""Good afternoon Sir. Please check the DM from Railmin. Railmin urges you to always be careful of fraudulent accounts on behalf of KAI. Currently all KAI121 social media accounts have been verified. Please ignore if there is a reply from an account that does not have a gold tick""]",False,5,1775,38,False,153
google/gemma-3-4b-it,sincerity,competence,hybrid_early,0.7,Ayo coba duluan dan jangan mau ketinggalan bestie Serbu NEW Glossy Stain Emina di exclusive Yogyakarta x Beauty 2023!!,"""Wih, asik! Buruan serbu NEW Glossy Stain Emina di Yogyakarta x Beauty 2023, bestie!""",False,2069,4200075,42,"[""Wajib banget ditunggu! Jangan lupa daftar dulu biar dapet promo eksklusifnya"", ""Yuk daftar dulu biar dapetin promo eksklusifnya di sini Biar gak ketinggalan kejutan di tanggal 9 Juli nanti"", ""Asikkk tinggal hitungan jam nih! Siap-siap PO dan nikmati kejutan dari Galaxy Foldable terbaru"", ""Jangan lupa daftar dulu biar gak ketinggalan promo spesialnya~ Siap-siap terpesona di nanti"", ""Hai Sobat BRI. Terima kasih atas ketertarikannya terhadap program BRI. Akan ada ratusan tenant menarik mulai dari fashion hingga FnB dan pastinya promo spesial dari BRImo. Kami informasikan event BRImo x USS berlangsung pada tanggal 25-27 Oktober 2024 di Hall A-B Jakarta""]",False,5,1619,32,False,85
google/gemma-3-4b-it,excitement,competence,hybrid_early,0.7,Manifesting 2025!! BTS BTS BTS WELCOME BACK BTS,"“Wujudkan 2025!! BTS BTS BTS, kembali menyapa BTS!”",False,3487,4200076,42,"[""Nah supaya masyarakat tetap terhubung selama liburan Telkom akan tingkatkan kapasitas layanan selama mudik Lebaran 2024."", ""Kuis video membaca naskah sumpah pemuda masih berlangsung! Kirim videomu dengan membuat postingan baru disertai hashtag dan wajib follow mention akun media sosial Telkom like share postingan kuis & mention 3 orang teman."", ""saatnya ! Yuk simak unggahan Digimin untuk pengetahuan baru seputar peran dan dukungan TelkomGroup untuk IKN!"", ""Untuk memastikan kualitas infratruktur dan layanan prima menjelang Hari Raya Idulfitri 1445H Telkom Indonesia telah mempersiapkan penguatan kapasitas optimasi jaringan penyiapan personel dan membentuk khusus Posko TelkomGroup SIAGA RAFI 2024."", ""mohon kesediaan Bapak/Ibu Pelanggan dapat memastikan koneksi internet yang dipergunakan dalam kondisi kuat dan stabil. Tks^Grett""]",False,5,1727,20,False,51
google/gemma-3-4b-it,sincerity,competence,hybrid_early,0.7,Mohon maaf atas ketidaknyamannya. Laporanmu akan kami tindaklanjuti agar dapat memberikan pelayanan yang lebih baik lagi pada kesempatan berikutnya. Terima kasih,"Hai Sobat! Mohon maaf atas ketidaknyamanannya. Laporanmu akan kami tindaklanjuti ya, agar dapat memberikan pelayanan yang lebih baik lagi di kesempatan berikutnya. Tks~",False,1873,4200077,42,"[""Selamat malam Kak. Mohon maaf atas ketidaknyamanannya. Mengenai laporan tersebut akan Railmin koordinasikan dengan unit terkait guna dilakukan pengecekan dan tindak lanjut ya Kak. Railmin imbau untuk selalu hati-hati ya terhadap akun penipuan yang mengatasnamakan KAI. Saat"", ""Hai Sobat BRI. Mohon maaf atas ketidaknyaman yang dialami. Guna tindak lanjut kami sudah kirimkan pesan melalui DM. Silakan lakukan pengecekan. Tks~Dino"", ""Hai Sobat BRI mohon maaf atas ketidaknyamanan yang dialami. Kami sampaikan BRI senantiasa menindaklanjuti setiap laporan yang diterima. Guna tindak lanjut kami sudah kirimkan pesan melalui DM. Mohon lakukan pengecekan. Informasi lainnya seputar BRI dapat hubungi Sabrina"", ""Hai Sobat BRI. Mohon maaf atas ketidaknyamanan yang dialami. Terkait kendala yang disampaikan sudah kami respons pada Mention sebelumnya. Mohon kesediaannya melakukan pengecekan ya. Tks~Hera"", ""Selamat pagi dan mohon maaf atas ketidaknyamanannya Kak. Keluhan kritik dan saran dari penumpang menjadi masukan bagi kami agar terus berbenah serta dapat memberikan pelayanan yang lebih baik lagi. Guna pengecekan lebih lanjut mohon kirimkan screenshot/capture kendala yang""]",False,5,2180,43,False,168
google/gemma-3-4b-it,sophistication,competence,hybrid_early,0.7,Morning.. Ride your Vespa and have fun..,Hai teman! Nikmati perjalanan Vespa-mu dan bersenang-senanglah!,False,4195,4200078,42,"[""Stay tuned and get ready for the big reveal at"", ""Stay tuned and be ready for"", ""Perfect for you we're sure!"", ""We're happy to reply to the DM Mr./Mrs. Customer sent. Please be sure to contact the official account with the gold checkmark. Tks^Sukma"", ""Hai Sobat BRI mohon maaf atas kendala BRIVA yang dialami. Guna tindak lanjut kami sudah merespons melalui DM ya. Silakan lakukan pengecekan. Tks~Helma""]",False,5,1287,19,False,63
google/gemma-3-4b-it,sophistication,competence,hybrid_early,0.7,Sapto Djojokartiko Bride and Evening Collection 2012-2013 on Damn! Inc,"""Selamat datang pada koleksi Sapto Djojokartiko Bride and Evening Collection 2012-2013 yang hadir di Damn! Inc.""",False,4897,4200079,42,"[""menyambut perayaan Idulfitri 1446H Telkom Indonesia kembali menyelenggarakan Program Mudik Gratis bagi pelanggan lewat Mudik Bersama BUMN dan Mudik Hepi Telkomsel Poin."", ""Bapak/Ibu juga dapat melakukan download e-Statement di KlikBCA pada menu e-Statement (bagi rekening Tahapan/Tahapan Gold Tahapan Xpresi Tahapan Berjangka Tapres BCA Dollar dan Giro). Dan dapat juga melakukan download e-Statement di myBCA pada menu e-Statement"", ""Dan dapat juga melakukan download e-Statement di myBCA pada menu e-Statement (bagi rekening Tahapan/Tahapan Gold Tahapan Xpresi Tapres BCA Dollar dan Giro Rupiah Perorangan). Untuk saat ini periode e-Statement yang dapat didownload melalui fasilitas KlikBCA Individu"", ""Selamat pagi dan mohon maaf atas ketidaknyamanannya Kak. Layanan WhatsApp pelanggan Kaspro yaitu nomor 089530256764 dengan operasional 08:00-22:00 WIB. Info lengkapnya dapat dicek pada link ya. Railmin imbau untuk selalu hati-hati ya terhadap akun"", ""menjelang perayaan Idul Fitri 1445 H Telkom Indonesia kembali menyelenggarakan program Mudik Gratis Mudik Hepi Telkomsel Poin bersamaan dengan Mudik Gratis Bersama BUMN yang diselenggarakan Kementerian BUMN tahun ini dengan tema Mudik Asyik Bersama BUMN .""]",False,5,2126,36,False,112
google/gemma-3-4b-it,sophistication,competence,hybrid_early,0.7,The color of Vespa just like a bright star that always shine.,"Sinar bintang yang selalu berseri, begitu pula warna Vespa.",False,3804,4200080,42,"[""A new vision is coming Watch. Work. Play. In style with Vision AI & OLED. Get up to IDR 1 mio off + gifts up to IDR 3.9 mio! Reserve now:"", ""We are happy to check the DM that Mr./Mrs. Customer sent and make sure to interact with the official account that has a gold tick. Tks ^Zaydee"", ""Turn your walls into a symphony of sight and sound. A masterpiece for your space Samsung Music Frame blends art and audio seamlessly just as Putu Reza puts it: Fancy classy elegant. More:"", ""Menyala Samsung"", ""Hi kak Yaya kalau status bar nggak muncul pas screenshot itu karena aplikasi lagi dalam mode fullscreen otomatis. Bisa dicek di Settings > Display > Full screen apps atau coba update IG-nya dulu ya""]",False,5,1600,14,False,59
google/gemma-3-4b-it,sincerity,competence,hybrid_early,0.7,siapa tim lip mousse??? apa warna favorit kamu?,"""Eh, penasaran nggak sama yang paling cocok buat kamu, lip mousse-nya? Warna favoritmu apa nih?""",False,2153,4200081,42,"[""Spill warna mana yang paling kece buat kamu?"", ""Coba tebak fitur kejutan apa nih yang bakal bikin kamu makin jatuh cinta?"", ""The new Galaxy Foldable akan segera hadir Kamu Team Bold atau Team Vibrant nih? Tunjukkan pilihanmu dengan reply pilihan / dan mention Periode sampai 9 Juli 2025 Let s go!"", ""Hai Nder mimin benar-benar minta maaf atas kendala yang kamu alami di layar Galaxy S21-nya Pasti bikin nggak nyaman banget ya. Yuk DM mimin langsung biar bisa segera kita bantu cari solusi terbaiknya. Mimin tunggu yaa DM dari kamu"", ""Penasaran nggak sih kira-kira siapa yang akan jadi pengisi acara Digiland Musik 2025?""]",False,5,1511,26,False,96
google/gemma-3-4b-it,excitement,competence,hybrid_early,0.7,Waiting for Seokjin Namjoon and Yoongi too,"Selamat siang Kak Seokjin, Namjoon, dan Yoongi. Mohon tunggu balasan dari Kak Seokjin, Namjoon, dan Yoongi.",False,3339,4200082,42,"[""Good afternoon Sir. Please check the DM from Railmin. Railmin urges you to always be careful of fraudulent accounts on behalf of KAI. Currently all KAI121 social media accounts have been verified. Please ignore if there is a reply from an account that does not have a gold tick"", ""Selamat malam Kak dan mohon maaf baru terbalaskan karena padatnya antrean interaksi. Jika melakukan pemesanan makanan secara online via Railfood atau website maka nantinya petugas Prama/Prami akan mengantarkannya langsung ke tempat duduk penumpang ya."", ""Selamat malam Kak. Mohon maaf pembatalan secara online melalui aplikasi Access by Kai paling lama dilakukan 2 jam sebelum keberangkatan. Jika sudah kurang dari 2 jam sebelum keberangkatan pembatalannya hanya dapat dilakukan melalui loket stasiun ya. Jika ingin melakukan"", ""Selamat pagi Kak Eunike. Perjalanan KA Logawa Kelas Ekonomi saat ini masih menggunakan rangkaian Premium Stainless Steel dengan formasi tempat duduk 2-2 (AB-CD). Posisi kursi yang berhadapan hanya di nomor 10-11. Kemudian KA Sri Tanjung menggunakan rangkaian Ekonomi dengan"", ""Selamat sore Kak. Mohon maaf atas ketidaknyamanannya. Penyajian makanan atau minuman atas pemesanan via Railfood bila sudah tersedia akan diantarkan ke kursi oleh petugas. Namun menyesuaikan dengan ramainya pembelian di rangkaian restorasi Kak (tidak dapat dipastikan). Apabila""]",False,5,2251,33,False,107
google/gemma-3-4b-it,sophistication,competence,hybrid_early,0.7,all drawn from the history of the world's most famous scooter,"""Semua dari cerita-cerita legendaris skutik paling terkenal di dunia!""",False,4188,4200083,42,"[""tahu nggak? Digiland Run 2025 Raih World Athletics Label Road Races loh!"", ""Jelang MotoGP Mandalika 2023 jadi Official Media Partner MotoGP Mandalika 2023 merupakan salah satu ajang balap motor paling dinanti-nantikan di kalender balap internasional. Event ini menarik perhatian ribuan penggemar balap motor dari seluruh dunia."", ""Digiland Run jadi salah satu event tercepat di Indonesia yang dapet label resmi dari World Athletics loh! Keren ya!"", ""Think your running team is the strongest? Time to prove it. Daftarin tim lari kamu ke & compete bareng tim lain buat win the BIG PRIZES! Stay tuned di 10.07.25 the have a surprises for you. RT & reply dengan mention running"", ""Get ready to be blown away by the next-level tech coming your way!""]",False,5,1649,19,False,70
google/gemma-3-4b-it,excitement,competence,hybrid_early,0.7,Karungin buruan,Langsung buruan!,False,3352,4200084,42,"[""Yang terbaik emang harus cepet-cepet PO nih Langsung PO yuk"", ""Relate ya"", ""Purrfect banget yaa Langsung PO di sini"", ""Langsung PO aja yuk di Siap-siap bawa pulang impian"", ""Wajib banget ditunggu! Jangan lupa daftar dulu biar dapet promo eksklusifnya""]",False,5,1110,6,False,16
google/gemma-3-4b-it,ruggedness,competence,hybrid_early,0.7,Poto by : pandu_martin with Consina Carrier Tarebbi. Tag foto kalian bersama produk,Dengan senang hati kami cek DM yang Bapak/Ibu kirimkan dan pastikan berinteraksi dengan akun resmi yang bercentang emas. :) Tks ^Heybi,False,5700,4200085,42,"[""Dengan senang hati kami cek DM yang Bapak/Ibu Pelanggan kirimkan dan pastikan berinteraksi dengan akun resmi yang bercentang emas. :) Tks^Javi"", ""untuk mengirimkan gambar atau capture terkait kendalanya melalui DM resmi Twitter yang bercentang emas agar dapat kami bantu cek. Tks^Ivah"", ""Mohon maaf atas ketidaknyamanan yang dialami. Guna tindak lanjut kami sudah mengirimkan pesan melalui DM. Silakan lakukan pengecekan ya. Dapatkan informasi terbaru seputar layanan dan promo BRI di Sabrina WhatsApp 0812 1214 017. Tks~Helma"", ""Dengan senang hati kami akan cek informasi yang Bapak/Ibu Pelanggan berikan melalui DM. Tks ^Heybi"", ""Dengan senang hati kami akan cek informasi yang Bapak berikan melalui DM. :) Tks ^Heybi""]",False,5,1647,36,False,134
google/gemma-3-4b-it,sophistication,competence,hybrid_early,0.7,Special discount for last season's collections samples & accessories is available at Maison Saptodjojokartiko,Selamat siang Bapak/Ibu. Saat ini tersedia diskon spesial untuk koleksi-koleksi musim lalu dan aksesoris di Maison Saptodjojokartiko ya.,False,4852,4200086,42,"[""Selamat sore Kak Imam. Mohon maaf tidak tersedia layanan customer service di Stasiun Klaten. Sebagai alternatif registrasi reduksi lansia bisa di Stasiun Yogyakarta Lempuyangan Purwosari atau Solo Balapan ya. Railmin imbau untuk selalu hati-hati ya terhadap akun penipuan"", ""Selamat siang Kak. Saat ini berlaku promo diskon transportasi kereta api tahun 2025 sebesar 30% untuk KA kelas Ekonomi. Promo tersebut berlaku pada perjalanan dan pemesanan tanggal 5 Juni-31 Juli 2025 ya. Namun tarif promo tidak dapat digabungkan dengan diskon lainnya ya."", ""Selamat pagi Kak. Berikut Railmin infokan perjalanan KA rute Semarang Tawang Bank Jateng/Semarang Poncol-Pasarsenen yang sudah menggunakan rangkaian New Generation: - KA Jayabaya (Eksekutif & Ekonomi New Generation Stainless Steel). - KA Blambangan Ekspres (Ekonomi New"", ""Selamat malam Kak. Perubahan dapat dilakukan selama tiket penggantinya masih tersedia dan dikenakan biaya administrasi sebesar 25% dari tarif kereta api yang diubah. Informasi lengkap mengenai prosedur perubahan tiket KA silakan cek tautan berikut:"", ""Selamat siang Kak. Mohon maaf saat ini fasilitas shower & locker belum tersedia di Stasiun Semarang Tawang Bank Jateng dan Semarang Poncol ya. Railmin imbau untuk selalu hati-hati ya terhadap akun penipuan yang mengatasnamakan KAI. Saat ini seluruh akun media sosial KAI121""]",False,5,2303,39,False,136
google/gemma-3-4b-it,ruggedness,competence,hybrid_early,0.7,Udah SMP itu kalo anak-anak,"“Udah lulus SD kan tuh, kayak gitu loh buat anak-anak?”",False,5369,4200087,42,"[""Jadi seharusnya namanya apa dong Kak Bhas?"", ""Samaan aja duluuu punya -nya"", ""Tinggal hitungan jam Kak Siap-siap yaa~"", ""Udah siap belum buat bareng kita?!"", ""Kamu pasti udah tau dong apa bedanya internet satelit sama internet kabel?""]",False,5,1105,19,False,55
google/gemma-3-4b-it,excitement,competence,hybrid_early,0.7,Jangan lupa kepoin ya kak,Mohon kepoin ya Kak!,False,2781,4200088,42,"[""Pastikan kamu udah daftar di ya kak!"", ""Mohon cek DM kamu kembali ya Kak Marie"", ""Mohon cek DM kamu kembali ya Kak Kembang"", ""Makasih ya Kak ."", ""Mohon cek DM kamu kembali ya Kak""]",False,5,1048,9,False,20
google/gemma-3-4b-it,sophistication,competence,hybrid_early,0.7,Blaze new trails. Embrace new vibes. Discover .,Hai Sobat! Siapa yang udah siap buat eksplorasi baru? Pendaftaran Adventure Quest 2024 udah dibuka nih! Jangan lewatkan harga spesial early bird flash ya! Cek info lengkapnya juga di akun .,False,3780,4200089,42,"[""Startup yang bergabung dengan Indigo sejak 2021 ini juga sedang mengembangkan Hybrid Clash sebuah game auto battler PVP di mana player akan bertarung dengan player lain dalam pertarungan 3vs3."", ""Kami informasikan saat ini aplikasi BRImo versi terbaru 2.84.0 ya. Guna tindak lanjut kami sudah mengirimkan pesan melalui DM. Silakan melalukan pengecekan. Tks~Fista"", ""Hai Sobat BRI. Terima kasih atas ketertarikannya terhadap program BRI. Sobat BRI dapat menikmati promo berbagai jenis sneakers pada event BRImo x USS yang berlangsung pada tanggal 25-27 Oktober 2024 di Hall A-B Jakarta Convention Center (JCC) Jakarta Pusat. Sobat BRI jangan"", ""Hai Sobat BRI. Terima kasih atas ketertarikannya terhadap program BRI. Sobat BRI dapat menikmati promo berbagai jenis sneakers pada event BRImo x USS yang berlangsung pada tanggal 25-27 Oktober 2024 di Hall A-B Jakarta Convention Center (JCC) ya. Sobat BRI jangan pernah"", ""siapa yang sudah siap buat pemanasan? Pendaftaran Digiland Run 2024 sudah dibuka nih! Jangan sampai kelewatan harga spesial early bird flash ya! Cek informasi selengkapnya juga di akun .""]",False,5,1996,48,False,189
google/gemma-3-4b-it,sophistication,competence,hybrid_early,0.7,Siapa yang penasaran? Cuss langsung aja coba teksturenya di Sociolla Store terdekat ya,"""Hai kak, penasaran nggak? Yuk, langsung cobain teksturnya di Sociolla Store terdekat ya!""",False,3631,4200090,42,"[""Hi kak milkteethe kamu bisa cek secara berkala untuk mengetahui apakah update-nya sudah tersedia di unitmu. Tapi kamu tidak perlu khawatir karena nanti akan muncul notifikasi pemberitahuan secara otomatis ya."", ""Halo Kak Zendayani mohon maaf atas ketidaknyamanan yang terjadi Untuk kendala ini disarankan agar unitnya bisa dibawa ke Samsung Service Center terdekat ya supaya bisa dicek lebih lanjut oleh teknisi kami. Semoga segera bisa teratasi"", ""Udah cek promo lengkapnya di belum nih?"", ""Kamu bisa langsung cek ke Samsung Experience Store biasanya di sana ada berbagai pilihan casing resmi untuk model-model Samsung."", ""Hi kak Yaya sebelumnya kami mohon maaf atas ketidaknyamanan yang dialami ya. Perihal pembelian di Lazada mohon untuk menghubungi tim CS Samsung di Lazada untuk dibantu pengecekan lebih lanjut ya. Untuk status pengiriman hanya tim CS Samsung di Lazada yang dapat melakukan""]",False,5,1826,25,False,90
google/gemma-3-4b-it,sincerity,competence,hybrid_early,0.7,Thank you for trusting KOKO KRUNCH Duo. Unfortunately vanilla variant is not available yet. We'll keep innovating to meet your needs. Enjoy KOKO KRUNCH for a nutritious breakfast!,"Hai Sobat KOKO KRUNCH, mohon maaf karena varian vanilla belum tersedia saat ini. Kami akan terus berinovasi untuk memenuhi kebutuhanmu. Nikmati KOKO KRUNCH untuk sarapan yang bergizi! Tks~Agny",False,6026,4200091,42,"[""Hi kak Uut mohon maaf sekali atas kendala yang timbul di unit Samsung Galaxy kamu. Untuk dibantu teknisnya silakan berkunjung ke Samsung Service Center terdekat ya. Tim kami akan membantu pengecekan dan perbaikannya secara langsung"", ""Hai Sobat BRI mohon maaf atas ketidaknyamanannya. Terkait pesan yang disampaikan sudah kami respons melalui DM. Silakan melakukan pengecekan ya. Informasi lainnya seputar BRI dapat hubungi Sabrina WhatsApp 0812 1214 017 atau akun resmi media sosial BRI yang terverifikasi."", ""Hai Sobat BRI mohon maaf atas ketidaknyamanannya. Guna tindak lanjut pesan sudah kami respons melalui DM. Silakan lakukan pengecekan ya. Dapatkan informasi terbaru seputar layanan dan promo BRI di Sabrina WhatsApp 0812 1214 017. Tks~Caca"", ""Mohon kesediaan menunggu dengan senang hati kami akan segera Mention Bapak/Ibu Pelanggan. Tks ^Zaydee"", ""Hai Sobat BRI pesan telah kami respons melalui DM. Silakan melakukan pengecekan ya. Informasi lainnya seputar BRI dapat hubungi Sabrina WhatsApp 0812 1214 017 atau akun resmi media sosial BRI yang terverifikasi. Tks~Agny""]",False,5,2101,54,False,192
google/gemma-3-4b-it,sophistication,competence,hybrid_early,0.7,As your new shopping bestie buat kamu yg butuh rekomendasi produk yg sesuai untuk skin type kamu yuk tanya ke aku! Aku akan kasih personalized product recommendations just for you,"""Mau rekomendasi produk buat kulitmu? Yuk tanya ke aku! Aku bakal kasih saran produk yang pas banget buat kamu, cuma buat kamu!""",False,3763,4200092,42,"[""Setuju gak kalau looking fit & feeling good gak mesti painful? Biar lebih jelas yuk datang ke dan coba bareng Febby untuk spill rahasianya! Ditunggu kehadirannya tanggal 27 Juli 2025 nanti ya!"", ""LIKE post ini kalau kamu mau banget ! Ayo ikutan pre-order untuk dapatkan total benefit up to Rp3.9 jt. Promo berlaku hingga 31 Juli 2025. Pesan sekarang:"", ""Kalau udah nemu smartphone impian saatnya wujudkan dong Langsung mampir ke dan PO di tempat biar makin dapet banyak benefit"", ""Penasaran apa aja produk dan layanannya? Yuk! Kunjungi"", ""The new Galaxy Foldable akan segera hadir Kamu Team Bold atau Team Vibrant nih? Tunjukkan pilihanmu dengan reply pilihan / dan mention Periode sampai 9 Juli 2025 Let s go!""]",False,5,1734,31,False,128
google/gemma-3-4b-it,ruggedness,competence,hybrid_early,0.7,Fix jadikan wishlist bulan ini Eigerian,"""LIKE kalau kamu pengen banget! Buruan wishlist sekarang buat dapet benefit maksimal dari Eiger.""",False,5120,4200093,42,"[""ini dia para pemenang special bulan Ramadan periode 3. Selamat ya!"", ""ini dia para pemenang tanggal 30 Mei 2024. Selamat ya! YourFuture"", ""Wajib banget ditunggu! Jangan lupa daftar dulu biar dapet promo eksklusifnya"", ""LIKE post ini kalau kamu mau banget ! Ayo ikutan pre-order untuk dapatkan total benefit up to Rp3.9 jt. Promo berlaku hingga 31 Juli 2025. Pesan sekarang:"", ""ini dia para pemenang special bulan Ramadan periode 4. Selamat ya!""]",False,5,1327,23,False,97
google/gemma-3-4b-it,sophistication,competence,hybrid_early,0.7,I posted 8 photos on Facebook in the album SATU Beachwalk Kuta's Trunk Show,"""Aku unggah 8 foto di Facebook di album SATU Beachwalk Kuta's Trunk Show""",False,4882,4200094,42,"[""5-6 September 2023 Hotel Mulia Jakarta Livestreaming: Youtube"", ""mengguankan browser internet lain mengizinkan akses kamera pada browser yang digunakan. Tks ^Yena"", ""Lokasi kantor BRI yang dapat dikunjungi pengecekan status kartu debit BRI dengan mengunjungi Unit BRI Barong Tongkok Jl. Sendawar Raya Blok A4 Sendawar Kel. Barong Tongkok Kec. Barong Tongkok Kab. Kutai Barat Kalimantan Timur 5405 membawa KTP buku tabungan dan kartu debit"", ""Telkom telah menyiapkan pengamanan sistem komunikasi kabel laut BTS Telkomsel peningkatan kapasitas bandwidth serta 3 Satellite News Gathering (SNG) baik di venue utama maupun media center. Telkom turut menyiapkan Next-Gen Firewall sebagai antisipasi dari serangan siber."", ""Hai Sobat BRI benar ya. Promo tersebut berlaku untuk special discount dan gift atas setiap preorder unit Samsung Galaxy Fold 7 Z Flip 7 dan Watch 8. Terima kasih atas ketertarikannya terhadap promo BRI. Informasi lebih lanjut silakan mengakses""]",False,5,1880,24,False,73
google/gemma-3-4b-it,sophistication,competence,hybrid_early,0.7,SAPTO DJOJOKARTIKO unveils the Ramadan 2025 Limited Collection seamlessly blending cultural heritage with effortless sophistication. This cohesive collection for men and women offers a range of versatile pieces perfect for gatherings and festive occasions,"“Dengan bangga, SAPTO DJOJOKARTIKO meluncurkan Ramadan 2025 Limited Collection yang harmonis mengintegrasikan warisan budaya dengan keanggunan yang tak lekang waktu. Koleksi yang komprehensif ini, dirancang untuk pria dan wanita, menghadirkan beragam pilihan pakaian serbaguna, ideal untuk perayaan dan acara-acara istimewa.”",False,4576,4200095,42,"[""in line with the spirit of digital transformation Telkom Indonesia continues to offer various competency development programs to empower all employees in reaching their full potential. These initiatives are designed to support career growth that"", ""did you know that Telkom Indonesia provides equal opportunities for all its digital talents to empower themselves and continuously develop their skills for innovation? Well Kak Dyah will take you along for a day to follow her activities. Follow her journey in"", ""MDI Ventures anak usaha Telkom Indonesia kembali menghadirkan agenda tahunan Next Billion Ecosystem Festival atau Nex-BE Fest 2024 untuk kali kelima yang mengangkat tema Bridging Digital Inclusivity & Sustainable Growth through Synergy Collaboration ."", ""Studi global Accenture menunjukkan bahwa perusahaan yang menerapkan praktik inklusi disabilitas secara kuat mencatat peningkatan pendapatan hingga 1 6 kali laba bersih 2 6 kali dan produktivitas 25% lebih tinggi dibanding rata-rata pelaku industri."", ""Direktur Utama Telkom Indonesia Ririek Adriansyah turut menjadi pembicara dengan topik Enabling Sustainable Digital Transformation .""]",False,5,2251,83,False,325
google/gemma-3-4b-it,excitement,competence,hybrid_early,0.7,Harus siap dengan yang namanya asing yaa,"""Siap-siap ya sama yang namanya asing!""",False,3407,4200096,42,"[""Iya besok banget Siap-siap bareng kita semua di yaa~"", ""Sama dong Siap-siap terkesima di nanti"", ""Setuju banget!! Inovasinya gak pernah setengah-setengah selalu bikin jatuh hati lagi Siap-siap ya tanggal 9 Juli 2025"", ""Siapa sih yang gak mau~"", ""Tinggal hitungan jam Kak Siap-siap yaa~""]",False,5,1170,14,False,39
google/gemma-3-4b-it,excitement,competence,hybrid_early,0.7,Mohon kesediannya untuk di coba kembali hari ini ya kak dikhawatirkan sistem sedang error kak,"Mohon maaf atas ketidaknyamanannya Kak. Kakak bisa coba aktifkan ulang hari ini ya, dikhawatirkan sistem sedang error.",False,2744,4200097,42,"[""Hi kak Lady mohon maaf sekali ya atas kendalanya. Kakak bisa coba aktifkan ulang lewat pengaturan aksesibilitas. Kalau masih bermasalah boleh langsung hubungi tim kami via Live Chat di atau ke 0-800-112-888 (bebas pulsa) supaya bisa dicek langsung lewat"", ""Halo Kak Zendayani mohon maaf atas ketidaknyamanan yang terjadi Untuk kendala ini disarankan agar unitnya bisa dibawa ke Samsung Service Center terdekat ya supaya bisa dicek lebih lanjut oleh teknisi kami. Semoga segera bisa teratasi"", ""Selamat malam Kak dan mohon maaf atas ketidaknyamanannya. Guna Railmin cek rencananya Kakak akan menggunakan metode pembayaran apa? Lampirkan juga capture kendala yang dialami ya. Railmin imbau untuk selalu hati-hati ya terhadap akun penipuan yang mengatasnamakan KAI. Saat"", ""Selamat malam Kak. Mohon maaf atas ketidaknyamanannya. Sebelumnya terdapat pemeliharaan sistem dan kendala mengenai pemesanan tiket KA. Namun saat ini sudah kembali normal dan dapat melakukan pemesanan ya. Silakan dapat cek berkala via Access by KAI pada menu Lokal ."", ""Mohon maaf atas ketidaknyamanannya Kak. Mohon cek berkala atau dapat pesan tanpa login/daftar ya. Trims.""]",False,5,2084,31,False,118
google/gemma-3-4b-it,ruggedness,competence,hybrid_early,0.7,udah gan bisa langsung liat di : gimane min raincover 60lt udah ada stoknya? Kalo ada harganya,"“Udah ada stok raincover 60lt gak nih gan? Kalo ada, harganya berapa?”",False,5785,4200098,42,"[""Siap on check ya Kak. Trims."", ""Udah cek promo lengkapnya di belum nih?"", ""Baik silakan cek kembali. Saat ini sudah Railmin balas ya Kak. Trims."", ""Selamat siang Kak. Pengembalian refund membutuhkan waktu 7 hari setelah pembatalan ya. Guna Railmin melakukan pengecekan bisa diinformasikan data berikut via DM: - Kode booking: - Nama dan NIK salah satu penumpang: - Nama Bank/E-Wallet: - Nomor rekening/E-Wallet: Railmin imbau"", ""Selamat siang Kak. Fasilitas sewa selimut bisa didapatkan apabila masih tersedia. Mengenai ketersediaan sewa selimut dalam perjalanan KA silakan dapat cek melalui website atau aplikasi Access by KAI pada menu Railfood ya. Kakak juga dapat konfirmasi""]",False,5,1617,25,False,70
google/gemma-3-4b-it,ruggedness,competence,hybrid_early,0.7,When trekking boots just too much Patagonia Sandals Rp 195.000,"“Wah, Patagonia Sandals ini lumayan banget buat trekking, Rp 195.000 aja! Mantap!”",False,5653,4200099,42,"[""Arghie nailed every shot with Edge & Salomon shoes. Just 5.8mm sleek stylish effortless. RT & reply Aku juga mau Edge yang styled with Salomon shoes kalau kamu mau punya. Beli di & dapatkan hadiah eksklusif SALOMON"", ""HDC Batam akan dibangun di atas lahan seluas 8 Ha dengan total 3 Campus berstandar world class data center dengan total kapasitas IT load 51MW menggunakan energi yang terbarukan (renewable energy) ramah lingkungan dan mengadopsi system multi-tier."", ""Selamat malam Kak dan mohon maaf atas ketidaknyamanannya. Saat ini untuk di website pemesanan belum tersedia fitur FemaleSeatmap. Railmin sarankan Kakak dapat melakukan pemesanan via aplikasi Access by KAI yang sudah tersedia fitur tersebut. Fitur Female"", ""Sebelumnya sangat disayangkan sekali atas kendala yang Ibu alami. Pastikan bahwa kartu Flazz yang digunakan terus tertempel selama proses top up sedang berlangsung dan apabila terkendala maka Ibu dapat menunggu maksimal 1 hari kerja untuk proses pengembalian"", ""Mohon maaf atas ketidaknyamanan yang Bapak alami. Saat ini sudah kembali normal ya dapat kami sarankan untuk mencoba secara berkala ya. Tks ^Groho""]",False,5,2042,27,False,82
google/gemma-3-4b-it,sincerity,competence,hybrid_early,0.7,Cara dapetin freepass superfestival dari Wardah: 1 Follow 2 Like & Retweet tweet ini 3 Reply tweet ini dengan foto produk Wardah favorit kamu 4 Gunakan hashtag Good luck beauties!,"""Siapa cepat, dia dapat! Dapatkan 1 pass superfestival dari Wardah nih! Caranya gampang banget, guys! 1. Follow akun ini 2. Like & Retweet tweet ini 3. Balas tweet ini pakai foto produk Wardah kesukaan kamu 4. Pakai hashtag #GoodLuckBeauties yuk, semoga beruntung!""",False,2355,4200100,42,"[""sudah nggak sabar kan untuk mengetahui siapa yang terpilih sebagai pemenang-pemenang utama rangkaian spesial bulan Ramadan? Para pemenang utama yang terpilih sudah mengikuti rangkaian kuis selama 4 minggu berturut-turut dan menjawab dengan benar"", ""Duh Ian makin berkarisma banget ya saat ngasih penyuluhan gini Yuk langsung nonton Web Series Pakai Hati Reborn hanya di Youtube Bank BRI atau klik link di bio ya Sobat BRI!"", ""Ada 5 juta rupiah untuk 10 pemenang beruntung! Jangan lupa untuk reply postingan ini dengan screenshot hasil registrasi kamu pakai hashtag Periode s/d 9 Juli 2025 Let s go ini saatnya kamu jadi pemenangnya!"", ""ini dia para pemenang special bulan Ramadan periode 4. Selamat ya!"", ""Pesan DM sudah kami respons mohon melakukan pengecekan. Dapatkan informasi terbaru seputar layanan dan promo BRI di Sabrina WhatsApp 0812 1214 017. Tks~Oris""]",False,5,1886,80,False,265
google/gemma-3-4b-it,sincerity,competence,hybrid_early,0.7,Halo kak menu Golden Mayo Cheese Steak Burger tersedia mulai pukul 11:00 siang yah,Selamat pagi Kak. Menu Golden Mayo Cheese Steak Burger tersedia mulai pukul 11.00 siang ya.,False,1996,4200101,42,"[""Selamat sore Kak. Mohon maaf atas ketidaknyamanannya. Penyajian makanan atau minuman atas pemesanan via Railfood bila sudah tersedia akan diantarkan ke kursi oleh petugas. Namun menyesuaikan dengan ramainya pembelian di rangkaian restorasi Kak (tidak dapat dipastikan). Apabila"", ""Hehehe Selamat pagi dan selamat beraktivitas ya Kak. jangan lupa sarapan ya."", ""Selamat malam Kak. Apabila ingin pesan makan dan minum pada saat perjalanan Kereta Api bisa melalui menu Railfood via aplikasi Access by KAI atau Website Nantinya menu yang dipesan akan diantar oleh Prama/Prami ke tempat duduk sesuai kode booking tiket."", ""Selamat malam Kak dan mohon maaf baru terbalaskan karena padatnya antrean interaksi. Jika melakukan pemesanan makanan secara online via Railfood atau website maka nantinya petugas Prama/Prami akan mengantarkannya langsung ke tempat duduk penumpang ya."", ""Selamat pagi Kak. Pemesanan makanan/minuman bisa melalui aplikasi Access by KAI pada menu Railfood website lokomart dengan memasukkan kode booking tiket atau Kakak langsung menuju ke restorasi KA ya. Railmin bantu cek silakan diinformasikan kode""]",False,5,2045,23,False,91
google/gemma-3-4b-it,excitement,competence,hybrid_early,0.7,Adel flora,WE READY!,False,2509,4200102,42,"[""Dengan menghadirkan Chrysler Ade Chandra selaku CTO Vauza Tamma Hijab dan Putri Irmawati Y. selaku CFO Muda Rumah BUMN (RB) Telkom kegiatan ini diharapkan dapat memberikan pemahaman mengenai pemanfaatan digital marketing untuk perkembangan bisnis."", ""Dengan senang hati Kak"", ""Relate ya"", ""Jemput sekarang kak!! Biar -nya resmi jadi milikmu"", ""WE READY""]",False,5,1207,5,False,9
google/gemma-3-4b-it,excitement,competence,hybrid_early,0.7,Hi Kak Puteri mohon maaf atas ketidaknyamanannya agar kami dapat menindaklanjuti hal ini termasuk mengedukasi kembali mitra driver kami mohon bantuannya untuk mengirimkan detail no pesanan email dan nomor telepon yang terdaftar di Gojek via DM ya Kak. Gojek senantiasa,"Hai Kak Puteri, mohon maaf atas ketidaknyamanan yang terjadi. Untuk menindaklanjuti hal ini dan mengedukasi kembali mitra driver, mohon bantuannya untuk mengirimkan detail nomor pesanan dan nomor telepon yang terdaftar di Gojek via DM ya Kak. Guna tindak lanjut kami, kami sudah mengirimkan pesan melalui DM.",False,2863,4200103,42,"[""Mohon maaf atas ketidaknyamanan dan kendala yang dialami. Jika yang dimaksud sudah dibantu pembuatan laporan melalui Halo BCA mohon kesediaan Bapak dapat menginformasikan kepada kami nomor laporan dari Halo BCA tersebut agar dapat kami bantu cek. Tks ^Nica"", ""Hai Sobat BRI. Mohon maaf atas ketidaknyamanan yang dialami. Terkait kendala yang disampaikan sudah kami respons pada Mention sebelumnya. Mohon kesediaannya melakukan pengecekan ya. Tks~Hera"", ""Baik terima kasih kembali atas konfirmasinya ya Kak. Bila ke depannya mengalami membutuhkan bantuan silakan dapat menghubungi Railmin dengan menginfokan kode booking dan detail kendalanya melalui DM ya."", ""Mohon maaf atas ketidaknyamanan dan kendala yang dialami kami telah teruskan keluhan yang Ibu sampaikan kepada pihak analis BCA mohon kesediaan Ibu dapat menunggu konfirmasi yang kami lakukan. Tks ^Nica"", ""Hai Sobat BRI mohon maaf atas ketidaknyamanan yang dialami. kami informasikan jaringan BRI dalam keadaan normal dan dapat dilakukan transaksi. Guna tindak lanjut kami sudah mengirimkan pesan melalui DM silakan melakukan pengecekan ya. Sobat BRI jangan bagikan data pribadi""]",False,5,2251,74,False,308
google/gemma-3-4b-it,excitement,competence,hybrid_early,0.7,Hai seriusan Kak? . Kamu bisa infoin nomor telepon dan email yang terdaftar melalui DM. Supaya bisa aku bantu cek ya. Terima kasih^jhn,Hai seriusan Kak. Silakan berikan nomor telepon dan email yang terdaftar melalui DM ya. Supaya bisa saya bantu cek. Terima kasih. Tks~Beni,False,2921,4200104,42,"[""Hai Sobat BRI. Tidak perlu khawatir. Pesan sudah kami respons melalui DM. Silakan lakukan pengecekan. Tks~Yoda"", ""Baik Kak silakan dapat cek DM-nya kembali ya. Trims."", ""Hai Sobat BRI. Untuk pesan yang dikirimkan melalui DM sudah kami respon. Silakan dilakukan pengecekan ya. Tks~Beni"", ""Hai Sobat BRI. Tidak perlu khawatir. Untuk pesan yang dikirimkan melalui DM sudah kami respon. Silakan dilakukan pengecekan ya. Tks~Beni"", ""Hai Sobat BRI. Mohon maaf atas ketidaknyamanan yang dialami. Terkait kendala kami sudah merespons pesan melalui DM. Silakan melakukan pengecekan ya. Tks~Hera""]",False,5,1564,37,False,138
google/gemma-3-4b-it,ruggedness,competence,hybrid_early,0.7,Reply pake emoji yang paling kamu banget yuk Eigerian!,"""Balas pakai emoji yang paling mewakili kamu, Eigerian!""",True,5069,4200105,42,"[""Spill warna mana yang paling kece buat kamu?"", ""Siapa nih yang pengen ketemu Zee weekend ini di ? Ketik emoji kalau kalian mau ketemu Zee Yuk langsung aja datang! Kamu bisa dapatkan hadiah dengan ikuti experience yang bisa kamu pre-order dengan benefit up to Rp9 4jt"", ""Wajib banget ditunggu! Jangan lupa daftar dulu biar dapet promo eksklusifnya"", ""Olahraga hits makin rame dari padel sampai pilates. Seru sih... tapi jangan sampai lupa cek kondisi dompet juga Yuk ikuti tren dengan bijak. Sehat fisik sehat finansial."", ""Asikkk tinggal hitungan jam nih! Siap-siap PO dan nikmati kejutan dari Galaxy Foldable terbaru""]",False,5,1516,17,False,56
google/gemma-3-4b-it,sincerity,competence,hybrid_early,0.7,sudah siapkah besok beraktivitas lagi setelah long weekend?,“Udah siap nih buat semangat lagi setelah liburan panjang?”,False,2131,4200106,42,"[""Nggak terasa udah Senin lagi ! Setelah long weekend semangat kembali menyambut hari baru!"", ""Hehehe Selamat pagi dan selamat beraktivitas ya Kak. jangan lupa sarapan ya."", ""Semangat menyambut hari Senin ya !"", ""Hai Sobat BRI tidak ya. Seluruh kantor BRI mulai tanggal 28 Maret 2025 kantor BRI tidak beroperasi karena cuti bersama. Berikut informasi layanan terbatas selama periode libur dan cuti bersama Lebaran 1446 H/ 2025: a. Layanan terbatas ini hanya dilaksanakan pada tanggal 30"", ""Sobat bangun pagi menjadi salah satu rahasia untuk lebih produktif dan positif lho karena Sobat memiliki banyak waktu luang lebih awal untuk menyelesaikan tugas. Selain itu ada beberapa manfaat lainnya: Meningkatkan fungsi kognitif Kualitas tidur lebih baik""]",False,5,1649,15,False,59
google/gemma-3-4b-it,sophistication,competence,hybrid_early,0.7,A quiet hymns,"Dengan senang hati kami informasikan Bapak/Ibu. ""A quiet hymns"" merupakan karya yang indah dan menenangkan, ya. Tks ~Luna",False,4763,4200107,42,"[""Dengan senang hati kami informasikan Bapak/Ibu Pelanggan. Jika yang dimaksud adalah layanan Weekend Banking BCA di KCP Margo City kota Depok maka untuk hari ini beroperasi ya. Tks ^Yena"", ""Untuk nomor telepon 021 50927899 maka benar ya nomor telepon telemarketing resmi terdaftar pada sistem BCA untuk program penjualan/penawaran Kartu Kredit BCA."", ""Hai Sobat BRI. Mohon maaf atas kendala transafer yang dialami. Guna pengecekan apakah transaksi yang dilakukan sudah mengurangi saldo rekening? Tks~Cello"", ""Selamat malam Kak. Bila dimaksud KMT edisi nostalgia solo bisa digunakan pada TransJakarta (halte BRT) MRT KRL LRT Jabodebek LRT Jakarta parkir resmi stasiun (Res Parking) serta Loko Cafe ya. Informasi lebih lanjut seputar perjalanan KA Lokal tersebut silakan dapat"", ""Dengan senang hati kami informasikan Ibu . Untuk operasional layanan weekend banking pada tanggal 7 dan 8 Juni 2025 di daerah Jakarta Selatan terdapat di KCP Mal Pondok Indah yang beralamat""]",False,5,1824,31,False,121
google/gemma-3-4b-it,sophistication,competence,hybrid_early,0.7,Watch Spring/Summer 2021 collection unveil through live streaming at on 10 October 2020 10.20am WIB Video by Reuben Tourino,"""Saksikan perkenalan koleksi Spring/Summer 2021 melalui siaran langsung pada 10 Oktober 2020 pukul 10.20 WIB. Video oleh Reuben Tourino""",False,4737,4200108,42,"[""Saksikan livestream pada 9 Juli 2025 pukul 21.00 WIB! The Ultra experience starts here."", ""ini dia para pemenang tanggal 30 Mei 2024. Selamat ya! YourFuture"", ""Sobat BRI kamu udah nonton Episode terakhir Web Series Pakai Hati Reborn belum? Gimana nih perasaannya Tim Bianca dan Tim Raina? Buat yang belum nonton yuk langsung aja nonton Web Series Pakai Hati Reborn hanya di Youtube Channel Bank BRI atau langsung klik link di"", ""Jumlah aktif pengguna internet juga berubah di jam 02.00 hingga 04.00 dini hari dan jam 19.00 sampai 20.00."", ""Dengarkan langsung dari para ahlinya pada 7 Februari 2023 pukul 19.00-20.30.""]",False,5,1584,47,False,136
google/gemma-3-4b-it,ruggedness,competence,hybrid_early,0.7,Cuma ngetes Mimin tuh :(,Mimin lagi ngetes nih :((,False,5445,4200109,42,"[""Gas kalo kata mimin mah Kak ."", ""Gak kedip mimin ngeliatnyaaa"", ""ngerasa nggak sih? selama Ramadan ini screen time jadi meningkat? Coba deh cek HP kamu sekarang!"", ""Makin gak sabar yaa buat"", ""Buat yang belum tau cek postingan Digimin yang ini nih""]",False,5,1116,11,False,25
google/gemma-3-4b-it,ruggedness,competence,hybrid_early,0.7,: Zella Full Black telah hadir kembali di Om Bro tunggu yaaa!,Hai Sobat Om Bro! Zella Full Black sudah hadir kembali nih! Jangan sampai ketinggalan yaaa.,False,5945,4200110,42,"[""siapa yang sudah siap buat pemanasan? Pendaftaran Digiland Run 2024 sudah dibuka nih! Jangan sampai kelewatan harga spesial early bird flash ya! Cek informasi selengkapnya juga di akun ."", ""Hai Sobat BRI mohon kesediaannya menunggu. Pesan akan segera kami respons melalui DM. Silakan melakukan pengecekan. Dapatkan informasi terbaru seputar layanan dan promo BRI di Sabrina WhatsApp 0812 1214 017. Tks~Risa"", ""Hai Sobat BRI tidak perlu khawatir. Pesan akan segera kami respons. Mohon kesediaannya menunggu ya. Dapatkan informasi terbaru seputar layanan dan promo BRI di Sabrina WhatsApp 0812 1214 017. Tks~Thomas"", ""Hai Sobat BRI tentu bisa ya. Kami sudah kirimkan pesan melalui DM. Silakan melakukan pengecekan ya. Dapatkan informasi terbaru seputar layanan dan promo BRI di Sabrina WhatsApp 0812 1214 017. Tks~Daffi"", ""Hai Sobat BRI. Pesan telah kami respon melalui DM silakan melakukan pengecekan. Dapatkan informasi terbaru seputar layanan dan promo BRI di Sabrina WhatsApp 0812 1214 017. Tks~Dendi""]",False,5,1908,25,False,91
google/gemma-3-4b-it,sophistication,competence,hybrid_early,0.7,Psst.. pendaftaran Bestie Run For The Earth akan dibuka hingga 12 Feb 2024. Yuk tag Bestie kamu biar bisa seru-seruan bareng! Jangan sampai ketinggalan yaa~,"Siapa yang udah siap buat nge-run sambil peduli bumi? Pendaftaran Bestie Run For The Earth udah dibuka sampai 12 Feb 2024! Yuk, tag Bestie kamu biar makin seru bareng! Jangan sampe ketinggalan yaaa~",False,3670,4200111,42,"[""siapa yang sudah siap buat pemanasan? Pendaftaran Digiland Run 2024 sudah dibuka nih! Jangan sampai kelewatan harga spesial early bird flash ya! Cek informasi selengkapnya juga di akun ."", ""siapa yang sudah nggak sabar nonton konser Lifetime Tribute to Chrisye yang akan digelar pada Senin 16 September 2024?"", ""Jelang Akhir Tahun 2023 Wamen BUMN Kunjungi Posko TelkomGroup SIAGA NARU 2023/2024 Sobat menyambut tahun baru 2024 Wakil Menteri BUMN Kartika Wirjoatmodjo didampingi Direktur Telkom Ririek Adriansyah melakukan kunjungan ke Posko TelkomGroup SIAGA NARU (Natal-Tahun Baru)"", ""RT & reply dengan kasih selamat ke karena dia berhasil jadi pemenang minggu pertama di Challenge Edge . Tonton video ini untuk cek pemenang lainnya kesempatan kamu untuk ikutan masih terbuka sampai 30 Juni! TnC:"", ""siapa yang masih belum bisa move on dari serunya ? Sama nih Digimin juga. Terima kasih banyak atas antusiasme dan partisipasinya ya. Sampai jumpa lagi di event berikutnya!""]",False,5,1973,58,False,198
google/gemma-3-4b-it,sincerity,competence,hybrid_early,0.7,Mengajarkan anak menjalani gaya hidup sehat dapat dimulai dari kebiasaan sehari-hari. Di Hari Pendidikan Nasional ini yuk ajak anak untuk memulai hidup sehat dengan cara yang menyenangkan!,"“Yuk, rayakan Hari Pendidikan Nasional dengan membiasakan anak-anak hidup sehat! Cara seru dan mudah, mulai dari kebiasaan sehari-hari. Semoga anak-anak kita tumbuh sehat dan cerdas!”",False,6143,4200112,42,"[""Wah banyak sekali manfaatnya ya! Yuk Sobat luangkan waktu untuk berolahraga seperti jalan kaki untuk hidup yang lebih sehat. Sobat suka jalan kaki setiap hari?"", ""setuju nggak kalau lingkungan yang bersih dan sehat adalah hak kita semua?"", ""Segenap Dewan Komisaris Direksi dan Karyawan Telkom Indonesia memperingati Hari Kesehatan Nasional. Hidup sehat adalah investasi terbaik untuk masa depan!"", ""Sobat edukasi dan kesadaran menjaga dan merawat lingkungan dimulai dari lingkungan kecil kita.Mari selalu tanamkan hal baik agar generasi selanjutnya dapat terus menikmati keindahan bumi. Selamat Hari Bumi."", ""Tap untuk tips hidup sehat dan produktif ala Adib Dwitamma! Ayo datang ke Bandung dan cobain fitur terbaru dari ! Saatnya pre-order sekarang dan dapatkan benefit up to 11 juta!""]",False,5,1818,46,False,183
google/gemma-3-4b-it,sincerity,competence,hybrid_early,0.7,Hadir untuk merayakan semangat pantang menyerah paduan sempurna Ayam McD dalam balutan khas nusantara Ayam McD Opor dengan pedasnya Sambal Terasi. Nikmati menu di Mekdi terdekatmu sekarang! Tersedia juga di McDelivery GrabFood GoFood dan ShopeeFood.,"“Terungkap inovasi terbaru dari KFC, Ayam McD Opor dengan sensasi pedas Sambal Terasi yang menggoda. Segera rasakan kelezatannya di store KFC terdekat! Nikmati juga melalui McDelivery di GrabFood, GoFood, dan ShopeeFood.”",False,1705,4200113,42,"[""*7 Arahan Menteri BUMN untuk Sukseskan Program Makan Bergizi Gratis Presiden Prabowo* Menteri BUMN Erick Thohir mendukung penuh kolaborasi antara Kementerian BUMN dan Badan Gizi Nasional melalui Program Makan Bergizi Gratis (MBG). Program ini mengusung pendirian Satuan"", ""Pada siang harinya hadir pula penampilan dari Cokelat dilanjutkan oleh Nella Kharisma Wali Nassar serta musisi papan atas lainnya."", ""Mengusung semangat Rajut Kebersamaan Raih Kemenangan Telkom menyediakan 91 posko yang tersebar di seluruh wilayah Indonesia dengan 19.503 ribu personel yang akan memastikan keandalan jaringan telekomunikasi dan layanan pelanggan sama masa libur lebaran 24x7."", ""Siapa bilang camilan sehat nggak bisa tembus luar negeri? Bareng BRI Casa Grata berhasil ekspor perdana ke Singapura dengan produk camilan bebas pengawet bebas MSG dan pastinya gluten-free & vegan! Sekarang camilan sehat ala Casa Grata rutin dikirim ke luar negeri dan"", ""menjelang perayaan Idul Fitri 1445 H Telkom Indonesia kembali menyelenggarakan program Mudik Gratis Mudik Hepi Telkomsel Poin bersamaan dengan Mudik Gratis Bersama BUMN yang diselenggarakan Kementerian BUMN tahun ini dengan tema Mudik Asyik Bersama BUMN .""]",False,5,2290,59,False,221
google/gemma-3-4b-it,excitement,competence,hybrid_early,0.7,Hey!,Aduh gimana ya?,False,2549,4200114,42,"[""Setuju!"", ""WE READY"", ""Yeayy kita tunggu bareng-bareng yaa"", ""YeeaySaatnya jemput mu sekarang"", ""Aduh gimana ya?""]",False,5,961,7,False,15
google/gemma-3-4b-it,ruggedness,competence,hybrid_early,0.7,Free mudik Check-up. 11-21 June 2017 book your service on +62 8111 56 1901 . . .,"Hai Sobat BRI, info menarik nih! Ada program Free Mudik dan Check-up dari BRI, berlangsung tanggal 11-21 Juni 2017. Booking layananmu sekarang melalui +62 8111 56 1901 ya. Tks~Bevi",False,6009,4200115,42,"[""Hai Sobat BRI. Mohon maaf atas ketidaknyamanannya. Kami informasikan nomor +62 821 3028 6442 bukan nomor resmi dari petugas BRI. BRI tidak pernah meminta data rahasia perbankan seperti user id password dan PIN dengan alasan apa pun. Harap mengabaikan panggilan email atau"", ""Apabila masih terkendala mohon kesediaan Sobat BRI membuat laporan melalui: 1. Email callbri.co.id. 2. Sabrina WhatsApp 0812 1214 017. 3. Contact BRI 1500017 atau +62211500017 jika berada di luar negeri. Tks~Fuma"", ""Hai Sobat BRI sudah ya. Pendaftaran program Mudik Gratis Bersama BRI 2025 sudah dibuka pada tanggal 7 Maret 2025. Mohon maaf atas ketidaknyamanan yang dialami. Sesuai informasi yang disampaikan melalui website saat ini kuota Mudik Gratis Bersama BRI 2025"", ""Untuk transaksi setor tunai melalui kantor BRI mohon untuk membawa dokumen lengkap ya. Dapatkan informasi terbaru seputar layanan dan promo BRI di Sabrina WhatsApp 0812 1214 017. Tks~Bevi"", ""Apabila masih mengalami kendala Sobat BRI dapat membuat laporan melalui: a. Email callbri.co.id. b. Sabrina WhatsApp 0812 1214 017. c. Contact BRI 1500017 atau +62211500017 jika berada di luar negeri. Sobat BRI jangan pernah memberitahukan data pribadi kepada pihak manapun""]",False,5,2138,65,False,180
google/gemma-3-4b-it,sophistication,competence,hybrid_early,0.7,Say goodbye to stress biar pikiran selalu fresh! Menjalani aktivitas paling seru sambil naik Vespa. Siapa setuju? Share pendapat kamu di komen.,"""Seru kan? Bye-bye stres, nikmatin aja aktivitas seru sambil riding Vespa! Kalian setuju? Spill pendapat di komen ya!""",False,3796,4200116,42,"[""Sharing yuk! Apa yang bisa membuat kamu semangat menghadapi hari Senin? Reply ya!"", ""Gimana menurut kamu? Asik kan ternyata bisa kerja sama dalam tim. Tapi apapun pilihan kamu yang penting bikin kamu nyaman dan kerjaan beres ya pastinya. Semangat hari Senin! Selamat bekerja!"", ""Jangan berhenti ketika kamu lelah. Berhentilah ketika kamu selesai. Selamat pagi Sobat! Mau pulsa gratis? Jangan lupa retweet semua postingan hari ini ya!"", ""LIKE post ini kalau kamu mau banget ! Ayo ikutan pre-order untuk dapatkan total benefit up to Rp3.9 jt. Promo berlaku hingga 31 Juli 2025. Pesan sekarang:"", ""Nah gimana menurut ? Apakah TikTok juga jadi andalanmu untuk cari info atau belanja? Yuk share di reply!""]",False,5,1687,33,False,118
google/gemma-3-4b-it,sophistication,competence,hybrid_early,0.7,Register yourself for this year's ! Registration desk at the lobby opens from 10 am - 7 pm!,"""Silakan daftarkan diri Anda untuk tahun ini! Meja pendaftaran di lobi buka dari pukul 10 pagi - 19.00!""",False,4397,4200117,42,"[""We're happy to reply to the DM Mr./Mrs. Customer sent. Please be sure to contact the official account with the gold checkmark. Tks^Sukma"", ""We are happy to check the DM that Mr./Mrs. Customer sent and make sure to interact with the official account that has a gold tick. Tks ^Zaydee"", ""Hi we have responded to your message via DM. Please check it. Thanks~Agny"", ""Selamat siang Kak. Benar ya proses refund membutuhkan waktu 7 hari sejak tanggal pembatalan. Agar dapat Railmin cek silakan informasikan data berikut via DM: - Kode booking: - Nama dan NIK penumpang: - Nomor rekening dan bank refund yang digunakan: Railmin imbau untuk selalu"", ""Sorry for the inconvenience Mr/Mrs. Customer. If you are still having problems please send us a response of the image display via DM so that we can inform you according to your needs. :) Tks ^Heybi""]",False,5,1775,36,False,104
google/gemma-3-4b-it,excitement,competence,hybrid_early,0.7,Sesuai janjiku kan kemaren seminggu ini pasti happy,"""Nggak terasa udah Senin lagi ya? Seminggu ini pasti happy, kan?""",False,2524,4200118,42,"[""Selamat hari Senin ! Semangat nggak hari ini?"", ""Kamu percaya adanya Monday Blues nggak sih? Ternyata Banyak orang ngalamin mood turun setiap Senin pagi ini yang sering disebut Monday blues. Biasanya sih karena harus balik ke rutinitas kerja setelah santai di akhir pekan."", ""Terus semangat ya Kak hari baik itu pasti datang. Selamat pagi juga!"", ""Banyak hal dalam hidup yang tak berjalan sesuai harapan. Bersabarlah tetap semangat dan yakin bahwa ada solusinya. Pagi Sobat Telkom! Yuk retweet semua postingan karena ada pulsa senilai Rp50.000 untuk 2 orang beruntung setiap harinya."", ""Nggak terasa udah Senin lagi ! Setelah long weekend semangat kembali menyambut hari baru!""]",False,5,1572,20,False,65
google/gemma-3-4b-it,sophistication,competence,hybrid_early,0.7,We present to you the uncovered of Vespa Sprint Carbon! Karakternya yang unik dan sporty buat kamu makin kece.,“Lihatlah Vespa Sprint Carbon yang telah terungkap! Gayanya yang istimewa dan berani pasti bikin penampilanmu makin menawan.”,False,4015,4200119,42,"[""Selamat sore Kak. KA Gajahwong kelas Ekonomi saat ini masih menggunakan rangkaian Premium Stainless Steel dan belum New Generation. Railmin lampirkan rangkaian yang digunakan ya. Railmin imbau untuk selalu hati-hati ya terhadap akun penipuan yang mengatasnamakan KAI. Saat ini"", ""Ukuran yang compact dengan kemampuan yang lebih hadir untuk memberikan pengalaman ponsel lipat yang belum pernah ada."", ""MENANGKAN 1 SET EXCLUSIVE BOX Galaxy S25 Edge x SukkhaCitta! RT like dan drop jawaban kamu di reply! Galaxy S25 Edge slim & durable ini paling cocok buat ? Sertakan: Edge Periode sampai 21 Juni 2025"", ""SELAMAT! kamu dapat 1 unit Galaxy M15 karena sudah berbagi cerita versimu! Langsung DM kami ya Masih ada 2 unit Galaxy M15 dan Grand Prize Galaxy TERBARU menunggu! Ikutan sekarang"", ""Hai Sobat BRI. Terima kasih atas ketertarikannya terhadap program BRI. Sobat BRI dapat menikmati promo berbagai jenis sneakers pada event BRImo x USS yang berlangsung pada tanggal 25-27 Oktober 2024 di Hall A-B Jakarta Convention Center (JCC) ya. Sobat BRI jangan pernah""]",False,5,2011,31,False,125
google/gemma-3-4b-it,ruggedness,competence,hybrid_early,0.7,Wahh bener nih,Wah bener juga sih!,False,5172,4200120,42,"[""Betul Kak tapi di hari sebelumnya ya"", ""Aduh gimana ya?"", ""Siap Kak on check"", ""Makasih Kak."", ""Setuju!""]",False,5,962,7,False,19
google/gemma-3-4b-it,excitement,competence,hybrid_early,0.7,Hai Kak maaf banget ya. Kami informasikan bahwa untuk laporan kamu (140928108) masih dalam penanganan tim kami. Mohon kesediannya untuk menunggu informasi selanjutnya ya. Terima kasih^ekw,Hai Kak. Mohon maaf atas ketidaknyamanannya. Terkait laporan (140928108) masih dalam penanganan tim kami. Mohon kesediaannya untuk menunggu informasi selanjutnya ya. Terima kasih^ekw,False,2906,4200121,42,"[""Hai Sobat BRI. Mohon maaf atas ketidaknyamanannya. Terkait kendala yang dialami kami sudah merespons pesan melalui DM. Silakan melakukan pengecekan ya. Tks~Agny"", ""Hai Sobat BRI. Mohon maaf atas ketidaknyamanan yang dialami. Terkait kendala yang disampaikan sudah kami respons pada Mention sebelumnya. Mohon kesediaannya melakukan pengecekan ya. Tks~Hera"", ""Hai Sobat BRI mohon maaf atas ketidaknyamanan yang dialami. Guna tindak lanjut kami sudah kirimkan pesan melalui DM. Silakan melakukan pengecekan. (1)"", ""Hai Sobat BRI. Mohon maaf atas ketidaknyamanan yang dialami. Terkait kendala Sobat BRI sudah kami respons pada DM mohon melakukan pengecekan ya. Tks~Fadi"", ""Selamat siang Kak. Mohon maaf atas kendala yang dialami. Bisa dilampirkan capture dan detailnya guna pengecekan. Railmin imbau untuk selalu hati-hati ya terhadap akun penipuan yang mengatasnamakan KAI. Saat ini seluruh akun media sosial KAI121 sudah terverifikasi. Mohon""]",False,5,1971,50,False,182
google/gemma-3-4b-it,ruggedness,competence,hybrid_early,0.7,Atau Eigerian bisa melihat secara online melalui live streaming untuk menyaksikan gerhana matahari hibrida Jadi cara mana nih yang bakal Eigerian gunakan? Yang terpenting utamakan keamananya Eigerian!,"“Wah, keren banget! Eigerian bisa nonton gerhana matahari hibrida lewat live streaming ya. Asyik... tapi ingat, yang paling penting itu keselamatan Eigerian, kok!”",False,5327,4200122,42,"[""Halo Kak Zendayani mohon maaf atas ketidaknyamanan yang terjadi Untuk kendala ini disarankan agar unitnya bisa dibawa ke Samsung Service Center terdekat ya supaya bisa dicek lebih lanjut oleh teknisi kami. Semoga segera bisa teratasi"", ""Bisa ya. Silakan mengunjungi kantor BRI sesuai informasi yang disampaikan pada pesan sebelumnya. Guna pengecekan kantor BRI yang dapat dikunjungi di mana lokasi Sobat BRI saat ini? Dapatkan informasi terbaru seputar layanan dan promo BRI di Sabrina WhatsApp 0812 1214 017."", ""Olahraga hits makin rame dari padel sampai pilates. Seru sih... tapi jangan sampai lupa cek kondisi dompet juga Yuk ikuti tren dengan bijak. Sehat fisik sehat finansial."", ""Hi kak Ronron mohon maaf atas ketidaknyamanannya Kak Untuk memastikan penyebabnya kami sarankan agar unitnya dicek langsung oleh tim di Samsung Service Center terdekat ya."", ""Jadi makin lengkap karena cuacanya mendukung ya Kak.""]",False,5,1958,43,False,163
google/gemma-3-4b-it,sincerity,competence,hybrid_early,0.7,McD ers waktunya ekspresikan nikmatnya Dinosaur McFlurry versi kamu! Caranya beli Dinosaur McFlurry terus foto dengan frame yang tersedia di Dessert Kiosk dan tunjukin ekspresi kamu nikmatin Dinosaur McFlurry.,"""Hai Sobat BRI, kesempatan emas nih buat abadikan momen serunya minum Dinosaur McFlurry! Beli ya, terus foto pakai frame di Dessert Kiosk, tunjukin senyum bahagia kamu pas lagi nikmatin!""",False,1637,4200123,42,"[""Semoga salah satu acara Rangkaian HUT 129 BRI ini bisa jadi alasan hubungan kamu makin baik ya... Tiketnya masih tersedia nih! Yuk ajak temen pacar keluarga buat nonton bareng BRI Mini Soccer Clash tanggal 24 November 2024 di Mahaka Square! Ada Duta Thariq Aaliyah"", ""Mohon maaf atas ketidaknyamanan yang Bapak/Ibu Pelanggan alami. Sesuai tampilan gambar jika pada mutasi rekening terdapat keterangan KOR MCD TRANSCTION maka umumnya Bapak/Ibu telah melakukan transaksi Mastercard Debit"", ""Untuk transaksi setor tunai melalui kantor BRI mohon untuk membawa dokumen lengkap ya. Dapatkan informasi terbaru seputar layanan dan promo BRI di Sabrina WhatsApp 0812 1214 017. Tks~Bevi"", ""Sebelumnya dapat diinformasikan apakah Sobat BRI sudah konfirmasi kepada pihak merchant? Dapatkan informasi terbaru seputar layanan dan promo BRI di Sabrina WhatsApp 0812 1214 017. Tks~Fadi"", ""Hai Sobat BRI pesan sudah kami respons melalui DM dan silakan melakukan pengecekan. Dapatkan informasi terbaru seputar layanan dan promo BRI dengan Sabrina WhatsApp 0812 1214 017. Tks~Arthur""]",False,5,2117,49,False,187
google/gemma-3-4b-it,sophistication,competence,hybrid_early,0.7,Hi bestie! Hari ini aku Sherene Stephanie Beauty Specialist Sociolla mau ngobrol dan sharing bareng sama kamuuu,"“Waaah, seru banget ya bisa ngobrol bareng kamu, bestie! Sherene dari Sociolla siap berbagi tips cantik nih!”",False,3768,4200124,42,"[""Hai Sobat BRI. Terima kasih atas ketertarikannya terhadap program BRI. Akan ada ratusan tenant menarik mulai dari fashion hingga FnB dan pastinya promo spesial dari BRImo. Kami informasikan event BRImo x USS berlangsung pada tanggal 25-27 Oktober 2024 di Hall A-B Jakarta"", ""Setuju gak kalau looking fit & feeling good gak mesti painful? Biar lebih jelas yuk datang ke dan coba bareng Febby untuk spill rahasianya! Ditunggu kehadirannya tanggal 27 Juli 2025 nanti ya!"", ""Waaah semangatnya dapet banget Kak Let the magic bareng"", ""Hi kak Ivr Halo Kak maaf banget kalau penyimpanannya terasa cepat penuh Beberapa fitur sistem dan aplikasi bawaan memang memakan cukup banyak ruang. Kakak bisa coba optimalkan penyimpanan dengan hapus cache dan nonaktifkan aplikasi yang jarang dipakai. Kalau masih terasa"", ""sudah nggak sabar kan untuk mengetahui siapa yang terpilih sebagai pemenang-pemenang utama rangkaian spesial bulan Ramadan? Para pemenang utama yang terpilih sudah mengikuti rangkaian kuis selama 4 minggu berturut-turut dan menjawab dengan benar""]",False,5,2006,33,False,109
google/gemma-3-4b-it,ruggedness,competence,hybrid_early,0.7,Carrier Terbaru!! Consina Bering IDR 495.000 Consina Bering dengan kapasitas yang sama,Selamat siang Kak. Carrier Terbaru!! Consina Bering IDR 495.000 Consina Bering dengan kapasitas yang sama.,False,5711,4200125,42,"[""Selamat malam Kak. Fasilitas sewa selimut bisa didapatkan apabila masih tersedia. Mengenai ketersediaan sewa selimut dalam perjalanan KA silakan dapat cek melalui website atau aplikasi Access by KAI pada menu Railfood ya. Kakak juga dapat konfirmasi"", ""Selamat siang Kak. Fasilitas sewa selimut bisa didapatkan apabila masih tersedia. Mengenai ketersediaan sewa selimut dalam perjalanan KA silakan dapat cek melalui website atau aplikasi Access by KAI pada menu Railfood ya. Kakak juga dapat konfirmasi"", ""Selamat pagi Kak. Barang bawaan penumpang yang dapat dibawa ke dalam KA yaitu paling berat 20 kg dengan dimensi maksimal 70 x 48 x 30 cm. Bagasi yang melebihi berat ukuran dapat membeli tempat duduk ekstra atau akan dikenakan bea sebagai berikut: - Kelas Eksekutif Rp10.000 -/kg."", ""Selamat pagi Kak. Fasilitas sewa selimut bisa didapatkan jika masih tersedia. Mengenai ketersediaan sewa selimut dalam perjalanan KA dapat juga dicek melalui website atau via Railfood (Access by KAI). Kakak juga dapat konfirmasi langsung ke petugas yang"", ""Hi kak Henjat harganya mulai dari Rp28.499.000 dan dengan harga Rp 17.999.000""]",False,5,2054,29,False,106
google/gemma-3-4b-it,excitement,competence,hybrid_early,0.7,Hi kak mohon maaf atas ketidaknyamanannya. Silahkan kirimkan detail kendala yang kakak alami ke email hello.com atau melalui whatsapp di 08170756865 agar dapat kami bantu tindaklanjuti. Terima kasih -AN,"“Halo Kak, mohon maaf atas ketidaknyamanannya. Silakan sampaikan detail kendala yang Kak alami ke email hello.com atau WhatsApp di 08170756865 agar dapat kami bantu menindaklanjuti. Terima kasih -AN”",False,3074,4200126,42,"[""Terkait kendala yang dialami kami sudah mengirimkan pesan melalui DM. Silakan lakukan pengecekan. Informasi lainnya seputar BRI dapat menghubungi Sabrina WhatsApp 0812 1214 017 atau akun resmi media sosial BRI yang terverifikasi. Tks~Oman"", ""Hai Sobat BRI mohon maaf atas ketidaknyamanannya. Apabila masih terkendala mohon kesediaan Sobat BRI menghubungi call center atau email QLola yang sudah disampaikan pada pesan sebelumnya. Mohon selalu menjaga kerahasiaan data perbankan seperti PIN username password OTP"", ""Mohon maaf atas ketidaknyamanan yang Bapak alami. Saat ini tidak ada informasi kendala. Namun untuk konfirmasi lebih lanjut dapat kami sarankan menghubungi langsung layanan merchant 1500788 atau melalui aplikasi haloBCA pada fitur Call (tanpa pulsa). Tks ^Yena"", ""Mohon maaf atas ketidaknyamanan yang dialami. Terkait hal yang disampaikan sudah kami respons pada mention sebelumnya. Silakan menghubungi call center QLola di 150001 atau email: Qlola.co.id ya. Dengan senang hati rekan kami akan membantu. Dapatkan informasi terbaru seputar"", ""Selamat pagi Kak. Mohon maaf atas ketidaknyamanannya. Kendala yang disampaikan melalui DM telah kami respons ya. Trims.""]",False,5,2223,61,False,199
google/gemma-3-4b-it,ruggedness,competence,hybrid_early,0.7,summertime nya 555.000,"Halo! Untuk saldo 555.000, ya. Silakan tunggu sekitar 15 menit di Access by KAI, ya. Setelah di-refresh, saldo Anda akan muncul.",False,5769,4200127,42,"[""Selamat sore Kak. Jika untuk relasi Yogyakarta-Klaten jadwal tersedia KA sebagai berikut: -Sancaka pukul 22.25 WIB tarifnya menjadi 55 ribu (Eksekutif) dan 45 ribu (Ekonomi). - Malabar pukul 00.56 WIB tarif khusus menjadi 160 ribu (Eksekutif) dan 125 ribu (Ekonomi)."", ""Masih semangat puasanya ?"", ""Dengan senang hati kami informasikan Bapak/Ibu Pelanggan. Jika yang dimaksud untuk Resinda Park Mall maka untuk branch code 7045 ya. Tks ^Groho"", ""Hai Sobat BRI arre_emm bisa ya. Sobat BRI dapat melakukan pembukaan rekening BRI Junio untuk anak usia di bawah 17 tahun. Terima kasih atas ketertarikannya terhadap produk simpanan BRI. Silakan pembukaan rekening BRI Junio mengunjungi kantor BRI terdekat dengan syarat: 1. Jika"", ""Selamat pagi dan mohon maaf Kak. Saldo KAIPay akan muncul di Access by KAI dalam waktu 15 menit setelah Top Up. Silakan Kakak dapat melakukan refresh pada halaman beranda Access by KAI terlebih dahulu dengan cara menarik layar dari atas ke bawah. Selain itu bisa juga pengecekan""]",False,5,1872,42,False,128
google/gemma-3-4b-it,excitement,competence,hybrid_early,0.7,Gak ada stok. Nunggu yang baru aja nanti alias bilangin ge nih,"“Gak ada stok, nunggu yang baru aja ya. Bilang ke gue nih!”",False,2482,4200128,42,"[""Makin gak sabar yaa buat"", ""Dulu: kirim surat nunggu balasan bisa seminggu. Sekarang: post story semua langsung tau kabar kamu."", ""Bener gak yaa~ Pantengin terus ya di tanggal 09.07.2025"", ""Udah cek promo lengkapnya di belum nih?"", ""Yuk daftar dulu di biar gak ketinggalan promonya""]",False,5,1188,21,False,59
google/gemma-3-4b-it,sophistication,competence,hybrid_early,0.7,Vespa S iGet 125 memiliki desain saddle baru yang menjamin kenyamanan berkendara kamu.,"""Hai Sobat Vespa! Vespa S iGet 125 hadir dengan desain saddle baru yang menjamin kenyamanan berkendara kamu. Jangan lewatkan!""",False,4055,4200129,42,"[""MENANGKAN 1 SET EXCLUSIVE BOX Galaxy S25 Edge x SukkhaCitta! RT like dan drop jawaban kamu di reply! Galaxy S25 Edge slim & durable ini paling cocok buat ? Sertakan: Edge Periode sampai 21 Juni 2025"", ""Ukuran yang compact dengan kemampuan yang lebih hadir untuk memberikan pengalaman ponsel lipat yang belum pernah ada."", ""Hai Sobat BRI. Terima kasih atas ketertarikannya terhadap program BRI. Sobat BRI dapat menikmati promo berbagai jenis sneakers pada event BRImo x USS yang berlangsung pada tanggal 25-27 Oktober 2024 di Hall A-B Jakarta Convention Center (JCC) ya. Sobat BRI jangan pernah"", ""Hai Sobat BRI. Terima kasih atas ketertarikannya terhadap program BRI. Sobat BRI dapat menikmati promo berbagai jenis sneakers pada event BRImo x USS yang berlangsung pada tanggal 25-27 Oktober 2024 di Hall A-B Jakarta Convention Center (JCC) Jakarta Pusat. Sobat BRI jangan"", ""Hal ini juga didukung dengan beragam fasilitas dan hak khusus yang diberikan untuk talenta digital difabel dan perempuan. This is further supported by various facilities and special rights provided for digital talents with disabilities and women.""]",False,5,2052,34,False,126
google/gemma-3-4b-it,excitement,competence,hybrid_early,0.7,Gaskeun,"Gaskeun dah, Kak!",False,3240,4200130,42,"[""Gasss langsung di sini kak"", ""Gas kalo kata mimin mah Kak ."", ""Gaskeun Kak! impian udah nunggu di sini"", ""Gasss banget kak! Langsung aja cek info & pre-ordernya di sini ya"", ""Gasabar buktiin sendiri yaa Siap-siap buat""]",False,5,1069,9,False,17
google/gemma-3-4b-it,sophistication,competence,hybrid_early,0.7,Meticulous hand embroideries and modest layered silhouette from presents the epitome of understated elegance,"“Akhirnya, detail jahitan tangan yang sempurna dan siluet berlapis yang sederhana menyajikan keanggunan yang tak terucapkan.”",False,4674,4200131,42,"[""did you know that Telkom Indonesia provides equal opportunities for all its digital talents to empower themselves and continuously develop their skills for innovation? Well Kak Dyah will take you along for a day to follow her activities. Follow her journey in"", ""Turn your walls into a symphony of sight and sound. A masterpiece for your space Samsung Music Frame blends art and audio seamlessly just as Putu Reza puts it: Fancy classy elegant. More:"", ""We apologize for the inconvenience experienced by the Customer. Please provide detailed information about the problem experienced via DM. Tks ^Groho"", ""Arghie nailed every shot with Edge & Salomon shoes. Just 5.8mm sleek stylish effortless. RT & reply Aku juga mau Edge yang styled with Salomon shoes kalau kamu mau punya. Beli di & dapatkan hadiah eksklusif SALOMON"", ""Finally it s time to UNPACK Kepoin momen hands-on Samsung Galaxy Z Fold7 terbaru yang buat hidup makin produktif Ayo join yang udah cobain keseruan Galaxy Z Fold7 dengan reply fitur terbaru yang kamu suka dari""]",False,5,1986,29,False,125
google/gemma-3-4b-it,excitement,competence,hybrid_early,0.7,Hai Kak maaf banget ya Kak sudah bikin Kamu engga nyaman . Coba dibantu lampirkan nomor order dan detail kendalanya kepada kami via DM ya Kak. Terima kasih ^ ibl,"Hai Kak, maafkan ya Kak atas ketidaknyamanannya. Mohon bantu lampirkan nomor pesanan dan detail kendala kepada kami via DM ya Kak. Terima kasih banyak~ Ibl.",False,2934,4200132,42,"[""Selamat pagi Kak. Mohon maaf atas ketidaknyamanannya. Kendala yang disampaikan melalui DM telah kami respons ya. Trims."", ""Hai kak Okelaah sebelumnya kami mohon maaf atas ketidaknyamanannya ya. Untuk hal ini akan kami bantu lebih lanjut melalui DM. Mohon cek DM dari mimin ya kak."", ""Selamat malam Kak. Mohon maaf atas ketidaknyamanannya. Guna pengecekan laporan yang Kakak sampaikan silakan infokan via DM: Nama Custome: Nomor Handphone Customer KAIPay : Email : Mohon dapat disertakan foto KTP dan akun Kaspro yang Kakak miliki. Railmin imbau untuk selalu"", ""Hai Sobat BRI. Mohon maaf atas kendala transaksi transfer yang dialami. Terkait kendala kami sudah respons pesan melalui DM. Silakan melakukan pengecekan ya. Tks~Belin"", ""Hai Sobat BRI mohon maaf atas ketidaknyamanannya. Terkait pesan yang disampaikan sudah kami respons melalui DM. Silakan melakukan pengecekan ya. Informasi lainnya seputar BRI dapat hubungi Sabrina WhatsApp 0812 1214 017 atau akun resmi media sosial BRI yang terverifikasi.""]",False,5,2010,42,False,156
google/gemma-3-4b-it,sincerity,competence,hybrid_early,0.7,Hai Bapak/Ibu saat ini DANCOW FortiGro bubuk rasa stawberry sudah tidak diproduksi kembali ya. Namun saat ini tersedia DANCOW FortiGro Strawberry dengan kemasan UHT yang siap minum,"Turut prihatin atas kendala yang dialami. Saat ini tidak terdapat produk DANCOW FortiGro rasa strawberry yang diproduksi kembali. Namun, tersedia DANCOW FortiGro Strawberry dengan kemasan UHT yang siap minum. Mohon kesediaan Bapak/Ibu untuk mengirimkan gambar atau capture terkait kendalanya melalui DM resmi Twitter yang bercentang emas agar dapat kami bantu cek. Tks^Clara",False,6029,4200133,42,"[""Turut prihatin atas kendala yang dialami. Saat ini tidak terdapat informasi kendala. Mohon kesediaan Bapak/Ibu Pelanggan untuk mengirimkan gambar atau capture terkait kendalanya melalui DM resmi Twitter yang bercentang emas agar dapat kami bantu cek. Tks^Clara"", ""Mohon maaf atas ketidaknyamanan yang Bapak alami. Saat ini sudah kembali normal ya dapat kami sarankan untuk mencoba secara berkala ya. Tks ^Groho"", ""Mohon maaf atas ketidaknyamanannya Bapak . Dikhawatirkan sedang dalam antrean ya namun mention yang Bapak sampaikan menjadi masukan bagi kami untuk terus memperbaiki dan memberikan layanan prima untuk kepuasan Nasabah. :) Tks^Feya"", ""Mohon maaf atas ketidaknyamanan yang Bapak alami. Saat ini tidak ada informasi kendala. Namun untuk konfirmasi lebih lanjut dapat kami sarankan menghubungi langsung layanan merchant 1500788 atau melalui aplikasi haloBCA pada fitur Call (tanpa pulsa). Tks ^Yena"", ""Turut prihatin atas kendala yang dialami. Saat ini tidak ada informasi kendala. Mohon kesediaan Ibu dapat pastikan jaringan dalam keadaan stabil dan login kembali secara berkala menggunakan browser yang berbeda komputer atau laptop lainnya.""]",False,5,2177,89,False,374
google/gemma-3-4b-it,ruggedness,competence,hybrid_early,0.7,Arek-arek Suroboyo sekarang bisa melakukan pembelian langsung di dan dapatkan diskon,"“Halo, Sahabat Surabaya! Sekarang bisa langsung melakukan pembelian dan dapatkan diskon menarik.”",False,5955,4200134,42,"[""Melalui program Mudik Hepi Telkomsel Poin Telkom Indonesia memberangkatkan total 2.187 pemudik diantaranya pelanggan UMKM sales force dan masyarakat umum melalui 35 bus dan 3 kapal laut dengan berbagai tujuan."", ""Hai Sobat BRI tidak ada ya. Kami informasikan saat ini tersedia untuk KPR umum ya. Tidak perlu khawatir. Saat ini tersedia promo eksklusif untuk pembelian rumah baru melalui KPR BRI di developer rekanan dengan bunga mulai dari 1 50% fixed selama 1 tahun dan uang muka mulai 0%"", ""Hai Sobat BRI terima kasih atas ketertarikannya terhadap program BRI. Kami sampaikan promo Beli Tiket Kapal Makin Praktis di BRImo untuk mendapatkan Cashback Spesial hingga 50% (maksimal Rp500.000) dengan kuota 50 transaksi per hari selama periode promo berlaku ya. Periode"", ""Dengan senang hati apabila membutuhkan informasi terkait produk BRI dapat menghubungi kami kembali. Sehat dan sukses selalu. Dapatkan informasi terbaru seputar layanan dan promo BRI di Sabrina WhatsApp 0812 1214 017. Tks~Celine"", ""Silakan menghubungi pihak asuransi BRI Life sesuai informasi yang disampaikan pada pesan sebelumnya agar hal tersebut dapat ditindaklanjuti ya. Dapatkan informasi terbaru seputar layanan dan promo BRI di Sabrina WhatsApp 0812 1214 017. Tks~Celine""]",False,5,2176,21,False,97
google/gemma-3-4b-it,sincerity,competence,hybrid_early,0.7,Mau bikin McDonald s di rumah? Bisa banget! Mulai 25 Juli waktunya wujudkan restoran impianmu lewat koleksi mainan Happy Meal Little McDonald s! Susun burger grill playplace dan semua bagiannya sesuai imajinasi kamu!,"“Bikin McDonald’s di rumah? Bisa kok! Mulai 25 Juli, wujudkan restoran impianmu bareng koleksi mainan Happy Meal Little McDonald’s! Susun burger grill, playplace, dan semua bagiannya sesuai imajinasi kamu!”",False,1615,4200135,42,"[""Siapa bilang camilan sehat nggak bisa tembus luar negeri? Bareng BRI Casa Grata berhasil ekspor perdana ke Singapura dengan produk camilan bebas pengawet bebas MSG dan pastinya gluten-free & vegan! Sekarang camilan sehat ala Casa Grata rutin dikirim ke luar negeri dan"", ""Safari Ramadan BUMN 2023: Telkom Bagikan 1000 Paket Sembako Murah di Tanjung"", ""gimana puasanya sampai hari ini? Sambil menunggu waktu berbuka yuk! Kita berbagi pengetahuan tentang bagaimana cara ngembangin bisnis!"", ""Selamat malam Kak. Apabila ingin pesan makan dan minum pada saat perjalanan Kereta Api bisa melalui menu Railfood via aplikasi Access by KAI atau Website Nantinya menu yang dipesan akan diantar oleh Prama/Prami ke tempat duduk sesuai kode booking tiket."", ""Selamat malam Kak dan mohon maaf baru terbalaskan karena padatnya antrean interaksi. Jika melakukan pemesanan makanan secara online via Railfood atau website maka nantinya petugas Prama/Prami akan mengantarkannya langsung ke tempat duduk penumpang ya.""]",False,5,2059,59,False,206
google/gemma-3-4b-it,sophistication,competence,hybrid_early,0.7,Palm Court has expanded with double the fun with the introduction of Orchid Court. Please come and join with us!,"""We're delighted to announce the expansion of Palm Court with the addition of Orchid Court! We invite you to join us and enjoy the double the fun!""",False,4266,4200136,42,"[""Good afternoon Sir. Please check the DM from Railmin. Railmin urges you to always be careful of fraudulent accounts on behalf of KAI. Currently all KAI121 social media accounts have been verified. Please ignore if there is a reply from an account that does not have a gold tick"", ""We are happy to check the DM that Mr./Mrs. Customer sent and make sure to interact with the official account that has a gold tick. Tks ^Zaydee"", ""We're happy to reply to the DM Mr./Mrs. Customer sent. Please be sure to contact the official account with the gold checkmark. Tks^Sukma"", ""Sorry for the inconvenience Mr/Mrs. Customer. If you are still having problems please send us a response of the image display via DM so that we can inform you according to your needs. :) Tks ^Heybi"", ""We apologize for the inconvenience experienced by the Customer. Please provide detailed information about the problem experienced via DM. Tks ^Groho""]",False,5,1873,33,False,147
google/gemma-3-4b-it,ruggedness,competence,hybrid_early,0.7,semoga lekas pulih kak,Semoga lekas beres Kak.,False,5613,4200137,42,"[""Terima kasih kembali Kak sehat selalu ya."", ""Siap Kak on check"", ""Selamat pagi Kak. DM Kakak telah dibalas ya. Trims."", ""Baik Kak on check"", ""Selamat pagi Kak. Mohon cek DM ya Kak. Trims.""]",False,5,1054,9,False,23
google/gemma-3-4b-it,sincerity,competence,hybrid_early,0.7,Halo kak merchandise eksklusif akan diberikan sesuai ketersediaan di masing-masing restoran yaa Nantikan untuk merchandise eksklusif terbaru pada 19 Juli yaa!,"“Hai Sobat! Jangan khawatir, merchandise eksklusif akan segera hadir sesuai ketersediaan di restoran-restoran ya. Nantikan juga peluncuran merchandise terbaru pada 19 Juli mendatang! Tks~Aril”",False,1770,4200138,42,"[""Selamat sore dan mohon maaf Kakak. Untuk pembelian tiket dengan tarif promonya hanya dapat dilakukan di Booth Venue KAI Expo 2025 tanggal 2 & 3 Agustus 2025 di Assembly Hall - Jakarta Convention Center (JCC) ya. Railmin imbau untuk selalu hati-hati ya terhadap akun penipuan"", ""Selamat siang Kak. Saat ini berlaku promo diskon transportasi kereta api tahun 2025 sebesar 30% untuk KA kelas Ekonomi. Promo tersebut berlaku pada perjalanan dan pemesanan tanggal 5 Juni-31 Juli 2025 ya. Namun tarif promo tidak dapat digabungkan dengan diskon lainnya ya."", ""Hai Sobat BRI tidak perlu khawatir. Guna tindak lanjut kami sudah mengirimkan pesan melalui DM. Silakan dilakukan pengecekan ya. Dapatkan informasi terbaru seputar layanan dan promo BRI di Sabrina WhatsApp 0812 1214 017. Tks~Aril"", ""Selamat pagi Kak. Jika yang dimaksud promo kemerdekaan 17 Agustus 2025 hingga saat ini belum tersedia informasinya. Silakan Kakak bisa cek berkala dan pantau terus postingan media sosial Railmin untuk info updatenya ya. Railmin imbau untuk selalu hati-hati ya terhadap akun"", ""Hai Sobat BRI tidak perlu khawatir. Pesan yang dikirimkan melalui DM akan segera kami respons. Mohon kesediaannya menunggu ya. Dapatkan informasi terbaru seputar layanan dan promo BRI di Sabrina WhatsApp 0812 1214 017. Tks~Enzy""]",False,5,2294,49,False,192
google/gemma-3-4b-it,excitement,competence,hybrid_early,0.7,Di Tokyo gak? Temu-temu kak,Ikut Kak?,False,2527,4200139,42,"[""Jemput sekarang kak!! Biar -nya resmi jadi milikmu"", ""Siap Kak on check"", ""Baik Kak on check"", ""Tunggu tanggal mainnya ya Kak bakal ada kejutan yang bikin wow"", ""Ikutan ga Kak?""]",False,5,1048,5,False,9
google/gemma-3-4b-it,sophistication,competence,hybrid_early,0.7,A celebration of traditional & timeless elegance. Introducing a modern silhouette & a new take on SAPTO DJOJOKARTIKO heritage codes. The iconic Janggan jacket is reimagined in delicate embroidered organza detailed with crimson Rikmadara appliqu,"“Merayakan keanggunan tradisional & tak lekang oleh waktu. Perkenalkan siluet modern & interpretasi baru kode warisan SAPTO DJOJOKARTIKO. Jaket Janggan ikonik dikontekstualisasikan dalam organza renda yang halus, dihiasi dengan aplikasi Rikmadara merah menyala.”",False,4584,4200140,42,"[""We are happy to check the DM that Mr./Mrs. Customer sent and make sure to interact with the official account that has a gold tick. Tks ^Zaydee"", ""Selamat siang Kak. Layanan Luxury Lounge di Stasiun Cirebon bisa digunakan oleh penumpang KA Brawijaya Priority mulai dari 1 jam sebelum jadwal keberangkatan sesuai dengan boarding pass/tiket. Railmin imbau untuk selalu hati-hati ya terhadap akun penipuan yang mengatasnamakan"", ""Arghie nailed every shot with Edge & Salomon shoes. Just 5.8mm sleek stylish effortless. RT & reply Aku juga mau Edge yang styled with Salomon shoes kalau kamu mau punya. Beli di & dapatkan hadiah eksklusif SALOMON"", ""Akan berlangsung di Nusa Dua Bali pada 5-8 September 2023 BATIC 2023 akan menghadirkan industry leaders and estemeed experts nasional maupun internasional."", ""Turn your walls into a symphony of sight and sound. A masterpiece for your space Samsung Music Frame blends art and audio seamlessly just as Putu Reza puts it: Fancy classy elegant. More:""]",False,5,2079,67,False,262
google/gemma-3-4b-it,sophistication,competence,hybrid_early,0.7,Dari semua jenis Vespa yang mengandung unsur heritage era mana sih yang paling lo suka bro?,"“Wah, dari sekian banyak model Vespa bernuansa klasik, mana yang paling memikat, bro?”",False,4130,4200141,42,"[""Selamat sore Kak. KA Gajahwong kelas Ekonomi saat ini masih menggunakan rangkaian Premium Stainless Steel dan belum New Generation. Railmin lampirkan rangkaian yang digunakan ya. Railmin imbau untuk selalu hati-hati ya terhadap akun penipuan yang mengatasnamakan KAI. Saat ini"", ""apa salah satu tradisi yang paling menyenangkan saat Lebaran? Betul mudik jawabannya."", ""Di balik setiap karya seni ada dedikasi dan cinta yang mendalam. Bagi sebagian orang budaya adalah warisan tapi bagi yang lain budaya adalah kehidupan itu sendiri. Ketika tradisi bertemu kreativitas lahirlah peluang baru yang tak hanya menjaga sejarah tetapi juga"", ""Selamat siang Kak. Perjalanan KA Bangunkarta kelas Ekonomi saat ini menggunakan rangkaian Premium modifikasi belum new generation. Tempat duduk yang saling berhadapan hanya di nomor 10-11 (A-B) dan 12-13 (C-D). Berikut Railmin lampirkan gambar kursinya. Railmin imbau untuk"", ""Apakah Sobat sudah memperhatikan copyright dalam karya yang dibuat?""]",False,5,1916,24,False,86
google/gemma-3-4b-it,sophistication,competence,hybrid_early,0.7,Hai Bestie bisa menghubungi kami via DM untuk informasi lebih lanjutnya yaa (PY),"Hai Bestie, untuk informasi lebih lanjut silakan hubungi kami via DM ya.",False,3572,4200142,42,"[""Baik kak perihal kendala tersebut akan kami bantu lebih lanjut melalui DM silakan cek DM kakak ya."", ""Hai kak Ajiwar sebelumnya kami mohon maaf atas ketidaknyamanannya ya. Untuk hal ini akan kami bantu lebih lanjut melalui DM. Mohon cek DM dari mimin ya kak."", ""Halo kak Wiw sebelumnya kami mohon maaf sekali atas ketidaknyamanan yang terjadi ya. Perihal kendala tersebut akan kami bantu lebih lanjut melalui DM silakan cek DM kakak ya."", ""Hai kak Okelaah sebelumnya kami mohon maaf atas ketidaknyamanannya ya. Untuk hal ini akan kami bantu lebih lanjut melalui DM. Mohon cek DM dari mimin ya kak."", ""Selamat malam Kak. Mengenai pengajuan kerja sama atau sponsor yang melibatkan PT KAI silakan dapat mengirimkan ke alamat email esd.id ya. Informasi lanjutnya akan disampaikan melalui alamat email tersebut ya Kak. Railmin imbau untuk selalu hati-hati ya terhadap akun""]",False,5,1792,18,False,72
google/gemma-3-4b-it,sincerity,competence,hybrid_early,0.7,besok bisa cubaaa di CFD depan chase plaza yaw,"“Besok bisa dicoba di CFD depan Chase Plaza, nih?”",False,2085,4200143,42,"[""Selamat sore Kak. Layanan parkir di Stasiun Jatinegara saat ini dikelola oleh pihak ketiga ya Kak. Mengenai pendaftaran member parkir di Stasiun Jatinegara silakan konfirmasi kepada petugas. Railmin imbau untuk selalu hati-hati ya terhadap akun penipuan yang mengatasnamakan"", ""Selamat pagi Kak. Mohon maaf saat ini KA Fajar Utama YK masih menggunakan rangkaian Ekonomi Premium dengan kursi berhadapan nomor 10-11 (hanya di tengah). Sedangkan KA Fajar Utama Solo saat ini sudah menggunakan rangkaian Ekonomi New Generation Stainless Steel."", ""gimana puasanya sampai hari ini? Sambil menunggu waktu berbuka yuk! Kita berbagi pengetahuan tentang bagaimana cara ngembangin bisnis!"", ""Bagaimana puasa Sobat hari ini? Jangan lupa untuk main tebak kata setiap sore selama bulan Ramadan hanya di akun . Karena ada saldo LinkAja sebesar 100 Ribu untuk 5 Sobat yang beruntung. Hari ini kata apa yg ada dalam gambar di atas?"", ""Woahhh udah ngincer yang warna apa nih?""]",False,5,1848,15,False,50
google/gemma-3-4b-it,sophistication,competence,hybrid_early,0.7,Udah tanggal segini masih bingung mau kasih hadiah apa ke org tersayang?,“Udah lama banget ya? Bingung mau beliin sesuatu buat orang kesayangan?”,False,3584,4200144,42,"[""Kami juga nggak sabar buat kasih kejutan terbaiknya Catat tanggalnya ya~"", ""Yesss sama-sama gak sabar nunggu kejutan dari Galaxy Foldable terbaru nih Yuk catat tanggalnya 9 Juli 2025 pukul 21.00 WIB dan daftar di"", ""Tunggu tanggal mainnya ya Kak bakal ada kejutan yang bikin wow"", ""Semoga salah satu acara Rangkaian HUT 129 BRI ini bisa jadi alasan hubungan kamu makin baik ya... Tiketnya masih tersedia nih! Yuk ajak temen pacar keluarga buat nonton bareng BRI Mini Soccer Clash tanggal 24 November 2024 di Mahaka Square! Ada Duta Thariq Aaliyah"", ""Kira-kira kejutan apa ya yang bakal dibawa? Jangan lupa standby 9 Juli jam 21.00 WIB ya Kak!""]",False,5,1559,21,False,72
google/gemma-3-4b-it,sincerity,competence,hybrid_early,0.7,Ada yang udah punya threads belum nih? Pssst Wardah lagi bagi-bagi giveaway lho!,"“Ada yang udah ikutan giveaway Wardah belum nih? Buruan daftar, siapa tau beruntung!”",False,2312,4200145,42,"[""Yuk daftar dulu biar dapetin promo eksklusifnya di sini Biar gak ketinggalan kejutan di tanggal 9 Juli nanti"", ""Mau tahu gimana caranya? Simak postingan Digimin dan ikutan challenge-nya ya! Semoga beruntung."", ""Tunggu tanggal mainnya ya Kak bakal ada kejutan yang bikin wow"", ""Wajib banget ditunggu! Jangan lupa daftar dulu biar dapet promo eksklusifnya"", ""Stay tuned supaya kamu gak ketinggalan info pemenang terpilihnya ya""]",False,5,1349,24,False,85
google/gemma-3-4b-it,ruggedness,competence,hybrid_early,0.7,Dibuat dari material Premium Duratex Polyester 100% memberikan keunggulan terhadap air serta angin meski digunakan saat hujan lebat bagian dalam terbuat dari material Polar memberikan kehangatan saat digunakan.,"“Terbuat dari material Premium Duratex Polyester 100% yang unggul terhadap air dan angin, bahkan saat hujan deras; bagian dalamnya dilapisi material Polar yang memberikan kehangatan optimal.”",False,5592,4200146,42,"[""Green data center menggunakan desain dan teknologi yang tidak membutuhkan pendinginan terlalu banyak jadi mampu menghemat energi dan air. Green data center juga memicu lahirnya teknologi baru yang efisien yang akhirnya mempengaruhi industri lain untuk juga bisa menghemat"", ""Seluruh data center bersertifikat green building dekarbonisasi untuk mengurangi gas rumah kaca air menara pendingin dengan konservasi air implementasi IOT untuk sistem kelistrikan efisien dan penggunaan DRUP untuk menggantikan penggunaan baterai."", ""Untuk memastikan kualitas infratruktur dan layanan prima menjelang Hari Raya Idulfitri 1445H Telkom Indonesia telah mempersiapkan penguatan kapasitas optimasi jaringan penyiapan personel dan membentuk khusus Posko TelkomGroup SIAGA RAFI 2024."", ""Aktivitas dalam Program Green Data Center: - Solusi pendinginan yang efisien dan inovatif untuk mengoptimalkan penggunaan energi dan meminimalisir konsumsi air Pengelolaan energi berbasis AI untuk meningkatkan efisiensi energi dan mengurangi biaya operasional - Penerapan"", ""Acara ini digelar dalam bentuk diskusi panel yang membahas mengenai potensi dan proteksi data center ekonomi digital dunia dan sustainability bersama para ahli di tingkat global.""]",False,5,2279,43,False,191
google/gemma-3-4b-it,sincerity,competence,hybrid_early,0.7,udah pada main ke colorfit studio belum beauties?,"""Udah pada cobain Colorfit Studio belum, girls? Asik kan? Dijamin badan jadi fit dan glowing!""",False,2177,4200147,42,"[""Spill warna mana yang paling kece buat kamu?"", ""Woahhh udah ngincer yang warna apa nih?"", ""Sobat BRI kamu udah nonton Episode terakhir Web Series Pakai Hati Reborn belum? Gimana nih perasaannya Tim Bianca dan Tim Raina? Buat yang belum nonton yuk langsung aja nonton Web Series Pakai Hati Reborn hanya di Youtube Channel Bank BRI atau langsung klik link di"", ""Ready to explore the new & ? Yuk datang ke ! Selain banyak activity seru di sini kamu juga bisa ikut pre-order Galaxy Z Fold7 & Z Flip7 dengan total benefit hingga Rp9 4 juta! Sampai ketemu di sana"", ""Hi kak Ivr Halo Kak maaf banget kalau penyimpanannya terasa cepat penuh Beberapa fitur sistem dan aplikasi bawaan memang memakan cukup banyak ruang. Kakak bisa coba optimalkan penyimpanan dengan hapus cache dan nonaktifkan aplikasi yang jarang dipakai. Kalau masih terasa""]",False,5,1726,27,False,94
google/gemma-3-4b-it,ruggedness,competence,hybrid_early,0.7,grand opening mulai jam 18.30 bro,“Grand opening dimulai pukul 18.30 ya bro!”,False,5974,4200148,42,"[""Selamat malam Kak. Untuk loket pembatalan tiket KA di Stasiun Siantar beroperasi pukul 06.00-11.00 dan 13.00-15.35 WIB ya. Railmin imbau untuk selalu hati-hati ya terhadap akun penipuan yang mengatasnamakan KAI. Saat ini seluruh akun media sosial KAI121 sudah terverifikasi."", ""Jawaban Sobat ditunggu sampai 8 Desember 2022 jam 23.59 WIB. Semoga beruntung ya!"", ""Daftar sekarang di dan catat tanggalnya 9 Juli 2025 pukul 21.00 WIB"", ""Jumlah aktif pengguna internet juga berubah di jam 02.00 hingga 04.00 dini hari dan jam 19.00 sampai 20.00."", ""Mohon maaf Kak Stasiun Banyuwangi Kota tidak tersedia loket pembatalan. Sebagai alternatif silakan bisa melakukan pembatalan di Stasiun Ketapang yang buka mulai jam 04.30-19.30 WIB di loket 1 ya. Trims.""]",False,5,1625,16,False,43
google/gemma-3-4b-it,excitement,competence,hybrid_early,0.7,Halo bagaimana puasa hari pertama? Semoga ibadahmu selalu diberikan keberkahan dan kelancaran ya!,"“Hai Kak, semoga puasa hari pertama lancar selalu ya. Semoga ibadahmu berikan keberkahan dan kelancaran.”",False,2641,4200149,42,"[""Terus semangat ya Kak hari baik itu pasti datang. Selamat pagi juga!"", ""Hai Sobat BRI. Tidak perlu khawatir. Kami informasikan poin akan terbentuk kurang lebih H+7 setelah transaksi berhasil. Infomasi terkait kriteria pembukan poin silakan akses link Sobat BRI jangan pernah memberitahukan data pribadi kepada pihak manapun"", ""Hehehe Selamat pagi dan selamat beraktivitas ya Kak. jangan lupa sarapan ya."", ""Hai Sobat BRI mohon maaf atas kendala yang dialami. Saat ini transaksi menggunakan QLola sedang dilakukan pemeliharaan sistem yang bertujuan untuk meningkatkan kualitas layanan. Kami sarankan Sobat BRI dapat melakukan transaksi melalui kantor Cabang BRI terdekat atau kantor awal"", ""Hai Sobat BRI sudah ya. Pendaftaran program Mudik Gratis Bersama BRI 2025 sudah dibuka pada tanggal 7 Maret 2025. Mohon maaf atas ketidaknyamanan yang dialami. Sesuai informasi yang disampaikan melalui website saat ini kuota Mudik Gratis Bersama BRI 2025""]",False,5,1886,30,False,105
google/gemma-3-4b-it,excitement,competence,hybrid_early,0.7,Kalau cuman punya uang 50ribu untuk beli kira-kira kamu bakal pilih menu apa aja nih? Reply di sini ya!,"""Yuk, jawab di sini! Kira-kira kalau budget 50 ribu, kamu bakal order makanan apa aja nih? Share pilihan kamu!""",False,2662,4200150,42,"[""Jangan lupa daftar ya di biar dapet benefit-nya!"", ""Menangkan digital money senilai 300K! Bisa tebak berapa kali bertanya ke Gemini di episode ini? Tonton episodenya di lalu reply jawaban kamu sebanyak-banyaknya dengan hashtag Series dan !"", ""LIKE post ini kalau kamu mau banget ! Ayo ikutan pre-order untuk dapatkan total benefit up to Rp3.9 jt. Promo berlaku hingga 31 Juli 2025. Pesan sekarang:"", ""Saatnya ikutan lagi nih ! Ada hadiah saldo LinkAja senilai total Rp500.000 untuk 5 orang pemenang. Jawab pertanyaan minggu ini: Coba tebak kira-kira siapa anak usaha Telkom Indonesia yang memiliki logo di atas? Jangan lupa ikuti persyaratan"", ""saatnya nih! Ada hadiah saldo LinkAja senilai total Rp500.000 untuk 5 orang pemenang loh! Caranya: 1. Ikuti akun resmi di Instagram Facebook X Threads dan TikTok 2. Share Teknologi AI favorit di kolom""]",False,5,1793,31,False,111
google/gemma-3-4b-it,ruggedness,competence,hybrid_early,0.7,Tak ada yang lebih menenangkan selain menghabiskan waktu di alam terbuka. Mendirikan tenda yang kokoh di antara deretan pohon yang menjulang tinggi dengan suara angin semilir dan kicauan burung yang menambah suasana makin syahdu menciptakan simfoni alami yang menyejukkan hati.,"“Kayaknya asyik banget deh kalau bisa nyantai di alam terbuka. Bayangin aja, pasang tenda di tengah pepohonan gede-gede, dengerin suara angin dan burungnya, pasti bikin hati tenang banget!”",False,5504,4200151,42,"[""Kalau lagi susah banget cari inspirasi coba deh cari sudut-sudut yang menawarkan suasana tenang dan terang karena cahaya matahari."", ""Percaya nggak? Paparan sinar matahari dapat merangsang otak untuk memproduksi serotonin apa itu serotonin? Serotonin adalah zat yang berperan untuk mengatur perasaan hati."", ""Dengerin musik bisa bikin mood bagus bantu kurangin stres dan bikin otak lebih kreatif loh!"", ""Jadi nggak cuma seru-seruan dengan hiburan terbaik tapi kamu juga bisa ikut berperan dalam mendukung UMKM lokal!"", ""Jadi makin lengkap karena cuacanya mendukung ya Kak.""]",False,5,1694,50,False,189
google/gemma-3-4b-it,sincerity,competence,hybrid_early,0.7,Hi kami mohon maaf atas ketidaknyamanannya. Agar dapat kami bantu teruskan kepada tim kami bolehkah kami meminta nomor telepon yang dapat dihubungi melalui DM? :),"Mohon maaf atas ketidaknyamanannya. Untuk membantu teruskan ke tim kami, boleh kami minta nomor telepon yang bisa dihubungi via DM? :))",False,6114,4200152,42,"[""Mohon maaf atas ketidaknyamanan yang dialami. Terkait kendala yang disampaikan kami sudah kirimkan pesan melalui DM. Silakan melakukan pengecekan. Tks~Ebrin"", ""Hai Sobat BRI mohon maaf atas ketidaknyamanan yang dialami. Guna tindak lanjut kami sudah kirimkan pesan melalui DM. Silakan melakukan pengecekan. (1)"", ""Mohon maaf atas ketidaknyamanan dan kendala yang dialami. Jika yang dimaksud sudah dibantu pembuatan laporan melalui Halo BCA mohon kesediaan Bapak dapat menginformasikan kepada kami nomor laporan dari Halo BCA tersebut agar dapat kami bantu cek. Tks ^Nica"", ""Mohon maaf atas ketidaknyamanannya. Terkait kendala yang dialami kami telah merespons pesan melalui DM. Silakan melakukan pengecekan. Tks~Beni"", ""Mohon maaf atas ketidaknyamanannya. Saat ini Sobat BRI terhubung dengan layanan sosial media BRI. Terkait kendala yang dialami kami sudah merespons pesan melalui DM. Mohon kesediaan melakukan pengecekan. Tks~Nadim""]",False,5,1940,34,False,135
google/gemma-3-4b-it,excitement,competence,hybrid_early,0.7,Hai Kak mohon maaf ya Kak. Untuk melakukan pengecekan silakan informasikan nomor order yang kamu keluhkan melalui DM. Terima kasih -DW,"Hai Kak, mohon maaf atas ketidaknyamanannya. Terkait keluhan Anda, silakan informasikan nomor order yang kamu sebutkan melalui DM. Terima kasih -DW",False,2963,4200153,42,"[""Hai Sobat BRI mohon maaf atas ketidaknyamanannya. Terkait kendala transaksi yang dialami sudah kami respons melalui DM. Mohon kesediaannya melakukan pengecekan ya. Dapatkan informasi terbaru seputar layanan dan promo BRI di Sabrina WhatsApp 0812 1214 017. Tks~Yuka"", ""Hai Sobat BRI. Mohon maaf atas ketidaknyamanan yang dialami. Terkait kendala kami sudah merespons pesan melalui DM. Silakan melakukan pengecekan ya. Tks~Hera"", ""Hai Sobat BRI mohon maaf atas ketidaknyamanannya. Terkait kendala yang dialami kami sudah mengirimkan pesan melalui DM. Silakan melakukan pengecekan ya. Informasi lainnya seputar BRI dapat hubungi Sabrina WhatsApp 0812 1214 017 atau akun resmi media sosial BRI yang"", ""Hai Sobat BRI mohon maaf atas ketidaknyamanan yang dialami. Terkait kendala yang dialami sudah kami respons melalui DM. Mohon kesediaannya melakukan pengecekan ya. Dapatkan informasi terbaru seputar layanan dan promo BRI di Sabrina WhatsApp 0812 1214 017. Tks~Fuma"", ""Hai Sobat BRI. Mohon maaf atas kendala yang dialami. Terkait pertanyaan yang disampaikan kami sudah mengirimkan pesan melalui DM. Silakan melakukan pengecekan ya. Tks~Erza""]",False,5,2116,38,False,147
google/gemma-3-4b-it,sophistication,competence,hybrid_early,0.7,All steel all style since 1946! The Vespa steel monocoque unibody has been the heart of every ride. Beautiful Strong durable and iconic. True Italian design & craftmanship.,Hai Sobat BRI! Terima kasih atas ketertarikannya terhadap produk BRI. All steel all style sejak 1946! Vespa steel monocoque unibody telah menjadi jantung dari setiap perjalanan. Indah kuat tahan lama dan ikonik. Desain & keahlian Italia sejati!,False,3782,4200154,42,"[""Hai Sobat BRI. Terima kasih atas ketertarikannya terhadap program BRI. Sobat BRI dapat menikmati promo berbagai jenis sneakers pada event BRImo x USS yang berlangsung pada tanggal 25-27 Oktober 2024 di Hall A-B Jakarta Convention Center (JCC) ya. Sobat BRI jangan pernah"", ""Hai Sobat BRI. Terima kasih atas ketertarikannya terhadap program BRI. Sobat BRI dapat menikmati promo berbagai jenis sneakers pada event BRImo x USS yang berlangsung pada tanggal 25-27 Oktober 2024 di Hall A-B Jakarta Convention Center (JCC) Jakarta Pusat. Sobat BRI jangan"", ""Selamat pagi Kak. Perjalanan rute Solo Balapan-Surabaya Gubeng saat ini tersedia dengan KA Bima dan Argo Semeru yang sudah menggunakan rangkaian Eksekutif New Generation Stainless Steel. Kemudian tersedia juga dengan KA Ranggajati kelas Ekonomi yang saat ini sudah menggunakan"", ""Selamat sore Kak. Saat ini perjalanan KA Gumarang kelas Ekonomi telah menggunakan rangkaian tipe New Generation Stainless Steel dengan formasi tempat duduk 2-2. Berikut contoh gambar kursi yang digunakan ya. Railmin imbau untuk selalu hati-hati ya terhadap akun penipuan yang"", ""MENANGKAN 1 SET EXCLUSIVE BOX Galaxy S25 Edge x SukkhaCitta! RT like dan drop jawaban kamu di reply! Galaxy S25 Edge slim & durable ini paling cocok buat ? Sertakan: Edge Periode sampai 21 Juni 2025""]",False,5,2326,62,False,244
google/gemma-3-4b-it,ruggedness,competence,hybrid_early,0.7,Sebuah teman untuk setiap langkah Brothers. FL Jacket bisa langsung didapatkan di,"Sangat disayangkan atas kendala yang Anda alami. Pastikan bahwa FL Jacket dapat langsung didapatkan di setiap langkah, Brothers.",False,5933,4200155,42,"[""Untuk pembelian melalui e-Commerce Bapak/Ibu harus membayar biaya administrasi kartu Flazz sebesar Rp33.000 - untuk kartu Flazz reguler dan Rp55.000 - untuk kartu Flazz edisi khusus harga kartu Flazz tersebut termasuk saldo Rp1 -."", ""Untuk memiliki kartu Flazz maka Bapak/Ibu Pelanggan harus membayar biaya administrasi kartu Flazz. Biaya administrasi kartu Flazz adalah sebesar Rp30.000 - untuk kartu Flazz reguler dan Rp50.000 - untuk kartu Flazz edisi khusus."", ""Jika masih kendala maka silakan restart perangkat dan mencoba berkala. Untuk penggunaan mohon kesediaan Bapak/Ibu dapat memperhatikan beberapa hal sebagai berikut: - Nomor SIM card provider yang digunakan adalah nomor GSM yang telah diregistrasikan fasilitas"", ""Sebelumnya sangat disayangkan sekali atas kendala yang Ibu alami. Pastikan bahwa kartu Flazz yang digunakan terus tertempel selama proses top up sedang berlangsung dan apabila terkendala maka Ibu dapat menunggu maksimal 1 hari kerja untuk proses pengembalian"", ""Sangat disayangkan atas kendala yang Bapak alami. Untuk kendala tersebut mohon pastikan Bapak memiliki ketersediaan pulsa jaringan internet dari nomor HP yang terdaftar m-BCA dan terpasang di slot SIM 1 serta tidak menggunakan jaringan WiFi. Tks ^Dares""]",False,5,2168,27,False,128
google/gemma-3-4b-it,ruggedness,competence,hybrid_early,0.7,Terima kasih Made Rita Kusuma & Rajiah Sallsabillah! Kalian sudah memberikan yang terbaik BANGGA banget tim Merah Putih putri bisa mewarnai di,"Selamat kepada Made Rita Kusuma & Rajiah Sallsabillah! Kalian telah berjuang dengan gagah! Tim Merah Putih putri sungguh luar biasa, kami bangga sekali kalian bisa berpartisipasi!",False,5077,4200156,42,"[""Selamat kepada & yang telah terpilih menjadi pemenang giveaway Terima kasih sudah mengikuti keseruan giveaway . Congrats guys!"", ""Selamat kepada para pemenang Digital Photo Competition! Terima kasih untuk seluruh peserta yang telah berpartisipasi dan menuangkan kreativitasnya. Kalian semua luar biasa! Buat yang belum berkesempatan menang jangan patah semangat! Masih banyak keseruan dan quiz lainnya dari"", ""Terima kasih banyak atas apresiasinya ya. Railmin turut senang apabila Kakak puas dengan pelayanan yang diberikan. Semoga PT KAI dapat terus bisa memberikan pelayanan yang terbaik. Sehat selalu ya Kak."", ""Selamat ulang tahun Bapak ! Terima kasih atas dedikasi dan inspirasi yang telah Bapak berikan bagi bangsa ini. Semoga selalu diberkahi kesehatan dan kekuatan dalam memimpin Indonesia menuju masa depan yang lebih gemilang. Teruslah menjadi teladan bagi kami semua."", ""Hai Sobat BRI terima kasih kepada seluruh masyarakat Indonesia khususnya nasabah BRI atas kepercayaan yang diberikan. Kami juga mengapresiasi setinggi-tingginya kepada Insan BRILiaN atas dedikasi dan kontribusi terbaik yang telah diberikan. BRI berhasil perkuat fundamental""]",False,5,2142,45,False,179
google/gemma-3-4b-it,excitement,competence,hybrid_early,0.7,Nahan lapar mah gampang hausnya aja sih kadang,"“Nahan lapar itu gampang, tapi nahan hawa dingin kadang bikin susah juga, lho!”",False,3346,4200157,42,"[""Mulai dari menahan lapar dan haus dihadapkan dengan kondisi malas dan mengantuk belum lagi kalau ada rekan kerja yang membuat kesabaran kita diuji."", ""Digimin punya beberapa tips nih buat mengatasi rasa malas! - Beli minuman favorit kamu. Kalau Digimin sih biasanya kopi item biar kantuk hilang dan semangat memulai hari. - Stretching tipis-tipis. Bantu tubuh siap hadapi tumpukan kerjaan yang udah nunggu di meja. - Dengerin"", ""gimana puasanya sampai hari ini? Sambil menunggu waktu berbuka yuk! Kita berbagi pengetahuan tentang bagaimana cara ngembangin bisnis!"", ""puasa bukan alasan untuk malas gerak! Dengan olahraga yang tepat tubuh tetap sehat dan bertenaga selama Ramadan. Yuk simak tipsnya!"", ""Makin gak sabar yaa buat""]",False,5,1617,23,False,79
google/gemma-3-4b-it,sincerity,competence,hybrid_early,0.7,Hi Bapak terima kasih atas ketertarikannya terhadap Nestl Indonesia. Silakan dapat mengirimkan proposal lengkap dengan file Word/PDF ukuran 3MB melalui email nestle.indonesia.nestle.com ya,"Hai Bapak, terima kasih atas ketertarikannya pada Nestl Indonesia. Silakan kirimkan proposal lengkap beserta file Word/PDF berukuran 3MB melalui email ke nestle.indonesia.nestle.com ya.",False,6028,4200158,42,"[""Selamat malam Kak. Mengenai pengajuan kerja sama atau sponsor yang melibatkan PT KAI silakan dapat mengirimkan ke alamat email esd.id ya. Informasi lanjutnya akan disampaikan melalui alamat email tersebut ya Kak. Railmin imbau untuk selalu hati-hati ya terhadap akun"", ""Dengan senang hati kami informasikan kembali. Kami sudah mengirimkan informasi terkait laporan tersebut melalui DM mohon kesediaan Bapak/Ibu Pelanggan dapat mengikuti informasi melalui DM tersebut ya. :) Tks ^Wiki"", ""Hai Sobat BRI. Terima kasih atas kepercayaannya pada Bank BRI. Tentu bisa ya. Silakan mengajukan proposal sponsorship dengan mengirimkan email ke corsec.co.id atau mengirimkan proposal ke PT BRI Divisi Sekretariat Perusahaan Gedung BRI 1 lantai 20 Jln. Jendral Sudirman No."", ""Hai Sobat BRI terima kasih atas kepercayaannya terhadap BRI. Kami sampaikan untuk pengajuan kerja sama atau sponsorship silakan mengirimkan proposal ke PT BRI Divisi Sekretariat Perusahaan Gedung BRI 1 lantai 20 Jln. Jendral Sudirman No. 44-46 Jakarta 10210 atau email ke alamat"", ""Hai Sobat BRI. Mohon maaf atas ketidaknyamanan yang dialami. Apabila sudah berhasil melakukan penukaran poin dengan voucher maka detail pemesanan akan dikirimkan ke alamat email terdaftar dan riwayat pemesanan pada akun BRIpoin yang dimiliki. Pastikan email yang terdaftar dalam""]",False,5,2357,48,False,185
google/gemma-3-4b-it,excitement,competence,hybrid_early,0.7,Hai kak kamu bisa informasikan detailnya ke Pusat Bantuan yang ada di apps Tokopedia dan mohon untuk cek secara berkala ya kak,"Hai kak, mohon informasikan detailnya ke Pusat Bantuan di aplikasi Tokopedia ya. Silakan lakukan pengecekan secara berkala. Tks~Celine",False,3258,4200159,42,"[""Hai Sobat BRI mohon maaf atas kendala yang dialami. Terkait kendala yang disampaikan kami sudah respons melalui DM. Silakan lakukan pengecekan. Dapatkan informasi terbaru seputar layanan dan promo BRI di Sabrina WhatsApp 0812 1214 017. Tks~Celine"", ""Hai Sobat BRI mohon maaf atas ketidaknyamanannya. Terkait kendala yang dialami sudah kami respons melalui DM. Silakan melakukan pengecekan ya. Dapatkan informasi terbaru seputar layanan dan promo BRI di Sabrina WhatsApp 0812 1214 017. Tks~Erza"", ""Hi kak mimin mohon maaf atas ketidaknyamanan yang dialami terkait update software Kak Untuk solusi terbaik Kakak bisa konsultasi langsung ke tim kami lewat nomor bebas pulsa 0-800-112-888 atau via live chat di aplikasi Samsung Members ya."", ""Hai Sobat BRI mohon maaf atas ketidaknyamanannya. Terkait kendala transaksi transfer yang dialami kami sudah respons melalui DM. Silakan lakukan pengecekan ya. Dapatkan informasi terbaru seputar layanan dan promo BRI di Sabrina WhatsApp 0812 1214 017. Tks~Yuka"", ""Hai Sobat BRI mohon maaf atas kendala yang dialami. Terkait kendala yang disampaikan kami sudah respons melalui DM. Silakan melakukan pengecekan. Informasi lainnya seputar BRI dapat hubungi Sabrina WhatsApp 0812 1214 017 atau akun resmi media sosial BRI yang terverifikasi.""]",False,5,2247,35,False,134
google/gemma-3-4b-it,sophistication,competence,hybrid_early,0.7,: ayo pada diajakin test ride min sayang bgt ke nggak cb stand vespa,"“Ayo pada diajakin test ride nih, sayang banget ke nggak cb stand Vespa!”",False,4164,4200160,42,"[""siapa yang masih belum bisa move on dari serunya ? Sama nih Digimin juga. Terima kasih banyak atas antusiasme dan partisipasinya ya. Sampai jumpa lagi di event berikutnya!"", ""Selamat kepada para pemenang Quiz Tes Pengetahuan Telkom! Terima kasih sudah ikut seru-seruan bareng Digimin! Yuk cek siapa aja yang beruntung kali ini!"", ""Mohon dipastikan kembali apabila masih belum menerima kode OTP maka Bapak/Ibu dapat melakukan permohonan pengiriman ulang kembali. :) Tks ^Heybi"", ""Jika kartu ATM GPN maka belum bisa ya Bapak . :) Tks^Javi"", ""Siap Kak Railmin tunggu kehadirannya pada Event KAI Expo 2025 di JICC yaa""]",False,5,1526,21,False,73
google/gemma-3-4b-it,sophistication,competence,hybrid_early,0.7,Fash Spread December '12 Perjamuan Sekawan Spektrum Anggun,"""Fash Spread Desember 2012: Perjamuan Sekawan Spektrum Anggun""",False,4879,4200161,42,"[""Safari Ramadan BUMN 2023: Telkom Bagikan 1000 Paket Sembako Murah di Tanjung"", ""Selamat pagi Kak. Mohon maaf saat ini KA Fajar Utama YK masih menggunakan rangkaian Ekonomi Premium dengan kursi berhadapan nomor 10-11 (hanya di tengah). Sedangkan KA Fajar Utama Solo saat ini sudah menggunakan rangkaian Ekonomi New Generation Stainless Steel."", ""5-6 September 2023 Hotel Mulia Jakarta Livestreaming: Youtube"", ""Selamat malam Kak. Saat ini terdapat Smart Locker di Stasiun Semarang Tawang Bank Jateng dengan operasional 24 jam. Berikut tarifnya: Ukuran Loker M: Rp10.000 (1 jam) Rp20.000 (2 jam) Rp60.000 (12 jam) dan Rp80.000 (24 jam). Ukuran Loker L: Rp15.000 (1 jam) Rp30.000 (2"", ""Hai Sobat BRI perihal apa yang dapat kami bantu terkait produk dan layanan BRI? Informasi lainnya dapat hubungi Contact BRI 1500017 Sabrina WhatsApp 0812 1214 017 atau akun resmi media sosial BRI yang terverifikasi. Tks~Dena""]",False,5,1810,23,False,62
google/gemma-3-4b-it,sophistication,competence,hybrid_early,0.7,Pevita believes her fashion sense evolved continuously throughout her journey growing up as an actress. She acknowledges that many of her styles significantly changed during that period as she was frequently exposed to photoshoots and many prominent individuals,"Pevita mengungkapkan keyakinannya bahwa selera fashion-nya terus berkembang seiring perjalanan tumbuh sebagai seorang aktris. Ia mengakui bahwa banyak gaya yang ia gunakan mengalami perubahan signifikan selama masa-masa itu, terutama karena sering terpapar sesi pemotretan dan berinteraksi dengan banyak tokoh ternama.",False,4670,4200162,42,"[""in line with the spirit of digital transformation Telkom Indonesia continues to offer various competency development programs to empower all employees in reaching their full potential. These initiatives are designed to support career growth that"", ""The AIPF will focus on three issues of common interest: Green Infrastructure and Resilient Supply Chain Inclusive Digital Transformation and Creative Economy"", ""did you know that Telkom Indonesia provides equal opportunities for all its digital talents to empower themselves and continuously develop their skills for innovation? Well Kak Dyah will take you along for a day to follow her activities. Follow her journey in"", ""apa yang terlihat seperti sebuah langkah kecil ternyata bisa membawa dampak besar bagi bumi dan masa depan lho! what may seem like a small step can actually make a big impact on our planet and"", ""Selamat siang Kak. Layanan operasional Customer Service Stasiun Surabaya Pasar Turi pukul 05.00-21.00 WIB ya. Railmin imbau untuk selalu hati-hati ya terhadap akun penipuan yang mengatasnamakan KAI. Saat ini seluruh akun media sosial KAI121 sudah terverifikasi. Mohon abaikan""]",False,5,2250,63,False,318
google/gemma-3-4b-it,ruggedness,competence,hybrid_early,0.7,Waduhh.. tapi aman kan kak?,“Waduh... tapi bener gak yaa?”,False,5199,4200163,42,"[""Perjalanannya jadi makin nyaman kan Kak?"", ""Aduh gimana ya?"", ""Hmm.... bener gak yaa"", ""Selamat pagi Kak. Mohon cek DM ya Kak. Trims."", ""Selamat sore Kak. Mohon cek DM ya Kak. Trims.""]",False,5,1054,14,False,30
google/gemma-3-4b-it,ruggedness,competence,hybrid_early,0.7,Thank you for having us ! It is trully an honor to be the part of the event :),"""Thank you for inviting us! It's a real pleasure to be a part of this event. :) Tks ^Groho""",False,5850,4200164,42,"[""Sorry for the inconvenience Mr/Mrs. Customer. If you are still having problems please send us a response of the image display via DM so that we can inform you according to your needs. :) Tks ^Heybi"", ""We're happy to reply to the DM Mr./Mrs. Customer sent. Please be sure to contact the official account with the gold checkmark. Tks^Sukma"", ""We are happy to check the DM that Mr./Mrs. Customer sent and make sure to interact with the official account that has a gold tick. Tks ^Zaydee"", ""Hi we have responded to your message via DM. Please check it. Thanks~Agny"", ""We apologize for the inconvenience experienced by the Customer. Please provide detailed information about the problem experienced via DM. Tks ^Groho""]",False,5,1635,30,False,91
google/gemma-3-4b-it,ruggedness,competence,hybrid_early,0.7,EIGER MENS X EVOTECH XC CNVRT PANTS Ritsleting di atas lutut untuk jadi celana panjang/pendek Teknologi Tropic Repellent yg mampu menahan hujan berintensitas ringan/cipratan air Terbuat dari material nilon elastis yg dilengkapi articulated knees,"“EIGER MENS X EVOTECH XC CNVRT Pants, ritsleting di atas lutut jadi celana panjang/pendek! Teknologi Tropic Repellent tahan hujan ringan/cipratan air. Material nilon elastis dengan lutut terartikulasi, nyaman dipakai!”",False,5309,4200165,42,"[""Olahraga hits makin rame dari padel sampai pilates. Seru sih... tapi jangan sampai lupa cek kondisi dompet juga Yuk ikuti tren dengan bijak. Sehat fisik sehat finansial."", ""menyambut perayaan Idulfitri 1446H Telkom Indonesia kembali menyelenggarakan Program Mudik Gratis bagi pelanggan lewat Mudik Bersama BUMN dan Mudik Hepi Telkomsel Poin."", ""Selamat pagi Kak. Mohon maaf bukti fotokopi/foto KTP tidak bisa digunakan untuk proses boarding ya. Silakan dapat menunjukkan bukti identitas asli berfoto dan berlaku sesuai info Railmin sebelumnya. Railmin imbau untuk selalu hati-hati ya terhadap akun penipuan yang"", ""Untuk memastikan kualitas infratruktur dan layanan prima menjelang Hari Raya Idulfitri 1445H Telkom Indonesia telah mempersiapkan penguatan kapasitas optimasi jaringan penyiapan personel dan membentuk khusus Posko TelkomGroup SIAGA RAFI 2024."", ""Pesan akan segera kami respons melalui DM. Silakan melakukan pengecekan. Dapatkan informasi terbaru seputar layanan dan promo BRI di Sabrina WhatsApp 0812 1214 017. Tks~Bowo""]",False,5,2124,61,False,218
google/gemma-3-4b-it,excitement,competence,hybrid_early,0.7,Melangkah pasti menyambut hari Senin~,Yuk mulai hari Senin ini dengan langkah pasti!,False,2602,4200166,42,"[""Semangat menyambut hari Senin ya !"", ""Selamat hari Senin ! Semangat nggak hari ini?"", ""Yups awali hari dengan semangat"", ""Yuk kita jalani hari Senin ini dengan semangat siap menerima setiap tantangan dan membawa inovasi dalam pekerjaan kita."", ""Nggak terasa udah Senin lagi ! Setelah long weekend semangat kembali menyambut hari baru!""]",False,5,1216,11,False,46
google/gemma-3-4b-it,sophistication,competence,hybrid_early,0.7,Buat pipi & freckle : ESQA - Goddess Eyeshadow Palette -Esqa Peach Make Over - Blush On Single - 03 Promiscious Peach tavi - Color Play Face Tint Blush - Love Bites,"Hai Sobat! Mau glowing kayak bintang? ✨ Coba deh, ESQA Goddess Eyeshadow Palette, Blush On Single 03 Promiscious Peach tavi, Color Play Face Tint Blush Love Bites! Dijamin bikin pipi & freckle makin cakep! 😉",False,3641,4200167,42,"[""Hai Sobat BRI onyourr_em. Mohon maaf atas ketidaknyamanan yang dialami. Kami informasikan BRI menyediakan layanan weekend banking pada hari Sabtu dan Minggu. Guna pengecekan kantor BRI layanan weekend banking yang beroperasional dapat diinformasikan lokasi saat ini. Tks~Lula"", ""Hai Sobat BRI. Mohon maaf atas kendala registrasi BRImo yang dialami. Apabila tampil keterangan SIXR kami sarankan mengulangi kembali beberapa saat ke depan atau pada hari berikutnya dan pastikan jaringan data internet yang digunakan dalam kondisi stabil serta menggunakan"", ""Kamu percaya adanya Monday Blues nggak sih? Ternyata Banyak orang ngalamin mood turun setiap Senin pagi ini yang sering disebut Monday blues. Biasanya sih karena harus balik ke rutinitas kerja setelah santai di akhir pekan."", ""Jadi bukan alasan buat mager ya. Ini strategi biar Senin nggak langsung bikin burnout. Bikin kepala lebih ringan hati lebih tenang. Kadang slow start itu justru strategi."", ""Yuk countdown bareng sampai tanggal 9 Juli nanti!""]",False,5,2014,56,False,207
google/gemma-3-4b-it,excitement,competence,hybrid_early,0.7,Hahaha gercep kan,"Hahaha, gercep kan ya?",False,3451,4200168,42,"[""Siap Kak on check"", ""Aduh gimana ya?"", ""Baik Kak on check"", ""Eitsss stay tuned aja ya di nanti"", ""Betul Kak tapi di hari sebelumnya ya""]",False,5,996,9,False,22
google/gemma-3-4b-it,sincerity,competence,hybrid_early,0.7,kamu tim cushion diset pake powder atau engga beauties? apa pertimbangannya?,"""Kak, kamu tim cushion diset pake powder atau nggak, beauties? Pertimbangannya apa nih?""",True,2135,4200169,42,"[""Masa sih Kak relate banget ya Kak ."", ""Mohon cek DM kamu kembali ya Kak Marie"", ""Hi kak Irenne kami mohon maaf sekali atas ketidaknyamnaan yang terjadi ya. Perihal transaksi yang kamu lakukan di Shopee mohon konsultasikan lebih lanjut dengan tim CS di ya untuk dibantu pengecekannya"", ""Hi kak milkteethe kamu bisa cek secara berkala untuk mengetahui apakah update-nya sudah tersedia di unitmu. Tapi kamu tidak perlu khawatir karena nanti akan muncul notifikasi pemberitahuan secara otomatis ya."", ""Spill warna mana yang paling kece buat kamu?""]",False,5,1463,23,False,88
google/gemma-3-4b-it,sophistication,competence,hybrid_early,0.7,Happy ! Escape away to today! Choose from our selection of rejuvenating treatments here:,Get ready to be amazed by the incredible experiences awaiting you! ✨,False,4380,4200170,42,"[""We are happy to check the DM that Mr./Mrs. Customer sent and make sure to interact with the official account that has a gold tick. Tks ^Zaydee"", ""Sorry for the inconvenience Mr/Mrs. Customer. If you are still having problems please send us a response of the image display via DM so that we can inform you according to your needs. :) Tks ^Heybi"", ""Get ready to be blown away by the next-level tech coming your way!"", ""in line with the spirit of digital transformation Telkom Indonesia continues to offer various competency development programs to empower all employees in reaching their full potential. These initiatives are designed to support career growth that"", ""Stay tuned and be ready for""]",False,5,1626,14,False,68
google/gemma-3-4b-it,sincerity,competence,hybrid_early,0.7,Terima kasih atas apresiasi yang kamu berikan. Semoga pelayanan kami dapat lebih baik lagi yaah,"Hai, terima kasih banyak atas apresiasinya. Railmin turut senang mendengar bahwa pelayanan kami cukup memuaskan. Semoga dapat menjadi motivasi bagi kami untuk terus memberikan yang terbaik ya!",False,1783,4200171,42,"[""Terima kasih banyak atas apresiasinya ya. Railmin turut senang apabila Kakak puas dengan pelayanan yang diberikan. Semoga PT KAI dapat terus bisa memberikan pelayanan yang terbaik. Sehat selalu ya Kak."", ""Selamat malam Kak. Terima kasih Railmin ucapkan atas apresiasi yang Kakak sampaikan. Railmin turut senang mendengar bahwa Kakak merasa cukup puas dengan pelayanan yang diberikan. Kiranya hal ini menjadi semangat/motivasi bagi KAI untuk terus memberikan pelayanan yang konsisten"", ""Hai Sobat BRI. Mohon maaf atas ketidaknyamanannya dan terima kasih atas perhatian yang diberikan. Hal ini akan menjadi masukan kami ke depannya dalam meningkatkan pelayanan kepada Nasabah setia BRI. (1)"", ""Mohon maaf atas ketidaknyamanan yang dialami. Guna tindak lanjut kami sudah mengirimkan pesan melalui DM. Silakan lakukan pengecekan ya. Dapatkan informasi terbaru seputar layanan dan promo BRI di Sabrina WhatsApp 0812 1214 017. Tks~Helma"", ""Hai Sobat BRI mohon maaf atas ketidaknyamanan yang dialami. BRI senantiasa menerima saran dari nasabah untuk meningkatkan kualitas layanan terhadap nasabah. Guna tindak lanjut kami sudah kirimkan pesan melalui DM. Silakan melakukan pengecekan. Dapatkan informasi terbaru""]",False,5,2144,38,False,192
google/gemma-3-4b-it,sincerity,competence,hybrid_early,0.7,Hi Mohon info no telp ke sahabat.nestle.nestle.com atau hubungi Nestl Consumer Services 08001821028. Tim kami akan membantu.,Hai Sobat BRI. Mohon info no telp ke sahabat.nestle.nestle.com atau hubungi Nestl Consumer Services 08001821028. Tim kami akan membantu. Tks~Amel,False,6148,4200172,42,"[""Terkait kendala yang dialami kami sudah mengirimkan pesan melalui DM. Silakan lakukan pengecekan. Informasi lainnya seputar BRI dapat menghubungi Sabrina WhatsApp 0812 1214 017 atau akun resmi media sosial BRI yang terverifikasi. Tks~Oman"", ""Hai Sobat BRI kami sudah merespons pesan yang dikirimkan melalui DM. Silakan lakukan pengecekan ya. Informasi lainnya seputar BRI dapat hubungi Sabrina WhatsApp 0812 1214 017 atau akun resmi media sosial BRI yang terverifikasi. Tks~Arin"", ""Hai Sobat BRI pesan telah kami respons melalui DM. Silakan melakukan pengecekan ya. Informasi lainnya seputar BRI dapat hubungi Sabrina WhatsApp 0812 1214 017 atau akun resmi media sosial BRI yang terverifikasi. Tks~Agny"", ""Hai Sobat BRI pesan akan segera kami respons melalui DM. Silakan melakukan pengecekan ya. Informasi lainnya seputar BRI dapat hubungi Sabrina WhatsApp 0812 1214 017 atau akun resmi media sosial BRI yang terverifikasi. Tks~Amel"", ""Hai Sobat BRI. Pesan yang dikirimkan melalui DM sudah kami respons. Mohon lakukan pengecekan ya. Informasi lainnya seputar BRI dapat hubungi Sabrina WhatsApp 0812 1214 017 atau akun resmi media sosial BRI yang terverifikasi. Tks~Fira""]",False,5,2138,52,False,145
google/gemma-3-4b-it,excitement,competence,hybrid_early,0.7,CONGRATULATIONS JUNGKOOK!!! Proud of u!!!,Selamat buat Jungkook!!! Bangga banget sama kamu!!!,False,3496,4200173,42,"[""Mohon Ibu dapat mengikuti informasi sebelumnya ya. Tks ^Groho"", ""Lets go koleksi stampelnya"", ""Yuk! Kunjungi untuk informasi lebih lanjut!"", ""Selamat kepada para pemenang Quiz Tes Pengetahuan Telkom! Terima kasih sudah ikut seru-seruan bareng Digimin! Yuk cek siapa aja yang beruntung kali ini!"", ""Tunggu apa lagi Sobat Tekom! Dapatkan tiketmu sekarang di dan bersiaplah menikmati konser tanpa ribet!""]",False,5,1286,11,False,51
google/gemma-3-4b-it,excitement,competence,hybrid_early,0.7,Hai kak coba kamu kirim nomor invoicenya di komen ini dan jangan lupa mention ya kak,"Selamat pagi Kak. Mohon kirim nomor invoice di komen ini ya Kak, jangan lupa mention ya Kak.",False,3415,4200174,42,"[""Selamat malam Kak. Silakan cek DM ya Kak. Trims."", ""Selamat sore Kak. Mohon cek DM ya Kak. Trims."", ""Done Kak silakan cek lagi pesan pada DM ya"", ""Siap sudah dibalas DM nya ya Kak. Trims."", ""Selamat pagi Kak. Mohon cek DM ya Kak. Trims.""]",False,5,1165,24,False,92
google/gemma-3-4b-it,sincerity,competence,hybrid_early,0.7,Kini peluang ngumpulin Koin Prosperitree semakin besar nih McD ers! Mulai 31 Januari struk pembelian Ayam McD Black Pepper upgrade Curly Fries medium/ large Curly Fries Large A la Carte atau Beef Prosperity Burger bisa digunakan untuk jadi tiket bermain Prosperitree,"Selamat siang! Kini kesempatan menukarkan Koin Prosperitree semakin melimpah nih, McD ers! Mulai 31 Januari, struk pembelian Ayam McD Black Pepper upgrade Curly Fries medium/ large Curly Fries Large A la Carte atau Beef Prosperity Burger bisa digunakan untuk menjadi tiket bermain Prosperitree.",False,1669,4200175,42,"[""Saat ini tidak ada informasi kendala menghubungi layanan Halo BCA dikhawatirkan sedang dalam antrean. Silakan Bapak/Ibu Pelanggan coba secara berkala. Tks^Grett"", ""Selamat malam Kak dan mohon maaf baru terbalaskan karena padatnya antrean interaksi. Jika melakukan pemesanan makanan secara online via Railfood atau website maka nantinya petugas Prama/Prami akan mengantarkannya langsung ke tempat duduk penumpang ya."", ""Selamat siang dan mohon maaf baru terbalaskan karena padatnya antrean interaksi. Pemesanan tiket KA Antarkota via aplikasi Access by KAI maksimal 4 penumpang dalam 1 kode booking ya. Bila ingin perjalanan lebih dari 4 orang dapat melakukan pemesanan kembali dengan kode booking"", ""Mohon maaf atas ketidaknyamanan yang Bapak/Ibu Pelanggan alami. Dikhawatirkan layanan sedang dalam antrean ya kami sarankan Bapak/Ibu dapat coba berkala. Tks ^Hadid"", ""Selamat malam Kak. Apabila ingin pesan makan dan minum pada saat perjalanan Kereta Api bisa melalui menu Railfood via aplikasi Access by KAI atau Website Nantinya menu yang dipesan akan diantar oleh Prama/Prami ke tempat duduk sesuai kode booking tiket.""]",False,5,2232,65,False,294
google/gemma-3-4b-it,sincerity,competence,hybrid_early,0.7,HEHEHE ayo coba!,"Yuk, coba!",False,2192,4200176,42,"[""Penasaran kan? Yuk! Kunjungi"", ""Penasaran? Coba klik link berikut"", ""ini dia para pemenang tanggal 22 Mei 2025. Selamat ya!"", ""Selamat siang Sobat! Siap ikutan kuis hari ini?"", ""ini dia para pemenang tanggal 24 April 2025. Selamat ya!""]",False,5,1095,6,False,10
google/gemma-3-4b-it,sincerity,competence,hybrid_early,0.7,gapapa kok nabung buat beli hp aja duluuu,"""Gue gak maksa, tapi nabung buat HP juga asik kok, kan?""",False,2093,4200177,42,"[""Jangan lupa daftar ya di biar dapet benefit-nya!"", ""Yuk daftar dulu di biar gak ketinggalan promonya"", ""Samaan aja duluuu punya -nya"", ""Kalau udah nemu smartphone impian saatnya wujudkan dong Langsung mampir ke dan PO di tempat biar makin dapet banyak benefit"", ""Punya rumah sebelum umur 30? Mungkin banget kok! Kuncinya ada di strategi yang tepat mulai dari perencanaan keuangan sampai memanfaatkan peluang yang ada. Nih simak langkah-langkah praktis supaya mimpi punya rumah jadi nyata tanpa stres.""]",False,5,1386,21,False,56
google/gemma-3-4b-it,excitement,competence,hybrid_early,0.7,Sekarang Toped arahin dulu ke Tokopedia Happy Hour pasti diskon 30% mulai dari jam 19.00 WIB kak,"“Yuk, cek Tokopedia sekarang! Ada diskon 30% waktu Happy Hour mulai jam 19.00 WIB, Kak!”",False,3486,4200178,42,"[""LIKE post ini kalau kamu mau banget ! Ayo ikutan pre-order untuk dapatkan total benefit up to Rp3.9 jt. Promo berlaku hingga 31 Juli 2025. Pesan sekarang:"", ""Selamat malam Kak. Untuk loket pembatalan tiket KA di Stasiun Siantar beroperasi pukul 06.00-11.00 dan 13.00-15.35 WIB ya. Railmin imbau untuk selalu hati-hati ya terhadap akun penipuan yang mengatasnamakan KAI. Saat ini seluruh akun media sosial KAI121 sudah terverifikasi."", ""Daftar sekarang di dan catat tanggalnya 9 Juli 2025 pukul 21.00 WIB"", ""Selamat pagi dan mohon maaf Kak. Saldo KAIPay akan muncul di Access by KAI dalam waktu 15 menit setelah Top Up. Silakan Kakak dapat melakukan refresh pada halaman beranda Access by KAI terlebih dahulu dengan cara menarik layar dari atas ke bawah. Selain itu bisa juga pengecekan"", ""Hai Sobat BRI. Tidak perlu khawatir. Ikuti terus time line resmi BRI untuk mengetahui kantor BRI yang beroperasi pada tanggal 28 Januari 2025 ya. Dapat disampaikan transaksi apa yang ingin dilakukan saat mengunjungi kantor BRI? Tks~Hera""]",False,5,1966,32,False,88
google/gemma-3-4b-it,sincerity,competence,hybrid_early,0.7,omg imuttt,OMG gemes bangettt!,False,2163,4200179,42,"[""Gak kedip mimin ngeliatnyaaa"", ""Aduh gimana ya?"", ""Hahaha aduh lucu yah kak kesan perjalanannya"", ""Cluenya: makin bikin cepet punya Tungguin bareng mimin ya!"", ""Gas kalo kata mimin mah Kak .""]",False,5,1045,7,False,19
google/gemma-3-4b-it,sincerity,competence,hybrid_early,0.7,Mimin setuju sih Kak apalagi kalau minum Iced Coffee. Bisa ademin mood dan kembaliin semangat kamu lagi! Yuk cobain,"""Wah, Mimin juga setuju! Iced Coffee itu penyelamat banget buat nambahin semangat. Asyiiik, yuk dicobain!""",False,1868,4200180,42,"[""Digimin punya beberapa tips nih buat mengatasi rasa malas! - Beli minuman favorit kamu. Kalau Digimin sih biasanya kopi item biar kantuk hilang dan semangat memulai hari. - Stretching tipis-tipis. Bantu tubuh siap hadapi tumpukan kerjaan yang udah nunggu di meja. - Dengerin"", ""Kalau Digimin sih yang penting ada kopi! Asal ada kopi pasti mood langsung jadi bagus."", ""Jadi bukan alasan buat mager ya. Ini strategi biar Senin nggak langsung bikin burnout. Bikin kepala lebih ringan hati lebih tenang. Kadang slow start itu justru strategi."", ""Hehehe Selamat pagi dan selamat beraktivitas ya Kak. jangan lupa sarapan ya."", ""Jadi makin lengkap karena cuacanya mendukung ya Kak.""]",False,5,1634,33,False,106
google/gemma-3-4b-it,sophistication,competence,hybrid_early,0.7,Good morning! Stop by for some freshly baked pastries and a nice cup of coffee to start off your day!,“Selamat pagi Kak! Datang ya ke sini untuk menikmati kue-kue segar dan secangkir kopi nikmat untuk memulai harimu!”,False,4317,4200181,42,"[""Hehehe Selamat pagi dan selamat beraktivitas ya Kak. jangan lupa sarapan ya."", ""We are happy to check the DM that Mr./Mrs. Customer sent and make sure to interact with the official account that has a gold tick. Tks ^Zaydee"", ""Stay tuned and be ready for"", ""Selamat malam Kak. Untuk loket pembatalan tiket KA di Stasiun Siantar beroperasi pukul 06.00-11.00 dan 13.00-15.35 WIB ya. Railmin imbau untuk selalu hati-hati ya terhadap akun penipuan yang mengatasnamakan KAI. Saat ini seluruh akun media sosial KAI121 sudah terverifikasi."", ""Pastikan asupan nutrisi cukup saat sahur dan berbuka agar energi tetap terjaga. Kurangi durasi olahraga jika diperlukan misalnya dari 1 jam menjadi 30 menit.""]",False,5,1638,31,False,115
google/gemma-3-4b-it,sincerity,competence,hybrid_early,0.7,SAMAAA MINTY JUGA BELUM KAYA,Makin gak sabar yaa buat... sama MINTY juga belum kaya.,False,2191,4200182,42,"[""Gak tua kok Kak usia dan pengalamannya aja yang bertambah hihi"", ""Samaan aja duluuu punya -nya"", ""Hehe terima kasih loh Kak Lala."", ""Sama-sama Kak sehat selalu ya"", ""Makin gak sabar yaa buat""]",False,5,1063,18,False,55
google/gemma-3-4b-it,ruggedness,competence,hybrid_early,0.7,I posted 4 photos on Facebook in the album Pasele,"""Foto-foto keren udah gue posting di album Pasele, tunggu update-nya!""",False,5822,4200183,42,"[""Stay tuned and get ready for the big reveal at"", ""Siap bareng buat unfold momen epic selanjutnya?"", ""5-6 September 2023 Hotel Mulia Jakarta Livestreaming: Youtube"", ""1. Formulir Permohonan bertanda tangan pemohon 2. Foto selfie dengan identitas pemohon 3. Foto identitas pemohon"", ""Stay tuned and be ready for""]",False,5,1203,20,False,70
google/gemma-3-4b-it,excitement,competence,hybrid_early,0.7,Yakali ga di gas yakan,Yakali nggak di gas yakan?,False,3560,4200184,42,"[""Gas kalo kata mimin mah Kak ."", ""Gasss langsung di sini kak"", ""Gaskeun Kak! impian udah nunggu di sini"", "": Nggak pakai pedal gas kayak di mobil ternyata alat ini yang membantu Masinis untuk mengatur kecepatan kereta api. Kita kenalan yuk sama Throttle lokomotif. Tuas ini punya peran"", ""Bener gak yaa~ Pantengin terus ya di tanggal 09.07.2025""]",False,5,1210,9,False,26
google/gemma-3-4b-it,sophistication,competence,hybrid_early,0.7,Dari ketiga the new Vespa S 125 i-get yang ada di foto ini warna apa yang paling kamu suka?,"“Dari ketiga Vespa S 125 i-get yang ada di gambar ini, warna mana yang paling kamu idam-idamkan? Sertakan: Detail Model sampai 21 Juni 2025!”",False,3892,4200185,42,"[""MENANGKAN 1 SET EXCLUSIVE BOX Galaxy S25 Edge x SukkhaCitta! RT like dan drop jawaban kamu di reply! Galaxy S25 Edge slim & durable ini paling cocok buat ? Sertakan: Edge Periode sampai 21 Juni 2025"", ""SELAMAT! kamu dapat 1 unit Galaxy M15 karena sudah berbagi cerita versimu! Langsung DM kami ya Masih ada 2 unit Galaxy M15 dan Grand Prize Galaxy TERBARU menunggu! Ikutan sekarang"", ""Selamat pagi Kak. Perjalanan KA Cikuray saat ini menggunakan rangkaian campuran Ekonomi Premium dan Premium Modifikasi. Untuk kursi Ekonomi Premium kursi yang berhadapan tersedia di nomor 11 dan 12 (AB-CD). Sementara untuk kursi Ekonomi Premium Modifikasi tempat duduk"", ""Selamat malam Kak. Perjalanan KA Cikuray saat ini menggunakan rangkaian campuran Ekonomi Premium dan Premium Modifikasi. Untuk kursi Ekonomi Premium kursi yang berhadapan tersedia di nomor 11 dan 12 (AB-CD). Sementara untuk kursi Ekonomi Premium Modifikasi tempat duduk"", ""Selamat sore Kak. Saat ini perjalanan KA Gumarang kelas Ekonomi telah menggunakan rangkaian tipe New Generation Stainless Steel dengan formasi tempat duduk 2-2. Berikut contoh gambar kursi yang digunakan ya. Railmin imbau untuk selalu hati-hati ya terhadap akun penipuan yang""]",False,5,2141,46,False,141
google/gemma-3-4b-it,ruggedness,competence,hybrid_early,0.7,Dibekali dengan satu kompartemen utama yang memiliki ruang besar serta dengan dua kompartemen tambahan yang berada di depan dan belakang memberikanmu keleluasaan dalam mengorganisir barang.,"""Dengan desain yang praktis dan beberapa ruang penyimpanan yang luas, kamu bisa mengatur barang-barangmu dengan lebih mudah.""",False,5587,4200186,42,"[""Ukuran yang compact dengan kemampuan yang lebih hadir untuk memberikan pengalaman ponsel lipat yang belum pernah ada."", ""Dengan begitu akses serta transmisi data dapat berlangsung dengan kecepatan yang lebih optimal. Apalagi IndiHome menawarkan berbagai pilihan paket yang dapat kamu pilih sesuai kebutuhan."", ""Jadi selain menawarkan paket internet ekslusif untuk UMKM Indibiz juga menawarkan berbagai macam produk digital."", ""Indibiz adalah fitur layanan yang bisa membantu bisnis UMKM jadi lebih berkembang loh ."", ""Sistem kabel ALPHA yang diharapkan siap beroperasi pada kuartal pertama tahun 2027 ini memungkinkan transmisi data yang lancar dan berkapasitas tinggi di wilayah Asia Timur dan Asia Tenggara.""]",False,5,1743,26,False,125
google/gemma-3-4b-it,excitement,competence,hybrid_early,0.7,Baru banget hidup yaaa,"Makin gak sabar yaa buat ""Baru banget hidup yaaa""",False,3366,4200187,42,"[""Hahaha bener banget! Bukan stecu lagi ini sih the real game-changer Siapin diri kamu di yaa!"", ""Samaan aja duluuu punya -nya"", ""Pastikan kamu udah daftar di ya kak!"", ""Makin gak sabar yaa buat"", ""Mohon cek DM kamu kembali ya Kak Marie""]",False,5,1101,18,False,49
google/gemma-3-4b-it,excitement,competence,hybrid_early,0.7,Menjelang weekend kerjaan justru makin numpuk? tenang aja PROMO siap nemenin kamu nyelesein sisa minggu ini kok!,"“Kerjaan numpuk pas mau weekend? Tenang aja, diskon lagi siap bantu selesin minggu ini!”",False,2694,4200188,42,"[""Nggak terasa udah Senin lagi ! Setelah long weekend semangat kembali menyambut hari baru!"", ""LIKE post ini kalau kamu mau banget ! Ayo ikutan pre-order untuk dapatkan total benefit up to Rp3.9 jt. Promo berlaku hingga 31 Juli 2025. Pesan sekarang:"", ""Yuk daftar dulu biar dapetin promo eksklusifnya di sini Biar gak ketinggalan kejutan di tanggal 9 Juli nanti"", ""Udah cek promo lengkapnya di belum nih?"", ""selama bulan Ramadan terutama menjelang Lebaran kebutuhan internet meningkat pesat! Nah pernah kepikiran nggak siapa yang memastikan jaringan tetap lancar? Yuk kita intip aktivitas Muhammad Afif Giffari Supervisor Household Operations dalam""]",False,5,1603,26,False,88
google/gemma-3-4b-it,ruggedness,competence,hybrid_early,0.7,Camp di tengah padang luas dikelilingi alam yang bikin adem jiwa. Tenda yang berdiri kokoh siap melindungi dari panas dan gerimis! Tinggal selonjor seruput kopi nikmati angin gunung yang syahdu.,"""Nah, camping di tengah hamparan luas, dikelilingi alam yang bikin hati adem tuh, seru banget ya! Tenda kuat-kuat melindungi dari panas dan gerimis, tinggal selonjor, seruput kopi, nikmatin angin gunung yang asyik!""",False,5483,4200189,42,"[""Jadi makin lengkap karena cuacanya mendukung ya Kak."", ""Kalau lagi susah banget cari inspirasi coba deh cari sudut-sudut yang menawarkan suasana tenang dan terang karena cahaya matahari."", ""siapa yang sudah siap buat pemanasan? Pendaftaran Digiland Run 2024 sudah dibuka nih! Jangan sampai kelewatan harga spesial early bird flash ya! Cek informasi selengkapnya juga di akun ."", ""2. Command+Space kombinasi untuk membuka Spotlight pencarian semua file folder aplikasi bahkan history di browser. 3. Command+M minimize aplikasi yang sedang berjalan. 4. Command+L cara paling cepat untuk memasukan pencarian."", ""Jadi nggak cuma seru-seruan dengan hiburan terbaik tapi kamu juga bisa ikut berperan dalam mendukung UMKM lokal!""]",False,5,1760,60,False,215
google/gemma-3-4b-it,sophistication,competence,hybrid_early,0.7,Terima kasih reviewnya Bestie,"""Makasi banyak buat reviewnya, Bestie!""",False,3601,4200190,42,"[""Emang & tuh cakepnya bikin susah move on ya Desainnya sleek fiturnya canggih udah kayak bestie idaman"", ""Terima kasih kembali Kak. Semoga informasinya bermanfaat ya Kak."", ""Baik Kak terima kasih kembali dan sekali lagi mohon maaf atas ketidaknyamanannya."", ""Hi kak Yaya sebelumnya kami mohon maaf atas ketidaknyamanan yang dialami ya. Perihal pembelian di Lazada mohon untuk menghubungi tim CS Samsung di Lazada untuk dibantu pengecekan lebih lanjut ya. Untuk status pengiriman hanya tim CS Samsung di Lazada yang dapat melakukan"", ""Hi kak ik sebelumnya mimin mohon maaf sekali atas kendala yang terjadi. Untuk estimasi harga perbaikannya hanya bisa ditentukan setelah pengecekan unitnya ya kak. Mohon mengunjungi Samsung Service Center terlebih dahulu""]",False,5,1626,13,False,39
google/gemma-3-4b-it,ruggedness,competence,hybrid_early,0.7,Consina Alpinis punya daya tahan air terbaik frame fiber yang kuat dan desain 2 pintu yang bikin akses makin fleksibel yang siap banget diajak tempur di segala cuaca! Ringan praktis dan nyaman buat camping solo atau bareng tim kecil!,"""Dengan desain yang tangguh dan ringan, Consina Alpinis siap menemani petualanganmu di berbagai kondisi cuaca! Frame fibernya kuat, dilengkapi 2 pintu untuk akses mudah, dan pastinya nyaman untuk camping sendiri atau bersama tim kecil.""",False,5485,4200191,42,"[""Sistem kabel ALPHA yang diharapkan siap beroperasi pada kuartal pertama tahun 2027 ini memungkinkan transmisi data yang lancar dan berkapasitas tinggi di wilayah Asia Timur dan Asia Tenggara."", ""Kalian bisa merasakan berbagai peningkatan fasilitas seperti: pintu otomatis PIDS yang informatif kabin lebih kedap dan masih banyak fasilitas yang kalian bisa rasakan. Jadi kalian udah punya tiket Kereta Api Gumarang atau Tegal Bahari nih? Coba komen di bawah ya!"", ""Siap hadapi tantangan kerja ekstrem hadir dengan baterai yang bisa diganti layar responsif meski pakai sarung tangan dan perlindungan Samsung Knox."", ""Ukuran yang compact dengan kemampuan yang lebih hadir untuk memberikan pengalaman ponsel lipat yang belum pernah ada."", ""Jadi menurut Direktur Utama Telkomsat Bapak Lukman Hakim Abd. Rauf sektor pertambangan dan maritim jadi pasar potensial karena wilayah tersebut nggak terjangkau oleh kabel serat optik.""]",False,5,1997,53,False,236
google/gemma-3-4b-it,sophistication,competence,hybrid_early,0.7,History made. Congratulations on your Grand Prix of Road America victory. 1st woman to win an INDY NXT road race.,Waktunya bersuka cita! Kisah epik tercipta. Selamat buat pemenang Grand Prix Road America – wanita pertama yang berjaya di balapan INDY NXT!,False,4945,4200192,42,"[""Dirgahayu . Semoga semakin sukses menjadi perusahaan terbaik di bidang Engineering Procurement dan Construction (EPC) dan Investasi kebanggaan negeri."", ""A new vision is coming Watch. Work. Play. In style with Vision AI & OLED. Get up to IDR 1 mio off + gifts up to IDR 3.9 mio! Reserve now:"", ""We're happy to reply to the DM Mr./Mrs. Customer sent. Please be sure to contact the official account with the gold checkmark. Tks^Sukma"", ""Think your running team is the strongest? Time to prove it. Daftarin tim lari kamu ke & compete bareng tim lain buat win the BIG PRIZES! Stay tuned di 10.07.25 the have a surprises for you. RT & reply dengan mention running"", ""DIPERPANJANG SAMPAI 2 JULI KESEMPATAN TERAKHIR buat dapetin Grand Prize Galaxy TERBARU yang akan di Unpacked 9 Juli nanti! Buruan ikutan sekarang""]",False,5,1765,36,False,140
google/gemma-3-4b-it,excitement,competence,hybrid_early,0.7,Yeaaayyy Thank you ya Beb. Semoga Kopi Kenangan selalu menjadi favorit kamu ya,"""Wah, senang dengarnya ya Bestie! Semoga Kopi Kenangan selalu jadi andalan kamu, hehe.""",False,3170,4200193,42,"[""Hai Kak Reza. Terima kasih atas feedback positifnya. Kami akan terus berupaya memberikan pelayanan terbaik untuk setiap pelanggan. Semoga pengalaman positif ini terus berlanjut di perjalanan Kakak berikutnya bersama KAI ya."", ""Hi kak Ivr Halo Kak maaf banget kalau penyimpanannya terasa cepat penuh Beberapa fitur sistem dan aplikasi bawaan memang memakan cukup banyak ruang. Kakak bisa coba optimalkan penyimpanan dengan hapus cache dan nonaktifkan aplikasi yang jarang dipakai. Kalau masih terasa"", ""Hehehe Selamat pagi dan selamat beraktivitas ya Kak. jangan lupa sarapan ya."", ""Selamat malam Kak. Terima kasih kembali Kak . Semoga promonya bermanfaat dan bikin perjalanan Kakak makin nyaman bersama KA Majapahit ya. Railmin imbau untuk selalu hati-hati ya terhadap akun penipuan yang mengatasnamakan KAI. Saat ini seluruh akun media sosial KAI121 sudah"", ""kamu paling kangen zaman yang mana? Cerita dong di kolom komentar atau reply tweet ini ya! Dari dulu hingga sekarang Telkom selalu hadir menemani perjalanan komunikasimu.""]",False,5,1953,25,False,87
google/gemma-3-4b-it,sincerity,competence,hybrid_early,0.7,Beauties ada rencana apa nih di weekend ini? Buat yang belum ada rencana yuk siap-siap untuk ke Young On Top National Conference hari Sabtu 23 Juli 2022 ini! Wardah punya 20 tiket gratis untuk kamu Simak cara dapetinnya di tweet setelah ini ya,“Hai Beauties! Ada rencana apa nih buat weekend ini? Siap-siap ya buat Young On Top National Conference hari Sabtu 23 Juli 2022 ini! Wardah punya 20 tiket gratis buat kamu! Langsung intip cara dapetin di tweet setelah ini ya!”,True,2383,4200194,42,"[""Wuihhh semangatnya nyampe sini Siap-siap dibuat terpukau sama kejutan barunya~ tanggal 09.07.2025 wajib standby ya Kak"", ""siapa yang sudah siap buat pemanasan? Pendaftaran Digiland Run 2024 sudah dibuka nih! Jangan sampai kelewatan harga spesial early bird flash ya! Cek informasi selengkapnya juga di akun ."", ""Hai Sobat BRI. Terima kasih atas antusiasmenya. Benar ya. Kami informasikan USS Jakarta akan berlangsung dan dapat dikunjungi pada tanggal 25-27 Oktober 2024 di Hall A-B Jakarta Convention Center (JCC) Jakarta Pusat ya. Sobat BRI jangan pernah memberitahukan data pribadi"", ""ini momen yang ditunggu-tunggu buat kamu yang sudah mengikuti rangkaian seri spesial di bulan Februari. Selamat untuk rf.prfrstaaa_ yang berhasil memenangkan hadiah utama: iPhone 15 Pro Max! Untuk yang belum beruntung jangan berkecil hati ya!"", ""Hai Kak River untuk estimasi pengiriman tersebut merupakan estimasi ya Kak. Jadi bisa saja sampai lebih cepat tergantung lokasi Kalau ada kendala lebih lanjut Kakak bisa langsung hubungi tim Customer Service Samsung melalui Live Chat di""]",False,5,2157,64,False,226
google/gemma-3-4b-it,sincerity,competence,hybrid_early,0.7,Hello ladies Masih ingat Wardah Cushion Giveaway kemarin? Hayo siapa yang udah nggak sabar jadi pemenangnya? Ini dia pengumuman pemenangnya Selamat kepada pemenang beruntung: Tunggu DM dari Wardah!,"""Wih, siapa nih yang udah nungguin pengumuman pemenangnya Wardah Cushion Giveaway? Yesss, selamat buat para pemenang beruntung! Tungguin DM dari Wardah yaa!""",False,2405,4200195,42,"[""sudah nggak sabar kan untuk mengetahui siapa yang terpilih sebagai pemenang-pemenang utama rangkaian spesial bulan Ramadan? Para pemenang utama yang terpilih sudah mengikuti rangkaian kuis selama 4 minggu berturut-turut dan menjawab dengan benar"", ""Yesss sama-sama gak sabar nunggu kejutan dari Galaxy Foldable terbaru nih Yuk catat tanggalnya 9 Juli 2025 pukul 21.00 WIB dan daftar di"", ""ini momen yang ditunggu-tunggu buat kamu yang sudah mengikuti rangkaian seri spesial di bulan Februari. Selamat untuk rf.prfrstaaa_ yang berhasil memenangkan hadiah utama: iPhone 15 Pro Max! Untuk yang belum beruntung jangan berkecil hati ya!"", ""ini dia para pemenang special bulan Ramadan periode 3. Selamat ya!"", ""Yuk daftar dulu biar dapetin promo eksklusifnya di sini Biar gak ketinggalan kejutan di tanggal 9 Juli nanti""]",False,5,1855,46,False,157
google/gemma-3-4b-it,ruggedness,competence,hybrid_early,0.7,Halo Eigerian Mohon maaf atas ketidaknyamanannya Terkait kendala yang kakak alami sudah kami infokan melalui DM dan akan dibantu prosesnya oleh tim CS Tokopedia kami ya kak,Hai Eigerian mohon maaf atas ketidaknyamanannya. Terkait kendala yang kakak alami sudah kami informasikan melalui DM dan akan dibantu prosesnya oleh tim CS Tokopedia kami ya kak.,False,5142,4200196,42,"[""Hai Sobat BRI mohon maaf atas ketidaknyamanannya. Terkait kendala transaksi yang dialami sudah kami respons melalui DM. Mohon kesediaannya melakukan pengecekan ya. Dapatkan informasi terbaru seputar layanan dan promo BRI di Sabrina WhatsApp 0812 1214 017. Tks~Yuka"", ""Hai Sobat BRI mohon maaf atas ketidaknyamanan yang dialami. Terkait kendala yang disampaikan kami sudah respons melalui DM. Silakan dilakukan pengecekan ya. Informasi lainnya seputar BRI dapat hubungi Sabrina WhatsApp 0812 1214 017 atau akun resmi media sosial BRI yang"", ""Hai Sobat BRI mohon maaf atas ketidaknyamanan yang dialami. Terkait kendala yang dialami sudah kami respons melalui DM. Mohon kesediaannya melakukan pengecekan ya. Dapatkan informasi terbaru seputar layanan dan promo BRI di Sabrina WhatsApp 0812 1214 017. Tks~Fuma"", ""Hai Sobat BRI mohon maaf atas ketidaknyamanan yang dialami. Terkait kendala yang dialami sudah kami respons melalui DM. Silakan melakukan pengecekan ya. Dapatkan informasi terbaru seputar layanan dan promo BRI di Sabrina WhatsApp 0812 1214 017. Tks~Celine"", ""Hai Sobat BRI mohon maaf atas ketidaknyamanannya. Terkait kendala yang dialami kami sudah mengirimkan pesan melalui DM. Silakan melakukan pengecekan ya. Informasi lainnya seputar BRI dapat hubungi Sabrina WhatsApp 0812 1214 017 atau akun resmi media sosial BRI yang""]",False,5,2350,43,False,178
google/gemma-3-4b-it,sophistication,competence,hybrid_early,0.7,What do you think of our beautiful batik scarf collections at ? We are in love with the colors!,"""Pastinya keren! Kami juga suka banget sama warna-warni batik yang indah di sini! ✨""",False,4513,4200197,42,"[""Arghie nailed every shot with Edge & Salomon shoes. Just 5.8mm sleek stylish effortless. RT & reply Aku juga mau Edge yang styled with Salomon shoes kalau kamu mau punya. Beli di & dapatkan hadiah eksklusif SALOMON"", ""We are happy to check the DM that Mr./Mrs. Customer sent and make sure to interact with the official account that has a gold tick. Tks ^Zaydee"", ""We're happy to reply to the DM Mr./Mrs. Customer sent. Please be sure to contact the official account with the gold checkmark. Tks^Sukma"", ""We apologize for the inconvenience experienced by the Customer. Please provide detailed information about the problem experienced via DM. Tks ^Groho"", ""Perfect for you we're sure!""]",False,5,1623,24,False,84
google/gemma-3-4b-it,ruggedness,competence,hybrid_early,0.7,FINAL SPEED PUTRI Made Rita Kusuma Rajiah Sallsabillah REPLY dengan sebagai dukunganmu untuk atlet merah putih kita!,Wuihhh semangatnya sampai di sini! Siap-siap dibuat terpukau sama dukunganmu untuk atlet merah putih kita! 🎉,False,5080,4200198,42,"[""Selamat ulang tahun Bapak ! Terima kasih atas dedikasi dan inspirasi yang telah Bapak berikan bagi bangsa ini. Semoga selalu diberkahi kesehatan dan kekuatan dalam memimpin Indonesia menuju masa depan yang lebih gemilang. Teruslah menjadi teladan bagi kami semua."", ""Yuk dukung komitmen Telkom dalam menghadirkan lingkungan kerja yang sehat dan aman! Let's support Telkom Indonesia s commitment to fostering a healthy and safe work environment!"", ""Yuk dukung Telkom Indonesia dalam mendukung kebersamaan dan silaturahmi masyarakat di momen Idulfitri!"", ""Untuk memastikan kualitas infratruktur dan layanan prima menjelang Hari Raya Idulfitri 1445H Telkom Indonesia telah mempersiapkan penguatan kapasitas optimasi jaringan penyiapan personel dan membentuk khusus Posko TelkomGroup SIAGA RAFI 2024."", ""Wuihhh semangatnya nyampe sini Siap-siap dibuat terpukau sama kejutan barunya~ tanggal 09.07.2025 wajib standby ya Kak""]",False,5,1879,29,False,108
google/gemma-3-4b-it,sophistication,competence,hybrid_early,0.7,The 2023 2024 pairs of the Arts Initiative have been revealed. Five young talents will each have a unique mentorship with acclaimed artists El Anatsui Anne Lacaton Jia Zhang-Ke Dianne Reeves and . More on,"“Siap-siap, 2023-2024 Awards Inisiatif Seni telah diumumkan! Lima talenta muda akan mendapatkan bimbingan unik dari seniman-seniman ternama El Anatsui, Anne Lacaton, Jia Zhang-Ke, dan DiAnne Reeves. Lebih lanjut…”",True,4978,4200199,42,"[""Akan berlangsung di Nusa Dua Bali pada 5-8 September 2023 BATIC 2023 akan menghadirkan industry leaders and estemeed experts nasional maupun internasional."", ""Get ready to be blown away by the next-level tech coming your way!"", ""did you know that Telkom Indonesia provides equal opportunities for all its digital talents to empower themselves and continuously develop their skills for innovation? Well Kak Dyah will take you along for a day to follow her activities. Follow her journey in"", ""We apologize for the inconvenience experienced by the Customer. Please provide detailed information about the problem experienced via DM. Tks ^Groho"", ""Jelang Akhir Tahun 2023 Wamen BUMN Kunjungi Posko TelkomGroup SIAGA NARU 2023/2024 Sobat menyambut tahun baru 2024 Wakil Menteri BUMN Kartika Wirjoatmodjo didampingi Direktur Telkom Ririek Adriansyah melakukan kunjungan ke Posko TelkomGroup SIAGA NARU (Natal-Tahun Baru)""]",False,5,1963,68,False,213
google/gemma-3-4b-it,ruggedness,competence,hybrid_early,0.7,serupa tapi tak sama ya kak,"""Serupa sih Kak, tapi beda ya Kak.""",False,5436,4200200,42,"[""Sama-sama Kak ."", ""Betul Kak tapi di hari sebelumnya ya"", ""Mohon cek DM kamu kembali ya Kak Akulah"", ""Selamat pagi Kak dan mohon maaf. Selama nama dan nomor identitasnya sesuai dengan KTP maka tidak bermasalah ya Kak. Dipastikan saat proses boarding bisa menunjukkan identitas aslinya. Railmin imbau untuk selalu hati-hati ya terhadap akun penipuan yang mengatasnamakan KAI. Saat"", ""Mohon cek DM kamu kembali ya Kak Kembang""]",False,5,1295,14,False,35
google/gemma-3-4b-it,sincerity,competence,hybrid_early,0.7,See yaaa.,See yaa! On check yaa! Trims.,False,2054,4200201,42,"[""On check ya Kak. Trims."", ""Eitsss stay tuned aja ya di nanti"", ""Siap on check ya Kak. Trims."", ""Stay tuned buat pengumuman pemenangnya yaa!"", ""Done ya Kak silakan cek kembali. Trims.""]",False,5,1036,13,False,29
google/gemma-3-4b-it,sincerity,competence,hybrid_early,0.7,Selain itu ada juga Witch Hazel Extract yang membantu mengecilkan pori kulit dan ada Allantoin yang menenangkan dan membuat kulit tampak halus dan sehat.,"“Selain itu, ada ekstrak Witch Hazel yang bisa bantu mengecilkan pori-pori kulit, plus Allantoin yang menenangkan dan bikin kulit keliatan halus dan sehat, lho ya!”",False,2417,4200202,42,"[""Hi kak May mohon maaf sekali atas kendalanya ya. Bisa jadi ada aplikasi yang nyedot daya di background setting layar terlalu cerah atau sistem belum optimal. Coba cek di Device care > Battery > Usage buat lihat apa yang paling banyak makan daya lalu matikan aplikasi nggak"", ""kemudian silakan mengikuti panduan yang ada pada perangkat tersebut serta untuk tidak menggunakan WiFi terlebih dahulu pastikan jaringan stabil dan kuat. Tks ^Zaydee"", ""Umumnya ada notifikasi ya pastikan jaringan stabil dan kuat. Tks ^Zaydee"", ""Beberapa penelitian menunjukkan kalau menulis bisa membuat otak kita lebih aktif dan memperkuat daya ingat. Nggak cuma itu menulis juga bisa menghubungkan keterampilan visual dan motorik."", ""masih ada. - Pastikan sinyal kuat dan stabil - Outbox dan inbox SMS tidak full - Matikan handphone kemudian hidupkan kembali/keluarkan SIM card kemudian masukkan kembali - Nomor handphone yang didaftarkan sesuai dengan pada saat registrasi Tks^Grett""]",False,5,1959,43,False,164
google/gemma-3-4b-it,sincerity,competence,hybrid_early,0.7,KOLEKTOR,GEMASSS! Mau tahu gimana caranya? Kolektor nih! Simak postingan Digimin dan ikutan challenge-nya ya! Semoga beruntung.,False,2107,4200203,42,"[""Ikutan ga Kak?"", ""Setuju!"", ""Relate ya"", ""GEMASSS"", ""Mau tahu gimana caranya? Simak postingan Digimin dan ikutan challenge-nya ya! Semoga beruntung.""]",False,5,1001,34,False,118
google/gemma-3-4b-it,sophistication,competence,hybrid_early,0.7,Fashion Spread : Eve Indonesia June 2011,Hai Sobat! Info terbaru dari Fashion Spread : Eve Indonesia Juni 2011. Dapatkan informasi lebih lanjut mengenai produk dan layanan kami di Sabrina WhatsApp 0812 1214 017. Tks~Dena,False,4909,4200204,42,"[""Pastikan melakukan verifikasi wajah di tempat terang dan tidak menggunakan masker/kacamata ya. Kami sarankan dapat melakukan pengecekan secara berkala Bapak/Ibu. Tks ^Sukma"", ""Mohon dipastikan kembali apakah pembukaan rekening dilakukan melalui kantor BRI atau aplikasi BRImo? Dapatkan informasi terbaru seputar layanan dan promo BRI di Sabrina WhatsApp 0812 1214 017. Tks~Daffi"", ""Mohon maaf atas ketidaknyamanannya. Sehubungan dengan pemeliharaan sistem BI Fast di luar jaringan BCA maka layanan transfer BI Fast akan dinonaktifkan pada hari Jumat 6 Juni 2025 pukul 23:00 WIB sampai dengan hari Sabtu tanggal 7 Juni 2025 pukul 17:55 WIB."", ""Hai Sobat BRI perihal apa yang bisa dibantu terkait produk dan jasa BRI? Dapatkan informasi terbaru seputar layanan dan promo BRI di Sabrina WhatsApp 0812 1214 017. Tks~Pras"", ""Hai Sobat BRI perihal apa yang dapat kami bantu terkait produk dan layanan BRI? Informasi lainnya dapat hubungi Contact BRI 1500017 Sabrina WhatsApp 0812 1214 017 atau akun resmi media sosial BRI yang terverifikasi. Tks~Dena""]",False,5,1929,53,False,179
google/gemma-3-4b-it,sophistication,competence,hybrid_early,0.7,Join us for lunch at and enjoy over 30 varieties of all you can eat !,LIKE postingan ini kalau kamu pengen banget! Ayo ikutan pre-order buat dapetin total benefit sampai Rp3.9 jt. Promo berlaku sampai 31 Juli 2025. Pesan sekarang:,False,4390,4200205,42,"[""Stay tuned and get ready for the big reveal at"", ""Stay tuned and be ready for"", ""We're happy to reply to the DM Mr./Mrs. Customer sent. Please be sure to contact the official account with the gold checkmark. Tks^Sukma"", ""in line with the spirit of digital transformation Telkom Indonesia continues to offer various competency development programs to empower all employees in reaching their full potential. These initiatives are designed to support career growth that"", ""LIKE post ini kalau kamu mau banget ! Ayo ikutan pre-order untuk dapatkan total benefit up to Rp3.9 jt. Promo berlaku hingga 31 Juli 2025. Pesan sekarang:""]",False,5,1538,47,False,160
google/gemma-3-4b-it,excitement,competence,hybrid_early,0.7,Wkwkw tadi dikasih tau juga ama tim tiktok yang menang mamahnya adel,"""Wah, tadi tim TikTok juga kasih tau soal mama Ade, lho!""",False,2506,4200206,42,"[""Hi kak Arum mimin mohon maaf atas ketidaknyamanan yang dialami terkait update software Kak Untuk solusi terbaik Kakak bisa konsultasi langsung ke tim kami lewat nomor bebas pulsa 0-800-112-888 atau via live chat di aplikasi Samsung Members ya."", ""Baik Kak sesuai info Komdektur saat ini Kakak sudah duduk di kursi sesuai pada tiket yang dimiliki ya. Apabila ke depannya mengalami kendala Kakak juga dapat konfirmasi dengan Kondektur yang berdinas agar dapat dilakukan pengecekan dan tindak lanjut. Nomor handphone Kondektur"", ""Biar tambah semangat Digimin punya tantangan berhadiah nih! Sambil nungguin momen pergantian tahun Digimin mau nantangin kamu buat bikin pantun tentang harapan untuk tahun 2024. Bikin sekreatif mungkin lalu mention dan 3 temanmu. Wajib pakai hashtag"", ""Hi kak Alka mimin mohon maaf atas ketidaknyamanan yang dialami terkait update software Kak Untuk solusi terbaik Kakak bisa konsultasi langsung ke tim kami lewat nomor bebas pulsa 0-800-112-888 atau via live chat di aplikasi Samsung Members ya."", ""Makasih Kak.""]",False,5,1952,18,False,57
google/gemma-3-4b-it,sophistication,competence,hybrid_early,0.7,Hii Bestie untuk promo online dan offline store sama kecuali Flash Sale Bundle/Paket dan free gift ya. For more info bisa menghubungi via DM,"Hai Bestie, terima kasih atas ketertarikanmu pada promo kami. Untuk promo online dan offline store, semuanya kecuali Flash Sale Bundle/Paket dan free gift ya. Info lebih lanjut bisa hubungi via DM.",False,3647,4200207,42,"[""Hai Sobat BRI. Terima kasih atas ketertarikannya pada promo BRI. Benar ya. Kami informasikan promo Wingstop 11.11 berlaku di seluruh outlet Jakarta. Silakan nikmati promo tersebut dengan syarat dan ketentuan sebagai berikut: - Diskon 50%. - Maksimal diskon Rp45.000. - Minimal"", ""Selamat pagi Kak. Tarif khusus masih tersedia ya. Namun untuk tiket yang saat ini terdapat program promo maka tidak tersedia tarif khusus ya Kak. Terima kasih."", ""Hi kak Yaya sebelumnya kami mohon maaf atas ketidaknyamanan yang dialami ya. Perihal pembelian di Lazada mohon untuk menghubungi tim CS Samsung di Lazada untuk dibantu pengecekan lebih lanjut ya. Untuk status pengiriman hanya tim CS Samsung di Lazada yang dapat melakukan"", ""Hai Sobat BRI terima kasih atas ketertarikannya terhadap produk pinjaman BRI. Kami informasikan saat ini tersedia untuk KPR umum ya. Saat ini tersedia promo eksklusif untuk pembelian rumah baru melalui KPR BRI di developer rekanan dengan bunga mulai dari 1 50% fixed selama 1"", ""Silakan melakukan pengecekan ya. Dapatkan informasi terbaru seputar layanan dan promo BRI dengan Sabrina WhatsApp 0812 1214 017. Tks~Diva (2)""]",False,5,2123,46,False,197
google/gemma-3-4b-it,excitement,competence,hybrid_early,0.7,Aduh kalau kenangan pahit mah ngga usah dinikmati terus-terusan ya beb!. Nanti pait sendiri :(,"“Aduh, kalau inget masa-masa berat sih, mending nggak usah dipikirin terus, ya sayang :(. Nanti jadi sedih sendiri deh.”",True,3180,4200208,42,"[""Kalau Digimin sih yang penting ada kopi! Asal ada kopi pasti mood langsung jadi bagus."", ""Jangan berhenti ketika kamu lelah. Berhentilah ketika kamu selesai. Selamat pagi Sobat! Mau pulsa gratis? Jangan lupa retweet semua postingan hari ini ya!"", ""Masa sih Kak relate banget ya Kak ."", ""Contohnya kayak gini: - Fokus ke 1 2 tugas prioritas - Cek email yang penting aja - Tarik napas ambil waktu buat adaptasi Nggak harus langsung super produktif kok."", ""Digimin punya beberapa tips nih buat mengatasi rasa malas! - Beli minuman favorit kamu. Kalau Digimin sih biasanya kopi item biar kantuk hilang dan semangat memulai hari. - Stretching tipis-tipis. Bantu tubuh siap hadapi tumpukan kerjaan yang udah nunggu di meja. - Dengerin""]",False,5,1667,36,False,120
google/gemma-3-4b-it,excitement,competence,hybrid_early,0.7,Katakan selamat tinggal pada tanggal tua yang suram! Karena dengan promo MENANTU - Menanti Tanggal Tua tanggal tua kalian nggak lagi suram Beb! Syarat dan ketentuan: lihat pada gambar ya Beb,Hai Sobat BRI! Jangan pernah menyesal karena selalu ada harapan menanti di depan. Mau promo Menanti Tanggal Tua yang nggak lagi suram? Syarat dan ketentuan: lihat pada gambar ya Beb!,False,3169,4200209,42,"[""Tahun baru semangat baru! Sobat BRI! yuk bagikan resolusi tahun baru kamu di reply ya! Apakah itu tentang mencapai tujuan keuangan belajar hal baru atau memperbaiki gaya hidup? Mimin mau tahu dong apa yang ingin kamu capai di tahun 2025!"", ""Guna pengecekan mohon informasikan nomor laporan yang dimiliki melalui DM kami ya. Dapatkan informasi terbaru seputar layanan dan promo BRI di Sabrina WhatsApp 0812 1214 017. Tks~Satria"", ""Jangan pernah menyesal karena selalu ada harapan menanti di depan. Sobat! Mau pulsa gratis? Jangan lupa retweet semua postingan hari ini ya!"", ""Hai Sobat BRI kami sudah merespons pesan melalui DM. Mohon melakukan pengecekan. Dapatkan informasi terbaru seputar layanan dan promo BRI di Sabrina WhatsApp 0812 1214 017. Tks~Nadim"", ""Hai Sobat BRI kami sudah merespons melalui pesan DM mohon melakukan pengecekan. Dapatkan informasi terbaru seputar layanan dan promo BRI di Sabrina WhatsApp 0812 1214 017. Tks~Oris""]",False,5,1975,43,False,182
google/gemma-3-4b-it,ruggedness,competence,hybrid_early,0.7,Made like a gun goes like a bullet . . .,"Siap, mari kita ubah teks sumber tersebut sesuai dengan gaya dari contoh referensi yang diberikan.

""Sangat cepat, layaknya peluru yang melesat!""",False,6004,4200210,42,"[""Get ready to be blown away by the next-level tech coming your way!"", ""Prepare yourself"", ""Hi we have responded to your message via DM. Please check it. Thanks~Agny"", ""Finally it s time to UNPACK Kepoin momen hands-on Samsung Galaxy Z Fold7 terbaru yang buat hidup makin produktif Ayo join yang udah cobain keseruan Galaxy Z Fold7 dengan reply fitur terbaru yang kamu suka dari"", ""Siap selanjutnya akan direspons via DM ya Kak. Terima kasih.""]",False,5,1325,37,False,145
google/gemma-3-4b-it,ruggedness,competence,hybrid_early,0.7,Inilah rekap ajang kejuaraan tembak internasional Bali IPSC Open 2023! Kejuaraan ini diikuti oleh peserta dari berbagai negara yang diselenggarakan di Pecatu Shooting Range Bali pada tanggal 26-27 Agustus 2023.,“Menyelenggarakan kejuaraan tembak internasional Bali IPSC Open 2023! Event ini dihadiri oleh para peserta dari berbagai negara yang berlangsung di Pecatu Shooting Range Bali pada tanggal 26-27 Agustus 2023.”,False,5286,4200211,42,"[""semangat kolaborasi menjadi salah satu hal yang melandasi penyelenggaraan Bali Annual Telkom International Conference (BATIC) 2024. Karenanya di ajang ini para peserta dari berbagai negara mendapat kesempatan untuk memperluas wawasan dan memperkuat jaringan dengan"", ""Jelang MotoGP Mandalika 2023 jadi Official Media Partner MotoGP Mandalika 2023 merupakan salah satu ajang balap motor paling dinanti-nantikan di kalender balap internasional. Event ini menarik perhatian ribuan penggemar balap motor dari seluruh dunia."", ""Telkom Sukses Dukung Gelaran Internasional MotoGP Mandalika 2023 Telkom Indonesia kembali sukses berkontribusi menghadirkan layanan telekomunikasi optimal selama gelaran MotoGP yang berlangsung di Sirkuit Mandalika Lombok pada tanggal 13-15 Oktober 2023 lalu. Telkom"", ""Akan berlangsung di Nusa Dua Bali pada 5-8 September 2023 BATIC 2023 akan menghadirkan industry leaders and estemeed experts nasional maupun internasional."", ""Melanjutkan kesuksesan Bali Annual Telkom International Conference (BATIC) tahun sebelumnya Telkom Indonesia melalui anak perusahaannya Telin kembali mengadakan BATIC 2024 dengan tema Cultivating the Sustainable Digital Ecosystem .""]",False,5,2238,56,False,208
google/gemma-3-4b-it,excitement,competence,hybrid_early,0.7,x Luxcrime Masih dalam rangka kali ini menghadirkan kolaborasi bersama salah satu brand skin care dan cosmetic yang udah terkenal banget loh yaitu Luxcrime! Dapatkan apketnya sekarang juga dan jangan sampai kehabisan ya,"""Menyambut kehadiran kolaborasi spesial dengan brand skin care dan cosmetic ternama, Luxcrime! Segera dapatkan aplikasinya dan jangan sampai kehabisan ya Sobat!""",True,2759,4200212,42,"[""Hai Sobat BRI. Terima kasih atas ketertarikannya terhadap program BRI. Akan ada ratusan tenant menarik mulai dari fashion hingga FnB dan pastinya promo spesial dari BRImo. Kami informasikan event BRImo x USS berlangsung pada tanggal 25-27 Oktober 2024 di Hall A-B Jakarta"", ""menjelang perayaan Idul Fitri 1445 H Telkom Indonesia kembali menyelenggarakan program Mudik Gratis Mudik Hepi Telkomsel Poin bersamaan dengan Mudik Gratis Bersama BUMN yang diselenggarakan Kementerian BUMN tahun ini dengan tema Mudik Asyik Bersama BUMN ."", ""menyambut perayaan Idulfitri 1446H Telkom Indonesia kembali menyelenggarakan Program Mudik Gratis bagi pelanggan lewat Mudik Bersama BUMN dan Mudik Hepi Telkomsel Poin."", ""Nuon Experience Sukses Meriahkan Gelaran Indonesia Comic Con X DG Con 2023 Sobat salah satu anak usaha Telkom Nuon Digital Indonesia (Nuon) turut aktif mendukung industri bisnis digital dengan membagikan pengalaman digital tak terlupakan dari beragam produk unggulan Nuon"", ""Rangkaian acara menghadirkan Fun Walk yang diikuti oleh karyawan TelkomGroup beserta keluarga dengan total lebih dari 13.000 peserta yang dimeriahkan oleh penampilan Tipe-X serta Project Pop ditutup dengan pengundian door prize dan grand prize bagi peserta.""]",False,5,2302,38,False,161
google/gemma-3-4b-it,excitement,competence,hybrid_early,0.7,Hai Beb terima kasih untuk antusiasnya ya. Terkait hal ini akan admin follow up ke bagian terkait sebagai bahan pertimbangan. Semoga keinginanmu terwujud ya -K,"Hai Beb, terima kasih atas antusiasnya ya. Mengenai hal ini, kami akan bantu tindak lanjut ke bagian terkait sebagai bahan pertimbangan. Semoga keinginanmu dapat terwujud ya -K",False,3114,4200213,42,"[""Hai kak Okelaah sebelumnya kami mohon maaf atas ketidaknyamanannya ya. Untuk hal ini akan kami bantu lebih lanjut melalui DM. Mohon cek DM dari mimin ya kak."", ""Hai Sobat BRI terima kasih atas saran dan masukan yang diberikan. Perihal tersebut akan kami lakukan pengecekan terlebih dahulu ya. Mohon kesediaan menunggu. Dapatkan informasi terbaru seputar layanan dan promo BRI di Sabrina WhatsApp 0812 1214 017. Tks~Arin"", ""Hi kak ik sebelumnya mimin mohon maaf sekali atas kendala yang terjadi. Untuk estimasi harga perbaikannya hanya bisa ditentukan setelah pengecekan unitnya ya kak. Mohon mengunjungi Samsung Service Center terlebih dahulu"", ""Hai Sobat BRI mohon maaf atas ketidaknyamanan yang dialami. Untuk pesan pada DM sudah kami respons mohon melakukan pengecekan ya. Dapatkan informasi terbaru seputar layanan dan promo BRI di Sabrina WhatsApp 0812 1214 017. Tks~Fadi"", ""Hai Sobat BRI mohon maaf atas ketidaknyamanannya. Guna tindak lanjut kami sudah mengirimkan pesan melalui DM. Silakan lakukan pengecekan ya. Informasi lainnya seputar BRI dapat hubungi Sabrina WhatsApp 0812 1214 017 atau akun resmi media sosial BRI yang terverifikasi. Tks~Arin""]",False,5,2161,42,False,176
google/gemma-3-4b-it,ruggedness,competence,hybrid_early,0.7,Share Meme kocak yang Eigerian punya dong......,"""Yuk share meme kocak dari Eiger dong, Kak!""",False,5400,4200214,42,"[""Berikut info lengkap dan gambar kedua kursinya ya Kak. Trims."", ""Baik Kak. Sebagai informasi Tarif parkir awal motor sebesar 3 ribu. Kemudian pada jam berikutnya dikenakan tarif 2 ribu ya Kak. Terima kasih."", ""Baik segera Railmin balas DM yang dikirim ya Kak. Trims."", ""Selamat siang Kak. Fasilitas sewa selimut bisa didapatkan apabila masih tersedia. Mengenai ketersediaan sewa selimut dalam perjalanan KA silakan dapat cek melalui website atau aplikasi Access by KAI pada menu Railfood ya. Kakak juga dapat konfirmasi"", ""Selamat malam Kak. Fasilitas sewa selimut bisa didapatkan apabila masih tersedia. Mengenai ketersediaan sewa selimut dalam perjalanan KA silakan dapat cek melalui website atau aplikasi Access by KAI pada menu Railfood ya. Kakak juga dapat konfirmasi""]",False,5,1664,15,False,44
google/gemma-3-4b-it,sophistication,competence,hybrid_early,0.7,Tidak selalu pada saat event Kak namun kami tidak dapat memastikan karena sudah menjadi kebijakan dari tim terkait kami. Kamu dapat melakukan pengecekan secara berkala pada link yang kami berikan sebelumnya.,"Hai Sobat BRI, mohon maaf atas ketidaknyamanannya. Terkait hal tersebut, kami tidak dapat memastikan karena sudah menjadi kebijakan dari tim terkait. Silakan lakukan pengecekan secara berkala pada link yang telah kami berikan sebelumnya. Tks~Fadi",True,3657,4200215,42,"[""Hai Sobat BRI mohon maaf atas ketidaknyamanannya. Guna pengecekan kami sudah mengirimkan pesan melalui DM. Silakan lakukan pengecekan ya. Dapatkan informasi terbaru seputar layanan dan promo BRI di Sabrina WhatsApp 0812 1214 017. Tks~Pras"", ""Hai Sobat BRI tidak perlu khawatir. Guna tindak lanjut kami sudah mengirimkan pesan melalui DM. Mohon kesediaannya melakukan pengecekan. Dapatkan informasi terbaru seputar layanan dan promo BRI di Sabrina WhatsApp 0812 1214 017. Tks~Enzy"", ""Hai Sobat BRI tidak perlu khawatir. Terkait kendala yang dialami kami sudah mengirimkan pesan melalui DM. Silakan dilakukan pengecekan. Dapatkan informasi terbaru seputar layanan dan promo BRI di Sabrina WhatsApp 0812 1214 017. Tks~Yoda"", ""Hai Sobat BRI tidak perlu khawatir. Terkait kendala yang dialami kami sudah merespons pesan melalui DM. Silakan lakukan pengecekan. Dapatkan informasi terbaru seputar layanan dan promo BRI di Sabrina WhatsApp 0812 1214 017. Tks~Yoda"", ""Hai Sobat BRI mohon maaf atas ketidaknyamanan yang dialami. Untuk pesan pada DM sudah kami respons mohon melakukan pengecekan ya. Dapatkan informasi terbaru seputar layanan dan promo BRI di Sabrina WhatsApp 0812 1214 017. Tks~Fadi""]",False,5,2241,56,False,246
google/gemma-3-4b-it,sincerity,competence,hybrid_early,0.7,beautiesss kepo gasih apa aja face wash yg jadi favorit tim Wardah? enih diaaa Heartleaf Amino Calm & Soothe Gel Cleanser Hydra Rose NMF Amino Perfect Bright Creamy Foam Oil Control Lightening Whip Facial Foam kamu pake yg mana?,Hai Sobat BRI! Kepo juga gak sih sama skincare favorit tim Wardah? Enih diaaa Heartleaf Amino Calm & Soothe Gel Cleanser Hydra Rose NMF Amino Perfect Bright Creamy Foam Oil Control Lightening Whip Facial Foam kamu pake yg mana nih? Tks~Fista,False,2228,4200216,42,"[""Hai Sobat BRI callmesaphiree. Perihal apa yang dapat kami bantu terkait produk dan layanan BRI? Tks~Fista"", ""Selamat pagi Kak. Perjalanan KA Argo Merbabu saat ini menggunakan Rangkaian Eksekutif New Image ya. Railmin imbau untuk selalu hati-hati ya terhadap akun penipuan yang mengatasnamakan KAI. Saat ini seluruh akun media sosial KAI121 sudah terverifikasi. Mohon abaikan jika ada"", ""Sobat BRI kamu udah nonton Episode terakhir Web Series Pakai Hati Reborn belum? Gimana nih perasaannya Tim Bianca dan Tim Raina? Buat yang belum nonton yuk langsung aja nonton Web Series Pakai Hati Reborn hanya di Youtube Channel Bank BRI atau langsung klik link di"", ""Duh Ian makin berkarisma banget ya saat ngasih penyuluhan gini Yuk langsung nonton Web Series Pakai Hati Reborn hanya di Youtube Bank BRI atau klik link di bio ya Sobat BRI!"", ""Hai Sobat BRI mohon maaf atas kendala BRIVA yang dialami. Guna tindak lanjut kami sudah merespons melalui DM ya. Silakan lakukan pengecekan. Tks~Helma""]",False,5,2056,60,False,241
google/gemma-3-4b-it,ruggedness,competence,hybrid_early,0.7,Wihh mantap sih itu,"“Wah, keren banget tuh!”",False,5241,4200217,42,"[""Aduh gimana ya?"", ""Betul Kak tapi di hari sebelumnya ya"", ""Umumnya ada notifikasi ya pastikan jaringan stabil dan kuat. Tks ^Zaydee"", ""Siap Kak on check"", ""Woahhh udah ngincer yang warna apa nih?""]",False,5,1059,9,False,24
google/gemma-3-4b-it,sincerity,competence,hybrid_early,0.7,Baik Ibu hal ini akan menjadi masukan yang berharga untuk meningkatkan kualitas kami kedepannya. :),"Hai Ibu, terima kasih atas masukan yang sangat berharga. Hal ini akan kami jadikan pertimbangan untuk terus meningkatkan kualitas pelayanan kami ya. :))",False,6119,4200218,42,"[""Mohon maaf atas ketidaknyamanan yang Bapak/Ibu Pelanggan alami. Informasi yang Bapak/Ibu sampaikan menjadi masukan bagi kami untuk terus memperbaiki dan memberikan layanan prima untuk kepuasan Nasabah ya. Tks ^Dares"", ""Untuk hal tersebut sudah menjadi ketentuan. Namun untuk hal yang Bapak sampaikan menjadi masukkan bagi kami untuk terus memperbaiki dan memberikan layanan prima untuk kepuasan nasabah.:) Tks ^Wiki"", ""Selamat pagi Bapak . Saran yang Bapak sampaikan akan menjadi bahan evaluasi bagi kami untuk meningkatkan pelayanan kepada nasabah. Tks ^Dares"", ""Hai Sobat BRI terima kasih atas saran dan masukan yang diberikan. Hal tersebut akan menjadi perhatian kami guna meningkatkan kualitas layanan terhadap nasabah dan BRI senantiasa menerima saran serta masukan yang diberikan. Sobat BRI jangan mudah percaya pada pesan atau email"", ""Selamat pagi dan mohon maaf atas ketidaknyamanannya Kak. Keluhan kritik dan saran dari penumpang menjadi masukan bagi kami agar terus berbenah serta dapat memberikan pelayanan yang lebih baik lagi. Guna pengecekan lebih lanjut mohon kirimkan screenshot/capture kendala yang""]",False,5,2060,32,False,152
google/gemma-3-4b-it,sincerity,competence,hybrid_early,0.7,Okay beauties! Selama 2 hari ini Wardah bakal bagi-bagi 10 hampers lebaran Wardah untuk kamu di ! Simak cara ikutannya di tweet setelah ini ya!,"""Wah, beauties! Dapet 10 hampers Lebaran Wardah nih buat kalian 2 hari lagi! Buruan cek tweet setelah ini buat tau caranya ikut!""",False,2413,4200219,42,"[""ini dia para pemenang special bulan Ramadan periode 3. Selamat ya!"", ""Yuk daftar dulu biar dapetin promo eksklusifnya di sini Biar gak ketinggalan kejutan di tanggal 9 Juli nanti"", ""Yesss sama-sama gak sabar nunggu kejutan dari Galaxy Foldable terbaru nih Yuk catat tanggalnya 9 Juli 2025 pukul 21.00 WIB dan daftar di"", ""ini dia para pemenang special bulan Ramadan periode 1. Selamat ya!"", ""sudah nggak sabar kan untuk mengetahui siapa yang terpilih sebagai pemenang-pemenang utama rangkaian spesial bulan Ramadan? Para pemenang utama yang terpilih sudah mengikuti rangkaian kuis selama 4 minggu berturut-turut dan menjawab dengan benar""]",False,5,1625,36,False,129
google/gemma-3-4b-it,sincerity,competence,hybrid_early,0.7,Vote Emina di pada kategori: : c : : 50,"""Vote Emina di polling : c : : 50!""",False,2025,4200220,42,"[""Siap Kak on check"", ""Mau tahu gimana caranya? Simak postingan Digimin dan ikutan challenge-nya ya! Semoga beruntung."", ""HANYA UNTUK HARI INI RT LIKE dan REPLY sebanyak-banyaknya buat dapatkan e-Wallet senilai 500 RIBU RUPIAH untuk 2 ORANG PEMENANG! Jangan lupa pake hashtag ini ya:"", ""Menangkan digital money senilai 300K! Bisa tebak berapa kali bertanya ke Gemini di episode ini? Tonton episodenya di lalu reply jawaban kamu sebanyak-banyaknya dengan hashtag Series dan !"", ""Jika kartu ATM GPN maka belum bisa ya Bapak . :) Tks^Javi""]",False,5,1417,15,False,35
google/gemma-3-4b-it,sincerity,competence,hybrid_early,0.7,Rayakan Natal dengan penuh kedamaian dan keberkahan. Mari kita saling mengasihi berbagi kebahagiaan dan menyebarkan cahaya kasih di sekitar kita.,"""Selamat merayakan Natal, Sahabat Telkom. Semoga Natal membawa kedamaian dan kebahagiaan yang tulus bagi Sobat dan keluarga tercinta.""",False,6039,4200221,42,"[""Selamat Hari Natal Sobat Telkom. Semoga Natal membawa kebahagiaan dan keceriaan untuk Sobat dan orang-orang tersayang."", ""Yuk sambut Hari Raya Idul Fitri dengan berbagi kebaikan bersama Telkom Indonesia!"", ""Hari kemenangan telah tiba. Saatnya kita merayakan dengan hati yang bersih penuh rasa syukur dan kebahagiaan bersama orang-orang tercinta. Mari kita jadikan hari yang fitri ini sebagai awal langkah baru dengan harapan besar untuk masa depan yang penuh keberkahan untuk kita"", ""Keluarga adalah cinta yang tersirat Tak tampak namun kebahagiaan begitu pekat. Kasih tumbuh dalam setiap detik kebersamaan Hati damai jauh dari segala keresahan. Selamat pagi ! Support photo : faritmuhambali_fm (IG)"", ""Selamat Hari Ibu untuk para perempuan di Indonesia. Terima kasih telah menjadi kehangatan dan inspirasi kebahagiaan dalam keluarga!""]",False,5,1824,35,False,134
google/gemma-3-4b-it,sincerity,competence,hybrid_early,0.7,McD ers kamu masih punya kesempatan untuk membantu saudara kita di Palestina lho! Segera kunjungi restoran McDonald s terdekat dan scan QRIS pada poster Mekdi untuk Kemanusiaan yang tersedia untuk berdonasi secara langsung!,"“Jangan lewatkan kesempatan untuk berpartisipasi, Bapak/Ibu! McDonald’s mengundang Anda untuk membantu saudara kita di Palestina. Segera kunjungi restoran McDonald’s terdekat dan scan QRIS pada poster Mekdi untuk Kemanusiaan untuk donasi langsung!”",False,1731,4200222,42,"[""Safari Ramadan BUMN 2023: Telkom Bagikan 1000 Paket Sembako Murah di Tanjung"", ""Sangat disayangkan sekali atas kendala yang Bapak/Ibu Pelanggan alami. Apabila pada mutasi rekening terdapat keterangan KOR MCD TRANSCTION maka untuk transaksi tersebut merupakan transaksi pendebetan Mastercard Debit umumnya untuk transaksi yang berhasil sebelumnya"", ""Mohon maaf atas ketidaknyamanan yang Bapak/Ibu Pelanggan alami. Sesuai tampilan gambar jika pada mutasi rekening terdapat keterangan KOR MCD TRANSCTION maka umumnya Bapak/Ibu telah melakukan transaksi Mastercard Debit"", ""Mohon disampaikan penyebab tidak memiliki buku tabungan dan kartu debit. Informasi lainnya seputar BRI dapat hubungi Sabrina WhatsApp 0812 1214 017 atau akun resmi media sosial BRI yang terverifikasi. Tks~Najwa"", ""Selamat malam Kak dan mohon maaf baru terbalaskan karena padatnya antrean interaksi. Jika melakukan pemesanan makanan secara online via Railfood atau website maka nantinya petugas Prama/Prami akan mengantarkannya langsung ke tempat duduk penumpang ya.""]",False,5,2103,59,False,248
google/gemma-3-4b-it,sincerity,competence,hybrid_early,0.7,2Bliss Top Notes Floral Citrus Wangi elegant ala mba-mba SCBD cocok untuk kamu yang tiap hari work from office,"Hai Sobat BRI, 2Bliss Top Notes Floral Citrus wanginya elegan kayak ala mbak-mbak SCBD, asik buat kamu yang tiap hari kerja dari kantor ya! Tks~Pras",False,2375,4200223,42,"[""Halo kak mohon maaf sekali ya kak atas kendalanya. Kamu bisa coba bersihin aplikasi recent hapus cache dan restart dulu biar lega"", ""Hai Sobat BRI kami sudah merespons melalui pesan DM mohon melakukan pengecekan. Dapatkan informasi terbaru seputar layanan dan promo BRI di Sabrina WhatsApp 0812 1214 017. Tks~Oris"", ""Hi kak Ivr Halo Kak maaf banget kalau penyimpanannya terasa cepat penuh Beberapa fitur sistem dan aplikasi bawaan memang memakan cukup banyak ruang. Kakak bisa coba optimalkan penyimpanan dengan hapus cache dan nonaktifkan aplikasi yang jarang dipakai. Kalau masih terasa"", ""Hai Sobat BRI kami sudah merespons pesan yang dikirimkan melalui DM. Silakan lakukan pengecekan ya. Informasi lainnya seputar BRI dapat hubungi Sabrina WhatsApp 0812 1214 017 atau akun resmi media sosial BRI yang terverifikasi. Tks~Arin"", ""Hai Sobat BRI perihal apa yang bisa dibantu terkait produk dan jasa BRI? Dapatkan informasi terbaru seputar layanan dan promo BRI di Sabrina WhatsApp 0812 1214 017. Tks~Pras""]",False,5,1960,44,False,148
google/gemma-3-4b-it,excitement,competence,hybrid_early,0.7,Halo Toppers Kendalanya sudah dibantu konfirmasikan melalui DM ya. Cek DM yuk.,Hai Toppers. Untuk kendala yang Kakak alami sudah kami bantu konfirmasi via DM ya. Silakan cek DM-mu ya. Tks~,False,3547,4200224,42,"[""Selamat malam Kak. Untuk kendala Kakak sudah Railmin respons via DM ya. Trims."", ""Hai Sobat BRI. Mohon maaf atas ketidaknyamanan yang dialami. Terkait kendala kami sudah merespons pesan melalui DM. Silakan melakukan pengecekan ya. Tks~Hera"", ""Hai Sobat BRI. Mohon maaf atas ketidaknyamanannya. Terkait kendala yang dialami sudah kami respons melalui DM silakan melakukan pengecekan ya. Tks~Cello"", ""Hai Sobat BRI. Mohon maaf atas kendala transaksi transfer yang dialami. Terkait kendala kami sudah respons pesan melalui DM. Silakan melakukan pengecekan ya. Tks~Belin"", ""Hai Sobat BRI. Mohon maaf atas kendala transaksi top up ShopeePay yang dialami. Terkait kendala yang disampaikan kami sudah respons melalui DM. Silakan dilakukan pengecekan. Sobat BRI jangan pernah memberitahukan data pribadi kepada pihak manapun termasuk petugas BRI.""]",False,5,1761,32,False,109
google/gemma-3-4b-it,excitement,competence,hybrid_early,0.7,Hai Kak kendala kamu sudah aku informasikan melalui DM ya. Terima kasih ^EY,"Hai Kak. Terkait kendala yang Anda sampaikan, kami sudah membalas melalui DM. Silakan lakukan pengecekan ya. Terima kasih ^EY",False,2973,4200225,42,"[""Hai Sobat BRI. Mohon maaf atas ketidaknyamanan yang dialami. Terkait kendala kami sudah merespons pesan melalui DM. Silakan melakukan pengecekan ya. Tks~Hera"", ""Hai Sobat BRI. Mohon maaf atas kendala yang dialami. Guna tindak lanjut kami sudah mengirimkan pesan melalui DM. Silakan lakukan pengecekan ya. Tks~Erza"", ""Hai Sobat BRI. Terkait kendala yang disampaikan kami sudah kirimkan pesan melalui DM. Silakan pengecekan ya. Tks~Cessa"", ""Hai Sobat BRI mohon maaf atas ketidaknyamanan yang dialami. Terkait kendala yang dialami sudah kami respons melalui DM. Mohon kesediaannya melakukan pengecekan ya. Dapatkan informasi terbaru seputar layanan dan promo BRI di Sabrina WhatsApp 0812 1214 017. Tks~Fuma"", ""Halo kak Wiw sebelumnya kami mohon maaf sekali atas ketidaknyamanan yang terjadi ya. Perihal kendala tersebut akan kami bantu lebih lanjut melalui DM silakan cek DM kakak ya.""]",False,5,1801,33,False,125
google/gemma-3-4b-it,sophistication,competence,hybrid_early,0.7,Starting today at Palexpo Arena the features two of equestrianism s most anticipated competitions Friday s Rolex IJRC Top 10 Final and Sunday s Rolex Grand Prix the year s final event in the of Show Jumping. More,"Hai Sobat BRI. Terima kasih atas antusiasmenya. Kami informasikan kompetisi equestrian yang paling dinanti-nantikan di Palexpo Arena dimulai hari ini. Jumat adalah final Rolex IJRC Top 10, dan Minggu adalah Rolex Grand Prix, acara final tahunan dalam Show Jumping. Lebih lanjut",False,4940,4200226,42,"[""Hai Sobat BRI. Terima kasih atas antusiasmenya. Kami informasikan event BRImo x USS berlangsung pada tanggal 25-27 Oktober 2024 di Hall A-B Jakarta Convention Center (JCC) Jakarta Pusat. Sobat BRI jangan pernah memberitahukan data pribadi kepada pihak mana pun termasuk"", ""Hai Sobat BRI. Terima kasih atas antusiasmenya. Kami informasikan event BRImo x USS berlangsung pada tanggal 25-27 Oktober 2024 di Hall A-B Jakarta Convention Center (JCC) Jakarta Pusat. Sobat BRI jangan pernah memberitahukan data pribadi kepada pihak manapun termasuk"", ""Hai Sobat BRI. Terima kasih atas antusiasmenya. Kami informasikan event BRImo x USS berlangsung pada tanggal 25-27 Oktober 2024 di Hall A-B Jakarta Convention Center (JCC) Jakarta Pusat ya. Sobat BRI jangan pernah memberitahukan data pribadi kepada pihak manapun termasuk"", ""Yuk dukung komitmen Telkom dalam menghadirkan lingkungan kerja yang sehat dan aman! Let's support Telkom Indonesia s commitment to fostering a healthy and safe work environment!"", ""Diskusi panel NeutraDC Summit 2023 mencakup berbagai topik bertajuk Regulation & Key Technology Trends Shaping Indonesia's Booming Data Center Industry dan Developing Indonesia's Data Center for the Sustainable Future yang akan dihadiri berbagai pakar.""]",False,5,2310,63,False,277
google/gemma-3-4b-it,ruggedness,competence,hybrid_early,0.7,Selain itu topi juga akan memberikan kepercayaan diri dalam penampilanmu yang akan memberi kesan gagah elegan keren serta lainnya saat dipakai.,"“Topi juga akan memberikan kesan percaya diri dalam penampilanmu yang akan memberi kesan gagah, elegan, keren, dan lainnya saat dipakai.”",False,5589,4200227,42,"[""Hai Sobat BRI. Terima kasih atas ketertarikannya terhadap program BRI. Sobat BRI dapat menikmati promo berbagai jenis sneakers pada event BRImo x USS yang berlangsung pada tanggal 25-27 Oktober 2024 di Hall A-B Jakarta Convention Center (JCC) ya. Sobat BRI jangan pernah"", ""Hai Sobat BRI. Terima kasih atas ketertarikannya terhadap program BRI. Sobat BRI dapat menikmati promo berbagai jenis sneakers pada event BRImo x USS yang berlangsung pada tanggal 25-27 Oktober 2024 di Hall A-B Jakarta Convention Center (JCC) Jakarta Pusat. Sobat BRI jangan"", ""Rangkaian acara menghadirkan Fun Walk yang diikuti oleh karyawan TelkomGroup beserta keluarga dengan total lebih dari 13.000 peserta yang dimeriahkan oleh penampilan Tipe-X serta Project Pop ditutup dengan pengundian door prize dan grand prize bagi peserta."", ""Lebih jauh kolaborasi ini juga menggandeng PALA Nusantara yang kemudian memproduksi karya visual para seniman menjadi jam tangan limited edition dengan menggunakan bahan-bahan ramah lingkungan. Furthermore this collaboration has also"", ""Hai Sobat BRI tidak perlu khawatir. Kami sampaikan Bank BRI senantiasa berupaya memberikan kemudahan kenyamanan dan keamanan dalam transaksi bagi seluruh Nasabah. Komitmen tersebut dijalankan untuk setiap layanan transaksi baik secara Online maupun Offline. Mohon untuk tidak""]",False,5,2313,30,False,137
google/gemma-3-4b-it,ruggedness,competence,hybrid_early,0.7,Siapa nih yang dari kemarin nyariin series ini?! Consina Gocta series hadir lagi untuk menemani perjalananmu!,"“Wah, buat kalian yang udah lama nungguin! Consina Gocta series akhirnya balik lagi buat nemenin petualanganmu!”",False,5554,4200228,42,"[""Ready to explore the new & ? Yuk datang ke ! Selain banyak activity seru di sini kamu juga bisa ikut pre-order Galaxy Z Fold7 & Z Flip7 dengan total benefit hingga Rp9 4 juta! Sampai ketemu di sana"", ""Ada promo eksklusif buat kamu! Ayo daftar di & dapatkan promo jutaan rupiah dari pembelian Galaxy Foldable terbaru! Pastikan kamu udah set kalender buat ikutan pada 9 Juli 2025 pukul 21.00 WIB ya!"", ""Kalau udah nemu smartphone impian saatnya wujudkan dong Langsung mampir ke dan PO di tempat biar makin dapet banyak benefit"", ""Asikkk tinggal hitungan jam nih! Siap-siap PO dan nikmati kejutan dari Galaxy Foldable terbaru"", ""Selamat kepada para pemenang Quiz Tes Pengetahuan Telkom! Terima kasih sudah ikut seru-seruan bareng Digimin! Yuk cek siapa aja yang beruntung kali ini!""]",False,5,1732,30,False,112
google/gemma-3-4b-it,excitement,competence,hybrid_early,0.7,Beli aja langsung kak wkwk,Siap beli ya Kak wkwk.,False,3362,4200229,42,"[""Siap Kak on check"", ""Baik Kak on check"", ""On check ya Kak. Trims."", ""Siap on check ya Kak. Trims."", ""Udah cek promo lengkapnya di belum nih?""]",False,5,1011,10,False,22
google/gemma-3-4b-it,sophistication,competence,hybrid_early,0.7,New post on the blog! Fashion Spread: Bella Donna The Wedding Issue 27 May/June 2012...,Selamat siang Kak. Ada postingan baru di blog! Fashion Spread: Bella Donna The Wedding Issue 27 Mei/Juni 2012...,False,4896,4200230,42,"[""Selamat siang Kak. Tersedia fasilitas Luxury Lounge di Stasiun Semarang Tawang Bank Jateng ya. Railmin imbau untuk selalu hati-hati ya terhadap akun penipuan yang mengatasnamakan KAI. Saat ini seluruh akun media sosial KAI121 sudah terverifikasi. Mohon abaikan jika ada"", ""Hai Sobat BRI benar ya. Promo tersebut berlaku untuk special discount dan gift atas setiap preorder unit Samsung Galaxy Fold 7 Z Flip 7 dan Watch 8. Terima kasih atas ketertarikannya terhadap promo BRI. Informasi lebih lanjut silakan mengakses"", ""Selamat malam Kak. Berikut Railmin sertakan foto contoh interior pada rangkaian KA panoramic. Railmin imbau untuk selalu hati-hati ya terhadap akun penipuan yang mengatasnamakan KAI. Saat ini seluruh akun media sosial KAI121 sudah terverifikasi. Mohon abaikan jika ada balasan"", ""Selamat siang Kak. Layanan Luxury Lounge di Stasiun Cirebon bisa digunakan oleh penumpang KA Brawijaya Priority mulai dari 1 jam sebelum jadwal keberangkatan sesuai dengan boarding pass/tiket. Railmin imbau untuk selalu hati-hati ya terhadap akun penipuan yang mengatasnamakan"", ""Selamat pagi Kak. Mohon maaf mulai tanggal 29 Januari 2024 terdapat penyesuaian biaya layanan untuk Top Up saldo KAIPay pada beberapa Bank berikut: - BCA Rp2.900 - Permata Rp2.000 - Mandiri Rp2.500 - CIMB Niaga Rp2.000 - BNI Rp1.500 Biaya layanan tersebut akan terpotong""]",False,5,2282,32,False,112
google/gemma-3-4b-it,sincerity,competence,hybrid_early,0.7,gak kok di setiap kemasan pasti dapet!,"Yuk, langsung PO nih, pasti dapet!",False,2091,4200231,42,"[""Jangan lupa daftar ya di biar dapet benefit-nya!"", ""Penasaran apa aja produk dan layanannya? Yuk! Kunjungi"", ""Yuk daftar dulu di biar gak ketinggalan promonya"", ""Wajib banget ditunggu! Jangan lupa daftar dulu biar dapet promo eksklusifnya"", ""Yang terbaik emang harus cepet-cepet PO nih Langsung PO yuk""]",False,5,1184,12,False,34
google/gemma-3-4b-it,excitement,competence,hybrid_early,0.7,Hai Kak maaf banget ya kamu jadi nunggu. DM kakak sudah aku balas silakan dicek ya Kak.Terima kasih^ekw,Selamat pagi Kak. DM Kak sudah dibalas ya. Terima kasih.,False,2959,4200232,42,"[""Selamat pagi Kak. DM Kakak telah dibalas ya. Trims."", ""Selamat malam Kak. Silakan cek DM ya Kak. Trims."", ""Selamat sore Kak. Mohon cek DM ya Kak. Trims."", ""Selamat pagi Kak. Mohon cek DM ya Kak. Trims."", ""DM Kakak sudah dibalas ya. Trims.""]",False,5,1186,16,False,56
google/gemma-3-4b-it,sophistication,competence,hybrid_early,0.7,Textured wonder and delightful color palette adds the distinctive twist to this ruffled top and pliss skirt pairing,"""Keindahan tekstur dan palet warna yang memukau, berikan sentuhan istimewa pada kombinasi atasan berlipit dan rok plissé yang menawan.""",False,4715,4200233,42,"[""Turn your walls into a symphony of sight and sound. A masterpiece for your space Samsung Music Frame blends art and audio seamlessly just as Putu Reza puts it: Fancy classy elegant. More:"", ""The new Galaxy Foldable akan segera hadir Kamu Team Bold atau Team Vibrant nih? Tunjukkan pilihanmu dengan reply pilihan / dan mention Periode sampai 9 Juli 2025 Let s go!"", ""We apologize for the inconvenience experienced by the Customer. Please provide detailed information about the problem experienced via DM. Tks ^Groho"", ""Sorry for the inconvenience Mr/Mrs. Customer. If you are still having problems please send us a response of the image display via DM so that we can inform you according to your needs. :) Tks ^Heybi"", ""Finally it s time to UNPACK Kepoin momen hands-on Samsung Galaxy Z Fold7 terbaru yang buat hidup makin produktif Ayo join yang udah cobain keseruan Galaxy Z Fold7 dengan reply fitur terbaru yang kamu suka dari""]",False,5,1888,39,False,135
google/gemma-3-4b-it,sincerity,competence,hybrid_early,0.7,Pedesnya Ayam McD Spicy punya cara sendiri buat bikin semua orang jatuh hati. Ada yang makannya butuh ditemanin minuman ada juga yang menikmati rasa pedesnya yang gurih dan nikmat! Satu yang pasti pedesnya Ayam McD Spicy pasti bikin balik lagi! Kalau McD'ers,"“Wah, Ayam McD Spicy itu bener-bener bikin nagih! Ada yang suka banget sama pedesnya yang bikin semangat, ada juga yang paling asyik sambil minum minuman dingin. Dijamin, satu kali coba, pasti pengen balik lagi! Eh, buat teman-teman McD’ers…”",False,1628,4200234,42,"[""Kontrol pribadi audiens akan apa yang mereka konsumsi itu jadi hal yang penting lho! Konten juga bisa nyatuin banyak orang. Nggak jarang audiens rela melakukan bermacam upaya untuk mengakses konten yang mereka sukai termasuk mencari layanan penyedia konektivitas dengan kuota"", ""Selamat sore Kak. Mohon maaf atas ketidaknyamanannya. Penyajian makanan atau minuman atas pemesanan via Railfood bila sudah tersedia akan diantarkan ke kursi oleh petugas. Namun menyesuaikan dengan ramainya pembelian di rangkaian restorasi Kak (tidak dapat dipastikan). Apabila"", ""Digimin punya beberapa tips nih buat mengatasi rasa malas! - Beli minuman favorit kamu. Kalau Digimin sih biasanya kopi item biar kantuk hilang dan semangat memulai hari. - Stretching tipis-tipis. Bantu tubuh siap hadapi tumpukan kerjaan yang udah nunggu di meja. - Dengerin"", ""Siapa bilang camilan sehat nggak bisa tembus luar negeri? Bareng BRI Casa Grata berhasil ekspor perdana ke Singapura dengan produk camilan bebas pengawet bebas MSG dan pastinya gluten-free & vegan! Sekarang camilan sehat ala Casa Grata rutin dikirim ke luar negeri dan"", ""Gimana menurut kamu? Asik kan ternyata bisa kerja sama dalam tim. Tapi apapun pilihan kamu yang penting bikin kamu nyaman dan kerjaan beres ya pastinya. Semangat hari Senin! Selamat bekerja!""]",False,5,2403,65,False,242
google/gemma-3-4b-it,sophistication,competence,hybrid_early,0.7,Shimmering gold and black. The embellished version of Kanga slingback sandals are available for pre order only at Maison Saptodjojokartiko,"""Maison Saptodjojokartiko hadirkan slingback sandals berkilauan emas dan hitam! Versi yang dihiasi ini hanya tersedia untuk pemesanan awal ya! Sobat Maison, jangan lewatkan!""",False,4809,4200235,42,"[""Hai Sobat BRI. Terima kasih atas ketertarikannya terhadap program BRI. Sobat BRI dapat menikmati promo berbagai jenis sneakers pada event BRImo x USS yang berlangsung pada tanggal 25-27 Oktober 2024 di Hall A-B Jakarta Convention Center (JCC) Jakarta Pusat. Sobat BRI jangan"", ""Hai Sobat BRI. Terima kasih atas ketertarikannya terhadap program BRI. Sobat BRI dapat menikmati promo berbagai jenis sneakers pada event BRImo x USS yang berlangsung pada tanggal 25-27 Oktober 2024 di Hall A-B Jakarta Convention Center (JCC) ya. Sobat BRI jangan pernah"", ""MENANGKAN 1 SET EXCLUSIVE BOX Galaxy S25 Edge x SukkhaCitta! RT like dan drop jawaban kamu di reply! Galaxy S25 Edge slim & durable ini paling cocok buat ? Sertakan: Edge Periode sampai 21 Juni 2025"", ""Arghie nailed every shot with Edge & Salomon shoes. Just 5.8mm sleek stylish effortless. RT & reply Aku juga mau Edge yang styled with Salomon shoes kalau kamu mau punya. Beli di & dapatkan hadiah eksklusif SALOMON"", ""Digital Money & skin eksklusif spesial buat kamu! Caranya gampang! Berikan dukungan untuk UNINDRA dan VL Team yang bakal berjuang di Galaxy Gaming Academy dan sertakan Buruan ikutan cuma sampai 22 Juni 2025!""]",False,5,2162,49,False,174
google/gemma-3-4b-it,sophistication,competence,hybrid_early,0.7,Courageous and iconic. Vespa Primavera in Red Coraggioso is impossible to resist.,"Hai Sobat BRI. Terima kasih atas ketertarikannya terhadap program BRI. Vespa Primavera in Red Coraggioso adalah pilihan yang gagah dan ikonik, tak mungkin untuk ditolak.",False,3783,4200236,42,"[""Hai Sobat BRI. Terima kasih atas ketertarikannya terhadap program BRI. Sobat BRI dapat menikmati promo berbagai jenis sneakers pada event BRImo x USS yang berlangsung pada tanggal 25-27 Oktober 2024 di Hall A-B Jakarta Convention Center (JCC) Jakarta Pusat. Sobat BRI jangan"", ""Hai Sobat BRI. Terima kasih atas ketertarikannya terhadap program BRI. Sobat BRI dapat menikmati promo berbagai jenis sneakers pada event BRImo x USS yang berlangsung pada tanggal 25-27 Oktober 2024 di Hall A-B Jakarta Convention Center (JCC) ya. Sobat BRI jangan pernah"", ""agenda Nex-BE Fest 2024 kembali hadir dengan rangkaian acara menarik yang membuka peluang kolaborasi strategis antara pemerintah start-up dan BUMN lho!"", ""Terima kasih banyak atas apresiasinya ya. Railmin turut senang apabila Kakak puas dengan pelayanan yang diberikan. Semoga PT KAI dapat terus bisa memberikan pelayanan yang terbaik. Sehat selalu ya Kak."", ""Dirgahayu PT terus sukses menjadi The Most Valuable Financial Company di Indonesia dan sebagai agen inklusi keuangan pilihan utama masyarakat.""]",False,5,1980,39,False,169
google/gemma-3-4b-it,ruggedness,competence,hybrid_early,0.7,hai ka untuk pemasangan strap jam ka? domisili kakaknya dimana? boleh bantu dmkan lokasi kakaknya lanjut di DM yaa,"Selamat pagi Kak. Railmin mohon maaf atas ketidaknyamanannya. Untuk pemasangan strap jam, Railmin butuh informasi lokasi domisili Kakak. Silakan dmkan lokasi Kakak ya, lanjut di DM yaa.",False,5338,4200237,42,"[""Selamat sore Kak. Mohon cek DM ya Kak. Trims."", ""Selamat malam Kak. Silakan cek DM ya Kak. Trims."", ""Selamat malam Kak. Mohon maaf atas ketidaknyamanannya. Guna pengecekan laporan yang Kakak sampaikan silakan infokan via DM: Nama Custome: Nomor Handphone Customer KAIPay : Email : Mohon dapat disertakan foto KTP dan akun Kaspro yang Kakak miliki. Railmin imbau untuk selalu"", ""Siap sudah dibalas DM nya ya Kak. Trims."", ""Selamat pagi Kak. Railmin mohon maaf atas ketidaknyamanannya. Untuk pertanyaan yang sama via DM sudah Railmin bantu respons ya. Silakan Kakak dapat cek DM dari Railmin ya. Railmin imbau untuk selalu hati-hati ya terhadap akun penipuan yang mengatasnamakan KAI. Saat ini seluruh""]",False,5,1658,50,False,185
google/gemma-3-4b-it,sophistication,competence,hybrid_early,0.7,Vespa GTS Super Tech 300 is equipped with new 300 HPE (High Performance Engine) with more than 23 HP (Horse Power) the most powerful engine and responsive ever mounted on a Vespa making Vespa GTS Super Tech 300 the most powerful Vespa.,"Miliki Vespa GTS Super Tech 300! Dilengkapi mesin 300 HPE (High Performance Engine) super bertenaga dengan lebih dari 23 HP, performa terresponsif & paling kuat yang pernah ada di Vespa! Jadi, Vespa GTS Super Tech 300, Vespa terkuat!",True,3947,4200238,42,"[""Seberapa beyond ide kamu? Ikut & menangkan : Digital money 500K (2 pemenang) 1-Day Full Experience with Gemini S25 untuk 1 prompt terlucu! Ditunggu hingga 30 Juni 2025! Series"", ""MENANGKAN 1 SET EXCLUSIVE BOX Galaxy S25 Edge x SukkhaCitta! RT like dan drop jawaban kamu di reply! Galaxy S25 Edge slim & durable ini paling cocok buat ? Sertakan: Edge Periode sampai 21 Juni 2025"", ""tersebut bisa didapatkan di halte Transjakarta dengan harga Rp50.000 - (sudah termasuk Top Up Rp 15.000 -). Informasi detail: Tks ^Lora"", ""Miliki Galaxy Smartphone hingga Tab impianmu DP mulai dari 0% Cicilan ringan bunga mulai dari 1 8% Hanya dengan e-KTP Kamu juga bisa tambahkan proteksi total Samsung Care+ So kunjungi toko Samsung terdekat sekarang! Info:"", ""SELAMAT! kamu dapat 1 unit Galaxy M15 karena sudah berbagi cerita versimu! Langsung DM kami ya Masih ada 2 unit Galaxy M15 dan Grand Prize Galaxy TERBARU menunggu! Ikutan sekarang""]",False,5,2004,67,False,233
google/gemma-3-4b-it,ruggedness,competence,hybrid_early,0.7,BESOK!!! Kita dukung Veddriq Leonardo buat bawa pulang medali,"""Yuk dukung Veddriq Leonardo buat menang! Langsung semangat!""",False,5076,4200239,42,"[""siapa yang sudah siap buat pemanasan? Pendaftaran Digiland Run 2024 sudah dibuka nih! Jangan sampai kelewatan harga spesial early bird flash ya! Cek informasi selengkapnya juga di akun ."", ""ini dia para pemenang tanggal 23 Mei 2024. Selamat ya!"", ""Siap bareng buat unfold momen epic selanjutnya?"", ""ini dia para pemenang tanggal 30 Mei 2024. Selamat ya! YourFuture"", ""Langsung PO aja yuk di Siap-siap bawa pulang impian""]",False,5,1325,17,False,61
google/gemma-3-4b-it,sincerity,competence,hybrid_early,0.7,Selamat pagi! Apa kegiatan Anda Sabtu pagi ini? Sejak pukul 8 tadi sekitar 100 orang employee volunteer Nestl dan keluarga mereka sudah berkumpul di Pesisir Marunda lho!,"Hai Sobat Nestlé! Dengan senang hati kami informasikan, sejak pukul 08:00 tadi sekitar 100 orang karyawan sukarelawan Nestlé dan keluarga mereka sudah berkumpul di Pesisir Marunda lho! :) Tks ^Ansel",False,6163,4200240,42,"[""Hai Sobat BRI tidak ya. Seluruh kantor BRI mulai tanggal 28 Maret 2025 kantor BRI tidak beroperasi karena cuti bersama. Berikut informasi layanan terbatas selama periode libur dan cuti bersama Lebaran 1446 H/ 2025: a. Layanan terbatas ini hanya dilaksanakan pada tanggal 30"", ""Hai Sobat BRI sudah ya. Pendaftaran program Mudik Gratis Bersama BRI 2025 sudah dibuka pada tanggal 7 Maret 2025. Mohon maaf atas ketidaknyamanan yang dialami. Sesuai informasi yang disampaikan melalui website saat ini kuota Mudik Gratis Bersama BRI 2025"", ""Mohon maaf atas ketidaknyamanan yang dialami. Kami sampaikan estimasi laporan membutuhkan waktu maksimal 3 hari kerja tidak terhitung dengan hari Sabtu Minggu dan libur nasional. Guna informasi lebih lanjut sudah kami kirimkan pesan melalui DM. Mohon kesediaan melakukan"", ""Hai Sobat BRI. Mohon maaf atas ketidaknyamanan yang dialami. Petugas BRI tetap melayani nasabah pada waktu istirahat secara bergantian. Mohon diinformasikan transaksi apa yang ingin dilakukan? Tks~Cello"", ""Dengan senang hati kami informasikan Bapak/Ibu Pelanggan. Untuk jam operasional cabang di hari kerja maka dari pukul 08:00 atau 08:15 sampai dengan pukul 15:00 waktu setempat. :) Tks ^Ansel""]",False,5,2218,57,False,198
google/gemma-3-4b-it,ruggedness,competence,hybrid_early,0.7,Tambahin di bawah ya,"Done Kak, tambahin di bawah ya!",False,5597,4200241,42,"[""Akhirnya bisa lebih sat set ya Kak ."", ""Pastikan kamu udah daftar di ya kak!"", ""Siap on check ya Kak. Trims."", ""Done Kak silakan cek lagi pesan pada DM ya"", ""Siap sudah dibalas ya Kak. Trims.""]",False,5,1056,11,False,31
google/gemma-3-4b-it,excitement,competence,hybrid_early,0.7,Bacanya hati ini langsung hangat Selamat berpulang kampung dan hati-hati di jalan,"Hati ikut hangat, selamat jalan kampung dan hati-hati selalu!",False,2879,4200242,42,"[""Keluarga adalah cinta yang tersirat Tak tampak namun kebahagiaan begitu pekat. Kasih tumbuh dalam setiap detik kebersamaan Hati damai jauh dari segala keresahan. Selamat pagi ! Support photo : faritmuhambali_fm (IG)"", ""Sobat jadikan Iduladha sebagai momentum untuk saling berbagi dan meningkatkan iman dengan keikhlasan. Semoga hikmah itu selalu mengiringi setiap langkah kehidupan kita."", ""Hari kemenangan telah tiba. Saatnya kita merayakan dengan hati yang bersih penuh rasa syukur dan kebahagiaan bersama orang-orang tercinta. Mari kita jadikan hari yang fitri ini sebagai awal langkah baru dengan harapan besar untuk masa depan yang penuh keberkahan untuk kita"", ""Terus semangat ya Kak hari baik itu pasti datang. Selamat pagi juga!"", ""Sambut hari ini dengan niat yang baik karena sesuatu yang diawali dengan kebaikan akan membawa pada kesuksesan. Selamat pagi Sobat. Retweet semua postingan karena ada pulsa senilai Rp50.000 untuk 2 orang beruntung setiap harinya.""]",False,5,1895,15,False,61
google/gemma-3-4b-it,excitement,competence,hybrid_early,0.7,Hmm... Ada yang tau ngga kenapa bisa demikian ya Beb? Mention juga temen-temen kamu yang pernah ngalamin Beb!,"“Eh, guys, ada yang ngerti gak sih kenapa bisa begini? Share juga ke temen-temen yang pernah ngerjain Beb, ya!”",False,3166,4200243,42,"[""Semoga salah satu acara Rangkaian HUT 129 BRI ini bisa jadi alasan hubungan kamu makin baik ya... Tiketnya masih tersedia nih! Yuk ajak temen pacar keluarga buat nonton bareng BRI Mini Soccer Clash tanggal 24 November 2024 di Mahaka Square! Ada Duta Thariq Aaliyah"", ""kamu paling kangen zaman yang mana? Cerita dong di kolom komentar atau reply tweet ini ya! Dari dulu hingga sekarang Telkom selalu hadir menemani perjalanan komunikasimu."", ""Hi kak Nebula kami mohon maaf sekali ya kamu jadi ngalamin kendala NFC setelah update. Yuk coba restart dulu perangkatnya dan pastikan fitur NFC-nya sudah aktif di pengaturan. Kalau masih belum bisa juga kakak bisa hubungi tim kami lewat Live Chat di"", ""siapa yang masih belum bisa move on dari serunya ? Sama nih Digimin juga. Terima kasih banyak atas antusiasme dan partisipasinya ya. Sampai jumpa lagi di event berikutnya!"", ""Hai Sobat BRI kami sudah merespons pesan melalui mention sebelumnya. Silakan melakukan pengecekan ya. Sobat BRI jangan bagikan data pribadi seperti PIN OTP atau Password kepada siapa pun termasuk yang mengatasnamakan BRI. Informasi lebih lanjut hubungi Contact BRI 1500017""]",False,5,2097,36,False,111
google/gemma-3-4b-it,sophistication,competence,hybrid_early,0.7,Kalau ngumpul sama teman-teman Vespa biasanya dimana sih? (IG ),"""Eh, seru kan kumpul sama temen-temen Vespa? (IG) Gimana nih next-nya nongkrong di mana bareng?""",True,4041,4200244,42,"[""apa salah satu tradisi yang paling menyenangkan saat Lebaran? Betul mudik jawabannya."", ""Semoga salah satu acara Rangkaian HUT 129 BRI ini bisa jadi alasan hubungan kamu makin baik ya... Tiketnya masih tersedia nih! Yuk ajak temen pacar keluarga buat nonton bareng BRI Mini Soccer Clash tanggal 24 November 2024 di Mahaka Square! Ada Duta Thariq Aaliyah"", ""Gimana menurut kamu? Asik kan ternyata bisa kerja sama dalam tim. Tapi apapun pilihan kamu yang penting bikin kamu nyaman dan kerjaan beres ya pastinya. Semangat hari Senin! Selamat bekerja!"", ""Woahhh seru abiss Next-nya nongkrong di mana lagi nih bareng ?"", ""Apa yang terasa berbeda di Lebaran kali ini? Yuk! Share di kolom reply!""]",False,5,1596,35,False,96
google/gemma-3-4b-it,excitement,competence,hybrid_early,0.7,Lagu Tokopedia kak,“Langsung wujudin wishlist-nya Kak Tokopedia!”,False,3394,4200245,42,"[""Langsung wujudin wishlist-nya Kak!"", ""Dengan senang hati Kak"", ""Siap Kak on check"", ""Langsung gas PO aja Kak Biar impianmu bisa segera dipegang sendiri"", ""Mohon cek DM kamu kembali ya Kak Kembang""]",False,5,1058,15,False,46
google/gemma-3-4b-it,sincerity,competence,hybrid_early,0.7,gasabar ketemu kamu di 8.8 beauties! ket1k 1 kalo kamu exc1ted menyambut si blurry ini,Hai beauties! Asik banget ketemu kamu di 8.8 ya! Ketik 1 kalo kamu excited menyambut si blurry ini 🥰,False,2090,4200246,42,"[""ini dia para pemenang tanggal 9 Mei 2024. Selamat ya! YourFuture"", ""Hai Nder mimin benar-benar minta maaf atas kendala yang kamu alami di layar Galaxy S21-nya Pasti bikin nggak nyaman banget ya. Yuk DM mimin langsung biar bisa segera kita bantu cari solusi terbaiknya. Mimin tunggu yaa DM dari kamu"", ""Hi we have responded to your message via DM. Please check it. Thanks~Agny"", ""Hai Sobat BRI mohon maaf atas ketidaknyamanan yang dialami. Apabila notifikasi yang diterima melalui aplikasi BRImerchant tidak sesuai mohon diabaikan saja ya. Sobat BRI jangan bagikan data pribadi seperti PIN OTP atau password kepada siapa pun termasuk yang"", ""Hi kak sendaljepit mimin mohon maaf banget atas kendala yang dialami pada Samsung Galaxy kamu. Untuk hal ini akan kami bantu lebih lanjut melalui DM. Mohon cek DM dari mimin ya kak.""]",False,5,1753,29,False,100
google/gemma-3-4b-it,sincerity,competence,hybrid_early,0.7,Hi Bapak silakan Bapak dapat langsung kirim proposal kegiatannya melalui email nestle.indonesia.nestle.com dalam format Word atau PDF. Ukurannya maksimal 3MB ya. :),"Hai Bapak. Baik, silakan Bapak kirimkan proposal kegiatannya melalui email nestle.indonesia.nestle.com dalam format Word atau PDF. Ukuran maksimal 3MB ya. :)",False,6052,4200247,42,"[""Selamat malam Kak. Mengenai pengajuan kerja sama atau sponsor yang melibatkan PT KAI silakan dapat mengirimkan ke alamat email esd.id ya. Informasi lanjutnya akan disampaikan melalui alamat email tersebut ya Kak. Railmin imbau untuk selalu hati-hati ya terhadap akun"", ""Mohon maaf untuk konfirmasi sebelumnya. Umumnya jika sudah memiliki e-KTP maka untuk pembukaan rekening bisa Bapak lakukan langsung di Cabang BCA terdekat mana saja dengan membawa dokumen berupa e-KTP NPWP (jika ada) dan setoran awal sesuai dengan jenis rekening."", ""Hai Sobat BRI. Mohon maaf atas ketidaknyamanan yang dialami. Apabila sudah berhasil melakukan penukaran poin dengan voucher maka detail pemesanan akan dikirimkan ke alamat email terdaftar dan riwayat pemesanan pada akun BRIpoin yang dimiliki. Pastikan email yang terdaftar dalam"", ""Hai Sobat BRI. Mohon maaf atas kendala pembukaan rekening yang dialami. Agar dapat dilakukan pengecekan mohon mengirimkan detail keterangan atau kode error yang tampil melalui DM ya. Tks~Lula"", ""Selamat pagi Kak. Baik. Apabila telah melakukan registrasi dan terdaftar reduksi maka pemesanan dapat dilakukan via aplikasi Access by KAI ya Kak. Berikut langkah pemesanan tiket dengan reduksi pada aplikasi Access by KAI: Silakan melakukan pemesanan dengan memilih rute dan""]",False,5,2297,43,False,157
google/gemma-3-4b-it,sincerity,competence,hybrid_early,0.7,ahhh ini juga enakeunnn,Makin enakeun yaa!,False,2110,4200248,42,"[""Gasabar buktiin sendiri yaa Siap-siap buat"", ""Gas kalo kata mimin mah Kak ."", ""Aduh gimana ya?"", ""Makin gak sabar yaa buat"", ""Sama-sama Kak sehat selalu ya""]",False,5,1023,9,False,18
google/gemma-3-4b-it,sophistication,competence,hybrid_early,0.7,RT : Sarapan bareng & sblm ride ke kaki gng salak :D,Sarapan bareng & sebelum naik motor ke kaki Gunung Sahilak :D Tks^Javi,False,4180,4200249,42,"[""settlement sebelum pukul 22:00 dan H+2 hari kalender jika settlement setelah pukul 22:00 ya. :) Tks^Javi"", ""Selamat sore Kak. Berdasarkan informasi dari unit terkait disampaikan bahwa parkir inap mobil selama 3 hari di Stasiun Mojokerto sebesar Rp60.000 dan untuk motor Rp48.000. Info lengkapnya Kakak bisa mention/DM Twitter menghubungi (0275) 645 2000 atau juga bisa email"", ""Baik berikut Railmin infokan tarif parkir motor di Stasiun Kediri: Tarif jam awal: Rp3.000. Tarif per jam berikutnya: Rp1.000. Tarif maksimal: Rp7.000. Tarif inap: Rp5.000/hari. Terima kasih."", ""Nomor HP yang aktif: Tanggal dan Jam Terima SMS: Kerugian (jika ada): Lokasi saat terima SMS: :) Tks^Javi"", ""Selamat & ! Masing-masing mendapatkan digital money senilai Rp250K Langsung DM kami ya""]",False,5,1665,23,False,70
google/gemma-3-4b-it,sincerity,competence,hybrid_early,0.7,Thank you for coming bestie,"Baik dengan senang hati, bestie!",False,2079,4200250,42,"[""Sorry for the inconvenience Mr/Mrs. Customer. If you are still having problems please send us a response of the image display via DM so that we can inform you according to your needs. :) Tks ^Heybi"", ""Perfect for you we're sure!"", ""Hi kak Yaya sebelumnya kami mohon maaf atas ketidaknyamanan yang dialami ya. Perihal pembelian di Lazada mohon untuk menghubungi tim CS Samsung di Lazada untuk dibantu pengecekan lebih lanjut ya. Untuk status pengiriman hanya tim CS Samsung di Lazada yang dapat melakukan"", ""Dengan senang hati kami informasikan Ibu . Jika yang dimaksud Ibu dihubungi terkait dengan penawaran kartu kredit"", ""Baik dengan senang hati Kak""]",False,5,1523,9,False,32
google/gemma-3-4b-it,sincerity,competence,hybrid_early,0.7,Pick your Shade Hero of Creamatte Bestie! Emina Creamatte tersedia dalam 15 variety of fresh color loh jadi Bestie bisa sesuain sama skintone dan your favorite shades Mina mau tau dong shade hero Bestie yang mana nih?,"""Wih, Bestie Creamatte! Pilih shade-mu yang paling cocok ya di Emina. Ada 15 pilihan warna segar, jadi Bestie bisa sesuaikan sama skintone dan warna kesukaanmu. Mina penasaran, shade hero Bestie kamu yang mana nih?""",False,2021,4200251,42,"[""Hai Sobat BRI. Terima kasih atas ketertarikannya terhadap program BRI. Akan ada ratusan tenant menarik mulai dari fashion hingga FnB dan pastinya promo spesial dari BRImo. Kami informasikan event BRImo x USS berlangsung pada tanggal 25-27 Oktober 2024 di Hall A-B Jakarta"", ""Silakan melakukan pengecekan ya. Dapatkan informasi terbaru seputar layanan dan promo BRI dengan Sabrina WhatsApp 0812 1214 017. Tks~Diva (2)"", ""sudah nggak sabar kan untuk mengetahui siapa yang terpilih sebagai pemenang-pemenang utama rangkaian spesial bulan Ramadan? Para pemenang utama yang terpilih sudah mengikuti rangkaian kuis selama 4 minggu berturut-turut dan menjawab dengan benar"", ""Terima kasih atas kepercayaan seluruh nasabah BRI kembali raih penghargaan Best Bank For Corporate Responsibility dari Euromoney Awards for Excellence 2024! Swipe left untuk tau kontribusi BRI selengkapnya"", ""Hi kak Ivr Halo Kak maaf banget kalau penyimpanannya terasa cepat penuh Beberapa fitur sistem dan aplikasi bawaan memang memakan cukup banyak ruang. Kakak bisa coba optimalkan penyimpanan dengan hapus cache dan nonaktifkan aplikasi yang jarang dipakai. Kalau masih terasa""]",False,5,2211,60,False,215
google/gemma-3-4b-it,ruggedness,competence,hybrid_early,0.7,Consiners~! Ayo merapat bagi consiners yang masih kebingungan untuk mengatur torso Consina Everest Expert Series Generasi ke-3! Simak videonya sampai habis ya~!! Ayo absen yang udah bisa atur flexible adjustable torso-nya Consina Everest Expert Series Generasi ke-3!!,Hai Consiners! Terima kasih atas antusiasmenya. Kami informasikan bagi Sobat Consina yang masih kebingungan untuk mengatur torso Consina Everest Expert Series Generasi ke-3! Simak videonya sampai habis ya~!! Ayo absen yang udah bisa atur flexible adjustable torso-nya Consina Everest Expert Series Generasi ke-3!!,False,5516,4200252,42,"[""Hai Sobat BRI. Terima kasih atas antusiasmenya. Kami informasikan event BRImo x USS berlangsung pada tanggal 25-27 Oktober 2024 di Hall A-B Jakarta Convention Center (JCC) Jakarta Pusat. Sobat BRI jangan pernah memberitahukan data pribadi kepada pihak mana pun termasuk"", ""Hai Sobat BRI. Terima kasih atas antusiasmenya. Kami informasikan event BRImo x USS berlangsung pada tanggal 25-27 Oktober 2024 di Hall A-B Jakarta Convention Center (JCC) Jakarta Pusat ya. Sobat BRI jangan pernah memberitahukan data pribadi kepada pihak manapun termasuk"", ""Hai Sobat BRI. Terima kasih atas antusiasmenya. Kami informasikan event BRImo x USS berlangsung pada tanggal 25-27 Oktober 2024 di Hall A-B Jakarta Convention Center (JCC) Jakarta Pusat. Sobat BRI jangan pernah memberitahukan data pribadi kepada pihak manapun termasuk"", ""Hai Sobat BRI. Terima kasih atas antusiasmenya. Untuk dapat mengikuti program undian BRImo FSTVL Sobat BRI dapat siapkan aplikasi BRImo perbanyak transaksi dan tingkatkan saldo agar mendapatkan peluang memenangkan hadiah menarik sebagai apresiasi. Kami sampaikan syarat dan"", ""menjelang perayaan Idul Fitri 1445 H Telkom Indonesia kembali menyelenggarakan program Mudik Gratis Mudik Hepi Telkomsel Poin bersamaan dengan Mudik Gratis Bersama BUMN yang diselenggarakan Kementerian BUMN tahun ini dengan tema Mudik Asyik Bersama BUMN .""]",False,5,2464,72,False,313
google/gemma-3-4b-it,ruggedness,competence,hybrid_early,0.7,Photo by : Ekspedisi Nusantara Jaya perjalanan via laut bersama pasukan-pasukan,"""Foto by : Ekspedisi Nusantara Jaya, seru banget jalan-jalan bareng tim!""",False,5730,4200253,42,"[""Langsung PO aja yuk di Siap-siap bawa pulang impian"", ""Jadi saksi perjalanan KA kelas Bisnis dari dulu sampe akhirnya purna tugas di pulau jawa"", ""Kenangan trip dengan kelas Bisnis KA Tegal Bahari bakal terus membekas ya Kak ."", ""pengiriman ulang kembali. Namun apabila request (permintaan) pengiriman OTP telah melebihi batas maksimum maka Bapak/Ibu dapat mencoba kembali keesokan harinya. Tks ^Zoro"", ""Mudik rasanya menjadi tradisi menyenangkan dimana kita bisa berjumpa dengan sanak saudara. Kita pun juga saling mengirimkan ucapan dan pesan saat Lebaran tiba.""]",False,5,1487,22,False,73
google/gemma-3-4b-it,ruggedness,competence,hybrid_early,0.7,Kini bisa beli di tempat loh bro! Ayo main-main ke Bekasi & Surabaya Hari ini!,“Buruan mampir ke Bekasi & Surabaya! Bisa langsung beli di sini!”,False,5961,4200254,42,"[""LIKE post ini kalau kamu mau banget ! Ayo ikutan pre-order untuk dapatkan total benefit up to Rp3.9 jt. Promo berlaku hingga 31 Juli 2025. Pesan sekarang:"", ""Jangan lupa daftar ya di biar dapet benefit-nya!"", ""Yuk daftar dulu di biar gak ketinggalan promonya"", ""Tap untuk tips hidup sehat dan produktif ala Adib Dwitamma! Ayo datang ke Bandung dan cobain fitur terbaru dari ! Saatnya pre-order sekarang dan dapatkan benefit up to 11 juta!"", ""Perubahan di Stasiun Bekasi dapat dilakukan layanan loket beroperasi setiap hari mulai pukul 07.00-19.00 WIB. Berada di loket perubahan nomor 2. Baik proses perubahan jadwal kereta kelas KA rute atau posisi tempat duduk dapat dilakukan selama tiket penggantinya masih""]",False,5,1632,19,False,65
google/gemma-3-4b-it,excitement,competence,hybrid_early,0.7,Hai Kak maaf banget jadi susah order ya . Sebagai informasi hal tersebut biasanya terjadi jika permintaan layanan Gojek di areamu sedang tinggi. Ketika kamu melakukan order tergantung pada ketersediaan driver kami yang aktif di area Resto. (1/2),"Hai Sobat BRI. Mohon maaf atas kesulitan yang dialami saat order ya. Biasanya hal ini terjadi jika permintaan layanan Gojek di area kamu sedang tinggi. Saat melakukan order, tergantung ketersediaan driver kami yang aktif di area Resto. (1/2)",False,2900,4200255,42,"[""Hai Sobat BRI mohon maaf atas ketidaknyamanan yang dialami. Apabila notifikasi yang diterima melalui aplikasi BRImerchant tidak sesuai mohon diabaikan saja ya. Sobat BRI jangan bagikan data pribadi seperti PIN OTP atau password kepada siapa pun termasuk yang"", ""Hai Sobat BRI. Mohon maaf atas kendala transaksi transfer yang dialami. Benar ya. Saat ini fitur BI-FAST sedang dilakukan peningkatan pelayanan oleh pihak terkait. Sebagai alternatif untuk transaksi transfer online ke bank lain tetap bisa dilakukan melalui aplikasi BRImo."", ""Hai Sobat BRI. Mohon maaf atas ketidaknyamanan yang dialami. Kami sampaikan saat ini transaksi menggunakan channel BRI normal. Silakan ulangi transaksi yang akan dilakukan secara berkala beberapa saat ke depan. Jika masih mengalami kendala mohon diinformasikan media transaksi"", ""Hai Sobat BRI. Mohon maaf atas kendala transaksi transfer yang dialami. Terkait kendala kami sudah respons pesan melalui DM. Silakan melakukan pengecekan ya. Tks~Belin"", ""Hai Sobat BRI. Mohon maaf atas ketidaknyamanannya. Belum bisa ya. Registrasi SMS notifikasi hanya dapat dilakukan dikantor BRI. Guna informasi sesuai dapat disampaikan penyebab ingin melakukan registrasi. Tks~Becca""]",False,5,2293,55,False,241
google/gemma-3-4b-it,sincerity,competence,hybrid_early,0.7,hayoo siapa yang bingung juga?! coba RT yuk yang masih bingung kalo masih banyak yang bingung nanti Mina spill nih tipsnya,"""Eh, ada yang lagi kebingungan juga nih? Yuk, RT kalau masih bingung, nanti aku kasih tau solusinya nih!""",False,2076,4200256,42,"[""Halo Kak Zendayani mohon maaf atas ketidaknyamanan yang terjadi Untuk kendala ini disarankan agar unitnya bisa dibawa ke Samsung Service Center terdekat ya supaya bisa dicek lebih lanjut oleh teknisi kami. Semoga segera bisa teratasi"", ""Hi kak ik sebelumnya mimin mohon maaf sekali atas kendala yang terjadi. Untuk estimasi harga perbaikannya hanya bisa ditentukan setelah pengecekan unitnya ya kak. Mohon mengunjungi Samsung Service Center terlebih dahulu"", ""Terus semangat jalanin puasa hari ke-2 ini ya Sobat. Biar makin semangat coba tebak kata dari gambar di atas karena akan ada saldo LinkAja sebesar 100 Ribu untuk 5 Sobat yang beruntung."", ""Buat yang belum tau cek postingan Digimin yang ini nih"", ""Tidak terasa puasa sudah memasuki minggu ke dua ya Sobat. Bagi Sobat yang belum ikutan main tebak kata yuk coba tebak kata dari gambar di atas. akan ada 5 Sobat yang memenangkan saldo LinkAja sebesar 100 Ribu lho.""]",False,5,1887,31,False,105
google/gemma-3-4b-it,ruggedness,competence,hybrid_early,0.7,New Colour Of Backpack Mc Kinley Price : Rp 295.000 - More Info :,Hai Sobat! Backpack Mc Kinley warna baru hadir dengan harga Rp 295.000. Cek selengkapnya di…,False,5771,4200257,42,"[""Rangkaian acara menghadirkan Fun Walk yang diikuti oleh karyawan TelkomGroup beserta keluarga dengan total lebih dari 13.000 peserta yang dimeriahkan oleh penampilan Tipe-X serta Project Pop ditutup dengan pengundian door prize dan grand prize bagi peserta."", ""Kamu bisa langsung cek ke Samsung Experience Store biasanya di sana ada berbagai pilihan casing resmi untuk model-model Samsung."", ""Hi kak Henjat harganya mulai dari Rp28.499.000 dan dengan harga Rp 17.999.000"", ""Hai Sobat BRI. Terima kasih atas ketertarikannya terhadap program BRI. Sobat BRI dapat menikmati promo berbagai jenis sneakers pada event BRImo x USS yang berlangsung pada tanggal 25-27 Oktober 2024 di Hall A-B Jakarta Convention Center (JCC) Jakarta Pusat. Sobat BRI jangan"", ""Hai Sobat BRI. Terima kasih atas ketertarikannya terhadap program BRI. Sobat BRI dapat menikmati promo berbagai jenis sneakers pada event BRImo x USS yang berlangsung pada tanggal 25-27 Oktober 2024 di Hall A-B Jakarta Convention Center (JCC) ya. Sobat BRI jangan pernah""]",False,5,1932,32,False,92
google/gemma-3-4b-it,sincerity,competence,hybrid_early,0.7,Minty lagi siap siap buat buka puasa di luar skinprep-nya satset aja sebelum meap wiken ini rencana buka puasa di mana Beauties?,"""Jadi gimana rencana kamu buat buka puasa nih? Sebelum weekend ini, udah kepikiran mau buka puasa di mana, Beauties?""",False,2267,4200258,42,"[""ngerasa nggak sih? selama Ramadan ini screen time jadi meningkat? Coba deh cek HP kamu sekarang!"", ""puasa bukan alasan untuk malas gerak! Dengan olahraga yang tepat tubuh tetap sehat dan bertenaga selama Ramadan. Yuk simak tipsnya!"", ""gimana puasanya sampai hari ini? Sambil menunggu waktu berbuka yuk! Kita berbagi pengetahuan tentang bagaimana cara ngembangin bisnis!"", ""Bagaimana puasa Sobat hari ini? Jangan lupa untuk main tebak kata setiap sore selama bulan Ramadan hanya di akun . Karena ada saldo LinkAja sebesar 100 Ribu untuk 5 Sobat yang beruntung. Hari ini kata apa yg ada dalam gambar di atas?"", ""Jadi gimana versi Bare Minimum Monday ? Punya rutinitas khusus tiap Senin? Yuk share di kolom reply!""]",False,5,1683,30,False,117
google/gemma-3-4b-it,excitement,competence,hybrid_early,0.7,Selamat Tahun Baru Imlek 2020 untuk kamu yang merayakannya Beb! Jadikan momen ini untuk memanjatkan doa dan harapan baik dengan berkumpul bersama keluarga tercinta. Semoga kebahagiaan rezeki yang melimpah serta kesehatan selalu menyertai di tahun baru ini.,"Yuk rayakan Tahun Baru Imlek 2020 bersama keluarga, Beb! Semoga doa dan harapan baik serta rezeki melimpah selalu menyertai di tahun yang baru ini.",False,3133,4200259,42,"[""Yuk sambut Hari Raya Idul Fitri dengan berbagi kebaikan bersama Telkom Indonesia!"", ""dalam merayakan Iduladha tahun ini Telkom Indonesia sekaligus mewujudkan semangat sinergi untuk memberi yang terbaik bagi masyarakat luas khususnya mereka yang membutuhkan. Kiranya momentum ini menjadi pengingat dan mengajak kita semua untuk senantiasa berbagi"", ""Selamat Hari Ibu untuk para perempuan di Indonesia. Terima kasih telah menjadi kehangatan dan inspirasi kebahagiaan dalam keluarga!"", ""Selamat Hari Natal Sobat Telkom. Semoga Natal membawa kebahagiaan dan keceriaan untuk Sobat dan orang-orang tersayang."", ""Yuk dukung Telkom Indonesia dalam mendukung kebersamaan dan silaturahmi masyarakat di momen Idulfitri!""]",False,5,1809,40,False,147
google/gemma-3-4b-it,sincerity,competence,hybrid_early,0.7,AAA GEMESSS!!! sehat sehat kamu dan ibuuu,"Dengan senang hati ya, sehat selalu kamu dan ibu!",False,2172,4200260,42,"[""Terima kasih kembali Kak sehat selalu ya."", ""Baik Kak. Terima kasih kembali ya Kak. Selalu jaga kesehatan ya."", ""Dengan senang hati Kak. Kakak juga sehat selalu ya ."", ""Tap untuk tips hidup sehat dan produktif ala Adib Dwitamma! Ayo datang ke Bandung dan cobain fitur terbaru dari ! Saatnya pre-order sekarang dan dapatkan benefit up to 11 juta!"", ""Dengan senang hati Kak sehat selalu ya.""]",False,5,1274,12,False,49
google/gemma-3-4b-it,sincerity,competence,hybrid_early,0.7,pas masih segede gini ya,Gak kedip mimin liatnyaaa,False,2167,4200261,42,"[""Gas kalo kata mimin mah Kak ."", ""Makin gak sabar yaa buat"", ""Akhirnya bisa lebih sat set ya Kak ."", ""Gak kedip mimin ngeliatnyaaa"", ""Kita juga gak sabar liat kamu bareng""]",False,5,1038,11,False,25
google/gemma-3-4b-it,excitement,competence,hybrid_early,0.7,Gausah ga akan bisaa mending belanja aja deh di tanggal cantik 11.11 ada Guncang 11.11 Tokopedia promonya dijamin dapet! Kan sambil rebahan,"“Yuk, belanja puas-puas di Guncang 11.11 Tokopedia! Dijamin dapet banyak promo menarik. Asyik banget buat sambil rebahan!”",False,3537,4200262,42,"[""Hai Sobat BRI. Terima kasih atas ketertarikannya pada promo BRI. Benar ya. Kami informasikan promo Wingstop 11.11 berlaku di seluruh outlet Jakarta. Silakan nikmati promo tersebut dengan syarat dan ketentuan sebagai berikut: - Diskon 50%. - Maksimal diskon Rp45.000. - Minimal"", ""LIKE post ini kalau kamu mau banget ! Ayo ikutan pre-order untuk dapatkan total benefit up to Rp3.9 jt. Promo berlaku hingga 31 Juli 2025. Pesan sekarang:"", ""Yuk daftar dulu biar dapetin promo eksklusifnya di sini Biar gak ketinggalan kejutan di tanggal 9 Juli nanti"", ""Hai Sobat BRI. Tidak perlu khawatir. Ada ya. Kami lakukan pengecekan kantor BRI layanan weekend banking daerah Jakarta Selatan yaitu: 1. Kantor Cabang Jakarta Mall Ambasador yang beralamat di Mall Ambassador Lantai Dasar No. 49-51 Jln. Prof. Dr. Satrio Kuningan Kelurahan Karet"", ""Hai Sobat BRI tidak ya. Kami sampaikan tanggal 9 Juni 2025 seluruh kantor BRI tidak beroperasi. Tidak perlu khawatir. Sobat BRI dapat mengunjungi kantor BRI pada tanggal 10 Juni 2025. Dapat diinformasikan transaksi apa yang ingin dilakukan melalui kantor BRI? Dapatkan""]",False,5,2083,40,False,122
google/gemma-3-4b-it,sophistication,competence,hybrid_early,0.7,Fashion Spread : Beauty & Hair Magazine November 2010,"""Fashion Spread: Beauty & Hair Magazine, November 2010! Jangan ketinggalan, wajib banget ditunggu!""",False,4918,4200263,42,"[""Informasi lebih lanjut mengenai kode promosi maka silakan dapat mengakses link berikut: . Tks ^Ivah"", ""Hai Sobat BRI. Terima kasih atas ketertarikannya terhadap program BRI. Akan ada ratusan tenant menarik mulai dari fashion hingga FnB dan pastinya promo spesial dari BRImo. Kami informasikan event BRImo x USS berlangsung pada tanggal 25-27 Oktober 2024 di Hall A-B Jakarta"", ""Wajib banget ditunggu! Jangan lupa daftar dulu biar dapet promo eksklusifnya"", ""Semuanya pasti excited banget nih"", ""Jangan lupa daftar dulu biar gak ketinggalan promo spesialnya~ Siap-siap terpesona di nanti""]",False,5,1484,28,False,99
google/gemma-3-4b-it,excitement,competence,hybrid_early,0.7,Betul wkw,"""Betul, ya!""",False,2593,4200264,42,"[""Setuju!"", ""Relate ya"", ""ini dia para pemenang tanggal 24 April 2025. Selamat ya!"", ""ini dia para pemenang tanggal 22 Mei 2025. Selamat ya!"", ""ini dia para pemenang tanggal 10 April 2025. Selamat ya!""]",False,5,1052,8,False,12
google/gemma-3-4b-it,sophistication,competence,hybrid_early,0.7,Get your 3-IN-1 Ultimate Serum Sunscreen now at Sociolla,"“Yuk, buru-buru dapatkan Serum Pelindung Matahari 3-in-1 Ultimate di Sociolla!”",False,3627,4200265,42,"[""Hi kak milkteethe kamu bisa cek secara berkala untuk mengetahui apakah update-nya sudah tersedia di unitmu. Tapi kamu tidak perlu khawatir karena nanti akan muncul notifikasi pemberitahuan secara otomatis ya."", ""Berikut cara membuat BCA ID di myBCA: 1. Install aplikasi myBCA 2. Pilih Sudah Punya Rekening 3. Pilih Buat BCA ID Sekarang 4. Tentukan BCA ID email dan password yang diinginkan centang Syarat & Ketentuan yang berlaku lalu Lanjut"", ""Apabila ingin mengakses melalui myBCA berikut kami informasikan langkah-langkahnya: - Login ke myBCA - Pilih fitur e-Statement - Pilih Rekening"", ""DIPERPANJANG SAMPAI 2 JULI KESEMPATAN TERAKHIR buat dapetin Grand Prize Galaxy TERBARU yang akan di Unpacked 9 Juli nanti! Buruan ikutan sekarang"", ""Join us tonight for the reveal""]",False,5,1672,28,False,79
google/gemma-3-4b-it,sincerity,competence,hybrid_early,0.7,Seluruh menu yang dijual di McDonald's Indoenesia di jamin halal ya kak. Termasuk BTS Meal :),"Selamat siang Kak. Seluruh menu yang tersedia di McDonald’s Indonesia terjamin halal, lho ya! Termasuk BTS Meal juga, Kak!",False,1936,4200266,42,"[""Selamat sore Kak. Mohon maaf atas ketidaknyamanannya. Penyajian makanan atau minuman atas pemesanan via Railfood bila sudah tersedia akan diantarkan ke kursi oleh petugas. Namun menyesuaikan dengan ramainya pembelian di rangkaian restorasi Kak (tidak dapat dipastikan). Apabila"", ""Siapa bilang camilan sehat nggak bisa tembus luar negeri? Bareng BRI Casa Grata berhasil ekspor perdana ke Singapura dengan produk camilan bebas pengawet bebas MSG dan pastinya gluten-free & vegan! Sekarang camilan sehat ala Casa Grata rutin dikirim ke luar negeri dan"", ""Selamat malam Kak. Apabila ingin pesan makan dan minum pada saat perjalanan Kereta Api bisa melalui menu Railfood via aplikasi Access by KAI atau Website Nantinya menu yang dipesan akan diantar oleh Prama/Prami ke tempat duduk sesuai kode booking tiket."", ""Selamat pagi Kak. Pemesanan makanan/minuman bisa melalui aplikasi Access by KAI pada menu Railfood website lokomart dengan memasukkan kode booking tiket atau Kakak langsung menuju ke restorasi KA ya. Railmin bantu cek silakan diinformasikan kode"", ""Selamat malam Kak. Mohon maaf pembayaran makanan yang dipesan melalui Railfood tidak dapat dilakukan secara cash/tunai ya. Silakan menggunakan Qris atau KAIPay untuk transaksi pembayarannya. Railmin imbau untuk selalu hati-hati ya terhadap akun penipuan yang mengatasnamakan""]",False,5,2271,31,False,122
google/gemma-3-4b-it,sincerity,competence,hybrid_early,0.7,Ingfokan koordinat giveaway Ayoo merapat beauties,"""Selamat buat beauties yang sudah merapat untuk koordinat giveaway! 🎉""",False,2282,4200267,42,"[""Selamat kepada & yang telah terpilih menjadi pemenang giveaway Terima kasih sudah mengikuti keseruan giveaway . Congrats guys!"", ""Congrats kamu terpilih jadi salah satu pemenangnya! Cek DMnya segera untuk claim hadiahnya"", ""Haloo congrats yaa kamu terpilih jadi salah satu pemenangnya! Segera claim hadiahmu lewat DM"", ""Congratulations kamu berhasil memenangkan uang digital senilai Rp200.000 Terima kasih atas partisipasinya di bareng 5G! Langsung DM untuk klaim hadiahnya ya!"", ""Selamat kepada para pemenang Quiz Tes Pengetahuan Telkom! Terima kasih sudah ikut seru-seruan bareng Digimin! Yuk cek siapa aja yang beruntung kali ini!""]",False,5,1527,17,False,70
google/gemma-3-4b-it,ruggedness,competence,hybrid_early,0.7,Ayo daftarkan diri kamu sekarang dengan cara scan barcode yang tertera atau melalui tab Jelajah di aplikasi EIGER Adventure ya!,"“Buruan daftarin diri kalian sekarang lewat barcode yang ada atau langsung klik tab Jelajah di aplikasi EIGER Adventure, guys!”",False,5045,4200268,42,"[""Kalau udah nemu smartphone impian saatnya wujudkan dong Langsung mampir ke dan PO di tempat biar makin dapet banyak benefit"", ""Ada promo eksklusif buat kamu! Ayo daftar di & dapatkan promo jutaan rupiah dari pembelian Galaxy Foldable terbaru! Pastikan kamu udah set kalender buat ikutan pada 9 Juli 2025 pukul 21.00 WIB ya!"", ""Yuk! Kunjungi untuk informasi lebih lanjut!"", ""Selamat kepada para pemenang Quiz Tes Pengetahuan Telkom! Terima kasih sudah ikut seru-seruan bareng Digimin! Yuk cek siapa aja yang beruntung kali ini!"", ""Siapa nih yang pengen ketemu Zee weekend ini di ? Ketik emoji kalau kalian mau ketemu Zee Yuk langsung aja datang! Kamu bisa dapatkan hadiah dengan ikuti experience yang bisa kamu pre-order dengan benefit up to Rp9 4jt""]",False,5,1720,29,False,127
google/gemma-3-4b-it,ruggedness,competence,hybrid_early,0.7,Outfit ini bakal bikin Brothers bebas jalan-jalan saat sedang menikmati liburan.,"""Outfit kece nih, bakal bikin lu bebas roam bebas pas liburan! Pasti seru banget ya!""",False,5893,4200269,42,"[""menyambut perayaan Idulfitri 1446H Telkom Indonesia kembali menyelenggarakan Program Mudik Gratis bagi pelanggan lewat Mudik Bersama BUMN dan Mudik Hepi Telkomsel Poin."", ""Wah banyak sekali manfaatnya ya! Yuk Sobat luangkan waktu untuk berolahraga seperti jalan kaki untuk hidup yang lebih sehat. Sobat suka jalan kaki setiap hari?"", ""siapa yang sudah siap buat pemanasan? Pendaftaran Digiland Run 2024 sudah dibuka nih! Jangan sampai kelewatan harga spesial early bird flash ya! Cek informasi selengkapnya juga di akun ."", ""Yuk dukung Telkom Indonesia dalam mendukung kebersamaan dan silaturahmi masyarakat di momen Idulfitri!"", ""Olahraga hits makin rame dari padel sampai pilates. Seru sih... tapi jangan sampai lupa cek kondisi dompet juga Yuk ikuti tren dengan bijak. Sehat fisik sehat finansial.""]",False,5,1725,24,False,85
google/gemma-3-4b-it,sophistication,competence,hybrid_early,0.7,Sedaap : Bon Jovi - Its My Life Biar PD make Vespa Kesayangan Vespa_IND,"""Kalau Vespa idaman? 😎 Vespa_IND""",False,4202,4200270,42,"[""Melalui program Mudik Hepi Telkomsel Poin Telkom Indonesia memberangkatkan total 2.187 pemudik diantaranya pelanggan UMKM sales force dan masyarakat umum melalui 35 bus dan 3 kapal laut dengan berbagai tujuan."", ""Jika kartu ATM GPN maka belum bisa ya Bapak . :) Tks^Javi"", ""Seberapa beyond ide kamu? Ikut & menangkan : Digital money 500K (2 pemenang) 1-Day Full Experience with Gemini S25 untuk 1 prompt terlucu! Ditunggu hingga 30 Juni 2025! Series"", ""Tidak perlu khawatir. Benar ya. Penggantian kartu debit hilang akan dikenakan biaya sesuai dengan jenis kartu debit sebagai berikut: 1. Private Label/GPN Simpedes: Rp10.000. 2. Silver/Classic: Rp15.000. 3. Black/Gold/GPN BritAmaX: Rp20.000. 4. Premium:"", ""Kalau apa kendaraan umum favorit ?""]",False,5,1659,13,False,33
google/gemma-3-4b-it,sophistication,competence,hybrid_early,0.7,Emang sunscreen ga boleh ketinggalan ya! ditambah tinted lip balm jadi keliatan fresh seharian,"“Sunscreen tuh penting banget, kan? Pakai tinted lip balm juga biar makin keliatan segar seharian, nih!”",False,3747,4200271,42,"[""Spill warna mana yang paling kece buat kamu?"", ""Duh Ian makin berkarisma banget ya saat ngasih penyuluhan gini Yuk langsung nonton Web Series Pakai Hati Reborn hanya di Youtube Bank BRI atau klik link di bio ya Sobat BRI!"", ""ngerasa nggak sih? selama Ramadan ini screen time jadi meningkat? Coba deh cek HP kamu sekarang!"", ""Hi kak Yaya kalau status bar nggak muncul pas screenshot itu karena aplikasi lagi dalam mode fullscreen otomatis. Bisa dicek di Settings > Display > Full screen apps atau coba update IG-nya dulu ya"", ""Hi kak May mohon maaf sekali atas kendalanya ya. Bisa jadi ada aplikasi yang nyedot daya di background setting layar terlalu cerah atau sistem belum optimal. Coba cek di Device care > Battery > Usage buat lihat apa yang paling banyak makan daya lalu matikan aplikasi nggak""]",False,5,1737,27,False,104
google/gemma-3-4b-it,excitement,competence,hybrid_early,0.7,Valid nih,Valid nih ya Kak. Trims.,False,3284,4200272,42,"[""Siap Kak on check"", ""Siap on check ya Kak. Trims."", ""Betul Kak tapi di hari sebelumnya ya"", ""On check ya Kak. Trims."", ""Selamat sore Kak. Mohon cek DM ya Kak. Trims.""]",False,5,1019,9,False,24
google/gemma-3-4b-it,sophistication,competence,hybrid_early,0.7,Vespa LXV150ie 3V tersedia dalam laburan warna eksklusif Red Chianti,“SELAMAT! Kamu beruntung dapatkan 1 unit Vespa LXV150ie 3V dalam warna eksklusif Red Chianti! Jangan lewatkan kesempatan ini!”,False,4184,4200273,42,"[""MENANGKAN 1 SET EXCLUSIVE BOX Galaxy S25 Edge x SukkhaCitta! RT like dan drop jawaban kamu di reply! Galaxy S25 Edge slim & durable ini paling cocok buat ? Sertakan: Edge Periode sampai 21 Juni 2025"", ""Selamat pagi Kak. Perjalanan KA Cikuray saat ini menggunakan rangkaian campuran Ekonomi Premium dan Premium Modifikasi. Untuk kursi Ekonomi Premium kursi yang berhadapan tersedia di nomor 11 dan 12 (AB-CD). Sementara untuk kursi Ekonomi Premium Modifikasi tempat duduk"", ""Selamat malam Kak. Perjalanan KA Cikuray saat ini menggunakan rangkaian campuran Ekonomi Premium dan Premium Modifikasi. Untuk kursi Ekonomi Premium kursi yang berhadapan tersedia di nomor 11 dan 12 (AB-CD). Sementara untuk kursi Ekonomi Premium Modifikasi tempat duduk"", ""SELAMAT! kamu dapat 1 unit Galaxy M15 karena sudah berbagi cerita versimu! Langsung DM kami ya Masih ada 2 unit Galaxy M15 dan Grand Prize Galaxy TERBARU menunggu! Ikutan sekarang"", ""Jelang MotoGP Mandalika 2023 jadi Official Media Partner MotoGP Mandalika 2023 merupakan salah satu ajang balap motor paling dinanti-nantikan di kalender balap internasional. Event ini menarik perhatian ribuan penggemar balap motor dari seluruh dunia.""]",False,5,2094,41,False,126
google/gemma-3-4b-it,sophistication,competence,hybrid_early,0.7,Hai Bestie untuk soco poin yang expired tidak bisa di aktifkan kembali ya kak dan kami informasikan untuk masa aktif poin adalah 12 bulan sejak poin di dapatkan kemudian syarat dan ketentuan terkait soco poin sudah tertera ya kak :) (mp),"Hai Bestie, untuk soco poin yang sudah expired, tidak bisa diaktifkan kembali ya kak. Kami informasikan bahwa masa aktif poin adalah 12 bulan sejak poin didapatkan, kemudian syarat dan ketentuan terkait soco poin sudah tertera ya kak :) (mp)",False,3566,4200274,42,"[""Hai Sobat BRI. Tidak bisa ya. Kami informasikan layanan SMS banking sudah dinonaktifkan per April 2022. Guna informasi sesuai apakah yang dimaksud ingin menonaktifkan layanan SMS notifikasi? Tks~Vani"", ""Hai Sobat BRI mohon maaf atas kendala top up GoPay yang dialami. Kami informasikan transaksi top up GoPay yang sudah mengurangi saldo rekening silakan melakukan konfirmasi ke pihak GoPay agar dilakukan pengecekan karena bersifat real time. Jika sudah konfirmasi kepada pihak"", ""Selamat pagi Kak. Pengembalian dana refund saat ini membutuhkan waktu 7 hari sejak tanggal pembatalan ya Kak. Agar dapat Railmin bantu pengecekan status refund silakan melengkapi data berikut via DM: - kode booking: - nomor rekening/ewallet: - Nama & NIK penumpang dewasa:"", ""Selamat pagi Kak. Jika yang dimaksud promo kemerdekaan 17 Agustus 2025 hingga saat ini belum tersedia informasinya. Silakan Kakak bisa cek berkala dan pantau terus postingan media sosial Railmin untuk info updatenya ya. Railmin imbau untuk selalu hati-hati ya terhadap akun"", ""Selamat malam Kak. Pengembalian dana refund prosesnya membutuhkan waktu 7 hari sejak pembatalan. Agar dapat Railmin bantu cek silakan bisa informasikan data berikut via DM ya: Kode booking: Nomor Rekening/e-Wallet penerima refund: NIK salah satu penumpang dewasa yang""]",False,5,2383,57,False,241
google/gemma-3-4b-it,sophistication,competence,hybrid_early,0.7,Pure Vespa style turning heads wherever it goes. how you want to be the center of attention you can do it with Vespa! Click the link to get more info!,"""Dengan gaya Vespa yang murni, kendaraan ini menarik perhatian di mana pun ia melintas. Jika Anda ingin menjadi pusat perhatian, Vespa adalah jawabannya! Klik tautan untuk informasi lebih lanjut.""",False,3786,4200275,42,"[""in line with the spirit of digital transformation Telkom Indonesia continues to offer various competency development programs to empower all employees in reaching their full potential. These initiatives are designed to support career growth that"", ""AIPF will be joined by several heads of state/government as keynote speakers while various panel discussions and talk shows will host leaders of private and public sectors (continued)"", ""We're happy to reply to the DM Mr./Mrs. Customer sent. Please be sure to contact the official account with the gold checkmark. Tks^Sukma"", ""We are happy to check the DM that Mr./Mrs. Customer sent and make sure to interact with the official account that has a gold tick. Tks ^Zaydee"", ""A new vision is coming Watch. Work. Play. In style with Vision AI & OLED. Get up to IDR 1 mio off + gifts up to IDR 3.9 mio! Reserve now:""]",False,5,1854,40,False,196
google/gemma-3-4b-it,sophistication,competence,hybrid_early,0.7,Interpretation of monochrome elegance. Saptodjojokartiko studded bustier and ballgown skirt,"""Baik, saat ini tersedia penawaran khusus untuk interpretasi keanggunan monokrom dengan bustier dan rok gaun bal sebanyak Saptodjojokartiko, menjadi 100 ribu (Eksekutif) dan 45 ribu (Ekonomi). Pemesanan dapat dilakukan mulai 2 jam sebelum keberangkatan.""",False,4853,4200276,42,"[""Selamat sore Kak. Tersedia tarif khusus rute Cirebon-Purwokerto tersedia dengan KA Argo Dwipangga Argo Lawu Purwojaya Manahan Sawunggalih Ranggajati Cakrabuana sebesar 100 ribu (Eksekutif) 45 ribu (Ekonomi). Pemesanan tiket dengan tarif khusus dapat dilakukan via aplikasi"", ""Selamat malam Kak. Bila dimaksud KMT edisi nostalgia solo bisa digunakan pada TransJakarta (halte BRT) MRT KRL LRT Jabodebek LRT Jakarta parkir resmi stasiun (Res Parking) serta Loko Cafe ya. Informasi lebih lanjut seputar perjalanan KA Lokal tersebut silakan dapat"", ""Solusi ini menyediakan berbagai fitur seperti menggunakan lebar pita frekuensi L-band laju data hingga 432 Kbps Duplex Link laju data IP Streaming maksimal 256 Kbps (X-Stream) serta dapat digunakan untuk implementasi suara sms video dan data."", ""3. Buat password BCA ID minimal 8-24 karakter terdiri dari huruf besar huruf kecil dan angka. Dapat mengandung karakter special. Kemudian tekan lanjut. 4. Input PIN transaksi BCA ID. 5. Pilih nomor HP yang akan dikirim OTP."", ""Baik saat ini tersedia tarif khusus perjalanan dari Stasiun Cirebon-Purwokerto dengan KA Argo Dwipangga Argo Lawu Purwojaya Manahan Sawunggalih Ranggajati dan Cakrabuana menjadi 100 ribu (Eksekutif) serta 45 ribu (Ekonomi). Pemesanan bisa dilakukan mulai 2 jam sebelum KA""]",False,5,2225,73,False,254
google/gemma-3-4b-it,excitement,competence,hybrid_early,0.7,PERPADUAN OUTFIT SEPATU SEJIWA ALA KAK Kira-kira siapa nih yang udah dapet Sepatu Sejiwa edisi terbatas ini? Yuk padukan Sepatu Sejiwamu dengan outfit versimu dan jangan lupa tag dan ya !,"""Wih, udah punya Sepatu Sejiwa edisi terbatasnya belum nih? Gokil abis paduannya sama outfit ala kamu! Cus, tag juga jangan lupa ya!""",True,2683,4200277,42,"[""Spill warna mana yang paling kece buat kamu?"", ""Olahraga hits makin rame dari padel sampai pilates. Seru sih... tapi jangan sampai lupa cek kondisi dompet juga Yuk ikuti tren dengan bijak. Sehat fisik sehat finansial."", ""Ayo sambut kemerdekaan dengan menggunakan twibbon Melaju Untuk Masa Depan! Bagikan foto Sobat menggunakan twibbon berikut dan sertakan hashtag . Twibbon bisa didownload di"", ""Woahhh udah ngincer yang warna apa nih?"", ""Hai Nder mimin benar-benar minta maaf atas kendala yang kamu alami di layar Galaxy S21-nya Pasti bikin nggak nyaman banget ya. Yuk DM mimin langsung biar bisa segera kita bantu cari solusi terbaiknya. Mimin tunggu yaa DM dari kamu""]",False,5,1701,40,False,133
google/gemma-3-4b-it,sophistication,competence,hybrid_early,0.7,Enjoy the simple things,Perfect for you we're sure!,False,4068,4200278,42,"[""Sorry for the inconvenience Mr/Mrs. Customer. If you are still having problems please send us a response of the image display via DM so that we can inform you according to your needs. :) Tks ^Heybi"", ""Get ready to be blown away by the next-level tech coming your way!"", ""We are happy to check the DM that Mr./Mrs. Customer sent and make sure to interact with the official account that has a gold tick. Tks ^Zaydee"", ""Hi we have responded to your message via DM. Please check it. Thanks~Agny"", ""Perfect for you we're sure!""]",False,5,1389,9,False,27
google/gemma-3-4b-it,ruggedness,competence,hybrid_early,0.7,Selamat istirahat untuk yang baru pulang bekerja makasih sudah berjuang hari ini!,"""Hai, buat yang udah pulang kerja, istirahat yang cukup ya makasih udah berjuang hari ini!""",False,5356,4200279,42,"[""Hehehe Selamat pagi dan selamat beraktivitas ya Kak. jangan lupa sarapan ya."", ""Jangan berhenti ketika kamu lelah. Berhentilah ketika kamu selesai. Selamat pagi Sobat! Mau pulsa gratis? Jangan lupa retweet semua postingan hari ini ya!"", ""Terima kasih kembali dan selamat beraktivitas kembali Bapak . Tks ^Lora"", ""Hai Sobat BRI. Mohon maaf atas ketidaknyamanan yang dialami. Petugas BRI tetap melayani nasabah pada waktu istirahat secara bergantian. Mohon diinformasikan transaksi apa yang ingin dilakukan? Tks~Cello"", ""Baik Kak. Terima kasih kembali ya Kak. Selalu jaga kesehatan ya.""]",False,5,1509,25,False,91
google/gemma-3-4b-it,sophistication,competence,hybrid_early,0.7,Kalo ketemu di jalan inget SKS ya.. Sapa Klakson Senyum.. ( Img: ),"Selamat siang Bapak/Ibu. Mohon diingat, jika bertemu di jalan, jangan lupa untuk menyapa SKS, Sapa Klakson Senyum. (Img: )",False,4201,4200280,42,"[""Selamat siang Kak. Penumpang KA Manahan (64) tetap bisa naik dari Stasiun Gambir sesuai jadwal di tiket. Diimbau datang lebih awal ke stasiun guna menghindari kepadatan arus lalu lintas ya Kak. Alternatifnya bisa juga naik di Stasiun Jatinegara dengan tetap mengacu pada jadwal"", ""Selamat pagi Kak. Mohon maaf perjalanan KA Gumarang (164) dari Pasarsenen tidak berhenti di Jatinegara untuk naik/turun penumpang ya. Silakan Kakak tetap dapat naik sesuai dengan tiket yang sudah dipesan. Railmin imbau untuk selalu hati-hati ya terhadap akun penipuan yang"", ""Selamat pagi Kak. Mohon maaf tidak tersedia tarif khusus KA Bangunkarta dari Stasiun Gombong-Purwokerto. Railmin imbau untuk selalu hati-hati ya terhadap akun penipuan yang mengatasnamakan KAI. Saat ini seluruh akun media sosial KAI121 sudah terverifikasi. Mohon abaikan jika"", ""Selamat pagi Kak. Perjalanan KA Dharmawangsa Ekspres melayani naik/turun penumpang di Stasiun Tegal ya. Railmin imbau untuk selalu hati-hati ya terhadap akun penipuan yang mengatasnamakan KAI. Saat ini seluruh akun media sosial KAI121 sudah terverifikasi. Mohon abaikan jika"", ""Catatan: Nasabah akan dikenakan biaya SMS saat menerima kode OTP. Nomor HP yang digunakan wajib terdaftar sebagai nomor HP e-Banking. Nomor kartu ATM yang diinput adalah nomor kartu ATM dari rekening yang sudah terkoneksi dengan BCA ID.""]",False,5,2261,38,False,122
google/gemma-3-4b-it,sincerity,competence,hybrid_early,0.7,reviewww plis kalo dah coba,Gasss banget! Plis review dah coba ya.,False,2205,4200281,42,"[""Done ya Kak silakan cek kembali. Trims."", ""On check ya Kak. Trims."", ""Siap sudah dibalas ya Kak. Trims."", ""Siap on check ya Kak. Trims."", ""Gasss banget kak! Langsung aja cek info & pre-ordernya di sini ya""]",False,5,1076,13,False,38
google/gemma-3-4b-it,sincerity,competence,hybrid_early,0.7,Gelas keren Collector's Edition telah hadir! Kumpulkan 5 gelas limited dan exclusive dari karakter favoritmu yang penuh kenangan ini mulai 15 Oktober. Dapatkan GRATIS setiap pemesanan Collector s Meal Breakfast Chicken atau Burger via delivery. Persediaan terbatas ya,"""Gelas spesial Collector’s Edition udah nongol! Kumpulin 5 gelas langka & eksklusif dari karakter kesukaanmu yang penuh cerita mulai 15 Oktober. Nikmatin GRATIS tiap pesan Collector’s Meal Breakfast Chicken atau Burger lewat delivery. Stok terbatas, buruan!""",False,1687,4200282,42,"[""GoZero% menghadirkan booth khusus di Digiland 2025 dengan beragam aktivasi menarik seperti penukaran botol plastik dengan merchandise atau grafir medali dan juga edukasi daur ulang botol plastik on the spot. GoZero%"", ""Semoga salah satu acara Rangkaian HUT 129 BRI ini bisa jadi alasan hubungan kamu makin baik ya... Tiketnya masih tersedia nih! Yuk ajak temen pacar keluarga buat nonton bareng BRI Mini Soccer Clash tanggal 24 November 2024 di Mahaka Square! Ada Duta Thariq Aaliyah"", ""Digimin bakal repost 10 pantun paling kreatif dan bagi-bagi hadiah saldo LinkAja senilai masing-masing Rp250.000 buat 10 pemenang. Pantun ditunggu paling lambat tanggal 31 Desember 2023 pukul 23:59 ya. Yuk tunjukkan harapanmu dalam kreativitas!"", ""Ada promo eksklusif buat kamu! Ayo daftar di & dapatkan promo jutaan rupiah dari pembelian Galaxy Foldable terbaru! Pastikan kamu udah set kalender buat ikutan pada 9 Juli 2025 pukul 21.00 WIB ya!"", ""Siapa nih yang pengen ketemu Zee weekend ini di ? Ketik emoji kalau kalian mau ketemu Zee Yuk langsung aja datang! Kamu bisa dapatkan hadiah dengan ikuti experience yang bisa kamu pre-order dengan benefit up to Rp9 4jt""]",False,5,2265,64,False,258
google/gemma-3-4b-it,ruggedness,competence,hybrid_early,0.7,Dasyattt bukan maennn,Gak kedip mimin ngeliatnyaaa,False,5365,4200283,42,"[""Jadi seharusnya namanya apa dong Kak Bhas?"", ""Sudah Railmin respons Kak DMnya. Trims."", ""Siap Kak meluncur ke DM ya"", ""Siap sudah dibalas DM nya ya Kak. Trims."", ""Gak kedip mimin ngeliatnyaaa""]",False,5,1057,13,False,28
google/gemma-3-4b-it,sincerity,competence,hybrid_early,0.7,Yeaayy,Yeayyy!,False,2430,4200284,42,"[""YeeaySaatnya jemput mu sekarang"", ""Yeayy kita tunggu bareng-bareng yaa"", ""WE READY"", ""Yeayyy semoga menambah informasi seputar KAI ya Kak."", ""Tinggal hitungan jam Kak Siap-siap yaa~""]",False,5,1032,5,False,7
google/gemma-3-4b-it,sincerity,competence,hybrid_early,0.7,makasih sayanggg,Makasih sayang.,False,2211,4200285,42,"[""Makasih Kak."", ""Terima kasih kembali Ibu . Tks ^Yena"", ""Baik jika demikan. Terima kasih atas konfirmasinya dan sehat selalu Kakak."", ""Sama-sama Kakak terima kasih kembali."", ""Nggak sopan Kak. Apalagi pergi pas lagi sayang-sayangnya""]",False,5,1092,5,False,15
google/gemma-3-4b-it,ruggedness,competence,hybrid_early,0.7,Bullet 350 x from - Kill your weekend wisely.,"Makin seru, liburan naik kereta dengan tarif promo hingga 60% bro!",False,6015,4200286,42,"[""Stay tuned and get ready for the big reveal at"", ""Stay tuned and be ready for"", ""Tetap semangat dan berjuang untuk meraih mimpi! Selamat pagi Sobat Telkom. Jangan lupa retweet semua postingan karena ada pulsa senilai Rp50.000 untuk 2 orang beruntung setiap harinya."", ""Makin Asyik liburan naik kereta pake tarif promo hingga 60% Kak"", ""Seberapa beyond ide kamu? Ikut & menangkan : Digital money 500K (2 pemenang) 1-Day Full Experience with Gemini S25 untuk 1 prompt terlucu! Ditunggu hingga 30 Juni 2025! Series""]",False,5,1401,20,False,66
google/gemma-3-4b-it,excitement,competence,hybrid_early,0.7,Cakep dong kan ayangnya Toped kak,"“Wah, cantik banget kan buat Kak Toped!”",False,3357,4200287,42,"[""Kalau udah bilang cakep jangan cuma dilihat doang dong Langsung PO aja di biar -nya bisa diajak gaya bareng"", ""Stay tuned supaya kamu gak ketinggalan info pemenang terpilihnya ya"", ""Jemput sekarang kak!! Biar -nya resmi jadi milikmu"", ""Siap Kak on check"", ""Selamat sore Kak. Untuk KA Cikuray (299 dan 300) saat ini menggunakan rangkaian Premium serta Premium Modifikasi ya Kak. Untuk rangkaian Premium formasi kursi 2-2 (AB-CD). Posisi kursi yang berhadapan hanya nomor 11 dan 12. Untuk rangkaian Premium Modifikasi kursi yang berhadapan""]",False,5,1415,12,False,40
google/gemma-3-4b-it,ruggedness,competence,hybrid_early,0.7,Wih! Mantap!,"Siap on check, wih!",False,5755,4200288,42,"[""Siap Kak on check"", ""Jemput sekarang kak!! Biar -nya resmi jadi milikmu"", ""Siap on check ya Kak. Trims."", ""Baik Kak on check"", ""On check ya Kak. Trims.""]",False,5,1008,9,False,19
google/gemma-3-4b-it,excitement,competence,hybrid_early,0.7,Siap tempur senin besok sarapan dulu pake promo spesial combo dan nih. Cek sekarang juga ya!,"Yuk siap-siap Senin besok, sarapan enak pakai combo spesial! Cek sekarang juga, ada promo seru nih! ✨",False,2696,4200289,42,"[""Wajib banget ditunggu! Jangan lupa daftar dulu biar dapet promo eksklusifnya"", ""Yuk daftar dulu di biar gak ketinggalan promonya"", ""LIKE post ini kalau kamu mau banget ! Ayo ikutan pre-order untuk dapatkan total benefit up to Rp3.9 jt. Promo berlaku hingga 31 Juli 2025. Pesan sekarang:"", ""Jangan lupa daftar dulu biar gak ketinggalan promo spesialnya~ Siap-siap terpesona di nanti"", ""Yuk daftar dulu biar dapetin promo eksklusifnya di sini Biar gak ketinggalan kejutan di tanggal 9 Juli nanti""]",False,5,1430,30,False,101
google/gemma-3-4b-it,sophistication,competence,hybrid_early,0.7,There's always a room for :,Stay tuned and be ready for,False,4470,4200290,42,"[""Perfect for you we're sure!"", ""We are happy to check the DM that Mr./Mrs. Customer sent and make sure to interact with the official account that has a gold tick. Tks ^Zaydee"", ""Prepare yourself"", ""Hi we have responded to your message via DM. Please check it. Thanks~Agny"", ""Stay tuned and be ready for""]",False,5,1173,7,False,27
google/gemma-3-4b-it,sincerity,competence,hybrid_early,0.7,Hai Kak makasih udah sharing pengalamannya Munculnya jerawat bisa dipengaruhi banyak faktor mulai dari adaptasi kulit kondisi hormonal sampai kombinasi produk yang dipakai. Biar bisa Weety bantu cek lebih detail boleh ya Kak kita lanjut obrolannya di DM,"Hai Kak, makasih banyak udah cerita soal pengalamannya. Munculnya jerawat itu bisa dipengaruhi banyak hal, mulai dari adaptasi kulit, kondisi hormonal, sampai kombinasi produk yang Kakak pakai. Biar Weety bisa bantu cek lebih detail, boleh lanjut obrolan di DM ya Kak?",False,2174,4200291,42,"[""Hi kak mimin mohon maaf atas ketidaknyamanan yang dialami terkait update software Kak Untuk solusi terbaik Kakak bisa konsultasi langsung ke tim kami lewat nomor bebas pulsa 0-800-112-888 atau via live chat di aplikasi Samsung Members ya."", ""Hi kak Alka mimin mohon maaf atas ketidaknyamanan yang dialami terkait update software Kak Untuk solusi terbaik Kakak bisa konsultasi langsung ke tim kami lewat nomor bebas pulsa 0-800-112-888 atau via live chat di aplikasi Samsung Members ya."", ""Halo Kak Zendayani mohon maaf atas ketidaknyamanan yang terjadi Untuk kendala ini disarankan agar unitnya bisa dibawa ke Samsung Service Center terdekat ya supaya bisa dicek lebih lanjut oleh teknisi kami. Semoga segera bisa teratasi"", ""Hi kak ik sebelumnya mimin mohon maaf sekali atas kendala yang terjadi. Untuk estimasi harga perbaikannya hanya bisa ditentukan setelah pengecekan unitnya ya kak. Mohon mengunjungi Samsung Service Center terlebih dahulu"", ""Hai Kak Vivi mohon maaf atas ketidaknyamanan yang Kakak alami Terkait kondisi setelah penggantian baterai kami sarankan Kakak untuk kembali ke Samsung Service Center tempat perbaikan sebelumnya agar dapat dilakukan pengecekan lebih lanjut oleh teknisi kami.""]",False,5,2304,64,False,268
google/gemma-3-4b-it,sophistication,competence,hybrid_early,0.7,Hi Bestie mohon diinfokan detail kode ordernya yaa supaya kami bantu pengecekan lebih lanjut (nm),"Hai Bestie, mohon diinfokan detail kode pemesanan ya supaya kami bantu pengecekan lebih lanjut. (Nama)",False,3612,4200292,42,"[""Hai Sobat BRI. Mohon maaf atas kendala transaksi transfer yang dialami. Terkait kendala kami sudah respons pesan melalui DM. Silakan melakukan pengecekan ya. Tks~Belin"", ""Selamat siang Kak. Mohon maaf atas ketidaknyamanannya Railmin bantu lakukan pengecekan terkait laporan tersebut. Silakan infokan kode booking dan bukti pemesanannya via DM ya. Railmin imbau untuk selalu hati-hati ya terhadap akun penipuan yang mengatasnamakan KAI. Saat ini"", ""Selamat malam Kak. Mohon maaf atas ketidaknyamanannya. Guna pengecekan laporan yang Kakak sampaikan silakan infokan via DM: Nama Custome: Nomor Handphone Customer KAIPay : Email : Mohon dapat disertakan foto KTP dan akun Kaspro yang Kakak miliki. Railmin imbau untuk selalu"", ""Hai Sobat BRI mohon maaf atas ketidaknyamanannya. Terkait pesan yang disampaikan sudah kami respons melalui DM. Silakan melakukan pengecekan ya. Informasi lainnya seputar BRI dapat hubungi Sabrina WhatsApp 0812 1214 017 atau akun resmi media sosial BRI yang terverifikasi."", ""Hai Sobat BRI mohon maaf atas ketidaknyamanannya. Guna tindak lanjut pesan sudah kami respons melalui DM. Silakan lakukan pengecekan ya. Dapatkan informasi terbaru seputar layanan dan promo BRI di Sabrina WhatsApp 0812 1214 017. Tks~Caca""]",False,5,2180,29,False,102
google/gemma-3-4b-it,sophistication,competence,hybrid_early,0.7,Nitya Wityasmoro,"Nitya Wityasmoro, halo! Ada yang penasaran soal Nitya Wityasmoro? Yuk, jawab sebanyak-banyaknya di kolom komentar dan saksikan keseruannya di Galaxy Quest of Indonesia powered by Series tayang eksklusif di Vidio!",False,4638,4200293,42,"[""Selamat pagi dan mohon maaf atas ketidaknyamanannya Kak. Layanan WhatsApp pelanggan Kaspro yaitu nomor 089530256764 dengan operasional 08:00-22:00 WIB. Info lengkapnya dapat dicek pada link ya. Railmin imbau untuk selalu hati-hati ya terhadap akun"", ""Hai Sobat BRI vlodyaswarovski tidak perlu khawatir. Guna pengecekan status pengiriman kartu kredit mohon kesediaannya Sobat BRI menghubungi layanan bebas pulsa Contact BRI melalui aplikasi BRImo (jika terdaftar) dengan cara: 1. Pilih menu Akun. 2. Lalu Kontak BRI. 3. Kemudian"", ""Terkait saldo mengendap yaitu saldo yang tidak dapat ditarik selama rekening belum ditutup ya. Untuk saldo mengendap Tahapan Xpresi sebesar Rp10.000 -. Tks ^Sukma"", ""Betul Kak tapi di hari sebelumnya ya"", ""Andovi Febby dan Yoriko baru aja dapet gulungan kertas misterius di awal misi mereka ada yang tau isinya apa? Reply jawaban kamu sebanyak-banyaknya dan tonton keseruannya di Galaxy Quest of Indonesia powered by Series tayang eksklusif di Vidio!""]",False,5,1842,56,False,212
google/gemma-3-4b-it,sophistication,competence,hybrid_early,0.7,Pantau terus akun yaa,Mohon pantau terus akun ya Kak.,True,3945,4200294,42,"[""Mohon cek DM kamu kembali ya Kak"", ""Mohon cek DM kamu kembali ya Kak Marie"", ""Mohon cek DM kamu kembali ya Kak Akulah"", ""Mohon cek DM kamu kembali ya Kak Kembang"", ""Selamat sore Kak. Mohon cek DM ya Kak. Trims.""]",False,5,1076,11,False,31
google/gemma-3-4b-it,excitement,competence,hybrid_early,0.7,Hai Kak maaf banget ya. Terkait kendalanya sudah kami info via DM ya. Terima kasih^ekw,Halo Kak. Mohon maaf atas ketidaknyamanannya. Terkait kendalanya sudah kami informasikan via DM ya. Terima kasih.,False,2903,4200295,42,"[""Hai Sobat BRI. Mohon maaf atas ketidaknyamanan yang dialami. Terkait kendala kami sudah merespons pesan melalui DM. Silakan melakukan pengecekan ya. Tks~Hera"", ""Hai Sobat BRI. Mohon maaf atas ketidaknyamanannya. Terkait kendala yang dialami kami sudah merespons pesan melalui DM. Silakan melakukan pengecekan ya. Tks~Agny"", ""Selamat malam Kak. Untuk kendala Kakak sudah Railmin respons via DM ya. Trims."", ""Selamat pagi Kak. Mohon maaf atas ketidaknyamanannya. Kendala yang disampaikan melalui DM telah kami respons ya. Trims."", ""Halo kak Wiw sebelumnya kami mohon maaf sekali atas ketidaknyamanan yang terjadi ya. Perihal kendala tersebut akan kami bantu lebih lanjut melalui DM silakan cek DM kakak ya.""]",False,5,1635,29,False,113
google/gemma-3-4b-it,ruggedness,competence,hybrid_early,0.7,Goww jadwalkan kak!,"Goww, buruan jadwal ya Kak!",False,5200,4200296,42,"[""Lets go koleksi stampelnya"", ""Siap Kak on check"", ""Selamat malam Kak. Mohon maaf atas keterlambatan yang dialami. Setelah Railmin koordinasikan dengan unit terkait diinformasikan saat ini KA Menoreh (176) sudah diberangkatkan dan masuk Stasiun Cirebon Prujakan ya Kak. Railmin imbau untuk selalu hati-hati ya terhadap akun"", ""Buat yang sudah resmi terdaftar di Digiland 2025 dan ingin mengabadikan momen-momen seru selama acara berlangsung Digimin punya challenge nih! Digimin mengundang rekan-rekan media untuk ikut serta dalam kompetisi penuh inspirasi. Jangan hanya jadi penikmat"", ""Jemput sekarang kak!! Biar -nya resmi jadi milikmu""]",False,5,1500,11,False,27
google/gemma-3-4b-it,sincerity,competence,hybrid_early,0.7,Hi Bapak makasih sudah ikutan menjawab kuis Nestl Indonesia. Semoga beruntung ya. :),Hai Bapak. Mohon maaf atas kendala yang dialami. Guna tindak lanjut kami sudah mengirimkan pesan melalui DM. Silakan lakukan pengecekan ya. Tks~Arthur,False,6061,4200297,42,"[""Hai Sobat BRI. Mohon maaf atas kendala yang dialami. Guna tindak lanjut kami sudah mengirimkan pesan melalui DM. Silakan lakukan pengecekan ya. Tks~Erza"", ""Hai Sobat BRI. Mohon maaf atas ketidaknyamanannya. Terkait kendala yang dialami sudah kami respons melalui DM silakan melakukan pengecekan ya. Tks~Cello"", ""Hai Sobat BRI. Mohon maaf atas kendala transaksi transfer yang dialami. Terkait kendala kami sudah respons pesan melalui DM. Silakan melakukan pengecekan ya. Tks~Belin"", ""Hai Sobat BRI mohon maaf atas kendala transaksi tarik tunai yang dialami. Pesan sudah kami respons melalui DM dan silakan melakukan pengecekan ya. Tks~Arthur"", ""Hai Sobat BRI. Mohon maaf atas ketidaknyamanan yang dialami. Terkait kendala kami sudah merespons pesan melalui DM. Silakan melakukan pengecekan ya. Tks~Hera""]",False,5,1730,39,False,150
google/gemma-3-4b-it,sophistication,competence,hybrid_early,0.7,Yoga banyak manfaatnya loh Vespa Lovers untuk menjaga kesehatan tubuh.,"“Wah, keren banget ya! Vespa Lovers, yuk olahraga yoga biar tubuh makin sehat. Yoga itu banyak manfaatnya lho, buat jaga kesehatan kita!”",False,4089,4200298,42,"[""puasa bukan alasan untuk malas gerak! Dengan olahraga yang tepat tubuh tetap sehat dan bertenaga selama Ramadan. Yuk simak tipsnya!"", ""Wah banyak sekali manfaatnya ya! Yuk Sobat luangkan waktu untuk berolahraga seperti jalan kaki untuk hidup yang lebih sehat. Sobat suka jalan kaki setiap hari?"", ""Olahraga paling sederhana yang bisa dilakukan semua orang adalah jalan kaki. Walau terlihat mudah jalan kaki ternyata memiliki berbagai manfaat lho."", ""Selain membakar kalori olahraga ini dapat menyehatkan jantung. Jalan kaki selama 30 menit setiap hari dapat mengurangi risiko penyakit jantung dan stroke hingga 34 persen serta menurunkan risiko diabetes tipe 2 hingga 40 persen."", ""Selain masalah kesehatan manfaat lainnya jalan kaki dapat meningkatkan kreatifitas lho. Dalam istilah yang umum semakin orang berjalan dan bergerak setiap hari semakin kreatif dan bahagia perasaannya.""]",False,5,1797,33,False,137
google/gemma-3-4b-it,ruggedness,competence,hybrid_early,0.7,: Penyedap penampilanmu malam ini Uno Black telah hadir kembali di monggo diorder!,"Hai Sobat BRI, penyedap penampilanmu Uno Black telah hadir kembali! Mohon diorder! Tks~Nadim",True,5944,4200299,42,"[""Pesan DM sudah kami respons mohon melakukan pengecekan. Dapatkan informasi terbaru seputar layanan dan promo BRI di Sabrina WhatsApp 0812 1214 017. Tks~Oris"", ""Hai Sobat BRI pesan DM akan segera kami respons. Mohon kesediaannya menunggu. Dapatkan informasi terbaru seputar layanan dan promo BRI di Sabrina WhatsApp 0812 1214 017. Tks~Oris"", ""Hai Sobat BRI. Pesan telah kami respon melalui DM silakan melakukan pengecekan. Dapatkan informasi terbaru seputar layanan dan promo BRI di Sabrina WhatsApp 0812 1214 017. Tks~Dendi"", ""Hai Sobat BRI pesan sudah kami respons melalui DM dan silakan melakukan pengecekan. Dapatkan informasi terbaru seputar layanan dan promo BRI dengan Sabrina WhatsApp 0812 1214 017. Tks~Arthur"", ""Tidak perlu khawatir. Kami sudah merespons pada Mention sebelumnya. Mohon melakukan pengecekan. Dapatkan informasi terbaru seputar layanan dan promo BRI di Sabrina WhatsApp 0812 1214 017. Tks~Nadim""]",False,5,1845,27,False,92
google/gemma-3-4b-it,sincerity,competence,hybrid_early,0.7,Mager keluar rumah? mending ambil promo McDelivery Kapan lagi 2 PaNas 2 cuma Rp 50.000?! Pakai Kode Kupon McDelivery2DEAL di Aplikasi McDonald's dan langsung pesan penawaran spesialnya karena berlaku hanya dari jam 12 siang sampai jam 2 siang. Ayoo tunggu apa,Hai Sobat BRI. Jangan khawatir! Jangan lupa daftar dulu biar dapet promo eksklusifnya! Wajib banget ditunggu! Kapan lagi 2 PaNas 2 cuma Rp 50.000?! Pakai Kode Kupon McDelivery2DEAL di Aplikasi McDonald's dan langsung pesan penawaran spesialnya karena berlaku hanya dari jam 12 siang sampai jam 2 siang. Ayoo tunggu apa,False,1675,4200300,42,"[""Hai Sobat BRI. Tidak perlu khawatir. Jika buku tabungan hilang silakan melakukan penggantian buku tabungan dengan mengunjungi kantor BRI terdekat kecuali Teras BRI membawa KTP dan dikenakan biaya penggantian buku tabungan sebesar Rp25.000 ya. Sobat BRI jangan bagikan data"", ""Hai Sobat BRI mohon maaf atas ketidaknyamanan yang dialami. Apabila mendapatkan uang rusak saat melakukan tarik tunai di mesin ATM BRI silakan mengunjungi kantor BRI terdekat dari lokasi mesin ATM yang digunakan transaksi membawa KTP buku tabungan kartu debit dan bukti"", ""Mohon maaf atas ketidaknyamanan yang Bapak/Ibu Pelanggan alami. Sesuai tampilan gambar jika pada mutasi rekening terdapat keterangan KOR MCD TRANSCTION maka umumnya Bapak/Ibu telah melakukan transaksi Mastercard Debit"", ""Wajib banget ditunggu! Jangan lupa daftar dulu biar dapet promo eksklusifnya"", ""Hai Sobat BRI. Tidak perlu khawatir. Tidak ya. Namun kami sarankan melakukan penggantian buku tabungan hilang dengan mengunjungi kantor BRI terdekat kecuali Teras BRI membawa KTP dan kartu debit/BRImo. Penggantian buku tabungan akan dikenakan biaya sebesar Rp25.000. Sobat BRI""]",False,5,2230,89,False,318
google/gemma-3-4b-it,sincerity,competence,hybrid_early,0.7,Jangan pernah menyerah jika kamu masih ingin mencoba. Jangan biarkan penyesalan datang karena kamu selangkah lagi untuk menang. R.A. Kartini.,"Jika masih ingin mencoba, janganlah menyerah! Jangan biarkan penyesalan merajalela karena kamu hampir saja meraih kemenangan. Seperti kata R.A. Kartini.",False,6154,4200301,42,"[""Kegagalan selalu menghantui disetiap perjuangan tapi jangan sampai menjadi hasil di ujung perjuangan. Selamat pagi Sobat. Jangan lupa retweet semua postingan karena ada pulsa senilai Rp50.000 untuk 2 orang beruntung setiap harinya."", ""Jika sudah bisa memimpikannya kamu pasti bisa menggapainya. Jangan pernah pesimis dan jangan lupa menyelipkan doa di setiap mimpimu. Jangan lupa retweet semua postingan karena ada pulsa senilai Rp50.000 untuk 2 orang beruntung setiap harinya."", ""Jika tekad sudah kuat dan mantap maka tiada kesulitan apapun yang mampu menghalangi dan menggoyahkan semangat juang untuk meraih kesuksesan! Jangan lupa retweet semua postingan karena ada pulsa senilai Rp50.000 untuk 2 orang beruntung setiap harinya."", ""Tetap semangat dan berjuang untuk meraih mimpi! Selamat pagi Sobat Telkom. Jangan lupa retweet semua postingan karena ada pulsa senilai Rp50.000 untuk 2 orang beruntung setiap harinya."", ""Jangan pernah menyesal karena selalu ada harapan menanti di depan. Sobat! Mau pulsa gratis? Jangan lupa retweet semua postingan hari ini ya!""]",False,5,2049,36,False,152
google/gemma-3-4b-it,sophistication,competence,hybrid_early,0.7,Ready to roll this weekend,Stay tuned dan siap-siap buat akhir pekan ini!,False,4063,4200302,42,"[""Stay tuned and be ready for"", ""Stay tuned and get ready for the big reveal at"", ""LIKE post ini kalau kamu mau banget ! Ayo ikutan pre-order untuk dapatkan total benefit up to Rp3.9 jt. Promo berlaku hingga 31 Juli 2025. Pesan sekarang:"", ""Siap on check ya Kak. Trims."", ""Jangan berhenti ketika kamu lelah. Berhentilah ketika kamu selesai. Selamat pagi Sobat! Mau pulsa gratis? Jangan lupa retweet semua postingan hari ini ya!""]",False,5,1296,14,False,46
google/gemma-3-4b-it,excitement,competence,hybrid_early,0.7,Udah belanja apa nih 12.12?,"""Wah, udah belanja belum nih buat 12.12?""",False,2459,4200303,42,"[""mobile myBCA mobile. Untuk pengisian saldo awal adalah 12 bulan dari rekening dibuka. Apabila setelah 12 bulan tidak ada setoran awal maka rekening akan ditutup secara otomatis. Tks ^Ketlyn"", ""Tidak terdapat minimal saldo awal untuk pembukaan rekening online namun untuk pengisian saldo awal adalah 12 bulan dari rekening dibuka. Apabila setelah 12 bulan tidak ada setoran awal maka rekening akan ditutup secara otomatis."", ""Hai Sobat BRI tidak perlu khawatir. Guna pembuatan username BRImo pastikan sudah mengikuti ketentuan berikut: 1. Tidak terdapat spasi. 2. Terdiri dari 12-23 karakter. 3. Terdapat huruf dan angka. 4. Username tersedia. Kami sarankan Sobat BRI membuat username yang berbeda unik"", ""pada rekening selama 12 bulan berturut-turut maka Rekening BCA akan ditutup secara otomatis oleh sistem. Untuk memastikan dan pengecekan status rekening bisa menghubungi layanan Halo"", ""Dengan senang hati kami informasikan Ibu . Bisa ya dan dana yang ditransfer tersebut dapat merupakan setoran awal. Untuk pengisian saldo awal adalah 12 bulan dari rekening dibuka. Apabila setelah 12 bulan tidak ada setoran awal maka rekening akan ditutup""]",False,5,2017,16,False,41
google/gemma-3-4b-it,excitement,competence,hybrid_early,0.7,Tipe-tipe orang pas buka puasa nih. Kamu yang mana???,"""Gimana puasa hari pertama, Sobat? Kamu yang mana tipe orang pas buka puasa nih? Coba tebak kata dari gambar ya, ada saldo LinkAja 100 Ribu buat 5 pemenang! Kirim tweet baru, retweet, mention 3 teman!""",False,2711,4200304,42,"[""gimana puasanya sampai hari ini? Sambil menunggu waktu berbuka yuk! Kita berbagi pengetahuan tentang bagaimana cara ngembangin bisnis!"", ""Bagaimana puasa hari pertama Sobat? Sambil tunggu berbuka ayo tebak kata dari gambar berikut ada saldo LinkAja sebesar 100 Ribu untuk 5 pemenang. Kirim jawaban dengan buat tweet baru like retweet postingan ini & mention 3 teman."", ""Terus semangat jalanin puasa hari ke-2 ini ya Sobat. Biar makin semangat coba tebak kata dari gambar di atas karena akan ada saldo LinkAja sebesar 100 Ribu untuk 5 Sobat yang beruntung."", ""ngerasa nggak sih? selama Ramadan ini screen time jadi meningkat? Coba deh cek HP kamu sekarang!"", ""Bagaimana puasa Sobat hari ini? Jangan lupa untuk main tebak kata setiap sore selama bulan Ramadan hanya di akun . Karena ada saldo LinkAja sebesar 100 Ribu untuk 5 Sobat yang beruntung. Hari ini kata apa yg ada dalam gambar di atas?""]",False,5,1790,63,False,201
google/gemma-3-4b-it,excitement,competence,hybrid_early,0.7,A5hel,WE READY,False,2556,4200305,42,"[""Menyala Samsung"", ""Siap Kak otw ke DM"", ""Oke Kak otw ke DM ."", ""Baik Kak Railmin otw ke DM ."", ""WE READY""]",False,5,954,4,False,8
google/gemma-3-4b-it,excitement,competence,hybrid_early,0.7,Tanggal 10 ketemu sama dan ya. Live Tiktok jam 4 sore,"“Catat tanggalnya, 10 bertemu dengan dan ya. Live Tiktok jam 4 sore.”",False,2487,4200306,42,"[""Jawaban Sobat ditunggu sampai 8 Desember 2022 jam 23.59 WIB. Semoga beruntung ya!"", ""Selamat siang Kak. Layanan pembatalan di Stasiun Bandung buka setiap hari pukul 04.00-22.00 WIB pada loket nomor 1 2 dan 3 (hall utara). Kemudian untuk loket pengambilan refund melayani pukul 05.00-18.00 pada loket nomor 1 2 dan 3 WIB ya Kak. Railmin imbau untuk selalu"", ""Daftar sekarang di dan catat tanggalnya 9 Juli 2025 pukul 21.00 WIB"", ""dengan waktu operasional pada hari Senin Minggu pukul 11.00 19.30. Apabila Bapak ingin melakukan cetak kartu ATM pada layanan BCA Express di lokasi yang disampaikan maka bisa ya."", ""Selamat sore Kak. Untuk jam operasional Customer Service di Stasiun Gambir pukul 05.30-20.00 WIB. Untuk jam operasional Customer Service (bersifat Mobile) di Stasiun Jatinegara pukul 07.00-20.00 WIB. Untuk layanan Customer Service beroperasi hari Senin-Minggu ya Kak. Railmin""]",False,5,1784,22,False,69
google/gemma-3-4b-it,sophistication,competence,hybrid_early,0.7,Riding Vespa has always been cool. Salah satu alasannya adalah karena Vespa punya koleksi warna yang super cool salah satunya Green Relax di Vespa GTS Super 150 i-get ABS ini.,"""Menikmati berkendara Vespa selalu terasa menyenangkan. Salah satunya karena Vespa menawarkan beragam pilihan warna yang memukau, seperti Green Relax pada Vespa GTS Super 150 i-get ABS ini.""",False,3842,4200307,42,"[""MENANGKAN 1 SET EXCLUSIVE BOX Galaxy S25 Edge x SukkhaCitta! RT like dan drop jawaban kamu di reply! Galaxy S25 Edge slim & durable ini paling cocok buat ? Sertakan: Edge Periode sampai 21 Juni 2025"", ""Hai Sobat BRI. Terima kasih atas ketertarikannya terhadap program BRI. Sobat BRI dapat menikmati promo berbagai jenis sneakers pada event BRImo x USS yang berlangsung pada tanggal 25-27 Oktober 2024 di Hall A-B Jakarta Convention Center (JCC) ya. Sobat BRI jangan pernah"", ""Hai Sobat BRI. Terima kasih atas ketertarikannya terhadap program BRI. Sobat BRI dapat menikmati promo berbagai jenis sneakers pada event BRImo x USS yang berlangsung pada tanggal 25-27 Oktober 2024 di Hall A-B Jakarta Convention Center (JCC) Jakarta Pusat. Sobat BRI jangan"", ""menyambut perayaan Idulfitri 1446H Telkom Indonesia kembali menyelenggarakan Program Mudik Gratis bagi pelanggan lewat Mudik Bersama BUMN dan Mudik Hepi Telkomsel Poin."", ""menjelang perayaan Idul Fitri 1445 H Telkom Indonesia kembali menyelenggarakan program Mudik Gratis Mudik Hepi Telkomsel Poin bersamaan dengan Mudik Gratis Bersama BUMN yang diselenggarakan Kementerian BUMN tahun ini dengan tema Mudik Asyik Bersama BUMN .""]",False,5,2201,44,False,190
google/gemma-3-4b-it,sophistication,competence,hybrid_early,0.7,Haiii siapa aja nih pengguna Vespa S yang ada disini? Absen dulu dong. Buat yang ingin mencoba performa Vespa bisa langsung klik sekarang juga ya.,"Haiii Vespa S-ers yang absen! Jangan lupa, buat yang pengen nyobain performa Vespa, langsung klik sekarang juga ya!",False,3919,4200308,42,"[""Masih penasaran? Yuk cek untuk info lebih lanjut!"", ""Hai Sobat BRI tidak perlu khawatir. Pesan akan segera kami respons. Mohon kesediaannya menunggu ya. Dapatkan informasi terbaru seputar layanan dan promo BRI di Sabrina WhatsApp 0812 1214 017. Tks~Thomas"", ""Hai Sobat BRI mohon kesediaannya menunggu. Pesan akan segera kami respons melalui DM. Silakan melakukan pengecekan. Dapatkan informasi terbaru seputar layanan dan promo BRI di Sabrina WhatsApp 0812 1214 017. Tks~Risa"", ""Hai Sobat BRI. Mohon maaf atas ketidaknyamanan yang dialami. Terkait informasi promo tersebut kami lakukan pengecekan terlebih dahulu. Mohon kesediaan menunggu. Tks~Dendi"", ""siapa yang masih belum bisa move on dari serunya ? Sama nih Digimin juga. Terima kasih banyak atas antusiasme dan partisipasinya ya. Sampai jumpa lagi di event berikutnya!""]",False,5,1815,30,False,115
google/gemma-3-4b-it,excitement,competence,hybrid_early,0.7,Bisa nahan paling sampe jam 6 atau 7,"""Bisa nahan sampai jam 7, Kak.""",False,3336,4200309,42,"[""Mohon maaf rencana perjalanan KA yang pukul berapa Kak?"", ""Jawaban Sobat ditunggu sampai 8 Desember 2022 jam 23.59 WIB. Semoga beruntung ya!"", ""Misal kebiasaan bangun pagi apabila konsisten dilakukan akan menjadikan kita pribadi yang rajin dan selalu tepat waktu."", ""Selamat malam Kak. Selama tidak memperpanjang relasi dari pemesanan dan keretanya berhenti maka Kakak bisa naik di stasiun yang pemberhentian berikutnya ya. Jika memiliki tiket KA Argo Muria (22) dari Gambir-Semarang Tawang Bank Jateng maka dapat naik di Stasiun Bekasi ya. Hal"", ""Siap Kak on check""]",False,5,1446,13,False,31
google/gemma-3-4b-it,sophistication,competence,hybrid_early,0.7,During this holy month of Ramadhan experience a memorable stay with us at :,"Hi, we’ve responded to your message via DM. Please check it. Thanks~Agny",False,4419,4200310,42,"[""in line with the spirit of digital transformation Telkom Indonesia continues to offer various competency development programs to empower all employees in reaching their full potential. These initiatives are designed to support career growth that"", ""We are happy to check the DM that Mr./Mrs. Customer sent and make sure to interact with the official account that has a gold tick. Tks ^Zaydee"", ""We're happy to reply to the DM Mr./Mrs. Customer sent. Please be sure to contact the official account with the gold checkmark. Tks^Sukma"", ""Hi we have responded to your message via DM. Please check it. Thanks~Agny"", ""Sorry for the inconvenience Mr/Mrs. Customer. If you are still having problems please send us a response of the image display via DM so that we can inform you according to your needs. :) Tks ^Heybi""]",False,5,1729,21,False,72
google/gemma-3-4b-it,excitement,competence,hybrid_early,0.7,Ehhh,Baik Kak on check,False,3278,4200311,42,"[""Aduh gimana ya?"", ""Relate ya"", ""Baik Kak on check"", ""Siap Kak on check"", ""Setuju!""]",False,5,930,5,False,17
google/gemma-3-4b-it,sophistication,competence,hybrid_early,0.7,Recycle station ini sudah tersedia di seluruh Sociolla store dan pastikan empties products yang kamu bawa dibersihkan terlebih dahulu yaa bestie,"""Hai bestie! Recycle station udah ada di seluruh store Sociolla, ya. Pastikan empties products yang kamu bawa udah dibersihin duluan, oke?""",False,3773,4200312,42,"[""Hi kak Ivr Halo Kak maaf banget kalau penyimpanannya terasa cepat penuh Beberapa fitur sistem dan aplikasi bawaan memang memakan cukup banyak ruang. Kakak bisa coba optimalkan penyimpanan dengan hapus cache dan nonaktifkan aplikasi yang jarang dipakai. Kalau masih terasa"", ""Tap untuk tips hidup sehat dan produktif ala Adib Dwitamma! Ayo datang ke Bandung dan cobain fitur terbaru dari ! Saatnya pre-order sekarang dan dapatkan benefit up to 11 juta!"", ""Mohon maaf Kak Stasiun Cimahi untuk saat ini juga belum tersedia fasilitas Water Station ya. Trims."", ""Selamat siang Kak. Mohon maaf mengenai peremajaan atau replacement sarana tentunya dilakukan secara bertahap menyesuaikan dengan kesiapan sarana yang ada. Update pergantian sarana akan selalu Railmin publikasikan melalui akun KAI121 ya Kak. Railmin imbau untuk selalu hati-hati"", ""Selamat malam Kak. Mengenai peremajaan/replacement sarana dilakukan dengan mempertimbangkan berbagai kajian dan dilakukan secara bertahap serta menyesuaikan juga kesiapan sarana yang ada. Semoga ke depannya dapat terealisasikan pada sarana KA yang diinginkan ya. Update pergantian""]",False,5,2108,36,False,139
google/gemma-3-4b-it,ruggedness,competence,hybrid_early,0.7,ada dong stand consina,"Oke Kak, ada dong stand Consina?",False,5751,4200313,42,"[""Digimin jelaskan salah satu produk Indibiz Sekolah ya."", ""Kira-kira kejutan apa ya yang bakal dibawa? Jangan lupa standby 9 Juli jam 21.00 WIB ya Kak!"", ""Siap Kak on check"", ""Oke Kak otw ke DM ."", ""Hai kak pksumaa kamu bisa cek informasi harga trade in unit lama mu menjadi di yaa""]",False,5,1147,10,False,32
google/gemma-3-4b-it,sophistication,competence,hybrid_early,0.7,Hii Bestie untuk kendalanya mohon konfirmasi via DM ya agar dapat kami bantu pengecekan ke tim terkait,"Hai Bestie. Mohon konfirmasi kendala yang kamu sampaikan melalui DM ya, agar dapat kami bantu pengecekan ke tim terkait.",False,3668,4200314,42,"[""Baik kak perihal kendala tersebut akan kami bantu lebih lanjut melalui DM silakan cek DM kakak ya."", ""Halo kak Wiw sebelumnya kami mohon maaf sekali atas ketidaknyamanan yang terjadi ya. Perihal kendala tersebut akan kami bantu lebih lanjut melalui DM silakan cek DM kakak ya."", ""Hai Sobat BRI. Mohon maaf atas ketidaknyamanan yang dialami. Terkait kendala kami sudah merespons pesan melalui DM. Silakan melakukan pengecekan ya. Tks~Hera"", ""Selamat pagi Kak. Mohon maaf atas ketidaknyamanannya. Kendala yang disampaikan melalui DM telah kami respons ya. Trims."", ""Hai Sobat BRI. Mohon maaf atas ketidaknyamanannya. Terkait kendala yang dialami kami sudah merespons pesan melalui DM. Silakan melakukan pengecekan ya. Tks~Agny""]",False,5,1671,31,False,120
google/gemma-3-4b-it,sincerity,competence,hybrid_early,0.7,IT S FINALLY SURABAYA X BEAUTY 2024 Bestie Surabaya jangan sampai ketinggalan Emina at SxB 2024 Ada banyak promo dan activities yang seru-seru bangettt Siapa yang hari ini ke SxB bestieee?,Hai Bestie! IT’S FINALLY Surabaya x Beauty 2024! Surabaya jangan sampai ketinggalan Emina at SxB 2024. Ada banyak promo dan activities yang seru-seru bangettt. Siapa yang hari ini ke SxB bestieee?,False,2027,4200315,42,"[""ini dia para pemenang tanggal 30 Mei 2024. Selamat ya! YourFuture"", ""Hai Sobat BRI. Terima kasih atas antusiasmenya. Kami informasikan event BRImo x USS berlangsung pada tanggal 25-27 Oktober 2024 di Hall A-B Jakarta Convention Center (JCC) Jakarta Pusat ya. Sobat BRI jangan pernah memberitahukan data pribadi kepada pihak manapun termasuk"", ""Hai Sobat BRI. Terima kasih atas antusiasmenya. Kami informasikan event BRImo x USS berlangsung pada tanggal 25-27 Oktober 2024 di Hall A-B Jakarta Convention Center (JCC) Jakarta Pusat. Sobat BRI jangan pernah memberitahukan data pribadi kepada pihak manapun termasuk"", ""Hai Sobat BRI. Terima kasih atas antusiasmenya. Kami informasikan event BRImo x USS berlangsung pada tanggal 25-27 Oktober 2024 di Hall A-B Jakarta Convention Center (JCC) Jakarta Pusat. Sobat BRI jangan pernah memberitahukan data pribadi kepada pihak mana pun termasuk"", ""Selamat sore Kak. Tersedia tarif khusus rute Surabaya Pasar Turi-Bojonegoro berlaku pada KA Sembrani Harina Sancaka Utara Jayabaya Dharmawangsa Ekspres Gumarang dan Kertajaya sebesar 150 ribu (Eksekutif) serta 105 ribu (Ekonomi). Pemesanan tiket dapat dilakukan melalui loket""]",False,5,2197,62,False,196
google/gemma-3-4b-it,sincerity,competence,hybrid_early,0.7,Nah selanjutnya ada kak dengan foxy eyeliner warna merah!,"""Wah, yang warna apa nih eyeliner merahnya?""",False,2367,4200316,42,"[""Spill warna mana yang paling kece buat kamu?"", ""Selamat sore Kak. Jika yang dimaksud mode lampu redup (night mode) tersedia pada beberapa perjalanan KA Eksekutif dan Ekonomi dengan menyesuaikan rangkaian yang digunakan. Night mode pada umumnya akan diaktifkan kurang lebih pukul 22.00 WIB. Apabila saat dalam perjalanan KA"", ""Kalau lagi susah banget cari inspirasi coba deh cari sudut-sudut yang menawarkan suasana tenang dan terang karena cahaya matahari."", ""transaksi. Pastikan Ibu berinteraksi dengan akun resmi Sosial Media BCA yang verified bercentang biru kecuali Twitter dengan centang emas. Nomor WhatsApp resmi Bank"", ""Woahhh udah ngincer yang warna apa nih?""]",False,5,1569,12,False,44
google/gemma-3-4b-it,sophistication,competence,hybrid_early,0.7,Sekedar info aja saat ini Vespa Primavera S Green Relax tersedia di dealer resmi Vespa terdekat di kotamu lho. Info lokasi dealer klik,"“Wah, Vespa Primavera S Green Relax sekarang udah ada di dealer Vespa resmi terdekat di kota kamu lho! Info lokasi dealer bisa klik ya. Semoga bermanfaat!”",False,3877,4200317,42,"[""Tersedia layanan Customer Service di Stasiun Solo Balapan dengan jam operasional mulai pukul 07.00-20.00 WIB setiap hari ya. Terima kasih."", ""Semoga salah satu acara Rangkaian HUT 129 BRI ini bisa jadi alasan hubungan kamu makin baik ya... Tiketnya masih tersedia nih! Yuk ajak temen pacar keluarga buat nonton bareng BRI Mini Soccer Clash tanggal 24 November 2024 di Mahaka Square! Ada Duta Thariq Aaliyah"", ""Guna informasi lebih lanjut silakan menghubungi call center asuransi BRI Life sesuai informasi yang sudah disampaikan sebelumnya ya. Dapatkan informasi terbaru seputar layanan dan promo BRI di Sabrina WhatsApp 0812 1214 017. Tks~Chesy"", ""Dengan senang hati kami bantu informasikan Bapak/Ibu Pelanggan. Ada ya. Untuk informasi detail silakan akses link berikut: ya. :) Tks ^Heybi"", ""Baik. Apabila membutuhkan informasi terkait produk BRI dapat menghubungi kami kembali. Sehat dan sukses selalu. Dapatkan informasi terbaru seputar layanan dan promo BRI di Sabrina WhatsApp 0812 1214 017. Tks~Nadim""]",False,5,1984,35,False,155
google/gemma-3-4b-it,sincerity,competence,hybrid_early,0.7,mimin bantu sampaikan saran kamu ke tim terkait ya kak terima kasih loh,"Kak, mimin bantu sampaikan saran kakak ke tim terkait ya. Terima kasih banyak!",False,1972,4200318,42,"[""Hai kak Okelaah sebelumnya kami mohon maaf atas ketidaknyamanannya ya. Untuk hal ini akan kami bantu lebih lanjut melalui DM. Mohon cek DM dari mimin ya kak."", ""Kak Sha kami mohon maaf sebelumnya atas hal ini. Kami ingin membantu lebih lanjut perihal masalah mu ini. Mohon mengecek DM dari mimin ya kak. Terima kasih"", ""Kak Rin sekali lagi kami mohon maaf sekali atas ketidaknyamanannya. Untuk laporan kakak sudah mimin bantu teruskan kembali ke tim terkait ya. Mohon menunggu informasi selajutnya melalui DM"", ""Halo kak Wiw sebelumnya kami mohon maaf sekali atas ketidaknyamanan yang terjadi ya. Perihal kendala tersebut akan kami bantu lebih lanjut melalui DM silakan cek DM kakak ya."", ""Hai kak Ajiwar sebelumnya kami mohon maaf atas ketidaknyamanannya ya. Untuk hal ini akan kami bantu lebih lanjut melalui DM. Mohon cek DM dari mimin ya kak.""]",False,5,1762,19,False,78
google/gemma-3-4b-it,sincerity,competence,hybrid_early,0.7,Di Purwakarta: Tim Mekdi ngosrek bareng! Bersama warga dan komunitas lokal wujudkan ruang publik yang lebih bersih dan nyaman. Kami percaya bahwa setiap aksi kecil berarti dan setiap gerakan punya dampak. Karena bumi cuma satu dan kita semua punya peran untuk merawatnya,"“Di Purwakarta: Tim Mekdi ngobrol seru bareng warga & komunitas! Bersama, wujudkan ruang publik yg lebih bersih & nyaman. Percaya, tiap aksi berarti, tiap gerakan berdampak. Bumi cuma satu, kita semua punya peran menjaga.”",False,1640,4200319,42,"[""Melalui implementasi RWP & webinar ini TelkomGroup menegaskan komitmennya mendukung kesetaraan gender pemberdayaan perempuan & keluarga sehat. Bersama kita ciptakan lingkungan kerja yg aman & produktif!"", ""RWP ini tujuannya untuk membuat lingkungan kerja bebas dari diskriminasi bullying pelecehan atau bentuk kekerasan lainnya. Bahkan kalau ada karyawan mengalami KDRT Telkom siap bantu mediasi."", ""Toolini diharapkan dapat meringkas kegiatan operasional serta membantu pemilik merek dan kreator dalam membuat keputusan yang lebih tepat dengan dukungan data terverifikasi serta peluang kolaborasi akses analitik dan kit media."", ""Dengan kolaborasi erat bersama beragam lembaga dan komunitas pemerhati lingkungan Telkom menegaskan komitmennya untuk menjaga lingkungan dan berkontribusi positif pada pemeliharaan keseimbangan ekosistem di sekitarnya. Through close"", ""Yuk dukung Telkom Indonesia dalam mendukung kebersamaan dan silaturahmi masyarakat di momen Idulfitri!""]",False,5,2084,57,False,222
google/gemma-3-4b-it,sophistication,competence,hybrid_early,0.7,Complete your weekend with a delicious at,"""Let's finish your weekend with a fantastic treat!""",False,4343,4200320,42,"[""We are happy to check the DM that Mr./Mrs. Customer sent and make sure to interact with the official account that has a gold tick. Tks ^Zaydee"", ""Hi we have responded to your message via DM. Please check it. Thanks~Agny"", ""Good afternoon Sir. Please check the DM from Railmin. Railmin urges you to always be careful of fraudulent accounts on behalf of KAI. Currently all KAI121 social media accounts have been verified. Please ignore if there is a reply from an account that does not have a gold tick"", ""It's finally here!! Find out more at"", ""We're happy to reply to the DM Mr./Mrs. Customer sent. Please be sure to contact the official account with the gold checkmark. Tks^Sukma""]",False,5,1566,13,False,51
google/gemma-3-4b-it,excitement,competence,hybrid_early,0.7,mau nanya nih kalau semisal tahun ini Janji Bumi akan hadir kembali kira-kira mau varian rasa apa nih? Coba kasih ide yang anti biasa dan saran dari di kolom reply yuk!,"“Siapa nih yang penasaran Janji Bumi bakal hadir varian rasa apa tahun ini? Yuk, kasih ide yang beda-beda, saran seru di kolom reply!”",False,2682,4200321,42,"[""Hi kak Alka mimin mohon maaf atas ketidaknyamanan yang dialami terkait update software Kak Untuk solusi terbaik Kakak bisa konsultasi langsung ke tim kami lewat nomor bebas pulsa 0-800-112-888 atau via live chat di aplikasi Samsung Members ya."", ""Hi kak mimin mohon maaf atas ketidaknyamanan yang dialami terkait update software Kak Untuk solusi terbaik Kakak bisa konsultasi langsung ke tim kami lewat nomor bebas pulsa 0-800-112-888 atau via live chat di aplikasi Samsung Members ya."", ""Hai Sobat BRI tidak perlu khawatir. Pesan akan segera kami respons. Mohon kesediaannya menunggu ya. Dapatkan informasi terbaru seputar layanan dan promo BRI di Sabrina WhatsApp 0812 1214 017. Tks~Thomas"", ""Siapa nih yang pengen ketemu Zee weekend ini di ? Ketik emoji kalau kalian mau ketemu Zee Yuk langsung aja datang! Kamu bisa dapatkan hadiah dengan ikuti experience yang bisa kamu pre-order dengan benefit up to Rp9 4jt"", ""Hi kak Arum mimin mohon maaf atas ketidaknyamanan yang dialami terkait update software Kak Untuk solusi terbaik Kakak bisa konsultasi langsung ke tim kami lewat nomor bebas pulsa 0-800-112-888 atau via live chat di aplikasi Samsung Members ya.""]",False,5,2173,37,False,134
google/gemma-3-4b-it,sophistication,competence,hybrid_early,0.7,hai bestie apabila kamu menjadi salah satu pemenang giveaway mohon kesediannya untuk menunggu tim terkait kami untuk menghubungi kamu ya [ds],"Hai bestie, kalau kamu salah satu pemenang giveaway mohon kesediannya menunggu tim terkait kami untuk menghubungi kamu ya. Tks~[ds]",False,3756,4200322,42,"[""Pesan yang dikirimkan melalui DM akan segera kami respons. Mohon kesediaannya menunggu ya. Informasi lainnya seputar BRI dapat hubungi Sabrina WhatsApp 0812 1214 017 atau akun resmi media sosial BRI yang terverifikasi. Tks~Enzy"", ""Hi kak Yaya sebelumnya kami mohon maaf atas ketidaknyamanan yang dialami ya. Perihal pembelian di Lazada mohon untuk menghubungi tim CS Samsung di Lazada untuk dibantu pengecekan lebih lanjut ya. Untuk status pengiriman hanya tim CS Samsung di Lazada yang dapat melakukan"", ""Pesan DM sudah kami respons mohon melakukan pengecekan. Dapatkan informasi terbaru seputar layanan dan promo BRI di Sabrina WhatsApp 0812 1214 017. Tks~Oris"", ""Hai Sobat BRI mohon kesediaannya untuk menunggu pesan yang dikirimkan melalui DM akan segera kami respons. Dapatkan informasi terbaru seputar layanan dan promo BRI di Sabrina WhatsApp 0812 1214 017. Tks~Beni"", ""Hai Sobat BRI terkait pesan yang dikirimkan melalui DM akan segera kami respons. Mohon kesediannya menunggu ya. Dapatkan informasi terbaru seputar layanan dan promo BRI di Sabrina WhatsApp 0812 1214 017. Tks~Fafa""]",False,5,2075,32,False,131
google/gemma-3-4b-it,ruggedness,competence,hybrid_early,0.7,4. Medan pendakian Kalau kamu mau melakukan perjalanan di medan yang kasar berarti kamu membutuhkan sepatu dengan sol tebal dan tahan lama. Tetapi kalau kamu mau melakukan perjalanan di medan yang basah berarti kamu membutuhkan sepatu dengan lapisan tahan air.,"Wah, keren juga ya! Kalau mau trekking di medan berat, butuh sepatu sol tebal yang kuat. Tapi, kalau di jalanan basah, mending sepatu yang anti air deh. Seru ya, sesuaikan sama kondisi jalan, biar nyaman dipakai!",False,5230,4200323,42,"[""siapa yang masih belum bisa move on dari serunya ? Sama nih Digimin juga. Terima kasih banyak atas antusiasme dan partisipasinya ya. Sampai jumpa lagi di event berikutnya!"", ""Bisa ya. Namun disesuaikan dengan ketersediaan kantor BRI yang dikunjungi. Sobat BRI bisa mengunjungi BRI Unit Lhoktuan yang berada di Jalan Slamet Riyadi RT 43 Nomor 51 Lhoktuan Bontang Kelurahan Lhoktuan Kecamatan Bontang Utara Kota Bontang Kalimantan Timur membawa dokumen"", ""Wah banyak sekali manfaatnya ya! Yuk Sobat luangkan waktu untuk berolahraga seperti jalan kaki untuk hidup yang lebih sehat. Sobat suka jalan kaki setiap hari?"", ""Terlalu banyak pengalaman yang sudah dilalui mimin Kak"", ""Hi kak Rey kami mohon maaf sebelumnya atas ketidaknyamanan pada unit Galaxy A53 5G kamu ya. Agar kami bisa memberikan solusi yang tepat tim kami harus melihat dan mengeceknya secara langsung. Mohon dibawa ke Samsung Service Center terdekat kak""]",False,5,2023,54,False,212
google/gemma-3-4b-it,sincerity,competence,hybrid_early,0.7,Sementara itu sekitar 6.700 paket sembako juga telah diberikan untuk mengurangi beban kebutuhan hidup para pekerja di sektor informal pemulung pengemudi angkutan umum dan pekerja harian lainnya,"""Selanjutnya, TelkomGroup menyalurkan sekitar 6.700 paket sembako guna meringankan beban kebutuhan hidup para pekerja informal, termasuk pemulim, pengemudi angkutan, dan pekerja harian lainnya.""",False,6130,4200324,42,"[""Selain itu Telkom juga membagikan bantuan kepada para pemudik dengan total sebesar bantuan lebih dari Rp500 juta dan memfasilitasi para pelanggan setianya untuk berpartisipasi dalam berbagi kebaikan melalui platform Benih Baik untuk berdonasi kepada 1.100 pemudik lainnya."", ""Safari Ramadan BUMN 2023: Telkom Bagikan 1000 Paket Sembako Murah di Tanjung"", ""Selain itu dengan menggunakan transportasi umum juga turut membantu mengurangi polusi semakin banyak orang naik transportasi umum semakin banyak bahan bakar minyak yang dihemat."", ""Tantangan-tantangan yang ada seperti keterbatasan akses akan informasi akses lapangan pekerjaan akses pendidikan dan akses kesehatan menyebabkan adanya risiko sosial ekonomi bagi para penyandang disabilitas. Challenges such as limited"", ""Di tahun 2024 puluhan penyandang disabilitas di lingkungan TelkomGroup menempati berbagai posisi kerja seperti call center admin finance dan human capital sales pengajar access network planning dan performance IT platform dan digital business.""]",False,5,2056,51,False,194
google/gemma-3-4b-it,ruggedness,competence,hybrid_early,0.7,Seruuu dongg,"“Wah, seru banget yaa!”",False,5114,4200325,42,"[""Makin gak sabar yaa buat"", ""Samaaa! Siap-siap menyambut gebrakan yang terbaru di"", ""Ikutan ga Kak?"", ""Tunggu tanggal mainnya ya Kak bakal ada kejutan yang bikin wow"", ""Kita juga gak sabar liat kamu bareng""]",False,5,1061,10,False,23
google/gemma-3-4b-it,sincerity,competence,hybrid_early,0.7,Ditunggu ya Kak,Selamat malam Kak. Silakan cek DM ya Kak. Trims.,False,1690,4200326,42,"[""Selamat sore Kak. Mohon cek DM ya Kak. Trims."", ""Selamat pagi Kak. Mohon cek DM ya Kak. Trims."", ""Siap sudah dibalas DM nya ya Kak. Trims."", ""Makasih ya Kak ."", ""Selamat malam Kak. Silakan cek DM ya Kak. Trims.""]",False,5,1070,16,False,48
google/gemma-3-4b-it,sincerity,competence,hybrid_early,0.7,pap foto meap atau ootd kamu di day 1 kerja ini donggg,"""Gimana nih pengalaman kerja kamu hari pertama? Share foto outfit atau kegiatanmu donggg!""",False,2227,4200327,42,"[""Hai Nder mimin benar-benar minta maaf atas kendala yang kamu alami di layar Galaxy S21-nya Pasti bikin nggak nyaman banget ya. Yuk DM mimin langsung biar bisa segera kita bantu cari solusi terbaiknya. Mimin tunggu yaa DM dari kamu"", ""Hi kak May mohon maaf sekali atas kendalanya ya. Bisa jadi ada aplikasi yang nyedot daya di background setting layar terlalu cerah atau sistem belum optimal. Coba cek di Device care > Battery > Usage buat lihat apa yang paling banyak makan daya lalu matikan aplikasi nggak"", ""Jangan berhenti ketika kamu lelah. Berhentilah ketika kamu selesai. Selamat pagi Sobat! Mau pulsa gratis? Jangan lupa retweet semua postingan hari ini ya!"", ""Selamat pagi Kak. Mohon maaf bukti fotokopi/foto KTP tidak bisa digunakan untuk proses boarding ya. Silakan dapat menunjukkan bukti identitas asli berfoto dan berlaku sesuai info Railmin sebelumnya. Railmin imbau untuk selalu hati-hati ya terhadap akun penipuan yang"", ""Jadi gimana versi Bare Minimum Monday ? Punya rutinitas khusus tiap Senin? Yuk share di kolom reply!""]",False,5,1937,22,False,90
google/gemma-3-4b-it,excitement,competence,hybrid_early,0.7,Tanggal-tanggal segini udah masuk musim kirim-kiriman hampers nih~ Spill dong hampers Ramadan kalian tahun ini isinya apa aja? Yang klasik kayak kue kering atau tim fancy yang ngirim gadget?,"""nih tanggal-tanggal ini udah mau musim kirim-kiriman hampers yaa~ Spill dong hampers Ramadan kamu tahun ini isinya apa aja? Yang klasik kayak kue kering atau tim fancy yang ngirim gadget?""",False,2832,4200328,42,"[""Yang terbaik emang harus cepet-cepet PO nih Langsung PO yuk"", ""ini dia para pemenang special bulan Ramadan periode 1. Selamat ya!"", ""Tahun baru semangat baru! Sobat BRI! yuk bagikan resolusi tahun baru kamu di reply ya! Apakah itu tentang mencapai tujuan keuangan belajar hal baru atau memperbaiki gaya hidup? Mimin mau tahu dong apa yang ingin kamu capai di tahun 2025!"", ""ini dia para pemenang special bulan Ramadan periode 4. Selamat ya!"", ""Tinggal hitungan jam Kak Siap-siap yaa~""]",False,5,1518,45,False,189
google/gemma-3-4b-it,sincerity,competence,hybrid_early,0.7,Berkontribusi dalam kegiatan relawan memiliki banyak manfaat untuk masyarakat sekitar dan juga bumi. Selain berperan dalam menjaga lingkungan kamu juga belajar bersosialisasi kerja sama meningkatkan empati serta melatih kepemimpinan.,"Yuk, dukung kegiatan relawan! Berkontribusi di sini banyak manfaat bagi masyarakat sekitar dan bumi. Selain menjaga lingkungan, kamu juga belajar bersosialisasi, kerja sama, meningkatkan empati, serta melatih kepemimpinan.",False,6080,4200329,42,"[""dalam merayakan Iduladha tahun ini Telkom Indonesia sekaligus mewujudkan semangat sinergi untuk memberi yang terbaik bagi masyarakat luas khususnya mereka yang membutuhkan. Kiranya momentum ini menjadi pengingat dan mengajak kita semua untuk senantiasa berbagi"", ""Terima kasih untuk dukungan dan semangat dari Sobat dan pelanggan Telkom Indonesia selama ini. Mari kita terus berkolaborasi untuk saling meningkatan ekonomi digital di Indonesia. Selamat Hari Pelanggan Nasional."", ""Yuk dukung upaya Telkom Indonesia dalam mendukung pemerintah menghadirkan dampak positif bagi seluruh elemen masyarakat! Let's support Telkom Indonesia's efforts in assisting the government to bring positive impacts to all elements of"", ""Selain itu Telkom juga membagikan bantuan kepada para pemudik dengan total sebesar bantuan lebih dari Rp500 juta dan memfasilitasi para pelanggan setianya untuk berpartisipasi dalam berbagi kebaikan melalui platform Benih Baik untuk berdonasi kepada 1.100 pemudik lainnya."", ""Buat memajukan sektor ini semua pihak bisa ikut berkontribusi dan membantu para pelaku UMKM termasuk Telkom Indonesia yang konsisten hadir dengan beragam program dan inisiatif. Ikuti kelanjutan pembahasannya minggu depan ya! To advance this sector""]",False,5,2319,49,False,222
google/gemma-3-4b-it,sincerity,competence,hybrid_early,0.7,Cek di ya kak untuk informasi lengkap,Selamat sore Kak. Cek di ya untuk informasi lengkap.,False,1906,4200330,42,"[""Selamat sore Kak. Mohon cek DM ya Kak. Trims."", ""Selamat malam Kak. Silakan cek DM ya Kak. Trims."", ""Selamat pagi Kak. Mohon cek DM ya Kak. Trims."", ""Done ya Kak silakan cek kembali. Trims."", ""Done ya Kak. Silakan dapat cek kembali DMnya. Trims.""]",False,5,1127,14,False,52
google/gemma-3-4b-it,sophistication,competence,hybrid_early,0.7,Details from the SAPTO DJOJOKARTIKO Fall/Winter 2023 backstage,“Ini dia detail-detail penting dari Belakang Musim Gugur/Dingin SAPTO DJOJOKARTIKO!”,False,4635,4200331,42,"[""Jelang Akhir Tahun 2023 Wamen BUMN Kunjungi Posko TelkomGroup SIAGA NARU 2023/2024 Sobat menyambut tahun baru 2024 Wakil Menteri BUMN Kartika Wirjoatmodjo didampingi Direktur Telkom Ririek Adriansyah melakukan kunjungan ke Posko TelkomGroup SIAGA NARU (Natal-Tahun Baru)"", ""Hai Sobat BRI mohon maaf atas ketidaknyamanan yang dialami. Kami informasikan menghubungi layanan Call Center CMS Bank BRI pada nomor 021 5758965/45 hanya bisa dihubungi pada hari kerja dan jam operasi 07.30-16.30 waktu setempat pada hari kerja. Jika di luar hari dan jam kerja"", ""Dengan senang hati kami informasikan Bapak/Ibu Pelanggan. Jika yang dimaksud untuk Resinda Park Mall maka untuk branch code 7045 ya. Tks ^Groho"", ""ini dia para pemenang tanggal 30 Mei 2024. Selamat ya! YourFuture"", ""Telkom Indonesia mendukung Indonesia Bebas Karbon 2060 melalui pembangunan green data center oleh NeutraDC. Bagaimana implementasinya? Simak penjelasannya minggu depan! Telkom Indonesia supports Indonesia's Carbon-Free 2060 initiative through the""]",False,5,1924,26,False,84
google/gemma-3-4b-it,sincerity,competence,hybrid_early,0.7,Sbg org tua bnyk cara yg bisa kita lakukan untuk membiasakan anak hidup sehat sejak dini. Para peneliti Nestl mengidentifikasi bahwa 6 kebiasaan baik berikut dpt secara efektif bantu org tua membentuk pola makan minum & gaya hidup sehat pada anak. Simak yuk!,"“Sebagai orang tua, banyak cara yang bisa kita lakukan untuk membiasakan anak hidup sehat sejak usia dini. Para peneliti Nestlé mengidentifikasi enam kebiasaan baik berikut yang dapat membantu orang tua membentuk pola makan, minum, dan gaya hidup sehat pada anak.”",False,6137,4200332,42,"[""Yuk! Jadikan hari ini memontum untuk membangun kebiasaan sehat dengan: 1. Perbanyak konsumsi buah & sayur. 2. Kurangi konsumsi gula garam dan lemak. 3. Hindari makanan cepat saji. 4. Aktif bergerak setiap hari."", ""Mohon maaf atas ketidaknyamanannya. Sehubungan dengan pemeliharaan sistem BI Fast di luar jaringan BCA maka layanan transfer BI Fast akan dinonaktifkan pada hari Jumat 6 Juni 2025 pukul 23:00 WIB sampai dengan hari Sabtu tanggal 7 Juni 2025 pukul 17:55 WIB."", ""Tap untuk tips hidup sehat dan produktif ala Adib Dwitamma! Ayo datang ke Bandung dan cobain fitur terbaru dari ! Saatnya pre-order sekarang dan dapatkan benefit up to 11 juta!"", ""Tak hanya itu Telkom juga mendukung program makan bergizi dari pemerintah karena nutrisi yang cukup adalah fondasi penting bagi generasi unggul."", ""Selain itu membangun kebiasaan kecil seperti bangun pagi juga memiliki manfaat yang baik untuk kita diantaranya: 1. Mengurangi stress 2. Membuat kita memiliki tingkat produktivitas yang lebih tinggi 3. Mengurangi pikiran negatif dan 4. Menurunkan risiko gangguan""]",False,5,2168,55,False,264
google/gemma-3-4b-it,excitement,competence,hybrid_early,0.7,Nah kamu udah siap belum buat ngejalanin hari-hari commuting yang penuh DAR! DER! DOR! ini? Jangan lupa kasih aba-aba ke GoTransit ya gess Biar PP kantor - rumah bisa naik GoRide + KRL!,“Udah siap belum buat hadapin hari-hari commuting yang padat?! Jangan lupa kabarin GoTransit yaa! Biar perjalanan kantor-rumah makin asik naik GoRide + KRL!”,False,2824,4200333,42,"[""Udah siap belum buat bareng kita?!"", ""Betul banget! Hitungan jam lagi menuju momen yang ditunggu Siap-siap yaa~"", ""Hahaha bener banget! Bukan stecu lagi ini sih the real game-changer Siapin diri kamu di yaa!"", ""Iya besok banget Siap-siap bareng kita semua di yaa~"", ""Selamat siang Sobat! Siap ikutan kuis hari ini?""]",False,5,1344,43,False,157
google/gemma-3-4b-it,ruggedness,competence,hybrid_early,0.7,Semakin syahdu nih muncaknya Eigerian,"""Wah, makin seru nih buat para Eigerian!""",False,5131,4200334,42,"[""Jadi makin lengkap karena cuacanya mendukung ya Kak."", ""Buat yang sudah resmi terdaftar di Digiland 2025 dan ingin mengabadikan momen-momen seru selama acara berlangsung Digimin punya challenge nih! Digimin mengundang rekan-rekan media untuk ikut serta dalam kompetisi penuh inspirasi. Jangan hanya jadi penikmat"", ""siapa yang sudah siap buat pemanasan? Pendaftaran Digiland Run 2024 sudah dibuka nih! Jangan sampai kelewatan harga spesial early bird flash ya! Cek informasi selengkapnya juga di akun ."", ""Sobat BRI kamu udah nonton Episode terakhir Web Series Pakai Hati Reborn belum? Gimana nih perasaannya Tim Bianca dan Tim Raina? Buat yang belum nonton yuk langsung aja nonton Web Series Pakai Hati Reborn hanya di Youtube Channel Bank BRI atau langsung klik link di"", ""Countdown dimulai buat nyaksiin momen keren di""]",False,5,1703,15,False,41
google/gemma-3-4b-it,excitement,competence,hybrid_early,0.7,Ada menu Chocolate Series dan faovit dari yang setia nemenin kamu dan keluarga di malam natal tahun ini loh! Yuk langsung di momen ini dan jangan lupa share kebahagiaanmu dengan ya :),"“Asiiiikkk, ada menu Chocolate Series dan favorit yang selalu nemenin kamu di malam Natal tahun ini loh! Yuk langsung vibes-in momen ini dan jangan lupa share kebahagiaanmu ya!”",False,2655,4200335,42,"[""Semoga salah satu acara Rangkaian HUT 129 BRI ini bisa jadi alasan hubungan kamu makin baik ya... Tiketnya masih tersedia nih! Yuk ajak temen pacar keluarga buat nonton bareng BRI Mini Soccer Clash tanggal 24 November 2024 di Mahaka Square! Ada Duta Thariq Aaliyah"", ""Siapa nih yang pengen ketemu Zee weekend ini di ? Ketik emoji kalau kalian mau ketemu Zee Yuk langsung aja datang! Kamu bisa dapatkan hadiah dengan ikuti experience yang bisa kamu pre-order dengan benefit up to Rp9 4jt"", ""Yesss sama-sama gak sabar nunggu kejutan dari Galaxy Foldable terbaru nih Yuk catat tanggalnya 9 Juli 2025 pukul 21.00 WIB dan daftar di"", ""Ada promo eksklusif buat kamu! Ayo daftar di & dapatkan promo jutaan rupiah dari pembelian Galaxy Foldable terbaru! Pastikan kamu udah set kalender buat ikutan pada 9 Juli 2025 pukul 21.00 WIB ya!"", ""Asikkk tinggal hitungan jam nih! Siap-siap PO dan nikmati kejutan dari Galaxy Foldable terbaru""]",False,5,1952,44,False,177
google/gemma-3-4b-it,sincerity,competence,hybrid_early,0.7,Hai Destia saat ini McDonald's belum tersedia di kota kamu yah. Akan kami informasikan jika sudah tersedia yaa,"Hai Destia, selamat siang. Saat ini McDonald's belum tersedia di kota kamu ya. Akan kami informasikan jika sudah tersedia. Tks~Dendi",False,1953,4200336,42,"[""Selamat sore Kak. Mohon maaf atas ketidaknyamanannya. Penyajian makanan atau minuman atas pemesanan via Railfood bila sudah tersedia akan diantarkan ke kursi oleh petugas. Namun menyesuaikan dengan ramainya pembelian di rangkaian restorasi Kak (tidak dapat dipastikan). Apabila"", ""Selamat malam Kak dan mohon maaf baru terbalaskan karena padatnya antrean interaksi. Jika melakukan pemesanan makanan secara online via Railfood atau website maka nantinya petugas Prama/Prami akan mengantarkannya langsung ke tempat duduk penumpang ya."", ""Selamat pagi Kak. Fasilitas sewa selimut bisa didapatkan jika masih tersedia. Mengenai ketersediaan sewa selimut dalam perjalanan KA dapat juga dicek melalui website atau via Railfood (Access by KAI). Kakak juga dapat konfirmasi langsung ke petugas yang"", ""Selamat siang Kak. Fasilitas sewa selimut bisa didapatkan apabila masih tersedia. Mengenai ketersediaan sewa selimut dalam perjalanan KA silakan dapat cek melalui website atau aplikasi Access by KAI pada menu Railfood ya. Kakak juga dapat konfirmasi"", ""Hai Sobat BRI. Mohon maaf atas ketidaknyamanan yang dialami. Terkait informasi promo tersebut kami lakukan pengecekan terlebih dahulu. Mohon kesediaan menunggu. Tks~Dendi""]",False,5,2171,33,False,132
google/gemma-3-4b-it,sophistication,competence,hybrid_early,0.7,maksudnya bro?,Aduh gimana nih bro?,False,4136,4200337,42,"[""Aduh gimana ya?"", ""Betul Kak tapi di hari sebelumnya ya"", ""Gas kalo kata mimin mah Kak ."", ""Siap Kak otw ke DM"", ""Oke Kak otw ke DM .""]",False,5,992,7,False,20
google/gemma-3-4b-it,sophistication,competence,hybrid_early,0.7,Charlotte wearing a contemporary hand-embellished look from inside the new issue of . Fashion Editor: Michael Pondaag Photographer: Kay Moreno Makeup: Sissy Sosro Hair: Kiefer Lippens,“Charlotte tampil memukau dengan tampilan modern bermotif tenun tangan dari edisi terbaru. Fashion Editor: Michael Pondaag Fotografer: Kay Moreno Makeup: Sissy Sosro Rambut: Kiefer Lippens”,False,4598,4200338,42,"[""in line with the spirit of digital transformation Telkom Indonesia continues to offer various competency development programs to empower all employees in reaching their full potential. These initiatives are designed to support career growth that"", ""Hal ini juga didukung dengan beragam fasilitas dan hak khusus yang diberikan untuk talenta digital difabel dan perempuan. This is further supported by various facilities and special rights provided for digital talents with disabilities and women."", ""Arghie nailed every shot with Edge & Salomon shoes. Just 5.8mm sleek stylish effortless. RT & reply Aku juga mau Edge yang styled with Salomon shoes kalau kamu mau punya. Beli di & dapatkan hadiah eksklusif SALOMON"", ""Kuis video membaca naskah sumpah pemuda masih berlangsung! Kirim videomu dengan membuat postingan baru disertai hashtag dan wajib follow mention akun media sosial Telkom like share postingan kuis & mention 3 orang teman."", ""Sebentar lagi! Diskusi menarik dengan narasumber terbaik di bidangnya yang bertajuk UMKM Go Digital di Telkom Talks on Space pukul 18.30-19.30 WIB.""]",False,5,2116,48,False,189
google/gemma-3-4b-it,sincerity,competence,hybrid_early,0.7,hai ada sesuatu dari nih,"Hai, ada yang mau nih.",False,1937,4200339,42,"[""Makasih ya Kak ."", ""Makasih Kak."", ""Hai Kak. Terima kasih."", ""Hai Sobat BRI mohon maaf atas ketidaknyamanan yang dialami. Kami sudah respons DM Sobat BRI. Silakan melakukan pengecekan ya. Informasi lainnya seputar BRI dapat hubungi Sabrina WhatsApp 0812 1214 017 atau akun resmi media sosial BRI yang terverifikasi. Tks~Geral"", ""Hai Sobat BRI mohon kesediaannya untuk menunggu. Pesan yang dikirimkan melalui DM akan segera kami respons. Informasi lainnya seputar BRI dapat hubungi Sabrina WhatsApp 0812 1214 017 atau akun resmi media sosial BRI yang terverifikasi. Tks~Celine""]",False,5,1444,8,False,22
google/gemma-3-4b-it,sophistication,competence,hybrid_early,0.7,Delight in an array of Middle Eastern cuisines prepared by Chef Moustafa Talaat from :,“Nikmati beragam hidangan Timur Tengah yang disiapkan oleh Chef Moustafa Talaat dari:”,False,4542,4200340,42,"[""Good afternoon Sir. Please check the DM from Railmin. Railmin urges you to always be careful of fraudulent accounts on behalf of KAI. Currently all KAI121 social media accounts have been verified. Please ignore if there is a reply from an account that does not have a gold tick"", ""We apologize for the inconvenience experienced by the Customer. Please provide detailed information about the problem experienced via DM. Tks ^Groho"", ""ya. Namun apabila sudah melebihi ketentuan maka silakan Bapak/Ibu melakukan konfirmasi dengan pihak PayPal. Tks ^Hadid"", ""Kolaborasi ini melahirkan Memorandum of Understanding (MoU) perencanaan dan pengembangan Sistem Komunikasi Kabel Laut (SKKL) Internasional yang menghubungkan Singapura Jepang Korea Filipina Vietnam dan negara-negara lainnya."", ""Hai Sobat BRI terima kasih atas kepercayaannya terhadap BRI dan mohon maaf atas ketidaknyamanannya. Jika Sobat BRI sudah mengirimkan proposal melalui email corsec.co.id maka akan segera di respons oleh rekan kami. Mohon kesediaannya menunggu respons balasan pada email""]",False,5,1982,23,False,86
google/gemma-3-4b-it,excitement,competence,hybrid_early,0.7,For you Carmen! Titip velocity yahhh,Selamat pagi Kak Carmen! Silakan titipkan kecepatan yaaa.,False,3331,4200341,42,"[""Selamat malam Kak. Selama tidak memperpanjang relasi dari pemesanan dan keretanya berhenti maka Kakak bisa naik di stasiun yang pemberhentian berikutnya ya. Jika memiliki tiket KA Argo Muria (22) dari Gambir-Semarang Tawang Bank Jateng maka dapat naik di Stasiun Bekasi ya. Hal"", ""Selamat siang Kak. Bagi penumpang usia di bawah 17 tahun saat boarding dapat menunjukkan KIA kartu pelajar atau fotokopi KK ya. Railmin imbau untuk selalu hati-hati ya terhadap akun penipuan yang mengatasnamakan KAI. Saat ini seluruh akun media sosial KAI121 sudah"", ""Selamat malam Kak. Railmin mohon maaf atas ketidaknyamanannya yang sudah dialami. Saat ini tersedia eskalator tangga serta Lift di Stasiun Gambir Kak. Apakah yang dimaksud eskalatornya sedang terkendala Kak? Guna Railmin tindaklanjuti laporan toilet dan ruang tunggunya mohon"", ""Selamat siang Kak. Bila dimaksud tarif parkir inap motor di Stasiun Kiaracondong (selatan) dikenakan sebesar 10 ribu. Info lengkapnya silakan DM/mention ke Twitter ya. Railmin imbau untuk selalu hati-hati ya terhadap akun penipuan yang mengatasnamakan KAI. Saat ini"", ""Selamat pagi sudah Kak. Perjalanan KA Tegal Bahari saat ini sudah menggunakan Rangkaian Eksekutif & Ekonomi Stainless Steel New Generation. Berikut Railmin lampirkan capture tempat duduknya ya. Railmin imbau untuk selalu hati-hati ya terhadap akun penipuan yang mengatasnamakan""]",False,5,2255,14,False,57
google/gemma-3-4b-it,sophistication,competence,hybrid_early,0.7,Menuju 9th Anniversary Sociolla punya bestie deals buat kamu!,"Yuk rayakan 9th Anniversary Sociolla bareng-bareng dengan penawaran spesial untuk kamu, bestie!",False,3655,4200342,42,"[""ini dia para pemenang tanggal 9 Mei 2024. Selamat ya! YourFuture"", ""sudah nggak sabar kan untuk mengetahui siapa yang terpilih sebagai pemenang-pemenang utama rangkaian spesial bulan Ramadan? Para pemenang utama yang terpilih sudah mengikuti rangkaian kuis selama 4 minggu berturut-turut dan menjawab dengan benar"", ""Hai Sobat BRI benar ya. Promo tersebut berlaku untuk special discount dan gift atas setiap preorder unit Samsung Galaxy Fold 7 Z Flip 7 dan Watch 8. Terima kasih atas ketertarikannya terhadap promo BRI. Informasi lebih lanjut silakan mengakses"", ""Sebagai puncak perayaan ulang tahun Telkom Digiland 2023 juga menyuguhkan penampilan kolaborasi apik bersama Padi Reborn Lyodra serta Dewan Komisaris Telkom dan Board of Executive TelkomGroup."", ""Yuk countdown bareng sampai tanggal 9 Juli nanti!""]",False,5,1715,26,False,95
google/gemma-3-4b-it,excitement,competence,hybrid_early,0.7,Olla & Oniel udah di kantor ges lagi siap-siap live di toko oren,"“Oke, Oniel dan Olla sudah kembali di kantor, siap untuk live di Toko Oren!”",False,2453,4200343,42,"[""Hai Sobat BRI pesan sudah kami respons melalui DM. Silakan lakukan pengecekan ya. Mohon selalu menjaga kerahasiaan data perbankan seperti PIN Username password OTP QLola IB Token dan 3 digit angka di balik kartu debit/kartu kredit. Informasi lebih lanjut hubungi Contact"", ""Silaturahmi yang dulu harus tatap muka kini bisa lewat video call & chat. Belanja pun tak perlu ke toko cukup sekali klik!"", ""Siap on check ya Kak. Trims."", ""Siap Kak on check"", ""Saat ini tidak ada informasi kendala menghubungi layanan Halo BCA dikhawatirkan sedang dalam antrean. Silakan Bapak/Ibu Pelanggan coba secara berkala. Tks^Grett""]",False,5,1522,23,False,76
google/gemma-3-4b-it,sophistication,competence,hybrid_early,0.7,Rise and shine! What's on your breakfast menu this morning?,Selamat pagi Kak! Menu sarapan apa ya yang ada hari ini?,False,4508,4200344,42,"[""We are happy to check the DM that Mr./Mrs. Customer sent and make sure to interact with the official account that has a gold tick. Tks ^Zaydee"", ""Hehehe Selamat pagi dan selamat beraktivitas ya Kak. jangan lupa sarapan ya."", ""We're happy to reply to the DM Mr./Mrs. Customer sent. Please be sure to contact the official account with the gold checkmark. Tks^Sukma"", ""Selamat siang Kak. Layanan operasional Customer Service Stasiun Surabaya Pasar Turi pukul 05.00-21.00 WIB ya. Railmin imbau untuk selalu hati-hati ya terhadap akun penipuan yang mengatasnamakan KAI. Saat ini seluruh akun media sosial KAI121 sudah terverifikasi. Mohon abaikan"", ""Selamat malam Kak. Pemesanan tiket secara go show atau datang langsung ke stasiun dilayani mulai 3 jam sebelum keberangkatan selama masih tersedia ya. Namun bila yang dimaksud tiket dengan tarif khusus mohon maaf tidak tersedia pada rute Jember-Pasarsenen. Tarifnya berlaku""]",False,5,1822,15,False,56
google/gemma-3-4b-it,sincerity,competence,hybrid_early,0.7,Ajak anak terlibat dalam aktivitas yang menyenangkan baginya dan berikan ia semangat dan pujian.,"“Ajak anak buat ikut seru-seruan buat dia, terus kasih semangat dan tepuk tangan buat pujiannya, ya!”",False,6197,4200345,42,"[""di hari yang spesial ini luangkan waktu untuk menunjukkan apresiasi kepada Ibu lewat doa kata-kata penuh kasih dan pelukan hangat."", ""Dengerin musik bisa bikin mood bagus bantu kurangin stres dan bikin otak lebih kreatif loh!"", ""Selamat Hari Natal Sobat Telkom. Semoga Natal membawa kebahagiaan dan keceriaan untuk Sobat dan orang-orang tersayang."", ""Bersyukur atau berterima kasih atas sebuah pertolongan dapat dilakukan dengan kembali membalas kebaikan kepada orang lain. Berbuat kebaikan semudah memberi apresiasi pada bantuan yang datang. Selamat berbuka puasa Sobat."", ""Sobat mengeksplorasi minat dan bakat anak sangat penting untuk membangun karakternya. Sobat bisa memotivasi anak atau adik untuk belajar dengan StudExt platform edukasi berbasis digital yang menyediakan berbagai materi keterampilan untuk mengeksplorasi bidang minat dan bakat""]",False,5,1791,30,False,101
google/gemma-3-4b-it,excitement,competence,hybrid_early,0.7,aku suka reply yang satu ini,"""Asik, reply yang satu ini!""",False,2877,4200346,42,"[""Apa yang terasa berbeda di Lebaran kali ini? Yuk! Share di kolom reply!"", ""Memang yang bikin nyaman suka buat susah lupa sih Kak"", ""Makasih ya Kak ."", ""Done Kak silakan cek lagi pesan pada DM ya"", ""Mohon cek DM kamu kembali ya Kak""]",False,5,1103,11,False,28
google/gemma-3-4b-it,excitement,competence,hybrid_early,0.7,BAGI-BAGI HP GRATIS LAGI Tungguin malem ini jam 7 spesial Tokopedia Happy Hour ya Pastiin kamu langsung komen saat itu juga!!,"Sobat, jangan lupa tunggu malam ini jam 7 spesial Tokopedia Happy Hour ya! Pastiin kamu langsung komen saat itu juga!!",False,3550,4200347,42,"[""Awali perjuangan harimu dengan senyum lebar Sobat Telkom. Selamat pagi! Mau pulsa gratis? Jangan lupa retweet semua postingan hari ini ya!"", ""Jangan lupa selalu awali harimu dengan senyum lebar Sobat Telkom. Selamat pagi! Mau pulsa gratis? Jangan lupa retweet semua postingan hari ini ya!"", ""Jangan berhenti ketika kamu lelah. Berhentilah ketika kamu selesai. Selamat pagi Sobat! Mau pulsa gratis? Jangan lupa retweet semua postingan hari ini ya!"", ""Jangan pernah menyesal karena selalu ada harapan menanti di depan. Sobat! Mau pulsa gratis? Jangan lupa retweet semua postingan hari ini ya!"", ""Hai Sobat BRI pesan melalui DM akan segera kami respons ya. Mohon kesediaan menunggu. Dapatkan informasi terbaru seputar layanan dan promo BRI di Sabrina WhatsApp 0812 1214 017. Tks~Arum""]",False,5,1750,28,False,118
google/gemma-3-4b-it,excitement,competence,hybrid_early,0.7,Hai Kak maaf banget ya. Laporan Kakak sedang diproses oleh tim kami di nomor pelaporan (137788561) silakan untuk melakukan pengecekannya pada nomor laporan tersebut melalui email ya. Terima kasih^ast,"Hai Kak, mohon maaf atas ketidaknyamanannya. Guna pengecekan laporan, silakan infokan via DM: Nomor Pelaporan: Email : Mohon dapat disertakan email ya. Tks~Agny",False,2942,4200348,42,"[""Selamat malam Kak. Mohon maaf atas ketidaknyamanannya. Guna pengecekan laporan yang Kakak sampaikan silakan infokan via DM: Nama Custome: Nomor Handphone Customer KAIPay : Email : Mohon dapat disertakan foto KTP dan akun Kaspro yang Kakak miliki. Railmin imbau untuk selalu"", ""Hai Sobat BRI. Mohon maaf atas ketidaknyamanannya. Terkait kendala yang dialami kami sudah merespons pesan melalui DM. Silakan melakukan pengecekan ya. Tks~Agny"", ""Hai Sobat BRI mohon maaf atas ketidaknyamanannya. Kami informasikan nomor +639094463937 bukan nomor resmi dari petugas BRI. Guna pengecekan kami sudah mengirimkan pesan melalui DM. Silakan melakukan pengecekan ya. Dapatkan informasi terbaru seputar layanan dan promo BRI di"", ""Hai Sobat BRI. Mohon maaf atas kendala transaksi setor tunai yang dialami. Kami lakukan pengecekan laporan 80532144 masih dalam proses tindak lanjut. Mohon kesediaan menunggu proses laporan maksimal 8 hari kerja sejak laporan dibuat. Jika sudah selesai hasil laporan akan"", ""Hai Sobat BRI mohon maaf atas ketidaknyamanannya. Guna pengecekan dapat disampaikan detail kendala yang dialami melalui DM ya. Tks~Agny""]",False,5,2172,47,False,160
google/gemma-3-4b-it,excitement,competence,hybrid_early,0.7,Hai kak Anggi jangan khawatir ya yuk infokan no hp dan email yg terdaftar melalui DM supaya bisa aku bantu cek ya. Tks^feb,Hai Kak Anggi. Silakan informasikan nomor HP dan email terdaftar melalui DM ya. Tks^feb,False,3061,4200349,42,"[""silakan informasikan nomor rekening dan nomor HP yang aktif melalui DM ya. Tks^Grett"", ""Selamat malam Kak. Silakan cek DM ya Kak. Trims."", ""Selamat sore Kak. Mohon cek DM ya Kak. Trims."", ""Hai Sobat BRI. Tidak perlu khawatir. Kami sudah merespons pesan yang dikirimkan melalui DM. Silakan lakukan pengecekan kembali ya. Tks~Lula"", ""Hai Sobat BRI. Mohon maaf atas ketidaknyamanan yang dialami. Terkait kendala kami sudah merespons pesan melalui DM. Silakan melakukan pengecekan ya. Tks~Hera""]",False,5,1456,24,False,87
google/gemma-3-4b-it,sophistication,competence,hybrid_early,0.7,The next generation of changemakers gathers today at The 50: Fifty People Changing the World the World Needs to Know About. This inaugural EC50 Symposium is in keeping with our initiative promoting scientific exploration to protect the Earth.,Get ready to be amazed by the incredible innovators coming together at The 50: Fifty People Changing the World! This very special EC50 Symposium is totally aligned with our mission to champion scientific discovery and safeguard our planet.,False,4988,4200350,42,"[""in line with the spirit of digital transformation Telkom Indonesia continues to offer various competency development programs to empower all employees in reaching their full potential. These initiatives are designed to support career growth that"", ""Get ready to be blown away by the next-level tech coming your way!"", ""We are happy to check the DM that Mr./Mrs. Customer sent and make sure to interact with the official account that has a gold tick. Tks ^Zaydee"", ""Sorry for the inconvenience Mr/Mrs. Customer. If you are still having problems please send us a response of the image display via DM so that we can inform you according to your needs. :) Tks ^Heybi"", ""did you know that Telkom Indonesia provides equal opportunities for all its digital talents to empower themselves and continuously develop their skills for innovation? Well Kak Dyah will take you along for a day to follow her activities. Follow her journey in""]",False,5,2012,46,False,239
google/gemma-3-4b-it,sincerity,competence,hybrid_early,0.7,Hai kak untuk free colorful bottle berlaku kelipatan ya kak,"""Hai kak, untuk botol warna-warni gratisnya berlaku kelipatan ya, kak!""",False,1814,4200351,42,"[""Halo Kak mimin mohon maaf banget ya atas kendala pada layarnya Terkait kendalanya mohon untuk cek DM dari mimin"", ""Selamat pagi Kak mohon maaf atas kendala yang dialami. Jika Tarif Khusus belum berubah silakan dapat dicoba terlebih dahulu pesan di subclass manapun. Pada saat di ringkasan pemesanan mohon dicek kembali terkait tarifnya jika sudah berubah silakan dapat langsung dipesan. Namun"", ""ini dia para pemenang special bulan Ramadan periode 3. Selamat ya!"", ""Hi kak Lady mohon maaf sekali ya atas kendalanya. Kakak bisa coba aktifkan ulang lewat pengaturan aksesibilitas. Kalau masih bermasalah boleh langsung hubungi tim kami via Live Chat di atau ke 0-800-112-888 (bebas pulsa) supaya bisa dicek langsung lewat"", ""Ada 5 juta rupiah untuk 10 pemenang beruntung! Jangan lupa untuk reply postingan ini dengan screenshot hasil registrasi kamu pakai hashtag Periode s/d 9 Juli 2025 Let s go ini saatnya kamu jadi pemenangnya!""]",False,5,1833,22,False,71
google/gemma-3-4b-it,excitement,competence,hybrid_early,0.7,Thank you 2023 Momen bareng Kopi Kenangan apa nih yang paling berkesan versi kamu Beb? Coba di reply ya,"""Makasih 2023 momen seru bareng Kopi Kenangan apa nih yang paling berkesan buat kamu? Yuk, reply dong!""",False,3080,4200352,42,"[""So sweet yuk nostalgia lagi bareng kereta api sama istri tercintanya"", ""kamu paling kangen zaman yang mana? Cerita dong di kolom komentar atau reply tweet ini ya! Dari dulu hingga sekarang Telkom selalu hadir menemani perjalanan komunikasimu."", ""Jelang Akhir Tahun 2023 Wamen BUMN Kunjungi Posko TelkomGroup SIAGA NARU 2023/2024 Sobat menyambut tahun baru 2024 Wakil Menteri BUMN Kartika Wirjoatmodjo didampingi Direktur Telkom Ririek Adriansyah melakukan kunjungan ke Posko TelkomGroup SIAGA NARU (Natal-Tahun Baru)"", ""ini dia para pemenang Special Edition Flashback KTT ke-42 ASEAN di Labuan Bajo. Selamat ya!"", ""kamu setuju nggak kalau suasana kantor itu berpengaruh banget untuk kita bisa dapet inspirasi?""]",False,5,1657,34,False,103
google/gemma-3-4b-it,sophistication,competence,hybrid_early,0.7,Plans for today? Head over to and enjoy our delicious all you can eat !,"“Got plans for today? Come and enjoy our amazing all-you-can-eat selection! :)""",False,4332,4200353,42,"[""Get ready to be blown away by the next-level tech coming your way!"", ""We are happy to check the DM that Mr./Mrs. Customer sent and make sure to interact with the official account that has a gold tick. Tks ^Zaydee"", ""We're happy to reply to the DM Mr./Mrs. Customer sent. Please be sure to contact the official account with the gold checkmark. Tks^Sukma"", ""Sorry for the inconvenience Mr/Mrs. Customer. If you are still having problems please send us a response of the image display via DM so that we can inform you according to your needs. :) Tks ^Heybi"", ""Hi we have responded to your message via DM. Please check it. Thanks~Agny""]",False,5,1546,24,False,79
google/gemma-3-4b-it,sophistication,competence,hybrid_early,0.7,Luiz Rocha explores deep coral reefs which make up some of the most diverse ecosystems. On a recent expedition to the Indian Ocean s Rasdhoo Atoll the 2021 Laureate discovered eight new fish species. More,"“Lihatlah Luiz Rocha yang menyelidiki terumbu karang dalam yang menakjubkan, rumah bagi ekosistem yang luar biasa beragam. Dalam petualangan baru-baru ini di Samudra Hindia, Rasdhoo Atoll, Laureate 2021 ini menemukan delapan spesies ikan baru. Sungguh luar biasa!”",False,4983,4200354,42,"[""We apologize for the inconvenience experienced by the Customer. Please provide detailed information about the problem experienced via DM. Tks ^Groho"", ""Turn your walls into a symphony of sight and sound. A masterpiece for your space Samsung Music Frame blends art and audio seamlessly just as Putu Reza puts it: Fancy classy elegant. More:"", ""did you know that Telkom Indonesia provides equal opportunities for all its digital talents to empower themselves and continuously develop their skills for innovation? Well Kak Dyah will take you along for a day to follow her activities. Follow her journey in"", ""Akan berlangsung di Nusa Dua Bali pada 5-8 September 2023 BATIC 2023 akan menghadirkan industry leaders and estemeed experts nasional maupun internasional."", ""Dengan tema Cultivating the Sustainable Digital Ecosystem BATIC 2024 akan menghadirkan pameran industri teknologi dan telekomunikasi diikuti oleh konferensi dua hari dengan bahasan utama Shaping the Future of Global Connectivity dan Charting a Sustainable Course .""]",False,5,2078,72,False,264
google/gemma-3-4b-it,sophistication,competence,hybrid_early,0.7,Buat base makeup: espoir- Pro Tailor Be Glow Cushion New Class,"""Rekomendasi base makeup: Espoir - Pro Tailor Be Glow Cushion New Class, pilihan baru yang wajib dicoba!""",False,3643,4200355,42,"[""MENANGKAN 1 SET EXCLUSIVE BOX Galaxy S25 Edge x SukkhaCitta! RT like dan drop jawaban kamu di reply! Galaxy S25 Edge slim & durable ini paling cocok buat ? Sertakan: Edge Periode sampai 21 Juni 2025"", ""Hi kak Ivr Halo Kak maaf banget kalau penyimpanannya terasa cepat penuh Beberapa fitur sistem dan aplikasi bawaan memang memakan cukup banyak ruang. Kakak bisa coba optimalkan penyimpanan dengan hapus cache dan nonaktifkan aplikasi yang jarang dipakai. Kalau masih terasa"", ""Samsung Smart Monitor M90SF = Premium look smart features ultimate comfort. QD-OLED 4K. Glare Free. 4K Camera. AI Picture Optimizer. Cek selengkapnya:"", ""Digital Money & skin eksklusif spesial buat kamu! Caranya gampang! Berikan dukungan untuk UNINDRA dan VL Team yang bakal berjuang di Galaxy Gaming Academy dan sertakan Buruan ikutan cuma sampai 22 Juni 2025!"", ""Setuju gak kalau looking fit & feeling good gak mesti painful? Biar lebih jelas yuk datang ke dan coba bareng Febby untuk spill rahasianya! Ditunggu kehadirannya tanggal 27 Juli 2025 nanti ya!""]",False,5,1941,29,False,105
google/gemma-3-4b-it,excitement,competence,hybrid_early,0.7,Hai Kak mohon maaf sebelumnya. Bisa diinformasikan nomor telepon dan e-mail yang terdaftar pada aplikasi Gojek. Terima kasih -IC,"Hai Sobat BRI, mohon maaf atas ketidaknyamanannya. Guna tindak lanjut kami sudah kirimkan pesan melalui DM. Silakan lakukan pengecekan ya. Tks~IC",True,2915,4200356,42,"[""Hai Sobat BRI mohon maaf atas ketidaknyamanannya. Terkait kartu perpanjangan akan dikirimkan ke alamat yang terdaftar pada kartu kredit. Guna pengecekan status pengiriman kartu mohon kesediaan menghubungi layanan bebas pulsa Contact BRI melalui BRImo dengan tahapan: 1. Login"", ""Hai Sobat BRI mohon maaf atas ketidaknyamanannya. Guna tindak lanjut kami sudah kirimkan pesan melalui DM. Silakan melakukan pengecekan ya. Dapatkan informasi terbaru seputar layanan dan promo BRI di Sabrina WhatsApp 0812 1214 017. Tks~Amel"", ""Hai Sobat BRI mohon maaf atas ketidaknyamanannya. Guna tindak lanjut kami sudah mengirimkan pesan melalui DM. Silakan lakukan pengecekan ya. Dapatkan informasi terbaru seputar layanan dan promo BRI di Sabrina WhatsApp 0812 1214 017. Tks~Celine"", ""Mohon maaf atas ketidaknyamanan yang dialami. Guna tindak lanjut kami sudah mengirimkan pesan melalui DM. Silakan lakukan pengecekan ya. Dapatkan informasi terbaru seputar layanan dan promo BRI di Sabrina WhatsApp 0812 1214 017. Tks~Helma"", ""Hai Sobat BRI. Mohon maaf atas kendala setor tunai yang dialami. Guna menindaklanjuti hal tersebut kami sudah kirimkan pesan melalui DM. Mohon lakukan pengecekan. Tks~Hela""]",False,5,2156,42,False,145
google/gemma-3-4b-it,excitement,competence,hybrid_early,0.7,Nanti jam 4 sore ada live tiktok bareng sama,"Selamat sore Kak, info menarik nih kalau nanti jam 4 sore ada live TikTok bareng siapa?",False,2496,4200357,42,"[""Selamat pagi Kak dan mohon maaf baru terbalaskan karena padatnya antrean interaksi. Railmin cek tiket KA Bengawan sudah bisa dipesan hingga tanggal 14 Agustus 2025. Agar dapat Railmin bantu cek rencana perjalanan di tanggal berapa serta dari dan tujuan stasiun mana Kak?"", ""Selamat siang Kak. Tiket KA Commuter Line Prameks dapat dipesan secara langsung di loket stasiun dilayani mulai 3 jam sebelum berangkat selama masih tersedia. Untuk kuota tiket go show silakan dapat konfirmasi pada petugas di stasiun. Jika langsung di stasiun bisa menggunakan"", ""Selamat siang! Menurut Sobat bagaimana nih jika Telkom membuat acara ngobrol di Space ?"", ""Jawaban Sobat ditunggu sampai 8 Desember 2022 jam 23.59 WIB. Semoga beruntung ya!"", ""Selamat sore Kak. Pembelian tiket via loket stasiun (go show) dilayani mulai 3 jam sebelum KA berangkat dan selama masih tersedia. Railmin imbau untuk selalu hati-hati ya terhadap akun penipuan yang mengatasnamakan KAI. Saat ini seluruh akun media sosial KAI121 sudah""]",False,5,1886,21,False,87
google/gemma-3-4b-it,sophistication,competence,hybrid_early,0.7,Constructed silhouette paired with graphic punch in the form of all over Modang embroideries,"""Akhirnya, hadir siluet unik berpadu sentuhan grafis kuat berupa sulaman Modang menyeluruh. Jangan lewatkan!""",False,4744,4200358,42,"[""in line with the spirit of digital transformation Telkom Indonesia continues to offer various competency development programs to empower all employees in reaching their full potential. These initiatives are designed to support career growth that"", ""Untuk memastikan kualitas infratruktur dan layanan prima menjelang Hari Raya Idulfitri 1445H Telkom Indonesia telah mempersiapkan penguatan kapasitas optimasi jaringan penyiapan personel dan membentuk khusus Posko TelkomGroup SIAGA RAFI 2024."", ""The new Galaxy Foldable akan segera hadir Kamu Team Bold atau Team Vibrant nih? Tunjukkan pilihanmu dengan reply pilihan / dan mention Periode sampai 9 Juli 2025 Let s go!"", ""The AIPF will focus on three issues of common interest: Green Infrastructure and Resilient Supply Chain Inclusive Digital Transformation and Creative Economy"", ""Finally it s time to UNPACK Kepoin momen hands-on Samsung Galaxy Z Fold7 terbaru yang buat hidup makin produktif Ayo join yang udah cobain keseruan Galaxy Z Fold7 dengan reply fitur terbaru yang kamu suka dari""]",False,5,1977,29,False,109
google/gemma-3-4b-it,sincerity,competence,hybrid_early,0.7,Hai kak The BTS Meal nantinya dapat kamu beli di seluruh gerai McDonald s Indonesia ya kak,"Halo Kak. Jika ingin memesan McDonald's The BTS Meal, nantinya dapat diperoleh di seluruh gerai McDonald’s Indonesia ya Kak.",False,1928,4200359,42,"[""Selamat malam Kak. Apabila ingin pesan makan dan minum pada saat perjalanan Kereta Api bisa melalui menu Railfood via aplikasi Access by KAI atau Website Nantinya menu yang dipesan akan diantar oleh Prama/Prami ke tempat duduk sesuai kode booking tiket."", ""Selamat sore Kak. Mohon maaf atas ketidaknyamanannya. Penyajian makanan atau minuman atas pemesanan via Railfood bila sudah tersedia akan diantarkan ke kursi oleh petugas. Namun menyesuaikan dengan ramainya pembelian di rangkaian restorasi Kak (tidak dapat dipastikan). Apabila"", ""Selamat pagi Kak. Fasilitas sewa selimut bisa didapatkan jika masih tersedia. Mengenai ketersediaan sewa selimut dalam perjalanan KA dapat juga dicek melalui website atau via Railfood (Access by KAI). Kakak juga dapat konfirmasi langsung ke petugas yang"", ""Selamat malam Kak dan mohon maaf baru terbalaskan karena padatnya antrean interaksi. Jika melakukan pemesanan makanan secara online via Railfood atau website maka nantinya petugas Prama/Prami akan mengantarkannya langsung ke tempat duduk penumpang ya."", ""Selamat siang Kak. Fasilitas sewa selimut bisa didapatkan apabila masih tersedia. Mengenai ketersediaan sewa selimut dalam perjalanan KA silakan dapat cek melalui website atau aplikasi Access by KAI pada menu Railfood ya. Kakak juga dapat konfirmasi""]",False,5,2234,29,False,124
google/gemma-3-4b-it,ruggedness,competence,hybrid_early,0.7,Bang Agam Rinjani aja pakai Consina masa kamu engga?,"""Bang Agam Rinjani juga pakai Consina, masa kamu nggak?""",False,5466,4200360,42,"[""Sobat BRI kamu udah nonton Episode terakhir Web Series Pakai Hati Reborn belum? Gimana nih perasaannya Tim Bianca dan Tim Raina? Buat yang belum nonton yuk langsung aja nonton Web Series Pakai Hati Reborn hanya di Youtube Channel Bank BRI atau langsung klik link di"", ""Siap Kak Railmin ke DM ya."", ""Selamat pagi Kak. Baik Railmin ke DM Kakak. Trims."", ""Selamat sore Kak Rino. Pertanyaan Kakak via DM sudah Railmin respons ya. Railmin imbau untuk selalu hati-hati ya terhadap akun penipuan yang mengatasnamakan KAI. Saat ini seluruh akun media sosial KAI121 sudah terverifikasi. Mohon abaikan jika ada balasan dari akun yang tidak"", ""Langsung gas PO aja Kak Biar impianmu bisa segera dipegang sendiri""]",False,5,1596,17,False,56
google/gemma-3-4b-it,excitement,competence,hybrid_early,0.7,Yeaaa,Yeaaa!,False,3433,4200361,42,"[""YeeaySaatnya jemput mu sekarang"", ""Yeayy kita tunggu bareng-bareng yaa"", ""WE READY"", ""Setuju!"", ""Prepare yourself""]",False,5,963,4,False,6
google/gemma-3-4b-it,excitement,competence,hybrid_early,0.7,Biar bibir ga pecah-pecah,"""Biar gak kering-kering""",False,3245,4200362,42,"[""Gak kedip mimin ngeliatnyaaa"", ""Ada hadiah Rp500.000 untuk 2 orang! Tonton videonya dan tebak seberapa tipis Galaxy Z Fold7 saat layarnya dibuka? A. 5.2 mm B. 4.2 mm Jawab sebanyak-banyaknya pakai hashtag"", ""Udah dicrop-crop tetep cling emang jagonya kalau soal ketajeman"", ""Uhmmm.. cuma nostalgia atau susah move on"", ""Memang yang bikin nyaman suka buat susah lupa sih Kak""]",False,5,1243,11,False,24
google/gemma-3-4b-it,ruggedness,competence,hybrid_early,0.7,Olive dan hitam kak,"Siap on check ya Kak, Olive dan hitam. Trims.",False,5381,4200363,42,"[""Siap Kak on check"", ""Siap on check ya Kak. Trims."", ""Mohon cek DM kamu kembali ya Kak Marie"", ""Selamat pagi Kak. Mohon cek DM ya Kak. Trims."", ""Selamat malam Kak. Silakan cek DM ya Kak. Trims.""]",False,5,1056,15,False,45
google/gemma-3-4b-it,sophistication,competence,hybrid_early,0.7,Relax after a busy day with the family this Friday with a rejuvenating treatment,Stay tuned and get ready for a relaxing treatment to unwind after your busy week!,False,4475,4200364,42,"[""Good afternoon Sir. Please check the DM from Railmin. Railmin urges you to always be careful of fraudulent accounts on behalf of KAI. Currently all KAI121 social media accounts have been verified. Please ignore if there is a reply from an account that does not have a gold tick"", ""We are happy to check the DM that Mr./Mrs. Customer sent and make sure to interact with the official account that has a gold tick. Tks ^Zaydee"", ""We're happy to reply to the DM Mr./Mrs. Customer sent. Please be sure to contact the official account with the gold checkmark. Tks^Sukma"", ""Stay tuned and be ready for"", ""Stay tuned and get ready for the big reveal at""]",False,5,1569,17,False,81
google/gemma-3-4b-it,sophistication,competence,hybrid_early,0.7,Abis riding bareng lansung makan-makan enaak broo,"""Wah, seru banget setelah riding langsung makan! Enak banget, bro!""",False,4111,4200365,42,"[""Wah banyak sekali manfaatnya ya! Yuk Sobat luangkan waktu untuk berolahraga seperti jalan kaki untuk hidup yang lebih sehat. Sobat suka jalan kaki setiap hari?"", ""gimana puasanya sampai hari ini? Sambil menunggu waktu berbuka yuk! Kita berbagi pengetahuan tentang bagaimana cara ngembangin bisnis!"", ""Udah siap kerja lagi kan? suka dengerin musik nggak waktu kerja?"", ""Tap untuk tips hidup sehat dan produktif ala Adib Dwitamma! Ayo datang ke Bandung dan cobain fitur terbaru dari ! Saatnya pre-order sekarang dan dapatkan benefit up to 11 juta!"", ""Gimana menurut kamu? Asik kan ternyata bisa kerja sama dalam tim. Tapi apapun pilihan kamu yang penting bikin kamu nyaman dan kerjaan beres ya pastinya. Semangat hari Senin! Selamat bekerja!""]",False,5,1633,19,False,67
google/gemma-3-4b-it,excitement,competence,hybrid_early,0.7,Ga bole gitu tau kak pake raket nyamuk aja,"“Ih, jangan gitu ngomong Kak!”",False,3475,4200366,42,"[""Udah dicrop-crop tetep cling emang jagonya kalau soal ketajeman"", ""Gak kedip mimin ngeliatnyaaa"", ""Ikutan ga Kak?"", ""Jangan lupa daftar ya di biar dapet benefit-nya!"", ""Kita juga gak sabar liat kamu bareng""]",False,5,1092,12,False,30
google/gemma-3-4b-it,excitement,competence,hybrid_early,0.7,Yeaaah,Yeaaah!,False,3437,4200367,42,"[""YeeaySaatnya jemput mu sekarang"", ""Yeayy kita tunggu bareng-bareng yaa"", ""WE READY"", ""Tinggal hitungan jam Kak Siap-siap yaa~"", ""Relate ya""]",False,5,989,6,False,7
google/gemma-3-4b-it,sincerity,competence,hybrid_early,0.7,Kalau lapar berat menyerang udah nggak perlu split bill lagi sama temen! Soalnya ada promo 3 Ayam Krispy McD + 2 Nasi ukuran besar cuma Rp50.000. Yuk tukarkan promonya di McD terdekat dan jangan lupa untuk scan kartu MyM Rewards supaya dapet poinnya!,"""Wah, perut lagi kerasa banget nih? Nggak usah repot bagi bill sama teman! Sekarang ada penawaran spesial 3 Ayam Krispy McD + 2 Nasi ukuran besar cuma Rp50.000. Yuk, segera tukarkan promonya di McD terdekat dan jangan lupa scan kartu MyM Rewards biar dapat poinnya!""",False,1804,4200368,42,"[""Selamat sore Kak. Mohon maaf atas ketidaknyamanannya. Penyajian makanan atau minuman atas pemesanan via Railfood bila sudah tersedia akan diantarkan ke kursi oleh petugas. Namun menyesuaikan dengan ramainya pembelian di rangkaian restorasi Kak (tidak dapat dipastikan). Apabila"", ""gimana puasanya sampai hari ini? Sambil menunggu waktu berbuka yuk! Kita berbagi pengetahuan tentang bagaimana cara ngembangin bisnis!"", ""Selamat malam Kak dan mohon maaf baru terbalaskan karena padatnya antrean interaksi. Jika melakukan pemesanan makanan secara online via Railfood atau website maka nantinya petugas Prama/Prami akan mengantarkannya langsung ke tempat duduk penumpang ya."", ""Digimin punya beberapa tips nih buat mengatasi rasa malas! - Beli minuman favorit kamu. Kalau Digimin sih biasanya kopi item biar kantuk hilang dan semangat memulai hari. - Stretching tipis-tipis. Bantu tubuh siap hadapi tumpukan kerjaan yang udah nunggu di meja. - Dengerin"", ""Selamat malam Kak. Mohon maaf pembayaran makanan yang dipesan melalui Railfood tidak dapat dilakukan secara cash/tunai ya. Silakan menggunakan Qris atau KAIPay untuk transaksi pembayarannya. Railmin imbau untuk selalu hati-hati ya terhadap akun penipuan yang mengatasnamakan""]",False,5,2321,75,False,266
google/gemma-3-4b-it,excitement,competence,hybrid_early,0.7,Tapi setidaknya mantan pernah mengisi hari mu kan?,"Ada yang berlalu, dan kenangan yang terukir tetaplah. Bukan duka yang menanti, melainkan kerinduan yang membias. Perpisahan tak harus berarti demikian, hanya sekadar tatapan singkat di waktu yang tak sepadu. Betapa! Kita adalah cerita yang usai, tanpa akhir yang pasti. Semoga harimu indah.",False,3193,4200369,42,"[""Ada yang pergi namun jejaknya tetap membekas. Bukan luka yang tertinggal melainkan rindu yang tak lepas. Perpisahan tidak harus tentang kehilangan ini hanya tentang pertemuan singkat di waktu yang tidak tepat. Ya! Kita adalah kisah yang selesai tanpa penutup. Selamat pagi"", ""Jika komitmen tak kunjung ditepati yang ada hanya janji dan harapan tapi tak ada rencana. Semoga harinya menyenangkan ya Kak"", ""Banyak kebaikan yang kembali kepada diri kita ketika menyayangi dan menolong setiap makhluk Allah dengan tulus dan ikhlas. Jadikan setiap kesempatan sebagai momen terbaik untuk menolong. Selamat berbuka puasa Sobat."", ""Iduladha adalah momen untuk merefleksikan nilai keikhlasan dan pengorbanan. Jadikan hari yang suci ini sebagai pengingat untuk terus menebar kebaikan terhadap sesama demi Indonesia yang lebih tangguh dan penuh empati."", ""Sobat jadikan Iduladha sebagai momentum untuk saling berbagi dan meningkatkan iman dengan keikhlasan. Semoga hikmah itu selalu mengiringi setiap langkah kehidupan kita.""]",False,5,1907,74,False,290
google/gemma-3-4b-it,sophistication,competence,hybrid_early,0.7,Imelda Therinne wore black sleeveless dress to Belenggu movie premiere last nite.,"“Selamat malam Kak. Untuk Imelda Therinne, mohon kesediaan memastikan koneksi internet yang dipergunakan dalam kondisi kuat dan stabil. Kami sarankan untuk restart perangkat terlebih dahulu dan dipastikan untuk tidak menggunakan jaringan WiFi. Tks ^Hadid”",False,4875,4200370,42,"[""Hi kak Dhiya coba pastikan koneksi internet stabil lalu restart perangkat dan coba login ulang. Kalau masih nggak bisa bisa konsultasi langsung via Smart Tutor di nomor bebas pulsa 0-800-112-888 biar dibantu lebih lanjut ya"", ""Selamat siang Kak. Layanan operasional Customer Service Stasiun Surabaya Pasar Turi pukul 05.00-21.00 WIB ya. Railmin imbau untuk selalu hati-hati ya terhadap akun penipuan yang mengatasnamakan KAI. Saat ini seluruh akun media sosial KAI121 sudah terverifikasi. Mohon abaikan"", ""Selamat malam Kak. Pengembalian dana refund membutuhkan waktu 7 hari setelah pembatalan. Jika sudah berhasil/gagal transfer akan dikirimkan sms atau email notifikasi. Terkait pengecekan dana refund dapat Railmin bantu silakan bisa diinformasikan data-data berikut melalui DM. -"", ""Untuk pembelian melalui e-Commerce Bapak/Ibu harus membayar biaya administrasi kartu Flazz sebesar Rp33.000 - untuk kartu Flazz reguler dan Rp55.000 - untuk kartu Flazz edisi khusus harga kartu Flazz tersebut termasuk saldo Rp1 -."", ""berwarna merah mohon kesediaan Bapak/Ibu dapat memastikan koneksi internet yang dipergunakan dalam kondisi kuat dan stabil. Kami sarankan Bapak/Ibu untuk restart device terlebih dahulu dan dipastikan untuk tidak menggunakan jaringan WiFi. Tks ^Hadid""]",False,5,2196,53,False,255
google/gemma-3-4b-it,sophistication,competence,hybrid_early,0.7,Another nice review from Ms. Maria and Ms. Elizabeth Rahajeng. Thank you for staying with us :),"“Terima kasih banyak atas review yang bagus dari Mbak Maria dan Mbak Elizabeth Rahajeng. Senang sekali kalian tetap bersama kami :)""",False,4300,4200371,42,"[""We're happy to reply to the DM Mr./Mrs. Customer sent. Please be sure to contact the official account with the gold checkmark. Tks^Sukma"", ""Sorry for the inconvenience Mr/Mrs. Customer. If you are still having problems please send us a response of the image display via DM so that we can inform you according to your needs. :) Tks ^Heybi"", ""We are happy to check the DM that Mr./Mrs. Customer sent and make sure to interact with the official account that has a gold tick. Tks ^Zaydee"", ""Good afternoon Sir. Please check the DM from Railmin. Railmin urges you to always be careful of fraudulent accounts on behalf of KAI. Currently all KAI121 social media accounts have been verified. Please ignore if there is a reply from an account that does not have a gold tick"", ""Hi kak Non mohon maaf sekali atas ketidaknyamanannya ya. Terkait hal ini mimin sarankan untuk hubungi tim kami melalui fitur Samsung Live Chat di atau tim kami di nomor bebas pulsa 0-800-112-888 untuk dicek melalui Smart Tutor ya.""]",False,5,1938,32,False,132
google/gemma-3-4b-it,sophistication,competence,hybrid_early,0.7,With (RED) we fight together to the defeat of HIV. Red is the color of love,"“Yuk, gabung bareng (RED) buat lawan HIV! Merah itu warna cinta. Let’s join (RED) to fight HIV! Red is the color of love!”",False,3893,4200372,42,"[""Yuk dukung komitmen Telkom dalam menghadirkan lingkungan kerja yang sehat dan aman! Let's support Telkom Indonesia s commitment to fostering a healthy and safe work environment!"", ""Think your running team is the strongest? Time to prove it. Daftarin tim lari kamu ke & compete bareng tim lain buat win the BIG PRIZES! Stay tuned di 10.07.25 the have a surprises for you. RT & reply dengan mention running"", ""Get ready to be blown away by the next-level tech coming your way!"", ""Jadi apa yang bisa dilakuin buat mencapai keseimbangan yang berkelanjutan? Nah kenalan yuk dengan salah satu alternatif solusinya: Green Data Center! So what can be done to achieve sustainable balance? Well let's get to know one of the alternative"", ""bicara soal kesetaraan tentu bukan cuma bicara tentang perbedaan gender. Kelompok penyandang disabilitas juga menjadi kelompok yang perlu mendapatkan dukungan kesetaraan dan kesamaan hak. when talking about""]",False,5,1855,39,False,122
google/gemma-3-4b-it,sincerity,competence,hybrid_early,0.7,LOP BESARRR,Yuk! LOP BESARRR!,False,2179,4200373,42,"[""Siap Kak on check"", ""Baik Kak on check"", ""Yang terbaik emang harus cepet-cepet PO nih Langsung PO yuk"", ""Yuk! Cek unggahan Digimin di atas!"", ""Siap on check ya Kak. Trims.""]",False,5,1027,9,False,17
google/gemma-3-4b-it,sophistication,competence,hybrid_early,0.7,Sometimes little things can make a big difference. Contohnya pemasangan genuine Vespa accessories di Vespa kesayangan. Temukan beragam genuine Vespa accessories di sekarang juga.,"""Kenyataan sederhana bisa menciptakan perubahan besar. Misalnya, memasang aksesori Vespa asli di Vespa kesayangan Anda. Temukan berbagai aksesori Vespa asli sekarang juga!""",False,3897,4200374,42,"[""in line with the spirit of digital transformation Telkom Indonesia continues to offer various competency development programs to empower all employees in reaching their full potential. These initiatives are designed to support career growth that"", ""Selamat siang Kak. Perjalanan KA Bangunkarta kelas Ekonomi saat ini menggunakan rangkaian Premium modifikasi belum new generation. Tempat duduk yang saling berhadapan hanya di nomor 10-11 (A-B) dan 12-13 (C-D). Berikut Railmin lampirkan gambar kursinya. Railmin imbau untuk"", ""Melalui program Mudik Hepi Telkomsel Poin Telkom Indonesia memberangkatkan total 2.187 pemudik diantaranya pelanggan UMKM sales force dan masyarakat umum melalui 35 bus dan 3 kapal laut dengan berbagai tujuan."", ""Apa saja fitur dan kanal yang disediakan Metra TV? Cari tahu informasi selengkapnya di Sobat berminat berlangganan MetraTV ?"", ""MENANGKAN 1 SET EXCLUSIVE BOX Galaxy S25 Edge x SukkhaCitta! RT like dan drop jawaban kamu di reply! Galaxy S25 Edge slim & durable ini paling cocok buat ? Sertakan: Edge Periode sampai 21 Juni 2025""]",False,5,2088,36,False,172
google/gemma-3-4b-it,sophistication,competence,hybrid_early,0.7,Make the most of your Saturday with a delicious brunch with family and loved ones at !,“Get ready to have an amazing weekend with a fantastic brunch surrounded by family and loved ones!”,False,4487,4200375,42,"[""We are happy to check the DM that Mr./Mrs. Customer sent and make sure to interact with the official account that has a gold tick. Tks ^Zaydee"", ""We're happy to reply to the DM Mr./Mrs. Customer sent. Please be sure to contact the official account with the gold checkmark. Tks^Sukma"", ""Sorry for the inconvenience Mr/Mrs. Customer. If you are still having problems please send us a response of the image display via DM so that we can inform you according to your needs. :) Tks ^Heybi"", ""Perfect for you we're sure!"", ""Get ready to be blown away by the next-level tech coming your way!""]",False,5,1515,20,False,99
google/gemma-3-4b-it,ruggedness,competence,hybrid_early,0.7,untuk 120 ga ada gan bisa diliat disini : om kalo cerrier consina 120 liter ada ?? kalo di garut aga,"Selamat! Untuk 120 liter, bisa dicek di sini ya. Kalau untuk Carrier Consina 120 liter ada? Kalau di Garut agak...""",False,5784,4200376,42,"[""Selamat & ! Masing-masing mendapatkan digital money senilai Rp250K Langsung DM kami ya"", ""Selamat malam Kak. Tersedia tarif khusus untuk KA Harina pada rute Cirebon-Purwakarta ya. Tarif khusus Eksekutif 150 ribu dan Ekonomi 105 ribu Kak. Pemesanan tiket KA dengan tarif khusus dapat dilakukan mulai 2 jam sebelum jadwal keberangkatan selama masih tersedia melalui"", ""Selamat siang Kak. Bila yang dimaksud adalah tarif khusus tersedia pada KA Malabar rute Madiun-Blitar sebesar 90 ribu (Eksekutif) dan 75 ribu (Ekonomi). Pemesanan tiket tarif khusus bisa dilakukan mulai 2 jam sebelum keberangkatan via aplikasi Access by KAI atau loket stasiun"", ""Selamat malam Kak. Mohon maaf perjalanan KA Pangrango rute Cibadak-Bogor mulai 16 Juni 2025 dan setelahnya belum tersedia sehubungan terdapat penyesuaian operasionalnya kembali. Silakan dapat melakukan pengecekan jadwal dan ketersediaan tiketnya melalui aplikasi Access by KAI"", ""Apabila Kakak sudah memiliki tiket KA Harina rute awal Purwakarta-Semarang Tawang Bank Jateng maka bisa naik dari Stasiun Cikampek karena tidak melebihi relasi ya. Trims.""]",False,5,2042,35,False,115
google/gemma-3-4b-it,sophistication,competence,hybrid_early,0.7,New post on the blog! Article: Le Marriage October/December 2012,Selamat siang Kak. Ada postingan baru di blog! Artikel: Le Marriage Oktober/Desember 2012,False,4885,4200377,42,"[""We're happy to reply to the DM Mr./Mrs. Customer sent. Please be sure to contact the official account with the gold checkmark. Tks^Sukma"", ""Welcoming our new"", ""LIKE post ini kalau kamu mau banget ! Ayo ikutan pre-order untuk dapatkan total benefit up to Rp3.9 jt. Promo berlaku hingga 31 Juli 2025. Pesan sekarang:"", ""Selamat siang Kak. Jadwal perjalanan weekend LRT Jabodebek dari Dukuh Atas BNI-Jati Mulya paling malam pukul 22.31 WIB. Info lengkap bisa cek Instagram ya Kak. Railmin imbau untuk selalu hati-hati ya terhadap akun penipuan yang mengatasnamakan KAI. Saat ini"", ""We are happy to check the DM that Mr./Mrs. Customer sent and make sure to interact with the official account that has a gold tick. Tks ^Zaydee""]",False,5,1631,25,False,89
google/gemma-3-4b-it,sophistication,competence,hybrid_early,0.7,Need a quick bite to eat? Grab a to-go yard long sandwich at . We have several selections to suit any taste!,"""Craving a snack? Grab a delicious to-go sandwich at ! We've got amazing choices to satisfy every craving!""",False,4323,4200378,42,"[""We are happy to check the DM that Mr./Mrs. Customer sent and make sure to interact with the official account that has a gold tick. Tks ^Zaydee"", ""We're happy to reply to the DM Mr./Mrs. Customer sent. Please be sure to contact the official account with the gold checkmark. Tks^Sukma"", ""Hi we have responded to your message via DM. Please check it. Thanks~Agny"", ""- Pilih Periode yang diinginkan lalu klik Tampilkan - e-Statement akan muncul sesuai periode yang dipilih - Untuk men-download e-Statement klik icon download di pojok kanan atas"", ""Get ready to be blown away by the next-level tech coming your way!""]",False,5,1563,27,False,107
google/gemma-3-4b-it,sincerity,competence,hybrid_early,0.7,Pastikan jangan sampai kehabisan ya McD ers karena persediaan terbatas loh. Yuk ke Drive Thru McDonald s terdekat sekarang!,"""Hati-hati ya Bu/Pak, jangan sampai kehabisan McD, persediaan terbatas. Yuk, langsung ke Drive Thru McDonald’s terdekat sekarang!""",False,1837,4200379,42,"[""Selamat malam Kak dan mohon maaf baru terbalaskan karena padatnya antrean interaksi. Jika melakukan pemesanan makanan secara online via Railfood atau website maka nantinya petugas Prama/Prami akan mengantarkannya langsung ke tempat duduk penumpang ya."", ""Selamat sore Kak. Mohon maaf atas ketidaknyamanannya. Penyajian makanan atau minuman atas pemesanan via Railfood bila sudah tersedia akan diantarkan ke kursi oleh petugas. Namun menyesuaikan dengan ramainya pembelian di rangkaian restorasi Kak (tidak dapat dipastikan). Apabila"", ""Mohon maaf atas ketidaknyamanan yang Bapak/Ibu Pelanggan alami. Sesuai tampilan gambar jika pada mutasi rekening terdapat keterangan KOR MCD TRANSCTION maka umumnya Bapak/Ibu telah melakukan transaksi Mastercard Debit"", ""Hai Sobat BRI mohon maaf atas ketidaknyamanan yang dialami. Apabila mendapatkan uang rusak saat melakukan tarik tunai di mesin ATM BRI silakan mengunjungi kantor BRI terdekat dari lokasi mesin ATM yang digunakan transaksi membawa KTP buku tabungan kartu debit dan bukti"", ""dikhawatirkan saat ini Bapak/Ibu masih dalam antrean sehingga daat kami sarankan menunggu proses tersebut. Tks ^Sukma""]",False,5,2115,36,False,130
google/gemma-3-4b-it,excitement,competence,hybrid_early,0.7,T shirt logo series yang ini rilis hari Kamis jam 12 siang,"Yuk, tunggu rilisnya T shirt logo series ini hari Kamis jam 12 siang!",False,2555,4200380,42,"[""Daftar sekarang di dan catat tanggalnya 9 Juli 2025 pukul 21.00 WIB"", ""Selamat pagi Kak. Bisa ya. Saat ini tersedia layanan Customer Service di Stasiun Jatinegara yang bersifat mobile mulai pukul 07.00-20.00 WIB ya Kak. Railmin imbau untuk selalu hati-hati ya terhadap akun penipuan yang mengatasnamakan KAI. Saat ini seluruh akun media sosial"", ""Dengan senang hati kami informasikan beroperasi ya Ibu Pada umumnya waktu layanan dan jam operasional layanan weekend banking pada hari Sabtu dan Minggu dari pukul 10:00 - 15:00 (waktu setempat) ya. Tks ^Tino"", ""Yuk countdown bareng sampai tanggal 9 Juli nanti!"", ""Jika yang dimaksud adalah jam layanan Weekend Banking BCA maka dari pukul 10.00-15.00 waktu setempat ya Bapak/Ibu Pelanggan.""]",False,5,1639,20,False,69
google/gemma-3-4b-it,sophistication,competence,hybrid_early,0.7,Wajib retweet dan follow yaa~ Drop pantun kamu dibawah mimin tunggu sampai 9 April 2022. Good luck!,"""Yuk, retweet & follow! Pantun seru di bawah ya mimin tunggu sampai 9 April 2022. Sukses buat semua!""",False,3750,4200381,42,"[""LIKE post ini kalau kamu mau banget ! Ayo ikutan pre-order untuk dapatkan total benefit up to Rp3.9 jt. Promo berlaku hingga 31 Juli 2025. Pesan sekarang:"", ""Kak Rin sekali lagi kami mohon maaf sekali atas ketidaknyamanannya. Untuk laporan kakak sudah mimin bantu teruskan kembali ke tim terkait ya. Mohon menunggu informasi selajutnya melalui DM"", ""Ada 5 juta rupiah untuk 10 pemenang beruntung! Jangan lupa untuk reply postingan ini dengan screenshot hasil registrasi kamu pakai hashtag Periode s/d 9 Juli 2025 Let s go ini saatnya kamu jadi pemenangnya!"", ""Selamat siang Sobat! Siap ikutan kuis hari ini?"", ""Hai Sobat BRI tidak perlu khawatir. Terkait pesan yang disampaikan melalui DM sudah kami respons. Mohon kesediaannya menunggu dan melakukan pengecekan ya. Dapatkan informasi terbaru seputar layanan dan promo BRI di Sabrina WhatsApp 0812 1214 017. Tks~Dean""]",False,5,1810,34,False,101
google/gemma-3-4b-it,excitement,competence,hybrid_early,0.7,BARU! Dreamy Choco Series Terbuat dari cokelat asli Belanda berkualitas yang tersedia dalam 3 varian yaitu: Dreamy Salted Caramel Aren Latte Dreamy Choco Salted Caramel Dreamy Choco Orange! Harganya mulai dari 19ribuan loh! Yuk beli sekarang juga di outlet Kopi Kenangan,"“INFO TERBARU! Dreamy Choco Series hadir! Nikmati cokelat asli Belanda premium dalam 3 rasa lezat: Dreamy Salted Caramel Aren Latte, Dreamy Choco Salted Caramel, Dreamy Choco Orange! Mulai dari 19 ribuan aja! Buruan ke outlet Kopi Kenangan!”",False,3073,4200382,42,"[""Pesan DM sudah kami respons mohon melakukan pengecekan. Dapatkan informasi terbaru seputar layanan dan promo BRI di Sabrina WhatsApp 0812 1214 017. Tks~Oris"", ""MENANGKAN 1 SET EXCLUSIVE BOX Galaxy S25 Edge x SukkhaCitta! RT like dan drop jawaban kamu di reply! Galaxy S25 Edge slim & durable ini paling cocok buat ? Sertakan: Edge Periode sampai 21 Juni 2025"", ""Pada siang harinya hadir pula penampilan dari Cokelat dilanjutkan oleh Nella Kharisma Wali Nassar serta musisi papan atas lainnya."", ""Selamat pagi Kak. Tersedia tarif khusus dari Stasiun Semarang Tawang Bank Jateng-Surabaya Pasar Turi pada KA Sembrani dan Argo Bromo Anggrek sebesar 335 ribu (Eksekutif). Kemudian tersedia juga pada KA Harina sebesar 250 ribu (Eksekutif) dan 135 ribu (Ekonomi). Lalu tersedia"", ""Selamat pagi Kak. Untuk tarif khusus hingga saat ini masih berlaku bagi beberapa KA serta rute perjalanan ya. Pemesanan tiket KA dengan tarif khusus dapat dilakukan mulai 2 jam sebelum jadwal keberangkatan selama masih tersedia melalui Aplikasi Access by KAI dan loket stasiun ya""]",False,5,2169,70,False,241
google/gemma-3-4b-it,sophistication,competence,hybrid_early,0.7,Wherever you go you ll always bloom in style with Vespa.,"“Rencanakan petualanganmu, kamu pasti bersinar dalam gaya dengan Vespa!”",False,3785,4200383,42,"[""Get ready to be blown away by the next-level tech coming your way!"", ""MENANGKAN 1 SET EXCLUSIVE BOX Galaxy S25 Edge x SukkhaCitta! RT like dan drop jawaban kamu di reply! Galaxy S25 Edge slim & durable ini paling cocok buat ? Sertakan: Edge Periode sampai 21 Juni 2025"", ""Perfect for you we're sure!"", ""A new vision is coming Watch. Work. Play. In style with Vision AI & OLED. Get up to IDR 1 mio off + gifts up to IDR 3.9 mio! Reserve now:"", ""We're happy to reply to the DM Mr./Mrs. Customer sent. Please be sure to contact the official account with the gold checkmark. Tks^Sukma""]",False,5,1481,19,False,72
google/gemma-3-4b-it,sincerity,competence,hybrid_early,0.7,Hai kak kemungkinan untuk pesanannya sedang ramai kamu dapat coba kembali secara berkala yaa,"“Halo Kak, kemungkinan pesanan sedang banyak ya, Kak. Silakan coba cek lagi secara berkala, ya.”",False,1924,4200384,42,"[""Hai Kak River untuk estimasi pengiriman tersebut merupakan estimasi ya Kak. Jadi bisa saja sampai lebih cepat tergantung lokasi Kalau ada kendala lebih lanjut Kakak bisa langsung hubungi tim Customer Service Samsung melalui Live Chat di"", ""Hi kak ik sebelumnya mimin mohon maaf sekali atas kendala yang terjadi. Untuk estimasi harga perbaikannya hanya bisa ditentukan setelah pengecekan unitnya ya kak. Mohon mengunjungi Samsung Service Center terlebih dahulu"", ""Siap Kak pesan yang dikirim via DM sudah Railmin cek dan respons ya. Trims."", ""Selamat malam Kak. Untuk kendala Kakak sudah Railmin respons via DM ya. Trims."", ""Selamat siang dan mohon maaf Kak. Mengenai kendala pembayaran dengan kartu kredit saat ini masih dalam penanganan unit terkait. Alternatifnya bisa pembayaran dengan metode lain yang tersedia ya. Sekali lagi mohon maaf atas ketidaknyamanannya. Railmin imbau untuk selalu""]",False,5,1830,26,False,96
google/gemma-3-4b-it,excitement,competence,hybrid_early,0.7,Congratulation and happy graduation . Love and best wishes for a wonderful future! Much love,"""Congrats kamu jadi lulus! 🎉 Love & best wishes buat masa depan yang indah! ❤️""",False,2499,4200385,42,"[""Selamat kepada & yang telah terpilih menjadi pemenang giveaway Terima kasih sudah mengikuti keseruan giveaway . Congrats guys!"", ""Haloo congrats yaa kamu terpilih jadi salah satu pemenangnya! Segera claim hadiahmu lewat DM"", ""Finally it s time to UNPACK Kepoin momen hands-on Samsung Galaxy Z Fold7 terbaru yang buat hidup makin produktif Ayo join yang udah cobain keseruan Galaxy Z Fold7 dengan reply fitur terbaru yang kamu suka dari"", ""Perfect for you we're sure!"", ""Congrats kamu terpilih jadi salah satu pemenangnya! Cek DMnya segera untuk claim hadiahnya""]",False,5,1497,21,False,79
google/gemma-3-4b-it,ruggedness,competence,hybrid_early,0.7,Wah ini agar menghindari aroma yang tidak tidak ya kak,"Mohon maaf ya, biar nggak ada bau kurang sedap.",False,5170,4200386,42,"[""Spill warna mana yang paling kece buat kamu?"", ""Hai Sobat BRI. Tidak bisa ya. Kami informasikan layanan SMS banking sudah dinonaktifkan per April 2022. Guna informasi sesuai apakah yang dimaksud ingin menonaktifkan layanan SMS notifikasi? Tks~Vani"", ""Halo kak Ann penggunaan baterai bisa dipengaruhi oleh aplikasi tertentu dan lama penggunaan layar. Pastikan untuk menutup aplikasi yang tidak terpakai gunakan charger asli Samsung dan hindari menggunakan perangkat saat sedang di-charge."", ""Hai Sobat BRI mohon maaf atas ketidaknyamanan yang dialami. Apabila notifikasi yang diterima melalui aplikasi BRImerchant tidak sesuai mohon diabaikan saja ya. Sobat BRI jangan bagikan data pribadi seperti PIN OTP atau password kepada siapa pun termasuk yang"", ""Mohon maaf atas ketidaknyamanannya untuk KA Kahuripan tidak tersedia lampu redup (Night Mode) ya. Trims.""]",False,5,1756,14,False,47
google/gemma-3-4b-it,sophistication,competence,hybrid_early,0.7,Let our expert therapists knead away all your stresses with the best treatment for your wants & needs,"""Siapa yang pengen badan rileks? Biar para ahli terapi kita yang ngasih solusi terbaik buat kamu!""",False,4442,4200387,42,"[""siapa nih yang suka banget kalo ada training di tempat kerja? who here loves it when there s training at work?"", ""Get ready to be blown away by the next-level tech coming your way!"", ""Sorry for the inconvenience Mr/Mrs. Customer. If you are still having problems please send us a response of the image display via DM so that we can inform you according to your needs. :) Tks ^Heybi"", ""Jadi apa yang bisa dilakuin buat mencapai keseimbangan yang berkelanjutan? Nah kenalan yuk dengan salah satu alternatif solusinya: Green Data Center! So what can be done to achieve sustainable balance? Well let's get to know one of the alternative"", ""Perfect for you we're sure!""]",False,5,1609,26,False,98
google/gemma-3-4b-it,ruggedness,competence,hybrid_early,0.7,Maksimalkan kegiatan speed hiking Eigerian dengan menggunakan EIGER Speedtrek 30. Teknologi backsystem X-Fit Dilengkapi hip belt fleksibel Menggunakan bahan ringan sekaligus berdaya tahan kuat Kompartemen water bladder EIGER SPEEDTREK 30 BACKPACK,"“Raih petualangan seru dengan EIGER Speedtrek 30! Teknologi backsystem X-Fit, hip belt fleksibel, bahan ringan super kuat, dan kompartemen water bladder siap menemani Eigerian dalam setiap aksi speed hiking. EIGER SPEEDTREK 30 BACKPACK – buat langkahmu semakin berani!”",False,5185,4200388,42,"[""Untuk memastikan kualitas infratruktur dan layanan prima menjelang Hari Raya Idulfitri 1445H Telkom Indonesia telah mempersiapkan penguatan kapasitas optimasi jaringan penyiapan personel dan membentuk khusus Posko TelkomGroup SIAGA RAFI 2024."", ""Olahraga hits makin rame dari padel sampai pilates. Seru sih... tapi jangan sampai lupa cek kondisi dompet juga Yuk ikuti tren dengan bijak. Sehat fisik sehat finansial."", ""Mengusung semangat Rajut Kebersamaan Raih Kemenangan Telkom menyediakan 91 posko yang tersebar di seluruh wilayah Indonesia dengan 19.503 ribu personel yang akan memastikan keandalan jaringan telekomunikasi dan layanan pelanggan sama masa libur lebaran 24x7."", ""Gali Potensi Bisnis Data Center Berkelanjutan untuk Transformasi Digital Indonesia Telkom Data Ekosistem Gelar NeutraDC Summit 2023"", ""Hai Sobat BRI. Terima kasih atas ketertarikannya terhadap program BRI. Sobat BRI dapat menikmati promo berbagai jenis sneakers pada event BRImo x USS yang berlangsung pada tanggal 25-27 Oktober 2024 di Hall A-B Jakarta Convention Center (JCC) ya. Sobat BRI jangan pernah""]",False,5,2177,72,False,269
google/gemma-3-4b-it,ruggedness,competence,hybrid_early,0.7,wah mantap termasuk goa cina banjul mati sama jonggring saloko? : Seru min kita explore 5 pantai dimalang RT : Sel,"“Wah, keren juga ya Kak! Termasuk Goa Cina Banjul sama Jonggrang Saloko? Railmin juga excited banget mau explore 5 pantai di Malang RT : Sel.”",False,5800,4200389,42,"[""& Railmin cuma mau ingetin nih! Mulai besok experience perjalanan kalian naik Kereta Api Gumarang dan Tegal Bahari bakal makin asyik dan nyaman."", ""Selamat pagi Kak. Mohon maaf sebelumnya berencana ingin melakukan perjalanannya pada tanggal dan bulan berapa? Railmin imbau untuk selalu hati-hati ya terhadap akun penipuan yang mengatasnamakan KAI. Saat ini seluruh akun media sosial KAI121 sudah terverifikasi. Mohon"", ""Selamat malam Kak. Saat ini belum tersedia fasilitas Water Station di Stasiun Cikampek ya. Railmin imbau untuk selalu hati-hati ya terhadap akun penipuan yang mengatasnamakan KAI. Saat ini seluruh akun media sosial KAI121 sudah terverifikasi. Mohon abaikan jika ada balasan"", ""Selamat pagi sudah Kak. Perjalanan KA Tegal Bahari saat ini sudah menggunakan Rangkaian Eksekutif & Ekonomi Stainless Steel New Generation. Berikut Railmin lampirkan capture tempat duduknya ya. Railmin imbau untuk selalu hati-hati ya terhadap akun penipuan yang mengatasnamakan"", ""siapa yang masih belum bisa move on dari serunya ? Sama nih Digimin juga. Terima kasih banyak atas antusiasme dan partisipasinya ya. Sampai jumpa lagi di event berikutnya!""]",False,5,2108,39,False,142
google/gemma-3-4b-it,excitement,competence,hybrid_early,0.7,All in icel,"On check ya Kak, All in icel. Trims.",False,2558,4200390,42,"[""Stay tuned and be ready for"", ""Siap on check ya Kak. Trims."", ""Siap Kak on check"", ""Selamat pagi Kak. Tarif khusus masih tersedia ya. Namun untuk tiket yang saat ini terdapat program promo maka tidak tersedia tarif khusus ya Kak. Terima kasih."", ""On check ya Kak. Trims.""]",False,5,1126,14,False,36
google/gemma-3-4b-it,sophistication,competence,hybrid_early,0.7,Textures perfection the Fall/Winter 2019 beading sequins and embellish works were all done by the meticulous hands of our in-house artisans,"“Sempurna untuk Anda, detail rumit manik-manik dan ornamen yang indah sepenuhnya dibuat dengan tangan oleh pengrajin dalam rumah kami.”",True,4766,4200391,42,"[""in line with the spirit of digital transformation Telkom Indonesia continues to offer various competency development programs to empower all employees in reaching their full potential. These initiatives are designed to support career growth that"", ""Selanjutnya seluruh proposal yang lolos tahapan evaluasi dan verifikasi akan memperoleh pendanaan untuk dapat membawa dampak bagi masyarakat. Next all proposals that pass the evaluation and verification stages will receive funding"", ""Finally it s time to UNPACK Kepoin momen hands-on Samsung Galaxy Z Fold7 terbaru yang buat hidup makin produktif Ayo join yang udah cobain keseruan Galaxy Z Fold7 dengan reply fitur terbaru yang kamu suka dari"", ""Perfect for you we're sure!"", ""is perfect for you kak Bel Pre-order NOW!!""]",False,5,1753,33,False,135
google/gemma-3-4b-it,excitement,competence,hybrid_early,0.7,Makin siang kenapa semakin sayang?,"“Kenapa makin siang, makin sayang ya?”",False,3168,4200392,42,"[""Nggak sopan Kak. Apalagi pergi pas lagi sayang-sayangnya"", ""Terus semangat ya Kak hari baik itu pasti datang. Selamat pagi juga!"", ""Saat ini tidak ada informasi kendala menghubungi layanan Halo BCA dikhawatirkan sedang dalam antrean. Silakan Bapak/Ibu Pelanggan coba secara berkala. Tks^Grett"", ""Selamat pagi Kak. Mohon cek DM ya Kak. Trims."", ""Jadi makin lengkap karena cuacanya mendukung ya Kak.""]",False,5,1276,11,False,38
google/gemma-3-4b-it,sophistication,competence,hybrid_early,0.7,Selain makeup dan skincare masih ada beauties lainnya juga Bestie! Shopping sekarang yuk ~ Cuss ke Sociolla Store Senayan Park atau Margo City,Hai Sobat BRI! Ada ya beauties lainnya juga? Cuss ke Sociolla Store Senayan Park atau Margo City yuk~,False,3697,4200393,42,"[""Hai Sobat BRI vlodyaswarovski tidak perlu khawatir. Guna pengecekan status pengiriman kartu kredit mohon kesediaannya Sobat BRI menghubungi layanan bebas pulsa Contact BRI melalui aplikasi BRImo (jika terdaftar) dengan cara: 1. Pilih menu Akun. 2. Lalu Kontak BRI. 3. Kemudian"", ""Hai Sobat BRI. Terima kasih atas ketertarikannya terhadap program BRI. Akan ada ratusan tenant menarik mulai dari fashion hingga FnB dan pastinya promo spesial dari BRImo. Kami informasikan event BRImo x USS berlangsung pada tanggal 25-27 Oktober 2024 di Hall A-B Jakarta"", ""Hai Sobat BRI ada ya. Saat ini BRI menyediakan layanan weekend banking di wilayah Jakarta. Tidak perlu khawatir. Guna pengecekan dapat disampaikan transaksi apa yang ingin dilakukan melalui kantor BRI dan dimana detail lokasi Sobat BRI saat ini? Dapatkan informasi terbaru"", ""Tidak perlu khawatir. Buka ya. Untuk layanan weekend banking wilayah Jakarta Selatan terdapat Kantor Kas Pondok Indah Mall yang beroperasi pada hari Minggu pukul 10.00-17.00 WIB ya. Tks~Lula"", ""Hai Sobat BRI. Tidak perlu khawatir. Ada ya. Kami lakukan pengecekan kantor BRI layanan weekend banking daerah Jakarta Selatan yaitu: 1. Kantor Cabang Jakarta Mall Ambasador yang beralamat di Mall Ambassador Lantai Dasar No. 49-51 Jln. Prof. Dr. Satrio Kuningan Kelurahan Karet""]",False,5,2289,27,False,101
google/gemma-3-4b-it,sincerity,competence,hybrid_early,0.7,Seneng banget deh pastinya Hari ini udah pesen belum ?,"""Seneng banget nih udah pesen belum?""",True,1974,4200394,42,"[""Udah siap belum buat bareng kita?!"", ""Siap sudah dibalas ya Kak. Trims."", ""Yang terbaik emang harus cepet-cepet PO nih Langsung PO yuk"", ""Siap Kak pesan yang dikirim via DM sudah Railmin cek dan respons ya. Trims."", ""is perfect for you kak Bel Pre-order NOW!!""]",False,5,1158,12,False,37
google/gemma-3-4b-it,ruggedness,competence,hybrid_early,0.7,Wihh enakeunn,Wihhh gemesinn,False,5183,4200395,42,"[""Gas kalo kata mimin mah Kak ."", ""Gasabar buktiin sendiri yaa Siap-siap buat"", ""Aduh gimana ya?"", ""Sama-sama Kak sehat selalu ya"", ""Woahhh udah ngincer yang warna apa nih?""]",False,5,1028,7,False,14
google/gemma-3-4b-it,sincerity,competence,hybrid_early,0.7,Promo ini hanya berlaku untuk Dine In Drive Thru dan Take Away. Tidak berlaku untuk Delivery ya. Promo tidak berlaku di restoran McDonald s yang berada di Rest Area McD Dufan McD Ancol McD Gambir McD Kuta Square (Bali) dan McD Sunset Road (Bali).,"“Halo Sobat BRI. Info penting nih, promo ini khusus untuk Dine In, Drive Thru, dan Take Away saja ya. Promo ini tidak berlaku di restoran McDonald’s yang ada di Rest Area McD Dufan McD Ancol McD Gambir McD Kuta Square (Bali) dan McD Sunset Road (Bali).”",False,1624,4200396,42,"[""Hai Sobat BRI. Terima kasih atas ketertarikannya pada promo BRI. Benar ya. Kami informasikan promo Wingstop 11.11 berlaku di seluruh outlet Jakarta. Silakan nikmati promo tersebut dengan syarat dan ketentuan sebagai berikut: - Diskon 50%. - Maksimal diskon Rp45.000. - Minimal"", ""Hai Sobat BRI. Tidak perlu khawatir. Terkait pesan yang disampaikan pada layanan X Mention kami sampaikan BRI tidak pernah menghubungi nasabah secara pribadi untuk menginformasikan promo undian atau menanyakan data rekening. (1)"", ""Selamat malam Kak. Mohon maaf pembayaran makanan yang dipesan melalui Railfood tidak dapat dilakukan secara cash/tunai ya. Silakan menggunakan Qris atau KAIPay untuk transaksi pembayarannya. Railmin imbau untuk selalu hati-hati ya terhadap akun penipuan yang mengatasnamakan"", ""Selamat siang Kak. Saat ini berlaku promo diskon transportasi kereta api tahun 2025 sebesar 30% untuk KA kelas Ekonomi. Promo tersebut berlaku pada perjalanan dan pemesanan tanggal 5 Juni-31 Juli 2025 ya. Namun tarif promo tidak dapat digabungkan dengan diskon lainnya ya."", ""Selamat sore Kak. Mohon maaf atas ketidaknyamanannya. Penyajian makanan atau minuman atas pemesanan via Railfood bila sudah tersedia akan diantarkan ke kursi oleh petugas. Namun menyesuaikan dengan ramainya pembelian di rangkaian restorasi Kak (tidak dapat dipastikan). Apabila""]",False,5,2434,66,False,253
google/gemma-3-4b-it,ruggedness,competence,hybrid_early,0.7,Cara mudah tampil keren itu dgn outfit monochrome. Miliki koleksi warna hitam dari Brodo di Surabaya,"“Outfit monochrome, solusi tampil kece abis! Buruan koleksi warna hitam kece dari Brodo di Surabaya!”",False,5870,4200397,42,"[""menyambut perayaan Idulfitri 1446H Telkom Indonesia kembali menyelenggarakan Program Mudik Gratis bagi pelanggan lewat Mudik Bersama BUMN dan Mudik Hepi Telkomsel Poin."", ""Spill warna mana yang paling kece buat kamu?"", ""MENANGKAN 1 SET EXCLUSIVE BOX Galaxy S25 Edge x SukkhaCitta! RT like dan drop jawaban kamu di reply! Galaxy S25 Edge slim & durable ini paling cocok buat ? Sertakan: Edge Periode sampai 21 Juni 2025"", ""Digital Money & skin eksklusif spesial buat kamu! Caranya gampang! Berikan dukungan untuk UNINDRA dan VL Team yang bakal berjuang di Galaxy Gaming Academy dan sertakan Buruan ikutan cuma sampai 22 Juni 2025!"", ""Dapat disampaikan untuk pembukaan rekening melalui aplikasi BRImo atau kantor BRI. Dapatkan informasi terbaru seputar layanan dan promo BRI di Sabrina WhatsApp 0812 1214 017. Tks~Bevi""]",False,5,1761,24,False,101
google/gemma-3-4b-it,ruggedness,competence,hybrid_early,0.7,Yes! Thank you !,On check ya! Trims.,False,6021,4200398,42,"[""is perfect for you kak Bel Pre-order NOW!!"", ""Setuju!"", ""ini dia para pemenang tanggal 24 April 2025. Selamat ya!"", ""On check ya Kak. Trims."", ""ini dia para pemenang tanggal 22 Mei 2025. Selamat ya!""]",False,5,1059,8,False,19
google/gemma-3-4b-it,excitement,competence,hybrid_early,0.7,Cuci muka biar kinclong nih,"Baik nih, cuci muka biar kinclong!",False,3225,4200399,42,"[""Siap Kak on check"", ""Duh Ian makin berkarisma banget ya saat ngasih penyuluhan gini Yuk langsung nonton Web Series Pakai Hati Reborn hanya di Youtube Bank BRI atau klik link di bio ya Sobat BRI!"", ""Baik Kak on check"", ""Umumnya ada notifikasi ya pastikan jaringan stabil dan kuat. Tks ^Zaydee"", ""Pokoknya stay tuned & jangan lupa daftar dulu di""]",False,5,1215,12,False,34
google/gemma-3-4b-it,sophistication,competence,hybrid_early,0.7,Softness that shifts as it moves. Discover new styles from SAPTO DJOJOKARTIKO Spring-Summer 2024 in-store at SAPTO DJOJOKARTIKO Plaza Senayan,"Selamat datang Kak! Temukan koleksi terbaru dari SAPTO DJOJOKARTIKO Spring-Summer 2024, koleksi yang lembut dan berubah seiring bergerak. Tersedia di SAPTO DJOJOKARTIKO Plaza Senayan.",False,4594,4200400,42,"[""in line with the spirit of digital transformation Telkom Indonesia continues to offer various competency development programs to empower all employees in reaching their full potential. These initiatives are designed to support career growth that"", ""Terima kasih atas kepercayaan seluruh nasabah BRI kembali raih penghargaan Best Bank For Corporate Responsibility dari Euromoney Awards for Excellence 2024! Swipe left untuk tau kontribusi BRI selengkapnya"", ""Yuk dukung komitmen dan konsistensi Telkom Indonesia dalam hadirkan lingkungan kerja yang nyaman untuk produktivitas optimal! Let's support Telkom Indonesia's commitment and consistency in creating a comfortable work environment for optimal"", ""Selamat pagi Kak. Mohon maaf mulai tanggal 29 Januari 2024 terdapat penyesuaian biaya layanan untuk Top Up saldo KAIPay pada beberapa Bank berikut: - BCA Rp2.900 - Permata Rp2.000 - Mandiri Rp2.500 - CIMB Niaga Rp2.000 - BNI Rp1.500 Biaya layanan tersebut akan terpotong"", ""Dengan senang hati kami informasikan beroperasi ya Ibu Pada umumnya waktu layanan dan jam operasional layanan weekend banking pada hari Sabtu dan Minggu dari pukul 10:00 - 15:00 (waktu setempat) ya. Tks ^Tino""]",False,5,2170,51,False,183
google/gemma-3-4b-it,ruggedness,competence,hybrid_early,0.7,Momen apa yang paling sulit dilupakan saat kamu lagi traveling ke pantai?,"""Momen paling berat pas liburan ke pantai tuh gimana tuh?""",False,5144,4200401,42,"[""apa salah satu tradisi yang paling menyenangkan saat Lebaran? Betul mudik jawabannya."", ""Hai Nder mimin benar-benar minta maaf atas kendala yang kamu alami di layar Galaxy S21-nya Pasti bikin nggak nyaman banget ya. Yuk DM mimin langsung biar bisa segera kita bantu cari solusi terbaiknya. Mimin tunggu yaa DM dari kamu"", ""So sweet yuk nostalgia lagi bareng kereta api sama istri tercintanya"", ""Spill warna mana yang paling kece buat kamu?"", ""Hi kak May mohon maaf sekali atas kendalanya ya. Bisa jadi ada aplikasi yang nyedot daya di background setting layar terlalu cerah atau sistem belum optimal. Coba cek di Device care > Battery > Usage buat lihat apa yang paling banyak makan daya lalu matikan aplikasi nggak""]",False,5,1633,16,False,58
google/gemma-3-4b-it,sincerity,competence,hybrid_early,0.7,Wardah x Napocut Hajj & Umrah Package akan menemani perjalanan sucimu. no fragrance no alcohol dan dilengkapi practical guide untuk bantu persiapan ibadahmu. setiap pembelian juga akan disertai dengan Napocut Safar Collection yuk beli di ecommerce favoritmu beauties!,"“Wardah x Napocut Paket Haji & Umroh akan menemani perjalanan suci Anda. Tanpa fragrance, tanpa alkohol dan dilengkapi panduan praktis untuk membantu persiapan ibadabamu. Setiap pembelian juga akan disertai dengan Napocut Koleksi Safar. Yuk, beli di e-commerce favoritmu, beauties!”",False,2184,4200402,42,"[""menyambut perayaan Idulfitri 1446H Telkom Indonesia kembali menyelenggarakan Program Mudik Gratis bagi pelanggan lewat Mudik Bersama BUMN dan Mudik Hepi Telkomsel Poin."", ""Selamat pagi Kak. Tersedia tarif khusus dari Stasiun Semarang Tawang Bank Jateng-Surabaya Pasar Turi pada KA Sembrani dan Argo Bromo Anggrek sebesar 335 ribu (Eksekutif). Kemudian tersedia juga pada KA Harina sebesar 250 ribu (Eksekutif) dan 135 ribu (Ekonomi). Lalu tersedia"", ""Selamat sore Kak. Tersedia tarif khusus rute Semarang Tawang Bank Jateng-Surabaya Pasar Turi pada KA Berikut: - KA Sembrani dan Argo Bromo Anggrek tarifnya sebesar 335 ribu (Eksekutif). - KA Harina tarifnya sebesar 250 ribu (Eksekutif) dan 135 ribu (Ekonomi). - KA Gumarang"", ""menjelang perayaan Idul Fitri 1445 H Telkom Indonesia kembali menyelenggarakan program Mudik Gratis Mudik Hepi Telkomsel Poin bersamaan dengan Mudik Gratis Bersama BUMN yang diselenggarakan Kementerian BUMN tahun ini dengan tema Mudik Asyik Bersama BUMN ."", ""Selamat sore Kak. Tersedia tarif khusus rute Surabaya Pasar Turi-Bojonegoro berlaku pada KA Sembrani Harina Sancaka Utara Jayabaya Dharmawangsa Ekspres Gumarang dan Kertajaya sebesar 150 ribu (Eksekutif) serta 105 ribu (Ekonomi). Pemesanan tiket dapat dilakukan melalui loket""]",False,5,2374,68,False,282
google/gemma-3-4b-it,sophistication,competence,hybrid_early,0.7,When you feel like quitting think about why you started.,"“If you’re feeling discouraged, remember why you began.”",False,4315,4200403,42,"[""Get ready to be blown away by the next-level tech coming your way!"", ""Sorry for the inconvenience Mr/Mrs. Customer. If you are still having problems please send us a response of the image display via DM so that we can inform you according to your needs. :) Tks ^Heybi"", ""We are happy to check the DM that Mr./Mrs. Customer sent and make sure to interact with the official account that has a gold tick. Tks ^Zaydee"", ""Hi we have responded to your message via DM. Please check it. Thanks~Agny"", ""did you know that Telkom Indonesia provides equal opportunities for all its digital talents to empower themselves and continuously develop their skills for innovation? Well Kak Dyah will take you along for a day to follow her activities. Follow her journey in""]",False,5,1654,14,False,56
google/gemma-3-4b-it,sophistication,competence,hybrid_early,0.7,Jgn lupa 3S (senyum salam sapa) kl ktm scooterist lainnya ya. Sdh brp Vespa km sapa pagi ini?,"“Jangan lupa 3S (senyum, salam, sapa) kalau ketemu skutik atau pengendara lain ya. Sudah berapa Vespa km sapa pagi ini?”",False,4182,4200404,42,"[""Terima kasih atas apresiasi yg Bapak/Ibu Pelanggan sampaikan. :) Tks ^Heybi"", ""Kirim jawaban dengan membuat tweet baru disertai hashtag dan wajib follow mention akun media sosial Telkom like share postingan kuis & mention 3 orang teman. Kuis berlangsung hingga 5 Februari 2023. Semoga beruntung ya!"", ""Selamat siang Kak. Bila dimaksud tarif parkir inap motor di Stasiun Kiaracondong (selatan) dikenakan sebesar 10 ribu. Info lengkapnya silakan DM/mention ke Twitter ya. Railmin imbau untuk selalu hati-hati ya terhadap akun penipuan yang mengatasnamakan KAI. Saat ini"", ""Kirim jawaban dengan membuat tweet baru disertai hashtag dan wajib follow mention akun media sosial Telkom like share postingan kuis & mention 3 orang teman."", ""Selamat malam Kak. Bila dimaksud KMT edisi nostalgia solo bisa digunakan pada TransJakarta (halte BRT) MRT KRL LRT Jabodebek LRT Jakarta parkir resmi stasiun (Res Parking) serta Loko Cafe ya. Informasi lebih lanjut seputar perjalanan KA Lokal tersebut silakan dapat""]",False,5,1935,36,False,120
google/gemma-3-4b-it,excitement,competence,hybrid_early,0.7,Rekap keseruan di acara @ Octopus.ina pada hari minggu kemarin. Yuk ikutin keseruannya Selain itu Ada Kak Hamish Daud yang memberikan tips untuk solusi daur ulang agar kita bisa bersama !,"""Wah, seru banget ya di acara @Octopus.ina kemarin! Selain itu, Kak Hamish Daud juga berbagi tips keren buat solusi daur ulang biar kita bisa bantu lingkungan, asik banget!""",False,2631,4200405,42,"[""Hai Sobat BRI vnlv77 mohon maaf atas kendala transaksi yang dialami. Tidak perlu khawatir terkait transaksi top up Shopee yang belum menambah saldo mohon kesediaan menunggu proses maksimal 1x24 jam. Kami sarankan Sobat BRI dapat melakukan pengecekan saldo pada aplikasi Shopee"", ""Selamat malam Kak. Pengembalian dana refund 7 hari dari tanggal pembatalannya. Sebagai contoh apabila melakukan pembatalan di hari Jumat maka Sabtu Minggu atau Libur Nasional tetap terhitung waktu pengembalian ya Kak. Railmin bantu cek status pengembalian dananya silakan"", ""Tunggu tanggal mainnya ya Kak bakal ada kejutan yang bikin wow"", ""Hai Sobat BRI. Tidak perlu khawatir. Kami informasikan poin akan terbentuk kurang lebih H+7 setelah transaksi berhasil. Infomasi terkait kriteria pembukan poin silakan akses link Sobat BRI jangan pernah memberitahukan data pribadi kepada pihak manapun"", ""ini momen yang ditunggu-tunggu buat kamu yang sudah mengikuti rangkaian seri spesial di bulan Februari. Selamat untuk rf.prfrstaaa_ yang berhasil memenangkan hadiah utama: iPhone 15 Pro Max! Untuk yang belum beruntung jangan berkecil hati ya!""]",False,5,2150,45,False,173
google/gemma-3-4b-it,sophistication,competence,hybrid_early,0.7,Black chrome on Matt perfect combination,"""Hai Sobat, warna hitam chrome dengan Matt, kombinasi paling kece buat kamu?""",False,4071,4200406,42,"[""Silakan Sobat BRI menonaktifkan fitur Aksesibilitas pada jenis ponsel Infinix dengan tahapan: 1. Buka Pengaturan/Setting. 2. Pilih Aksesibilitas. 3. Klik menu Aksesibilitas. 4. Pilih Gunakan layanan. 5. Klik Tolak. Apabila masih mengalami kendala guna tindak lanjut kami sarankan"", ""6. Masukan kode OTP yang dikirimkan ke nomor HP. 7. Muncul notifikasi: Reset Password BCA ID berhasil. 8. Selesai reset password BCA ID berhasil."", ""Hi kak Camwalk terkait kendala tersebut kami sarankan untuk mengecek kembali pengaturan pada perangkatmu apakah sidik jarinya sudah terdaftar untuk kunci layar. Jika sudah coba lakukan restart pada perangkat terlebih dahulu. Namun jika kendala masih"", ""Spill warna mana yang paling kece buat kamu?"", ""Hai Sobat BRI pesan sudah kami respons melalui DM. Silakan lakukan pengecekan ya. Mohon selalu menjaga kerahasiaan data perbankan seperti PIN Username password OTP QLola IB Token dan 3 digit angka di balik kartu debit/kartu kredit. Informasi lebih lanjut hubungi Contact""]",False,5,1888,19,False,77
google/gemma-3-4b-it,ruggedness,competence,hybrid_early,0.7,Jual. Tp baru ada stock untuk magnum 4.,"""Halo Sobat! Saat ini kami hanya memiliki stok untuk produk Magnum 4 ya.""",False,5765,4200407,42,"[""Hi kak Si kami mohon maaf sekali atas ketidaknyamanan yang terjadi. Karena spare part LCD untuk Galaxy S21 FE saat ini sudah tidak lagi diproduksi maka penggantian LCD melalui jalur resmi Samsung memang belum dapat dilakukan. Kami sangat memahami kekecewaan Kakak dan kami juga"", ""Berdasarkan koordinasi dengan unit terkait disampaikan bahwa saat ini belum tersedia info periode akhir penggunaan Livery Jumbo ya Kak. Trims."", ""Apabila masih terkendala mohon kesediaan Sobat BRI membuat laporan melalui: 1. Email callbri.co.id. 2. Sabrina WhatsApp 0812 1214 017. 3. Contact BRI 1500017 atau +62211500017 jika berada di luar negeri. Tks~Fuma"", ""Selamat sore Kak. Mohon maaf. Pengembalian dana refund membutuhkan waktu 7 hari setelah pembatalan. Guna pengecekan mohon informasikan melalui DM data berikut: - Kode booking: - Nomor Rekening/e-wallet penerima refund: - NIK salah satu penumpang dewasa yang dibatalkan: Railmin"", ""Hai Sobat BRI bisa ya. Namun tidak perlu khawatir. Silakan pemilik rekening melakukan penggantian kartu debit baru melalui: 1. Mesin digital CS. 2. Replacement Card Machine (RCM). 3. Kantor BRI awal pembukaan rekening Kantor Cabang Khusus Kantor Cabang Kantor Cabang Pembantu""]",False,5,2083,19,False,73
google/gemma-3-4b-it,sophistication,competence,hybrid_early,0.7,Bro dealer Vespa udah makin banyak sekarang. Nah kota kamu termasuk ngga? ?,"""Wah, dealer Vespa makin merakyat sekarang! Kota lo udah ada belum nih?""",False,4144,4200408,42,"[""Seneng banget liat antusiasnya Yuk intip fitur-fitur canggih lainnya dari di"", ""Yang udah naksir berat sama fix harus PO sekarang juga Cek di yaa"", ""Nah gimana menurut ? Apakah TikTok juga jadi andalanmu untuk cari info atau belanja? Yuk share di reply!"", ""Kalau udah nemu smartphone impian saatnya wujudkan dong Langsung mampir ke dan PO di tempat biar makin dapet banyak benefit"", ""Penasaran apa aja produk dan layanannya? Yuk! Kunjungi""]",False,5,1358,19,False,72
google/gemma-3-4b-it,sophistication,competence,hybrid_early,0.7,In 2022 with our partner we launched the Perpetual Planet Amazon Expedition. Since then National Geographic Explorers Thiago Silva and Julia Tavares have been working on mapping the area s unique seasonal wetlands. More on,"Yuk, ikut bareng penjelajah Nasional Geographic, Thiago Silva dan Julia Tavares, dalam petualangan seru mereka menjelajahi Amazon Expedition tahun 2022 bareng partner! Mereka lagi ngritisin peta wilayah unik dengan lahan basah musiman yang super menarik. Penasaran apa aja yang mereka temuin?",False,4956,4200409,42,"[""did you know that Telkom Indonesia provides equal opportunities for all its digital talents to empower themselves and continuously develop their skills for innovation? Well Kak Dyah will take you along for a day to follow her activities. Follow her journey in"", ""in line with the spirit of digital transformation Telkom Indonesia continues to offer various competency development programs to empower all employees in reaching their full potential. These initiatives are designed to support career growth that"", ""Yuk dukung upaya Telkom Indonesia dalam mewujudkan kehidupan yang berkelanjutan bagi bumi dan generasi masa depan! Let's support Telkom Indonesia s efforts in creating a sustainable future for our planet and future generations!"", ""Yuk! Dukung terus upaya Telkom dalam menjaga bumi! Let's continue to support Telkom's efforts to protect the earth!"", ""Kamu tahu nggak sih Indonesia ternyata jadi salah satu pasar game terbesar di dunia! Yuk kita bahas bareng soal dunia gaming di Indonesia!""]",False,5,2067,69,False,292
google/gemma-3-4b-it,sophistication,competence,hybrid_early,0.7,Happy New Year from all of us at Four Seasons Hotel Jakarta!,"""Selamat Tahun Baru dari kami sekeluarga di Four Seasons Hotel Jakarta! 🎉""",False,4283,4200410,42,"[""LIKE post ini kalau kamu mau banget ! Ayo ikutan pre-order untuk dapatkan total benefit up to Rp3.9 jt. Promo berlaku hingga 31 Juli 2025. Pesan sekarang:"", ""Semoga salah satu acara Rangkaian HUT 129 BRI ini bisa jadi alasan hubungan kamu makin baik ya... Tiketnya masih tersedia nih! Yuk ajak temen pacar keluarga buat nonton bareng BRI Mini Soccer Clash tanggal 24 November 2024 di Mahaka Square! Ada Duta Thariq Aaliyah"", ""Hai Sobat BRI tidak perlu khawatir. Guna memberikan informasi yang sesuai dapat disampaikan pencairan pada program apa yang dimaksud? Dapatkan informasi terbaru seputar layanan dan promo BRI di Sabrina WhatsApp 0812 1214 017. Tks~Fafa"", ""Selamat ulang tahun terus sukses menjadi solusi ekosistem transportasi terbaik untuk Indonesia."", ""Terima kasih atas kepercayaan seluruh nasabah BRI kembali raih penghargaan Best Bank For Corporate Responsibility dari Euromoney Awards for Excellence 2024! Swipe left untuk tau kontribusi BRI selengkapnya""]",False,5,1873,20,False,74
google/gemma-3-4b-it,sophistication,competence,hybrid_early,0.7,New post at the blog! Article : November 2011,"""Update terbaru di blog! Artikel: November 2011""",False,4907,4200411,42,"[""Dulu: kirim surat nunggu balasan bisa seminggu. Sekarang: post story semua langsung tau kabar kamu."", ""Apa yang terasa berbeda di Lebaran kali ini? Yuk! Share di kolom reply!"", ""Tahun baru semangat baru! Sobat BRI! yuk bagikan resolusi tahun baru kamu di reply ya! Apakah itu tentang mencapai tujuan keuangan belajar hal baru atau memperbaiki gaya hidup? Mimin mau tahu dong apa yang ingin kamu capai di tahun 2025!"", ""Terima kasih kembali Bapak/Ibu Pelanggan. Tks^Grett"", ""Hai Sobat BRI. Mohon maaf atas ketidaknyamanan yang dialami. Kami informasikan pemaparan atas kinerja BBRI telah dipublikasikan dan dapat diakses pada Website dan Sobat BRI laporkan segera jika menemukan aktivitas mencurigakan""]",False,5,1590,17,False,48
google/gemma-3-4b-it,sophistication,competence,hybrid_early,0.7,Back side of Vespa Sprint looks sexy isn t it? Share dong foto kamu bareng Vespa di Instagram dengan hashtag !,"""Foto belakang Vespa Sprint-mu yang keren yuk! Posting fotomu bareng Vespa di Instagram dengan hashtag!""",False,4033,4200412,42,"[""Kuis video membaca naskah sumpah pemuda masih berlangsung! Kirim videomu dengan membuat postingan baru disertai hashtag dan wajib follow mention akun media sosial Telkom like share postingan kuis & mention 3 orang teman."", ""MENANGKAN 1 SET EXCLUSIVE BOX Galaxy S25 Edge x SukkhaCitta! RT like dan drop jawaban kamu di reply! Galaxy S25 Edge slim & durable ini paling cocok buat ? Sertakan: Edge Periode sampai 21 Juni 2025"", ""Kirim jawaban dengan membuat tweet baru disertai hashtag dan wajib follow mention akun media sosial Telkom like share postingan kuis & mention 3 orang teman."", ""Kirim jawaban dengan membuat tweet baru disertai hashtag dan wajib follow mention akun media sosial Telkom like share postingan kuis & mention 3 orang teman. Kuis berlangsung hingga 5 Februari 2023. Semoga beruntung ya!"", ""Hai Sobat BRI. Terima kasih atas ketertarikannya terhadap program BRI. Sobat BRI dapat menikmati promo berbagai jenis sneakers pada event BRImo x USS yang berlangsung pada tanggal 25-27 Oktober 2024 di Hall A-B Jakarta Convention Center (JCC) ya. Sobat BRI jangan pernah""]",False,5,2035,23,False,104
google/gemma-3-4b-it,sincerity,competence,hybrid_early,0.7,It's ! Bagaimana cara favorit Anda menikmati ?,"“Eits, gimana nih caranya yang paling oke buat nikmatin?”",False,6152,4200413,42,"[""Kalau apa kendaraan umum favorit ?"", ""- Pilih Periode yang diinginkan lalu klik Tampilkan - e-Statement akan muncul sesuai periode yang dipilih - Untuk men-download e-Statement klik icon download di pojok kanan atas"", ""Dari sisi marketing meliputi kebutuhan promosi survei membagikan konten pengingat pembayaran dan lainnya melalui WhatsApp. Yang terakhir OTP untuk mengirimkan pesan verifikasi kepada pelanggan seperti kode OTP dengan aman."", ""Kontrol pribadi audiens akan apa yang mereka konsumsi itu jadi hal yang penting lho! Konten juga bisa nyatuin banyak orang. Nggak jarang audiens rela melakukan bermacam upaya untuk mengakses konten yang mereka sukai termasuk mencari layanan penyedia konektivitas dengan kuota"", ""Nah gimana menurut ? Apakah TikTok juga jadi andalanmu untuk cari info atau belanja? Yuk share di reply!""]",False,5,1719,17,False,57
google/gemma-3-4b-it,excitement,competence,hybrid_early,0.7,Ini dia yang ditunggu-tunggu kembali dengan rasa baru di yang dijamin . sudah tersedia di seluruh Jilid di Indonesia Aplikasi JIWA+ dan pesan antar online lainnya.,"Hai Sobat BRI, kabar gembira! Produk yang sudah ditunggu-tunggu hadir kembali dengan rasa baru yang dijamin. Tersedia di seluruh Jilid di Indonesia, Aplikasi JIWA+, dan pesan antar online lainnya. Tks~Risa",False,2653,4200414,42,"[""Hai Sobat BRI mohon kesediaannya menunggu. Pesan akan segera kami respons melalui DM. Silakan melakukan pengecekan. Dapatkan informasi terbaru seputar layanan dan promo BRI di Sabrina WhatsApp 0812 1214 017. Tks~Risa"", ""Hai Sobat BRI tidak perlu khawatir. Pesan yang dikirimkan melalui DM akan segera kami respons. Mohon kesediaannya menunggu ya. Dapatkan informasi terbaru seputar layanan dan promo BRI dengan Sabrina WhatsApp 0812 1214 017. Tks~Belin"", ""Hai Sobat BRI tidak perlu khawatir. Pesan yang dikirimkan melalui DM akan segera kami respons. Mohon kesediaannya menunggu ya. Dapatkan informasi terbaru seputar layanan dan promo BRI di Sabrina WhatsApp 0812 1214 017. Tks~Enzy"", ""Hai Sobat BRI terkait pesan yang dikirimkan melalui DM akan segera kami respons. Mohon kesediannya menunggu ya. Dapatkan informasi terbaru seputar layanan dan promo BRI di Sabrina WhatsApp 0812 1214 017. Tks~Fafa"", ""Hai Sobat BRI mohon maaf atas ketidaknyamanan yang dialami. Pesan DM akan segera kami respons. Mohon kesediaannya menunggu. Dapatkan informasi terbaru seputar layanan dan promo BRI di Sabrina WhatsApp 0812 1214 017. Tks~Oris""]",False,5,2135,53,False,205
google/gemma-3-4b-it,excitement,competence,hybrid_early,0.7,Hai para Mantan apa teman makan siangmu kali ini? Kalau masih bingung beli aja Kopi Kenangan di Lippo Mall Puri Ground floor. Karena ada promo Buy 1 get 1 yang berlaku mulai hari ini 26-27 Agustus dan 31 Agustus - 1 September!,"""Yuk, kumpulin teman makan siang! Kalau lagi kebingungan, langsung aja beli Kopi Kenangan di Lippo Mall Puri Ground floor! Ada promo Buy 1 Get 1 mulai 26-27 Agustus dan 31 Agustus - 1 September!""",False,3182,4200415,42,"[""Semoga salah satu acara Rangkaian HUT 129 BRI ini bisa jadi alasan hubungan kamu makin baik ya... Tiketnya masih tersedia nih! Yuk ajak temen pacar keluarga buat nonton bareng BRI Mini Soccer Clash tanggal 24 November 2024 di Mahaka Square! Ada Duta Thariq Aaliyah"", ""Terkait kegiatan Festival Mustika Rasa di kawasan Kota Lama Semarang hari ini Sabtu tanggal 28 Juni 2025 pukul 14.00 WIB - selesai. Bagi calon penumpang kereta api yang akan berangkat dari Stasiun Semarang Tawang Bank Jateng dan Semarang Poncol"", ""Digimin punya beberapa tips nih buat mengatasi rasa malas! - Beli minuman favorit kamu. Kalau Digimin sih biasanya kopi item biar kantuk hilang dan semangat memulai hari. - Stretching tipis-tipis. Bantu tubuh siap hadapi tumpukan kerjaan yang udah nunggu di meja. - Dengerin"", ""LIKE post ini kalau kamu mau banget ! Ayo ikutan pre-order untuk dapatkan total benefit up to Rp3.9 jt. Promo berlaku hingga 31 Juli 2025. Pesan sekarang:"", ""Yups! Sudah waktunya agendain perjalanan bareng KA Argo Bromo Anggrek dengan tarif promo yang bisa didapetin di KAI Expo 2025""]",False,5,2148,58,False,195
google/gemma-3-4b-it,ruggedness,competence,hybrid_early,0.7,Ketika dunia terasa berat ingatlah bahwa alam selalu punya cara untuk memberimu makna kebebasan lewat angin yang berbisik gemericik air dan hijaunya pepohonan. Kalau akhir pekan ini ke mana kamu akan pergi untuk melepaskan semua penatmu?,"Saat beban dunia terasa begitu berat, ingatlah, alam selalu berikan makna kedamaian lewat bisikan angin, gemericik air, dan hijaunya rimbunnya pepohonan. Kalau akhir pekan ini, kemana kamu akan pergi untuk membuang semua penatmu, ya?",False,5055,4200416,42,"[""Langkah kemerdekaan Ibu Pertiwi senantiasa menjadi pijar membawa harapan akan perubahan untuk Indonesia yang lebih baik. Semangat juang akan terus menyala menerobos semua tantangan rintangan dan halangan."", ""Keluarga adalah cinta yang tersirat Tak tampak namun kebahagiaan begitu pekat. Kasih tumbuh dalam setiap detik kebersamaan Hati damai jauh dari segala keresahan. Selamat pagi ! Support photo : faritmuhambali_fm (IG)"", ""di penghujung tahun 2023 pasti udah banyak memori dan pencapaian yang terukir. Yuk tetap optimis menyambut 2024 dan beragam peluang yang bakal hadir."", ""Kalau lagi susah banget cari inspirasi coba deh cari sudut-sudut yang menawarkan suasana tenang dan terang karena cahaya matahari."", ""Hari kemenangan telah tiba. Saatnya kita merayakan dengan hati yang bersih penuh rasa syukur dan kebahagiaan bersama orang-orang tercinta. Mari kita jadikan hari yang fitri ini sebagai awal langkah baru dengan harapan besar untuk masa depan yang penuh keberkahan untuk kita""]",False,5,2069,61,False,233
google/gemma-3-4b-it,sophistication,competence,hybrid_early,0.7,Penara perfection. Our signature leitmotif is adorning this timeless buttoned-up shirt and will seamlessly match your day or evening occasion,"""Terakhir, ini saatnya UNPACK! Temukan momen hands-on dengan penampilan baru yang sempurna untuk mendukung produktivitasmu. Ayo gabung yang sudah merasakan keistimewaan tampilan terbaru yang akan menyempurnakan setiap acara, baik siang maupun malam.""",False,4716,4200417,42,"[""We are happy to check the DM that Mr./Mrs. Customer sent and make sure to interact with the official account that has a gold tick. Tks ^Zaydee"", ""did you know that Telkom Indonesia provides equal opportunities for all its digital talents to empower themselves and continuously develop their skills for innovation? Well Kak Dyah will take you along for a day to follow her activities. Follow her journey in"", ""apa yang terlihat seperti sebuah langkah kecil ternyata bisa membawa dampak besar bagi bumi dan masa depan lho! what may seem like a small step can actually make a big impact on our planet and"", ""Finally it s time to UNPACK Kepoin momen hands-on Samsung Galaxy Z Fold7 terbaru yang buat hidup makin produktif Ayo join yang udah cobain keseruan Galaxy Z Fold7 dengan reply fitur terbaru yang kamu suka dari"", ""in line with the spirit of digital transformation Telkom Indonesia continues to offer various competency development programs to empower all employees in reaching their full potential. These initiatives are designed to support career growth that""]",False,5,2049,57,False,250
google/gemma-3-4b-it,excitement,competence,hybrid_early,0.7,Hai Kak mohon maaf sebelumnya. Bisa diinformasikan nomor serta foto makanan yang kamu terima melalui DM agar kami bantu cek. Terima kasih -IC,"Hai Kak, mohon maaf atas ketidaknyamanannya. Silakan kirimkan nomor pesanan serta foto makanan yang diterima melalui DM agar kami dapat membantu pengecekan. Terima kasih -IC",False,3036,4200418,42,"[""Hai Sobat BRI mohon maaf atas ketidaknyamanannya. Guna tindak lanjut pesan sudah kami respons melalui DM. Silakan lakukan pengecekan ya. Dapatkan informasi terbaru seputar layanan dan promo BRI di Sabrina WhatsApp 0812 1214 017. Tks~Caca"", ""Hai Sobat BRI. Mohon maaf atas ketidaknyamanan yang dialami. Terkait informasi yang disampaikan sudah kami kirimkan pesan pada DM ya. Silakan lakukan pengecekan. Tks~Priska"", ""Hai Sobat BRI. Mohon maaf atas ketidaknyamanan yang dialami. Pesan yang dikirimkan melalui DM sudah kami respons silakan melakukan pengecekan. Tks~Dendi"", ""Hai Sobat BRI mohon maaf atas ketidaknyamanannya. Guna tindak lanjut kami sudah kirimkan pesan melalui DM. Silakan melakukan pengecekan ya. Dapatkan informasi terbaru seputar layanan dan promo BRI di Sabrina WhatsApp 0812 1214 017. Tks~Amel"", ""Hi kak ik sebelumnya mimin mohon maaf sekali atas kendala yang terjadi. Untuk estimasi harga perbaikannya hanya bisa ditentukan setelah pengecekan unitnya ya kak. Mohon mengunjungi Samsung Service Center terlebih dahulu""]",False,5,2022,41,False,173
google/gemma-3-4b-it,sophistication,competence,hybrid_early,0.7,Feel the latest technology of Vespa Primavera I Get,"""Rasakan teknologi terbaru Vespa Primavera I Get, siap menemani petualanganmu!""",False,4076,4200419,42,"[""Melalui program Mudik Hepi Telkomsel Poin Telkom Indonesia memberangkatkan total 2.187 pemudik diantaranya pelanggan UMKM sales force dan masyarakat umum melalui 35 bus dan 3 kapal laut dengan berbagai tujuan."", ""MENANGKAN 1 SET EXCLUSIVE BOX Galaxy S25 Edge x SukkhaCitta! RT like dan drop jawaban kamu di reply! Galaxy S25 Edge slim & durable ini paling cocok buat ? Sertakan: Edge Periode sampai 21 Juni 2025"", ""Tahukah beli tiket konser sekarang lebih nyaman dengan Nuon? Yuk cek keseruan lengkapnya!"", ""Selamat pagi Kak. Perjalanan rute Solo Balapan-Surabaya Gubeng saat ini tersedia dengan KA Bima dan Argo Semeru yang sudah menggunakan rangkaian Eksekutif New Generation Stainless Steel. Kemudian tersedia juga dengan KA Ranggajati kelas Ekonomi yang saat ini sudah menggunakan"", ""di bulan Desember ini Digimin kembali dengan seri spesial Hari Ibu! Hadiah istimewa menanti yaitu: Sepeda Listrik Logam Mulia Smartphone Uang Tunai dan""]",False,5,1835,19,False,79
google/gemma-3-4b-it,sophistication,competence,hybrid_early,0.7,Charting your course to victory. Congratulations Hannah Mills and the on leading the way in Sydney Harbour at the KPMG Australia . Your 1st win of the season.,Selamat kepada Hannah Mills dan tim atas memimpin di Sydney Harbour pada KPMG Australia. Kemenangan pertama musim ini!,False,4937,4200420,42,"[""Good afternoon Sir. Please check the DM from Railmin. Railmin urges you to always be careful of fraudulent accounts on behalf of KAI. Currently all KAI121 social media accounts have been verified. Please ignore if there is a reply from an account that does not have a gold tick"", ""Turn your walls into a symphony of sight and sound. A masterpiece for your space Samsung Music Frame blends art and audio seamlessly just as Putu Reza puts it: Fancy classy elegant. More:"", ""We are happy to check the DM that Mr./Mrs. Customer sent and make sure to interact with the official account that has a gold tick. Tks ^Zaydee"", ""We're happy to reply to the DM Mr./Mrs. Customer sent. Please be sure to contact the official account with the gold checkmark. Tks^Sukma"", ""Hai Sobat BRI. Terima kasih atas antusiasmenya. Kami informasikan event BRImo x USS berlangsung pada tanggal 25-27 Oktober 2024 di Hall A-B Jakarta Convention Center (JCC) Jakarta Pusat. Sobat BRI jangan pernah memberitahukan data pribadi kepada pihak mana pun termasuk""]",False,5,2030,24,False,118
google/gemma-3-4b-it,sincerity,competence,hybrid_early,0.7,Hi Ibu terima kasih atas ketertarikannya terhadap produk Nestl khususnya MILO. Agar dapat kami bantu teruskan kepada tim terkait silakan kirimkan proposal lengkap dalam format PDF atau Word maksimal 3MB melalui email ke sahabat.nestle.nestle.com. :),Dengan senang hati kami bantu informasikan. Mohon kesediaan Ibu dapat mengirimkan proposal lengkap dalam format PDF atau Word maksimal 3MB melalui email ke sahabat.nestle.nestle.com. :) Tks ^Zain,False,6099,4200421,42,"[""Dengan senang hati kami informasikan kembali. Kami sudah mengirimkan informasi terkait laporan tersebut melalui DM mohon kesediaan Bapak/Ibu Pelanggan dapat mengikuti informasi melalui DM tersebut ya. :) Tks ^Wiki"", ""Terima kasih atas data yang diberikan. Kami telah teruskan Mention Bapak kepada pihak analis BCA mohon kesediaan Bapak dapat menunggu konfirmasi yang kami lakukan. :) Tks^Javi"", ""Dengan senang hati kami bantu informasikan mohon kesediaan Bapak/Ibu Pelanggan dapat informasikan lebih detail terkait data pemilik manfaat yang dimaksud agar kami dapat informasikan sesuai dengan kebutuhan. Tks ^Nica"", ""Dengan senang hati kami informasikan. Mohon kesediaan Ibu dapat menginformasikan kepada kami maksud dari konfirmasi Ibu agar kami dapat memberikan informasi sesuai dengan kebutuhan. Tks ^Zain"", ""Selamat malam Kak. Mengenai pengajuan kerja sama atau sponsor yang melibatkan PT KAI silakan dapat mengirimkan ke alamat email esd.id ya. Informasi lanjutnya akan disampaikan melalui alamat email tersebut ya Kak. Railmin imbau untuk selalu hati-hati ya terhadap akun""]",False,5,2172,47,False,195
google/gemma-3-4b-it,sincerity,competence,hybrid_early,0.7,Yuk beli Happy Meal dan kumpulkan semua mainannya sekarang. Jangan sampai ketinggalan!,"""Yuk buruan beli Happy Meal dan kumpulin mainannya sekarang! Jangan sampai kelewatan!""",False,1614,4200422,42,"[""Yuk daftar dulu di biar gak ketinggalan promonya"", ""Ada promo eksklusif buat kamu! Ayo daftar di & dapatkan promo jutaan rupiah dari pembelian Galaxy Foldable terbaru! Pastikan kamu udah set kalender buat ikutan pada 9 Juli 2025 pukul 21.00 WIB ya!"", ""Asikkk tinggal hitungan jam nih! Siap-siap PO dan nikmati kejutan dari Galaxy Foldable terbaru"", ""LIKE post ini kalau kamu mau banget ! Ayo ikutan pre-order untuk dapatkan total benefit up to Rp3.9 jt. Promo berlaku hingga 31 Juli 2025. Pesan sekarang:"", ""Jangan lupa daftar ya di biar dapet benefit-nya!""]",False,5,1487,23,False,86
google/gemma-3-4b-it,sophistication,competence,hybrid_early,0.7,Saatnya puasa beli mainan untuk beli Vespa S Nah lo coba dulu deh bro test ride Vespa S di,"""Wah, Vespa S nih! Langsung aja ke dan cobain test ride, bro! Siapa tau nemu Vespa impian buat dibeli!""",False,4100,4200423,42,"[""Tap untuk tips hidup sehat dan produktif ala Adib Dwitamma! Ayo datang ke Bandung dan cobain fitur terbaru dari ! Saatnya pre-order sekarang dan dapatkan benefit up to 11 juta!"", ""gimana puasanya sampai hari ini? Sambil menunggu waktu berbuka yuk! Kita berbagi pengetahuan tentang bagaimana cara ngembangin bisnis!"", ""Wah banyak sekali manfaatnya ya! Yuk Sobat luangkan waktu untuk berolahraga seperti jalan kaki untuk hidup yang lebih sehat. Sobat suka jalan kaki setiap hari?"", ""Kalau udah nemu smartphone impian saatnya wujudkan dong Langsung mampir ke dan PO di tempat biar makin dapet banyak benefit"", ""Tidak terasa puasa sudah memasuki minggu ke dua ya Sobat. Bagi Sobat yang belum ikutan main tebak kata yuk coba tebak kata dari gambar di atas. akan ada 5 Sobat yang memenangkan saldo LinkAja sebesar 100 Ribu lho.""]",False,5,1756,33,False,103
google/gemma-3-4b-it,sophistication,competence,hybrid_early,0.7,ayo nanti kita riding bareng ya,Yuk riding bareng nanti yaa?,False,3961,4200424,42,"[""Iya besok banget Siap-siap bareng kita semua di yaa~"", ""Udah siap belum buat bareng kita?!"", ""Yeayy kita tunggu bareng-bareng yaa"", ""Yuk bareng-bareng dukung Telkom Indonesia buat jaga konektivitas yang aman & lancar buat semua!"", ""Yuk guys dibantu nih kira-kira enaknya traveling naik kereta api kemana ya?""]",False,5,1183,10,False,28
google/gemma-3-4b-it,excitement,competence,hybrid_early,0.7,Coba lihat pasti pengen beli,"""Coba liat, pasti pengen deh!""",False,3332,4200425,42,"[""Udah cek promo lengkapnya di belum nih?"", ""Yuk daftar dulu di biar gak ketinggalan promonya"", ""Kalau udah nemu smartphone impian saatnya wujudkan dong Langsung mampir ke dan PO di tempat biar makin dapet banyak benefit"", ""Jangan lupa daftar ya di biar dapet benefit-nya!"", ""Hai Sobat BRI. Pesan sudah kami respons melalui DM. Silakan melakukan pengecekan. Tks~Belin""]",False,5,1238,13,False,30
google/gemma-3-4b-it,ruggedness,competence,hybrid_early,0.7,Rindu ga nih Eigerian?,"""Rindu juga nih, Eigerian!""",True,5132,4200426,42,"[""Wajib banget ditunggu! Jangan lupa daftar dulu biar dapet promo eksklusifnya"", ""Udah cek promo lengkapnya di belum nih?"", ""Asikkk tinggal hitungan jam nih! Siap-siap PO dan nikmati kejutan dari Galaxy Foldable terbaru"", ""Langsung PO aja yuk di Siap-siap bawa pulang impian"", ""Yang terbaik emang harus cepet-cepet PO nih Langsung PO yuk""]",False,5,1202,12,False,27
google/gemma-3-4b-it,sophistication,competence,hybrid_early,0.7,yes it looks great. Thank you,"“Yup, looks amazing! Thanks a bunch!”",False,4250,4200427,42,"[""Wah good job Kak"", ""Perfect for you we're sure!"", ""Hi we have responded to your message via DM. Please check it. Thanks~Agny"", ""It's finally here!! Find out more at"", ""Sorry for the inconvenience Mr/Mrs. Customer. If you are still having problems please send us a response of the image display via DM so that we can inform you according to your needs. :) Tks ^Heybi""]",False,5,1239,11,False,37
google/gemma-3-4b-it,ruggedness,competence,hybrid_early,0.7,sekian dan terimakasih gitu kak,Makasih ya Kak.,False,5420,4200428,42,"[""Makasih ya Kak ."", ""Makasih Kak."", ""DM Kakak sudah dibalas ya. Trims."", ""Siap sudah dibalas ya Kak. Trims."", ""Selamat pagi Kak. DM Kakak telah dibalas ya. Trims.""]",False,5,1037,7,False,15
google/gemma-3-4b-it,ruggedness,competence,hybrid_early,0.7,2. Tingkat aktivitas Kalau kamu mau hiking yang panjang dan berat kamu membutuhkan sepatu dengan bantalan yang baik untuk menopang kakimu. Nah kalau kamu mau hiking yang ringan dan singkat berarti kamu bisa memilih sepatu hiking yang ramping dan ringan.,"“Wah, keren juga ya pertimbangannya! Kalau mau hiking yang seru dan berat, butuh sepatu yang bantalan oke buat ngebantu kaki. Tapi kalau hikingnya ringan aja, sepatu yang ramping dan ringan juga udah pas! Gimana, seru kan?”",False,5233,4200429,42,"[""Wah banyak sekali manfaatnya ya! Yuk Sobat luangkan waktu untuk berolahraga seperti jalan kaki untuk hidup yang lebih sehat. Sobat suka jalan kaki setiap hari?"", ""Jadi apa yang bisa dilakuin buat mencapai keseimbangan yang berkelanjutan? Nah kenalan yuk dengan salah satu alternatif solusinya: Green Data Center! So what can be done to achieve sustainable balance? Well let's get to know one of the alternative"", ""Gimana menurut kamu? Asik kan ternyata bisa kerja sama dalam tim. Tapi apapun pilihan kamu yang penting bikin kamu nyaman dan kerjaan beres ya pastinya. Semangat hari Senin! Selamat bekerja!"", ""Olahraga hits makin rame dari padel sampai pilates. Seru sih... tapi jangan sampai lupa cek kondisi dompet juga Yuk ikuti tren dengan bijak. Sehat fisik sehat finansial."", ""Olahraga paling sederhana yang bisa dilakukan semua orang adalah jalan kaki. Walau terlihat mudah jalan kaki ternyata memiliki berbagai manfaat lho.""]",False,5,2027,57,False,223
google/gemma-3-4b-it,excitement,competence,hybrid_early,0.7,Menggoda kannn,"“Uuh, bikin penasaran deh, kan?”",False,3361,4200430,42,"[""GEMASSS"", ""Nggak sopan Kak. Apalagi pergi pas lagi sayang-sayangnya"", ""Siap-siap terpukau deh kak sama designnya"", ""Jangan lupa daftar dulu biar gak ketinggalan promo spesialnya~ Siap-siap terpesona di nanti"", ""Hai Sobat BRI. Terima kasih atas ketertarikannya terhadap program BRI. Akan ada ratusan tenant menarik mulai dari fashion hingga FnB dan pastinya promo spesial dari BRImo. Kami informasikan event BRImo x USS berlangsung pada tanggal 25-27 Oktober 2024 di Hall A-B Jakarta""]",False,5,1341,12,False,32
google/gemma-3-4b-it,ruggedness,competence,hybrid_early,0.7,ada juga pantainya kok gan di Desa Mentaraman Kecamatan Donomulyo Malang Selatan :D : jonggring saloko mahameru ta,"“Hai Sobat! Di Malang Selatan, ada pantai yang bisa dikunjungi di Desa Mentaraman, Kecamatan Donomulyo. Lokasinya di Jongjong Saloko, Mahameru. Semoga bermanfaat!”",False,5798,4200431,42,"[""Sobat BRI bisa mengunjungi Kantor Cabang Malang Kawi yang beralamat di Jln. Kawi No. 20-22 Kel. Kauman Kec. Klojen Kota Malang Jawa Timur dengan membawa dokumen yang sudah diinformasikan sebelumnya. Pengecekan lokasi kantor BRI terdekat lainnya juga bisa melalui aplikasi"", ""Untuk tarif khusus Kertosono-Solo Balapan sama seperti relasi Kediri-Solo Balapan ya. Informasi tarif khususnya sudah Railmin sampaikan sebelumnya. Trims."", ""Hai Sobat BRI mohon maaf atas ketidaknyamanannya. Kami informasikan untuk QRIS BRImo saat ini belum dapat dilakukan di negara Malaysia. Namun transaksi tetap bisa dilakukan menggunakan kartu debit. Agar kartu debit dapat digunakan transaksi pastikan Sobat BRI telah mengaktifkan"", ""Bagi Sobat yang ingin menyaksikan langsung tradisi ini dilaksanakan setiap setahun sekali di pesisir Prigi Jawa Timur setiap bulan Selo pada pasaran Kliwon dalam penanggalan Jawa"", ""Silakan Sobat BRI dapat mengunjungi Kantor Cabang Malang Sutoyo yang beralamat di Jl. Letjen Sutoyo No. 105 Kelurahan Lowokwaru Kecamatan Lowokwaru Kota Malang. Silakan mengunjungi kantor BRI pada hari dan jam kerja. Pengecekan lokasi kantor BRI terdekat lainnya juga bisa""]",False,5,2128,43,False,163
google/gemma-3-4b-it,ruggedness,competence,hybrid_early,0.7,Makanya bawa string line atau penanda bisa jadi penyelamat! Tinggal pasang di titik-titik tertentu sebagai penanda biar pas pulang nggak kesasar! Simpel tapi penting banget buat jaga keselamatan di gunung!,"""Bawa string line atau penanda, penyelamat banget! Pasang di titik penting biar pas pulang, nggak tersasar! Simpel tapi krusial buat jaga diri di gunung, lho!""",False,5487,4200432,42,"[""Cari info & langsung atur jadwal jadi lebih praktis dengan Seamless Action Across Apps di . Ada yang bisa tebak? Reply sebanyak-banyaknya pakai hashtag ya!"", ""selama bulan Ramadan terutama menjelang Lebaran kebutuhan internet meningkat pesat! Nah pernah kepikiran nggak siapa yang memastikan jaringan tetap lancar? Yuk kita intip aktivitas Muhammad Afif Giffari Supervisor Household Operations dalam"", ""ngerasa nggak sih? selama Ramadan ini screen time jadi meningkat? Coba deh cek HP kamu sekarang!"", ""Duh Ian makin berkarisma banget ya saat ngasih penyuluhan gini Yuk langsung nonton Web Series Pakai Hati Reborn hanya di Youtube Bank BRI atau klik link di bio ya Sobat BRI!"", ""HANYA UNTUK HARI INI RT LIKE dan REPLY sebanyak-banyaknya buat dapatkan e-Wallet senilai 500 RIBU RUPIAH untuk 2 ORANG PEMENANG! Jangan lupa pake hashtag ini ya:""]",False,5,1891,43,False,159
google/gemma-3-4b-it,excitement,competence,hybrid_early,0.7,Hi we can inform you that a receipt after the trip is complete will automatically be sent to the e-mail address registered in the Gojek application and no unsubscription will be made. Thank you ^tiw,"""Hi, we can inform you that a receipt after the trip will be automatically sent to the e-mail address registered in the Gojek app, and there will be no unsubscription. Thanks~tiw""",False,3001,4200433,42,"[""We are happy to check the DM that Mr./Mrs. Customer sent and make sure to interact with the official account that has a gold tick. Tks ^Zaydee"", ""We're happy to reply to the DM Mr./Mrs. Customer sent. Please be sure to contact the official account with the gold checkmark. Tks^Sukma"", ""Hi we have responded to your message via DM. Please check it. Thanks~Agny"", ""Sorry for the inconvenience Mr/Mrs. Customer. If you are still having problems please send us a response of the image display via DM so that we can inform you according to your needs. :) Tks ^Heybi"", ""Good afternoon Sir. Please check the DM from Railmin. Railmin urges you to always be careful of fraudulent accounts on behalf of KAI. Currently all KAI121 social media accounts have been verified. Please ignore if there is a reply from an account that does not have a gold tick""]",False,5,1884,45,False,179
google/gemma-3-4b-it,sincerity,competence,hybrid_early,0.7,Day 4: Brightening Day Hari keempat ini kulit kamu masih diistirahatkan dari active ingredients yang kuat sekaligus mempersiapkan kulitmu untuk cycle selanjutnya. Kamu bisa menggunakan skincare dengan kandungan brightening actives yg gentle untuk kulit ya!,"“Hai kak, selamat menjalani Day 4 ya! Kulit kamu lagi istirahat dari bahan aktif yang kuat, sekaligus siapin buat cycle berikutnya. Bisa coba skincare dengan kandungan brightening yang lembut buat kulit, oke?”",False,2305,4200434,42,"[""Hi kak May mohon maaf sekali atas kendalanya ya. Bisa jadi ada aplikasi yang nyedot daya di background setting layar terlalu cerah atau sistem belum optimal. Coba cek di Device care > Battery > Usage buat lihat apa yang paling banyak makan daya lalu matikan aplikasi nggak"", ""Hi kak Ivr Halo Kak maaf banget kalau penyimpanannya terasa cepat penuh Beberapa fitur sistem dan aplikasi bawaan memang memakan cukup banyak ruang. Kakak bisa coba optimalkan penyimpanan dengan hapus cache dan nonaktifkan aplikasi yang jarang dipakai. Kalau masih terasa"", ""Hi kak Yaya kalau status bar nggak muncul pas screenshot itu karena aplikasi lagi dalam mode fullscreen otomatis. Bisa dicek di Settings > Display > Full screen apps atau coba update IG-nya dulu ya"", ""Hehehe Selamat pagi dan selamat beraktivitas ya Kak. jangan lupa sarapan ya."", ""Hi kak milkteethe kamu bisa cek secara berkala untuk mengetahui apakah update-nya sudah tersedia di unitmu. Tapi kamu tidak perlu khawatir karena nanti akan muncul notifikasi pemberitahuan secara otomatis ya.""]",False,5,2141,46,False,209
google/gemma-3-4b-it,sophistication,competence,hybrid_early,0.7,Don't worry we provide you everything for your ride! Cozy classic with modern update. Ready at Piaggio Vespa Authorized Dealer nationwide on 7th December 2019.,"""Jangan khawatir, kami sediakan segalanya untuk perjalanan Anda! Klasik nyaman dengan sentuhan modern. Siap mulai 7 Desember 2019 di dealer Piaggio Vespa resmi di seluruh Indonesia. Tks ^Sukma""",False,3935,4200435,42,"[""We're happy to reply to the DM Mr./Mrs. Customer sent. Please be sure to contact the official account with the gold checkmark. Tks^Sukma"", ""Terima kasih atas apresiasi yg Bapak/Ibu Pelanggan sampaikan. :) Tks ^Heybi"", ""Terima kasih banyak atas apresiasinya ya. Railmin turut senang apabila Kakak puas dengan pelayanan yang diberikan. Semoga PT KAI dapat terus bisa memberikan pelayanan yang terbaik. Sehat selalu ya Kak."", ""Hai Sobat BRI terima kasih atas ketertarikannya terhadap promo BRI dan telah bersedia menunggu. Setelah kami bantu pengecekan untuk promo Sam s Studios Buy 1 Get 1 dengan ketentuan sebagai berikut: (1)"", ""Perfect for you we're sure!""]",False,5,1660,51,False,193
google/gemma-3-4b-it,ruggedness,competence,hybrid_early,0.7,What is your happiness? What is your goal in life? Let us share ours. Will be waiting you guys at,We're sure we can help you! 😊 Tks ^Heybi,False,5833,4200436,42,"[""We are happy to check the DM that Mr./Mrs. Customer sent and make sure to interact with the official account that has a gold tick. Tks ^Zaydee"", ""We're happy to reply to the DM Mr./Mrs. Customer sent. Please be sure to contact the official account with the gold checkmark. Tks^Sukma"", ""Hi we have responded to your message via DM. Please check it. Thanks~Agny"", ""Sorry for the inconvenience Mr/Mrs. Customer. If you are still having problems please send us a response of the image display via DM so that we can inform you according to your needs. :) Tks ^Heybi"", ""Perfect for you we're sure!""]",False,5,1533,16,False,40
google/gemma-3-4b-it,sophistication,competence,hybrid_early,0.7,Our hearts go out to those who affected by the floods in and we hope for everyone's safety & immediate relief from this situation,"""We feel for everyone affected by the floods and wish everyone safety & immediate relief from this situation. :)""",False,4356,4200437,42,"[""We are happy to check the DM that Mr./Mrs. Customer sent and make sure to interact with the official account that has a gold tick. Tks ^Zaydee"", ""Get ready to be blown away by the next-level tech coming your way!"", ""We're happy to reply to the DM Mr./Mrs. Customer sent. Please be sure to contact the official account with the gold checkmark. Tks^Sukma"", ""Sorry for the inconvenience Mr/Mrs. Customer. If you are still having problems please send us a response of the image display via DM so that we can inform you according to your needs. :) Tks ^Heybi"", ""Good afternoon Sir. Please check the DM from Railmin. Railmin urges you to always be careful of fraudulent accounts on behalf of KAI. Currently all KAI121 social media accounts have been verified. Please ignore if there is a reply from an account that does not have a gold tick""]",False,5,1808,24,False,113
google/gemma-3-4b-it,sincerity,competence,hybrid_early,0.7,1Joyful Top Notes Chocolate Vanilla Peach Harumnya yang manis tetapi menyegarkan cocok untuk kamu yang aktif seharian,"“Aroma manis menenangkan, kombinasi cokelat, vanila, dan persik. Cocok untuk semangatmu yang tak pernah padam!”",True,2376,4200438,42,"[""Selamat pagi Kak. Tersedia tarif khusus dari Stasiun Semarang Tawang Bank Jateng-Surabaya Pasar Turi pada KA Sembrani dan Argo Bromo Anggrek sebesar 335 ribu (Eksekutif). Kemudian tersedia juga pada KA Harina sebesar 250 ribu (Eksekutif) dan 135 ribu (Ekonomi). Lalu tersedia"", ""So sweet yuk nostalgia lagi bareng kereta api sama istri tercintanya"", ""Samsung Smart Monitor M90SF = Premium look smart features ultimate comfort. QD-OLED 4K. Glare Free. 4K Camera. AI Picture Optimizer. Cek selengkapnya:"", ""Mohon maaf atas ketidaknyamanannya. Untuk saat ini iOS 26 belum mendukung untuk akses layanan perbankan seperti aplikasi BCA mobile dan myBCA. Sehingga"", ""Keluarga adalah cinta yang tersirat Tak tampak namun kebahagiaan begitu pekat. Kasih tumbuh dalam setiap detik kebersamaan Hati damai jauh dari segala keresahan. Selamat pagi ! Support photo : faritmuhambali_fm (IG)""]",False,5,1837,31,False,111
google/gemma-3-4b-it,excitement,competence,hybrid_early,0.7,Mau tanya2 tanggal cantik 11.11 ada Guncang 11.11 Tokopedia promonya dijamin dapet yaa kak?,Hai Sobat BRI. Kira-kira kejutan apa ya yang bakal dapet dari Guncang 11.11 Tokopedia? Jangan lupa standby 11.11 ya kak!,False,3535,4200439,42,"[""Hai Sobat BRI. Terima kasih atas ketertarikannya pada promo BRI. Benar ya. Kami informasikan promo Wingstop 11.11 berlaku di seluruh outlet Jakarta. Silakan nikmati promo tersebut dengan syarat dan ketentuan sebagai berikut: - Diskon 50%. - Maksimal diskon Rp45.000. - Minimal"", ""Hai Sobat BRI. Silakan ikuti terus timeline resmi BRI untuk mengetahui informasi kantor BRI yang beroperasi pada tanggal 28 Januari 2025 ya. Dapat diinformasikan transaksi apa yang ingin dilakukan? Tks~Caca"", ""Kira-kira kejutan apa ya yang bakal dibawa? Jangan lupa standby 9 Juli jam 21.00 WIB ya Kak!"", ""Hai Sobat BRI. Tidak perlu khawatir. Ikuti terus time line resmi BRI untuk mengetahui kantor BRI yang beroperasi pada tanggal 28 Januari 2025 ya. Dapat disampaikan transaksi apa yang ingin dilakukan saat mengunjungi kantor BRI? Tks~Hera"", ""Hai Sobat BRI tidak ya. Kami sampaikan tanggal 9 Juni 2025 seluruh kantor BRI tidak beroperasi. Tidak perlu khawatir. Sobat BRI dapat mengunjungi kantor BRI pada tanggal 10 Juni 2025. Dapat diinformasikan transaksi apa yang ingin dilakukan melalui kantor BRI? Dapatkan""]",False,5,2030,42,False,120
google/gemma-3-4b-it,sophistication,competence,hybrid_early,0.7,Kalau nemu anak Vespa nyetir naik trotoar apa yang bakal lo lakuin bro?,"""Wah, serem banget tuh! Kalau lihat anak Vespa ngebut di trotoar, pasti lo bakal gimana, bro?""",False,4153,4200440,42,"[""Kalau apa kendaraan umum favorit ?"", ""Nah gimana menurut ? Apakah TikTok juga jadi andalanmu untuk cari info atau belanja? Yuk share di reply!"", ""Selamat malam Kak. Bila dimaksud KMT edisi nostalgia solo bisa digunakan pada TransJakarta (halte BRT) MRT KRL LRT Jabodebek LRT Jakarta parkir resmi stasiun (Res Parking) serta Loko Cafe ya. Informasi lebih lanjut seputar perjalanan KA Lokal tersebut silakan dapat"", ""Selamat siang Kak. Bila dimaksud tarif parkir inap motor di Stasiun Kiaracondong (selatan) dikenakan sebesar 10 ribu. Info lengkapnya silakan DM/mention ke Twitter ya. Railmin imbau untuk selalu hati-hati ya terhadap akun penipuan yang mengatasnamakan KAI. Saat ini"", "": Nggak pakai pedal gas kayak di mobil ternyata alat ini yang membantu Masinis untuk mengatur kecepatan kereta api. Kita kenalan yuk sama Throttle lokomotif. Tuas ini punya peran""]",False,5,1778,27,False,94
google/gemma-3-4b-it,excitement,competence,hybrid_early,0.7,Cakeepp dehh,"""Wahhh, cakep dehh!""",False,3242,4200441,42,"[""Woahhh udah ngincer yang warna apa nih?"", ""Gasss banget kak! Langsung aja cek info & pre-ordernya di sini ya"", ""Samaan aja duluuu punya -nya"", ""Stay tuned buat pengumuman pemenangnya yaa!"", ""Gasabar buktiin sendiri yaa Siap-siap buat""]",False,5,1090,11,False,20
google/gemma-3-4b-it,excitement,competence,hybrid_early,0.7,Janji dong dijamin deh,"Janji banget, ya!",False,2818,4200442,42,"[""Pokoknya stay tuned & jangan lupa daftar dulu di"", ""ini dia para pemenang tanggal 24 April 2025. Selamat ya!"", ""Siap Kak on check"", ""Relate ya"", ""Betul banget! Hitungan jam lagi menuju momen yang ditunggu Siap-siap yaa~""]",False,5,1086,8,False,17
google/gemma-3-4b-it,sincerity,competence,hybrid_early,0.7,Terima kasih atas kesediaannya memberikan data pribadi kepada kami. Mohon maaf atas ketidaknyamanannya. Laporanmu akan kami tindaklanjuti agar dapat memberikan pelayanan yang lebih baik lagi,Hai Sobat BRI mohon maaf atas ketidaknyamanannya. Guna tindak lanjut kami sudah mengirimkan pesan melalui DM. Silakan lakukan pengecekan. Dapatkan informasi lebih lanjut.,False,1811,4200443,42,"[""Hai Sobat BRI mohon maaf atas ketidaknyamanan yang dialami. Hal tersebut akan menjadi perhatian kami guna meningkatkan kualitas layanan terhadap nasabah. Terkait informasi yang disampaikan kami sudah mengirimkan pesan melalui DM. Silakan dilakukan pengecekan ya. Informasi"", ""Hai Sobat BRI mohon maaf atas ketidaknyamanan yang dialami. Kami sampaikan BRI senantiasa menindaklanjuti setiap laporan yang diterima. Guna tindak lanjut kami sudah kirimkan pesan melalui DM. Mohon lakukan pengecekan. Informasi lainnya seputar BRI dapat hubungi Sabrina"", ""Hai Sobat BRI mohon maaf atas ketidaknyamanan yang dialami. Kami sampaikan BRI senantiasa menindaklanjuti setiap laporan nasabah. Guna tindak lanjut kami sudah mengirimkan pesan melalui DM. Silakan melakukan pengecekan. Informasi lainnya seputar BRI dapat hubungi Sabrina"", ""Mohon maaf atas ketidaknyamanan dan kendala yang dialami. Jika yang dimaksud sudah dibantu pembuatan laporan melalui Halo BCA mohon kesediaan Bapak dapat menginformasikan kepada kami nomor laporan dari Halo BCA tersebut agar dapat kami bantu cek. Tks ^Nica"", ""Hai Sobat BRI mohon maaf atas ketidaknyamanannya. Hal tersebut akan menjadi perhatian bagi kami untuk meningkatkan kualitas pelayanan kepada nasabah. Guna menindaklanjuti hal tersebut kami sudah mengirimkan pesan melalui DM. Silakan lakukan pengecekan. Dapatkan informasi""]",False,5,2391,41,False,170
google/gemma-3-4b-it,sincerity,competence,hybrid_early,0.7,Kamu udah cobain Strawberry Mudpie McFlurry belum ? Pasti kamu suka deh perpaduan selai Strawberry McD ditambah taburan Oreo yang dipadukan dengan Ice Cream McD yang creamy. Yuk langsung ke gerai Dessert Kiosk McD terdekat yaa,"“Wah, udah nyobain Strawberry Mudpie McFlurry belom nih? Dijamin nagih selai Strawberry McD yang manis plus taburan Oreo yang creamy dipaduin sama Ice Cream McD yang lembut. Langsung aja ke gerai Dessert Kiosk McD terdekat!”",False,1989,4200444,42,"[""Hi kak Nae saat ini opsi Store Pick Up memang belum tersedia untuk semua produk di Samsung Shop. Namun untuk produk-produk tertentu terkadang memang tersedia opsi pengambilan langsung di store jika tersedia opsinya akan muncul otomatis saat pemilihan metode"", ""Yups! Sudah waktunya agendain perjalanan bareng KA Argo Bromo Anggrek dengan tarif promo yang bisa didapetin di KAI Expo 2025"", ""Yuk daftar dulu biar dapetin promo eksklusifnya di sini Biar gak ketinggalan kejutan di tanggal 9 Juli nanti"", ""Siapa bilang camilan sehat nggak bisa tembus luar negeri? Bareng BRI Casa Grata berhasil ekspor perdana ke Singapura dengan produk camilan bebas pengawet bebas MSG dan pastinya gluten-free & vegan! Sekarang camilan sehat ala Casa Grata rutin dikirim ke luar negeri dan"", ""Selamat pagi Kak. Tersedia tarif khusus dari Stasiun Semarang Tawang Bank Jateng-Surabaya Pasar Turi pada KA Sembrani dan Argo Bromo Anggrek sebesar 335 ribu (Eksekutif). Kemudian tersedia juga pada KA Harina sebesar 250 ribu (Eksekutif) dan 135 ribu (Ekonomi). Lalu tersedia""]",False,5,2120,58,False,224
google/gemma-3-4b-it,ruggedness,competence,hybrid_early,0.7,Dialam yang tenang ini kita bisa sejenak melarikan diri dari hiruk-pikuk kehidupan kota dan menemukan kedamaian dalam keheningan alam.,"Dalam kesunyian yang begitu mempesona, hati dapat menemukan ketenangan sejenak dari riuhnya dunia perkotaan.  Keheningan alam menawarkan kedamaian yang tak terhingga.",False,5503,4200445,42,"[""Keluarga adalah cinta yang tersirat Tak tampak namun kebahagiaan begitu pekat. Kasih tumbuh dalam setiap detik kebersamaan Hati damai jauh dari segala keresahan. Selamat pagi ! Support photo : faritmuhambali_fm (IG)"", ""Kalau lagi susah banget cari inspirasi coba deh cari sudut-sudut yang menawarkan suasana tenang dan terang karena cahaya matahari."", ""Selain itu Telkom menempatkan berbagai layanan untuk menunjang kebutuhan telekomunikasi peserta KTT ke-42 ASEAN sejak tiba di Bandara Komodo hingga lokasi acara puncak di Hotel Meruorah."", ""Melalui Digiland Telkom menghadirkan kebahagiaan mempererat hubungan dan menyebarkan energi positif melalui teknologi hiburan pemberdayaan dan komunitas menciptakan keterlibatan mendalam serta dampak berkelanjutan bagi masyarakat."", ""perjalanan di bulan suci tak hanya mengajarkan makna kepedulian dan kebaikan bagi sesama namun juga pengingat untuk senantiasa mendekatkan diri dan hati kepada Sang Ilahi. Ujian dan cobaan yang hadir menjadi pelita menguatkan langkah menuju cahaya meraih berkah""]",False,5,2017,41,False,166
google/gemma-3-4b-it,sincerity,competence,hybrid_early,0.7,ternyata banyak semoga skrg udah gak ya! soalnya sabun badan bahannya keras jd bisa ngerusak skin barrier skrg udah ada Wardah Aloe Cica Low pH Hydra Mild Facial Wash yg gak bakal ganggu keseimbangan lapisan asam kulit! asik keren si paling ngiklan,"“Wah, akhirnya udah nggak ada sabun badan yang keras lagi ya! Soalnya bahannya bisa merusak kulit, sekarang udah ada Wardah Aloe Cica Low pH Hydra Mild Facial Wash yang bakal jaga keseimbangan kulit! Keren banget, paling jagoan ngiklan!”",False,2207,4200446,42,"[""Duh Ian makin berkarisma banget ya saat ngasih penyuluhan gini Yuk langsung nonton Web Series Pakai Hati Reborn hanya di Youtube Bank BRI atau klik link di bio ya Sobat BRI!"", ""Hi kak milkteethe kamu bisa cek secara berkala untuk mengetahui apakah update-nya sudah tersedia di unitmu. Tapi kamu tidak perlu khawatir karena nanti akan muncul notifikasi pemberitahuan secara otomatis ya."", ""Hi kak Yaya kalau status bar nggak muncul pas screenshot itu karena aplikasi lagi dalam mode fullscreen otomatis. Bisa dicek di Settings > Display > Full screen apps atau coba update IG-nya dulu ya"", ""Hi kak Ivr Halo Kak maaf banget kalau penyimpanannya terasa cepat penuh Beberapa fitur sistem dan aplikasi bawaan memang memakan cukup banyak ruang. Kakak bisa coba optimalkan penyimpanan dengan hapus cache dan nonaktifkan aplikasi yang jarang dipakai. Kalau masih terasa"", ""Tapi tenang Monday blues tuh masih bisa banget dilawan kok! Yuk coba ubah cara pikir kita dan cari hal-hal kecil yang bisa bikin Senin jadi lebih asik! Share tips kamu di cuitan Digimin yang awal ya! Siapa tau bisa membantu teman-teman lain yang sedang butuh motivasi.""]",False,5,2226,59,False,237
google/gemma-3-4b-it,ruggedness,competence,hybrid_early,0.7,Mendaki dengan penuh cinta judulnya,"Mari kita lakukan perjalanan menuju puncak dengan semangat cinta dan tekad yang membara. Setiap langkah harus ditempuh dengan hati yang penuh dedikasi, menuju cita-cita luhur untuk bangsa. Semoga keberhasilan kita membawa kemajuan bagi Indonesia!",False,5341,4200447,42,"[""Hari kemenangan telah tiba. Saatnya kita merayakan dengan hati yang bersih penuh rasa syukur dan kebahagiaan bersama orang-orang tercinta. Mari kita jadikan hari yang fitri ini sebagai awal langkah baru dengan harapan besar untuk masa depan yang penuh keberkahan untuk kita"", ""perjalanan di bulan suci tak hanya mengajarkan makna kepedulian dan kebaikan bagi sesama namun juga pengingat untuk senantiasa mendekatkan diri dan hati kepada Sang Ilahi. Ujian dan cobaan yang hadir menjadi pelita menguatkan langkah menuju cahaya meraih berkah"", ""Iduladha adalah momen untuk merefleksikan nilai keikhlasan dan pengorbanan. Jadikan hari yang suci ini sebagai pengingat untuk terus menebar kebaikan terhadap sesama demi Indonesia yang lebih tangguh dan penuh empati."", ""Lakukan segala sesuatu dengan fokus dan penuh kehati-hatian agar segalanya berjalan lancar. Sobat! Jangan lupa retweet semua postingan karena ada pulsa senilai Rp50.000 untuk 2 orang beruntung setiap harinya."", ""Jaga harmoni persatuan untuk bersama meraih cita dan menggapai asa untuk bangsa. Terus melaju untuk Indonesia maju. Dirgahayu Republik Indonesia!""]",False,5,2000,51,False,246
google/gemma-3-4b-it,sophistication,competence,hybrid_early,0.7,At the starting today men s teams from 18 countries will compete for the world cup of tennis. In a sport that offers fabulous rewards to individuals this bastion of traditional values provides players the rare opportunity to compete for their country.,Get ready to be amazed by the incredible competition starting today! Men's teams from 18 countries will battle for the world cup of tennis – a sport that rewards individuals with fantastic opportunities and offers a rare chance to represent their nation.,False,5006,4200448,42,"[""in line with the spirit of digital transformation Telkom Indonesia continues to offer various competency development programs to empower all employees in reaching their full potential. These initiatives are designed to support career growth that"", ""did you know that Telkom Indonesia provides equal opportunities for all its digital talents to empower themselves and continuously develop their skills for innovation? Well Kak Dyah will take you along for a day to follow her activities. Follow her journey in"", ""Sorry for the inconvenience Mr/Mrs. Customer. If you are still having problems please send us a response of the image display via DM so that we can inform you according to your needs. :) Tks ^Heybi"", ""We are happy to check the DM that Mr./Mrs. Customer sent and make sure to interact with the official account that has a gold tick. Tks ^Zaydee"", ""Get ready to be blown away by the next-level tech coming your way!""]",False,5,2021,49,False,254
google/gemma-3-4b-it,excitement,competence,hybrid_early,0.7,Hai Para Mantan satu lagi kabar baik nih! Kini Kopi Kenangan hadir di Lippo Plaza Mampang dan kalian bisa nikmatin promo Buy 1 get 1 yang berlaku mulai hari ini loh! Yuk mention partner ngopi kamu beb!,"Hai Sobat BRI, kabar baik nih! Kopi Kenangan hadir di Lippo Plaza Mampang dan kalian bisa nikmatin promo Buy 1 get 1 yang berlaku mulai hari ini ya! Yuk mention teman ngopi kamu beb!~Oris",False,3203,4200449,42,"[""Hai Sobat BRI mohon maaf atas ketidaknyamanan yang dialami. Pesan DM akan segera kami respons. Mohon kesediaannya menunggu. Dapatkan informasi terbaru seputar layanan dan promo BRI di Sabrina WhatsApp 0812 1214 017. Tks~Oris"", ""Hai Sobat BRI mohon maaf atas ketidaknyamanan yang dialami. Kami sudah kirimkan pesan melalui DM. Silakan dilakukan pengecekan. Dapatkan informasi terbaru seputar layanan dan promo BRI di Sabrina WhatsApp 0812 1214 017. Tks~Beni"", ""Hai Sobat BRI mohon maaf atas ketidaknyamanan yang dialami. Untuk pesan pada DM sudah kami respons mohon melakukan pengecekan ya. Dapatkan informasi terbaru seputar layanan dan promo BRI di Sabrina WhatsApp 0812 1214 017. Tks~Fadi"", ""Hai Sobat BRI sudah ya. Pendaftaran program Mudik Gratis Bersama BRI 2025 sudah dibuka pada tanggal 7 Maret 2025. Mohon maaf atas ketidaknyamanan yang dialami. Sesuai informasi yang disampaikan melalui website saat ini kuota Mudik Gratis Bersama BRI 2025"", ""Mohon maaf atas ketidaknyamanan yang dialami. Guna tindak lanjut kami sudah mengirimkan pesan melalui DM. Silakan lakukan pengecekan ya. Dapatkan informasi terbaru seputar layanan dan promo BRI di Sabrina WhatsApp 0812 1214 017. Tks~Helma""]",False,5,2236,52,False,187
google/gemma-3-4b-it,sophistication,competence,hybrid_early,0.7,Romantically audacious in the color of love,"“Kasih yang berani dan merona, semanis warna cinta.”",True,4756,4200450,42,"[""Sebagai puncak perayaan ulang tahun Telkom Digiland 2023 juga menyuguhkan penampilan kolaborasi apik bersama Padi Reborn Lyodra serta Dewan Komisaris Telkom dan Board of Executive TelkomGroup."", ""Smart Pole ini berfungsi sebagai Proof of Concept (PoC) yang menyajikan berbagai fitur-fitur canggih dengan teknologi Artificial Intelligence of Things (AIoT) penggabungan Internet of Things (IoT) dan kecerdasan buatan."", ""Kalau lagi susah banget cari inspirasi coba deh cari sudut-sudut yang menawarkan suasana tenang dan terang karena cahaya matahari."", ""layanan Halo BCA melalui fitur Call di aplikasi haloBCA yang dapat Ibu download di Play Store/App Store atau melalui fitur Pusat Bantuan pada myBCA mobile."", ""Keluarga adalah cinta yang tersirat Tak tampak namun kebahagiaan begitu pekat. Kasih tumbuh dalam setiap detik kebersamaan Hati damai jauh dari segala keresahan. Selamat pagi ! Support photo : faritmuhambali_fm (IG)""]",False,5,1815,16,False,52
google/gemma-3-4b-it,ruggedness,competence,hybrid_early,0.7,Terimakasih Annas!,Makasih ya Annas!,False,5660,4200451,42,"[""Terima kasih kembali Ibu .:) Tks ^Wiki"", ""Makasih Kak."", ""Makasih ya Kak ."", ""Dengan senang hati kami cek DM yang Ibu kirimkan dan pastikan berinteraksi dengan akun resmi yang bercentang emas. :) Tks^Javi"", ""Terima kasih kembali Kak sehat selalu ya.""]",False,5,1112,7,False,17
google/gemma-3-4b-it,sophistication,competence,hybrid_early,0.7,Rehearsal time!,"""Wih, waktunya latihan nih!""",False,4884,4200452,42,"[""Pastikan asupan nutrisi cukup saat sahur dan berbuka agar energi tetap terjaga. Kurangi durasi olahraga jika diperlukan misalnya dari 1 jam menjadi 30 menit."", ""puasa bukan alasan untuk malas gerak! Dengan olahraga yang tepat tubuh tetap sehat dan bertenaga selama Ramadan. Yuk simak tipsnya!"", ""Nggak terasa udah Senin lagi ! Setelah long weekend semangat kembali menyambut hari baru!"", ""ngerasa nggak sih? selama Ramadan ini screen time jadi meningkat? Coba deh cek HP kamu sekarang!"", ""Hehehe Selamat pagi dan selamat beraktivitas ya Kak. jangan lupa sarapan ya.""]",False,5,1425,11,False,28
google/gemma-3-4b-it,sophistication,competence,hybrid_early,0.7,Ngerasa gak sih hari ini jalanan lebih macet dari kemarin?,"""Wah, Senin ini jalanan makin padet ya?""",False,3609,4200453,42,"[""Aktivitas di hari Senin biasanya cenderung lebih padat sehingga menyebabkan kemacetan di mana-mana."", ""Nggak terasa udah Senin lagi ! Setelah long weekend semangat kembali menyambut hari baru!"", ""Selamat hari Senin ! Semangat nggak hari ini?"", ""Hai Sobat BRI. Mohon maaf atas kendala transafer yang dialami. Guna pengecekan apakah transaksi yang dilakukan sudah mengurangi saldo rekening? Tks~Cello"", ""Jadi bukan alasan buat mager ya. Ini strategi biar Senin nggak langsung bikin burnout. Bikin kepala lebih ringan hati lebih tenang. Kadang slow start itu justru strategi.""]",False,5,1475,14,False,40
google/gemma-3-4b-it,excitement,competence,hybrid_early,0.7,Kak udah cobain Es Kopi Susu loh!! yang lain udah belum? Jangan lupa difoto dan tag ya,"Udah nyobain Es Kopi Susu belom nih, Kak? Jangan lupa foto terus tag ya!",False,2819,4200454,42,"[""Pastikan kamu udah daftar di ya kak!"", ""Wajib banget ditunggu! Jangan lupa daftar dulu biar dapet promo eksklusifnya"", ""Udah cek promo lengkapnya di belum nih?"", ""Yuk daftar dulu di biar gak ketinggalan promonya"", ""Selamat sore Kak. Mohon maaf atas ketidaknyamanannya. Penyajian makanan atau minuman atas pemesanan via Railfood bila sudah tersedia akan diantarkan ke kursi oleh petugas. Namun menyesuaikan dengan ramainya pembelian di rangkaian restorasi Kak (tidak dapat dipastikan). Apabila""]",False,5,1423,25,False,72
google/gemma-3-4b-it,sincerity,competence,hybrid_early,0.7,Yuk segera ke Mekdi terdekatmu! Promo hanya berlaku untuk Dine-In Drive-Thru dan Take Away tidak berlaku untuk Delivery Promo ini tidak berlaku di restoran McDonald's yang berada di Rest Area McD Dufan McD Ancol McD Gambir McD Kuta Square (Bali) & McD Sunset Road (Bali),"""Yuk, segera pesan di Mekdi terdekat! Promo hanya berlaku untuk Dine-In, Drive-Thru, dan Take Away, tidak berlaku untuk Delivery. Promo ini tidak berlaku di restoran McDonald’s yang berada di Rest Area McD Dufan McD Ancol McD Gambir McD Kuta Square (Bali) & McD Sunset Road (Bali). Tks~Beni""",False,1656,4200455,42,"[""Pesan DM sudah kami respons mohon melakukan pengecekan. Dapatkan informasi terbaru seputar layanan dan promo BRI di Sabrina WhatsApp 0812 1214 017. Tks~Oris"", ""Mohon maaf atas ketidaknyamanan yang dialami. Guna tindak lanjut kami sudah mengirimkan pesan melalui DM. Silakan lakukan pengecekan ya. Dapatkan informasi terbaru seputar layanan dan promo BRI di Sabrina WhatsApp 0812 1214 017. Tks~Helma"", ""Hai Sobat BRI tidak perlu khawatir. Guna tindak lanjut kami sudah mengirimkan pesan melalui DM. Silakan dilakukan pengecekan ya. Dapatkan informasi terbaru seputar layanan dan promo BRI di Sabrina WhatsApp 0812 1214 017. Tks~Aril"", ""Hai Sobat BRI mohon maaf atas ketidaknyamanan yang dialami. Kami sudah kirimkan pesan melalui DM. Silakan dilakukan pengecekan. Dapatkan informasi terbaru seputar layanan dan promo BRI di Sabrina WhatsApp 0812 1214 017. Tks~Beni"", ""LIKE post ini kalau kamu mau banget ! Ayo ikutan pre-order untuk dapatkan total benefit up to Rp3.9 jt. Promo berlaku hingga 31 Juli 2025. Pesan sekarang:""]",False,5,2136,78,False,291
google/gemma-3-4b-it,excitement,competence,hybrid_early,0.7,Tumben,Wih!,False,2484,4200456,42,"[""WE READY"", ""Purrfect banget yaa Langsung PO di sini"", ""Relate ya"", ""Baik Kak on check"", ""Mohon cek DM kamu kembali ya Kak""]",False,5,972,5,False,4
google/gemma-3-4b-it,ruggedness,competence,hybrid_early,0.7,Tap tap disini!,"""Tap tap disini!""",False,5093,4200457,42,"[""Jenis produk yang mendapatkan penghapusan biaya tertunggak rekening. BCA Dollar Giro Rupiah Giro Valas Simpanan Pelajar TabunganKu Tahapan Tahapan Gold Tahapan Xpresi Tapres Tks ^Zoro"", ""Setuju!"", ""Jenis produk yang mendapatkan penghapusan biaya tertunggak rekening. BCA Dollar Giro Rupiah Giro Valas Simpanan Pelajar TabunganKu Tahapan Tahapan Gold Tahapan Xpresi Tapres"", ""Dan dapat juga melakukan download e-Statement di myBCA pada menu e-Statement (bagi rekening Tahapan/Tahapan Gold Tahapan Xpresi Tapres BCA Dollar dan Giro Rupiah Perorangan). Untuk saat ini periode e-Statement yang dapat didownload melalui fasilitas KlikBCA Individu"", ""sehingga BCA tidak dapat menjanjikan pengembalian dana. Tks ^Nica""]",False,5,1570,7,False,17
google/gemma-3-4b-it,excitement,competence,hybrid_early,0.7,Ubur-ubur ikan lele sebut namanya aja leee,"""Ubur-ubur ikan lele, namanya aja lahh yaa Kak!""",False,3403,4200458,42,"[""Pastikan kamu udah daftar di ya kak!"", ""Tersedia juga fasilitas musala untuk KA Pangandaran dengan nomor kereta 127 ya Kak. Terima kasih."", ""Mohon maaf atas kesalahan sapa nama sebelumnya ya Ibu . Tks ^Yena"", ""pernah denger istilah Bare Minimum Monday?"", ""Tenang Kak masih beroperasi KA Gumarangnya cuma ganti rangkaian aja. Next cobain kelas Ekonomi Gumarang ya""]",False,5,1249,20,False,48
google/gemma-3-4b-it,excitement,competence,hybrid_early,0.7,Hai kak jangan khawatir ya bisa infokan no ordernya dan detail barang yg tertinggal melalui DM supaya bisa aku bantu cek ya. Tks^feb,"Hai Kak. Mohon infokan no order dan detail barang yang tertinggal via DM ya, biar aku bantu cek. Tks~Feb",False,3051,4200459,42,"[""Siap Kak pesan yang dikirim via DM sudah Railmin cek dan respons ya. Trims."", ""Pesan sudah kami respons melalui DM. Silakan melakukan pengecekan ya. Tks~Cello"", ""Baik. Pesan sudah kami respons melalui DM. Silakan melakukan pengecekan. Tks~Yoda"", ""Selamat sore Kak. Mohon cek DM ya Kak. Trims."", ""Hai Sobat BRI. Mohon maaf atas kendala transaksi transfer yang dialami. Terkait kendala kami sudah respons pesan melalui DM. Silakan melakukan pengecekan ya. Tks~Belin""]",False,5,1440,30,False,104
google/gemma-3-4b-it,ruggedness,competence,hybrid_early,0.7,Hallo Bro untuk ventura yang seri EL kita sedang kosong Bro adanya yang Ventura Vintage Brown saja untuk size 42.,"Hai Bro, buat ventura seri EL, ada yang kosong nih. Sekarang cuma ada Ventura Vintage Brown ukuran 42 aja ya.",False,5854,4200460,42,"[""Sobat BRI kamu udah nonton Episode terakhir Web Series Pakai Hati Reborn belum? Gimana nih perasaannya Tim Bianca dan Tim Raina? Buat yang belum nonton yuk langsung aja nonton Web Series Pakai Hati Reborn hanya di Youtube Channel Bank BRI atau langsung klik link di"", ""Selamat malam Kak. Bila yang dimaksud reduksi alumni universitas maka berlaku hingga batas waktu kontrak kerja samanya berakhir ya. Guna Railmin bantu pengecekan sebelumnya Kakak dari alumni universitas apa? Railmin imbau untuk selalu hati-hati ya terhadap akun penipuan yang"", ""Selamat sore Kak Rino. Pertanyaan Kakak via DM sudah Railmin respons ya. Railmin imbau untuk selalu hati-hati ya terhadap akun penipuan yang mengatasnamakan KAI. Saat ini seluruh akun media sosial KAI121 sudah terverifikasi. Mohon abaikan jika ada balasan dari akun yang tidak"", ""Selamat malam Kak. Mengenai pertanyaan Kakak sudah Railmin repons via DM ya. Railmin imbau untuk selalu hati-hati ya terhadap akun penipuan yang mengatasnamakan KAI. Saat ini seluruh akun media sosial KAI121 sudah terverifikasi. Mohon abaikan jika ada balasan dari akun yang"", ""Hai Sobat BRI arre_emm bisa ya. Sobat BRI dapat melakukan pembukaan rekening BRI Junio untuk anak usia di bawah 17 tahun. Terima kasih atas ketertarikannya terhadap produk simpanan BRI. Silakan pembukaan rekening BRI Junio mengunjungi kantor BRI terdekat dengan syarat: 1. Jika""]",False,5,2341,28,False,109
google/gemma-3-4b-it,ruggedness,competence,hybrid_early,0.7,ROAD TO SEAC. Berbangga akan negeri tercinta ini yang memiliki berjuta kekayaan alam yang membentang dari ujung barat hingga ujung timur.,"“Keren, kan, kalau Indonesia terus maju dan jadi yang terbaik di Asia Tenggara?”",False,5416,4200461,42,"[""Selain itu Indonesia juga ingin menjadikan ASEAN sebagai pusat pertumbuhan ekonomi kawasan dan dunia. Untuk mewujudkannya telah disusun 3 Pilar Priorities Economic Deliverables yaitu:"", ""udah tahu belum kalo ternyata Indonesia adalah negara dengan jumlah satelit terbanyak di Asia Tenggara?"", ""Selamat ulang tahun ke-11 Telkom Internasional Australia teruslah berupaya mengembangkan layanan telekomunikasi internasional yang berkualitas dan inovatif dan mengharumkan nama Indonesia di ranah global."", ""Dalam industri game saat ini Indonesia berada di posisi ke-16 untuk pembelanjaan game dengan pendapatan sebesar 1 9 miliar dolar AS serta pengembang game dalam negeri hanya menyumbang 0 4% dari pasar game global. Untuk itu Inkubator dan penerbit yang berbasis di Singapura"", ""Yuk dukung komitmen Telkom Indonesia dalam mewujudkan konektivitas digital di Asia-Pasifik!""]",False,5,1851,20,False,80
google/gemma-3-4b-it,sincerity,competence,hybrid_early,0.7,: Mina kalau kulit berminyak tapi pengen cerah gimana ya? This is OILY SKIN RECIPE! Step by step skincare yang cocok untuk tipe kulit berminyak dengan goals bouncy glow skin! It s time to mix & match your skincare routine bestie!,"“Eh Mina, kalau kulit berminyak tapi pengen cerah gimana nih? Ini dia RESEP SKIN UNTUK KULIT BERMINYAK! Step by step skincare yang pas buat kulit berminyak biar glowing bouncy! Waktunya mix & match rutinitas skincare kamu, bestie!”",False,2022,4200462,42,"[""Hi kak May mohon maaf sekali atas kendalanya ya. Bisa jadi ada aplikasi yang nyedot daya di background setting layar terlalu cerah atau sistem belum optimal. Coba cek di Device care > Battery > Usage buat lihat apa yang paling banyak makan daya lalu matikan aplikasi nggak"", ""Duh Ian makin berkarisma banget ya saat ngasih penyuluhan gini Yuk langsung nonton Web Series Pakai Hati Reborn hanya di Youtube Bank BRI atau klik link di bio ya Sobat BRI!"", ""Spill warna mana yang paling kece buat kamu?"", ""Setuju gak kalau looking fit & feeling good gak mesti painful? Biar lebih jelas yuk datang ke dan coba bareng Febby untuk spill rahasianya! Ditunggu kehadirannya tanggal 27 Juli 2025 nanti ya!"", ""Hi kak Yaya kalau status bar nggak muncul pas screenshot itu karena aplikasi lagi dalam mode fullscreen otomatis. Bisa dicek di Settings > Display > Full screen apps atau coba update IG-nya dulu ya""]",False,5,1968,65,False,231
google/gemma-3-4b-it,sincerity,competence,hybrid_early,0.7,bantu lulusan muda spt Varsha di Dubai utk dapatkan pelatihan & peluang kerja:,"""Buat Sobat Telkom yang baru lulusan muda kayak Varsha di Dubai, ada pelatihan & peluang kerja nih!""",True,6177,4200463,42,"[""Siapa nih Sobat Telkom yang berkarir di startup ?"", ""Untuk informasi lebih lanjut seputar weekend banking dapat diakses melalui link berikut ya: Tks ^Sukma"", ""Untuk tanggal 29-30 Mei 2025 Cabang BCA tidak beroperasi (cuti bersama) tanggal 31 Mei 2025 beroperasi untuk layanan weekend banking tanggal 1 Juni 2025 Cabang BCA tidak beroperasi. Tks ^Lora"", ""Hai Sobat BRI perihal apa yang dapat kami bantu terkait produk dan layanan Bank BRI? Tks~Fafa"", ""Informasi lebih lanjut perihal CS Digital maka silakan mengakses link berikut: dan lokasi CS Digital silakan dapat mengakses link berikut: . Tks ^Ivah""]",False,5,1524,27,False,100
google/gemma-3-4b-it,sophistication,competence,hybrid_early,0.7,Hii Bestie untuk kendalanya mohon konfirmasi via DM ya agar dapat dibantu pengecekan lebih lanjut,"Hai Bestie, mohon maaf atas kendala yang terjadi. Terkait hal tersebut, akan kami bantu lebih lanjut melalui DM ya. Silakan cek DM kakak ya. Trims.",False,3652,4200464,42,"[""Baik kak perihal kendala tersebut akan kami bantu lebih lanjut melalui DM silakan cek DM kakak ya."", ""Halo kak Wiw sebelumnya kami mohon maaf sekali atas ketidaknyamanan yang terjadi ya. Perihal kendala tersebut akan kami bantu lebih lanjut melalui DM silakan cek DM kakak ya."", ""Hai Sobat BRI. Mohon maaf atas ketidaknyamanan yang dialami. Terkait kendala kami sudah merespons pesan melalui DM. Silakan melakukan pengecekan ya. Tks~Hera"", ""Hai Sobat BRI. Mohon maaf atas ketidaknyamanannya. Terkait kendala yang dialami kami sudah merespons pesan melalui DM. Silakan melakukan pengecekan ya. Tks~Agny"", ""Mohon maaf atas kondisi tersebut Kak. Guna mempermudah pengecekan atas kendala ac yang dialami mohon diinformasikan kode booking via DM ya. Trims.""]",False,5,1693,38,False,147
google/gemma-3-4b-it,excitement,competence,hybrid_early,0.7,We're Going LIVE!! Stay tuned di MNC TV jam 13.00 karena akan hadir di TV Shoping by . Akan ada promo kejutan pastinya. Stand by besok ya jangan sampe kelewatan!,"Hai Sobat BRI! Jangan sampe ketinggalan, MNC TV akan LIVE jam 13.00 besok di TV Shopping by… Akan ada promo kejutan pastinya! Stay tuned ya!",False,2605,4200465,42,"[""LIKE post ini kalau kamu mau banget ! Ayo ikutan pre-order untuk dapatkan total benefit up to Rp3.9 jt. Promo berlaku hingga 31 Juli 2025. Pesan sekarang:"", ""Hai Sobat BRI enterpreneur189 pesan akan segera kami respons melalui DM. Silakan melakukan pengecekan. Dapatkan informasi terbaru seputar layanan dan promo BRI di Sabrina WhatsApp 0812 1214 017. Tks~Luis"", ""Hai Sobat BRI tidak perlu khawatir. Pesan yang dikirimkan melalui DM akan segera kami respons. Silakan dilakukan pengecekan. Dapatkan informasi terbaru seputar layanan dan promo BRI di Sabrina WhatsApp 0812 1214 017. Tks~Satria"", ""Hai Sobat BRI tidak perlu khawatir. Guna pengecekan dan tindak lanjut mohon kesediaannya menghubungi call center EDC merchant di nomor 1500274 email admin.edc.bri.co.id atau layanan bebas pulsa melalui aplikasi BRImo versi terbaru dengan tahapan: 1. Login aplikasi BRImo."", ""Hai Sobat BRI. Terima kasih atas ketertarikannya terhadap program BRI. Akan ada ratusan tenant menarik mulai dari fashion hingga FnB dan pastinya promo spesial dari BRImo. Kami informasikan event BRImo x USS berlangsung pada tanggal 25-27 Oktober 2024 di Hall A-B Jakarta""]",False,5,2148,42,False,140
google/gemma-3-4b-it,ruggedness,competence,hybrid_early,0.7,Semangat semangattt!!,"Semangattt banget hari ini! Yuk, semangat!",False,5350,4200466,42,"[""Selamat hari Senin ! Semangat nggak hari ini?"", ""Terus semangat ya Kak hari baik itu pasti datang. Selamat pagi juga!"", ""Selamat siang Sobat! Siap ikutan kuis hari ini?"", ""Semangat menyambut hari Senin ya !"", ""Sharing yuk! Apa yang bisa membuat kamu semangat menghadapi hari Senin? Reply ya!""]",False,5,1157,13,False,42
google/gemma-3-4b-it,excitement,competence,hybrid_early,0.7,Bulan baru promo baru!! Nih kasih yang spesial buat kamu! Cek sekarang di aplikasi ya!,"""Wajib banget intip bulan baru, promo spesial buat kamu nih! Buruan cek aplikasi sekarang!""",False,2703,4200467,42,"[""Wajib banget ditunggu! Jangan lupa daftar dulu biar dapet promo eksklusifnya"", ""Udah cek promo lengkapnya di belum nih?"", ""Yuk daftar dulu di biar gak ketinggalan promonya"", ""LIKE post ini kalau kamu mau banget ! Ayo ikutan pre-order untuk dapatkan total benefit up to Rp3.9 jt. Promo berlaku hingga 31 Juli 2025. Pesan sekarang:"", ""Jangan lupa daftar dulu biar gak ketinggalan promo spesialnya~ Siap-siap terpesona di nanti""]",False,5,1355,23,False,91
google/gemma-3-4b-it,ruggedness,competence,hybrid_early,0.7,Ada yang sama-an ga nih jaketnya?,"""Ada yang udah naksir juga nih jaketnya?""",False,5417,4200468,42,"[""Spill warna mana yang paling kece buat kamu?"", ""Woahhh udah ngincer yang warna apa nih?"", ""Gak kedip mimin ngeliatnyaaa"", ""Yang udah naksir berat sama fix harus PO sekarang juga Cek di yaa"", ""Samaan aja duluuu punya -nya""]",False,5,1098,15,False,41
google/gemma-3-4b-it,ruggedness,competence,hybrid_early,0.7,Selamat sore kak untuk Signore Low Choco Tan CS barangnya Sold Out kak untuk harga Rp. 539.000 :),"Hai Kak, untuk Signore Low Choco Tan CS, barangnya sudah terjual habis ya. Mohon maaf atas ketidaknyamanan ini. Terimakasih~Lula",False,5962,4200469,42,"[""Hai Sobat BRI tidak perlu khawatir. Pesan akan segera kami respons. Mohon kesediaannya menunggu ya. Dapatkan informasi terbaru seputar layanan dan promo BRI di Sabrina WhatsApp 0812 1214 017. Tks~Thomas"", ""Hai Sobat BRI pesan sudah kami respons melalui DM. Silakan lakukan pengecekan ya. Mohon selalu menjaga kerahasiaan data perbankan seperti PIN Username password OTP QLola IB Token dan 3 digit angka di balik kartu debit/kartu kredit. Informasi lebih lanjut hubungi Contact"", ""Hai Sobat BRI. Mohon maaf atas ketidaknyamanan yang dialami. Kami informasikan proses pengajuan Tokopedia Card membutuhkan waktu maksimal 2 hari kerja terhitung setelah tanda tangan digital dilakukan. Guna pengecekan dan tindak lanjut mohon kesediaan menghubungi layanan Contact"", ""Hai Sobat BRI. Mohon maaf atas kendala pembukaan rekening yang dialami. Agar dapat dilakukan pengecekan mohon mengirimkan detail keterangan atau kode error yang tampil melalui DM ya. Tks~Lula"", ""Selamat malam Kak. Pengembalian dana refund membutuhkan waktu 7 hari setelah pembatalan. Jika sudah berhasil/gagal transfer akan dikirimkan sms atau email notifikasi. Terkait pengecekan dana refund dapat Railmin bantu silakan bisa diinformasikan data-data berikut melalui DM. -""]",False,5,2176,37,False,128
google/gemma-3-4b-it,sincerity,competence,hybrid_early,0.7,Oleh karena itu Nestl telah menerapkan Prinsip Pemberdayaan Perempuan dari PBB sejak 2013. Selamat perempuan Indonesia!,"Dengan demikian, Nestl telah mengadopsi Prinsip Pemberdayaan Perempuan dari PBB sejak 2013. Selamat bagi para perempuan Indonesia!",False,6189,4200470,42,"[""Menyadari potensi setiap individu berkarya Telkom Indonesia telah membuka peluang kerja bagi penyandang disabilitas sejak tahun 2019. Selain menjadi wujud tanggung jawab sosial perusahaan hal ini juga memberi nilai tambah yakni mendorong inovasi yang inklusif dan mampu"", ""Selamat Hari Ibu untuk para perempuan di Indonesia. Terima kasih telah menjadi kehangatan dan inspirasi kebahagiaan dalam keluarga!"", ""Terima kasih untuk dukungan dan semangat dari Sobat dan pelanggan Telkom Indonesia selama ini. Mari kita terus berkolaborasi untuk saling meningkatan ekonomi digital di Indonesia. Selamat Hari Pelanggan Nasional."", ""Yuk dukung upaya Telkom Indonesia dalam menghadirkan kegembiraan bagi masyarakat sekaligus berkontribusi bagi bumi melalui inisiatif berkelanjutan! Let s support Telkom Indonesia s efforts to deliver joy to communities while"", ""dalam merayakan Iduladha tahun ini Telkom Indonesia sekaligus mewujudkan semangat sinergi untuk memberi yang terbaik bagi masyarakat luas khususnya mereka yang membutuhkan. Kiranya momentum ini menjadi pengingat dan mengajak kita semua untuk senantiasa berbagi""]",False,5,2076,33,False,130
google/gemma-3-4b-it,sophistication,competence,hybrid_early,0.7,Kompak :) RT :,Setuju! :),False,4210,4200471,42,"[""Setuju!"", ""Relate ya"", ""RT & reply dengan kasih selamat ke karena dia berhasil jadi pemenang minggu pertama di Challenge Edge . Tonton video ini untuk cek pemenang lainnya kesempatan kamu untuk ikutan masih terbuka sampai 30 Juni! TnC:"", ""Benar ya Ibu . :) Tks ^Ansel"", ""Iya besok banget Siap-siap bareng kita semua di yaa~""]",False,5,1182,5,False,10
google/gemma-3-4b-it,ruggedness,competence,hybrid_early,0.7,Nggak cuma seru bertualang di alam juga butuh persiapan yang matang. Apalagi kalau bukan memilih sepatu yang tepat! Sepatu yang tepat bisa melindungi kaki kamu dari cedera dan membuatmu lebih nyaman selama bertualang.,"""Wah, seru banget ya buat petualang! Tapi jangan lupa, pemilihan sepatu juga penting banget buat lindungin kaki dari cedera. Sepatu yang pas bikin nyaman dan siap menemani setiap langkah!""",False,5236,4200472,42,"[""Olahraga hits makin rame dari padel sampai pilates. Seru sih... tapi jangan sampai lupa cek kondisi dompet juga Yuk ikuti tren dengan bijak. Sehat fisik sehat finansial."", ""siapa yang sudah siap buat pemanasan? Pendaftaran Digiland Run 2024 sudah dibuka nih! Jangan sampai kelewatan harga spesial early bird flash ya! Cek informasi selengkapnya juga di akun ."", ""Wah banyak sekali manfaatnya ya! Yuk Sobat luangkan waktu untuk berolahraga seperti jalan kaki untuk hidup yang lebih sehat. Sobat suka jalan kaki setiap hari?"", ""Perkembangan digital yang pesat saat ini mendorong sektor olahraga untuk terus beradaptasi. Nah dalam sektor olahraga IoT dimanfaatkan untuk memonitor dan meningkatkan performa atlet mengurangi risiko cedera serta meningkatkan efisiensi dalam proses latihan."", ""siapa yang masih belum bisa move on dari serunya ? Sama nih Digimin juga. Terima kasih banyak atas antusiasme dan partisipasinya ya. Sampai jumpa lagi di event berikutnya!""]",False,5,2021,45,False,188
google/gemma-3-4b-it,ruggedness,competence,hybrid_early,0.7,Welcome to Consina Store Bogor (Puncak) THE OUTDOOR LIFESTYLE Kunjungi website resmi :,"""Selamat datang di Consina Store Bogor (Puncak). Untuk menikmati gaya hidup luar ruangan, silakan kunjungi website resmi kami.""",False,5746,4200473,42,"[""Baik. Kami lakukan pengecekan untuk layanan terbatas di kota Bogor berada di Kantor Cabang Bogor Padjajaran yang beralamat di Jln. Raya Pajajaran Nomor 35 beroparasi pada tanggal 02 April 2025 di pukul 08.00 - 12.00 WIB dan tanggal 04 April 2025 08.00 - 15.00 WIB. Pengecekan"", ""Setelah menghadirkan Hyperscale Data Center Cikarang dan Data Center Sentul Serpong Surabaya (3S DC) serta Regional DC yang berada di Singapore dan Hong Kong Telkom kembali membangun data center yang berlokasi di Batam."", ""Hi kak Sahal untuk mengetahui lokasi terdekat Samsung Experience Store bisa klik link berikut ini atau hubungi tim kami di nomor bebas pulsa 0-800-112-888"", ""Sobat BRI dapat mengunjungi Kantor Cabang BRI Cianjur yang berada di Jalan Adi Sucipto No. 8 Kelurahan Pamoyanan Kecamatan Cianjur Kabupaten Cianjur Jawa Barat. Silakan membawa dokumen yang sudah diinformasikan pada pesan sebelumnya. Pengecekan lokasi kantor BRI terdekat"", ""Selamat pagi Kak. Mohon maaf. Mulai tanggal 16 Juni 2025 perjalanan KA Pangrango melayani rute Bogor Paledang-Sukabumi (arah sebaliknya). Hal tersebut sehubungan dengan adanya rencana pengoperasian Skybridge yang menghubungkan Stasiun Bogor dan Bogor Paledang. Nantinya bagi""]",False,5,2140,29,False,127
google/gemma-3-4b-it,ruggedness,competence,hybrid_early,0.7,Aamiin Turut berduka cita ya kak,"Dengan senang hati Kak, Aamiin. Sehat selalu ya.",False,5106,4200474,42,"[""Dengan senang hati Kak sehat selalu ya."", ""Hai Sobat BRI kami turut prihatin atas kejadian yang dialami. Guna pengecekan mohon disampaikan detail kronologi yang dialami dan apakah Sobat BRI sudah mengalami kerugian finansial melalui DM: - Facebook: Bank BRI. - X: dan . - Instagram:"", ""Dengan senang hati Kak. Kakak juga sehat selalu ya ."", ""Halo kak Hilda kami ingin menyampaikan permohonanan maaf atas ketidaknyamanan yang dialami. Mohon untuk mengunjungi Samsung Service Center terdekat terlebih dahulu ya kak agar tim kami di SSC dapat membantu melakukan pengecekan secara menyeluruh pada unit kakak"", ""Dengan senang hati Kak. Sehat selalu ya.""]",False,5,1524,15,False,48
google/gemma-3-4b-it,ruggedness,competence,hybrid_early,0.7,Siap semoga bermanfaat,Siap sudah dibalas DM nya ya Kak. Trims.,False,5263,4200475,42,"[""Siap sudah dibalas ya Kak. Trims."", ""Tinggal hitungan jam Kak Siap-siap yaa~"", ""Siap on check ya Kak. Trims."", ""Siap Kak on check"", ""Siap sudah dibalas DM nya ya Kak. Trims.""]",False,5,1040,15,False,40
google/gemma-3-4b-it,excitement,competence,hybrid_early,0.7,Pacar jadi mood booster Mas mas Gojek jadi mood booster Emang dibekelin apa sih Driver Gojeknya? Nih aku kasih tau di ending video.,"""Eh, pacar tuh kadang jadi mood booster ya? Driver Gojek juga bisa jadi mood booster gitu lho! Penasaran ending videonya gimana, nih!""",False,2914,4200476,42,"[""Duh Ian makin berkarisma banget ya saat ngasih penyuluhan gini Yuk langsung nonton Web Series Pakai Hati Reborn hanya di Youtube Bank BRI atau klik link di bio ya Sobat BRI!"", ""Kalau Digimin sih yang penting ada kopi! Asal ada kopi pasti mood langsung jadi bagus."", ""Hi kak Yaya kalau status bar nggak muncul pas screenshot itu karena aplikasi lagi dalam mode fullscreen otomatis. Bisa dicek di Settings > Display > Full screen apps atau coba update IG-nya dulu ya"", ""Jadi bukan alasan buat mager ya. Ini strategi biar Senin nggak langsung bikin burnout. Bikin kepala lebih ringan hati lebih tenang. Kadang slow start itu justru strategi."", ""Halo kak mohon maaf sekali ya kak atas kendalanya. Kamu bisa coba bersihin aplikasi recent hapus cache dan restart dulu biar lega""]",False,5,1747,36,False,134
google/gemma-3-4b-it,ruggedness,competence,hybrid_early,0.7,Memang paling menenangkan ketika menikmati kehangatan sore hari di tengah hutan berkemah dengan tenda nyaman alam yang asri dan secangkir kehangatan. Menikmati momen sederhana di tengah hutan jauh dari hiruk pikuk kota membuat suasana makin sempurna.,"""Rasanya paling menenangkan, menghangatkan hati, saat menikmati kehangatan senja di tengah hutan, dengan tenda nyaman yang memeluk alam, dan secangkir hangat. Momen sederhana jauh dari riuhnya kota, sungguh sempurna. Selamat sore!""",False,5499,4200477,42,"[""Keluarga adalah cinta yang tersirat Tak tampak namun kebahagiaan begitu pekat. Kasih tumbuh dalam setiap detik kebersamaan Hati damai jauh dari segala keresahan. Selamat pagi ! Support photo : faritmuhambali_fm (IG)"", ""Kalau lagi susah banget cari inspirasi coba deh cari sudut-sudut yang menawarkan suasana tenang dan terang karena cahaya matahari."", ""Jadi nggak cuma seru-seruan dengan hiburan terbaik tapi kamu juga bisa ikut berperan dalam mendukung UMKM lokal!"", ""Yuk dukung Telkom Indonesia dalam mendukung kebersamaan dan silaturahmi masyarakat di momen Idulfitri!"", ""Selamat Hari Ibu untuk para perempuan di Indonesia. Terima kasih telah menjadi kehangatan dan inspirasi kebahagiaan dalam keluarga!""]",False,5,1801,56,False,231
google/gemma-3-4b-it,ruggedness,competence,hybrid_early,0.7,Hahahhah,Hahahhah,False,5297,4200478,42,"[""Setuju!"", ""Relate ya"", ""GEMASSS"", ""Dengan senang hati Kak"", ""Aduh gimana ya?""]",False,5,929,4,False,8
google/gemma-3-4b-it,sophistication,competence,hybrid_early,0.7,hai bisa diresend kembali untuk DM nya?,"Done Kak, bisa diresend lagi ya via DM? Terima kasih.",False,3734,4200479,42,"[""Done ya Kak. Silakan dapat cek kembali DMnya. Trims."", ""Siap selanjutnya akan direspons via DM ya Kak. Terima kasih."", ""Baik Kak silakan dapat cek DM-nya kembali ya. Trims."", ""Done Kak silakan cek lagi pesan pada DM ya"", ""Siap sudah dibalas DM nya ya Kak. Trims.""]",False,5,1146,16,False,53
google/gemma-3-4b-it,sophistication,competence,hybrid_early,0.7,Dengan senang hatii,Dengan senang hati Kak. Sehat selalu ya.,False,3636,4200480,42,"[""Dengan senang hati Kak"", ""Baik dengan senang hati Kak"", ""Dengan senang hati Kak. Sehat selalu ya."", ""Dengan senang hati Kak sehat selalu ya."", ""Hari kemenangan telah tiba. Saatnya kita merayakan dengan hati yang bersih penuh rasa syukur dan kebahagiaan bersama orang-orang tercinta. Mari kita jadikan hari yang fitri ini sebagai awal langkah baru dengan harapan besar untuk masa depan yang penuh keberkahan untuk kita""]",False,5,1281,11,False,40
google/gemma-3-4b-it,sophistication,competence,hybrid_early,0.7,Let s join MOTOPLEX VIRTUAL PHOTO COMPETITION and get a chance to win a tech savvy and stylish PIAGGIO MEDLEY S! Caranya klik sekarang juga. Segera ikutan karena kompetisi ini hanya sampai 14 April 2021! Good luck!,"""Yuk ikutan PHOTO COMPETITION MOTOPLEX! Dapatkan kesempatan menang PIAGGIO MEDLEY S keren dan gadget! Klik sekarang juga, segera ikutan karena kompetisi ini berakhir 14 April 2021! Semoga beruntung!""",False,3882,4200481,42,"[""MENANGKAN 1 SET EXCLUSIVE BOX Galaxy S25 Edge x SukkhaCitta! RT like dan drop jawaban kamu di reply! Galaxy S25 Edge slim & durable ini paling cocok buat ? Sertakan: Edge Periode sampai 21 Juni 2025"", ""Finally it s time to UNPACK Kepoin momen hands-on Samsung Galaxy Z Fold7 terbaru yang buat hidup makin produktif Ayo join yang udah cobain keseruan Galaxy Z Fold7 dengan reply fitur terbaru yang kamu suka dari"", ""Ada promo eksklusif buat kamu! Ayo daftar di & dapatkan promo jutaan rupiah dari pembelian Galaxy Foldable terbaru! Pastikan kamu udah set kalender buat ikutan pada 9 Juli 2025 pukul 21.00 WIB ya!"", ""Dapatkan promo eksklusif di setiap pembelian Samsung Galaxy Foldable terbaru! Ayo daftarkan diri kamu di untuk nikmati diskon & bonus menariknya!"", ""Dengan tema Cultivating the Sustainable Digital Ecosystem BATIC 2024 akan menghadirkan pameran industri teknologi dan telekomunikasi diikuti oleh konferensi dua hari dengan bahasan utama Shaping the Future of Global Connectivity dan Charting a Sustainable Course .""]",False,5,2087,54,False,199
google/gemma-3-4b-it,ruggedness,competence,hybrid_early,0.7,470K Bro.,"470K, brooo! Relate yaa!",True,5881,4200482,42,"[""Coba share cara hilangin malas dan kantuk versi di kolom reply!"", ""On check ya Kak. Trims."", ""Selamat sore Kak. Kakak nantinya bisa dibantu dibuatkan berupa invoice ya. Layanan customer service di Stasiun Kiaracondong setiap hari pukul 08.00-16.00 wib. Railmin imbau untuk selalu hati-hati ya terhadap akun penipuan yang mengatasnamakan KAI. Saat ini seluruh akun media"", ""Makin gak sabar yaa buat"", ""Relate ya""]",False,5,1264,14,False,24
google/gemma-3-4b-it,ruggedness,competence,hybrid_early,0.7,PROMO PAYDAY DISCOUNT UP TO 50% Si mico makan selai gak bagi-bagi belinya di pasar senen. Hai consiners Promo Payday datang lagi DISCOUNT UP TO 50%.,"“Hai Consiners, ada ya! Promo Payday hadir lagi dengan DISKON hingga 50%! Si Mico makan selai, gak bagi-bagi belinya di Pasar Senen.”",False,5580,4200483,42,"[""Hai Sobat BRI terima kasih atas ketertarikannya terhadap program BRI. Kami sampaikan promo Beli Tiket Kapal Makin Praktis di BRImo untuk mendapatkan Cashback Spesial hingga 50% (maksimal Rp500.000) dengan kuota 50 transaksi per hari selama periode promo berlaku ya. Periode"", ""LIKE post ini kalau kamu mau banget ! Ayo ikutan pre-order untuk dapatkan total benefit up to Rp3.9 jt. Promo berlaku hingga 31 Juli 2025. Pesan sekarang:"", ""Hai Sobat BRI benar ya. Promo tersebut berlaku untuk special discount dan gift atas setiap preorder unit Samsung Galaxy Fold 7 Z Flip 7 dan Watch 8. Terima kasih atas ketertarikannya terhadap promo BRI. Informasi lebih lanjut silakan mengakses"", ""Ada ya Bapak . Saat ini terdapat Program Cicilan Bunga Khusus via BCA mobile dan myBCA dengan periode hingga 31 Des 2025 terdapat promo cicilan BCA 0% untuk tenor 3 bulan ya. Informasi lebih lanjut dapat cek link berikut: Tks ^Leon"", ""Dengan senang hati kami informasikan Bapak . Untuk saat ini terdapat promo ubah transaksi Kartu Kredit BCA menjadi cicilan dengan bunga 0% dengan tenor 3 bulan melalui myBCA dan BCA mobile.""]",False,5,2099,41,False,133
google/gemma-3-4b-it,sophistication,competence,hybrid_early,0.7,Hi Bestie jam nya menyesuaikan dengan jam operasional mall yaa. Jika ada pertanyaan lebih lanjut silakan menghubungi kami via DM (nm),"Hai Bestie. Mohon maaf atas ketidaknyamanannya. Terkait jam operasional mall, silakan lakukan pengecekan ya. Jika ada pertanyaan lebih lanjut silakan hubungi kami via DM (nm).",True,3570,4200484,42,"[""Hai Sobat BRI mohon maaf atas ketidaknyamanannya. Terkait pesan yang disampaikan sudah kami respons melalui DM. Silakan melakukan pengecekan ya. Informasi lainnya seputar BRI dapat hubungi Sabrina WhatsApp 0812 1214 017 atau akun resmi media sosial BRI yang terverifikasi."", ""Selamat siang Kak. Mohon maaf mengenai hal tersebut Kakak bisa tanyakan ke KAI Commuter selaku pengelola perjalanannya melalui Twitter untuk lebih jelasnya. Diinfokan mulai tanggal 1 Februari 2025 pemesanan tiket KA Commuter Line Merak dijual tanpa nomor tempat"", ""Hai Sobat BRI. Mohon maaf atas kendala transaksi transfer yang dialami. Terkait kendala kami sudah respons pesan melalui DM. Silakan melakukan pengecekan ya. Tks~Belin"", ""Selamat malam Kak. Mohon maaf atas ketidaknyamanannya. Guna pengecekan laporan yang Kakak sampaikan silakan infokan via DM: Nama Custome: Nomor Handphone Customer KAIPay : Email : Mohon dapat disertakan foto KTP dan akun Kaspro yang Kakak miliki. Railmin imbau untuk selalu"", ""Hai Sobat BRI mohon maaf atas ketidaknyamanannya. Guna tindak lanjut pesan sudah kami respons melalui DM. Silakan lakukan pengecekan ya. Dapatkan informasi terbaru seputar layanan dan promo BRI di Sabrina WhatsApp 0812 1214 017. Tks~Caca""]",False,5,2204,45,False,175
google/gemma-3-4b-it,sophistication,competence,hybrid_early,0.7,New Year s requires red Get ready for a surprising year,Hai Sobat BRI perihal apa yang bisa dibantu terkait produk dan jasa BRI? Siap hadapi tahun baru dengan semangat! Dapatkan informasi terbaru seputar layanan dan promo BRI di Sabrina WhatsApp 0812 1214 017. Tks~Pras,False,3860,4200485,42,"[""Hai Sobat BRI perihal apa yang bisa dibantu terkait produk dan jasa BRI? Dapatkan informasi terbaru seputar layanan dan promo BRI di Sabrina WhatsApp 0812 1214 017. Tks~Pras"", ""Hai Sobat BRI perihal apa yang dapat dibantu terkait produk dan jasa BRI? Dapatkan informasi terbaru seputar layanan dan promo BRI di Sabrina WhatsApp 0812 1214 017. Tks~Adam"", ""Hai Sobat BRI perihal apa yang dapat kami bantu terkait produk dan layanan BRI? Dapatkan informasi terbaru seputar layanan dan promo BRI dengan Sabrina WhatsApp 0812 1214 017. Tks~Belin"", ""Hai Sobat BRI perihal apa yang dapat kami bantu terkait produk dan jasa BRI? Dapatkan informasi terbaru seputar layanan dan promo BRI di Sabrina WhatsApp 0812 1214 017. Tks~Fadi"", ""Hai Sobat BRI perihal apa yang dapat kami bantu terkait produk dan layanan BRI? Dapatkan informasi terbaru seputar layanan dan promo BRI di Sabrina WhatsApp 0812 1214 017. Tks~Yuka""]",False,5,1805,60,False,213
google/gemma-3-4b-it,ruggedness,competence,hybrid_early,0.7,Tapi ga kapok kannn ?,“Nggak kapok kannn?”,False,5214,4200486,42,"[""Nggak sopan Kak. Apalagi pergi pas lagi sayang-sayangnya"", ""Kode OTP ini sifatnya rahasia lho! Nggak boleh ada yang tahu kecuali kamu sendiri. Bocornya kode OTP ke pihak nggak bertanggung jawab malah akan merugikan diri sendiri."", ""Belajarlah dari warna. Perbedaan tidak menjadikan masalah tapi justru menjadikannya indah. Pagi Sobat Telkom. Jangan lupa retweet semua postingan karena ada pulsa senilai Rp50.000 untuk 2 orang beruntung setiap harinya."", "": Bagi kode OTP nya ya kak : GAKK Tetap waspada terhadap semua ucapan-ucapan manis yang diucapkan para penipu soceng itu ya! terhadap semua modus-modus penipuan!"", ""Jangan pernah menyesal karena selalu ada harapan menanti di depan. Sobat! Mau pulsa gratis? Jangan lupa retweet semua postingan hari ini ya!""]",False,5,1626,9,False,20
google/gemma-3-4b-it,sincerity,competence,hybrid_early,0.7,Kamu pilih yang mana Beauties?,"""Pilih yang mana nih, besties?""",False,2245,4200487,42,"[""Woahhh udah ngincer yang warna apa nih?"", ""Spill warna mana yang paling kece buat kamu?"", ""Hai kak pksumaa kamu bisa cek informasi harga trade in unit lama mu menjadi di yaa"", ""Prepare yourself"", ""Yuk guys dibantu nih kira-kira enaknya traveling naik kereta api kemana ya?""]",False,5,1147,12,False,31
google/gemma-3-4b-it,sophistication,competence,hybrid_early,0.7,mantap makasih ya udah ikutan :),Makasih udah ikutan ya! 😊,False,3951,4200488,42,"[""Makasih Kak."", ""Makasih ya Kak ."", ""Selamat siang Sobat! Siap ikutan kuis hari ini?"", ""Siap sudah dibalas ya Kak. Trims."", ""Mau tahu gimana caranya? Simak postingan Digimin dan ikutan challenge-nya ya! Semoga beruntung.""]",False,5,1096,9,False,25
google/gemma-3-4b-it,excitement,competence,hybrid_early,0.7,V IS COMING?!?!?!?!?! YASSS New songs for Christmas! TAEHYUNG IS COMING,"“Wah, V akan segera hadir?!?!?! Yessss! Lagu-lagu baru untuk Natal! TAEHYUNG akan datang juga!”",False,3531,4200489,42,"[""Selamat sore Kak. Pembatalan tiket KA Antarkota dapat dilakukan via Access by KAI atau loket stasiun yang melayani ya. Pembatalan tiket KA dikenakan biaya administrasi 25% dari tarif awal dan dikembalikan sebesar 75%. Informasi lengkap mengenai prosedur pembatalan tiket KA"", ""Informasi lebih lanjut mengenai kode promosi maka silakan dapat mengakses link berikut: . Tks ^Ivah"", ""Selamat malam Kak. Pemesanan tiket secara go show atau datang langsung ke stasiun dilayani mulai 3 jam sebelum keberangkatan selama masih tersedia ya. Namun bila yang dimaksud tiket dengan tarif khusus mohon maaf tidak tersedia pada rute Jember-Pasarsenen. Tarifnya berlaku"", ""Selamat pagi Kak. Pemesanan tiket Commuter Line Merak dapat dilakukan di loket stasiun (go show) mulai 3 jam sebelum keberangkatan selama masih tersedia tentunya. Informasi lebih lanjut silakan dapat DM/Mention Twitter (X) selaku pengelola perjalanan ya. Railmin"", ""Selamat pagi Kak. Baik. Apabila telah melakukan registrasi dan terdaftar reduksi maka pemesanan dapat dilakukan via aplikasi Access by KAI ya Kak. Berikut langkah pemesanan tiket dengan reduksi pada aplikasi Access by KAI: Silakan melakukan pemesanan dengan memilih rute dan""]",False,5,2113,30,False,95
google/gemma-3-4b-it,sophistication,competence,hybrid_early,0.7,Vespa teman setia yang bisa diandalkan dalam setiap kegiatan. Mau dapetin exclusive accessories voucher dan exclusive gift voucher khusus untuk pembelian Vespa selama bulan Desember 2022? Info lengkap klik:,Hai Sobat Vespa. Terima kasih atas ketertarikannya terhadap program Vespa! Sobat Vespa dapat menikmati aksesori eksklusif voucher dan hadiah spesial voucher khusus untuk pembelian Vespa selama bulan Desember 2022 ya. Info lengkap klik:,False,3836,4200490,42,"[""di bulan Desember ini Digimin kembali dengan seri spesial Hari Ibu! Hadiah istimewa menanti yaitu: Sepeda Listrik Logam Mulia Smartphone Uang Tunai dan"", ""di bulan Desember ini Digimin kembali dengan seri spesial Hari Ibu! Hadiah istimewa menanti yaitu: Sepeda Listrik Logam Mulia Smartphone Uang Tunai dan hadiah LinkAja sebesar Rp1.500.000 untuk total 15"", ""Melalui program Mudik Hepi Telkomsel Poin Telkom Indonesia memberangkatkan total 2.187 pemudik diantaranya pelanggan UMKM sales force dan masyarakat umum melalui 35 bus dan 3 kapal laut dengan berbagai tujuan."", ""Hai Sobat BRI. Terima kasih atas ketertarikannya terhadap program BRI. Akan ada ratusan tenant menarik mulai dari fashion hingga FnB dan pastinya promo spesial dari BRImo. Kami informasikan event BRImo x USS berlangsung pada tanggal 25-27 Oktober 2024 di Hall A-B Jakarta"", ""Hai Sobat BRI. Terima kasih atas ketertarikannya terhadap program BRI. Sobat BRI dapat menikmati promo berbagai jenis sneakers pada event BRImo x USS yang berlangsung pada tanggal 25-27 Oktober 2024 di Hall A-B Jakarta Convention Center (JCC) ya. Sobat BRI jangan pernah""]",False,5,2169,50,False,235
google/gemma-3-4b-it,sophistication,competence,hybrid_early,0.7,It's time at ! Nothing better than a hearty meal to jump-start your Sunday!,Perfect for you we're sure!,False,4362,4200491,42,"[""We are happy to check the DM that Mr./Mrs. Customer sent and make sure to interact with the official account that has a gold tick. Tks ^Zaydee"", ""We're happy to reply to the DM Mr./Mrs. Customer sent. Please be sure to contact the official account with the gold checkmark. Tks^Sukma"", ""Stay tuned and get ready for the big reveal at"", ""Stay tuned and be ready for"", ""Perfect for you we're sure!""]",False,5,1314,9,False,27
google/gemma-3-4b-it,sophistication,competence,hybrid_early,0.7,Jadi langsung aja ya kita tunggu di Gambir Expo Canopi Gambir Auto-G3 ya,Selamat siang Kak. Silakan menunggu di area Gambir Expo Canopi Gambir Auto-G3 ya.,False,4230,4200492,42,"[""Selamat siang Kak. Apabila Kakak sudah memiliki tiket KA Manahan rute awal Yogyakarta-Jatinegara maka tidak bisa turun di Gambir karena melebihi relasi ya. Silakan dapat turun di Stasiun Jatinegara sesuai dengan yang tertera pada tiket. Railmin imbau untuk selalu hati-hati ya"", ""Selamat malam Kak. Selama tidak memperpanjang relasi dari pemesanan dan keretanya berhenti maka Kakak bisa naik di stasiun yang pemberhentian berikutnya ya. Jika memiliki tiket KA Argo Muria (22) dari Gambir-Semarang Tawang Bank Jateng maka dapat naik di Stasiun Bekasi ya. Hal"", ""Selamat malam Kak. Pemesanan tiket secara go show atau datang langsung ke stasiun dilayani mulai 3 jam sebelum keberangkatan selama masih tersedia ya. Namun bila yang dimaksud tiket dengan tarif khusus mohon maaf tidak tersedia pada rute Jember-Pasarsenen. Tarifnya berlaku"", ""Baik jika ingin ke Stasiun Kotabumi tersedia loket pembatalan dengan operasional pukul 07.30-17.00 WIB di loket nomor 1 ya. Silakan dapat melengkapi syarat ketentuan yang Railmin infokan sebelumnya ya Kak. Terima kasih."", ""Selamat sore Kak. Pembatalan tiket KA Antarkota dapat dilakukan via Access by KAI atau loket stasiun yang melayani ya. Pembatalan tiket KA dikenakan biaya administrasi 25% dari tarif awal dan dikembalikan sebesar 75%. Informasi lengkap mengenai prosedur pembatalan tiket KA""]",False,5,2251,23,False,81
google/gemma-3-4b-it,sincerity,competence,hybrid_early,0.7,Hi yah jangan lemes dong. Yuk break dulu sama KitKat Pandan Limited Edition. Perpaduan wafer coklat KitKat dan rasa otentik Pandan dikemas menarik dengan kata-kata penyemangat. Cus temukan KitKat Pandan di supermarket dan minimarket terdekat!.,"Hai ya, jangan sedih dong. Yuk santai dulu sama KitKat Pandan Limited Edition. Perpaduan wafer coklat KitKat dan rasa otentik Pandan dikemas menarik dengan pesan-pesan penyemangat. Buruan temukan KitKat Pandan di supermarket dan minimarket terdekat!",False,6035,4200493,42,"[""Hai Sobat BRI. Terima kasih atas ketertarikannya terhadap program BRI. Akan ada ratusan tenant menarik mulai dari fashion hingga FnB dan pastinya promo spesial dari BRImo. Kami informasikan event BRImo x USS berlangsung pada tanggal 25-27 Oktober 2024 di Hall A-B Jakarta"", ""Hai Sobat BRI. Terima kasih atas ketertarikannya terhadap program BRI. Sobat BRI dapat menikmati promo berbagai jenis sneakers pada event BRImo x USS yang berlangsung pada tanggal 25-27 Oktober 2024 di Hall A-B Jakarta Convention Center (JCC) ya. Sobat BRI jangan pernah"", ""Hai Sobat BRI. Terima kasih atas ketertarikannya terhadap program BRI. Sobat BRI dapat menikmati promo berbagai jenis sneakers pada event BRImo x USS yang berlangsung pada tanggal 25-27 Oktober 2024 di Hall A-B Jakarta Convention Center (JCC) Jakarta Pusat. Sobat BRI jangan"", ""Semoga salah satu acara Rangkaian HUT 129 BRI ini bisa jadi alasan hubungan kamu makin baik ya... Tiketnya masih tersedia nih! Yuk ajak temen pacar keluarga buat nonton bareng BRI Mini Soccer Clash tanggal 24 November 2024 di Mahaka Square! Ada Duta Thariq Aaliyah"", ""Yuk daftar dulu biar dapetin promo eksklusifnya di sini Biar gak ketinggalan kejutan di tanggal 9 Juli nanti""]",False,5,2291,64,False,249
google/gemma-3-4b-it,sincerity,competence,hybrid_early,0.7,Udah pada tau blm kalo ada 4 tipe Seasonal Color ada cool winter cool summer warm autumn & warm spring Klean tipe yg mana nih? udah yakin blm kalo seasonal colornya udh tepat?? atau malah blm pernah cobain test personal color?,"Hai Sobat BRI, mohon maaf atas ketidaknyamanannya. Kami sarankan untuk melakukan clear cache pada aplikasi BRImo terlebih dahulu. Mohon pastikan sudah menggunakan BRImo versi terbaru serta saat mengakses layanan pastikan menggunakan jaringan internet dari provider yang",False,2271,4200494,42,"[""Selamat sore Kak. Jika untuk relasi Yogyakarta-Klaten jadwal tersedia KA sebagai berikut: -Sancaka pukul 22.25 WIB tarifnya menjadi 55 ribu (Eksekutif) dan 45 ribu (Ekonomi). - Malabar pukul 00.56 WIB tarif khusus menjadi 160 ribu (Eksekutif) dan 125 ribu (Ekonomi)."", ""Hai Sobat BRI mohon maaf atas kendala BRImo yang dialami. Kami sarankan melakukan clear cache pada history aplikasi BRImo dengan cara: 1. Buka menu Setelan pada ponsel yang digunakan. 2. Pilih aplikasi BRImo. 3. Klik Setelan. 4. Ketuk Penyimpanan. 5. Kemudian pilih Hapus cache."", ""Hai Sobat BRI mohon maaf atas kendala login BRImo yang dialami. Kami sarankan Sobat BRI melakukan clear cache pada aplikasi BRImo terlebih dahulu dengan memilih tahapan: 1. Pilih menu Pengaturan ponsel. 2. Pilih menu Aplikasi. 3. Pilih aplikasi BRImo. 4. Pilih menu Penyimpanan."", ""Hai Sobat BRI mohon maaf atas kendala login BRImo yang dialami. Kami sarankan Sobat BRI melakukan clear cache pada aplikasi BRImo dengan memilih menu: 1. Pilih menu Pengaturan ponsel. 2. Pilih menu Aplikasi. 3. Pilih aplikasi BRImo. 4. Pilih menu Penyimpanan. 5. Klik menu Clear"", ""Hai Sobat BRI. Mohon maaf atas ketidaknyamanannya. Kami sarankan untuk melakukan clear cache pada history aplikasi BRImo terlebih dahulu. Mohon pastikan sudah menggunakan BRImo versi terbaru serta saat mengakses layanan pastikan menggunakan jaringan internet dari provider yang""]",False,5,2464,53,False,269
google/gemma-3-4b-it,excitement,competence,hybrid_early,0.7,8 orang beruntung akan mendapatkan masing-masing GoPay 250ribu~ Pemenang akan diumumin 6 Desember yaa! Jangan lupa yang lewat Haji Nawi liat GoSend dan Ariel di sepanjang jalan,"""Ada 8 pemenang beruntung yang bakal dapat GoPay 250 ribu! Diumumkan tanggal 6 Desember ya! Jangan lupa pas jalan-jalan lihat GoSend sama Ariel di pinggir jalan!""",False,2846,4200495,42,"[""edisi Lebaran kali ini Digimin mau bagi-bagi hadiah nih! 5.000.000 saldo LinkAja untuk 5 pemenang! Caranya: 1. Ikuti akun resmi di Instagram Facebook X Threads dan TikTok 2. Jawab pertanyaan di atas dengan cara: Tulis"", ""Ada 5 juta rupiah untuk 10 pemenang beruntung! Jangan lupa untuk reply postingan ini dengan screenshot hasil registrasi kamu pakai hashtag Periode s/d 9 Juli 2025 Let s go ini saatnya kamu jadi pemenangnya!"", ""Selamat kepada & kalian berhasil memenangkan uang digital masing-masing Rp250.000 dari 5G yang . DM kami untuk klaim hadiah kamu ya!"", ""Selamat & ! Masing-masing mendapatkan digital money senilai Rp250K Langsung DM kami ya"", ""Saatnya ikutan lagi nih ! Ada hadiah saldo LinkAja senilai total Rp500.000 untuk 5 orang pemenang. Jawab pertanyaan minggu ini: Coba tebak kira-kira siapa anak usaha Telkom Indonesia yang memiliki logo di atas? Jangan lupa ikuti persyaratan""]",False,5,1918,45,False,162
google/gemma-3-4b-it,excitement,competence,hybrid_early,0.7,Kalo pernah tapi abis itu lebih lega kan yaa?,"""Kalo pernah juga gitu deh Kak?""",False,3505,4200496,42,"[""Jangan sampai terulang kembali cukup sekali aja ya Kak"", ""Masa sih Kak relate banget ya Kak ."", ""Gas kalo kata mimin mah Kak ."", ""Samaan aja duluuu punya -nya"", ""Memang yang bikin nyaman suka buat susah lupa sih Kak""]",False,5,1105,11,False,32
google/gemma-3-4b-it,sophistication,competence,hybrid_early,0.7,When contemporary silhouette meets heritage-inspired patterns Jatayu-embroidered criscross top and Truntum-embroidered drawstring trousers are now available to shop at SAPTO DJOJOKARTIKO Plaza Senayan,"""Ketika siluet kontemporer bertemu pola yang terinspirasi warisan, top bordir Jatayu dan celana panjang drawstring bordir Truntum kini tersedia untuk dibeli di SAPTO DJOJOKARTIKO Plaza Senayan.""",False,4748,4200497,42,"[""in line with the spirit of digital transformation Telkom Indonesia continues to offer various competency development programs to empower all employees in reaching their full potential. These initiatives are designed to support career growth that"", ""Hal ini juga didukung dengan beragam fasilitas dan hak khusus yang diberikan untuk talenta digital difabel dan perempuan. This is further supported by various facilities and special rights provided for digital talents with disabilities and women."", ""Recover-Rebuilding ASEAN bertujuan untuk mengeksplorasi Policy Mix yang terkalibrasi direncanakan dan dikomunikasikan dengan baik untuk memastikan pemulihan dan pertumbuhan ekonomi serta memitigasi risiko seperti inflasi dan volatilitas aliran modal."", ""tahu nggak kalau krisis lingkungan saat ini makin mengkhawatirkan? did you know that the environmental crisis is becoming increasingly alarming?"", ""Arghie nailed every shot with Edge & Salomon shoes. Just 5.8mm sleek stylish effortless. RT & reply Aku juga mau Edge yang styled with Salomon shoes kalau kamu mau punya. Beli di & dapatkan hadiah eksklusif SALOMON""]",False,5,2160,50,False,194
google/gemma-3-4b-it,excitement,competence,hybrid_early,0.7,[] Ebuseeet~ Siapa nih yang bisa nebak promo yang ada di bawah gaes? Tebak dengan cara ini ya: 1. Tebak promonya dengan format: GoFood promo [Nama promo + besaran promo] 2. Mention 2 orang temen dan pake hashtag 3. Pastikan akun kamu tidak,"""Cek promo-promo seru di bawah nih, gaes! Tebak aja pake gini ya: 1. Tebak promonya format: GoFood promo [Nama promo + diskon] 2. Mention 2 temen pake hashtag 3. Pastiin akun loe beneran aktif!""",False,2862,4200498,42,"[""Udah cek promo lengkapnya di belum nih?"", ""LIKE post ini kalau kamu mau banget ! Ayo ikutan pre-order untuk dapatkan total benefit up to Rp3.9 jt. Promo berlaku hingga 31 Juli 2025. Pesan sekarang:"", ""Saatnya ikutan lagi nih ! Ada hadiah saldo LinkAja senilai total Rp500.000 untuk 5 orang pemenang. Jawab pertanyaan minggu ini: Coba tebak kira-kira siapa anak usaha Telkom Indonesia yang memiliki logo di atas? Jangan lupa ikuti persyaratan"", ""Jangan lupa daftar ya di biar dapet benefit-nya!"", ""Menangkan digital money senilai 300K! Bisa tebak berapa kali bertanya ke Gemini di episode ini? Tonton episodenya di lalu reply jawaban kamu sebanyak-banyaknya dengan hashtag Series dan !""]",False,5,1768,66,False,194
google/gemma-3-4b-it,excitement,competence,hybrid_early,0.7,Saking serunya kudu beli kak,"""Gila, wajib banget beli!""",False,3363,4200499,42,"[""Udah cek promo lengkapnya di belum nih?"", ""Yuk daftar dulu di biar gak ketinggalan promonya"", ""Wajib banget ditunggu! Jangan lupa daftar dulu biar dapet promo eksklusifnya"", ""Jangan lupa daftar ya di biar dapet benefit-nya!"", ""Ikutan ga Kak?""]",False,5,1114,10,False,26
